epoch [s],elapsed [s],x [m],y [m],z [m],roll [deg],pitch [deg],yaw [deg],broadcast
1782043971.1587765,8.048354387283325,0.021272932478180302,1.0000188656884588,0.03485863908326049,0.0,0.0,0.5486608712766311,False
1782043971.2507443,8.140322208404541,0.030283901501087073,1.0000597222077872,0.03912547188980282,0.0,0.0,0.4230698975499584,False
1782043971.3376858,8.227263689041138,0.03753395163766853,1.000096106923129,0.033841055916212545,0.0,0.0,0.11664200375147396,False
1782043971.4192374,8.308815240859985,0.04937066159600041,1.000139280634155,0.02376796659331934,0.0,0.0,359.7465877801823,False
1782043971.5038023,8.393380165100098,0.06290353423243172,1.0001484060430441,0.019692011382615178,0.0,0.0,359.5089905457591,False
1782043971.5821724,8.471750259399414,0.07347753652230675,1.0001278566715404,0.02174304194744516,0.0,0.0,359.4067726337289,False
1782043971.6505666,8.540144443511963,0.08454798239491358,1.0000828798610202,0.026128278323080845,0.0,0.0,359.32961172913934,False
1782043971.7319112,8.62148904800415,0.10047338219187942,0.9999826263597456,0.03137855008499171,0.0,0.0,359.23805154632527,False
1782043971.8285923,8.718170166015625,0.1134641045306445,0.9998775448047336,0.03219721365122101,0.0,0.0,359.24334238892686,False
1782043971.9079537,8.797531604766846,0.12573059594632283,0.9997727429690959,0.029593923634068042,0.0,0.0,359.64243505947366,False
1782043971.9862168,8.875794649124146,0.1374290103369092,0.9996764245061783,0.025949509403430073,0.0,0.0,0.36408663221463144,False
1782043972.056819,8.946396827697754,0.14521035392407872,0.9996243522585201,0.024671171674968812,0.0,0.0,0.9497544895684172,False
1782043972.1379879,9.027565717697144,0.15259835533649613,0.9995929264562238,0.025080550232105866,0.0,0.0,1.54804881026709,False
1782043972.228752,9.118329763412476,0.1631608076303249,0.9995946650292459,0.027735683207888554,0.0,0.0,2.455381149687265,False
1782043972.3409758,9.23055362701416,0.17331507595109377,0.9996678136029084,0.02993281931808424,0.0,0.0,3.3752115809671546,False
1782043972.424518,9.314095973968506,0.18077834172321972,0.9997776559992873,0.02991868967741245,0.0,0.0,4.066069787006277,False
1782043972.5144958,9.404073715209961,0.1905887178262806,1.0000069781050063,0.028072025677363263,0.0,0.0,4.989782731815046,False
1782043972.5886333,9.478211164474487,0.1978551827212914,1.0002462762336632,0.026602299770661465,0.0,0.0,5.681884386585452,False
1782043972.6809218,9.570499658584595,0.20585593699838822,1.0005846984913958,0.02606901548529661,0.0,0.0,6.44628617376518,False
1782043972.750769,9.640346765518188,0.2138056690074226,1.0010039254902148,0.02687199393203795,0.0,0.0,7.208409783400137,False
1782043972.8254583,9.715036153793335,0.22094175314129888,1.001455257467539,0.028097812042845213,0.0,0.0,7.894393266600109,False
1782043972.897704,9.78728175163269,0.22650957030145813,1.0018596352247788,0.028844138335203637,0.0,0.0,8.4280514872315,False
1782043972.968843,9.858420848846436,0.23373411836740574,1.002455781072977,0.02909313273320026,0.0,0.0,9.112682510858008,False
1782043973.0503478,9.93992567062378,0.2426922275586986,1.0033098894194785,0.028335036447364226,0.0,0.0,9.944158873534914,False
1782043973.1149952,10.004573106765747,0.24848316650655336,1.0039320282362363,0.027608060806811722,0.0,0.0,10.466258993210051,False
1782043973.185045,10.074622869491577,0.25437441316330717,1.004623632689267,0.027035323953992465,0.0,0.0,10.980158491109492,False
1782043973.2678416,10.157419443130493,0.26387362184067426,1.0058641717254606,0.026872334015885867,0.0,0.0,11.770972309798248,False
1782043973.3305502,10.220128059387207,0.27099861278602627,1.006895697259425,0.027300949254143572,0.0,0.0,12.333006933436847,False
1782043973.4101303,10.299708127975464,0.2783379272939965,1.0080475208326356,0.0279087481143544,0.0,0.0,12.884168345198022,False
1782043973.4871576,10.37673544883728,0.28595722897261155,1.0093389256600616,0.028376674341621125,0.0,0.0,13.420034618265847,False
1782043973.5503886,10.439966440200806,0.29487841272149945,1.0109684518248025,0.02848727273034124,0.0,0.0,14.00600217833183,False
1782043973.6227229,10.512300729751587,0.30413531128961324,1.0127837581600032,0.028171924302544636,0.0,0.0,14.576589008650583,False
1782043973.7024908,10.592068672180176,0.3126343954484396,1.0145560029312912,0.027742804542232134,0.0,0.0,15.069334958483859,False
1782043973.7701364,10.659714221954346,0.3213708410214808,1.016477409362627,0.02740945357852133,0.0,0.0,15.547695742995964,False
1782043973.8387866,10.72836446762085,0.33267688294475617,1.0191089540751526,0.02733229925667387,0.0,0.0,16.117039946921444,False
1782043973.9065788,10.796156644821167,0.341990754546868,1.0213906150273417,0.027526818574984444,0.0,0.0,16.554788900241032,False
1782043973.9788883,10.868466138839722,0.35033318428271876,1.0235165856588444,0.027777024984876296,0.0,0.0,16.924544511677432,False
1782043974.0563998,10.945977687835693,0.361334450861905,1.0264329376753791,0.028036462951229118,0.0,0.0,17.379213415494895,False
1782043974.134062,11.023639917373657,0.3751951728010634,1.0302780346631286,0.028086640086683375,0.0,0.0,17.901664220432053,False
1782043974.213549,11.103126764297485,0.3868619041816461,1.0336513299548673,0.027930323645969757,0.0,0.0,18.300032117210623,False
1782043974.28245,11.172027826309204,0.3961562324525435,1.0364227349361028,0.02777027987739323,0.0,0.0,18.586995546360992,False
1782043974.3491824,11.238760232925415,0.4083858773353396,1.040174817300469,0.027624235684633156,0.0,0.0,18.92390531362309,False
1782043974.4186263,11.308204174041748,0.4209656878604534,1.0441504288546497,0.027606318902508076,0.0,0.0,19.21624052706088,False
1782043974.5003383,11.389916181564331,0.4324879289710465,1.0478857486537543,0.027682739690454133,0.0,0.0,19.423335914606966,False
1782043974.5714834,11.461061239242554,0.4440746561859772,1.0517160615386194,0.027790638109323414,0.0,0.0,19.57862709819008,False
1782043974.635363,11.524940967559814,0.4569905758610872,1.0560587710140197,0.02788014755588095,0.0,0.0,19.682296180682194,False
1782043974.7089958,11.598573684692383,0.4697327712703458,1.060406187630949,0.02789598354967112,0.0,0.0,19.707053672746163,False
1782043974.7874057,11.67698359489441,0.4808761157463727,1.0642484541473853,0.027854972386356935,0.0,0.0,19.65090172587461,False
1782043974.8487334,11.738311290740967,0.49078366397904316,1.067690802716114,0.0278003252265542,0.0,0.0,19.59507941052484,False
1782043974.9316504,11.821228265762329,0.5052422039120501,1.072744007242349,0.027738065977025248,0.0,0.0,19.528241287081496,False
1782043975.014785,11.904362916946411,0.5199287370389499,1.0778981714502833,0.02772640773637021,0.0,0.0,19.467808986324556,False
1782043975.1071787,11.996756553649902,0.5361061128068743,1.0835870955511746,0.027762809187527018,0.0,0.0,19.38526529683735,False
1782043975.1871214,12.076699256896973,0.5505083709912862,1.0886524138955287,0.027804261092831423,0.0,0.0,19.24458900368418,False
1782043975.2640548,12.153632640838623,0.5618325610336061,1.0926285672521778,0.02782224523961325,0.0,0.0,19.081282971705527,False
1782043975.3404696,12.230047464370728,0.5743887695535053,1.0970221792101567,0.027820241620403155,0.0,0.0,18.846112162929987,False
1782043975.4272053,12.31678318977356,0.5895237338818969,1.102283334416123,0.02779763933493916,0.0,0.0,18.498201632071687,False
1782043975.5108564,12.400434255599976,0.6031188828858972,1.106962904383495,0.027778005155776213,0.0,0.0,18.139643654193513,False
1782043975.5971863,12.486764192581177,0.6152346989532406,1.1110859110637714,0.027772545608662165,0.0,0.0,17.791672737518883,False
1782043975.6744673,12.564045190811157,0.6285582881321452,1.1155585479971326,0.02778050677503689,0.0,0.0,17.381234839539957,False
1782043975.750981,12.640558958053589,0.6417617999795614,1.1199176910013071,0.027794262526732345,0.0,0.0,16.95201707577865,False
1782043975.8301497,12.719727516174316,0.6525755216113902,1.1234207660801339,0.027801511822874832,0.0,0.0,16.644173787656705,False
1782043975.9212115,12.810789346694946,0.6682097026198888,1.128372300129192,0.027799808949932715,0.0,0.0,16.330957396352016,False
1782043976.0016465,12.891224384307861,0.6828296480247649,1.1328998171354006,0.027790096246116794,0.0,0.0,16.1177574534457,False
1782043976.0762575,12.965835332870483,0.6946842778905264,1.1365082440207321,0.027782090617764207,0.0,0.0,15.979629397585576,False
1782043976.1444376,13.034015417098999,0.7096435178935151,1.140992055047739,0.02777722641290699,0.0,0.0,15.83288788567428,False
1782043976.2241495,13.113727331161499,0.7232006530830034,1.1449971262026308,0.027779066081114256,0.0,0.0,15.716840021233192,False
1782043976.2925453,13.182123184204102,0.7337855358794563,1.1480901418326799,0.027783216936262504,0.0,0.0,15.632140122551208,False
1782043976.3628106,13.25238847732544,0.7473987312105714,1.1520291589046319,0.027789024138987945,0.0,0.0,15.52405059880561,False
1782043976.4288042,13.318382024765015,0.7609822923536451,1.1559199658122836,0.027792402967398124,0.0,0.0,15.410870324179626,False
1782043976.4990277,13.38860559463501,0.7715161869821943,1.1589118099680122,0.027792477166523798,0.0,0.0,15.316384262781057,False
1782043976.5726314,13.462209224700928,0.7834963102494605,1.1622885885533483,0.027790408656277507,0.0,0.0,15.196431059288576,False
1782043976.6342895,13.52386736869812,0.7968883426275013,1.1660310081382101,0.02778720517149628,0.0,0.0,15.04250379378414,False
1782043976.7093832,13.598961114883423,0.8102057400595412,1.1697175731833953,0.027785187988605107,0.0,0.0,14.868920471351128,False
1782043976.7736793,13.663257122039795,0.8205110662427949,1.1725451126090074,0.02778520240244059,0.0,0.0,14.720503057752287,False
1782043976.836174,13.725751876831055,0.8308335260485468,1.1753534725401367,0.027786339973369205,0.0,0.0,14.594029058546822,False
1782043976.9125364,13.802114248275757,0.8441495235583226,1.1789408544791695,0.027788414185085118,0.0,0.0,14.476098392428089,False
1782043976.9888291,13.878407001495361,0.858985008865929,1.1828941208130188,0.027789900806525176,0.0,0.0,14.393250372407582,False
1782043977.0545924,13.944170236587524,0.8693972713582206,1.1856446418134514,0.027789826140643136,0.0,0.0,14.3598241641533,False
1782043977.131665,14.02124285697937,0.8813389354423463,1.1887785026480646,0.027788696901386634,0.0,0.0,14.340659312519072,False
1782043977.2040513,14.093629121780396,0.8963488067907854,1.1926922017985833,0.027786649503404197,0.0,0.0,14.33653441700635,True
1782043977.2833245,14.172902345657349,0.9099553666857286,1.1962214026425266,0.027785281729648243,0.0,0.0,14.342106825665537,False
1782043977.3810084,14.270586252212524,0.9266933547756131,1.2005457010529694,0.02778504428479579,0.0,0.0,14.349127773550293,False
1782043977.4856703,14.375248193740845,0.9464626287679049,1.205636724337914,0.027786449580101204,0.0,0.0,14.33596708671503,False
1782043977.5888786,14.478456497192383,0.9645784672932737,1.2102897401706418,0.02778798634730083,0.0,0.0,14.280350019819982,False
1782043977.679671,14.569248914718628,0.9824953197302628,1.2148779243102612,0.027788932543533616,0.0,0.0,14.161019142563218,False
1782043977.7662354,14.655813217163086,0.9958035502391527,1.2182724349988252,0.027789259670004864,0.0,0.0,14.025007938432298,False
1782043977.8351064,14.724684238433838,1.0076933055560067,1.221290208222701,0.02778908460321982,0.0,0.0,13.900672003597549,False
1782043977.9291573,14.818735122680664,1.0242497522120615,1.2254630992397786,0.02778796501236031,0.0,0.0,13.759790544783007,False
1782043978.0016954,14.891273260116577,1.0379069593142236,1.228878164432386,0.02778660772993382,0.0,0.0,13.663647330130086,False
1782043978.0799484,14.969526290893555,1.0516506621778614,1.2322902331210197,0.0277852502506593,0.0,0.0,13.576054084398475,False
1782043978.1573043,15.046882152557373,1.0669469039972472,1.2360599025212775,0.027784517878246054,0.0,0.0,13.4799248134102,False
1782043978.2365277,15.126105546951294,1.080692398927437,1.2394231005895717,0.02778502179792062,0.0,0.0,13.388603238444789,False
1782043978.3169231,15.206501007080078,1.092863192305144,1.2423818924951548,0.027786338677222903,0.0,0.0,13.2974597935522,False
1782043978.389742,15.279319763183594,1.1079994764222114,1.2460356197458156,0.02778839132512988,0.0,0.0,13.164629785035757,False
1782043978.4662857,15.355863571166992,1.1215502997879905,1.2492803441400622,0.027789679928944398,0.0,0.0,13.024876720790937,False
1782043978.5387897,15.428367614746094,1.1335323276265301,1.2521267478167137,0.027789912653474934,0.0,0.0,12.882921692543682,False
1782043978.61789,15.50746774673462,1.146937929264938,1.2552833575214977,0.027789249663349988,0.0,0.0,12.702577816971841,False
1782043978.6861143,15.575692176818848,1.160268206912209,1.2583894763762913,0.027788251334408164,0.0,0.0,12.501190151210805,False
1782043978.7511263,15.640704154968262,1.173526366988807,1.2614424468053027,0.02778770784956907,0.0,0.0,12.28006974765746,False
1782043978.828698,15.718275785446167,1.1853881192892122,1.2641384298182718,0.02778765955255679,0.0,0.0,12.09302014215959,False
1782043978.908679,15.798256874084473,1.1989380208440594,1.2671742437803608,0.027787664003323144,0.0,0.0,11.921694507737493,False
1782043978.9821522,15.871730089187622,1.211093482957086,1.2698595072541727,0.02778750458391322,0.0,0.0,11.795423054295348,False
1782043979.0470974,15.936675310134888,1.2264008126092487,1.273193126412968,0.027786805875410173,0.0,0.0,11.659913180390808,False
1782043979.1137826,16.003360509872437,1.2387131446424962,1.2758388228225288,0.027785979692420568,0.0,0.0,11.563773235938203,False
1782043979.1969652,16.086543083190918,1.2510695454816618,1.278464694120324,0.027785279854555044,0.0,0.0,11.474813047635164,False
1782043979.2656827,16.15526056289673,1.2634468660272709,1.2810679166744143,0.027785079122617205,0.0,0.0,11.390899208669955,False
1782043979.3334544,16.223032236099243,1.2742749192424363,1.2833246579032702,0.0277854422511692,0.0,0.0,11.318913564428776,False
1782043979.399809,16.289386749267578,1.2881773903758889,1.286195687728273,0.02778646005159358,0.0,0.0,11.224754789786873,False
1782043979.4657798,16.35535764694214,1.3035855802089356,1.2893445960230376,0.02778766644289084,0.0,0.0,11.113675781447704,False
1782043979.527531,16.41710877418518,1.3158769720357446,1.291832314911879,0.02778818514749501,0.0,0.0,11.017474897494328,False
1782043979.5974483,16.48702621459961,1.3266069989685116,1.2939864986947112,0.027788168430111025,0.0,0.0,10.92701024428575,False
1782043979.6614232,16.55100107192993,1.3373067668565788,1.2961181409391906,0.02778782281361571,0.0,0.0,10.829069216897235,False
1782043979.7365866,16.626164436340332,1.351014403908684,1.298824200974529,0.027787270054153646,0.0,0.0,10.690496425931103,False
1782043979.827526,16.717103958129883,1.3692715607776649,1.3023819472052718,0.027786954493919387,0.0,0.0,10.500331473940681,False
1782043979.912901,16.802478790283203,1.3815073306103092,1.3047348399840533,0.02778700571002505,0.0,0.0,10.398258195829904,False
1782043979.9817252,16.87130308151245,1.3953161781662713,1.3073607940126026,0.02778715751693175,0.0,0.0,10.305036031636936,False
1782043980.050104,16.93968176841736,1.4107113797266373,1.310254147320814,0.027787099927411643,0.0,0.0,10.221069934929956,False
1782043980.1243913,17.01396918296814,1.4230632521426447,1.312551831204334,0.02778677950968006,0.0,0.0,10.164850141124948,False
1782043980.1946754,17.084253311157227,1.4339041202076184,1.3145526821664617,0.027786362780327267,0.0,0.0,10.120028181826653,False
1782043980.261862,17.151439905166626,1.4478871091864118,1.3171137234721877,0.027785871644118148,0.0,0.0,10.065157633734016,False
1782043980.3269432,17.21652102470398,1.461888704690623,1.3196579907877524,0.027785732171007767,0.0,0.0,10.0105855102894,False
1782043980.3944187,17.28399658203125,1.4727764520500235,1.3216235613252667,0.027785936431353308,0.0,0.0,9.966592103053229,False
1782043980.45889,17.34846782684326,1.4836408992197931,1.3235743338434725,0.02778637335172986,0.0,0.0,9.917801559286216,False
1782043980.5253403,17.414918184280396,1.4960200858047652,1.3257844648988883,0.027786990567222822,0.0,0.0,9.853472185928903,False
1782043980.5917604,17.481338262557983,1.509905951005748,1.3282473047231145,0.027787560964722922,0.0,0.0,9.76898541693666,False
1782043980.6751676,17.56474542617798,1.523751974688305,1.3306849784415558,0.02778781735102666,0.0,0.0,9.670658830611488,False
1782043980.7375298,17.627107620239258,1.534495000639711,1.332562900621331,0.027787797481787443,0.0,0.0,9.584264485495673,False
1782043980.8158581,17.70543599128723,1.5498556944308934,1.3352252691832827,0.027787475312341797,0.0,0.0,9.456868779897254,False
1782043980.8871448,17.77672266960144,1.563763184854095,1.3376107518334224,0.02778692074613159,0.0,0.0,9.357949988348548,False
1782043980.95205,17.841627836227417,1.5746134372079874,1.3394552404159143,0.027786475709651242,0.0,0.0,9.29031599174955,False
1782043981.0232882,17.91286611557007,1.5870442023969342,1.341550944849678,0.027786052226301625,0.0,0.0,9.220396242803925,False
1782043981.0910046,17.98058247566223,1.599503260508501,1.3436334441370854,0.027785789897454647,0.0,0.0,9.155482955493778,False
1782043981.1587794,18.048357248306274,1.6135313544275016,1.3459577753879242,0.027785783896148143,0.0,0.0,9.083705139836333,False
1782043981.2241807,18.11375856399536,1.6244378764438017,1.3477505674201893,0.027786009914050367,0.0,0.0,9.026809951516647,False
1782043981.28975,18.179327964782715,1.635334397737868,1.349529535504356,0.02778639433547087,0.0,0.0,8.967663275282451,False
1782043981.3720403,18.26161813735962,1.6524263507889165,1.3522956869734502,0.027787100920612463,0.0,0.0,8.86711980831201,False
1782043981.4545622,18.34414005279541,1.6663795506225116,1.354531612820832,0.027787507812905544,0.0,0.0,8.77609006732911,False
1782043981.5173752,18.40695309638977,1.6772098395158332,1.3562528888713146,0.02778761120395289,0.0,0.0,8.698637770447437,False
1782043981.581344,18.470921754837036,1.6895616130326094,1.3582001210095578,0.027787511508583454,0.0,0.0,8.60206214318189,False
1782043981.648751,18.538328886032104,1.703422189899702,1.3603639044657352,0.02778727183793063,0.0,0.0,8.482174566198301,False
1782043981.711913,18.60149097442627,1.7141829707715464,1.3620271255481373,0.027787126122444005,0.0,0.0,8.381250091849171,False
1782043981.780471,18.67004895210266,1.7249367053338305,1.3636736295613858,0.027787092542403163,0.0,0.0,8.27511493068802,False
1782043981.8518026,18.74138045310974,1.7388570695621366,1.3657797378411394,0.02778700232616305,0.0,0.0,8.149392240404989,False
1782043981.9104307,18.800008535385132,1.7512989707186677,1.3676377097280479,0.027786835616316185,0.0,0.0,8.050221671252189,False
1782043981.9756753,18.86525321006775,1.762213126789792,1.369248888518943,0.027786610085774877,0.0,0.0,7.9722520956181215,False
1782043982.0399606,18.92953848838806,1.7731538228767492,1.370846974432512,0.027786294649943772,0.0,0.0,7.8998482225508155,False
1782043982.106295,18.995872974395752,1.7856791351995538,1.3726564721898933,0.02778591509543527,0.0,0.0,7.821749120288824,False
1782043982.1871755,19.07675337791443,1.8013466178818194,1.3748912709170544,0.027785673611869583,0.0,0.0,7.728746568630156,False
1782043982.2587047,19.148282527923584,1.8138792970295707,1.3766571020936826,0.02778581967023868,0.0,0.0,7.656368699527707,False
1782043982.3406227,19.23020052909851,1.8279721764630958,1.3786205890566843,0.027786311405669204,0.0,0.0,7.575568349318661,False
1782043982.4286659,19.318243741989136,1.8467454815076645,1.3812010363874587,0.027787066805666907,0.0,0.0,7.466189643135955,False
1782043982.5140927,19.4036705493927,1.8608081232767666,1.3831083579814991,0.027787315751266875,0.0,0.0,7.38108540075853,False
1782043982.5867183,19.476296186447144,1.8732868161883278,1.3847826776772654,0.02778721482352517,0.0,0.0,7.301088579448699,False
1782043982.664156,19.553733825683594,1.8857460269308273,1.3864371998135356,0.027786916169340842,0.0,0.0,7.2162684819174014,False
1782043982.7505434,19.64012122154236,1.9044130856227361,1.3888830835899908,0.027786523070310806,0.0,0.0,7.080805313827131,False
1782043982.8365595,19.726137399673462,1.918441234329591,1.3906939603190598,0.02778645488116493,0.0,0.0,6.980538632502013,False
1782043982.9389162,19.82849407196045,1.934088035682636,1.392685655087999,0.02778651681696906,0.0,0.0,6.880921077186446,False
1782043983.0432093,19.9327871799469,1.9560431759810768,1.3954319043602965,0.02778651540045069,0.0,0.0,6.75990674408565,False
1782043983.1358697,20.025447607040405,1.9733341049811874,1.3975570943008797,0.0277862194900377,0.0,0.0,6.673035144690055,False
1782043983.2174864,20.107064247131348,1.9890583491110863,1.3994628334465573,0.027785959409405595,0.0,0.0,6.597159903198332,True
1782043983.3021128,20.191690683364868,2.006356324620425,1.4015312534749267,0.02778598433163376,0.0,0.0,6.516092273300961,False
1782043983.406505,20.296082973480225,2.0252165702757683,1.4037545552698605,0.027786426678826245,0.0,0.0,6.427746316110343,False
1782043983.4872558,20.37683367729187,2.0393504690884474,1.4053996041901657,0.02778679714974813,0.0,0.0,6.3599575424879955,False
1782043983.5839248,20.47350263595581,2.058171561359264,1.407562676301193,0.0277869705177834,0.0,0.0,6.264741730143054,False
1782043983.6585782,20.548156023025513,2.070700834173182,1.4089851969466283,0.027786846658949062,0.0,0.0,6.1968951367829685,False
1782043983.7326093,20.62218713760376,2.0863474427450277,1.4107416515860003,0.027786592580659138,0.0,0.0,6.106916506018511,False
1782043983.805832,20.695409774780273,2.1004329448338437,1.4123032146254348,0.02778644359680627,0.0,0.0,6.023813552676254,False
1782043983.8695722,20.75915002822876,2.1114148522698697,1.4135073685052986,0.027786393945618264,0.0,0.0,5.963770801423682,False
1782043983.9385746,20.828152418136597,2.125541998369255,1.4150393564170582,0.02778644070272052,0.0,0.0,5.895010072214065,False
1782043984.0252311,20.914808988571167,2.141247928180171,1.416720708695031,0.027786507823362283,0.0,0.0,5.828362685929497,False
1782043984.1052403,20.994818210601807,2.155405544492072,1.418217581325292,0.027786442658502355,0.0,0.0,5.773344773368856,False
1782043984.1789398,21.068517684936523,2.1680082132143017,1.419535972011283,0.027786286034662558,0.0,0.0,5.726719372693915,False
1782043984.2620935,21.151671409606934,2.1806220542754917,1.4208429651131986,0.027786117450811585,0.0,0.0,5.681874514463405,False
1782043984.3554187,21.244996547698975,2.2042900895158497,1.42326347310647,0.027786034460521282,0.0,0.0,5.60214421841748,False
1782043984.4250023,21.31458020210266,2.2200703764320755,1.4248556076212704,0.02778619197174202,0.0,0.0,5.550979729464378,False
1782043984.5031552,21.392733097076416,2.2342660744984246,1.426273866000686,0.027786386160119993,0.0,0.0,5.504754609908645,False
1782043984.5743556,21.46393346786499,2.245304953280642,1.4273678619604158,0.027786492926122647,0.0,0.0,5.468656021627869,False
1782043984.6459386,21.535516500473022,2.257913113660449,1.4286081117713116,0.027786538313732054,0.0,0.0,5.426254408637579,False
1782043984.7209554,21.610533237457275,2.2705106172708227,1.4298375526911302,0.02778651507839499,0.0,0.0,5.381780099826758,False
1782043984.838595,21.728172779083252,2.295689487065729,1.4322653147146647,0.027786420080305164,0.0,0.0,5.286461982459146,False
1782043984.9231036,21.812681436538696,2.3145969295230953,1.4340617824140212,0.027786365198950707,0.0,0.0,5.215160650703299,False
1782043985.0237598,21.91333770751953,2.3303573037425096,1.4355415736730464,0.02778634718827947,0.0,0.0,5.155582079000165,False
1782043985.1171958,22.006773710250854,2.350808773465907,1.4374377132348357,0.027786409666080137,0.0,0.0,5.071243806500674,False
1782043985.1931446,22.082722425460815,2.3649350485231273,1.4387309965731887,0.027786544857401837,0.0,0.0,5.005206243240648,False
1782043985.2669396,22.156517505645752,2.3774798172340046,1.4398675579350741,0.02778671539264004,0.0,0.0,4.941548643106133,False
1782043985.3510404,22.240618228912354,2.394710725635667,1.4414091401876954,0.027786972854626557,0.0,0.0,4.845785349875217,False
1782043985.4367201,22.326297998428345,2.4103622059012215,1.4427882571948802,0.02778710388193094,0.0,0.0,4.750715216078909,False
1782043985.5172293,22.40680718421936,2.4228758044661216,1.443875243224007,0.027787074669619966,0.0,0.0,4.669467888211389,False
1782043985.5887372,22.478315114974976,2.4369431681255156,1.4450794222265915,0.02778692966984758,0.0,0.0,4.572310412971255,False
1782043985.6550906,22.544668436050415,2.4510133650043553,1.446263716341026,0.02778673940757003,0.0,0.0,4.471276383209954,False
1782043985.7172163,22.606794118881226,2.461959794967466,1.4471703783257648,0.027786639023438045,0.0,0.0,4.390633571138326,False
1782043985.7918878,22.68146562576294,2.4744736122705837,1.4481903685121698,0.027786624925473617,0.0,0.0,4.296728291312933,False
1782043985.855102,22.744679927825928,2.488563871728841,1.4493169374911488,0.02778670664161843,0.0,0.0,4.190488269382844,False
1782043985.9389408,22.828518629074097,2.504266878417301,1.450544058789618,0.027786737920389736,0.0,0.0,4.077338028762452,False
1782043986.0226934,22.91227126121521,2.5168723752268765,1.451507232328492,0.027786605259972137,0.0,0.0,3.994475373989279,False
1782043986.1073432,22.996921062469482,2.53107059487098,1.4525692696305539,0.027786336912718923,0.0,0.0,3.909481749382671,False
1782043986.195462,23.085039854049683,2.5468585848348044,1.453722821138789,0.027786027710176183,0.0,0.0,3.8238169251293566,False
1782043986.305749,23.195326805114746,2.5626645526433083,1.4548501766663864,0.02778588484828939,0.0,0.0,3.744465054771485,False
1782043986.4840066,23.373584508895874,2.6085588172393437,1.4579818438880645,0.02778652231516623,0.0,0.0,3.5409032063416825,False
1782043986.5843198,23.473897695541382,2.6275455436092914,1.459221843178473,0.02778653237703803,0.0,0.0,3.4686392248836126,False
1782043986.6675165,23.55709433555603,2.6433353179980528,1.460231000229144,0.027786394156539503,0.0,0.0,3.4181497013792006,False
1782043986.7553487,23.64492654800415,2.6590862731898888,1.4612195475639411,0.027786360427628942,0.0,0.0,3.3800591740139962,False
1782043986.8355322,23.725110054016113,2.673233760055619,1.4620937722707508,0.027786541868994843,0.0,0.0,3.3576565610476967,False
1782043986.919627,23.809204816818237,2.6905088358343785,1.4631464838950032,0.027786938354705644,0.0,0.0,3.3451456348774498,False
1782043986.9988976,23.88847541809082,2.7046640440211167,1.4639993703819498,0.027787116892875018,0.0,0.0,3.342169829819436,False
1782043987.066135,23.95571279525757,2.715682675154695,1.4646586087215527,0.027787049103345497,0.0,0.0,3.3439720252015728,False
1782043987.1425254,24.032103300094604,2.731447490354008,1.465596570218498,0.02778659137480479,0.0,0.0,3.3500831855257673,False
1782043987.2255538,24.115131616592407,2.748814691399484,1.4666250952110023,0.02778589808085072,0.0,0.0,3.3578236133943076,False
1782043987.311274,24.200851917266846,2.761451670155532,1.4673715867568897,0.027785606620897782,0.0,0.0,3.3614199003334377,False
1782043987.3977864,24.28736424446106,2.7788181442331847,1.468395920091972,0.027785831498359184,0.0,0.0,3.3610583617695258,False
1782043987.4798155,24.369393348693848,2.794590955792307,1.469325052490624,0.02778654397767381,0.0,0.0,3.3533600790006513,False
1782043987.548877,24.4384548664093,2.8072041403761094,1.4700670564289129,0.02778711752944111,0.0,0.0,3.3419781515669467,False
1782043987.6123502,24.501928091049194,2.818235403733352,1.4707149566593325,0.02778738668942218,0.0,0.0,3.32777341259282,False
1782043987.6826572,24.572235107421875,2.8324065966852796,1.4715452255098238,0.027787269358151852,0.0,0.0,3.302668453260251,False
1782043987.7561479,24.6457257270813,2.8481317995391775,1.472462658635331,0.02778668744002067,0.0,0.0,3.264443103481598,False
1782043987.8263896,24.715967416763306,2.8591302972304673,1.473100976799707,0.027786257126105256,0.0,0.0,3.2313165812343736,False
1782043987.9026022,24.792180061340332,2.871694865589026,1.4738257762624638,0.02778601356606326,0.0,0.0,3.1874443089767652,False
1782043987.9717872,24.86136507987976,2.8873975376767134,1.4747233135185738,0.027786249740240593,0.0,0.0,3.1242850841828003,False
1782043988.0504673,24.94004511833191,2.9015379933556686,1.4755218908984509,0.027786783199597057,0.0,0.0,3.061486148280549,False
1782043988.126012,25.015589952468872,2.9141113759133814,1.476222928602554,0.027787196349585274,0.0,0.0,3.0014904995850467,False
1782043988.1951373,25.084715127944946,2.926680749510896,1.4769141394712737,0.02778732312677559,0.0,0.0,2.936971572260795,False
1782043988.2677405,25.157318353652954,2.9423883939247237,1.477762833926949,0.027787008749915423,0.0,0.0,2.8506454800558827,False
1782043988.3316865,25.221264362335205,2.954952304308345,1.4784283719908686,0.027786573631541824,0.0,0.0,2.7775855883086984,False
1782043988.4056838,25.29526162147522,2.9659467175928556,1.4790002527317059,0.027786269853346313,0.0,0.0,2.7113360124802672,False
1782043988.4785392,25.368117094039917,2.9800930115947692,1.4797206359396764,0.02778616764011206,0.0,0.0,2.6247429158069426,False
1782043988.540274,25.429851770401,2.9942652003299055,1.48042391984455,0.02778636468715989,0.0,0.0,2.539471346367712,False
1782043988.6141303,25.503708124160767,3.0068836876020852,1.481034038508563,0.027786615314631374,0.0,0.0,2.465919162603817,False
1782043988.6925147,25.58209252357483,3.0195209162821146,1.4816296469602592,0.027786730851676288,0.0,0.0,2.39535600439732,False
1782043988.7609143,25.650492191314697,3.0321763917496267,1.4822106304060298,0.027786600854760136,0.0,0.0,2.3285867039867356,False
1782043988.8232589,25.712836742401123,3.0464202126570563,1.482846284751901,0.027786251948717634,0.0,0.0,2.2588316548083185,False
1782043988.9148161,25.804394006729126,3.062243224642895,1.4835304186755285,0.027785916032910463,0.0,0.0,2.188485998760128,False
1782043988.992968,25.882545948028564,3.074891859399985,1.484061361695419,0.02778590625816196,0.0,0.0,2.138452689494491,False
1782043989.0587134,25.948291301727295,3.089107065269685,1.4846421210648755,0.0277862256155756,0.0,0.0,2.0897643214213146,False
1782043989.1309266,26.020504474639893,3.1033132762016664,1.4852068257405115,0.027786708453210716,0.0,0.0,2.0487722608693537,False
1782043989.2119517,26.101529598236084,3.115937432556265,1.4856966037172783,0.027787032632861322,0.0,0.0,2.0183669899749503,False
1782043989.2872703,26.17684817314148,3.1301363198386065,1.4862352982120126,0.027787078313756566,0.0,0.0,1.9907176082928268,False
1782043989.367691,26.25726890563965,3.147475171378045,1.4868778608827053,0.027786709541229093,0.0,0.0,1.9678926188564934,False
1782043989.453881,26.343458890914917,3.161646514657006,1.4873925652462394,0.02778633392524832,0.0,0.0,1.9591101390228314,False
1782043989.5496342,26.43921208381653,3.1773767707259375,1.487955213851812,0.027786202193168765,0.0,0.0,1.9609835764515413,False
1782043989.6603456,26.549923419952393,3.191523680388289,1.4884555898658325,0.02778645589143805,0.0,0.0,1.9735649952996026,True
1782043989.7662506,26.65582847595215,3.210368206975088,1.4891176600679497,0.027787080597906362,0.0,0.0,2.0081646120018175,False
1782043989.8673189,26.75689673423767,3.2307720993813063,1.4898346509674258,0.027787383759925923,0.0,0.0,2.067491875662886,False
1782043989.9456394,26.835217237472534,3.2543471980056675,1.4906726011311577,0.027786760350972578,0.0,0.0,2.155205035219645,False
1782043990.023349,26.91292691230774,3.271694069043483,1.4913013162231952,0.02778606291685125,0.0,0.0,2.2217527321052883,False
1782043990.1299524,27.019530296325684,3.2890767618267334,1.4919448963328508,0.02778574462865285,0.0,0.0,2.2872555391489744,False
1782043990.2654765,27.155054330825806,3.3128114590459585,1.4928487567177364,0.02778610252270376,0.0,0.0,2.3693562318327204,False
1782043990.3374884,27.22706627845764,3.330188916783846,1.4935297730575345,0.027786618937894577,0.0,0.0,2.4177572012859714,False
1782043990.418667,27.308244943618774,3.3459542310651456,1.494161271558947,0.02778694858847018,0.0,0.0,2.4496603342683376,False
1782043990.498998,27.388575792312622,3.3601186166535535,1.4947387404403152,0.02778704082001876,0.0,0.0,2.4672417869794083,False
1782043990.5770886,27.46666646003723,3.374252100287203,1.4953230868275988,0.027787012790889163,0.0,0.0,2.471575267916892,False
1782043990.6619391,27.551517009735107,3.3899227530095666,1.4959782858739157,0.027786961885919392,0.0,0.0,2.4586966385528735,False
1782043990.7463796,27.63595747947693,3.4071265719630572,1.4967027687498564,0.027786987922009763,0.0,0.0,2.421318218913937,False
1782043990.8349879,27.724565744400024,3.419618188018411,1.49722944847758,0.02778707206790319,0.0,0.0,2.378229716115931,False
1782043990.92159,27.81116795539856,3.4367770960024964,1.4979493070262067,0.027787207020263452,0.0,0.0,2.2982989921741828,False
1782043991.004897,27.894474983215332,3.4539515538194356,1.4986601016389092,0.027787211576181668,0.0,0.0,2.2013678460096338,False
1782043991.0850804,27.974658250808716,3.464893058483443,1.4991051889458116,0.02778712238167531,0.0,0.0,2.13326517986859,False
1782043991.1519787,28.04155659675598,3.48053424046827,1.4997278504543252,0.027786921370689596,0.0,0.0,2.0288271353838914,False
1782043991.2293584,28.11893630027771,3.4977543373502344,1.500391060865938,0.02778671104772883,0.0,0.0,1.906751763234334,False
1782043991.3073332,28.196911096572876,3.511864449385044,1.5009143023235663,0.02778661436999854,0.0,0.0,1.8044685208451394,False
1782043991.3850014,28.274579286575317,3.5244384787936767,1.5013636689636076,0.0277865656975492,0.0,0.0,1.7155583828637104,False
1782043991.4571285,28.34670639038086,3.5386231721458987,1.501850414668789,0.027786506141385205,0.0,0.0,1.6202284273368708,False
1782043991.5308065,28.420384407043457,3.554418299862073,1.502366702724994,0.02778639228926482,0.0,0.0,1.5226558963466137,False
1782043991.6118896,28.50146746635437,3.5686451550401377,1.5028086934739946,0.02778626756257743,0.0,0.0,1.444001358778151,False
1782043991.7131886,28.602766513824463,3.5844367473494283,1.5032746230598057,0.027786224795936988,0.0,0.0,1.368981424442918,False
1782043991.7964735,28.68605136871338,3.6017694219910403,1.5037580042538106,0.02778643151462021,0.0,0.0,1.3042814835587373,False
1782043991.8751798,28.76475763320923,3.6174837643640254,1.5041733825378165,0.02778685105001204,0.0,0.0,1.2644603359271323,False
1782043991.943037,28.83261489868164,3.630036780991493,1.5044915754977792,0.02778720733852636,0.0,0.0,1.2455585321432008,False
1782043992.0292072,28.918785095214844,3.6425777523390788,1.5047992887034298,0.027787438898051305,0.0,0.0,1.2382492346048852,False
1782043992.12499,29.014567852020264,3.659794526543507,1.5052088049541041,0.027787424872172593,0.0,0.0,1.249486426024284,False
1782043992.2067785,29.09635639190674,3.6769679559605146,1.5056076052074343,0.02778713134774748,0.0,0.0,1.2893128481015705,False
1782043992.2819045,29.17148232460022,3.6909907390534586,1.505930550770704,0.027786922619838825,0.0,0.0,1.3438266914827972,False
1782043992.374585,29.26416277885437,3.704991078503605,1.5062547098418821,0.02778695149921873,0.0,0.0,1.4177085908034095,False
1782043992.4598103,29.349388122558594,3.7220926377584256,1.5066589904665253,0.027787305873825236,0.0,0.0,1.5303384663754902,False
1782043992.5433874,29.43296527862549,3.7376657288334374,1.5070410030315595,0.02778760319385389,0.0,0.0,1.646060768260533,False
1782043992.6319191,29.521497011184692,3.754837034366308,1.5074836801511835,0.02778750683412737,0.0,0.0,1.7807826144087946,False
1782043992.7047355,29.594313383102417,3.7673477471566663,1.5078233707075668,0.02778712555599812,0.0,0.0,1.8813008579238737,False
1782043992.781479,29.671056747436523,3.7798835874605063,1.5081801643870305,0.027786615990376247,0.0,0.0,1.9812093829974595,False
1782043992.8543775,29.743955373764038,3.7955946825237254,1.508652402608551,0.027786096816005437,0.0,0.0,2.1020123698056254,False
1782043992.9387522,29.828330039978027,3.809755838205135,1.5091029697172356,0.027785994520340685,0.0,0.0,2.202144055261089,False
1782043993.0117002,29.901278018951416,3.8239172014748997,1.5095773236281367,0.027786272338376314,0.0,0.0,2.286663660997348,False
1782043993.1072283,29.996806144714355,3.8396192755757808,1.5101299654026155,0.02778684392784579,0.0,0.0,2.3595503244032523,False
1782043993.1968374,30.08641529083252,3.856825469396294,1.5107649200741022,0.027787440724401462,0.0,0.0,2.4097866968087143,False
1782043993.3019958,30.19157361984253,3.875503601665655,1.5114833874813105,0.027787791256372242,0.0,0.0,2.4222412675668177,False
1782043993.383517,30.27309489250183,3.8940820346395895,1.5122198121790356,0.027787901106669736,0.0,0.0,2.382591781851479,False
1782043993.4816804,30.37125825881958,3.911016709535479,1.5129006432616305,0.027788015483566894,0.0,0.0,2.293693718906863,False
1782043993.5900643,30.479642152786255,3.9294080516046246,1.513637991563288,0.02778821945440636,0.0,0.0,2.1416617870755794,False
1782043993.7009559,30.59053373336792,3.950794551510737,1.5144735560253026,0.02778840238599815,0.0,0.0,1.905140035841546,False
1782043993.7919452,30.681523084640503,3.967568779488114,1.515097914663062,0.027788403025503516,0.0,0.0,1.6867525492139877,False
1782043993.8934822,30.78306007385254,3.981286667520154,1.5155801453282274,0.027788324163187775,0.0,0.0,1.4938329589871036,False
1782043993.9801726,30.869750499725342,4.001266389824688,1.516225187044973,0.027787823758806708,0.0,0.0,1.2242942504645158,False
1782043994.0819643,30.97154211997986,4.016771644970779,1.5166738770100963,0.02778719797552632,0.0,0.0,1.0325084594852496,False
1782043994.1780019,31.067579746246338,4.035517045843699,1.5171532274882562,0.027786397777053856,0.0,0.0,0.8244880133891027,False
1782043994.269094,31.158671855926514,4.054396206854571,1.5175669932233213,0.02778583860138979,0.0,0.0,0.6471681945075677,False
1782043994.3545175,31.24409532546997,4.068581409939822,1.5178348963520003,0.027785823093724748,0.0,0.0,0.5351521290766621,False
1782043994.4475617,31.33713960647583,4.085898342415618,1.5181159334314465,0.027786311711984778,0.0,0.0,0.423268943110359,False
1782043994.52864,31.41821789741516,4.1000125199220765,1.5183111930163764,0.027786990426230694,0.0,0.0,0.3562728400212789,False
1782043994.6098073,31.499385118484497,4.117187410884936,1.5185132453812797,0.02778779515476154,0.0,0.0,0.3080011893521501,False
1782043994.689808,31.57938575744629,4.134281904142867,1.5186826403061173,0.027788226649924527,0.0,0.0,0.3007128258859299,False
1782043994.7549477,31.6445255279541,4.1451234197300915,1.5187776145660545,0.027788242809602803,0.0,0.0,0.3193419969503052,False
1782043994.8349917,31.72456955909729,4.157485154472725,1.5188778898022426,0.027788066183727155,0.0,0.0,0.363462084163917,False
1782043994.901737,31.791314840316772,4.172917873975473,1.518997051666083,0.027787705798596917,0.0,0.0,0.4495860945764286,False
1782043994.9777954,31.86737322807312,4.186840375730483,1.5191051376173057,0.027787351891148122,0.0,0.0,0.5460909718016654,False
1782043995.0449476,31.93452548980713,4.197690382655869,1.5191935562943457,0.027787150913684652,0.0,0.0,0.6303425088660427,False
1782043995.1162813,32.00585913658142,4.210102505328787,1.519302567854446,0.027787053133060187,0.0,0.0,0.7351036472361148,False
1782043995.1839004,32.07347822189331,4.22407040315551,1.5194391253563815,0.027787106340625284,0.0,0.0,0.8627489993179387,False
1782043995.2556365,32.145214319229126,4.238057988735637,1.5195946365792734,0.02778721889781884,0.0,0.0,0.9962337280764249,False
1782043995.3237998,32.213377714157104,4.248958189068641,1.5197311242364726,0.02778727208076203,0.0,0.0,1.1014513166370372,False
1782043995.4078736,32.29745149612427,4.263014738614066,1.519929278625431,0.027787203920009516,0.0,0.0,1.2342549861368832,False
1782043995.4811044,32.37068223953247,4.2786954587474995,1.5201819205233984,0.027786908347630576,0.0,0.0,1.3744597541985342,False
1782043995.5586798,32.44825768470764,4.29287506976383,1.5204402104586021,0.027786469836690596,0.0,0.0,1.4897728339068566,False
1782043995.63251,32.522087812423706,4.3055034649329995,1.5206939669161454,0.02778609763593469,0.0,0.0,1.5814960112291547,False
1782043995.7224185,32.61199641227722,4.322834095215954,1.5210771524424695,0.027785964807863568,0.0,0.0,1.6855658543797756,False
1782043995.796504,32.686081886291504,4.338534683714914,1.521456891711412,0.027786368081024446,0.0,0.0,1.7553705101649453,False
1782043995.8672595,32.756837368011475,4.351043879248247,1.521779328247272,0.027786999822137094,0.0,0.0,1.7909875402896276,False
1782043995.9469895,32.836567401885986,4.363511886241925,1.5221159335408712,0.027787710309831144,0.0,0.0,1.8071855304162985,False
1782043996.0268955,32.916473388671875,4.3774932350163,1.5225082060025952,0.027788325295687026,0.0,0.0,1.800017043182143,False
1782043996.113479,33.00305676460266,4.3960714433762424,1.5230462588003255,0.02778846736191481,0.0,0.0,1.745411241012246,False
1782043996.191944,33.08152174949646,4.409969410310719,1.523454728997633,0.027788068781641934,0.0,0.0,1.6714310394557552,False
1782043996.2659988,33.15557670593262,4.422300756867653,1.5238164520555761,0.027787588734190946,0.0,0.0,1.5835127830385654,False
1782043996.3686752,33.25825309753418,4.440773309961815,1.5243479614681839,0.02778718691604622,0.0,0.0,1.4185216377905159,True
1782043996.4536588,33.343236684799194,4.457687459501149,1.5248136720632488,0.02778745509506193,0.0,0.0,1.2388896681332013,False
1782043996.543113,33.43269085884094,4.473055135813139,1.525211049950456,0.027788010856955307,0.0,0.0,1.0576843476578703,False
1782043996.6312058,33.52078366279602,4.488431929771782,1.525577354433674,0.027788389014476916,0.0,0.0,0.8659520839102797,False
1782043996.7088895,33.5984673500061,4.502298206157089,1.5258761524779139,0.027788300094864445,0.0,0.0,0.6900603327742009,False
1782043996.7952697,33.684847593307495,4.519331963950393,1.526197350732097,0.02778759992741554,0.0,0.0,0.48217890773018607,False
1782043996.8927274,33.7823052406311,4.531775493733487,1.526398235591434,0.027786943613189247,0.0,0.0,0.33797441515272214,False
1782043996.9818044,33.87138223648071,4.5537099257089295,1.5266809339010985,0.027786043255415314,0.0,0.0,0.11540920125825564,False
1782043997.0797412,33.969319105148315,4.571032023033533,1.5268418349201065,0.027785891848253343,0.0,0.0,359.97224090908793,False
1782043997.1633222,34.052900075912476,4.585196095564326,1.5269355477776787,0.02778617361628158,0.0,0.0,359.8762676388163,False
1782043997.2556307,34.14520859718323,4.5977328463525655,1.5269926141537635,0.027786685965652737,0.0,0.0,359.81209445424355,False
1782043997.335056,34.22463393211365,4.616422372375958,1.5270380165688584,0.02778767078619933,0.0,0.0,359.75953541645805,False
1782043997.4210596,34.31063747406006,4.636558880338558,1.527044167447855,0.027788505549864787,0.0,0.0,359.76397567783397,False
1782043997.4959726,34.3855504989624,4.650450076725984,1.5270304852746543,0.027788688558233493,0.0,0.0,359.80660990724226,False
1782043997.564262,34.45383977890015,4.66123276036103,1.527014134939344,0.02778855517425181,0.0,0.0,359.861861866933,False
1782043997.6328645,34.52244234085083,4.675072188278883,1.5269910124992951,0.02778811376562308,0.0,0.0,359.9593891767123,False
1782043997.7088668,34.59844470024109,4.690426861141479,1.526969896532714,0.02778755891993984,0.0,0.0,0.0980471551494742,False
1782043997.7829802,34.672558069229126,4.702708717500364,1.5269621774705016,0.027787312727838565,0.0,0.0,0.22638980568623696,False
1782043997.8492296,34.73880743980408,4.713466583158081,1.526965795241615,0.02778732457680098,0.0,0.0,0.34714287838281965,False
1782043997.9234025,34.81298041343689,4.727369803968223,1.5269893792777642,0.027787479872514377,0.0,0.0,0.5028662008750845,False
1782043998.004783,34.89436078071594,4.741381806448244,1.527038678329489,0.0277874853440787,0.0,0.0,0.6497078832776388,False
1782043998.0973666,34.98694443702698,4.7586205792428,1.527137965937601,0.027787019760158987,0.0,0.0,0.8145901440999227,False
1782043998.1626534,35.052231311798096,4.771214995577022,1.5272384637261465,0.027786402008005553,0.0,0.0,0.9241325347344924,False
1782043998.2242522,35.11383008956909,4.782260877770149,1.5273460718910672,0.027785857431346803,0.0,0.0,1.0120753255898456,False
1782043998.381619,35.2711968421936,4.8138320093541935,1.5277499015431923,0.027785806414823536,0.0,0.0,1.2180456658883123,False
1782043998.473582,35.36315989494324,4.827996144423157,1.5279739527091867,0.027786619950610134,0.0,0.0,1.2852532985312433,False
1782043998.5609014,35.45047926902771,4.845220521410072,1.5282775108662259,0.02778774044900155,0.0,0.0,1.3370123436615386,False
1782043998.6294026,35.518980503082275,4.859224987682169,1.5285457081090592,0.027788328416500255,0.0,0.0,1.3480862327922083,False
1782043998.7046163,35.594194173812866,4.871605618564049,1.528795311358992,0.027788476220997893,0.0,0.0,1.3295825286045189,False
1782043998.7763052,35.66588306427002,4.883927929522084,1.529051791465517,0.027788361332396965,0.0,0.0,1.2818680453685298,False
1782043998.8408325,35.73041033744812,4.896194524261342,1.529311053509791,0.027788185107145858,0.0,0.0,1.2039631812942098,False
1782043998.9304893,35.820067167282104,4.913036962498805,1.529665036740362,0.02778803953686064,0.0,0.0,1.0578037304270285,False
1782043999.0276852,35.91726303100586,4.928240506401782,1.5299738813823685,0.027788285387696312,0.0,0.0,0.8818474766753754,False
1782043999.13876,36.02833795547485,4.94701529778366,1.5303279196028317,0.02779086250761367,0.0,0.0,0.477575977606914,False
1782043999.2287488,36.11832666397095,4.96379714146533,1.5305933766247037,0.027793647215401854,0.0,0.0,359.99823565612587,False
1782043999.3172698,36.20684766769409,4.975984823392994,1.5307431589566978,0.027795088697037788,0.0,0.0,359.57896712753336,False
1782043999.4049568,36.29453468322754,4.988944524894331,1.5308732360765993,0.027797996731727927,0.0,0.0,358.8542705156621,False
1782043999.4943788,36.38395667076111,5.001404509229037,1.5309501386677202,0.02780058580956574,0.0,0.0,357.96171306236744,False
1782043999.5653772,36.454955101013184,5.009099261434406,1.530959901473938,0.027800989688879618,0.0,0.0,357.3519807124007,False
1782043999.6374698,36.527047634124756,5.016458985184945,1.5309329554808837,0.027800327312389298,0.0,0.0,356.7391853206389,False
1782043999.7149327,36.60451054573059,5.0244453822662685,1.5308549402257725,0.027798953407068526,0.0,0.0,356.0486274540625,False
1782043999.797228,36.686805963516235,5.033903831816487,1.530685048713593,0.02779769794347941,0.0,0.0,355.204140910037,False
1782043999.8832371,36.772814989089966,5.04229762308674,1.5304537814595065,0.027797766295295925,0.0,0.0,354.4363145786208,False
1782043999.9506445,36.84022235870361,5.048088576823922,1.5302456405958331,0.027798426043101326,0.0,0.0,353.89881962713855,False
1782044000.025089,36.91466689109802,5.054641603161485,1.5299589393026978,0.02779938313022311,0.0,0.0,353.28453294640605,False
1782044000.103841,36.99341893196106,5.062757137110703,1.5295244405648876,0.027800185041989542,0.0,0.0,352.51666838311695,False
1782044000.1873384,37.076916217803955,5.071610803839166,1.5289450783209866,0.027800036880038122,0.0,0.0,351.6720128754217,False
1782044000.255347,37.1449248790741,5.077213921604649,1.5285193912997055,0.027799494814948568,0.0,0.0,351.1345043959402,False
1782044000.3487794,37.23835730552673,5.085980256688242,1.527758571948213,0.02779858050608158,0.0,0.0,350.2898502038964,False
1782044000.441092,37.33066987991333,5.094707958772753,1.5268831086435886,0.02779829257576491,0.0,0.0,349.44519918765207,False
1782044000.5230536,37.41263151168823,5.102614208841612,1.5259858925687346,0.027798713539175936,0.0,0.0,348.6773357528781,False
1782044000.6057224,37.49530029296875,5.1097096722400215,1.5250947315010326,0.027799319857521012,0.0,0.0,347.9862576890153,False
1782044000.676207,37.56578493118286,5.11600187891278,1.5242353803432358,0.027799709355045256,0.0,0.0,347.37196452645736,False
1782044000.7433326,37.63291049003601,5.123848294464198,1.5230715299286772,0.027799740425763574,0.0,0.0,346.60409633336656,False
1782044000.820618,37.710195779800415,5.130110619705391,1.5220682824476672,0.027799434338244024,0.0,0.0,345.98980135203675,False
1782044000.9119446,37.80152249336243,5.1379199846488035,1.5207235548632512,0.027798931436841135,0.0,0.0,345.22193348091673,False
1782044000.9930286,37.882606506347656,5.144152402751407,1.5195749807329846,0.02779868154738199,0.0,0.0,344.6076403512362,False
1782044001.075309,37.96488690376282,5.151147421420857,1.5182052865631608,0.027798704381257772,0.0,0.0,343.91656152756127,False
1782044001.1521978,38.041775703430176,5.158124443725188,1.5167533421821637,0.027798988841109054,0.0,0.0,343.22548284039084,False
1782044001.2555587,38.14513659477234,5.168169157982154,1.51451072555313,0.027799438682660993,0.0,0.0,342.2272566636024,False
1782044001.337067,38.22664475440979,5.1781724691388975,1.5120962876920359,0.027799468221875033,0.0,0.0,341.22902854364855,False
1782044001.4106832,38.3002610206604,5.186602539247879,1.5099192100542114,0.027799182802896536,0.0,0.0,340.38437373608986,False
1782044001.484577,38.374154806137085,5.192712756858317,1.5082587888768082,0.02779896694697005,0.0,0.0,339.7700798905478,False
1782044001.552162,38.44173979759216,5.198044285797573,1.5067527529310667,0.027798868275092696,0.0,0.0,339.2325732785332,False
1782044001.6253026,38.514880418777466,5.204877910244166,1.5047436395743683,0.027798909121102916,0.0,0.0,338.5414937985218,False
1782044001.703051,38.592628955841064,5.2124417766938675,1.502415481599774,0.027799109369436345,0.0,0.0,337.77362768648436,False
1782044001.777917,38.667494773864746,5.218469998400631,1.5004805373346448,0.02779927524540821,0.0,0.0,337.15933436852055,False
1782044001.8507926,38.74037051200867,5.224477154516936,1.4984814071759445,0.027799358098774773,0.0,0.0,336.54504057045506,False
1782044001.932768,38.82234597206116,5.2327013465149035,1.4956281442953836,0.02779929149234353,0.0,0.0,335.70038613714064,False
1782044002.0053005,38.89487838745117,5.238655739889626,1.4934773437195752,0.027799160695375524,0.0,0.0,335.0860920605825,False
1782044002.0840921,38.97367000579834,5.244586766304724,1.4912630377159688,0.027799038220114407,0.0,0.0,334.47179829050907,False
1782044002.1578825,39.047460317611694,5.250493745474739,1.4889854538894143,0.027798982431429368,0.0,0.0,333.85750486953043,False
1782044002.236054,39.12563180923462,5.258579496741242,1.4857488033824797,0.027799039016297346,0.0,0.0,333.01331450435816,False
1782044002.3216965,39.21127438545227,5.265188735303965,1.4829970052202552,0.02779913200005567,0.0,0.0,332.3260689925029,False
1782044002.3953888,39.284966707229614,5.271137225749767,1.4804303378403025,0.027799134075143686,0.0,0.0,331.724835690004,False
1782044002.4587557,39.34833359718323,5.277979775236524,1.4773670396361869,0.027798963396213197,0.0,0.0,331.062058906864,False
1782044002.5218625,39.41144037246704,5.284260446710952,1.4744472878610257,0.027798637675602637,0.0,0.0,330.4895313990552,False
1782044002.611706,39.50128388404846,5.29158228971764,1.4709155457885121,0.027798141602844183,0.0,0.0,329.8623376527013,False
1782044002.6864574,39.576035261154175,5.299209337250607,1.4670942887752192,0.02779760093344461,0.0,0.0,329.255169730676,False
1782044002.7636425,39.653220415115356,5.308953939829931,1.4620129561793418,0.027796998019740587,0.0,0.0,328.5397137004567,False
1782044002.8357186,39.72529649734497,5.316303984039246,1.4580431159437806,0.027796642745267674,0.0,0.0,328.035356061469,True
1782044002.9087842,39.798362016677856,5.322921958264217,1.4543724606891968,0.027796346836522115,0.0,0.0,327.6069753302137,False
1782044002.9813938,39.8709716796875,5.331675801070651,1.4493845288037333,0.027795924510112258,0.0,0.0,327.0738701039612,False
1782044003.047232,39.9368097782135,5.34070443858193,1.4440895667443283,0.02779538139205424,0.0,0.0,326.5629645566563,False
1782044003.1309228,40.02050065994263,5.349997831486224,1.4384889340777267,0.027794697535737798,0.0,0.0,326.0754487278638,False
1782044003.2031226,40.092700481414795,5.358535686210778,1.4332134782783643,0.027793884904937012,0.0,0.0,325.671055632301,False
1782044003.2879355,40.17751336097717,5.3707240698662995,1.4254815529832041,0.02779244138599978,0.0,0.0,325.16406934686034,False
1782044003.3586285,40.24820637702942,5.37990631526024,1.4195135748522991,0.02779121685056873,0.0,0.0,324.83329248599495,False
1782044003.4356296,40.325207471847534,5.3905800855993045,1.4124349712324504,0.027789659081012014,0.0,0.0,324.5075320141016,False
1782044003.5051177,40.394695520401,5.4015783222273255,1.4049999065565506,0.027788025524766516,0.0,0.0,324.2305609109186,False
1782044003.5957432,40.485321044921875,5.412855108222611,1.397246313400953,0.02778645018338614,0.0,0.0,324.00734705076695,False
1782044003.6628041,40.55238199234009,5.424166105648991,1.3893606435285188,0.027785665826103954,0.0,0.0,323.84271506696047,False
1782044003.7275274,40.61710524559021,5.434111870799395,1.3823518247259052,0.02778607537896423,0.0,0.0,323.75369420150855,False
1782044003.8077862,40.69736409187317,5.4439048281882,1.3753931872157825,0.02778756387487298,0.0,0.0,323.72659139288686,False
1782044003.9057302,40.795308113098145,5.457093726059544,1.3659510670043238,0.027790792092062377,0.0,0.0,323.8119429315805,False
1782044003.9953978,40.88497567176819,5.471911367078307,1.3552711507353075,0.027792172949570294,0.0,0.0,323.92757708584907,False
1782044004.0653648,40.95494270324707,5.483188203259822,1.3471175009433407,0.02779070265027232,0.0,0.0,324.0211818052866,False
1782044004.1451178,41.034695625305176,5.493210133627144,1.3398642596832886,0.02778794713623131,0.0,0.0,324.11960004828126,False
1782044004.2271876,41.11676549911499,5.505637602607456,1.3308721388255245,0.02778456534618633,0.0,0.0,324.27655271278405,False
1782044004.3151631,41.20474100112915,5.520344900030126,1.3202505507253761,0.027784217421938495,0.0,0.0,324.52789268721193,False
1782044004.3951073,41.284685134887695,5.531217626357202,1.3124253663492826,0.027787389079429216,0.0,0.0,324.76505250878296,False
1782044004.4629123,41.352490186691284,5.539567385475807,1.3064386044112304,0.027790889335695346,0.0,0.0,324.9796424279525,False
1782044004.5324535,41.42203140258789,5.548986450349321,1.2997151693832774,0.02779440075344976,0.0,0.0,325.25622334149074,False
1782044004.607097,41.49667477607727,5.560596373237273,1.2914820884386862,0.02779614043659097,0.0,0.0,325.64051046883037,False
1782044004.6854367,41.57501459121704,5.570867638972479,1.2842575990642553,0.027795025408670872,0.0,0.0,326.02144614293854,False
1782044004.7526357,41.642213582992554,5.578649624436682,1.2788247024454156,0.02779347859338244,0.0,0.0,326.3514348055452,False
1782044004.8231988,41.71277666091919,5.588428280918973,1.2720561133247315,0.027792056361772052,0.0,0.0,326.80765783430223,False
1782044004.9010365,41.79061436653137,5.599264840407662,1.2646498830988568,0.027791956508175522,0.0,0.0,327.3135346644661,False
1782044004.9729948,41.86257266998291,5.60860866746024,1.2583711222173517,0.02779160484178422,0.0,0.0,327.6231625624078,False
1782044005.0386064,41.928184270858765,5.617193769446172,1.2526787590216168,0.027790645425044978,0.0,0.0,327.84295868884146,False
1782044005.1144671,42.00404500961304,5.628579118393125,1.245224904118022,0.02778842907329395,0.0,0.0,328.0822750298453,False
1782044005.188936,42.078513860702515,5.641486693410643,1.2368866299680112,0.0277854748369426,0.0,0.0,328.3138887484301,False
1782044005.263402,42.15297985076904,5.6519254219205175,1.2302193913041453,0.027783841182278737,0.0,0.0,328.4824429507695,False
1782044005.329102,42.218679904937744,5.662405298147729,1.2235867055039988,0.027783707990063182,0.0,0.0,328.6445782869796,False
1782044005.3980117,42.28758955001831,5.6728936385422575,1.217004442796557,0.02778518899413233,0.0,0.0,328.80646523223277,False
1782044005.4607368,42.35031461715698,5.684657492919829,1.209683133594868,0.027788022910170046,0.0,0.0,328.99774053233904,False
1782044005.5359232,42.425501108169556,5.694992911678431,1.2033007808029645,0.027790574039934183,0.0,0.0,329.1920269024015,False
1782044005.616049,42.505626916885376,5.705185424104576,1.1970520600950967,0.02779226854682688,0.0,0.0,329.41644874810174,False
1782044005.693822,42.58339977264404,5.717788930360997,1.1893912451709592,0.02779254852715982,0.0,0.0,329.7300434846207,False
1782044005.7590766,42.64865446090698,5.727794391755667,1.1833651432234042,0.027791645564592092,0.0,0.0,330.00114450865163,False
1782044005.8246956,42.71427345275879,5.736520449546701,1.17815260450243,0.027790593726866583,0.0,0.0,330.2478547574293,False
1782044005.8990452,42.788623094558716,5.7478107554574684,1.171473079169542,0.0277894274096888,0.0,0.0,330.55243605762354,False
1782044005.9877312,42.8773090839386,5.762054684024375,1.1631572182415295,0.027788108171988818,0.0,0.0,330.82124019399794,False
1782044006.0531073,42.9426851272583,5.771288888502256,1.1578254892582887,0.027787448452029642,0.0,0.0,330.9484132160215,False
1782044006.122696,43.01227378845215,5.780613976400861,1.15248309531326,0.027786882218724572,0.0,0.0,331.05132910843315,False
1782044006.2013454,43.09092330932617,5.795388456127053,1.144093473984336,0.0277862095226404,0.0,0.0,331.1882079148123,False
1782044006.2696583,43.15923619270325,5.807508175424229,1.1372702111957376,0.027786185365009167,0.0,0.0,331.3132614683448,False
1782044006.3347816,43.2243595123291,5.816940031350193,1.1319934106632874,0.02778662114835059,0.0,0.0,331.420964188105,False
1782044006.414845,43.3044228553772,5.82771819620146,1.1259972898261479,0.027787532302407342,0.0,0.0,331.5550777100569,False
1782044006.4857802,43.37535810470581,5.841174648312139,1.1185608107953877,0.027788828775178263,0.0,0.0,331.74015270688903,False
1782044006.5568726,43.44645047187805,5.853255003994598,1.1119318279431456,0.02778955396448529,0.0,0.0,331.9243231299563,False
1782044006.624065,43.51364278793335,5.86263091393648,1.1068183114144894,0.027789594227901924,0.0,0.0,332.07833033850807,False
1782044006.69859,43.588167905807495,5.873319787800705,1.1010233583064062,0.02778916636877592,0.0,0.0,332.26587826516476,False
1782044006.7689433,43.65852117538452,5.885304470560226,1.094571685228081,0.027788511549109884,0.0,0.0,332.4918679205928,False
1782044006.840714,43.73029184341431,5.898586841872185,1.08748147799257,0.027788173373953073,0.0,0.0,332.7582865443691,False
1782044006.924177,43.81375479698181,5.909261086482498,1.0818329823271842,0.02778826529294509,0.0,0.0,332.9712912718048,False
1782044007.0041475,43.89372539520264,5.921498502914883,1.0754155360514308,0.027788159448041912,0.0,0.0,333.1811729325034,False
1782044007.0915933,43.98117113113403,5.933894709014939,1.0689753128928412,0.027787672156183787,0.0,0.0,333.3672948771225,False
1782044007.1733172,44.06289505958557,5.950565796166007,1.0604036907244405,0.027786503871547286,0.0,0.0,333.5896238348492,False
1782044007.2504764,44.14005422592163,5.964532794704159,1.053295745625832,0.027785651335505826,0.0,0.0,333.7587546274879,False
1782044007.3250656,44.214643478393555,5.975731046562277,1.0476416997672975,0.027785509440212294,0.0,0.0,333.8875135529173,False
1782044007.410952,44.30052995681763,5.989736047279339,1.0406232288900876,0.027786186223412498,0.0,0.0,334.0454967834021,False
1782044007.5007637,44.39034152030945,6.006338935793926,1.0323726438091312,0.02778809682689255,0.0,0.0,334.265959783092,False
1782044007.5789483,44.468526124954224,6.01767128386405,1.0267750299672642,0.027791959600154126,0.0,0.0,334.6087761777561,False
1782044007.6529517,44.542529582977295,6.027099315493845,1.0221467511794344,0.027795952851804594,0.0,0.0,335.01394472315945,False
1782044007.7293196,44.618897438049316,6.037269820322145,1.0171971489522722,0.027799185704861097,0.0,0.0,335.523674290204,False
1782044007.8145463,44.704124212265015,6.047165954203839,1.0124382724206489,0.02779992707957339,0.0,0.0,336.0568085873305,False
1782044007.884668,44.77424597740173,6.060168896442655,1.0062934539603734,0.02779747604281961,0.0,0.0,336.7746021523901,False
1782044007.9517868,44.84136462211609,6.068886518450509,1.0022557845635538,0.027795033096396946,0.0,0.0,337.24144495783014,False
1782044008.0207698,44.91034770011902,6.07657887533596,0.9987516527473597,0.027793392445745656,0.0,0.0,337.6429878072109,False
1782044008.0976052,44.98718309402466,6.085454982084683,0.9947786222021847,0.027792672700177115,0.0,0.0,338.0951494883398,False
1782044008.162909,45.05248689651489,6.095547188582101,0.9903538196357138,0.027793315659114148,0.0,0.0,338.5972404478946,False
1782044008.2252836,45.114861488342285,6.10460567071356,0.9864662295222348,0.02779456500817909,0.0,0.0,339.03913000027154,False
1782044008.300613,45.19019079208374,6.1125942764374654,0.9831034671468715,0.027795568140982444,0.0,0.0,339.4231244265252,False
1782044008.3731902,45.262768030166626,6.122947877764358,0.9788362374390883,0.027796115194663004,0.0,0.0,339.9133549224612,False
1782044008.437275,45.326852798461914,6.133395223578543,0.9746338287009586,0.02779566302416026,0.0,0.0,340.39927843398243,False
1782044008.514757,45.40433478355408,6.142755862164544,0.9709556962870111,0.027794749327675783,0.0,0.0,340.8280424387425,False
1782044008.5861146,45.47569251060486,6.152189561345821,0.9673313110510882,0.027793835622776396,0.0,0.0,341.25324481046493,False
1782044008.647747,45.53732490539551,6.16169460908029,0.9637620349354972,0.02779330374681882,0.0,0.0,341.67503890647913,False
1782044008.714933,45.60451078414917,6.17126415147697,0.9602507657159735,0.027793292314173525,0.0,0.0,342.0941166834119,False
1782044008.7914026,45.68098044395447,6.1808979528387535,0.956798028512372,0.027793663970065666,0.0,0.0,342.5103041548538,True
1782044008.8562055,45.74578332901001,6.190596458197785,0.9534040714298413,0.027794127524346096,0.0,0.0,342.9233861507443,False
1782044008.9286294,45.81820726394653,6.201604542107007,0.949650538424557,0.027794383649949878,0.0,0.0,343.3817154729487,False
1782044009.0049944,45.894572257995605,6.211485808311243,0.9463691018870973,0.027794215452098092,0.0,0.0,343.78272917307373,False
1782044009.086936,45.97651386260986,6.22144287852424,0.9431442115816374,0.02779376626582336,0.0,0.0,344.1796774880758,False
1782044009.1620848,46.05166268348694,6.235240534325976,0.9388074073384078,0.027793079457059073,0.0,0.0,344.7203940960725,False
1782044009.2515247,46.14110255241394,6.24787227564674,0.9349678619873051,0.027792770849791718,0.0,0.0,345.2084495486159,False
1782044009.3148339,46.20441174507141,6.2580322282637795,0.9319683310073595,0.027792818536382817,0.0,0.0,345.59669930726915,False
1782044009.388973,46.27855086326599,6.270796916835728,0.9283097206884803,0.027793089810072703,0.0,0.0,346.0792750443792,False
1782044009.4645724,46.35415029525757,6.281065310012202,0.9254541500071959,0.027793276918477917,0.0,0.0,346.46229152430817,False
1782044009.5326622,46.422240018844604,6.290098388324387,0.9230058358466751,0.027793303114253078,0.0,0.0,346.7942832421475,False
1782044009.6118276,46.501405477523804,6.303086728248155,0.9195883800817918,0.02779307318027704,0.0,0.0,347.26286908650525,False
1782044009.694936,46.584513902664185,6.316177982845401,0.9162643041121923,0.027792645843641217,0.0,0.0,347.72434684890214,False
1782044009.7607448,46.650322675704956,6.326732805719303,0.9136706195466066,0.02779229670118888,0.0,0.0,348.08741182695167,False
1782044009.8331149,46.7226927280426,6.338697028979821,0.9108217577106252,0.027792006102240606,0.0,0.0,348.48899582793115,False
1782044009.9149635,46.80454134941101,6.350762724718247,0.908044709311526,0.027791839060805745,0.0,0.0,348.8824512063243,False
1782044009.9909914,46.88056921958923,6.362950530539883,0.9053353042206946,0.027791698207361194,0.0,0.0,349.26521994410035,False
1782044010.0577092,46.94728708267212,6.375249064647866,0.9026955644690707,0.02779152074983751,0.0,0.0,349.6386786695896,False
1782044010.1289873,47.01856517791748,6.3876400523385435,0.9001283756227988,0.027791298978235707,0.0,0.0,350.00478089774236,False
1782044010.215219,47.10479688644409,6.4001133363641,0.8976348125399809,0.027791064641390077,0.0,0.0,350.36435338724726,False
1782044010.2879326,47.177510499954224,6.412665404441659,0.8952146715482022,0.02779086012874132,0.0,0.0,350.71740916380656,False
1782044010.3477514,47.23732924461365,6.425294056026721,0.8928674969158068,0.027790707776637245,0.0,0.0,351.0638695406191,False
1782044010.4174178,47.30699563026428,6.436575425656483,0.8908430224846836,0.027790619992023088,0.0,0.0,351.36710772082216,False
1782044010.4890375,47.378615379333496,6.446493313867404,0.8891183535699513,0.027790549600814077,0.0,0.0,351.6281516698964,False
1782044010.5503678,47.439945697784424,6.456462109327811,0.8874358382973961,0.02779044733703032,0.0,0.0,351.88411382580983,False
1782044010.62169,47.51126790046692,6.467913620885271,0.8855646489055508,0.027790280482661706,0.0,0.0,352.17075298711416,False
1782044010.7066882,47.59626603126526,6.48375170388689,0.8830819807108119,0.027789990831447724,0.0,0.0,352.5555405578758,False
1782044010.7864218,47.67599964141846,6.496777457712863,0.8811288207349217,0.02778976834541827,0.0,0.0,352.8635636191885,False
1782044010.8641982,47.75377607345581,6.508408813574388,0.8794505186719119,0.027789609846804793,0.0,0.0,353.13172880977663,False
1782044010.951732,47.841309785842896,6.5244551438791625,0.8772336516938635,0.027789514997557146,0.0,0.0,353.4951783908976,False
1782044011.0345027,47.92408061027527,6.540544227065466,0.8751222298081918,0.0277895524828459,0.0,0.0,353.8547849917231,False
1782044011.1242247,48.01380252838135,6.553763902816944,0.8734692763375838,0.02778955391451041,0.0,0.0,354.1428461726973,False
1782044011.2080107,48.097588539123535,6.56852026159376,0.8717094192677743,0.027789429803419367,0.0,0.0,354.45494297508276,False
1782044011.2970195,48.18659734725952,6.584829747234748,0.8698660493623301,0.027789145442748013,0.0,0.0,354.7887884494545,False
1782044011.3589203,48.24849820137024,6.5952545709762385,0.8687423354408293,0.02778891670675456,0.0,0.0,354.99535077447683,False
1782044011.4227283,48.31230616569519,6.607208795204917,0.8675046968724478,0.027788670233570102,0.0,0.0,355.22610110672633,False
1782044011.5743823,48.46396017074585,6.632751499869694,0.8650364836226919,0.027788346948230604,0.0,0.0,355.69711246903324,False
1782044011.6422706,48.531848430633545,6.643330775603978,0.864082164733584,0.02778826976644852,0.0,0.0,355.8822280207831,False
1782044011.7325687,48.62214660644531,6.656993155571638,0.8629064208205094,0.027788146674713687,0.0,0.0,356.1112067923583,False
1782044011.8171206,48.706698417663574,6.681427208093858,0.8609557596244104,0.027787795614741814,0.0,0.0,356.49463640920203,False
1782044011.901429,48.79100680351257,6.695228256384214,0.8599356576631911,0.027787596407463123,0.0,0.0,356.69978092464635,False
1782044011.9739547,48.86353254318237,6.7074787577381585,0.8590766844923725,0.027787580049487358,0.0,0.0,356.882936516526,False
1782044012.0462525,48.93583035469055,6.721257371799872,0.8581617525151722,0.027787727826967437,0.0,0.0,357.08885147255324,False
1782044012.1266124,49.01619029045105,6.738119772521257,0.8571145078319865,0.02778798949316364,0.0,0.0,357.3372822963391,False
1782044012.198767,49.08834481239319,6.7504079814165365,0.8564006317211554,0.027788091024945106,0.0,0.0,357.5142789541363,False
1782044012.2661736,49.1557514667511,6.761182441714187,0.8558082467832604,0.027788040718819317,0.0,0.0,357.6656507304696,False
1782044012.3350801,49.22465801239014,6.775069742290733,0.8550900324629993,0.027787768982663233,0.0,0.0,357.85451485571014,False
1782044012.4101553,49.29973316192627,6.788997999039789,0.8544197264435771,0.02778735213005575,0.0,0.0,358.03605008416423,False
1782044012.5018666,49.39144444465637,6.802986412600571,0.8537955968141774,0.02778690700277652,0.0,0.0,358.20686144679496,False
1782044012.571887,49.46146488189697,6.817038565478464,0.8532162365530928,0.027786560197209653,0.0,0.0,358.3653296979103,False
1782044012.649879,49.539456844329834,6.831148156044819,0.8526801781738279,0.027786371873926203,0.0,0.0,358.5112179933216,False
1782044012.7358344,49.62541222572327,6.845306342123823,0.8521856639033535,0.027786313796341458,0.0,0.0,358.64488852690215,False
1782044012.8198938,49.709471702575684,6.862665066988192,0.8516346340154184,0.0277863043927079,0.0,0.0,358.79129174541487,False
1782044012.919596,49.809173822402954,6.883215959306692,0.8510540062042675,0.027786303857074566,0.0,0.0,358.94017566390363,False
1782044013.010891,49.900468826293945,6.900599569583433,0.8506172761242163,0.027786360393089567,0.0,0.0,359.04933831703704,False
1782044013.0896733,49.97925114631653,6.916355845408531,0.8502599660945889,0.027786573164786804,0.0,0.0,359.15125821438863,False
1782044013.1602366,50.04981446266174,6.930519644044963,0.8499681345768633,0.027786820436359543,0.0,0.0,359.24608960897086,False
1782044013.239226,50.128803968429565,6.944689603096156,0.8497029928885342,0.027786985856746313,0.0,0.0,359.3413416443784,False
1782044013.3072398,50.19681763648987,6.955723870701524,0.8495146153884345,0.02778697682217333,0.0,0.0,359.4140449825231,False
1782044013.4046466,50.29422450065613,6.974668917225142,0.8492269832941909,0.02778663650256486,0.0,0.0,359.53395142527233,False
1782044013.48609,50.37566781044006,6.992064720788012,0.8490012526298336,0.027786138239835174,0.0,0.0,359.6372015345762,False
1782044013.558723,50.44830083847046,7.004733246985585,0.8488590056194136,0.02778585846735937,0.0,0.0,359.70753377587937,False
1782044013.6417,50.531277894973755,7.018991929893392,0.8487201919837349,0.02778579445040415,0.0,0.0,359.78105275794303,False
1782044013.7152007,50.6047785282135,7.0332444771863765,0.8486028500204348,0.027786035324101323,0.0,0.0,359.84766498203845,False
1782044013.8366563,50.72623419761658,7.052229838626174,0.8484776135021769,0.027786592247609397,0.0,0.0,359.92465370327017,False
1782044013.9450936,50.83467149734497,7.06802920278261,0.8483982272482521,0.027786938664570198,0.0,0.0,359.9772262933238,False
1782044014.043246,50.93282389640808,7.085384612604856,0.8483342188847431,0.02778697368167518,0.0,0.0,0.025795218901739053,False
1782044014.126428,51.016005754470825,7.104308543836042,0.8482890773329278,0.027786662043864294,0.0,0.0,0.08670672132511811,False
1782044014.225586,51.115163803100586,7.123240322860289,0.8482679681726999,0.027786322634835152,0.0,0.0,0.15483726014154414,False
1782044014.3194156,51.208993434906006,7.139020990383873,0.8482684081600188,0.02778624739366183,0.0,0.0,0.21630881074317732,False
1782044014.4162948,51.305872678756714,7.157977901850454,0.848290881406806,0.027786368712546167,0.0,0.0,0.29226002898417824,False
1782044014.5259056,51.415483474731445,7.178551238422758,0.8483427699921268,0.027786467795570303,0.0,0.0,0.3725951428925347,False
1782044014.6462066,51.53578448295593,7.19915755506048,0.8484233844455293,0.027786319546330773,0.0,0.0,0.4479981156546319,False
1782044014.7487435,51.63832139968872,7.227694848936244,0.8485810668253501,0.027786058158569684,0.0,0.0,0.5425152786118194,False
1782044014.8192675,51.708845376968384,7.241952100584311,0.8486790237051142,0.0277861281472309,0.0,0.0,0.5837704652835589,False
1782044014.898791,51.788368940353394,7.256193800754741,0.8487888626762754,0.027786356821978567,0.0,0.0,0.6193479710768796,False
1782044014.9649348,51.8545126914978,7.268830853339382,0.8488956826675569,0.02778663186078626,0.0,0.0,0.6441717807393477,False
1782044015.0330286,51.922606468200684,7.283039371488584,0.849025398272799,0.02778686019540264,0.0,0.0,0.6730741662012857,False
1782044015.1124246,52.002002477645874,7.295667867415985,0.8491486468145591,0.027786898646135455,0.0,0.0,0.7030809531254448,False
1782044015.1875029,52.077080726623535,7.308296598288256,0.8492791799867706,0.02778677127319367,0.0,0.0,0.7367950188770028,False
1782044015.260473,52.15005087852478,7.324092342276955,0.8494527930579043,0.027786455191151027,0.0,0.0,0.7821993004363355,True
1782044015.3198085,52.209386348724365,7.336740049180643,0.8496002984163429,0.027786197451420292,0.0,0.0,0.8198648334190342,False
1782044015.3938482,52.28342604637146,7.3478148765967,0.8497358152358875,0.02778605186636131,0.0,0.0,0.8531178615066,False
1782044015.4617283,52.351306200027466,7.360477311780313,0.8498981546683332,0.027786028468374496,0.0,0.0,0.8914391439996499,False
1782044015.5270844,52.41666221618652,7.373149245803918,0.8500686368843648,0.027786130966293475,0.0,0.0,0.9292106765410524,False
1782044015.6062567,52.49583458900452,7.389002158491599,0.850293292373537,0.027786319284463106,0.0,0.0,0.9747794721420775,False
1782044015.6830773,52.57265520095825,7.401689827335918,0.8504821726752303,0.02778641812878321,0.0,0.0,1.0099309557291676,False
1782044015.7498467,52.639424562454224,7.415957664812359,0.8507041008194386,0.02778642731824806,0.0,0.0,1.046826823898676,False
1782044015.8274305,52.71700835227966,7.428631448447915,0.8509095100365149,0.027786364628527696,0.0,0.0,1.0765382637438936,False
1782044015.900436,52.790013790130615,7.4412941481215595,0.8511222302122121,0.02778630336286441,0.0,0.0,1.102463736190653,False
1782044015.9666452,52.85622310638428,7.457113454567714,0.8513978928513395,0.027786309655108594,0.0,0.0,1.1298848893083604,False
1782044016.032956,52.92253375053406,7.4713382760233955,0.8516544494932767,0.02778643283353902,0.0,0.0,1.1563363009779706,False
1782044016.110688,53.0002658367157,7.483973994716362,0.8518888836847722,0.027786588618959166,0.0,0.0,1.1842653999552317,False
1782044016.1808767,53.070454597473145,7.496605716879121,0.8521293962940841,0.02778670528847254,0.0,0.0,1.2160797980558422,False
1782044016.2490356,53.13861346244812,7.509242167230481,0.8523763684339144,0.027786706402014926,0.0,0.0,1.2504759198542688,False
1782044016.3154418,53.20501971244812,7.523468091809106,0.8526623962750042,0.027786552370190495,0.0,0.0,1.29098000712839,False
1782044016.3875487,53.27712655067444,7.536123990617965,0.8529242963856636,0.0277863311784083,0.0,0.0,1.3274935162849424,False
1782044016.4646294,53.354207277297974,7.548785381636397,0.8531935658784435,0.027786132004741716,0.0,0.0,1.3644377058287758,False
1782044016.5226486,53.41222643852234,7.559871318029819,0.8534354531045556,0.027786032089773066,0.0,0.0,1.3964189355427543,False
1782044016.5913124,53.48089027404785,7.574135144270771,0.8537552331060507,0.027786038865051717,0.0,0.0,1.4362987006045753,False
1782044016.6572611,53.546838998794556,7.5868200417245975,0.8540477408925442,0.027786150793767787,0.0,0.0,1.4706464629432396,False
1782044016.71601,53.60558795928955,7.596332356991873,0.854272091423467,0.027786266570326634,0.0,0.0,1.4952544204496556,False
1782044016.7905717,53.6801495552063,7.609009178806274,0.8545776635811554,0.027786409497550978,0.0,0.0,1.5257899752154396,False
1782044016.8542092,53.74378705024719,7.6200916475719405,0.8548508302612974,0.02778649294810813,0.0,0.0,1.5495531170519883,False
1782044016.9149208,53.80449867248535,7.635905498717185,0.8552499108097701,0.027786536594883164,0.0,0.0,1.577519844608957,False
1782044017.0054584,53.89503622055054,7.651703097003304,0.855658645669279,0.027786534677332306,0.0,0.0,1.5988451706056044,False
1782044017.0708025,53.96038031578064,7.662762861067546,0.8559501995881261,0.027786520588499466,0.0,0.0,1.615173771181993,False
1782044017.1351395,54.02471733093262,7.675404938557114,0.8562885312978428,0.027786504679175407,0.0,0.0,1.6364696193804116,False
1782044017.2024646,54.092042446136475,7.689632557554956,0.8566755854160055,0.02778646932744744,0.0,0.0,1.6631561197605138,False
1782044017.2627397,54.1523175239563,7.70070614096675,0.856981446881347,0.027786404381903145,0.0,0.0,1.6849116292260289,False
1782044017.333181,54.222758769989014,7.711783700722218,0.8572914952108066,0.027786312363643605,0.0,0.0,1.7074583492952018,False
1782044017.398763,54.28834080696106,7.72444903918278,0.8576510606976565,0.027786198108322196,0.0,0.0,1.7337906017334332,False
1782044017.4761143,54.365692138671875,7.740294053011654,0.8581086556761262,0.027786094416943335,0.0,0.0,1.7659870282503753,False
1782044017.537484,54.427061796188354,7.7513909278590765,0.8584342922458355,0.027786089290655243,0.0,0.0,1.7880122225967094,False
1782044017.6062598,54.495837688446045,7.762487849914835,0.858764176033326,0.027786150188344027,0.0,0.0,1.8092672754766108,False
1782044017.6954212,54.584999084472656,7.781498206930149,0.8593390317006323,0.027786358114791892,0.0,0.0,1.841771796969696,False
1782044017.7708309,54.66040873527527,7.794158515383462,0.8597284484084369,0.02778649566595563,0.0,0.0,1.859428244925778,False
1782044017.831847,54.72142481803894,7.805230428073718,0.8600730627378835,0.027786565924201357,0.0,0.0,1.872115129435627,False
1782044017.8994718,54.78904962539673,7.8178774084421105,0.8604709731970558,0.027786578226333306,0.0,0.0,1.8831665763915026,False
1782044017.970641,54.86021876335144,7.832092436420889,0.8609230542946442,0.027786543373290198,0.0,0.0,1.8899756424842207,False
1782044018.0426455,54.932223320007324,7.8447328151936135,0.8613286993022308,0.027786475734242196,0.0,0.0,1.8945400468442493,False
1782044018.1150937,55.004671573638916,7.857384110890169,0.8617375646615569,0.027786390867422472,0.0,0.0,1.900656603288052,False
1782044018.1985726,55.08815050125122,7.874789436850614,0.8623041476914322,0.027786289654047572,0.0,0.0,1.911570945119108,False
1782044018.2791836,55.16876149177551,7.889034883754268,0.8627711222428798,0.027786230806736877,0.0,0.0,1.9225497443377928,False
1782044018.3486667,55.23824453353882,7.900122078482859,0.8631365571430824,0.027786191528497897,0.0,0.0,1.931416404162735,False
1782044018.4170294,55.306607246398926,7.914385161413814,0.8636092254876241,0.027786161599362733,0.0,0.0,1.9427198609421275,False
1782044018.4850292,55.37460708618164,7.928653550877604,0.8640849296240734,0.027786173182728354,0.0,0.0,1.9539167543626303,False
1782044018.5478442,55.437422037124634,7.939753359426302,0.8644569554767986,0.027786209593611243,0.0,0.0,1.962553291003984,False
1782044018.6138709,55.503448724746704,7.950850784485948,0.8648305990720353,0.027786264390834998,0.0,0.0,1.9706131969555036,False
1782044018.678702,55.56827998161316,7.963526827849288,0.8652594228512259,0.027786334886358784,0.0,0.0,1.9782921870682608,False
1782044018.7426207,55.63219857215881,7.977782280152886,0.8657441278766252,0.027786387876493762,0.0,0.0,1.985002663997339,False
1782044018.8053892,55.69496703147888,7.9888650554693195,0.8661226050569368,0.02778640336975743,0.0,0.0,1.9884574427217199,False
1782044018.8763072,55.7658851146698,7.99994008355022,0.8665020882873892,0.02778641044687671,0.0,0.0,1.9895254898567256,False
1782044018.9367194,55.82629728317261,8.012591249716424,0.866936854607896,0.02778641577153311,0.0,0.0,1.9878006928734882,False
1782044018.99967,55.88924789428711,8.025241231663632,0.8673725551209202,0.02778642163576008,0.0,0.0,1.9840473785774304,False
1782044019.0801573,55.96973514556885,8.039479758853618,0.8678636467555741,0.02778641314417362,0.0,0.0,1.9814688177126012,False
1782044019.1473227,56.03690052032471,8.050557657693224,0.8682460050111948,0.02778639240902327,0.0,0.0,1.980843128205797,False
1782044019.212064,56.10164189338684,8.063220193131922,0.8686832529405062,0.027786348414982526,0.0,0.0,1.9816038735550492,False
1782044019.2857535,56.175331354141235,8.079050930402891,0.8692302003529888,0.02778626969935353,0.0,0.0,1.9846170218396642,False
1782044019.3576062,56.24718403816223,8.091724209555085,0.8696683881119055,0.027786197709478613,0.0,0.0,1.9874335161893497,False
1782044019.4248686,56.314446449279785,8.102818508057434,0.8700522884170769,0.027786154426698174,0.0,0.0,1.9898923190724407,False
1782044019.4976013,56.387179136276245,8.11708685401086,0.8705465045625888,0.02778615170422012,0.0,0.0,1.9930461303947649,False
1782044019.5593662,56.448944091796875,8.131358081475424,0.8710414150809247,0.027786202966925213,0.0,0.0,1.9961918717124887,False
1782044019.6335547,56.52313256263733,8.144045054052846,0.8714819178916781,0.027786262234581045,0.0,0.0,1.9989815925764136,False
1782044019.699617,56.589194774627686,8.15514681087293,0.8718678117576081,0.027786296607046315,0.0,0.0,2.001417656893961,False
1782044019.7717326,56.66131043434143,8.169420768356641,0.8723645868660409,0.02778629418553904,0.0,0.0,2.0045182750451374,False
1782044019.835342,56.72491979598999,8.183686594358944,0.8728617866527153,0.02778626514104653,0.0,0.0,2.0063095203678167,False
1782044019.9040585,56.793636322021484,8.19477634188442,0.873248743153907,0.027786249417177847,0.0,0.0,2.0063246770936263,False
1782044019.9689994,56.858577251434326,8.2058628504198,0.8736358978527214,0.02778625733875798,0.0,0.0,2.0052089953147525,False
1782044020.0347352,56.92431306838989,8.220106201680826,0.8741335959465488,0.027786330925985182,0.0,0.0,2.0058900368326147,False
1782044020.1039588,56.993536710739136,8.234342624842828,0.8746313677652429,0.02778644642736115,0.0,0.0,2.010174359815442,False
1782044020.1747735,57.064351320266724,8.245418970033148,0.8750189816583082,0.027786510014519518,0.0,0.0,2.0149824998683723,False
1782044020.2436314,57.133209228515625,8.258080578826656,0.8754626099097608,0.027786516336672784,0.0,0.0,2.021922804259833,False
1782044020.3104656,57.20004343986511,8.27232685919052,0.8759627218733543,0.027786423874155784,0.0,0.0,2.0315516203691004,False
1782044020.3817523,57.27133011817932,8.28657440495265,0.8764642443653846,0.02778626555583881,0.0,0.0,2.0430049563366577,False
1782044020.4420683,57.33164620399475,8.296077763953532,0.8767997149639734,0.02778615684785981,0.0,0.0,2.050919777260971,False
1782044020.5069568,57.39653468132019,8.307170027862457,0.8771923802349476,0.027786069774643887,0.0,0.0,2.0600872250818876,False
1782044020.589907,57.47948479652405,8.324607368121312,0.8778123268600238,0.027786082279198456,0.0,0.0,2.0743515110761583,False
1782044020.6632185,57.552796363830566,8.338877869500612,0.8783223037526996,0.027786204611325548,0.0,0.0,2.0858964102765705,False
1782044020.7263556,57.615933418273926,8.348392621710895,0.8786637081170944,0.027786297052363983,0.0,0.0,2.0935313337995853,False
1782044020.8087213,57.698299169540405,8.362663077871732,0.8791778961357191,0.027786386652486318,0.0,0.0,2.104524826936581,True
1782044020.878622,57.7681999206543,8.378507979621823,0.8797518531695203,0.027786387823174632,0.0,0.0,2.114466335125603,False
1782044020.938624,57.82820177078247,8.39117844460893,0.8802130466328935,0.0277863293705839,0.0,0.0,2.1206001709515077,False
1782044021.0004416,57.89001941680908,8.400679414022134,0.8805600835912295,0.02778628193134746,0.0,0.0,2.1246421308683794,False
1782044021.0674362,57.957014083862305,8.411762666861513,0.8809661377062318,0.027786253450231082,0.0,0.0,2.130398943809517,False
1782044021.1338496,58.02342748641968,8.426011553409362,0.8814900476886054,0.027786280786616768,0.0,0.0,2.1395212398489702,False
1782044021.2022884,58.09186625480652,8.440262568926167,0.8820161948417035,0.027786349289937316,0.0,0.0,2.150183812037547,False
1782044021.273839,58.16341686248779,8.451353704423296,0.8824272536308235,0.027786376215575618,0.0,0.0,2.158524545619712,False
1782044021.3414671,58.23104500770569,8.464034180262695,0.8828989739936253,0.027786345899316868,0.0,0.0,2.1679854795905116,False
1782044021.408987,58.29856491088867,8.478303024346435,0.8834320859615193,0.02778623615668188,0.0,0.0,2.178539586216192,False
1782044021.4728334,58.36241126060486,8.490987782039173,0.8839080988389425,0.027786118375390457,0.0,0.0,2.187843035813871,False
1782044021.5400221,58.42960000038147,8.502087421042646,0.8843262549312171,0.027786051663084045,0.0,0.0,2.19592439978405,False
1782044021.6178446,58.50742244720459,8.51476953597185,0.8848058928645973,0.027786068140350884,0.0,0.0,2.20457885311601,False
1782044021.689561,58.57913875579834,8.530611797517775,0.8854077934764725,0.027786241618272898,0.0,0.0,2.2131419682238884,False
1782044021.755169,58.64474678039551,8.5432811660587,0.8858912176912915,0.027786427911978887,0.0,0.0,2.2181872463543626,False
1782044021.8160057,58.705583572387695,8.552779228881283,0.8862547369735505,0.02778654395753039,0.0,0.0,2.2205603388261084,False
1782044021.8872526,58.776830434799194,8.565434770716694,0.886740382595221,0.0277866205970063,0.0,0.0,2.2209717445506114,False
1782044021.9671683,58.856746196746826,8.579664949131772,0.8872878239346498,0.027786569244362548,0.0,0.0,2.2176817853623882,False
1782044022.0335383,58.9231162071228,8.5954802446626,0.8878972590761547,0.027786381866234694,0.0,0.0,2.2107633553136097,False
1782044022.1123672,59.00194501876831,8.608147676336673,0.8883856291316928,0.02778620210060844,0.0,0.0,2.2051415541859676,False
1782044022.1765788,59.06615662574768,8.620823166273768,0.8888741602059235,0.027786081912587645,0.0,0.0,2.1995467354717717,False
1782044022.2407327,59.13031053543091,8.635088597877694,0.8894234849343697,0.027786057601783418,0.0,0.0,2.193284147915715,False
1782044022.3014255,59.19100332260132,8.646186251946428,0.8898503081531519,0.027786106277457128,0.0,0.0,2.188435918126762,False
1782044022.3711596,59.26073741912842,8.657285102611322,0.8902766174886908,0.027786182824995946,0.0,0.0,2.1836072168742424,False
1782044022.436799,59.32637691497803,8.669970433419602,0.8907630811212094,0.02778626554461058,0.0,0.0,2.178112358446866,False
1782044022.495065,59.38464283943176,8.682653820552357,0.8912485496059751,0.027786320036266285,0.0,0.0,2.172274258062169,False
1782044022.5630054,59.45258331298828,8.695329363359567,0.8917327039564251,0.027786352061323995,0.0,0.0,2.16497131183385,False
1782044022.631834,59.52141189575195,8.706416361145193,0.8921552387453415,0.027786363257997652,0.0,0.0,2.157333720758454,False
1782044022.7033086,59.592886447906494,8.71906135383819,0.8926359264053351,0.027786418777441795,0.0,0.0,2.1511950437193814,False
1782044022.7730243,59.662602186203,8.734764253903219,0.8932312281472649,0.027786738503109747,0.0,0.0,2.1643823774639466,False
1782044022.8390343,59.728612184524536,8.74726982038105,0.8937050008089649,0.027787135435044467,0.0,0.0,2.1931882454369434,False
1782044022.912391,59.801968812942505,8.758187120108092,0.894119602787348,0.027787507060764296,0.0,0.0,2.23147413801642,False
1782044022.981049,59.87062692642212,8.770653569689989,0.8945959050737201,0.02778783037997414,0.0,0.0,2.2883788263363076,False
1782044023.0413327,59.93091058731079,8.784764165837915,0.8951413490578495,0.02778770285081899,0.0,0.0,2.3534113111631125,False
1782044023.1076825,59.997260332107544,8.79737148912519,0.8956361944394875,0.027787103414829192,0.0,0.0,2.408321228601177,False
1782044023.1790662,60.06864404678345,8.808430053656243,0.8960769768564851,0.027786330788709748,0.0,0.0,2.4542606196027887,False
1782044023.2477837,60.13736152648926,8.821077910871976,0.8965894335846969,0.02778545382585228,0.0,0.0,2.5034857717872527,False
1782044023.3085496,60.19812750816345,8.833725196253251,0.897111140089238,0.027784938370076236,0.0,0.0,2.5487013192621686,False
1782044023.3795838,60.26916170120239,8.84794256153208,0.8977088493629627,0.027785120400899487,0.0,0.0,2.5946906842819506,False
1782044023.438559,60.328136920928955,8.857389532616189,0.8981125049421346,0.02778574763667751,0.0,0.0,2.6296283957658275,False
1782044023.5003583,60.389936208724976,8.86838116014279,0.8985888602091638,0.02778680263753202,0.0,0.0,2.677701706526157,False
1782044023.5627124,60.452290296554565,8.880919504834008,0.899141635258905,0.027787992991406264,0.0,0.0,2.741530668709969,False
1782044023.6320028,60.52158069610596,8.895001042188415,0.89977552374358,0.027788711589384785,0.0,0.0,2.8245395228603773,False
1782044023.6996598,60.589237689971924,8.905939173307166,0.9002784946438258,0.0277885808959544,0.0,0.0,2.8968472429716283,False
1782044023.7667212,60.656299114227295,8.91686857337752,0.9007912910056337,0.027787914931540304,0.0,0.0,2.9750819475519528,False
1782044023.8264291,60.71600699424744,8.929351157925334,0.9013906786727134,0.02778686186668462,0.0,0.0,3.0708063626861244,False
1782044023.8938732,60.783451080322266,8.943386611700161,0.9020838109049195,0.02778594614431011,0.0,0.0,3.185332976629334,False
1782044023.9568286,60.84640645980835,8.95429970610257,0.9026380073314598,0.02778577332887597,0.0,0.0,3.278612865334945,False
1782044024.0230114,60.91258931159973,8.965220495371128,0.903206954241925,0.02778610058915295,0.0,0.0,3.36455943287846,False
1782044024.0873783,60.9769561290741,8.97771303238923,0.9038758950138797,0.02778684809513291,0.0,0.0,3.445745304864953,False
1782044024.154571,61.04414892196655,8.99176781694813,0.904651010838378,0.02778766977386817,0.0,0.0,3.516902396591301,False
1782044024.22057,61.11014795303345,9.002712632803027,0.9052702056625777,0.02778792940865693,0.0,0.0,3.5649611862418125,False
1782044024.2887373,61.17831516265869,9.013682530353227,0.9059036204041656,0.02778771055560239,0.0,0.0,3.6156135008920818,False
1782044024.3509364,61.240514278411865,9.026244514260053,0.9066438718986973,0.027787005169538866,0.0,0.0,3.675333450727568,False
1782044024.4336908,61.32326865196228,9.040395314408434,0.9074960293478993,0.027786074556511716,0.0,0.0,3.744430886744428,False
1782044024.4961548,61.385732650756836,9.052982443756884,0.9082698599139762,0.02778555781825137,0.0,0.0,3.807373389000907,False
1782044024.556178,61.44575595855713,9.06872243622373,0.9092581684882292,0.027785639880990292,0.0,0.0,3.8878340898830324,False
1782044024.618011,61.5075888633728,9.081322155224596,0.9100657263820476,0.02778617411245544,0.0,0.0,3.9528023308232774,False
1782044024.6925962,61.58217406272888,9.093931466058512,0.9108884502576078,0.027786795403220845,0.0,0.0,4.01734831538533,False
1782044024.757342,61.64691996574402,9.104969208003089,0.9116204985498073,0.027787155830728213,0.0,0.0,4.0735153977933285,False
1782044024.821769,61.71134686470032,9.117586297837628,0.9124707744097825,0.027787186287800632,0.0,0.0,4.137387430261489,False
1782044024.8926802,61.78225803375244,9.131781227673747,0.9134444869487972,0.02778677179372741,0.0,0.0,4.208879545987769,False
1782044024.9651153,61.85469317436218,9.144398248687999,0.9143251097147229,0.027786247153471954,0.0,0.0,4.272139271558327,False
1782044025.0352354,61.92481327056885,9.157014266634219,0.9152198795245853,0.02778586626876906,0.0,0.0,4.335155171310107,False
1782044025.1112092,62.000787019729614,9.17278791332263,0.9163585543142972,0.02778584031289406,0.0,0.0,4.4129497436280465,False
1782044025.2047696,62.09434747695923,9.190154252015345,0.917637674162119,0.02778627301082532,0.0,0.0,4.495323343567923,False
1782044025.2972677,62.186845541000366,9.2043787644954,0.9187049268350127,0.027786625518241716,0.0,0.0,4.558932735412659,False
1782044025.3658977,62.25547552108765,9.218611068313798,0.919789871765985,0.027786696406561073,0.0,0.0,4.619265547514105,False
1782044025.4272768,62.31685471534729,9.232839163123304,0.9208910160374311,0.027786462557398195,0.0,0.0,4.675570059924656,False
1782044025.4910536,62.38063144683838,9.243899599962857,0.9217580132520943,0.02778619042489741,0.0,0.0,4.716236736607038,False
1782044025.55777,62.44734787940979,9.254956609163042,0.9226340031322633,0.027785976965000122,0.0,0.0,4.754370607366901,False
1782044025.6179755,62.50755333900452,9.266006770561278,0.9235183224714876,0.027785931626547928,0.0,0.0,4.78945684452591,False
1782044025.6855006,62.57507848739624,9.280202926251851,0.9246667544084265,0.027786158514301555,0.0,0.0,4.829501118642924,False
1782044025.747619,62.6371967792511,9.291233169100735,0.9255680547300441,0.027786479527280958,0.0,0.0,4.855981455638085,False
1782044025.8059237,62.69550156593323,9.299978667909006,0.926285999567163,0.027788350585986384,0.0,0.0,4.87647790435901,False
1782044025.8679233,62.75750112533569,9.30847131480275,0.9269830701590661,0.02779414288626395,0.0,0.0,4.89969193313304,False
1782044025.9488008,62.83837866783142,9.319338863271907,0.9278748686416004,0.02780476315005952,0.0,0.0,4.933879553605865,False
1782044026.0173233,62.906901121139526,9.325955426703667,0.9284178277647439,0.027808964016055746,0.0,0.0,4.95719179819761,False
1782044026.0868614,62.976439237594604,9.331114138540679,0.9288412676549409,0.0278086566818105,0.0,0.0,4.977030737351663,False
1782044026.1542382,63.04381608963013,9.337073186345602,0.9293306110651415,0.027803691668411477,0.0,0.0,5.001854048526407,False
1782044026.2209785,63.11055636405945,9.342403569628,0.9297684652031797,0.02779697683335286,0.0,0.0,5.025504648872874,True
1782044026.2862554,63.175833225250244,9.34617229581466,0.9300780030017609,0.027793306873995876,0.0,0.0,5.043173365146449,False
1782044026.3553915,63.24496936798096,9.3491695589793,0.9303240806977399,0.027792410432895518,0.0,0.0,5.058024735217239,False
1782044026.4171672,63.30674505233765,9.35287311306573,0.9306279678512409,0.02779462888890516,0.0,0.0,5.077459381742685,False
1782044026.4878879,63.37746572494507,9.357117411985454,0.9309760437616859,0.02780062761705186,0.0,0.0,5.1008033635038466,False
1782044026.5538316,63.44340944290161,9.360274364833426,0.9312349822337895,0.02780493930297967,0.0,0.0,5.118723338342828,False
1782044026.6133373,63.502915143966675,9.362530938282042,0.9314201788151434,0.02780645296312454,0.0,0.0,5.131895800028301,False
1782044026.6896338,63.579211711883545,9.365410258349208,0.9316566661243533,0.02780550042362283,0.0,0.0,5.149183215890491,False
1782044026.751647,63.64122486114502,9.368478230177303,0.9319088104359834,0.027801281384464232,0.0,0.0,5.168034742457587,False
1782044026.8127604,63.702338218688965,9.371048930138857,0.9321200669652502,0.02779694616452493,0.0,0.0,5.184224079886672,False
1782044026.8965673,63.78614521026611,9.373765176295125,0.932343093921605,0.027794237847067516,0.0,0.0,5.202036031723913,False
1782044026.962935,63.8525128364563,9.375758654385608,0.9325065972838555,0.027794738702171983,0.0,0.0,5.215657552820284,False
1782044027.025374,63.91495180130005,9.377930454376997,0.932684608777249,0.02779773602289368,0.0,0.0,5.230836560524396,False
1782044027.0945792,63.9841570854187,9.380269614252429,0.9328763724486434,0.027802196693896893,0.0,0.0,5.247399508128927,False
1782044027.1588933,64.04847121238708,9.382030383372523,0.933020861276636,0.027804692934756778,0.0,0.0,5.26003462771413,False
1782044027.2253861,64.1149640083313,9.383746345188575,0.933161831247407,0.027805275525526033,0.0,0.0,5.2725120730171255,False
1782044027.2899559,64.17953372001648,9.385649341842397,0.9333182991210259,0.027803417508618644,0.0,0.0,5.286475230310638,False
1782044027.3546848,64.2442626953125,9.38770397236851,0.9334872303217722,0.027799424945088712,0.0,0.0,5.301753276422681,False
1782044027.4198275,64.30940532684326,9.389232223448627,0.9336127603630001,0.027796547746794544,0.0,0.0,5.313410258021123,False
1782044027.486928,64.3765058517456,9.39069986317173,0.9337331574978659,0.027795114490578095,0.0,0.0,5.324938021003629,False
1782044027.5485296,64.43810749053955,9.392312357704721,0.9338652899972809,0.027795863966796196,0.0,0.0,5.3378821213769845,False
1782044027.6140287,64.50360655784607,9.393872241815803,0.9339930842433872,0.027798670652649824,0.0,0.0,5.350519086144398,False
1782044027.6832726,64.57285046577454,9.395395297465388,0.9341179795195801,0.027802059934684868,0.0,0.0,5.362911573784895,False
1782044027.7489572,64.6385350227356,9.396704390407258,0.9342254888670721,0.02780413947306161,0.0,0.0,5.373631083952806,False
1782044027.8112078,64.70078563690186,9.398172220137118,0.9343461916363647,0.02780444702216964,0.0,0.0,5.38570269932512,False
1782044027.8839393,64.77351713180542,9.399776464208411,0.9344781648903997,0.027802126325797972,0.0,0.0,5.398975649760618,False
1782044027.9491496,64.83872747421265,9.400981307934941,0.9345771962364887,0.027799319727620727,0.0,0.0,5.409106353141511,False
1782044028.0064473,64.89602518081665,9.401981704471718,0.9346593116603172,0.027797141698825144,0.0,0.0,5.41770672645493,False
1782044028.0778418,64.96741962432861,9.403430323896366,0.9347780304416275,0.0277956485363891,0.0,0.0,5.430451381154359,False
1782044028.1457078,65.03528571128845,9.404831101811936,0.9348927363089344,0.027796945824617725,0.0,0.0,5.442924175654379,False
1782044028.2121403,65.10171818733215,9.405899436095003,0.934980286656612,0.02779936133261627,0.0,0.0,5.452447709753752,False
1782044028.285152,65.17472982406616,9.407105533315011,0.9350792914519248,0.027802306202617373,0.0,0.0,5.463212261469477,False
1782044028.3495753,65.23915314674377,9.408443398428574,0.9351893175965624,0.02780408662763347,0.0,0.0,5.475166892996485,False
1782044028.4123054,65.30188322067261,9.409607566288836,0.9352851277698062,0.02780344721273813,0.0,0.0,5.485592880624946,False
1782044028.4817336,65.37131142616272,9.41059921900498,0.9353666804604042,0.027801424563354254,0.0,0.0,5.494569492254642,False
1782044028.5532184,65.44279623031616,9.411696912411484,0.9354567989180165,0.027798537486493996,0.0,0.0,5.504720638459866,False
1782044028.6158426,65.50542044639587,9.412888800817814,0.9355544482618955,0.027796315657691036,0.0,0.0,5.516006350229599,False
1782044028.6839728,65.57355070114136,9.413919759649406,0.9356388382202445,0.02779633345514409,0.0,0.0,5.525863425780514,False
1782044028.7499166,65.6394944190979,9.414808733894708,0.9357116615804454,0.02779790076732653,0.0,0.0,5.534357453689957,False
1782044028.8134606,65.70303845405579,9.41569069325286,0.9357840335117901,0.027800267738700184,0.0,0.0,5.542769697778781,False
1782044028.8811104,65.77068829536438,9.416690995485443,0.9358662801867134,0.027802740523292797,0.0,0.0,5.552297081528211,False
1782044028.9646153,65.8541932106018,9.418042822075714,0.9359775637830752,0.02780364977550298,0.0,0.0,5.56516892950549,False
1782044029.0337484,65.92332625389099,9.418761685399865,0.936036699567322,0.027802624530450272,0.0,0.0,5.57207571505861,False
1782044029.095892,65.98546981811523,9.419579737526165,0.9361038855832623,0.027800513834196888,0.0,0.0,5.580065610819457,False
1782044029.1616447,66.05122256278992,9.420487673296616,0.9361782936156688,0.027797952904458145,0.0,0.0,5.5891203506497815,False
1782044029.227646,66.1172239780426,9.421591499527999,0.9362686259950707,0.027796383775914413,0.0,0.0,5.600266459620777,False
1782044029.2945082,66.18408608436584,9.42235252514237,0.9363309439294092,0.02779698778605527,0.0,0.0,5.607947074065406,False
1782044029.3616464,66.25122427940369,9.423109349380496,0.936393030664039,0.027798770193939754,0.0,0.0,5.615558094367769,False
1782044029.4285398,66.31811761856079,9.42397041226355,0.93646382673913,0.027801317049468224,0.0,0.0,5.62418799942936,False
1782044029.4960942,66.38567209243774,9.424928780059188,0.9365427408279522,0.027803273875255195,0.0,0.0,5.633768171293932,False
1782044029.5597901,66.44936800003052,9.425763104385148,0.9366114108005733,0.027803240977126702,0.0,0.0,5.642157019403176,False
1782044029.6196852,66.50926303863525,9.426374155957934,0.9366616182960916,0.02780209748914508,0.0,0.0,5.648390954778241,False
1782044029.691475,66.58105278015137,9.427168226711425,0.9367267185986864,0.027799729080017557,0.0,0.0,5.656646543727806,False
1782044029.7516649,66.64124274253845,9.428038356089106,0.9367979177521379,0.0277973348682134,0.0,0.0,5.665824861358459,False
1782044029.8121147,66.70169258117676,9.42870495577736,0.9368524645538271,0.027796628739181133,0.0,0.0,5.672866897974743,False
1782044029.8789983,66.76857614517212,9.429367984456144,0.9369068059729055,0.02779726123063262,0.0,0.0,5.6798409828785505,False
1782044029.9422297,66.8318076133728,9.43002971001381,0.9369611650628432,0.02779896681054388,0.0,0.0,5.686768897864833,False
1782044030.0085573,66.8981351852417,9.4308764849149,0.9370308740319612,0.02780160769941316,0.0,0.0,5.695592215073359,False
1782044030.074363,66.96394085884094,9.431618868303536,0.9370920203174199,0.027803098198453672,0.0,0.0,5.703329795939213,False
1782044030.1445346,67.0341124534607,9.432255046077241,0.9371443480304148,0.02780309511797909,0.0,0.0,5.710028152878943,False
1782044030.2064466,67.09602451324463,9.43287621223963,0.9371953248608227,0.02780187234720682,0.0,0.0,5.716681756288862,False
1782044030.2741807,67.16375851631165,9.433654421124208,0.9372590316489774,0.02779934467549212,0.0,0.0,5.725165103326543,False
1782044030.3460026,67.23558044433594,9.434417486683461,0.9373214423547834,0.02779727155075974,0.0,0.0,5.7335361005008325,False
1782044030.4067729,67.29635071754456,9.434922736619857,0.9373628185385176,0.027796832690075157,0.0,0.0,5.7390578094907685,False
1782044030.4732163,67.3627941608429,9.435511672116148,0.9374111525667562,0.027797492376338,0.0,0.0,5.745459440791122,False
1782044030.5376832,67.42726111412048,9.43626791482724,0.9374733809825072,0.027799697741163275,0.0,0.0,5.753628733157235,False
1782044030.6061773,67.49575519561768,9.437017064321976,0.9375351034676641,0.027802060905268208,0.0,0.0,5.7616982453767855,False
1782044030.6942658,67.58384370803833,9.437750351755358,0.9375954386456157,0.027803075394348037,0.0,0.0,5.769669941796476,False
1782044030.7531717,67.64274954795837,9.438306283846122,0.9376410572241879,0.02780248698466726,0.0,0.0,5.775824996741028,False
1782044030.811922,67.70149993896484,9.43892707419244,0.9376918705727809,0.027800654744907234,0.0,0.0,5.782809531869742,False
1782044030.8771439,67.76672172546387,9.43953729081471,0.9377417645282388,0.02779851031719496,0.0,0.0,5.789719768589466,False
1782044030.9449618,67.83453965187073,9.440067628684712,0.9377851734992029,0.02779724774551883,0.0,0.0,5.795705760654979,False
1782044031.0026083,67.89218616485596,9.440522046555127,0.9378224489025597,0.027797034300831233,0.0,0.0,5.8008042791003085,False
1782044031.0695608,67.95913863182068,9.441128439593468,0.9378723197271542,0.02779807716010554,0.0,0.0,5.807564383742402,False
1782044031.1314254,68.02100324630737,9.441732487302682,0.9379220907868199,0.02780008737432998,0.0,0.0,5.814263454169653,False
1782044031.1971457,68.0867235660553,9.442328559558657,0.9379711926723407,0.02780202751670358,0.0,0.0,5.820891096120872,False
1782044031.2543983,68.14397621154785,9.442767296241637,0.9380072664931992,0.027802825795464694,0.0,0.0,5.825824007113828,False
1782044031.3266468,68.21622467041016,9.443410120311636,0.9380599690907947,0.02780245463786235,0.0,0.0,5.833180677198562,False
1782044031.4088316,68.2984094619751,9.44410687422935,0.9381169430614325,0.027800261664335763,0.0,0.0,5.841275108616269,False
1782044031.509763,68.39934086799622,9.444657938454917,0.9381620167888417,0.027798281814561447,0.0,0.0,5.847676799322718,False
1782044031.5771995,68.46677732467651,9.445415641463887,0.9382241869353821,0.027797160718055956,0.0,0.0,5.856400715604302,True
1782044031.6649587,68.55453658103943,9.445829653777057,0.9382582653531912,0.027797704955595002,0.0,0.0,5.861127495502782,False
1782044031.754352,68.6439299583435,9.446651885708894,0.9383260313207517,0.027800435465876665,0.0,0.0,5.87048303080654,False
1782044031.8266275,68.71620535850525,9.44751787675425,0.9383972163364448,0.027802716428688708,0.0,0.0,5.880484241992091,False
1782044031.8866484,68.77622628211975,9.448098468933047,0.9384447405435801,0.027802288934323106,0.0,0.0,5.887349045764229,False
1782044031.9443362,68.83391404151917,9.448542533674436,0.9384810327967188,0.02780089656025497,0.0,0.0,5.89264186813324,False
1782044032.0071926,68.89677047729492,9.448983976822374,0.9385171389083221,0.02779916169691259,0.0,0.0,5.89789122392079,False
1782044032.0708048,68.96038269996643,9.449362524850871,0.9385481683540012,0.027797926971809626,0.0,0.0,5.902363741809414,False
1782044032.1399672,69.02954506874084,9.44993207457541,0.9385949990796514,0.027797297014196802,0.0,0.0,5.909037688284116,False
1782044032.2058825,69.09546041488647,9.45050083809338,0.9386418794354636,0.02779839782300719,0.0,0.0,5.91565541303633,False
1782044032.2965956,69.18617343902588,9.451123801706734,0.93869319666633,0.02780074562232226,0.0,0.0,5.922930225866476,False
1782044032.3613217,69.25089955329895,9.451550244981417,0.9387282229238648,0.027802131967732877,0.0,0.0,5.927985925808614,False
1782044032.4213781,69.31095600128174,9.452027204026173,0.9387672760677596,0.027802653826572103,0.0,0.0,5.933734090930576,False
1782044032.4897583,69.37933611869812,9.452554225070907,0.9388103437281358,0.027801630350583573,0.0,0.0,5.940146981724109,False
1782044032.5590677,69.44864559173584,9.4529614068639,0.9388436439319151,0.027800057526958098,0.0,0.0,5.94509126936656,False
1782044032.6294274,69.5190052986145,9.45331084524088,0.9388722880190634,0.027798676373665912,0.0,0.0,5.949305709278922,False
1782044032.6989026,69.5884804725647,9.453778463176642,0.9389107362884168,0.02779750907421098,0.0,0.0,5.9548996039543525,False
1782044032.7753484,69.66492629051208,9.454362824335124,0.9389589074894075,0.027797860353673706,0.0,0.0,5.961837462582262,False
1782044032.8360412,69.7256190776825,9.454824932240633,0.9389969887914098,0.02779939970152429,0.0,0.0,5.967335037919446,False
1782044032.9061573,69.79573512077332,9.455333919490194,0.939038809966836,0.027801432556636172,0.0,0.0,5.973476830029905,False
1782044032.9774847,69.86706256866455,9.455775754898504,0.9390749803969155,0.02780248550025,0.0,0.0,5.978905938198295,False
1782044033.0337863,69.92336416244507,9.456102147023254,0.9391016490001439,0.02780244086163939,0.0,0.0,5.982952294795744,False
1782044033.0911405,69.98071837425232,9.456480340328913,0.939132554477965,0.02780149716880273,0.0,0.0,5.987640988073525,False
1782044033.1490006,70.03857851028442,9.456912606944952,0.9391679595928694,0.02779973710770314,0.0,0.0,5.992963777136598,False
1782044033.2141798,70.10375761985779,9.45729249629216,0.9391991793987308,0.027798288804137677,0.0,0.0,5.99759910774216,False
1782044033.2787764,70.16835427284241,9.45767330555938,0.9392305570452629,0.02779752817608653,0.0,0.0,6.002211066827013,False
1782044033.3669355,70.25651335716248,9.458267686157585,0.9392795678314431,0.027798297050193477,0.0,0.0,6.009395095030249,False
1782044033.447341,70.33691883087158,9.45879619540126,0.9393230189425531,0.02780041109276325,0.0,0.0,6.015867642693413,False
1782044033.5085807,70.39815855026245,9.459106402458957,0.9393484293515152,0.02780162633641657,0.0,0.0,6.019732379235387,False
1782044033.5785482,70.46812605857849,9.45951345109804,0.9393816944220628,0.027802450544477497,0.0,0.0,6.024857145645157,False
1782044033.6454775,70.53505539894104,9.459967025909261,0.9394187570041588,0.027801877303616995,0.0,0.0,6.030575355499239,False
1782044033.7111716,70.60074949264526,9.460370662783214,0.9394518317484938,0.02780033388070465,0.0,0.0,6.035622960374412,False
