EpochTime(s),TimeFromStart(s),right_prop_rate(rad/s),left_prop_rate(rad/s),LastDT(s),Yaw(rad),North(m),East(m),IMUSensedYawRate(rad/s),IMUIntegratedYaw(rad),IMUSensedTimeStamp(s),ARUCOSensedNorth(m),ARUCOSensedEast(m),ARUCOSensedYaw(rad),ArucoSensedTimeStamp(s),DepthTimeStamp(s),Depth(m),NavigationMode,APFEncounter,APFSide,APFDCPA(m),APFTCPA(s),APFForceX,APFForceY,NearestObstacleNorth(m),NearestObstacleEast(m),NearestObstacleDistance(m),WebotsEnvironment,SwitchCombination,EKFPredictionEnabled,ClusterSizeAPFEnabled,ClassicAPFInfluenceDistance(m)
1782771858.34088,2.8129324913024902,200.0,200.0,0.2,6.28318530557746,-6.0895398917972e-05,1.0000000005671097,-8.880945713547843e-14,6.283185305577445,1782771858.2928593,-6.0895398917972e-05,1.0000000005671097,6.2831853055774625, 1782771857.814478, 1782771858.3008578,1.0244579457643144,apf_colreg,static_obstacle,-1.0,1.200055336976943,inf,16.12742492498749,6.4659132594328685,1.2000382718399956,0.9936001620238173,1.2000692781709792,mr_webots_overtaking_large_ship.wbt,ekf_on_cluster_on,1,1,5.0
1782771858.371421,2.8434736728668213,200.0,200.0,0.2,6.274642408549185,0.0074766179465730435,0.9999374438635289,4.108913394473183e-12,6.2831853055777405,1782771858.3649144,None,None,None, None, 1782771858.368914,1.0740188768174181,apf_colreg,static_obstacle,-1.0,0.01665253495622262,31.843574237927395,16.068624935795622,6.603909016876718,1.2000382718399956,0.9936001620238173,1.2000692781709792,mr_webots_overtaking_large_ship.wbt,ekf_on_cluster_on,1,1,5.0
1782771858.471527,2.94357967376709,200.0,200.0,0.2,6.284150926168864,0.022195212801038817,0.9996400591618414,0.17884475749523318,0.015040374897162145,1782771858.4490118,None,None,None, None, 1782771858.4480112,1.056917300021014,apf_colreg,static_obstacle,-1.0,7.851873801116158e-06,16.30436305718983,16.129895833853375,6.4525910552731975,1.2000382718399956,0.9936001620238173,1.2000692781709792,mr_webots_overtaking_large_ship.wbt,ekf_on_cluster_on,1,1,5.0
1782771858.5723495,3.0444021224975586,200.0,200.0,0.2,6.2912615500742906,0.043106001807214286,0.9995319837309294,0.10836108394175878,0.023288732237696712,1782771858.525131,None,None,None, None, 1782771858.525131,0.9462532378831059,apf_colreg,static_obstacle,-1.0,0.05908699758973246,12.585212971414819,16.173249465725736,6.338248237367728,1.224113826204021,0.9830889785346977,1.1981638757234463,mr_webots_overtaking_large_ship.wbt,ekf_on_cluster_on,1,1,5.0
1782771858.6722634,3.1443159580230713,200.0,200.0,0.2,6.308491040600882,0.06883321564239997,0.999560367078235,0.20236794111872197,0.05123012965592175,1782771858.6632032,None,None,None, None, 1782771858.6792686,1.090723065151753,apf_colreg,static_obstacle,-1.0,0.08681959757294128,11.168357350118477,16.279648710567635,6.0581081406982324,1.2443728081527017,0.9783344862905182,1.1953493967341475,mr_webots_overtaking_large_ship.wbt,ekf_on_cluster_on,1,1,5.0
1782771858.7734168,3.245469331741333,200.0,200.0,0.2,0.040127822707595406,0.09796727523205619,1.000189586554387,0.15739368224845685,0.0625730611936943,1782771858.7352705,None,None,None, None, 1782771858.778934,1.0336495407621835,apf_colreg,static_obstacle,-1.0,0.1280017103363857,10.833696344190082,16.349904651290977,5.7070585298194825,1.2670003143609414,0.976208831880292,1.1902989832633306,mr_webots_overtaking_large_ship.wbt,ekf_on_cluster_on,1,1,5.0
1782771858.8740976,3.3461501598358154,200.0,200.0,0.2,0.056477752936409165,0.02025185857028297,1.0002997336863155,0.12702281426407214,0.07505982530055842,1782771858.8335738,0.017915227811255475,1.0002777266321752,0.06183124072153401, 1782771858.822024, 1782771858.8560698,0.9142310235826347,apf_colreg,static_obstacle,-1.0,0.8556220695706913,53.65543817371653,16.442853696987488,5.443076053259062,1.2924971294118923,0.982096880407008,1.1849129544649983,mr_webots_overtaking_large_ship.wbt,ekf_on_cluster_on,1,1,5.0
1782771858.9726844,3.444736957550049,200.0,200.0,0.2,0.06405713349218031,0.03961959569054532,1.0012937687842443,0.16744290177037569,0.08766779310504239,1782771858.908871,None,None,None, None, 1782771858.9298868,1.021676968325336,apf_colreg,static_obstacle,-1.0,0.2136562899915259,19.219709653635846,16.48187649450954,5.310341982201007,1.2040970425747757,0.9884617399414812,1.1788223565260232,mr_webots_overtaking_large_ship.wbt,ekf_on_cluster_on,1,1,5.0
1782771859.072213,3.5442655086517334,200.0,200.0,0.2,0.07782963657171743,0.06416310357832644,1.0027623019575596,0.19098216823074776,0.10893180202116245,1782771859.0202112,None,None,None, None, 1782771859.023363,0.946358932736223,apf_colreg,static_obstacle,-1.0,0.21845872926621912,12.038980054634274,16.557387499841866,5.072766984436482,1.2178724265967045,0.9685960589102334,1.1706031023372523,mr_webots_overtaking_large_ship.wbt,ekf_on_cluster_on,1,1,5.0
1782771859.1725469,3.644599437713623,200.0,200.0,0.2,0.08811118141570783,0.09243904650609402,1.004886295349292,0.12613565823182232,0.11719681788255686,1782771859.1755538,None,None,None, None, 1782771859.0951612,1.0906562360605399,apf_colreg,static_obstacle,-1.0,0.2070297644509709,9.894645875421002,16.608313562612125,4.887738142621766,1.2391755965473743,0.9760992802276365,1.164318000843603,mr_webots_overtaking_large_ship.wbt,ekf_on_cluster_on,1,1,5.0
1782771859.271969,3.7440216541290283,200.0,200.0,0.2,0.10062242137482695,0.12321382794840824,1.0074588909157591,0.1563517447809586,0.14201125464138975,1782771859.244445,None,None,None, None, 1782771859.2684612,0.9264991346608383,apf_colreg,static_obstacle,-1.0,0.24924814551284002,9.059003773802552,16.66820036555562,4.665896178792181,1.2619656642118156,0.963866655575966,1.1573907333442432,mr_webots_overtaking_large_ship.wbt,ekf_on_cluster_on,1,1,5.0
1782771859.3722482,3.8443007469177246,200.0,200.0,0.2,0.1176410543499656,0.15553773966810885,1.0105763297937056,0.1906618653657737,0.1555711764874482,1782771859.3752537,None,None,None, None, 1782771859.3366127,1.0876937559706727,apf_colreg,static_obstacle,-1.0,0.26363560306411277,9.01890596393428,16.744158298694128,4.357247854149011,1.287406537309585,0.9698112041516196,1.1499360057920127,mr_webots_overtaking_large_ship.wbt,ekf_on_cluster_on,1,1,5.0
1782771859.4719694,3.9440219402313232,200.0,200.0,0.2,0.13069821594141884,0.18874879839445968,1.014401766191396,0.14023163016581708,0.17342931970906222,1782771859.4429128,None,None,None, None, 1782771859.412422,1.0508018045229481,apf_colreg,static_obstacle,-1.0,0.2835330407569325,9.529381584554683,16.793299445007456,4.114380185301582,1.3150725010081086,0.977153839491722,1.1431402277070155,mr_webots_overtaking_large_ship.wbt,ekf_on_cluster_on,1,1,5.0
1782771859.5731606,4.045213222503662,200.0,200.0,0.2,0.16479427479547054,0.2224725784264182,1.0186907946188342,0.33551917856935237,0.21647017453227452,1782771859.5711942,None,None,None, None, 1782771859.5380538,0.9793295434806865,apf_colreg,overtaking,-1.0,0.3153115720995345,10.404650682581472,16.923922026770665,3.5134004956860703,1.3412503706675878,0.9709590096392463,1.134571669954517,mr_webots_overtaking_large_ship.wbt,ekf_on_cluster_on,1,1,5.0
1782771859.671634,4.143686532974243,200.0,200.0,0.2,0.18512427954352498,0.25627746237131865,1.0244188722972982,0.15635601912225522,0.22620962092909194,1782771859.6334844,None,None,None, None, 1782771859.6676164,1.0205073023673352,apf_colreg,overtaking,-1.0,0.2824224288637107,12.386162022114265,16.987582359003614,3.1558730224243745,1.3701105934816922,1.0072427546510347,1.1261454367572175,mr_webots_overtaking_large_ship.wbt,ekf_on_cluster_on,1,1,5.0
1782771859.7728317,4.244884252548218,200.0,200.0,0.2,0.200794674062376,0.2901526986387317,1.0307508544741495,0.14090338380604306,0.24563198310109086,1782771859.771326,None,None,None, None, 1782771859.7363663,0.9458815729249808,apf_colreg,overtaking,-1.0,0.25774474678549436,15.590224041124998,17.039354661155144,2.8713792636681936,1.3990401105446193,1.014121063115287,1.119462609920338,mr_webots_overtaking_large_ship.wbt,ekf_on_cluster_on,1,1,5.0
1782771859.872261,4.344313621520996,200.0,200.0,0.2,0.21821981023531872,0.10834846246062751,1.0082845083516763,0.14830849127260823,0.25562224400569267,1782771859.8386874,0.10527566590834028,1.0078675728354511,0.2227125001035164, 1782771859.827664, 1782771859.8677428,1.0122376973843572,apf_colreg,crossing_from_starboard,-1.0,1.1215797367723932,0.0,-15.60302046426428,4.497501694285841,1.3990401105446193,1.014121063115287,1.119462609920338,mr_webots_overtaking_large_ship.wbt,ekf_on_cluster_on,1,1,5.0
1782771859.9726324,4.444684982299805,200.0,200.0,0.2,0.22775262731984353,0.12429526291295157,1.011757946685999,0.15703645587594692,0.26610439778260847,1782771859.9726324,None,None,None, None, 1782771859.9425619,0.9721971704933609,apf_colreg,crossing_from_starboard,-1.0,0.5007443845730684,100.76031372120384,-15.450366656980782,5.246070671989619,1.22396395863806,1.0052354380429853,1.111534889949045,mr_webots_overtaking_large_ship.wbt,ekf_on_cluster_on,1,1,5.0
1782771860.0725503,4.544602870941162,200.0,200.0,0.2,0.24132913039433818,0.14593702832947464,1.0166839444202453,0.17788271717345078,0.2908344953092649,1782771860.044462,None,None,None, None, 1782771860.0329275,1.0277235197906884,apf_colreg,static_obstacle,-1.0,0.1556250709027145,17.88031905595124,17.17381184581444,2.290585802159099,1.2357377495211306,1.002144275141206,1.1058208986404239,mr_webots_overtaking_large_ship.wbt,ekf_on_cluster_on,1,1,5.0
1782771860.1721458,4.644198417663574,200.0,200.0,0.2,0.25171730257698594,0.17184285725291903,1.0229721240311633,0.12761845975741762,0.30048910265978285,1782771860.120114,None,None,None, None, 1782771860.0985942,1.097454115266453,apf_colreg,static_obstacle,-1.0,0.13936886515465116,11.104836208099218,17.199939961650614,2.0843439973007456,1.2524756101694676,1.0056312733242068,1.099612309339569,mr_webots_overtaking_large_ship.wbt,ekf_on_cluster_on,1,1,5.0
1782771860.272366,4.744418621063232,200.0,200.0,0.2,0.2681722055463733,0.20070476351437827,1.0302459481465953,0.19171643982564995,0.3291961244447991,1782771860.269851,None,None,None, None, 1782771860.2628496,1.0887870743282697,apf_colreg,static_obstacle,-1.0,0.1580880674375441,8.938861785849827,17.225909443642415,1.7564982153901916,1.2744593308882137,1.000165313129278,1.0944038085844843,mr_webots_overtaking_large_ship.wbt,ekf_on_cluster_on,1,1,5.0
1782771860.389426,4.861478567123413,200.0,200.0,0.2,0.2772542528320645,0.23136778167840433,1.038569378672864,0.10688564496299051,0.33680660038280513,1782771860.341053,None,None,None, None, 1782771860.342054,0.9832732339684608,apf_colreg,static_obstacle,-1.0,0.15177449302773635,8.228275203128963,17.238474428818467,1.5556073942387463,1.2998321795806436,1.015624739330185,1.0890749827448631,mr_webots_overtaking_large_ship.wbt,ekf_on_cluster_on,1,1,5.0
1782771860.4720669,4.944119453430176,200.0,200.0,0.2,0.3022969122303004,0.26317351823023816,1.0474276175856891,0.26758277946461584,0.35926316851356144,1782771860.4249768,None,None,None, None, 1782771860.4259753,0.9195656124755476,apf_colreg,static_obstacle,-1.0,0.16510543916942177,8.07305499860509,17.263543596977023,1.0655882335070066,1.3230248446887023,1.0087268822128623,1.082687855201358,mr_webots_overtaking_large_ship.wbt,ekf_on_cluster_on,1,1,5.0
1782771860.5721877,5.044240236282349,200.0,200.0,0.2,0.352196003524708,0.2953855730283248,1.0574569108254224,0.44612185660871906,0.3952337896409808,1782771860.5927281,None,None,None, None, 1782771860.5787065,1.070588786850284,apf_colreg,static_obstacle,-1.0,0.11519184645261571,8.54094783179348,17.286114606549166,0.13554145760495206,1.3535026334113227,1.0334794417931246,1.0765206576645179,mr_webots_overtaking_large_ship.wbt,ekf_on_cluster_on,1,1,5.0
1782771860.6777787,5.149831295013428,200.0,200.0,0.2,0.3782576946885915,0.32727044928850724,1.0695213218025812,0.15719634895435125,0.40892900673853844,1782771860.6777787,None,None,None, None, 1782771860.65051,0.940116558430913,apf_colreg,overtaking,-1.0,0.021466585500827567,9.577318412907742,17.26921992424169,-0.3882940533577308,1.3817149454782582,1.0829672047133194,1.0718011816139124,mr_webots_overtaking_large_ship.wbt,ekf_on_cluster_on,1,1,5.0
1782771860.77199,5.244042634963989,200.0,200.0,0.2,0.3999878059596916,0.35912081056351886,1.0822946902239297,0.1676549738041096,0.4231881599842718,1782771860.77199,None,None,None, None, 1782771860.7333999,0.9494207556360463,apf_colreg,overtaking,-1.0,0.1191901732930947,11.04733701143923,17.23943405484693,-0.8430092682329802,1.4096846733811619,1.1073096521269032,1.0679258124219497,mr_webots_overtaking_large_ship.wbt,ekf_on_cluster_on,1,1,5.0
1782771860.8748105,5.346863031387329,200.0,200.0,0.2,0.4036978888782858,0.19938237312686122,1.0295727047432548,0.1409285491013033,0.43307078900519397,1782771860.8421152,0.1968546793042774,1.0286995082261192,0.38217762268318545, 1782771860.828564, 1782771860.8135347,1.0132371512130818,apf_colreg,crossing_from_starboard,-1.0,1.065815964156839,0.0,-13.972136521747544,8.341500708371763,1.4382325795645627,1.120511896236699,1.0626303428381332,mr_webots_overtaking_large_ship.wbt,ekf_on_cluster_on,1,1,5.0
1782771860.9715922,5.443644762039185,200.0,200.0,0.2,0.4180803986361214,0.21580677844542118,1.0365389380192553,0.1915149005422098,0.4473855130570948,1782771860.9168599,None,None,None, None, 1782771860.89584,0.9571659888411838,apf_colreg,crossing_from_starboard,-1.0,0.8422856113422288,14.826145967134126,-13.674475350002211,8.662452796853579,1.2656738267880248,1.0436704910035466,1.0585244068039643,mr_webots_overtaking_large_ship.wbt,ekf_on_cluster_on,1,1,5.0
1782771861.073086,5.545138597488403,200.0,200.0,0.2,0.43105733469279717,0.23719008529718355,1.0459899119131322,0.14883954452758164,0.47007334630819964,1782771861.0692914,None,None,None, None, 1782771861.06129,0.9644642066111525,apf_colreg,crossing_from_starboard,-1.0,0.22692083528526455,13.870536097320445,-13.34716549700101,9.081458860741895,1.2818069244543104,1.0462782612129722,1.0547062854547946,mr_webots_overtaking_large_ship.wbt,ekf_on_cluster_on,1,1,5.0
1782771861.1722605,5.644313097000122,-200.0,138.50491289774817,0.2,0.44372604637090085,0.2622089399226579,1.0573964138225018,0.14889118922767974,0.4845792810237668,1782771861.1667178,None,None,None, None, 1782771861.16073,1.0094936118447506,apf_colreg,static_obstacle,-1.0,0.0291344054396427,10.196333477441447,17.229232719902015,-1.4375088742247937,1.3028697865681915,1.0583301341554834,1.0512941729798562,mr_webots_overtaking_large_ship.wbt,ekf_on_cluster_on,1,1,5.0
1782771861.2720017,5.744054317474365,-200.0,109.83428459636379,0.2,0.46545557853519287,0.30436060121971975,1.0777714642989484,0.1446381919123291,0.4957460643430594,1782771861.2439227,None,None,None, None, 1782771861.2334208,1.093173526563413,apf_colreg,static_obstacle,-1.0,0.2219497276327965,5.132329974747514,17.15195096130211,-1.9322229350862967,1.3260101070183072,1.0613557982852835,1.0469538858738077,mr_webots_overtaking_large_ship.wbt,ekf_on_cluster_on,1,1,5.0
1782771861.3724103,5.844462871551514,-200.0,28.599942867391817,0.2,0.4803939703677289,0.3529975189108131,1.1029650934198403,0.03459550987594222,0.49869178964564703,1782771861.3290703,None,None,None, None, 1782771861.3652797,0.9029594282520417,apf_colreg,overtaking,-1.0,0.2426813722945244,4.420505088815037,16.707696746556774,-3.0386787487063778,1.3733663350689986,1.112001669704909,1.0407069307022512,mr_webots_overtaking_large_ship.wbt,ekf_on_cluster_on,1,1,5.0
1782771861.4717762,5.943828821182251,-200.0,-24.014670213415602,0.2,0.48771880127465017,0.3991942234115068,1.1278146781484444,-0.037357686352274794,0.49386543554920126,1782771861.4582634,None,None,None, None, 1782771861.4340541,1.0520054653301227,apf_colreg,overtaking,-1.0,0.19469999891067105,5.130472407670963,16.55214626936788,-3.47131098924173,1.4203090689582427,1.1537640203217416,1.0351848295586215,mr_webots_overtaking_large_ship.wbt,ekf_on_cluster_on,1,1,5.0
1782771861.5722337,6.044286251068115,-200.0,-63.96392933597596,0.2,0.48409380362312376,0.4429914116642931,1.151680169409814,-0.11873285271823569,0.484796250540973,1782771861.5346465,None,None,None, None, 1782771861.521133,1.09218124423464,apf_colreg,overtaking,-1.0,0.19742134710874118,5.493984421511263,16.437951667544713,-3.7076208498254863,1.4802708073569353,1.1848356288595339,1.029106467433577,mr_webots_overtaking_large_ship.wbt,ekf_on_cluster_on,1,1,5.0
1782771861.6727464,6.144798994064331,-200.0,-95.53997429882114,0.2,0.47895690639110733,0.48515737895706335,1.1742468955892793,-0.10145141264123302,0.47141765607156755,1782771861.6665184,None,None,None, None, 1782771861.654988,1.0026303757621275,apf_colreg,overtaking,-1.0,0.12403727338525027,6.968661130074234,16.33427279288138,-3.9120456191918347,1.4802708073569353,1.1848356288595339,1.029106467433577,mr_webots_overtaking_large_ship.wbt,ekf_on_cluster_on,1,1,5.0
1782771861.7799106,6.251963138580322,-200.0,-137.62795613306866,0.2,0.46815439756406085,0.5257904302549781,1.1956744505200336,-0.14362323084669248,0.45830009386112214,1782771861.7578516,None,None,None, None, 1782771861.7478445,0.9402303907239955,apf_colreg,overtaking,-1.0,0.6688839540415903,8.41591597213116,16.104558037083567,-4.202591757251051,1.5557683545091963,1.2227283630004309,1.020663356278416,mr_webots_overtaking_large_ship.wbt,ekf_on_cluster_on,1,1,5.0
1782771861.8720489,6.344101428985596,-200.0,120.95644283482783,0.2,0.4376299234710003,0.3090415047379713,1.0751180037989563,-0.1409206248680633,0.4481370396581565,1782771861.8299706,0.3056681499006913,1.0732645199471618,0.40338281498199446, 1782771861.835472, 1782771861.8249712,1.0960806326039743,apf_colreg,overtaking,-1.0,1.4220214744443598,0.0,17.068346356602525,-1.7363594288342004,1.5557683545091963,1.2227283630004309,1.020663356278416,mr_webots_overtaking_large_ship.wbt,ekf_on_cluster_on,1,1,5.0
1782771861.9724598,6.444512367248535,-200.0,117.21164811720672,0.2,0.4284060682338628,0.33776981870116174,1.0885431126906688,-0.09599568555825562,0.43470113534436,1782771861.9699342,None,None,None, None, 1782771861.9699342,0.9149955378793565,apf_colreg,overtaking,-1.0,1.3832569597620028,0.0,17.016246026463115,-1.7945417542973363,1.5557683545091963,1.2227283630004309,1.020663356278416,mr_webots_overtaking_large_ship.wbt,ekf_on_cluster_on,1,1,5.0
1782771862.071931,6.543983459472656,-200.0,85.53155028126905,0.2,0.4192308599682322,0.3811654738539261,1.1082982045535097,-0.07927312685676756,0.42792413335528684,1782771862.0554235,None,None,None, None, 1782771862.0452816,0.9525971367985766,apf_colreg,overtaking,-1.0,0.10566263300586995,7.7296225916146275,16.724823914969697,-2.258996227302907,1.3612503525406088,1.0898429436892783,1.0126115739061234,mr_webots_overtaking_large_ship.wbt,ekf_on_cluster_on,1,1,5.0
1782771862.172582,6.644634485244751,-200.0,82.77391853206846,0.2,0.4083387060410954,0.4298940812092117,1.1300141247703188,-0.10303819173366106,0.419413584316193,1782771862.1380196,None,None,None, None, 1782771862.1214652,0.9155980654745585,apf_colreg,overtaking,-1.0,0.25717750637291653,5.463338408090644,16.647493890962025,-2.289081826147812,1.4025350964570145,1.1080486401515501,1.005864850657607,mr_webots_overtaking_large_ship.wbt,ekf_on_cluster_on,1,1,5.0
1782771862.2718527,6.743905305862427,-200.0,73.21865182945737,0.2,0.39882292269413083,0.4806154492686616,1.1519398104652936,-0.08432627131002188,0.41371791235647926,1782771862.2778573,None,None,None, None, 1782771862.2598338,1.086230122624686,apf_colreg,overtaking,-1.0,0.3143283427112036,4.914427189648397,16.56147527626352,-2.414472688455395,1.4468986324391326,1.1247222415424032,0.9996536433440787,mr_webots_overtaking_large_ship.wbt,ekf_on_cluster_on,1,1,5.0
1782771862.3720095,6.844062089920044,-200.0,65.3734891394406,0.2,0.38783551812026473,0.5314964373667692,1.1734130531924762,-0.10300262235518531,0.3992549267444163,1782771862.3459766,None,None,None, None, 1782771862.3249462,1.085086011265775,apf_colreg,overtaking,-1.0,0.3586484054885182,4.949468420840389,16.494232598286032,-2.514173419393618,1.4930753330784154,1.137972009062737,0.9934331792163278,mr_webots_overtaking_large_ship.wbt,ekf_on_cluster_on,1,1,5.0
1782771862.4726124,6.94466495513916,-200.0,58.24363701706931,0.2,0.3764826344958493,0.5821314000349531,1.1941230160026919,-0.10433090936807947,0.390898139067512,1782771862.4260755,None,None,None, None, 1782771862.4631126,1.013780295654761,apf_colreg,overtaking,-1.0,0.3891250649845347,5.3041869690422185,16.44130646434323,-2.6033586502271016,1.5375302301132945,1.1540065990325974,0.9856540525721549,mr_webots_overtaking_large_ship.wbt,ekf_on_cluster_on,1,1,5.0
1782771862.5723917,7.04444432258606,-200.0,47.125259857032425,0.2,0.3674925599069611,0.6324311630500219,1.2140349567051985,-0.08317232097404434,0.3848604327875444,1782771862.5738218,None,None,None, None, 1782771862.5518842,1.0971245139711236,apf_colreg,overtaking,-1.0,0.4298244531945871,5.942554259052924,16.36826184358309,-2.739368535789237,1.5839390754475482,1.1638460795931969,0.9797084241389353,mr_webots_overtaking_large_ship.wbt,ekf_on_cluster_on,1,1,5.0
1782771862.6717348,7.143787384033203,-200.0,33.227002539704735,0.2,0.3570197093984276,0.6820940063760981,1.2332440538801883,-0.1046029992677499,0.36859272791961895,1782771862.6541867,None,None,None, None, 1782771862.6191468,0.9758578764211352,apf_colreg,overtaking,-1.0,0.4544581731539552,7.159484254967361,16.284708159204797,-2.9036159671406203,1.628007320587728,1.186434798145538,0.9729051017685574,mr_webots_overtaking_large_ship.wbt,ekf_on_cluster_on,1,1,5.0
1782771862.7720337,7.244086265563965,-200.0,-0.8917772667473981,0.2,0.34806510395831175,0.7309833021530991,1.251567956121189,-0.09104583839107601,0.3626571822358017,1782771862.7193797,None,None,None, None, 1782771862.782144,0.9183436846848524,apf_colreg,overtaking,-1.0,1.1150201637277029,0.0,16.14152075659232,-3.2488312137935544,1.6721396276044442,1.2005618738634591,0.9668972581679713,mr_webots_overtaking_large_ship.wbt,ekf_on_cluster_on,1,1,5.0
1782771862.871891,7.3439435958862305,-200.0,170.02534161082167,0.2,0.3165429947086174,0.4412944992811614,1.1270734925545225,-0.17760044764702182,0.33859592888547546,1782771862.8548594,0.43684407899860184,1.1252008028784728,0.290711345120358, 1782771862.839193, 1782771862.8508606,0.9862148739673391,apf_colreg,overtaking,-1.0,1.6630450439020659,0.0,16.83754387271744,-0.7762678912362881,1.7168783573295627,1.2108310971777163,0.9616852563271647,mr_webots_overtaking_large_ship.wbt,ekf_on_cluster_on,1,1,5.0
1782771862.9732378,7.4452903270721436,200.0,200.0,0.2,0.30129796568105166,0.47438543822044266,1.137741747248329,-0.11150914573152786,0.32641354705758063,1782771862.9641094,None,None,None, None, 1782771862.9531026,0.9213187084923735,apf_colreg,overtaking,-1.0,1.386395458523519,0.0,16.76677834448146,-0.692998044289987,1.4034646863984839,1.0573568336115,0.9549693149895497,mr_webots_overtaking_large_ship.wbt,ekf_on_cluster_on,1,1,5.0
1782771863.071467,7.543519496917725,200.0,200.0,0.2,0.2848884028973418,0.5077604940915064,1.1475559234334447,-0.012175353764412183,0.32535641164684237,1782771863.0509353,None,None,None, None, 1782771863.0188308,0.9068248398236181,apf_colreg,overtaking,-1.0,1.0470927230527363,7.593580122992754,16.62851556192981,-0.7969525044298722,1.440315744208332,1.056488959036904,0.9472832191845437,mr_webots_overtaking_large_ship.wbt,ekf_on_cluster_on,1,1,5.0
1782771863.1726217,7.644674301147461,200.0,200.0,0.2,0.2754107434944057,0.5413133948391607,1.1567675186202395,0.06021500071542495,0.32959547589236354,1782771863.1900558,None,None,None, None, 1782771863.1786284,0.9541617471410088,apf_colreg,overtaking,-1.0,0.8931709454151914,4.322953098734935,16.57618564092901,-0.8170657445902467,1.466341451536463,1.0448033371471355,0.9414562758106516,mr_webots_overtaking_large_ship.wbt,ekf_on_cluster_on,1,1,5.0
1782771863.2723923,7.744444847106934,-200.0,156.44885667479488,0.2,0.27913256895239064,0.5749352467315834,1.1657302309333126,0.1571751743241302,0.3526860357601604,1782771863.2682438,None,None,None, None, 1782771863.250229,0.9278015465698463,apf_colreg,overtaking,-1.0,0.866349700394496,2.783682899915684,16.52458917214956,-1.0416501455107205,1.4924356358116693,1.027902917554136,0.9356232057606186,mr_webots_overtaking_large_ship.wbt,ekf_on_cluster_on,1,1,5.0
1782771863.38004,7.852092504501343,-200.0,-200.0,0.2,0.2908636889210054,0.6258564863783624,1.1803250425539693,0.10622491358991472,0.36002355841946476,1782771863.3373191,None,None,None, None, 1782771863.3169086,1.0124757772246453,apf_colreg,crossing_from_starboard,-1.0,0.7830008260592758,2.0506356463129767,-31.814295605022732,-9.709597722834474,1.522112032158323,1.0315678562965653,0.930994334644273,mr_webots_overtaking_large_ship.wbt,ekf_on_cluster_on,1,1,5.0
1782771863.471939,7.943991661071777,200.0,200.0,0.2,0.3053952304638405,0.6669379694547523,1.1931911195893536,0.03063939460961891,0.36248789317730784,1782771863.4177494,None,None,None, None, 1782771863.5044727,1.0959689914485518,apf_colreg,crossing_from_starboard,-1.0,0.6593920815886569,3.186452741330421,-15.189272025175336,4.937449239565327,1.5774929959764181,1.0621417018436605,0.9241664335001099,mr_webots_overtaking_large_ship.wbt,ekf_on_cluster_on,1,1,5.0
1782771863.5746884,8.046741008758545,-200.0,133.68407311420478,0.2,0.30279698420488105,0.7041855998905753,1.204920651175513,-0.020556604678716756,0.3604585093408688,1782771863.5164711,None,None,None, None, 1782771863.5756881,0.9064903727489139,apf_colreg,overtaking,-1.0,0.7114761011359387,3.3804058950558002,16.609503890093947,-1.471676596936521,1.6141382675318237,1.0826750354921206,0.9202639006921951,mr_webots_overtaking_large_ship.wbt,ekf_on_cluster_on,1,1,5.0
1782771863.6720026,8.144055128097534,-200.0,109.60639134196467,0.2,0.3108528025871789,0.7549257508818936,1.2208507014679455,0.06034350159025749,0.36608516898867655,1782771863.609715,None,None,None, None, 1782771863.6699772,1.0294634497662332,apf_colreg,overtaking,-1.0,0.641942338568417,2.907691504915153,16.50818220216906,-1.8633161214315201,1.64215373472101,1.082190282210599,0.915616299144449,mr_webots_overtaking_large_ship.wbt,ekf_on_cluster_on,1,1,5.0
1782771863.7882516,8.26030421257019,-200.0,82.40807137515857,0.2,0.31830295168582956,0.8092652161126774,1.2386894345486406,0.01722952000756966,0.36838204177975525,1782771863.7430253,None,None,None, None, 1782771863.7590313,1.0807710659272807,apf_colreg,overtaking,-1.0,0.623038263295789,2.7506836375071972,16.402216114782636,-2.2606284689741836,1.64215373472101,1.082190282210599,0.915616299144449,mr_webots_overtaking_large_ship.wbt,ekf_on_cluster_on,1,1,5.0
1782771863.8755226,8.347575187683105,200.0,200.0,0.2,0.3172240953614458,0.5669303275338153,1.1661223257069304,-0.033780519757143405,0.3658566356297458,1782771863.9017894,0.5630238279833929,1.1649250545903953,0.30932918677814936, 1782771863.841814, 1782771863.8343043,1.071106954306125,apf_colreg,crossing_from_starboard,-1.0,0.9118542346854503,1.6452942195232683,-15.217406507419016,5.2690734751220045,1.4740169977314275,1.0449640952791706,0.9021108839377501,mr_webots_overtaking_large_ship.wbt,ekf_on_cluster_on,1,1,5.0
1782771863.9723623,8.444414854049683,200.0,200.0,0.2,0.3047359442923279,0.5912343524336906,1.1739553412652648,-0.07199383752923093,0.35980880201951526,1782771863.9807878,None,None,None, None, 1782771863.9323056,0.9455906584986078,apf_colreg,crossing_from_starboard,-1.0,0.7703237648346865,3.634988058823322,-15.210479308554655,5.327076587255036,1.4740169977314275,1.0449640952791706,0.9021108839377501,mr_webots_overtaking_large_ship.wbt,ekf_on_cluster_on,1,1,5.0
1782771864.0734572,8.545509815216064,200.0,200.0,0.2,0.29877110534592766,0.6190299293319335,1.182268691829278,0.07957819879454484,0.3722335229581474,1782771864.0579216,None,None,None, None, 1782771864.0113251,1.0659852958430445,apf_colreg,crossing_from_starboard,-1.0,0.6908460482146579,3.489256193732316,-14.721289919263851,6.239784928463736,1.49255173521249,1.035611959801397,0.8956801224597982,mr_webots_overtaking_large_ship.wbt,ekf_on_cluster_on,1,1,5.0
1782771864.1727166,8.644769191741943,200.0,200.0,0.2,0.3125824916098342,0.6490667704707387,1.191106882085573,0.2407776629113746,0.39203131437214533,1782771864.140146,None,None,None, None, 1782771864.186237,1.0757941356927636,apf_colreg,crossing_from_starboard,-1.0,0.6552186275210906,3.26785480218797,-14.342319017643543,7.050084854233106,1.5134606310918506,1.025897394358626,0.8900349798182634,mr_webots_overtaking_large_ship.wbt,ekf_on_cluster_on,1,1,5.0
1782771864.275696,8.747748613357544,200.0,200.0,0.2,0.3435755193281742,0.680283128530503,1.2010141295487715,0.32654709564263595,0.4207530749412189,1782771864.228102,None,None,None, None, 1782771864.2786932,0.9322162237994596,apf_colreg,crossing_from_starboard,-1.0,0.6173147083144239,3.320493643095798,-15.10736945595325,8.095312951594728,1.5399320248338575,1.0419428064842577,0.8852925640085457,mr_webots_overtaking_large_ship.wbt,ekf_on_cluster_on,1,1,5.0
1782771864.3737345,8.845787048339844,200.0,200.0,0.2,0.3603072615034715,0.7118978780313974,1.2124005606723003,0.1334265311944882,0.43370818930009536,1782771864.3251975,None,None,None, None, 1782771864.3562374,0.9731526785029765,apf_colreg,crossing_from_starboard,-1.0,0.6056895892139194,3.3007558155130416,-15.089514710509766,8.07464836976824,1.5399320248338575,1.0419428064842577,0.8852925640085457,mr_webots_overtaking_large_ship.wbt,ekf_on_cluster_on,1,1,5.0
1782771864.4736602,8.945712804794312,-200.0,32.88916242839393,0.2,0.37546187444969137,0.7438283351900257,1.2243662602788952,0.14871989035236302,0.4460144178483132,1782771864.4781694,None,None,None, None, 1782771864.4420228,1.0135215043070616,apf_colreg,static_obstacle,-1.0,0.6096032429988059,3.624549441864958,16.362196435465382,-2.9217167597153413,1.6008780782154846,1.0724373776566338,0.878436023637096,mr_webots_overtaking_large_ship.wbt,ekf_on_cluster_on,1,1,5.0
1782771864.5736623,9.045714855194092,-200.0,-30.460401293612183,0.2,0.38966987959632265,0.7840813247037077,1.2407025669207352,0.048147290958910016,0.45333997819182836,1782771864.560094,None,None,None, None, 1782771864.511514,1.0834759888612515,apf_colreg,static_obstacle,-1.0,0.5797979871506171,3.3577686302698084,16.191597616899333,-3.435218040714113,1.6298194302848987,1.0797362316811678,0.8748321880853759,mr_webots_overtaking_large_ship.wbt,ekf_on_cluster_on,1,1,5.0
1782771864.6721919,9.14424443244934,-200.0,-99.78738921985409,0.2,0.40146296174456947,0.8264677838947219,1.2587621613394155,0.003675610146439525,0.4536083028222649,1782771864.6330955,None,None,None, None, 1782771864.6489942,0.9063862293966479,apf_colreg,overtaking,-1.0,0.5699269225678193,3.718037367238086,16.02334047991654,-3.8695776911277964,1.6726990264974204,1.103782007324954,0.87104923307982,mr_webots_overtaking_large_ship.wbt,ekf_on_cluster_on,1,1,5.0
1782771864.7721658,9.244218349456787,-200.0,-133.96964028964345,0.2,0.4044909961787516,0.8676707101077926,1.2769253582628173,-0.0782073657568003,0.4468929698003346,1782771864.7189612,None,None,None, None, 1782771864.7244718,0.9415600641157296,apf_colreg,overtaking,-1.0,0.5630454019143584,4.788299687373688,15.947082215202858,-4.129042736922857,1.7149796825546486,1.1339712761995289,0.8670029008045367,mr_webots_overtaking_large_ship.wbt,ekf_on_cluster_on,1,1,5.0
1782771864.8734512,9.345503807067871,200.0,200.0,0.2,0.3843582817097429,0.6763256770452327,1.2032881103270965,-0.18670341603473606,0.42245123997020473,1782771864.8498733,0.6732766769911206,1.2020851705518436,0.36771124377371045, 1782771864.842866, 1782771864.8598728,0.9712936895919752,apf_colreg,crossing_from_starboard,-1.0,0.8793223635620914,0.0,-13.805712410233598,11.548824186519749,1.755763628073065,1.1542768101127308,0.8628023073161429,mr_webots_overtaking_large_ship.wbt,ekf_on_cluster_on,1,1,5.0
1782771864.9727025,9.44475507736206,200.0,200.0,0.2,0.368128858303762,0.6956195003709489,1.2108704592358177,-0.059819997352171375,0.4180108184805798,1782771864.924103,None,None,None, None, 1782771864.923103,0.9963352767624909,apf_colreg,crossing_from_starboard,-1.0,0.7558943542889089,20.100163735470574,-14.175216939198101,11.013175051103174,1.5468168049689355,1.063701423915493,0.8594299557293565,mr_webots_overtaking_large_ship.wbt,ekf_on_cluster_on,1,1,5.0
1782771865.071746,9.543798685073853,-200.0,48.104349478728466,0.2,0.3675940380078898,0.7196399074190292,1.2196964617690678,0.15185770240248994,0.44020302843298226,1782771865.0702412,None,None,None, None, 1782771865.0702412,1.0354524922662391,apf_colreg,static_obstacle,-1.0,0.5747245348178407,9.079643952363991,16.400262671210694,-2.7318619354790386,1.5616849750033621,1.0444029440589602,0.856031432217407,mr_webots_overtaking_large_ship.wbt,ekf_on_cluster_on,1,1,5.0
1782771865.172585,9.64463758468628,-200.0,20.68045123277641,0.2,0.37551004327483484,0.7559474772990025,1.2337742871092123,0.05419301652532829,0.44363813083840087,1782771865.1336277,None,None,None, None, 1782771865.143139,1.0607280336172036,apf_colreg,static_obstacle,-1.0,0.5207427989344989,4.474496494568596,16.29040212516038,-3.061013299641634,1.5848404023574028,1.0504251753674052,0.8523222858934824,mr_webots_overtaking_large_ship.wbt,ekf_on_cluster_on,1,1,5.0
1782771865.2717612,9.743813753128052,-200.0,-29.865347889728202,0.2,0.38311816823410993,0.7981310639509129,1.250825521856958,-0.0017905676763390241,0.4434813616500425,1782771865.2211804,None,None,None, None, 1782771865.236202,1.0804312957966313,apf_colreg,static_obstacle,-1.0,0.5114930033843492,3.6732317309704694,16.165916773487094,-3.4260997440998766,1.626641412129961,1.071164191456238,0.8482982560010698,mr_webots_overtaking_large_ship.wbt,ekf_on_cluster_on,1,1,5.0
1782771865.3718894,9.843941926956177,-200.0,-59.94287157175481,0.2,0.37847759844582496,0.8415665237347335,1.2688540929043777,-0.12386843989999749,0.4253330267445739,1782771865.3676934,None,None,None, None, 1782771865.3212926,1.0595969400374705,apf_colreg,static_obstacle,-1.0,0.49996543414582745,3.770546230087342,16.088908403859232,-3.601930071771414,1.673804211198884,1.1032858681568931,0.8429794474559048,mr_webots_overtaking_large_ship.wbt,ekf_on_cluster_on,1,1,5.0
1782771865.4718094,9.943861961364746,-200.0,-79.31152923568375,0.2,0.37033216854526485,0.8849609444502152,1.2864410266520192,-0.12386843989999749,0.4005593387645744,1782771865.4768143,None,None,None, None, 1782771865.3845577,0.9038716480763982,apf_colreg,overtaking,-1.0,0.49042515252898516,4.16908542205769,16.022454043860165,-3.7195545489650144,1.7116742568038144,1.1192524789336569,0.83825830157246,mr_webots_overtaking_large_ship.wbt,ekf_on_cluster_on,1,1,5.0
1782771865.572307,10.044359683990479,-200.0,-88.29421085705046,0.2,0.35858114366373856,0.9278577267319738,1.3033335833696311,-0.14127022643917922,0.3745521760469367,1782771865.5517886,None,None,None, None, 1782771865.5517886,1.0494876751756348,apf_colreg,overtaking,-1.0,0.4871589004371943,4.899519464506394,15.97371826380954,-3.772417855832283,1.7521061254563077,1.1328353296481395,0.8341274916360362,mr_webots_overtaking_large_ship.wbt,ekf_on_cluster_on,1,1,5.0
1782771865.6716635,10.143716096878052,-200.0,-83.06357690928175,0.2,0.34130714620007874,0.9703928898217082,1.3194347208320352,-0.17780498089416696,0.36216874899828655,1782771865.6214347,None,None,None, None, 1782771865.6316397,0.9865358359603398,apf_colreg,overtaking,-1.0,0.49430736556114846,4.972861539507552,15.949596049193847,-3.729166153660959,1.7521061254563077,1.1328353296481395,0.8341274916360362,mr_webots_overtaking_large_ship.wbt,ekf_on_cluster_on,1,1,5.0
1782771865.7819288,10.253981351852417,-200.0,-81.11338491904752,0.2,0.32648194198113006,1.0131504830338152,1.334667138913268,-0.13782141914184928,0.35275994799272764,1782771865.7974408,None,None,None, None, 1782771865.8084517,1.082046948815809,apf_colreg,overtaking,-1.0,0.519249525584185,8.147443897016498,15.929866777041791,-3.710741254113662,1.849564635860282,1.1508236060601786,0.8254970043776286,mr_webots_overtaking_large_ship.wbt,ekf_on_cluster_on,1,1,5.0
1782771865.8830667,10.355119228363037,200.0,200.0,0.2,0.3066314157912503,0.7880756470340593,1.245261030821814,-0.15565930308218298,0.3359895231898056,1782771865.7974408,0.7845351939637036,1.2438871572939065,0.3003388408552006, 1782771865.846105, 1782771865.8084517,1.082046948815809,apf_colreg,crossing_from_starboard,-1.0,0.8515913015605882,0.0,-13.925665091958775,11.690685417024952,1.849564635860282,1.1508236060601786,0.8254970043776286,mr_webots_overtaking_large_ship.wbt,ekf_on_cluster_on,1,1,5.0
1782771865.972163,10.444215536117554,200.0,200.0,0.2,0.29044545508884334,0.806075460893637,1.2506850199449033,-0.011260353564601477,0.3341236615906434,1782771865.9631426,None,None,None, None, 1782771865.968144,0.9000803213749009,apf_colreg,crossing_from_starboard,-1.0,0.8515913015605882,0.0,-13.916534124834964,11.713614724330347,1.849564635860282,1.1508236060601786,0.8254970043776286,mr_webots_overtaking_large_ship.wbt,ekf_on_cluster_on,1,1,5.0
1782771866.071803,10.543855667114258,200.0,200.0,0.2,0.2878921716819761,0.8293094030223446,1.2572215768469555,0.13370442231780474,0.34396813957903116,1782771866.0367713,None,None,None, None, 1782771866.0367713,1.0103676308533627,apf_colreg,crossing_from_starboard,-1.0,0.6420395518259113,19.574527487566204,-14.326762986450083,11.31743197856771,1.6291640461746197,1.0399841925619397,0.8171350250189326,mr_webots_overtaking_large_ship.wbt,ekf_on_cluster_on,1,1,5.0
1782771866.1724865,10.64453911781311,-200.0,93.80860637988457,0.2,0.29048058941995963,0.8562936175635635,1.264875089811105,0.12567968436797172,0.35460875767352934,1782771866.1214359,None,None,None, None, 1782771866.1214359,0.920968459423681,apf_colreg,overtaking,-1.0,0.594587664883896,7.326650413098593,16.35374096948638,-2.0873171584041446,1.650740461763608,1.039164760647186,0.8131185192799323,mr_webots_overtaking_large_ship.wbt,ekf_on_cluster_on,1,1,5.0
1782771866.2725837,10.744636297225952,-200.0,67.97951229711913,0.2,0.3015757365967942,0.8979990583657989,1.2774578150466773,0.08032939891467214,0.36093118459130014,1782771866.2725837,None,None,None, None, 1782771866.227203,0.991397868651553,apf_colreg,overtaking,-1.0,0.515384216572415,4.225999046402266,16.273788942429757,-2.444936615745343,1.650740461763608,1.039164760647186,0.8131185192799323,mr_webots_overtaking_large_ship.wbt,ekf_on_cluster_on,1,1,5.0
1782771866.3725564,10.844609022140503,-200.0,53.46928654283531,0.2,0.3101060995299571,0.9459751823723416,1.29284827761213,0.0061267699932577874,0.36133363337126756,1782771866.3382707,None,None,None, None, 1782771866.3128052,0.9638590045125657,apf_colreg,static_obstacle,-1.0,0.5330747756821419,3.224136911655716,16.18552176538683,-2.6260058192721507,1.7234248354692474,1.061066954285512,0.8053679200762351,mr_webots_overtaking_large_ship.wbt,ekf_on_cluster_on,1,1,5.0
1782771866.480257,10.952309608459473,-200.0,27.94549646905003,0.2,0.31466692267407775,0.9956476953317666,1.3092891964102202,-0.033816406975227656,0.3590389605907458,1782771866.4061275,None,None,None, None, 1782771866.3969345,1.051059885295444,apf_colreg,overtaking,-1.0,0.5483611278973478,2.9872435617285102,16.103847296781623,-2.9369400927436127,1.7613974377883552,1.0737952090066123,0.7991994655554987,mr_webots_overtaking_large_ship.wbt,ekf_on_cluster_on,1,1,5.0
1782771866.5722878,11.044340372085571,-200.0,-17.799537249341633,0.2,0.30677240327393357,1.0446029852168848,1.325700235061984,-0.1377555475679808,0.33787701841921164,1782771866.559747,None,None,None, None, 1782771866.5697498,1.0008703713583478,apf_colreg,overtaking,-1.0,0.5646870824258307,3.166827264065249,15.872681980818696,-3.2920420888759345,1.8065936049338922,1.093983133539989,0.7938079924430262,mr_webots_overtaking_large_ship.wbt,ekf_on_cluster_on,1,1,5.0
1782771866.6716142,11.143666744232178,-200.0,-12.068297582454282,0.2,0.2977399851089449,1.091965299492367,1.3409525658733683,-0.11641243533810636,0.32980919998818803,1782771866.6290507,None,None,None, None, 1782771866.649565,0.9671240999537637,apf_colreg,overtaking,-1.0,0.5828903127626393,3.858078882573114,15.758151024133692,-3.235107659178743,1.867802731248621,1.1166605076285059,0.7872414246979069,mr_webots_overtaking_large_ship.wbt,ekf_on_cluster_on,1,1,5.0
1782771866.7719407,11.243993282318115,-200.0,-1.4648409863846008,0.2,0.28709043911709675,1.1389479255549446,1.3555474989900782,-0.12031354601867507,0.31339892183771545,1782771866.7654467,None,None,None, None, 1782771866.7222574,1.035524710031669,apf_colreg,overtaking,-1.0,0.5986629405584586,4.750364039920515,15.596627971405258,-3.1423401959896857,1.9137377157115802,1.1339665087099065,0.7824467716387448,mr_webots_overtaking_large_ship.wbt,ekf_on_cluster_on,1,1,5.0
1782771866.8742287,11.346281290054321,-200.0,117.77904833084352,0.2,0.27285067632477006,0.906080384887588,1.2839251572497121,-0.13637806965938515,0.30123152417386007,1782771866.8546648,0.9023819958314481,1.2827936303180627,0.2710607894658157, 1782771866.848665, 1782771866.882227,0.9769557215927741,apf_colreg,overtaking,-1.0,1.1614515573801516,0.0,16.032614520473544,-1.6818019596147327,1.9137377157115802,1.1339665087099065,0.7824467716387448,mr_webots_overtaking_large_ship.wbt,ekf_on_cluster_on,1,1,5.0
1782771866.9733386,11.445391178131104,-200.0,114.47722370169019,0.2,0.2616338654416984,0.940896078411678,1.293619377498345,-0.1074971079985296,0.29238341574329224,1782771866.936975,None,None,None, None, 1782771866.9565613,1.0734007640312602,apf_colreg,overtaking,-1.0,0.5842594694542971,5.397549661324331,15.747344559788067,-1.703076843310833,1.7040207178244933,1.061438600819375,0.771402875724787,mr_webots_overtaking_large_ship.wbt,ekf_on_cluster_on,1,1,5.0
1782771867.073825,11.545877456665039,-200.0,130.83429975680363,0.2,0.24929205211716246,0.9892299198776624,1.306456857574755,-0.10237771623469055,0.28453773575643376,1782771867.0917196,None,None,None, None, 1782771867.0301206,1.0326360501102214,apf_colreg,static_obstacle,-1.0,0.5041594388998242,3.238352217814913,15.640528988124181,-1.4327816427524995,1.747364795107343,1.075006533870334,0.7651695283574602,mr_webots_overtaking_large_ship.wbt,ekf_on_cluster_on,1,1,5.0
1782771867.1721034,11.644155979156494,-200.0,142.32396039950834,0.2,0.23271556846355415,1.045292258260222,1.320567341656048,-0.13185493796305406,0.27423854923808844,1782771867.1802754,None,None,None, None, 1782771867.202788,0.9383710336714026,apf_colreg,static_obstacle,-1.0,0.48577436589417555,2.710780441955723,15.48061358756743,-1.2268758682687126,1.7983400511567482,1.0861720837754092,0.7569385395007375,mr_webots_overtaking_large_ship.wbt,ekf_on_cluster_on,1,1,5.0
1782771867.272067,11.744119644165039,-200.0,141.87872255462062,0.2,0.22085015446762268,1.1050929234497429,1.334446768710162,-0.06985416572679849,0.2623745775434652,1782771867.2615588,None,None,None, None, 1782771867.279074,1.0000586464617442,apf_colreg,static_obstacle,-1.0,0.47413517513142334,2.5188392942599442,15.443048519878872,-1.2314909778263372,1.7983400511567482,1.0861720837754092,0.7569385395007375,mr_webots_overtaking_large_ship.wbt,ekf_on_cluster_on,1,1,5.0
1782771867.3724067,11.844459295272827,-200.0,144.32076543835058,0.2,0.2058388586480473,1.1658989867577323,1.3478964481133566,-0.10965221561443746,0.2531937916094498,1782771867.3452852,None,None,None, None, 1782771867.3522847,0.9921306322389201,apf_colreg,static_obstacle,-1.0,0.45768353374621734,2.241850687527499,15.406932913884672,-1.1868555135340664,1.7983400511567482,1.0861720837754092,0.7569385395007375,mr_webots_overtaking_large_ship.wbt,ekf_on_cluster_on,1,1,5.0
1782771867.4724562,11.944508790969849,-200.0,149.3060526388922,0.2,0.19309464259547213,1.2273252066654232,1.360461760877957,-0.08175310859370981,0.24712970603526827,1782771867.4194608,None,None,None, None, 1782771867.4302502,0.9155130864582143,apf_colreg,overtaking,-1.0,0.5048631514659435,2.6816358234509035,15.099148955877403,-1.0779757186506949,1.934977211905649,1.0962714851029445,0.7402962266164155,mr_webots_overtaking_large_ship.wbt,ekf_on_cluster_on,1,1,5.0
1782771867.5729253,12.044977903366089,-200.0,154.59974266879195,0.2,0.1823005466833157,1.2894463157426852,1.372377628315272,-0.06799740185083628,0.2412100809182958,1782771867.5854461,None,None,None, None, 1782771867.6085486,1.0256936880430363,apf_colreg,overtaking,-1.0,0.5047332594836976,3.165160249925264,15.068699915488718,-0.9829725930227209,2.035730143093304,1.10984664522125,0.723059529775679,mr_webots_overtaking_large_ship.wbt,ekf_on_cluster_on,1,1,5.0
1782771867.675634,12.14768648147583,-200.0,155.61682745404607,0.2,0.17245163707721134,1.3522967513558168,1.383772488946592,-0.06440387789451425,0.2309537159471041,1782771867.6657681,None,None,None, None, 1782771867.690897,0.9950984378627129,apf_colreg,overtaking,-1.0,0.518373943344888,3.693725327408346,14.932306648081061,-0.9560799739568999,2.035730143093304,1.10984664522125,0.723059529775679,mr_webots_overtaking_large_ship.wbt,ekf_on_cluster_on,1,1,5.0
1782771867.7739584,12.246011018753052,-200.0,155.88947669762575,0.2,0.1637959094762302,1.415477402226517,1.3946147066954726,-0.05723903057815625,0.22659548575506774,1782771867.741909,None,None,None, None, 1782771867.7634478,0.957731186847744,apf_colreg,overtaking,-1.0,0.5094724716994328,3.730391788000012,14.911072163979155,-0.949884957564505,2.035730143093304,1.10984664522125,0.723059529775679,mr_webots_overtaking_large_ship.wbt,ekf_on_cluster_on,1,1,5.0
1782771867.874795,12.346847534179688,-190.3542346718235,200.0,0.2,0.16364332036074317,1.0616837510786747,1.3228748581881282,-0.07289795811068885,0.22093876046087643,1782771867.885819,1.05617460867857,1.3217908221115322,0.18255443669778426, 1782771867.851054, 1782771867.8385324,0.9907543511015502,apf_colreg,overtaking,-1.0,1.423984217007621,0.0,15.105078606434576,0.26068804909458443,2.1404356914321143,1.1211163732228313,0.7050233821578046,mr_webots_overtaking_large_ship.wbt,ekf_on_cluster_on,1,1,5.0
1782771867.9721594,12.444211959838867,-193.4501119610727,200.0,0.2,0.1543536639743942,1.1039207810364404,1.3296606121018195,-0.05000555658022362,0.21395792322437227,1782771867.959108,None,None,None, None, 1782771867.9274163,1.042941988246093,apf_colreg,overtaking,-1.0,0.5433946805610048,6.109791684977952,14.895269272543779,0.18417091851064527,1.7668687654767306,1.0509308426122077,0.6947854464532597,mr_webots_overtaking_large_ship.wbt,ekf_on_cluster_on,1,1,5.0
1782771868.072543,12.54459547996521,-187.63956710438865,200.0,0.2,0.14690410028665654,1.1641289023409298,1.3387446791261697,-0.028605384388073335,0.2117227047256378,1782771868.037248,None,None,None, None, 1782771868.0047245,1.0977458767079256,apf_colreg,overtaking,-1.0,0.45508585026140597,2.5788616011070684,14.84126102286924,0.31792400581673164,1.8053640893883938,1.0518723244468142,0.6839490730442787,mr_webots_overtaking_large_ship.wbt,ekf_on_cluster_on,1,1,5.0
1782771868.1747315,12.64678406715393,200.0,200.0,0.2,0.14010795484676475,1.2301395663243107,1.3482353967157517,-0.02774366414139871,0.20945230109644025,1782771868.119083,None,None,None, None, 1782771868.1559966,0.9767006289025532,apf_colreg,static_obstacle,-1.0,0.4405734826729813,2.0927523556864394,14.60906856416501,0.06627196210943076,1.8621801011805474,1.0612560274215934,0.6744208058827825,mr_webots_overtaking_large_ship.wbt,ekf_on_cluster_on,1,1,5.0
1782771868.2718134,12.743865966796875,200.0,200.0,0.2,0.12707283201762715,1.2763081489954882,1.3542007380941614,-0.023087895274455632,0.20726644762711602,1782771868.2968376,None,None,None, None, 1782771868.237268,1.0231016605637433,apf_colreg,static_obstacle,-1.0,0.48221092257865855,2.9359908751538355,14.560359485024751,0.2557629891465556,1.919115547164754,1.0628705826333935,0.6616403148455484,mr_webots_overtaking_large_ship.wbt,ekf_on_cluster_on,1,1,5.0
1782771868.3739793,12.846031904220581,-183.0877958695898,200.0,0.2,0.11956679199763796,1.3166536273084135,1.3587241071279965,0.055488301226572154,0.2118763789638554,1782771868.3759842,None,None,None, None, 1782771868.3935053,1.0511646875382292,apf_colreg,overtaking,-1.0,0.5056942765835897,3.395405609263332,14.542205225786734,0.4095232288331445,1.9524743200709564,1.0614632748952426,0.652771815555639,mr_webots_overtaking_large_ship.wbt,ekf_on_cluster_on,1,1,5.0
1782771868.4725912,12.94464373588562,-194.42115446439524,200.0,0.2,0.12269389525414409,1.375002453771831,1.3653412773899962,0.07971701689060622,0.2238526600274823,1782771868.4470725,None,None,None, None, 1782771868.4785898,0.9998970970155426,apf_colreg,overtaking,-1.0,0.4850304828303142,2.2452160719045517,14.351712769680855,0.15492537679141094,1.9913707089237442,1.055874273500786,0.645290773872313,mr_webots_overtaking_large_ship.wbt,ekf_on_cluster_on,1,1,5.0
1782771868.5721483,13.044200897216797,-191.77074533362352,200.0,0.2,0.1296730583823777,1.4413732702729805,1.3734895865838368,0.06596715182015085,0.23203691677794677,1782771868.5711381,None,None,None, None, 1782771868.5551078,1.0510046668858446,apf_colreg,overtaking,-1.0,0.48858046661858584,2.0065106437284133,14.261909768853146,0.21448869489689315,2.060835107610685,1.059297879613807,0.6375922812801629,mr_webots_overtaking_large_ship.wbt,ekf_on_cluster_on,1,1,5.0
1782771868.6717975,13.143850088119507,-199.3838815387708,200.0,0.2,0.13692720950526605,1.5091426602564102,1.382468785183434,0.04831748753814517,0.23573945686974093,1782771868.6477675,None,None,None, None, 1782771868.6282341,0.9271595242888209,apf_colreg,overtaking,-1.0,0.5041688136321929,2.1918838255628526,14.174753273688026,0.035268648816108694,2.135839683638768,1.07397963611645,0.6296346782731912,mr_webots_overtaking_large_ship.wbt,ekf_on_cluster_on,1,1,5.0
1782771868.7927427,13.264795303344727,-200.0,189.20216451861617,0.2,0.14615539212792478,1.5778962605551656,1.3921545361246945,0.05825700337676294,0.23994042131016272,1782771868.7198784,None,None,None, None, 1782771868.7947433,0.9356133022384836,apf_colreg,overtaking,-1.0,0.5247888758000021,2.624709069935362,14.138363842049092,-0.2691820690712081,2.210110190549347,1.08967140143919,0.6160341888833453,mr_webots_overtaking_large_ship.wbt,ekf_on_cluster_on,1,1,5.0
1782771868.8717647,13.343817234039307,-197.15506965159307,200.0,0.2,0.172369580012356,1.2281404196898622,1.3539153578841474,0.032645161404841264,0.2429234466561236,1782771868.8112557,1.2226270962683725,1.3532746914308482,0.20832882528070762, 1782771868.85675, 1782771868.8717647,1.0888004416597077,apf_colreg,overtaking,-1.0,1.2493619346193716,0.0,14.53779986490008,0.09130532610118447,2.2756601446718103,1.1009446801266882,0.606669785787229,mr_webots_overtaking_large_ship.wbt,ekf_on_cluster_on,1,1,5.0
1782771868.9722207,13.444273233413696,-200.0,178.82795095834254,0.2,0.18739397102048347,1.2747433388960248,1.3622042128968994,0.1210364633073169,0.26227924881906006,1782771868.9711728,None,None,None, None, 1782771868.9722207,1.028033562276421,apf_colreg,overtaking,-1.0,0.5885689426135858,4.904127243842088,14.233771460797854,-0.4871181274336971,1.914458244403885,1.075689385941414,0.5963219694483505,mr_webots_overtaking_large_ship.wbt,ekf_on_cluster_on,1,1,5.0
1782771869.089267,13.561319589614868,-200.0,176.06589619123142,0.2,0.19652929909937059,1.3349136420802705,1.374092868227459,0.015162333037940345,0.263545981856172,1782771869.0547175,None,None,None, None, 1782771869.0557165,0.908794686670093,apf_colreg,overtaking,-1.0,0.45084232859490697,3.1071596361720673,14.235841126771492,-0.5415140963069929,1.9800877014310925,1.0994039442387482,0.584461315354861,mr_webots_overtaking_large_ship.wbt,ekf_on_cluster_on,1,1,5.0
1782771869.172821,13.64487361907959,-200.0,161.6720333137507,0.2,0.20273589417228602,1.3991578110350482,1.3872612611683817,0.008681070519736546,0.264210517864066,1782771869.1312675,None,None,None, None, 1782771869.1312675,1.0659004447455518,apf_colreg,overtaking,-1.0,0.44588646757076017,2.8056534721798077,14.185218972070658,-0.8042720747915926,1.9800877014310925,1.0994039442387482,0.584461315354861,mr_webots_overtaking_large_ship.wbt,ekf_on_cluster_on,1,1,5.0
1782771869.2716467,13.743699312210083,-200.0,150.9409249457489,0.2,0.20657300576166515,1.4627924150203027,1.4006623620122776,-0.004831116327912887,0.2638115396566026,1782771869.2138526,None,None,None, None, 1782771869.2846515,0.9702894325767095,apf_colreg,overtaking,-1.0,0.40276125445953187,2.8333440628794184,14.186546507609748,-0.9861082350915202,2.0954188837270515,1.1300851849965319,0.5662465515501032,mr_webots_overtaking_large_ship.wbt,ekf_on_cluster_on,1,1,5.0
1782771869.373845,13.845897674560547,-200.0,142.34184521062062,0.2,0.2076608679378581,1.5252791202369618,1.4140325886798077,-0.02384221492225547,0.2619682959873024,1782771869.376843,None,None,None, None, 1782771869.3858538,0.975790700226525,apf_colreg,overtaking,-1.0,0.35919455277081797,3.335886041325645,14.197128369849356,-1.1248758819752176,2.1837992816229854,1.1560356543382262,0.5558208711324971,mr_webots_overtaking_large_ship.wbt,ekf_on_cluster_on,1,1,5.0
1782771869.4788635,13.950916051864624,-200.0,129.79797585779195,0.2,0.2069341383589737,1.58676908242185,1.427207805240073,-0.03313040515267092,0.2591296747120419,1782771869.5053713,None,None,None, None, 1782771869.3858538,0.975790700226525,apf_colreg,overtaking,-1.0,0.39490058123759,3.4104366559976187,14.143802858839365,-1.310979868928123,2.1837992816229854,1.1560356543382262,0.5558208711324971,mr_webots_overtaking_large_ship.wbt,ekf_on_cluster_on,1,1,5.0
1782771869.5725079,14.044560432434082,-200.0,121.8949033875279,0.2,0.20107509175572247,1.6469790615218,1.4400379244419526,-0.07518319496428162,0.24946650222294486,1782771869.583525,None,None,None, None, 1782771869.5885282,1.0233806451303922,apf_colreg,overtaking,-1.0,0.3995757669651305,3.1100689731565163,14.0937056423783,-1.4204485532770663,2.300267896959386,1.1814160743163684,0.5380863961122423,mr_webots_overtaking_large_ship.wbt,ekf_on_cluster_on,1,1,5.0
1782771869.671558,14.14361047744751,-200.0,126.61358748372358,0.2,0.1931489137755578,1.7063344152373423,1.4522194565103987,-0.08033163084525337,0.2378659539198359,1782771869.6497796,None,None,None, None, 1782771869.6567812,0.9030082917339778,apf_colreg,overtaking,-1.0,0.3058148098814403,5.203791628780563,14.148263386108514,-1.358015267772406,2.300267896959386,1.1814160743163684,0.5380863961122423,mr_webots_overtaking_large_ship.wbt,ekf_on_cluster_on,1,1,5.0
1782771869.7723181,14.244370698928833,-200.0,123.73991509247145,0.2,0.18450386173757702,1.7659594003726937,1.4638875523657475,-0.07701249938951868,0.23106797272343768,1782771869.7380507,None,None,None, None, 1782771869.752433,0.9781853317063555,apf_colreg,overtaking,-1.0,0.1825750199523451,7.928214685026376,14.129657442301545,-1.3977046701981424,2.3474022084769697,1.192425493096135,0.5303657516708553,mr_webots_overtaking_large_ship.wbt,ekf_on_cluster_on,1,1,5.0
1782771869.8717697,14.343822240829468,-200.0,182.10927046013356,0.2,0.17380973626315666,1.4018303720002294,1.3905711482298853,-0.09465566793807567,0.21945722253108424,1782771869.8607137,1.396235103036025,1.3894564052082325,0.17446724408865058, 1782771869.859712, 1782771869.825155,1.0502401517689675,apf_colreg,overtaking,-1.0,1.2867183585146036,0.0,14.264783014359502,-0.4218577876578049,2.392335809819527,1.1987626833434055,0.5219812335330685,mr_webots_overtaking_large_ship.wbt,ekf_on_cluster_on,1,1,5.0
1782771869.9727159,14.44476842880249,-200.0,185.90392186847416,0.2,0.1645198638610139,1.439446188477067,1.3970476769712494,-0.06237335200932532,0.2146451861399954,1782771869.9378626,None,None,None, None, 1782771869.95644,1.010686925916803,apf_colreg,overtaking,-1.0,0.6140592264175483,17.65723775591324,14.297991914135052,-0.3435172396484596,2.0046328552025057,1.122022406025867,0.5121324601443037,mr_webots_overtaking_large_ship.wbt,ekf_on_cluster_on,1,1,5.0
1782771870.0719144,14.543967008590698,-200.0,192.20291719099117,0.2,0.15355857553464553,1.4964873809476047,1.4062994572087524,-0.07203240057352134,0.20514209796904836,1782771870.0697906,None,None,None, None, 1782771870.0288863,0.9832734198203678,apf_colreg,overtaking,-1.0,0.2655418699995143,3.0842622290185306,14.26377560662793,-0.2047646407832593,2.0361921266264615,1.1241334822702267,0.5058734054715468,mr_webots_overtaking_large_ship.wbt,ekf_on_cluster_on,1,1,5.0
1782771870.1796663,14.651718854904175,-200.0,191.33050981852625,0.2,0.14370712958415213,1.562117702920831,1.416149342078703,-0.05221805919451554,0.20176399376778384,1782771870.1344829,None,None,None, None, 1782771870.1595438,0.9640322924708169,apf_colreg,overtaking,-1.0,0.30357947004848174,2.0678450885283945,14.17098253817101,-0.2229446860529105,2.0860896668430495,1.1297852096507672,0.49685906284694276,mr_webots_overtaking_large_ship.wbt,ekf_on_cluster_on,1,1,5.0
1782771870.2724547,14.744507312774658,-200.0,189.93016462150234,0.2,0.13468773057680933,1.6296760387724738,1.4256349537567692,-0.04754991513671046,0.19544352173306637,1782771870.2674057,None,None,None, None, 1782771870.229301,1.0733165995112373,apf_colreg,static_obstacle,-1.0,0.3152651401560296,1.8430456722577786,14.091858669419437,-0.25247346747737254,2.142385003723149,1.1360225881886046,0.485832688523206,mr_webots_overtaking_large_ship.wbt,ekf_on_cluster_on,1,1,5.0
1782771870.3722172,14.844269752502441,-200.0,190.1328199867058,0.2,0.12336037464760997,1.6974619199215102,1.434560529123929,-0.0717479058732279,0.19017573573907198,1782771870.3408265,None,None,None, None, 1782771870.351375,1.0146204678680826,apf_colreg,static_obstacle,-1.0,0.2845352836481633,1.7362157661961635,13.992164082517085,-0.24629283124447454,2.204418085868264,1.146417446686351,0.4785683157167223,mr_webots_overtaking_large_ship.wbt,ekf_on_cluster_on,1,1,5.0
1782771870.472015,14.944067478179932,200.0,200.0,0.2,0.1154427847255213,1.7653923020675364,1.4426716951137522,-0.03521364349087519,0.18573420163871476,1782771870.4669576,None,None,None, None, 1782771870.4165242,0.9794582076086182,apf_colreg,overtaking,-1.0,0.2914151713594889,1.6780720569859944,13.804100141937294,-0.5343762734246926,2.2611246594160104,1.1520343241151743,0.4672817821764371,mr_webots_overtaking_large_ship.wbt,ekf_on_cluster_on,1,1,5.0
1782771870.5725138,15.04456639289856,200.0,200.0,0.2,0.10770970293764996,1.8119640073944943,1.4475001493644875,0.025151243348937993,0.1877275300685553,1782771870.5462112,None,None,None, None, 1782771870.5462112,1.0149239435577604,apf_colreg,overtaking,-1.0,0.2714605498607239,3.2788535402602714,13.886016255495212,-0.4065715330303963,2.3213796489992466,1.1579021486111525,0.45788411855192224,mr_webots_overtaking_large_ship.wbt,ekf_on_cluster_on,1,1,5.0
1782771870.6727443,15.14479684829712,-200.0,189.35349079580982,0.2,0.10758520563698314,1.8524953021722963,1.4513198282065987,0.10431257634238243,0.19466160018726208,1782771870.6787689,None,None,None, None, 1782771870.6787689,0.990831928378393,apf_colreg,overtaking,-1.0,0.26447429032472874,5.5116103555112845,13.940067466428331,-0.2621625672783079,2.358048251524239,1.153789866995392,0.4515707337725093,mr_webots_overtaking_large_ship.wbt,ekf_on_cluster_on,1,1,5.0
1782771870.7729082,15.24496078491211,-200.0,178.46392561364783,0.2,0.11537146970190844,1.9116181633413951,1.4575453273224959,0.08910020078950118,0.20782270462755356,1782771870.7603965,None,None,None, None, 1782771870.7633963,1.0779664275214587,apf_colreg,overtaking,-1.0,0.3125236376405963,2.9852102075243185,13.840962859919406,-0.4807047147904795,2.404118664319878,1.153264919010271,0.4459296811514966,mr_webots_overtaking_large_ship.wbt,ekf_on_cluster_on,1,1,5.0
1782771870.8733373,15.34538984298706,-200.0,193.11595906910713,0.2,0.14246674395257009,1.5664964915802755,1.4176553317692075,0.08836280859602846,0.21393178944207053,1782771870.8295329,1.5610812165097534,1.417026526432021,0.1702491554324057, 1782771870.862283, 1782771870.8305326,0.9888948305927714,apf_colreg,overtaking,-1.0,1.027776869498192,0.0,14.075063772584407,-0.18157609662636887,2.478733373766104,1.1633199278225579,0.43806061393925044,mr_webots_overtaking_large_ship.wbt,ekf_on_cluster_on,1,1,5.0
1782771870.9735558,15.445608377456665,-200.0,182.5424620464405,0.2,0.15406744728553748,1.6111420055810286,1.4243121447835074,0.06102146688690346,0.21797999534838575,1782771870.978556,None,None,None, None, 1782771870.9930909,1.0166746888453624,apf_colreg,overtaking,-1.0,0.33764219786992467,4.947858206638576,14.073286807599397,-0.407416604172381,2.1283124514065332,1.14031221265343,0.42893599295766943,mr_webots_overtaking_large_ship.wbt,ekf_on_cluster_on,1,1,5.0
1782771871.072449,15.544501543045044,-200.0,170.38843160172507,0.2,0.16271183143348106,1.671148339834414,1.4340074116472161,0.02558857489789002,0.22190142561224271,1782771871.0491228,None,None,None, None, 1782771871.072449,0.9298221407773811,apf_colreg,overtaking,-1.0,0.3349402578970249,2.3940392576623113,14.052933975319451,-0.641218893150965,2.189801367442203,1.1570408635479474,0.420097858533114,mr_webots_overtaking_large_ship.wbt,ekf_on_cluster_on,1,1,5.0
1782771871.1720867,15.644139289855957,-200.0,155.74760590781554,0.2,0.16902495976616747,1.7351007068477817,1.4448641243505547,0.011415258957447785,0.22277943327006303,1782771871.126038,None,None,None, None, 1782771871.1410584,1.0082821868402996,apf_colreg,overtaking,-1.0,0.3309651520061853,1.9970518825592427,13.993487856818398,-0.8937939341287322,2.244266116546442,1.1700123425646836,0.4107753911901899,mr_webots_overtaking_large_ship.wbt,ekf_on_cluster_on,1,1,5.0
1782771871.2720091,15.744061708450317,-200.0,143.19202945810625,0.2,0.17321713203251662,1.7984509317070212,1.456003966710072,-0.003366455223779373,0.22249025453646845,1782771871.2119381,None,None,None, None, 1782771871.2344618,1.0782185538993758,apf_colreg,overtaking,-1.0,0.32633198147468423,2.0219131168985784,13.945103405354647,-1.091772047884076,2.309844622586305,1.183569697884359,0.4037743798393923,mr_webots_overtaking_large_ship.wbt,ekf_on_cluster_on,1,1,5.0
1782771871.3736916,15.845744132995605,-200.0,132.63808157293462,0.2,0.17282583008182956,1.8605018000981897,1.4671588974116068,-0.04060880105183126,0.21648407306986384,1782771871.3598416,None,None,None, None, 1782771871.3756912,0.9079683285888003,apf_colreg,overtaking,-1.0,0.32271284376991416,2.1083025015950985,13.951053459709593,-1.2515635685241246,2.369644355148583,1.1983414717062368,0.39664859103749456,mr_webots_overtaking_large_ship.wbt,ekf_on_cluster_on,1,1,5.0
1782771871.4721682,15.944220781326294,-200.0,127.78594332050749,0.2,0.1697885753294191,1.9213874859393392,1.477993649473273,-0.05268403153123361,0.21201580120959673,1782771871.4446542,None,None,None, None, 1782771871.4466534,0.9341179349414964,apf_colreg,overtaking,-1.0,0.3090632518612004,2.3063216455445477,13.85449559017686,-1.3130836619427404,2.4223610278515424,1.2111534341219536,0.3881895078318478,mr_webots_overtaking_large_ship.wbt,ekf_on_cluster_on,1,1,5.0
1782771871.5722547,16.044307231903076,-200.0,126.55394146174235,0.2,0.16310351160043568,1.9816406324674545,1.4884609438209644,-0.07633732140803635,0.20634610018401808,1782771871.5842588,None,None,None, None, 1782771871.5782657,1.068071002399015,apf_colreg,overtaking,-1.0,0.28817620732708565,2.768943965915218,13.891470756907001,-1.3342185449615496,2.4879526348052914,1.2261075671370687,0.3815288741804691,mr_webots_overtaking_large_ship.wbt,ekf_on_cluster_on,1,1,5.0
1782771871.6722174,16.144269943237305,-200.0,128.29893957935593,0.2,0.15413537596504512,2.041714010373264,1.4983919119879374,-0.08481264654415388,0.19520532878274596,1782771871.6502833,None,None,None, None, 1782771871.643931,0.9899676182494342,apf_colreg,overtaking,-1.0,0.25920320427512467,3.776756028437904,13.949498229089293,-1.3146879881449278,2.5637896805524343,1.2351612290834355,0.3744017767168224,mr_webots_overtaking_large_ship.wbt,ekf_on_cluster_on,1,1,5.0
1782771871.7730124,16.245064973831177,-200.0,127.78476014942336,0.2,0.14503362492180696,2.1019667892194054,1.5077247310329227,-0.07674319821640382,0.18998528494826258,1782771871.7780116,None,None,None, None, 1782771871.7674804,0.9272553589553002,apf_colreg,overtaking,-1.0,0.26852274086290473,3.2127728869628434,13.880430793329383,-1.3155586786634608,2.5637896805524343,1.2351612290834355,0.3744017767168224,mr_webots_overtaking_large_ship.wbt,ekf_on_cluster_on,1,1,5.0
1782771871.8716679,16.34372043609619,-200.0,175.86898733909328,0.2,0.13619098482631908,1.7338550237914339,1.4463635841468017,-0.07825003170637683,0.1796048851509367,1782771871.8509598,1.7281967858931913,1.4454374512119985,0.137518183957396, 1782771871.864974, 1782771871.8609743,0.9925641089404076,apf_colreg,overtaking,-1.0,1.0113640498758307,0.0,13.985328058701983,-0.5357444870343953,2.6136757259413623,1.245785535476196,0.36815981183798147,mr_webots_overtaking_large_ship.wbt,ekf_on_cluster_on,1,1,5.0
1782771871.9724276,16.444480180740356,-200.0,187.07821691357304,0.2,0.12597291845757358,1.7711728064843462,1.4513778940913449,-0.08064962849440668,0.1740585003300094,1782771871.9197311,None,None,None, None, 1782771871.934862,0.9863408698646923,apf_colreg,overtaking,-1.0,0.1613150799122073,15.773609835938156,14.051358984354959,-0.3129039008438239,2.226996705853596,1.1796349346448336,0.36316777027481767,mr_webots_overtaking_large_ship.wbt,ekf_on_cluster_on,1,1,5.0
1782771872.0724719,16.544524431228638,-200.0,189.44721169214642,0.2,0.11625669748407641,1.828385735196786,1.4583826488798302,-0.05556822357106402,0.1662043144176446,1782771872.0610743,None,None,None, None, 1782771872.0689595,0.956963482742838,apf_colreg,overtaking,-1.0,0.2662635571610664,2.4643516040064766,13.994711760868004,-0.26117066597924943,2.2591222091502603,1.1870898082321544,0.35618477722942804,mr_webots_overtaking_large_ship.wbt,ekf_on_cluster_on,1,1,5.0
1782771872.172004,16.64405655860901,-200.0,189.9496879181729,0.2,0.1064645334982411,1.8939984437926785,1.4657766971572403,-0.05650988255954459,0.1613879169016804,1782771872.1463053,None,None,None, None, 1782771872.1548219,0.9865909304371198,apf_colreg,overtaking,-1.0,0.2863480395915192,1.738597893388599,13.92066654712273,-0.24898555161738667,2.3113752484742562,1.192080496104521,0.34997533015018834,mr_webots_overtaking_large_ship.wbt,ekf_on_cluster_on,1,1,5.0
1782771872.2720091,16.744061708450317,-200.0,188.75105139759046,0.2,0.09765235425005549,1.9616555862519278,1.4727309051514048,-0.047099985068443734,0.15806744018257318,1782771872.2770183,None,None,None, None, 1782771872.2770183,0.9336355319525665,apf_colreg,overtaking,-1.0,0.29074714976204946,1.5764199279891475,13.827889633309635,-0.27283482776343604,2.3711130089760144,1.198168680940497,0.343272922142636,mr_webots_overtaking_large_ship.wbt,ekf_on_cluster_on,1,1,5.0
1782771872.3726053,16.84465789794922,-200.0,186.72007038504137,0.2,0.09051037223177587,2.0295676341338904,1.479136397957836,-0.03539775975312632,0.15352558018129037,1782771872.345113,None,None,None, None, 1782771872.345113,0.9150909578653149,apf_colreg,overtaking,-1.0,0.2694376100235909,1.4345859631385172,13.731256104473838,-0.31316249485039727,2.430589281337695,1.2050091345810046,0.33588577379360335,mr_webots_overtaking_large_ship.wbt,ekf_on_cluster_on,1,1,5.0
1782771872.4733744,16.94542694091797,-200.0,188.88409085161513,0.2,0.08462330789741979,2.0973336869933057,1.4850935278543016,-0.030333797090941257,0.15138591516455804,1782771872.4156504,None,None,None, None, 1782771872.4753757,1.0367541255722859,apf_colreg,overtaking,-1.0,0.27280103416253904,1.375935455430652,13.88658945801098,-0.27116505502858956,2.4935716329395388,1.2112101568865272,0.32954143683551934,mr_webots_overtaking_large_ship.wbt,ekf_on_cluster_on,1,1,5.0
1782771872.5729213,17.044973850250244,-200.0,191.98687264045765,0.2,0.07808411930545275,2.165334206811381,1.4907048205214242,-0.04024610543117151,0.14587352910617868,1782771872.5526173,None,None,None, None, 1782771872.5439243,1.051827981359424,apf_colreg,overtaking,-1.0,0.2733100732532827,1.4011568954272353,13.846182372323243,-0.2035077497228306,2.5542666599325776,1.2187831176895012,0.3224337890986923,mr_webots_overtaking_large_ship.wbt,ekf_on_cluster_on,1,1,5.0
1782771872.6732583,17.145310878753662,200.0,200.0,0.2,0.072440721929656,2.2337361696351365,1.4958827712539655,-0.030458688141582948,0.14358779711233843,1782771872.627661,None,None,None, None, 1782771872.6787696,1.0128455900809703,apf_colreg,overtaking,-1.0,0.271194993004538,1.5390402214466294,13.717559914084806,-0.36371431360106943,2.617929944347191,1.2251942824034519,0.316015248147445,mr_webots_overtaking_large_ship.wbt,ekf_on_cluster_on,1,1,5.0
1782771872.771893,17.243945598602295,200.0,200.0,0.2,0.06667070046927476,2.2805001496174344,1.4987651866863354,0.032233738060949695,0.14776911062000583,1782771872.7573795,None,None,None, None, 1782771872.7493656,0.9220176939850805,apf_colreg,overtaking,-1.0,0.2198322839973504,6.002056965883508,13.83088548977719,-0.19123735893387028,2.682428140980073,1.2315237710378544,0.31056455858141563,mr_webots_overtaking_large_ship.wbt,ekf_on_cluster_on,1,1,5.0
1782771872.8729687,17.34502124786377,-200.0,200.0,0.2,0.08203537799421884,1.907915715290339,1.4677857363179496,0.10631490393501261,0.15490337808050578,1782771872.8244846,1.9024578372699539,1.4673476204247757,0.10966707362110918, 1782771872.86883, 1782771872.823485,0.9284312661337856,apf_colreg,overtaking,-1.0,0.944418904399196,0.0,13.962855272591067,0.01908596412037067,2.721513505736892,1.2286675680317984,0.30435705298812044,mr_webots_overtaking_large_ship.wbt,ekf_on_cluster_on,1,1,5.0
1782771872.972159,17.44421148300171,-200.0,190.6952840413895,0.2,0.08583700785250216,1.9311593707047119,1.4696398102432537,0.07058884552804078,0.16489940745249954,1782771872.9660938,None,None,None, None, 1782771872.9545841,1.0573090574814883,apf_colreg,overtaking,-1.0,0.7937900694154258,0.0,13.85681994011003,-0.23178372164855432,2.3396431431566245,1.1997624521748598,0.29871984203479657,mr_webots_overtaking_large_ship.wbt,ekf_on_cluster_on,1,1,5.0
1782771873.0724008,17.544453382492065,-200.0,193.73560445158196,0.2,0.09422678636534856,1.9801021095724005,1.4739463409007296,0.06419440672141502,0.16932482724225972,1782771873.0350316,None,None,None, None, 1782771873.0280313,1.0339789701713855,apf_colreg,overtaking,-1.0,0.28298227038682117,2.835586226252819,13.938231323087646,-0.16593081961936917,2.380227467618619,1.202886597671955,0.29679744589093515,mr_webots_overtaking_large_ship.wbt,ekf_on_cluster_on,1,1,5.0
1782771873.1735482,17.64560079574585,-200.0,183.0267652043727,0.2,0.10470514159519691,2.0434344190681193,1.480179674094483,0.0643478530292889,0.17392232760485768,1782771873.1064792,None,None,None, None, 1782771873.095475,0.9669067709766411,apf_colreg,overtaking,-1.0,0.28891158280429785,1.7257328714772744,13.892650909093408,-0.39245992788803274,2.446610982787929,1.212649108664892,0.28975613178082305,mr_webots_overtaking_large_ship.wbt,ekf_on_cluster_on,1,1,5.0
1782771873.2729006,17.744953155517578,-200.0,168.14272059082919,0.2,0.11368888377125977,2.1098456747466487,1.4875180268599282,0.03785401529404031,0.17683967330411265,1782771873.276909,None,None,None, None, 1782771873.267267,1.058321099174878,apf_colreg,overtaking,-1.0,0.28348058349659183,1.5711765437076897,13.834122466963205,-0.6715684860949329,2.5143529786415164,1.2277110401970583,0.2846821843416552,mr_webots_overtaking_large_ship.wbt,ekf_on_cluster_on,1,1,5.0
1782771873.3727112,17.84476375579834,-200.0,154.73041953511392,0.2,0.12167461887133717,2.175262391333903,1.4953597178898876,0.027001483409715466,0.17936057543327646,1782771873.3777103,None,None,None, None, 1782771873.3636737,0.921204917653878,apf_colreg,overtaking,-1.0,0.29483012038541884,1.3769553805262642,13.774986433763752,-0.8964527693778912,2.5143529786415164,1.2277110401970583,0.2846821843416552,mr_webots_overtaking_large_ship.wbt,ekf_on_cluster_on,1,1,5.0
1782771873.4718199,17.943872451782227,-200.0,146.6751512572402,0.2,0.12477678850593266,2.239153721080461,1.5035484240081782,-0.01764375287546857,0.17608945714141913,1782771873.4623072,None,None,None, None, 1782771873.4573114,0.9138724607340016,apf_colreg,overtaking,-1.0,0.2850493252469227,1.5461815089342448,13.771323273334112,-1.024428052938358,2.64192277323455,1.2526624407072422,0.27575507449580083,mr_webots_overtaking_large_ship.wbt,ekf_on_cluster_on,1,1,5.0
1782771873.5726953,18.044747829437256,-200.0,141.66576221205094,0.2,0.1227635718425936,2.302009406146537,1.51171090453734,-0.05149995797286371,0.17212674033873335,1782771873.5392532,None,None,None, None, 1782771873.5339615,0.9498262260603909,apf_colreg,overtaking,-1.0,0.27375932589735447,1.8579567114565216,13.799879206352985,-1.1036977028429114,2.703639072726374,1.2632748569276298,0.27302177965523344,mr_webots_overtaking_large_ship.wbt,ekf_on_cluster_on,1,1,5.0
1782771873.672291,18.144343614578247,-200.0,139.12888102351107,0.2,0.11912304083197205,2.364236229057842,1.5195398702366845,-0.05050392468854088,0.16861710442850406,1782771873.6742957,None,None,None, None, 1782771873.6087456,0.9865914930740177,apf_colreg,overtaking,-1.0,0.2573461019243367,2.50084255217258,13.85981483812095,-1.1469882739204786,2.7701264198195035,1.2722790840165146,0.26949351446393766,mr_webots_overtaking_large_ship.wbt,ekf_on_cluster_on,1,1,5.0
1782771873.773615,18.245667457580566,-200.0,140.07914867635876,0.2,0.11300592671561487,2.4261293756061604,1.52703994431198,-0.06515566709405438,0.16002822463598035,1782771873.7405665,None,None,None, None, 1782771873.7495642,0.9992626081799878,apf_colreg,overtaking,-1.0,0.22394562215055905,3.8752246761946005,13.986130255753928,-1.1429468524920656,2.8311703475385577,1.2834681048317416,0.2676669521090007,mr_webots_overtaking_large_ship.wbt,ekf_on_cluster_on,1,1,5.0
1782771873.8718352,18.34388780593872,-200.0,166.04041205205783,0.2,0.10901356828230048,2.0724409753442146,1.488527277657369,-0.0668156852763531,0.15403235773686538,1782771873.830304,2.0669516212763033,1.4879254958874533,0.1153391215768158, 1782771873.869817, 1782771873.8408134,0.9277569073891552,apf_colreg,overtaking,-1.0,0.8682232278067371,0.0,14.04119424793811,-0.7193641839849922,2.8311703475385577,1.2834681048317416,0.2676669521090007,mr_webots_overtaking_large_ship.wbt,ekf_on_cluster_on,1,1,5.0
1782771873.97328,18.445332527160645,-200.0,175.01501260436737,0.2,0.09993508389505532,2.111616846371016,1.4927675740375328,-0.08514816147734623,0.1430069978550203,1782771873.9597883,None,None,None, None, 1782771873.9812794,0.9345741444939863,apf_colreg,overtaking,-1.0,0.002093779370056335,14.086037881301056,14.171082429232296,-0.5593136611514922,2.5342572268436236,1.2472050534563688,0.26585384820292796,mr_webots_overtaking_large_ship.wbt,ekf_on_cluster_on,1,1,5.0
1782771874.0723796,18.544432163238525,-200.0,175.59440875247893,0.2,0.09146349707001514,2.168634920129957,1.4983059626204316,-0.05345603916385438,0.1392145196126445,1782771874.030734,None,None,None, None, 1782771874.0489645,0.9766920825080575,apf_colreg,overtaking,-1.0,0.24512603564571628,2.3469346051971067,14.18654871553443,-0.5487608593053279,2.5342572268436236,1.2472050534563688,0.26585384820292796,mr_webots_overtaking_large_ship.wbt,ekf_on_cluster_on,1,1,5.0
1782771874.1728227,18.644875288009644,-200.0,175.9177430791756,0.2,0.08361477776108424,2.232851001178243,1.504010379843736,-0.04856629182382491,0.1331413362596646,1782771874.1557834,None,None,None, None, 1782771874.1227193,0.9892098811605999,apf_colreg,overtaking,-1.0,0.2577510620633653,1.6972838202986948,14.212339476024475,-0.5434952972321963,2.581946172338743,1.2496507996766741,0.26462574795395943,mr_webots_overtaking_large_ship.wbt,ekf_on_cluster_on,1,1,5.0
1782771874.2731457,18.745198249816895,-200.0,171.6573564862457,0.2,0.07954888921669255,2.298876711287599,1.5093744491708474,-0.016052246508631053,0.13195163105531446,1782771874.229898,None,None,None, None, 1782771874.2731457,1.0859030261722173,apf_colreg,overtaking,-1.0,0.2608487044305366,1.552197183473375,14.222455737643791,-0.6252252810236492,2.6370950238873325,1.252387523154669,0.26372109393591475,mr_webots_overtaking_large_ship.wbt,ekf_on_cluster_on,1,1,5.0
1782771874.3718169,18.84386944770813,-200.0,169.63259846384534,0.2,0.06964085718490934,2.3648147301140843,1.5145706253900926,-0.08179341981203217,0.12108317719737745,1782771874.3627748,None,None,None, None, 1782771874.3497708,0.9319346742411524,apf_colreg,overtaking,-1.0,0.24781834770048095,1.399484251070259,14.195882588796925,-0.6617455958654217,2.6979495302452565,1.2564374624811778,0.26354564621997306,mr_webots_overtaking_large_ship.wbt,ekf_on_cluster_on,1,1,5.0
1782771874.4786186,18.950671195983887,-200.0,174.00808881897063,0.2,0.05720287040879439,2.4305844287065783,1.5189851672631107,-0.09029430432067011,0.11478234447960432,1782771874.432556,None,None,None, None, 1782771874.4315574,1.0947531977130054,apf_colreg,overtaking,-1.0,0.2520816335180496,1.3445652304753986,14.416648745929436,-0.5885996734099743,2.7525310192211125,1.2575715010854955,0.264226459416209,mr_webots_overtaking_large_ship.wbt,ekf_on_cluster_on,1,1,5.0
1782771874.5716338,19.043686389923096,-200.0,178.02232401982005,0.2,0.0466981284873206,2.4968077177283923,1.5225091407449387,-0.06188578845652019,0.10868389337629235,1782771874.5310996,None,None,None, None, 1782771874.5310996,0.9294488660874166,apf_colreg,overtaking,-1.0,0.25550014895446627,1.335814772590495,14.438839190529691,-0.5103357254243308,2.802722890266539,1.2572737743059001,0.26434699322171934,mr_webots_overtaking_large_ship.wbt,ekf_on_cluster_on,1,1,5.0
1782771874.6739616,19.14601421356201,-200.0,184.26250671769824,0.2,0.037050688400151806,2.5635462092481456,1.525374119519256,-0.05611750705568784,0.10222275323962188,1782771874.6462355,None,None,None, None, 1782771874.6894646,1.0211364072544533,apf_colreg,overtaking,-1.0,0.2560604333698224,0.9529270224047356,14.335500589668925,-0.3791595052104064,2.802722890266539,1.2572737743059001,0.26434699322171934,mr_webots_overtaking_large_ship.wbt,ekf_on_cluster_on,1,1,5.0
1782771874.7736223,19.24567484855652,-200.0,185.6459955290729,0.2,0.027613768166747103,2.631044679177079,1.527628003574856,-0.05518288000316182,0.09751395809702572,1782771874.7315662,None,None,None, None, 1782771874.7631104,0.9943804679955467,apf_colreg,overtaking,-1.0,0.25803677323701646,1.3284865111077606,14.48353503064352,-0.35352626346754246,2.9251986363923868,1.2567832892295834,0.2663554112615845,mr_webots_overtaking_large_ship.wbt,ekf_on_cluster_on,1,1,5.0
1782771874.8722177,19.3442702293396,-200.0,193.250090088887,0.2,0.01882513732783634,2.6988291185387068,1.5292546623930239,-0.049839219538704044,0.09309855181471788,1782771874.8201592,None,None,None, None, 1782771874.8616452,1.0338286576477427,apf_colreg,crossing_from_starboard,-1.0,0.2683298889864097,2.149577985099581,14.370562675874206,-0.18229880386029684,2.9251986363923868,1.2567832892295834,0.2663554112615845,mr_webots_overtaking_large_ship.wbt,ekf_on_cluster_on,1,1,5.0
1782771874.9728959,19.444948434829712,-200.0,195.345117399577,0.2,0.02631948253618031,2.252822300740859,1.5059649515337317,-0.03889425233437263,0.08782139975022825,1782771874.9558387,2.2473990133058668,1.5057085751022816,0.054360936079453914, 1782771874.874225, 1782771874.934788,0.9021097634045306,apf_colreg,overtaking,-1.0,0.9403326689663011,0.0,14.86705112358853,-0.13804573186016622,3.0495769568423925,1.2546173069381843,0.2691032342544782,mr_webots_overtaking_large_ship.wbt,ekf_on_cluster_on,1,1,5.0
1782771875.0730016,19.5450541973114,-200.0,197.58746868893104,0.2,0.019654211835313747,2.294834817934073,1.506933397212821,-0.0340519112593019,0.0855363524958517,1782771875.0229435,None,None,None, None, 1782771875.0625875,0.9641345388047046,apf_colreg,overtaking,-1.0,0.27353118920724495,4.762237853324155,14.9697699426235,-0.08312687804003538,2.5800854900973564,1.2328900310015218,0.27057408682525996,mr_webots_overtaking_large_ship.wbt,ekf_on_cluster_on,1,1,5.0
1782771875.1722286,19.644281148910522,-200.0,197.9672775872721,0.2,0.012984676945561584,2.3558135446599318,1.5079474966023625,-0.036400682732757726,0.08073928290373734,1782771875.1547287,None,None,None, None, 1782771875.1367743,1.0989837347377645,apf_colreg,overtaking,-1.0,0.28923183148682363,1.346651838202525,15.033030034922538,-0.07382296518624276,2.627656030322489,1.2321626312744922,0.27171605208697247,mr_webots_overtaking_large_ship.wbt,ekf_on_cluster_on,1,1,5.0
1782771875.2723851,19.74443769454956,-200.0,193.85182129981249,0.2,0.006646031868862887,2.42364757312003,1.5086245290790359,-0.03314934185064863,0.07818358592114456,1782771875.231825,None,None,None, None, 1782771875.2763894,0.9443251723586015,apf_colreg,static_obstacle,-1.0,0.2933391856215373,0.9914703847371036,15.015381760951986,-0.17593804170900285,2.6857777665930196,1.231346462016631,0.27295978311992153,mr_webots_overtaking_large_ship.wbt,ekf_on_cluster_on,1,1,5.0
1782771875.3815045,19.853557109832764,-200.0,191.52861349374498,0.2,0.0014299015155544229,2.4923906687479143,1.5088960691686744,-0.025353061673929658,0.0760581874076839,1782771875.3156571,None,None,None, None, 1782771875.3432226,0.9110209674428228,apf_colreg,static_obstacle,-1.0,0.2892161480504786,0.9035428541096325,15.040537498018374,-0.23193923132098337,2.7503579110204406,1.2302207857771572,0.2738583320224755,mr_webots_overtaking_large_ship.wbt,ekf_on_cluster_on,1,1,5.0
1782771875.4726183,19.944670915603638,-200.0,191.8845257591696,0.2,6.27914359454824,2.5610172149466,1.5088484744089108,-0.032243944214938265,0.07133804378908028,1782771875.4620457,None,None,None, None, 1782771875.476627,0.9946709840448337,apf_colreg,static_obstacle,-1.0,0.2910133590061807,0.734618373005378,15.167420090804123,-0.22538142421378637,2.8096607470464736,1.2291460433809178,0.27480646826006,mr_webots_overtaking_large_ship.wbt,ekf_on_cluster_on,1,1,5.0
1782771875.571968,20.044020652770996,-200.0,193.7031211802718,0.2,6.274026134302164,2.629663491191752,1.5084260696816685,-0.029081389651976024,0.06925153944733979,1782771875.5337927,None,None,None, None, 1782771875.5427997,1.0280671325384068,apf_colreg,overtaking,-1.0,0.2927652559415393,0.6453128265534327,15.3093808228758,-0.1830557976668894,2.8805567224654505,1.2273918932973542,0.2756959081407965,mr_webots_overtaking_large_ship.wbt,ekf_on_cluster_on,1,1,5.0
1782771875.6716287,20.143681287765503,-200.0,194.7209689709239,0.2,6.269227713620166,2.698507423671419,1.5076543882525186,-0.026692392233477254,0.06751422230652367,1782771875.6726334,None,None,None, None, 1782771875.6088953,1.0825112994862374,apf_colreg,overtaking,-1.0,0.2940910597691554,0.5926814102217434,15.490689840567322,-0.15965983881356305,2.9431208477964845,1.2256455776221373,0.2764037161767782,mr_webots_overtaking_large_ship.wbt,ekf_on_cluster_on,1,1,5.0
1782771875.7719705,20.244023084640503,-200.0,198.32840882189717,0.2,6.263933320118128,2.767487191465077,1.5065562799576746,-0.031739769729652575,0.06254457655447591,1782771875.755454,None,None,None, None, 1782771875.75746,1.0631355218333605,apf_colreg,overtaking,-1.0,0.295554419216223,0.5749548628514073,15.469436280866551,-0.06647568829496997,3.0064626910206926,1.2237380894768943,0.27722079164084934,mr_webots_overtaking_large_ship.wbt,ekf_on_cluster_on,1,1,5.0
1782771875.8716352,20.343687772750854,-200.0,198.40256029384696,0.2,6.259248713039007,2.836876526198058,1.5050631645577184,-0.024031738232758518,0.06071497365029029,1782771875.8315868,None,None,None, None, 1782771875.832586,0.9949839576133176,apf_colreg,crossing_from_starboard,-1.0,0.3141372718923904,1.4189515790378118,15.580749951675244,-0.06498600983656555,3.069152090332632,1.2213023533498266,0.27778722421851365,mr_webots_overtaking_large_ship.wbt,ekf_on_cluster_on,1,1,5.0
1782771875.9729276,20.444980144500732,-200.0,187.7591121853297,0.2,6.2703948577687845,2.4378649493480307,1.5142121514862956,-0.0428091960878886,0.055225740296580124,1782771875.9598124,2.4318309054977196,1.514353304799394,0.021011548593216745, 1782771875.875644, 1782771875.9598124,0.9097650429592228,apf_colreg,overtaking,-1.0,0.8205670503887237,0.0,16.083325885880658,-0.3416204747365441,3.1338432511914154,1.2187460111274926,0.27836868447702545,mr_webots_overtaking_large_ship.wbt,ekf_on_cluster_on,1,1,5.0
1782771876.0726411,20.5446937084198,-200.0,159.2825109335628,0.2,6.265588532119712,2.4806693206466073,1.51356692471332,-0.025475466691278634,0.05334620135706847,1782771876.0335908,None,None,None, None, 1782771876.0361278,0.9422238428749753,apf_colreg,overtaking,-1.0,0.344528508006244,2.479624118735704,15.859569375627606,-0.945595604975634,2.703388566266847,1.2314249424600279,0.27888496024801235,mr_webots_overtaking_large_ship.wbt,ekf_on_cluster_on,1,1,5.0
1782771876.172351,20.6444034576416,-200.0,159.23059347641683,0.2,6.260319388827426,2.5380456223939363,1.5125171419851142,-0.04540090956830196,0.04709202447003029,1782771876.1713452,None,None,None, None, 1782771876.1713452,1.0633184333980092,apf_colreg,overtaking,-1.0,0.30262341899679074,1.221643412977237,15.900099752152528,-0.9490149855079943,2.7574556932240104,1.2299259036178665,0.2793448340208754,mr_webots_overtaking_large_ship.wbt,ekf_on_cluster_on,1,1,5.0
1782771876.2724874,20.744539976119995,-200.0,167.2485523997341,0.2,6.2518871656562665,2.600898016429894,1.5110383429887833,-0.07350207668137974,0.04164849842247064,1782771876.2454047,None,None,None, None, 1782771876.2484047,0.9689407980274967,apf_colreg,overtaking,-1.0,0.3004519548928845,1.0799346983446827,15.869530136742783,-0.7885953904778233,2.7574556932240104,1.2299259036178665,0.2793448340208754,mr_webots_overtaking_large_ship.wbt,ekf_on_cluster_on,1,1,5.0
1782771876.3723843,20.84443688392639,-200.0,174.864927023201,0.2,6.244431816143052,2.665897746867426,1.5088690356993997,-0.05103525970811212,0.037896303754008376,1782771876.3886948,None,None,None, None, 1782771876.3886948,0.9113666554768416,apf_colreg,overtaking,-1.0,0.29575602211509605,0.9360087788530387,15.808817762861874,-0.6271660824340382,2.916099869468942,1.2220712957385829,0.280607358938598,mr_webots_overtaking_large_ship.wbt,ekf_on_cluster_on,1,1,5.0
1782771876.4724414,20.944494009017944,-200.0,183.85727990513752,0.2,6.234752530016383,2.7320890196184506,1.506157786850828,-0.06956936158461849,0.03304255870345722,1782771876.4724414,None,None,None, None, 1782771876.4501386,0.9787618296420106,apf_colreg,overtaking,-1.0,0.2951176693341722,0.7994070628987852,15.751005485295428,-0.4259329169292201,2.916099869468942,1.2220712957385829,0.280607358938598,mr_webots_overtaking_large_ship.wbt,ekf_on_cluster_on,1,1,5.0
1782771876.5725982,21.04465079307556,-200.0,193.35207664929746,0.2,6.226215253737022,2.799400067456737,1.5026696663781234,-0.04992597829008752,0.028741867639065253,1782771876.5585828,None,None,None, None, 1782771876.521076,1.0193562818569961,apf_colreg,overtaking,-1.0,0.28941469097932454,0.6168112742110619,15.661981573981041,-0.19611772917288306,2.9759350384196557,1.217972233199518,0.2811899000721057,mr_webots_overtaking_large_ship.wbt,ekf_on_cluster_on,1,1,5.0
1782771876.6730332,21.14508581161499,-199.45250079412992,200.0,0.2,6.217922173617964,2.8678885751578562,1.4985206612242568,-0.04618204187369717,0.025562892828062022,1782771876.6274185,None,None,None, None, 1782771876.6632206,0.9368331446437151,apf_colreg,overtaking,-1.0,0.2852683429722904,0.4838181305254319,15.61140754427359,0.03699392527775025,3.0360369831211154,1.2134891528618537,0.28162312478347723,mr_webots_overtaking_large_ship.wbt,ekf_on_cluster_on,1,1,5.0
1782771876.7722373,21.244289875030518,-189.22053108892212,200.0,0.2,6.208578172496851,2.937194893547222,1.4937280982407355,-0.05358033809930952,0.018799663839434246,1782771876.7536445,None,None,None, None, 1782771876.7361474,1.0651982140056107,apf_colreg,crossing_from_starboard,-1.0,0.2905872321840421,1.064096843127044,15.57008680598178,0.29600133699862496,3.1043383880543307,1.208069050676014,0.28183793840506705,mr_webots_overtaking_large_ship.wbt,ekf_on_cluster_on,1,1,5.0
1782771876.8724663,21.344518899917603,-178.8351393162968,200.0,0.2,6.201036705480288,3.0054534386431495,1.488309150096045,-0.031255366207852145,0.0167724971041778,1782771876.877589,None,None,None, None, 1782771876.8654528,0.9205357824916596,apf_colreg,crossing_from_starboard,-1.0,0.2901257802669143,1.2834916578051911,15.531535600918211,0.5313751170031242,3.1684989492161595,1.2020952848316597,0.2818856727719215,mr_webots_overtaking_large_ship.wbt,ekf_on_cluster_on,1,1,5.0
1782771876.9719412,21.44399380683899,-200.0,192.6010089677818,0.2,6.217778538436279,2.621925502576224,1.515939095745042,-0.015349173308833583,0.014755643344732228,1782771876.9499009,2.6159766432673073,1.5163808254131725,6.260647239001687, 1782771876.885177, 1782771876.9499009,1.0642735327169874,apf_colreg,overtaking,-1.0,0.7151025702064828,0.0,16.047771597648122,-0.22022286903552057,3.2314468276008563,1.1958384480119524,0.2817361096564016,mr_webots_overtaking_large_ship.wbt,ekf_on_cluster_on,1,1,5.0
1782771877.0720432,21.544095754623413,-200.0,193.76510670116062,0.2,6.213619407734595,2.6648161322924957,1.5130160384238724,-0.014126107685056954,0.013724781658870259,1782771877.0228765,None,None,None, None, 1782771877.0268748,0.9909114828648408,apf_colreg,overtaking,-1.0,0.29556305587889586,2.798090673930463,15.903724052450396,-0.18857270152519856,2.837031919622165,1.2287127436883227,0.28134367887154443,mr_webots_overtaking_large_ship.wbt,ekf_on_cluster_on,1,1,5.0
1782771877.1723402,21.644392728805542,-200.0,200.0,0.2,6.209546297760939,2.7256821382485477,1.5086692823488335,-0.02339455795798443,0.010241069077512313,1782771877.1717877,None,None,None, None, 1782771877.1810668,0.9009831161309511,apf_colreg,overtaking,-1.0,0.2788034965120549,1.0364696372355218,15.866701049606725,-0.01637858496161293,2.883057537936804,1.2253412292038244,0.28087321488217043,mr_webots_overtaking_large_ship.wbt,ekf_on_cluster_on,1,1,5.0
1782771877.2723827,21.74443531036377,-197.37156034892735,200.0,0.2,6.205485679444278,2.793558268494766,1.5035343522478257,-0.021725865754098083,0.008495128102671359,1782771877.25215,None,None,None, None, 1782771877.2596061,0.9550781996766233,apf_colreg,overtaking,-1.0,0.27580559026398077,0.8043444000817812,15.745993278244514,0.09316517999481544,2.9465488220789524,1.2205998603816093,0.2804092607579694,mr_webots_overtaking_large_ship.wbt,ekf_on_cluster_on,1,1,5.0
1782771877.3728607,21.844913244247437,-192.32457064710718,200.0,0.2,6.202209464861029,2.862504512485554,1.4980289038430747,-0.013534000765131669,0.007169198701176949,1782771877.3501203,None,None,None, None, 1782771877.355122,0.9665684281041401,apf_colreg,overtaking,-1.0,0.27622714716334784,0.719779444731138,15.623994099141935,0.2212754266730661,3.01206297549898,1.2154539174479413,0.27978899394027446,mr_webots_overtaking_large_ship.wbt,ekf_on_cluster_on,1,1,5.0
1782771877.4716783,21.94373083114624,-184.1258317874889,200.0,0.2,6.199312926633364,2.9310416634944767,1.4923348407701305,-0.010771853014612604,0.0063625316793466825,1782771877.4250069,None,None,None, None, 1782771877.423007,0.9842152874094694,apf_colreg,overtaking,-1.0,0.2736439281572574,0.5489749921021966,15.556005715845611,0.41455389629951434,3.079661424964291,1.2099677821032575,0.27923288720084893,mr_webots_overtaking_large_ship.wbt,ekf_on_cluster_on,1,1,5.0
1782771877.5720215,22.044074058532715,-175.44563596909575,200.0,0.2,6.197471938458006,2.998630638146442,1.4865106132075425,-9.788072200780511e-05,0.006348682047624199,1782771877.5665019,None,None,None, None, 1782771877.5566945,0.9021167844755814,apf_colreg,crossing_from_starboard,-1.0,0.2710646849479618,0.8557052621264588,15.549387589282578,0.6046249603846015,3.1460704108586057,1.204540338735522,0.2784780867936492,mr_webots_overtaking_large_ship.wbt,ekf_on_cluster_on,1,1,5.0
1782771877.6721475,22.144200086593628,-167.8662850845786,200.0,0.2,6.196228588019161,3.065169357732948,1.4806541060198946,0.005016995629722188,0.006698992240231654,1782771877.6363266,None,None,None, None, 1782771877.6221192,0.9946354473281377,apf_colreg,crossing_from_starboard,-1.0,0.26986053379507385,0.9643565061193897,15.4993642223229,0.7579196057289437,3.206829282587031,1.1993296127887718,0.2776583599326546,mr_webots_overtaking_large_ship.wbt,ekf_on_cluster_on,1,1,5.0
1782771877.7733319,22.245384454727173,-161.25616518155306,200.0,0.2,6.196269846601547,3.130767796698155,1.4747936349109825,0.01681536162039308,0.007944421494462327,1782771877.78512,None,None,None, None, 1782771877.7781203,0.9414264905957661,apf_colreg,crossing_from_starboard,-1.0,0.2685096767562041,1.1694801211251311,15.468261925637027,0.8849416724591919,3.270181540888278,1.1938791046194828,0.27668894146971607,mr_webots_overtaking_large_ship.wbt,ekf_on_cluster_on,1,1,5.0
1782771877.8749793,22.347031831741333,-156.3535350351333,200.0,0.2,6.198281697979094,3.195555377476831,1.4690215444092427,0.03258323077634816,0.010379317094579512,1782771877.8925421,None,None,None, None, 1782771877.8654687,1.033161245770031,apf_colreg,crossing_from_starboard,-1.0,0.26686811577197417,1.5185409392001694,15.44653174559248,0.9754512944526326,3.329811255281426,1.1889218317150325,0.2753643474384907,mr_webots_overtaking_large_ship.wbt,ekf_on_cluster_on,1,1,5.0
1782771877.9719102,22.443962812423706,-200.0,192.95769446254076,0.2,6.222496688777424,2.8062757059036914,1.5113306444497399,0.05709469990397823,0.020356729920573906,1782771877.959872,2.8002868178902327,1.5119627344470945,6.258790186918072, 1782771877.888544, 1782771877.943862,0.9106356730195122,apf_colreg,overtaking,-1.0,0.7107254919013943,0.0,15.970700711937834,-0.21007547772000823,3.3952892130227865,1.1838794556272374,0.27421931582523146,mr_webots_overtaking_large_ship.wbt,ekf_on_cluster_on,1,1,5.0
1782771878.0742352,22.546287775039673,-200.0,188.02975084524374,0.2,6.228122563617209,2.846499731394421,1.5089657706574329,0.038236054684468085,0.02357447914858203,1782771878.0440269,None,None,None, None, 1782771878.0440269,0.9736321730712376,apf_colreg,overtaking,-1.0,0.32871012097278507,13.188671484227186,15.864150026106845,-0.3304530462403399,2.9763304875138044,1.2341569718406586,0.27297966696686504,mr_webots_overtaking_large_ship.wbt,ekf_on_cluster_on,1,1,5.0
1782771878.1738508,22.64590334892273,-200.0,186.2063014288831,0.2,6.236024033604688,2.9055231151312837,1.5058943684008295,0.048129147448005075,0.02722229853819495,1782771878.1198192,None,None,None, None, 1782771878.1138175,1.0663073665002591,apf_colreg,overtaking,-1.0,0.2625543469963598,1.045097134503703,15.819971171844779,-0.37295623038107273,3.03355338256781,1.2324020950184196,0.2717873496497959,mr_webots_overtaking_large_ship.wbt,ekf_on_cluster_on,1,1,5.0
1782771878.2738788,22.745931386947632,-200.0,184.4020891547958,0.2,6.241608158313525,2.971546904671817,1.503051950704518,0.016092917349611657,0.028433603747837467,1782771878.2738788,None,None,None, None, 1782771878.2628365,1.0479950912213396,apf_colreg,overtaking,-1.0,0.2587936462937091,0.8034056561886265,15.753246537539816,-0.4134335605084649,3.1388209348663874,1.2295110595083136,0.27102659862126366,mr_webots_overtaking_large_ship.wbt,ekf_on_cluster_on,1,1,5.0
1782771878.3855345,22.857587099075317,-200.0,183.1433273314999,0.2,6.2465159646642086,3.0389340853061197,1.5004831871997872,0.016092917349611657,0.0316521872177598,1782771878.3895335,None,None,None, None, 1782771878.3468018,1.099470986831781,apf_colreg,overtaking,-1.0,0.25881531990925094,0.7802490308648418,15.665033117399187,-0.43988181364293855,3.2043463906361906,1.2283055178036366,0.27028559474031033,mr_webots_overtaking_large_ship.wbt,ekf_on_cluster_on,1,1,5.0
1782771878.4728417,22.944894313812256,-200.0,183.5822836147538,0.2,6.249212787195669,3.1064275960968626,1.4982215363564872,-0.0010577920804876984,0.031459766742180977,1782771878.4557865,None,None,None, None, 1782771878.4234393,0.9434527610818345,apf_colreg,crossing_from_starboard,-1.0,0.25590395043075204,0.782131244769616,15.617625332825414,-0.42858777582118357,3.2043463906361906,1.2283055178036366,0.27028559474031033,mr_webots_overtaking_large_ship.wbt,ekf_on_cluster_on,1,1,5.0
1782771878.5737214,23.04577398300171,-200.0,187.86443404137054,0.2,6.250450545192789,3.1739870323685007,1.4960809941535658,-0.006934612297359651,0.030916272415720723,1782771878.5341606,None,None,None, None, 1782771878.5802443,0.9002199842017915,apf_colreg,crossing_from_starboard,-1.0,0.2531344443358692,0.83215855040998,15.49179975342121,-0.3265833579733268,3.2757468857375533,1.2268352952875698,0.26971397132121877,mr_webots_overtaking_large_ship.wbt,ekf_on_cluster_on,1,1,5.0
1782771878.671797,23.14384961128235,-200.0,193.05341687151198,0.2,6.249165006555202,3.2420123366638247,1.4939507299170423,-0.022421838933023387,0.027886886696555344,1782771878.6692693,None,None,None, None, 1782771878.6514027,0.9195535990456863,apf_colreg,crossing_from_starboard,-1.0,0.25111745569019317,0.8920425283376995,15.466463681507724,-0.20107460767172913,3.336709184548703,1.2254436474001957,0.2693521687153165,mr_webots_overtaking_large_ship.wbt,ekf_on_cluster_on,1,1,5.0
1782771878.7727382,23.24479079246521,-200.0,193.8969128469407,0.2,6.247737665256102,3.310664690094285,1.4916234106603952,-0.013630738527601344,0.027023201185431344,1782771878.7326324,None,None,None, None, 1782771878.7211144,1.0777839946033576,apf_colreg,overtaking,-1.0,0.24771279829021017,1.0315085015843237,15.99149503555614,-0.186210687811597,3.40371817757506,1.2236357269470923,0.26900458073831557,mr_webots_overtaking_large_ship.wbt,ekf_on_cluster_on,1,1,5.0
1782771878.871926,23.34397864341736,-200.0,197.21742305363264,0.2,6.245002777029637,3.379499036552878,1.4891661767187827,-0.02232555314168781,0.024193485400492785,1782771878.8593802,None,None,None, None, 1782771878.8603787,1.008393795188583,apf_colreg,overtaking,-1.0,0.24275979884214402,1.2977776756713268,15.993935449538034,-0.09877639819129502,3.469779625957215,1.2215808964105557,0.2687641671107963,mr_webots_overtaking_large_ship.wbt,ekf_on_cluster_on,1,1,5.0
1782771878.9933152,23.465367794036865,-200.0,174.80670955404656,0.2,6.250056408201517,2.986016256493786,1.5086440314043612,-0.030484488662014374,0.021850994200217706,1782771878.9362223,2.979905339159489,1.5089370383364988,6.267936181411023, 1782771878.891447, 1782771878.9269786,1.0434933889429785,apf_colreg,overtaking,-1.0,0.652510348813878,0.0,15.854005546701199,-0.630207702585273,3.5375289350327423,1.2192552035851942,0.26850256423797353,mr_webots_overtaking_large_ship.wbt,ekf_on_cluster_on,1,1,5.0
1782771879.1011379,23.573190450668335,-200.0,184.10013327456852,0.2,6.246050476598399,3.027675053595834,1.5072345951811563,-0.03563454857126804,0.01600993457332141,1782771879.100138,None,None,None, None, 1782771879.100138,1.095855626721591,apf_colreg,overtaking,-1.0,0.04734500543289234,12.51889657198726,16.00291471707553,-0.4270653744781807,3.1292665241204785,1.2407311608309721,0.26818199083691224,mr_webots_overtaking_large_ship.wbt,ekf_on_cluster_on,1,1,5.0
1782771879.17233,23.64438247680664,-200.0,186.77164489515815,0.2,6.239446899963551,3.0869940054357343,1.5049607584614897,-0.05385671373378631,0.005238591826564148,1782771879.17233,None,None,None, None, 1782771879.1647882,0.9291072861056054,apf_colreg,overtaking,-1.0,0.24701506730281703,0.9678893031600955,15.790591888343243,-0.3589073712416244,3.170071281643741,1.2392019843856763,0.2679583443515385,mr_webots_overtaking_large_ship.wbt,ekf_on_cluster_on,1,1,5.0
1782771879.275936,23.74798846244812,-200.0,191.752896127056,0.2,6.23380013561341,3.15313345641235,1.5019148667188134,-0.03299931224413328,0.002909948638068074,1782771879.2428963,None,None,None, None, 1782771879.247895,1.0846021121907088,apf_colreg,overtaking,-1.0,0.2506510404180634,0.6866164767281683,15.668141442131926,-0.23607875261490463,3.238133977161531,1.236261422566005,0.2677178332169739,mr_webots_overtaking_large_ship.wbt,ekf_on_cluster_on,1,1,5.0
1782771879.3722744,23.844326972961426,-200.0,197.4531661309029,0.2,6.229227077025375,3.2212852961780927,1.4983946720892476,-0.02340504335490787,0.0009166910448035414,1782771879.32806,None,None,None, None, 1782771879.3320577,0.9418520685989066,apf_colreg,overtaking,-1.0,0.24398500992398367,0.6064925192282562,15.524444328365686,-0.08972158112274364,3.3037733289848887,1.2329170396565134,0.26748338309580605,mr_webots_overtaking_large_ship.wbt,ekf_on_cluster_on,1,1,5.0
1782771879.4732056,23.945258140563965,-195.62435408229607,200.0,0.2,6.222612372542319,3.2903761942025413,1.4945224461153082,-0.04326636395386063,6.2808874186580335,1782771879.4822059,None,None,None, None, 1782771879.4802048,0.9193887002678033,apf_colreg,crossing_from_starboard,-1.0,0.25138053123393367,0.6089332210655282,15.4917933717839,0.13672983455770016,3.3728464605042885,1.2294018187578406,0.26714184472984925,mr_webots_overtaking_large_ship.wbt,ekf_on_cluster_on,1,1,5.0
1782771879.5724785,24.044531106948853,-184.37310685873678,200.0,0.2,6.2156375851056245,3.3593722717356886,1.4901294914851615,-0.03859536124159184,6.277805635878802,1782771879.5794847,None,None,None, None, 1782771879.5702024,0.9942286170761078,apf_colreg,crossing_from_starboard,-1.0,0.25091061282694804,0.6408983408267612,15.4320257524193,0.40565941210773104,3.4404504176753528,1.2252256388439553,0.2666340380450656,mr_webots_overtaking_large_ship.wbt,ekf_on_cluster_on,1,1,5.0
1782771879.6729488,24.14500141143799,-179.06200494637744,200.0,0.2,6.209879062893964,3.4271134250226156,1.485288857619535,-0.021771636398437533,6.274194801253334,1782771879.6480563,None,None,None, None, 1782771879.6410558,1.095568431404216,apf_colreg,overtaking,-1.0,0.24908322464189178,0.7560167975834629,15.93559626479189,0.5401424982243208,3.5077209638338007,1.2205222190261178,0.2661091008701731,mr_webots_overtaking_large_ship.wbt,ekf_on_cluster_on,1,1,5.0
1782771879.772056,24.2441086769104,-172.04739727769527,200.0,0.2,6.205629611940192,3.4940918810617347,1.4801191559501898,-0.0089718220320397,6.273486403819663,1782771879.7270143,None,None,None, None, 1782771879.7115042,1.001705047126394,apf_colreg,overtaking,-1.0,0.24641426137584105,0.9276199159610534,15.927476526166885,0.6919606740071425,3.5711518146859964,1.2158789269334702,0.265245656979409,mr_webots_overtaking_large_ship.wbt,ekf_on_cluster_on,1,1,5.0
1782771879.8727307,24.344783306121826,-166.34361201763505,200.0,0.2,6.203533085713137,3.560215878218584,1.4747518736959417,0.007763262857450615,6.274535649171254,1782771879.8621695,None,None,None, None, 1782771879.8491383,1.0446491213521434,apf_colreg,overtaking,-1.0,0.24103198028760178,1.3157649138631338,15.929399309460493,0.8099641096665984,3.64012120872405,1.2107716010411367,0.26432315694061526,mr_webots_overtaking_large_ship.wbt,ekf_on_cluster_on,1,1,5.0
1782771879.9724033,24.444455862045288,-200.0,200.0,0.2,6.216949623410295,3.170560530405166,1.504133653993842,0.01493276762982217,6.275676531040326,1782771879.9385707,3.164550486571842,1.504593100716701,6.244165247108139, 1782771879.899245, 1782771879.9260352,1.0110382953321908,apf_colreg,overtaking,-1.0,0.636463868696101,0.0,15.835137934196178,0.011619800533824609,3.7066915824918136,1.2058668077716026,0.263318505183974,mr_webots_overtaking_large_ship.wbt,ekf_on_cluster_on,1,1,5.0
1782771880.0724072,24.5444598197937,-197.55795326648183,200.0,0.2,6.219585156322108,3.2124948911638143,1.501317392370865,0.038629996687011794,6.278544485277397,1782771880.0965402,None,None,None, None, 1782771880.0593317,0.9039919268799848,apf_colreg,overtaking,-1.0,0.08430716913055356,15.013566727542313,15.938204199311194,0.08929807063592143,3.2847887445372748,1.2401123492477597,0.26191582337073493,mr_webots_overtaking_large_ship.wbt,ekf_on_cluster_on,1,1,5.0
1782771880.1722615,24.64431405067444,-198.94580901245098,200.0,0.2,6.222350825033402,3.273360615031927,1.4975037028730789,0.017344991371058105,6.281161602665424,1782771880.1636984,None,None,None, None, 1782771880.1241217,0.9879797438482821,apf_colreg,overtaking,-1.0,0.24314331989384927,1.174702877390701,15.79002847103154,0.05119025533296728,3.3861071362046347,1.2350726047830203,0.26084502117663877,mr_webots_overtaking_large_ship.wbt,ekf_on_cluster_on,1,1,5.0
1782771880.2717998,24.743852376937866,-199.41626833577277,200.0,0.2,6.225382356885388,3.341184766488622,1.4934546278916727,0.017885490860570657,6.282491800399189,1782771880.2380714,None,None,None, None, 1782771880.2485864,1.0940641764331756,apf_colreg,overtaking,-1.0,0.24738584904025993,0.6894054514883093,15.654571387666559,0.038075588124737436,3.3861071362046347,1.2350726047830203,0.26084502117663877,mr_webots_overtaking_large_ship.wbt,ekf_on_cluster_on,1,1,5.0
1782771880.3718152,24.843867778778076,-197.873338915982,200.0,0.2,6.228938582821631,3.4104478614887213,1.4895398970343763,0.02137336482874278,0.0012115658644535898,1782771880.3272045,None,None,None, None, 1782771880.334287,0.9138673449562387,apf_colreg,overtaking,-1.0,0.24789081340552796,0.5771745180518768,15.52180291332293,0.07869321733469015,3.4521819469275075,1.2321672556248002,0.259603161310135,mr_webots_overtaking_large_ship.wbt,ekf_on_cluster_on,1,1,5.0
1782771880.4721298,24.94418239593506,-194.55427301925053,200.0,0.2,6.232185946417681,3.479761670371035,1.4858801056164737,0.01725940943783318,0.0036695695803810016,1782771880.4696198,None,None,None, None, 1782771880.4093766,1.0669485777205088,apf_colreg,crossing_from_starboard,-1.0,0.24730791637935426,0.5610610289836349,15.42803522428765,0.16320396335520382,3.5231499983056422,1.2294335360004092,0.2584118435022006,mr_webots_overtaking_large_ship.wbt,ekf_on_cluster_on,1,1,5.0
1782771880.571754,25.043806552886963,-190.6588929200826,200.0,0.2,6.235980204143276,3.5487265805230783,1.4824481248565675,0.023820206665744185,0.005199938168403731,1782771880.5338664,None,None,None, None, 1782771880.5697322,0.9095300914919071,apf_colreg,crossing_from_starboard,-1.0,0.24685672794841068,0.5701917625461812,15.381834442816999,0.2581660463932547,3.5894538107575142,1.2268175766877083,0.2574326362356606,mr_webots_overtaking_large_ship.wbt,ekf_on_cluster_on,1,1,5.0
1782771880.6815646,25.15361714363098,200.0,200.0,0.2,6.2398414946823655,3.6172309907165157,1.4792991709274332,0.024403920957841923,0.007223734208644533,1782771880.6167955,None,None,None, None, 1782771880.6328192,0.949277088492937,apf_colreg,crossing_from_starboard,-1.0,0.24555947658123203,0.6363215193478159,-0.6671457272948098,22.58721837384403,3.657842993070901,1.2247268301740293,0.2562221895434878,mr_webots_overtaking_large_ship.wbt,ekf_on_cluster_on,1,1,5.0
1782771880.7745597,25.246612310409546,200.0,200.0,0.2,6.244641186510853,3.6640253100080433,1.476958563266063,0.0932673975062005,0.020927377575783307,1782771880.763724,None,None,None, None, 1782771880.763724,1.0275269893654577,apf_colreg,crossing_from_starboard,-1.0,0.22559313643065604,3.019617255302979,-0.28759759716726174,22.651748977769838,3.7244727600473717,1.2228005691720236,0.25519747325132186,mr_webots_overtaking_large_ship.wbt,ekf_on_cluster_on,1,1,5.0
1782771880.8727846,25.344837188720703,200.0,200.0,0.2,6.250510590978614,3.7047114076793775,1.4750612074785483,0.11330856649228978,0.029202652809437728,1782771880.8367572,None,None,None, None, 1782771880.8407564,1.0943906979529485,apf_colreg,crossing_from_starboard,-1.0,0.250730113981742,7.336606491204467,-0.14352089301072635,22.628640419316483,3.7658569230208876,1.221697928778745,0.2536669977475789,mr_webots_overtaking_large_ship.wbt,ekf_on_cluster_on,1,1,5.0
1782771880.9720223,25.444074869155884,-200.0,170.70635652507494,0.2,6.2673114425649015,3.34759027735076,1.4986585937926349,0.12303600619559771,0.0399872648942554,1782771880.9244113,3.342373031712719,1.498990625618883,0.0028960276072886875, 1782771880.901897, 1782771880.9244113,0.9796003713358528,apf_colreg,overtaking,-1.0,0.5797919471817982,0.0,15.73924134189564,-0.7116067802011417,3.7985153992018175,1.2212072191524272,0.25156549939660616,mr_webots_overtaking_large_ship.wbt,ekf_on_cluster_on,1,1,5.0
1782771881.072244,25.544296503067017,-200.0,162.71713112925397,0.2,6.2778447970261775,3.367273870412323,1.4983836554968564,0.09262001025639612,0.052798638516766264,1782771881.0627332,None,None,None, None, 1782771881.066733,1.0773826041699315,apf_colreg,overtaking,-1.0,0.46522259652465503,0.0,15.730375754260304,-0.8715339454210431,3.4242757978617555,1.2479235906269963,0.24990403630915137,mr_webots_overtaking_large_ship.wbt,ekf_on_cluster_on,1,1,5.0
1782771881.1726758,25.644728422164917,-200.0,152.94765578166934,0.2,0.006452396457185621,3.410868202049729,1.4984207651349606,0.056066327112378765,0.05640861251156877,1782771881.1271207,None,None,None, None, 1782771881.1416285,0.9400073384213333,apf_colreg,overtaking,-1.0,0.24834054194902866,2.5602810728136935,15.654763695007354,-1.0516112820891585,3.4574507249678854,1.249071829408546,0.2486901651993556,mr_webots_overtaking_large_ship.wbt,ekf_on_cluster_on,1,1,5.0
1782771881.272667,25.74471950531006,-200.0,146.10471257865717,0.2,0.014605999177431144,3.4680089216173644,1.4992091248297608,0.012033918063500876,0.05803167357637441,1782771881.2619946,None,None,None, None, 1782771881.2796698,1.0921564691731775,apf_colreg,overtaking,-1.0,0.25132811521546283,0.8631985687349414,15.525160873919894,-1.1648905661237663,3.509098852536534,1.2502398566144879,0.24822685402429032,mr_webots_overtaking_large_ship.wbt,ekf_on_cluster_on,1,1,5.0
1782771881.3721669,25.84421944618225,200.0,200.0,0.2,0.019938875482525233,3.529557759286098,1.5005026728316064,-0.004242126373492595,0.057717128645909235,1782771881.3361425,None,None,None, None, 1782771881.363658,1.0762031295161611,apf_colreg,crossing_from_starboard,-1.0,0.24372100106906455,0.38196468691455715,-1.016650761272175,43.65916956038851,3.5764160904208624,1.2516715025002716,0.24818304709241065,mr_webots_overtaking_large_ship.wbt,ekf_on_cluster_on,1,1,5.0
1782771881.4726176,25.9446702003479,200.0,200.0,0.2,0.02419827742310035,3.575070963007552,1.5011800860516678,0.07857207987349885,0.06820287489150123,1782771881.4695964,None,None,None, None, 1782771881.438535,1.033611565157319,apf_colreg,crossing_from_starboard,-1.0,0.24860399688290036,0.4860003006310206,-26.82276141520172,30.63089200824017,3.6358497685308557,1.253247868501207,0.2482064432836783,mr_webots_overtaking_large_ship.wbt,ekf_on_cluster_on,1,1,5.0
1782771881.5877063,26.05975890159607,200.0,200.0,0.2,0.03148633567779534,3.615228480114346,1.5018382243556645,0.1258953388333092,0.07757068220077601,1782771881.5440059,None,None,None, None, 1782771881.5231197,0.9510904025790307,apf_colreg,crossing_from_starboard,-1.0,0.24682331952413336,0.4733413798242714,-8.358093442133063,43.95509225928081,3.6718535392582323,1.2540903099661533,0.2473855768477681,mr_webots_overtaking_large_ship.wbt,ekf_on_cluster_on,1,1,5.0
1782771881.6815827,26.153635263442993,200.0,200.0,0.2,0.03974740583263565,3.652878564336032,1.5027466925722162,0.1300143580220691,0.08689808679534777,1782771881.6157472,None,None,None, None, 1782771881.6052184,0.9492857183307196,apf_colreg,crossing_from_starboard,-1.0,0.24595580089374966,0.477809699877479,-5.481170934986871,44.45272445263501,3.7046520223767,1.2555575869118254,0.2459704595351443,mr_webots_overtaking_large_ship.wbt,ekf_on_cluster_on,1,1,5.0
1782771881.774226,26.246278524398804,200.0,200.0,0.2,0.0494153792814744,3.689228004275575,1.5039390854646846,0.13874262571624085,0.09888092230472763,1782771881.7837322,None,None,None, None, 1782771881.7812235,0.9069562224478395,apf_colreg,crossing_from_starboard,-1.0,0.23031340689569865,1.1609598733291164,-2.1991108559624486,22.325619383894796,3.7651398996549457,1.2588969942219677,0.24440051945657426,mr_webots_overtaking_large_ship.wbt,ekf_on_cluster_on,1,1,5.0
1782771881.8718588,26.34391140937805,200.0,200.0,0.2,0.05831173034481796,3.724864852293871,1.5054734830943128,0.1272424390508953,0.11761432974986213,1782771881.8493407,None,None,None, None, 1782771881.8493407,0.937738773747339,apf_colreg,crossing_from_starboard,-1.0,0.21395285312290824,2.4314204953024245,-1.4880572047216303,22.450196608610863,3.775737310711257,1.2596643499868658,0.24319356387852967,mr_webots_overtaking_large_ship.wbt,ekf_on_cluster_on,1,1,5.0
1782771881.971928,26.44398045539856,-200.0,66.62717305081239,0.2,0.08176697358376143,3.4794193507573765,1.5008893372542602,0.1911662805196372,0.1296792655410957,1782771881.9749324,3.475712360950607,1.5008046831863686,0.09604595184474984, 1782771881.902445, 1782771881.9819338,0.9656728224141286,apf_colreg,overtaking,-1.0,0.33383912877984134,0.0,15.377862491695687,-2.3278379111477454,3.549415077845531,1.2584677546475744,0.24179162595416523,mr_webots_overtaking_large_ship.wbt,ekf_on_cluster_on,1,1,5.0
1782771882.0716279,26.543680429458618,-200.0,63.455124208361354,0.2,0.09657181499801026,3.500659337560485,1.5028132147374529,0.060204342051589435,0.13856947032773362,1782771882.06012,None,None,None, None, 1782771882.0661128,1.0453989530323906,apf_colreg,overtaking,-1.0,0.1257934546001662,11.14075636324054,15.637116987619468,-2.4085807578221594,3.549415077845531,1.2584677546475744,0.24179162595416523,mr_webots_overtaking_large_ship.wbt,ekf_on_cluster_on,1,1,5.0
1782771882.1719172,26.643969774246216,-200.0,31.4721333281882,0.2,0.10993039879154087,3.537286103259837,1.506781459116862,0.020954532223582564,0.14012533399372665,1782771882.1343696,None,None,None, None, 1782771882.1343696,0.9045427177747677,apf_colreg,static_obstacle,-1.0,0.23872242102748972,0.6068097098427123,15.269319991889454,-2.7433054592128565,3.5738392396139447,1.2614926874402395,0.24122203516267465,mr_webots_overtaking_large_ship.wbt,ekf_on_cluster_on,1,1,5.0
1782771882.271464,26.74351668357849,-200.0,22.556708265298838,0.2,0.11452675674333745,3.5818702843240393,1.5122406681386868,-0.06156513673110199,0.1321775778952251,1782771882.2634647,None,None,None, None, 1782771882.275982,0.9725251824907036,apf_colreg,static_obstacle,-1.0,0.2416548144757211,0.3737288754644819,15.14773540556607,-2.8247977729564004,3.6140661332755886,1.265962796636406,0.24183604709600834,mr_webots_overtaking_large_ship.wbt,ekf_on_cluster_on,1,1,5.0
1782771882.3719273,26.843979835510254,-200.0,22.167335807385182,0.2,0.11367892516361472,3.62994527295095,1.5182109243796096,-0.08231633389065514,0.12624428391021814,1782771882.3355439,None,None,None, None, 1782771882.3355439,1.0273678994820916,apf_colreg,static_obstacle,-1.0,0.25006228478379194,0.18144187088607164,15.124624368412839,-2.8249507786008117,3.6640314572544237,1.2705841870332004,0.2437194049468812,mr_webots_overtaking_large_ship.wbt,ekf_on_cluster_on,1,1,5.0
1782771882.4719148,26.94396734237671,-200.0,29.05836089662062,0.2,0.10423005505887863,3.6794902706589565,1.524201849255975,-0.13795070222608344,0.10777815467506094,1782771882.4694042,None,None,None, None, 1782771882.462093,0.9908754363705944,apf_colreg,static_obstacle,-1.0,0.2529093353193643,0.0,15.639161631893979,-2.838834574575655,3.714760740492166,1.2753668857640126,0.24575948611630472,mr_webots_overtaking_large_ship.wbt,ekf_on_cluster_on,1,1,5.0
1782771882.5726173,27.04466986656189,200.0,200.0,0.2,0.09275503288976,3.7300102864596045,1.5296406976652293,-0.1257201452293943,0.0995007695486162,1782771882.535244,None,None,None, None, 1782771882.531244,1.0487131610417773,apf_colreg,crossing_from_starboard,-1.0,0.2480152137878474,0.3591507688632966,-5.123559036108034,21.612285064249217,3.7649874603353375,1.2790302673491396,0.24830628685482933,mr_webots_overtaking_large_ship.wbt,ekf_on_cluster_on,1,1,5.0
1782771882.6730654,27.14511799812317,200.0,200.0,0.2,0.0816135691400045,3.7721532418715116,1.5330604558501255,-0.007733096007303032,0.09848227256700248,1782771882.6669502,None,None,None, None, 1782771882.6669502,0.9513423897092913,apf_colreg,crossing_from_starboard,-1.0,0.24736372148854363,0.6207848108676896,-3.55431451510109,22.002473847805724,3.8144328166867463,1.2820781728135193,0.2508814538543393,mr_webots_overtaking_large_ship.wbt,ekf_on_cluster_on,1,1,5.0
1782771882.7721078,27.244160413742065,200.0,200.0,0.2,0.07656105481368931,3.810755842716695,1.5356398496158687,0.06957057147093579,0.10305873560673516,1782771882.7327318,None,None,None, None, 1782771882.741727,1.009553223974191,apf_colreg,crossing_from_starboard,-1.0,0.24397019578362839,1.1341929093577183,-2.412298712152169,22.21319120073517,3.8517882040028733,1.2833376856185275,0.25199207649990274,mr_webots_overtaking_large_ship.wbt,ekf_on_cluster_on,1,1,5.0
1782771882.8719451,27.343997716903687,200.0,200.0,0.2,0.08000154281982076,3.8475908099362566,1.5379688120441413,0.13284817027971121,0.11937294919421529,1782771882.8555353,None,None,None, None, 1782771882.8669262,0.9956047745905582,apf_colreg,crossing_from_starboard,-1.0,0.2340830170728495,2.45000946732117,-1.4375217805175948,22.364802792869774,3.8831004233372517,1.2848619312027159,0.25181329227491084,mr_webots_overtaking_large_ship.wbt,ekf_on_cluster_on,1,1,5.0
1782771882.9721513,27.444203853607178,-200.0,43.300113598114585,0.2,0.09179056790883652,3.6006153906256526,1.5117904101836601,0.12927125303765036,0.128653083290573,1782771882.9273233,3.596879649787324,1.5114114730668697,0.10300086064771019, 1782771882.90499, 1782771882.9378326,0.9994298150579546,apf_colreg,overtaking,-1.0,0.3619511642581204,0.0,15.467696286623465,-2.6357786781614587,3.91240165423254,1.2873610019271762,0.25127551234791706,mr_webots_overtaking_large_ship.wbt,ekf_on_cluster_on,1,1,5.0
1782771883.0725348,27.54458737373352,-200.0,24.894026666743173,0.2,0.10175714828644951,3.6207035994231163,1.5137343851328007,0.053427720220427806,0.1353129506028627,1782771883.0519753,None,None,None, None, 1782771883.069503,1.0731479400992079,apf_colreg,overtaking,-1.0,0.31468334930207065,0.0,15.29540096284025,-2.8251671341852242,3.6539026714713363,1.2601110384114236,0.2508673979782549,mr_webots_overtaking_large_ship.wbt,ekf_on_cluster_on,1,1,5.0
1782771883.1722963,27.644348859786987,-200.0,16.189902796106868,0.2,0.11185893947859313,3.6543326160914367,1.5175012310306453,0.004002769230636438,0.13556580345120073,1782771883.1765442,None,None,None, None, 1782771883.1326764,0.9887007243711609,apf_colreg,overtaking,-1.0,0.23563913849046714,1.7719712308143418,15.235381502979418,-2.9142084646991346,3.6837548633365986,1.2625030250300608,0.25182013113492496,mr_webots_overtaking_large_ship.wbt,ekf_on_cluster_on,1,1,5.0
1782771883.2723997,27.744452238082886,200.0,200.0,0.2,0.11372888260766206,3.696507129534978,1.5226945445956563,-0.07621577916703166,0.12617547891378317,1782771883.2383518,None,None,None, None, 1782771883.262393,0.9107231898528425,apf_colreg,crossing_from_starboard,-1.0,0.25613995048828014,0.24255863012692025,-3.275598666356477,44.3428848098936,3.725405579596544,1.2662032775727061,0.25348064493721423,mr_webots_overtaking_large_ship.wbt,ekf_on_cluster_on,1,1,5.0
1782771883.3723323,27.844384908676147,200.0,200.0,0.2,0.11413338143188183,3.7350753700116353,1.5268772007159634,0.05080646841599878,0.13285391334870603,1782771883.3698003,None,None,None, None, 1782771883.3354967,0.9203077410286196,apf_colreg,crossing_from_starboard,-1.0,0.25825353044784854,0.22171514935598735,-6.52594098763189,43.931222905477775,3.7709129541830926,1.2702450683543716,0.2554412504966891,mr_webots_overtaking_large_ship.wbt,ekf_on_cluster_on,1,1,5.0
1782771883.472469,27.94452166557312,200.0,200.0,0.2,0.11700774424693114,3.7718392080537817,1.5307461852712572,0.09979747838183571,0.14040282887170338,1782771883.4454427,None,None,None, None, 1782771883.4764774,1.0118260713013782,apf_colreg,crossing_from_starboard,-1.0,0.2542694573166631,0.011627960494268485,1.0926684994790328,22.51665278775782,3.8064423649489956,1.2734044444224057,0.25583454120678023,mr_webots_overtaking_large_ship.wbt,ekf_on_cluster_on,1,1,5.0
1782771883.5738978,28.045950412750244,200.0,200.0,0.2,0.12778769411849453,3.807630682888095,1.5346197175416034,0.16785597527974025,0.15191373659649787,1782771883.5768983,None,None,None, None, 1782771883.5428536,1.008023777981666,apf_colreg,crossing_from_starboard,-1.0,0.25647962649442085,0.0,1.7079309257387458,22.522282308780422,3.835681868364159,1.277065609055442,0.2554488295965733,mr_webots_overtaking_large_ship.wbt,ekf_on_cluster_on,1,1,5.0
1782771883.6723156,28.144368171691895,200.0,200.0,0.2,0.13881974306742145,3.842838927926644,1.5389145562269129,0.14716682352671953,0.1727415959057621,1782771883.6555443,None,None,None, None, 1782771883.6119163,1.0852668978958508,apf_colreg,crossing_from_starboard,-1.0,0.25869971666221875,0.09757073135247814,2.0961306172588348,22.498113591654427,3.8699406893540593,1.2813300259611349,0.2549671726366974,mr_webots_overtaking_large_ship.wbt,ekf_on_cluster_on,1,1,5.0
1782771883.7719169,28.243969440460205,200.0,200.0,0.2,0.15264081529741394,3.8776994578378483,1.5435810146009012,0.16618682368603443,0.18437965484493957,1782771883.7255743,None,None,None, None, 1782771883.7458956,1.0785763429877089,apf_colreg,crossing_from_starboard,-1.0,0.25871566029603066,0.05448264183040928,2.386798203971461,22.45127826904994,3.9062286044673344,1.2859969688739181,0.2545904653694491,mr_webots_overtaking_large_ship.wbt,ekf_on_cluster_on,1,1,5.0
1782771883.8724446,28.344497203826904,200.0,200.0,0.2,0.17874593537544098,3.9123165574368324,1.54874242387019,0.2656157518632755,0.2152805474252554,1782771883.841911,None,None,None, None, 1782771883.8669374,1.094285279841775,apf_colreg,crossing_from_starboard,-1.0,0.2586740095160369,0.0820263325190258,2.917244755024443,22.340194042798537,3.9062286044673344,1.2859969688739181,0.2545904653694491,mr_webots_overtaking_large_ship.wbt,ekf_on_cluster_on,1,1,5.0
1782771883.9727573,28.444809913635254,-200.0,-167.20561490097896,0.2,0.1918566386980274,3.710762310711993,1.5243447837861883,0.11643622219267706,0.22415726365954133,1782771883.9181478,3.707646991643252,1.523940649185802,0.19164237290835828, 1782771883.914634, 1782771883.9491947,1.0657276105784081,apf_colreg,overtaking,-1.0,0.31135244088715897,0.0,15.502260836630313,-4.326715609810074,3.9613387488057312,1.295397641857335,0.25426306102405977,mr_webots_overtaking_large_ship.wbt,ekf_on_cluster_on,1,1,5.0
1782771884.0723796,28.544432163238525,200.0,200.0,0.2,0.20983600568219357,3.7267287958262996,1.5276519458793367,0.049503988564385974,0.23051035798662955,1782771884.0464828,None,None,None, None, 1782771884.0754592,1.044229785716741,apf_colreg,crossing_from_starboard,-1.0,0.2571812748903601,0.0,4.141078507870614,21.227316366846576,3.7533942975595638,1.2707201440972147,0.25397169212701337,mr_webots_overtaking_large_ship.wbt,ekf_on_cluster_on,1,1,5.0
1782771884.1726058,28.64465832710266,200.0,200.0,0.2,0.2153099845774089,3.7484243676341427,1.5322795578619406,0.05116525755315172,0.23410954979056822,1782771884.1168272,None,None,None, None, 1782771884.1448827,0.9838247334602284,apf_colreg,crossing_from_starboard,-1.0,0.25826592976077567,0.0,3.7220212366080467,21.085238848781255,3.775140684595087,1.273953466127747,0.254935773795227,mr_webots_overtaking_large_ship.wbt,ekf_on_cluster_on,1,1,5.0
1782771884.2723353,28.74438786506653,-200.0,-200.0,0.2,0.2208416243609546,3.7744993355532968,1.5378167719300468,0.10529691585169355,0.24821271549070667,1782771884.2507644,None,None,None, None, 1782771884.2251754,1.0606409986595162,apf_colreg,static_obstacle,-1.0,0.25875104098216734,0.0,15.176895380025154,-4.816797421441333,3.794218808958124,1.2777035524107452,0.2557907574816295,mr_webots_overtaking_large_ship.wbt,ekf_on_cluster_on,1,1,5.0
1782771884.3726244,28.844676971435547,-200.0,-200.0,0.2,0.2375668544212173,3.8034837537938535,1.5446086398741734,0.07560418173216862,0.253578474864726,1782771884.321736,None,None,None, None, 1782771884.355103,0.9225800177678112,apf_colreg,static_obstacle,-1.0,0.25900368269063884,0.0,14.560206430792494,-5.000807370081417,3.8202390136321056,1.2830849358601695,0.25595624513713433,mr_webots_overtaking_large_ship.wbt,ekf_on_cluster_on,1,1,5.0
1782771884.4725015,28.944554090499878,-200.0,-200.0,0.2,0.24126187103413146,3.834245589600191,1.5525914501027223,-0.09700838673076356,0.24048831076046212,1782771884.4566746,None,None,None, None, 1782771884.4296482,0.9162148115899177,apf_colreg,static_obstacle,-1.0,0.26046846179078986,0.0,14.369998756824643,-5.145815816529332,3.85423471638788,1.2893115357807312,0.25756712991928277,mr_webots_overtaking_large_ship.wbt,ekf_on_cluster_on,1,1,5.0
1782771884.5735478,29.045600414276123,-200.0,-200.0,0.2,0.23339494625088003,3.8662124904730635,1.5609018028862767,-0.17216457583842887,0.22733139994568394,1782771884.5330951,None,None,None, None, 1782771884.5189457,0.9791373795082289,apf_colreg,static_obstacle,-1.0,0.2631107383529231,0.0,15.022176027855174,-5.320748288914476,3.890256708812424,1.2956287054497988,0.26005770971219355,mr_webots_overtaking_large_ship.wbt,ekf_on_cluster_on,1,1,5.0
1782771884.6725888,29.144641399383545,-200.0,3.681347939011265,0.2,0.2241310493560974,3.8990125071427375,1.568987226676494,-0.14608849402388888,0.20885477401577746,1782771884.6595707,None,None,None, None, 1782771884.6595707,0.9699230254235266,track,none,0.0,nan,nan,15.022176027855174,-5.320748288914476,3.9195410867663654,1.3007913990031243,0.2637396676859955,mr_webots_overtaking_large_ship.wbt,ekf_on_cluster_on,1,1,5.0
1782771884.7729115,29.244964122772217,-200.0,8.96661861905273,0.2,0.2112672258592121,3.9398496977763555,1.5784677446784592,-0.14417472053162214,0.1989841619429431,1782771884.7280335,None,None,None, None, 1782771884.7256625,0.9884289918664132,track,none,0.0,nan,nan,15.022176027855174,-5.320748288914476,3.952528711465063,1.305934881093852,0.2670210909195084,mr_webots_overtaking_large_ship.wbt,ekf_on_cluster_on,1,1,5.0
1782771884.8725266,29.344579219818115,-200.0,13.453351643876513,0.2,0.19955840625055316,3.9852499589743178,1.5882844666182852,-0.11610556554808053,0.18348729618838094,1782771884.8615057,None,None,None, None, 1782771884.8615057,0.9983016787792366,track,none,0.0,nan,nan,15.022176027855174,-5.320748288914476,3.999626640637919,1.3127236563283793,0.2706763026662276,mr_webots_overtaking_large_ship.wbt,ekf_on_cluster_on,1,1,5.0
1782771884.9715767,29.443629264831543,-200.0,-200.0,0.2,0.17874694662326338,3.8082474947900566,1.5423826265997262,-0.12444808829892672,0.17457732240590684,1782771884.9331017,3.805279830001675,1.5416479872089606,0.16335567015906083, 1782771884.921271, 1782771884.9260106,0.9136213014032342,apf_colreg,overtaking,1.0,0.2937405500275231,0.0,13.338099237732548,-16.211888609493506,4.045061875787888,1.319674241525165,0.27419915254262345,mr_webots_overtaking_large_ship.wbt,ekf_on_cluster_on,1,1,5.0
1782771885.0725024,29.544554948806763,200.0,200.0,0.2,0.15371054575517856,3.8342845934064638,1.547195218977511,-0.32190936579518536,0.13168612349298267,1782771885.0663416,None,None,None, None, 1782771885.0633395,0.9783444759297537,apf_colreg,crossing_from_starboard,1.0,0.27921327284040137,0.0,-0.08724913917359256,19.860942318336235,3.8548312113698344,1.2673122274888267,0.27779775930574074,mr_webots_overtaking_large_ship.wbt,ekf_on_cluster_on,1,1,5.0
1782771885.1722429,29.64429545402527,200.0,200.0,0.2,0.12987641520660087,3.8636630149967823,1.5511717982872721,-0.04798027969231632,0.12818939936076215,1782771885.13922,None,None,None, None, 1782771885.1362214,0.9232518284901288,apf_colreg,crossing_from_starboard,1.0,0.2829153126065331,0.0,-1.7042822103657156,19.421153982265942,3.880976297769901,1.268506589551436,0.2812005918993725,mr_webots_overtaking_large_ship.wbt,ekf_on_cluster_on,1,1,5.0
1782771885.2722912,29.744343757629395,200.0,200.0,0.2,0.11310125357369355,3.895170617874319,1.5546329792175757,0.022336020068155108,0.12990505307812206,1782771885.216031,None,None,None, None, 1782771885.2687755,1.0147650023427222,apf_colreg,crossing_from_starboard,1.0,0.26950428906174057,0.0,-3.4604721452783362,18.8512700180103,3.902382822266425,1.2704280003961979,0.28274236455968055,mr_webots_overtaking_large_ship.wbt,ekf_on_cluster_on,1,1,5.0
1782771885.3723643,29.844416856765747,200.0,200.0,0.2,0.1078741902134424,3.9279859579749496,1.5577532254035726,0.10346582491822054,0.14448705267104808,1782771885.3569665,None,None,None, None, 1782771885.3379533,1.0665558891556421,apf_colreg,crossing_from_starboard,1.0,0.2720666185363707,0.0,-7.99188106458949,16.946558265266834,3.9267321065072465,1.2728986081636249,0.28332945538721105,mr_webots_overtaking_large_ship.wbt,ekf_on_cluster_on,1,1,5.0
1782771885.472765,29.944817543029785,-200.0,-200.0,0.2,0.10982794615194869,3.9615675437705717,1.5609196468120439,0.12804070612609691,0.15294710919757343,1782771885.4230397,None,None,None, None, 1782771885.4635754,0.9458167793172322,apf_avoid,crossing_from_starboard,0.0,0.2843197360704737,0.0,10.681159478890406,-8.513985310469302,3.950598668358726,1.275913065633936,0.2834550844703225,mr_webots_overtaking_large_ship.wbt,ekf_on_cluster_on,1,1,5.0
1782771885.5725243,30.04457688331604,-200.0,-200.0,0.2,0.12097744606864855,3.995525767454581,1.5648740375149308,0.05165637191559763,0.159540368864081,1782771885.5506766,None,None,None, None, 1782771885.5338926,1.0553029173562034,apf_avoid,crossing_from_starboard,0.0,0.2847276377382901,0.0,10.579366941056692,-8.683574595300584,3.98387745094584,1.2785826212510694,0.2837348405652869,mr_webots_overtaking_large_ship.wbt,ekf_on_cluster_on,1,1,5.0
1782771885.672151,30.144203662872314,-200.0,-200.0,0.2,0.1272207561304585,4.029669921985073,1.5694984747296652,-0.04998996051977455,0.15634612987733545,1782771885.6741595,None,None,None, None, 1782771885.664895,1.0954519747970757,apf_avoid,crossing_from_starboard,0.0,0.2865031413635155,0.0,10.51731925647452,-8.809087030275691,4.022604488020575,1.2808479091126774,0.28569782076476996,mr_webots_overtaking_large_ship.wbt,ekf_on_cluster_on,1,1,5.0
1782771885.7728715,30.244924068450928,-200.0,-200.0,0.2,0.1261151872924201,4.063935027094353,1.5743539200712622,-0.11362562478960134,0.14217161557578786,1782771885.7393217,None,None,None, None, 1782771885.736811,0.901355652738545,apf_avoid,crossing_from_starboard,0.0,0.28971708467803053,0.0,10.51911247406504,-8.860073513672251,4.066277077615358,1.2827859163934852,0.2884455199401306,mr_webots_overtaking_large_ship.wbt,ekf_on_cluster_on,1,1,5.0
1782771885.873199,30.34525156021118,-200.0,-200.0,0.2,0.12046333324204647,4.0983030535353535,1.5790930569759893,-0.1332249061038604,0.1324786020874288,1782771885.8120785,None,None,None, None, 1782771885.8685944,0.9563837212738447,apf_avoid,crossing_from_starboard,0.0,0.2920689013963742,0.0,10.561616379558233,-8.861642136242853,4.098431510029584,1.2851856376983124,0.29145431638829666,mr_webots_overtaking_large_ship.wbt,ekf_on_cluster_on,1,1,5.0
1782771885.973897,30.44594955444336,200.0,200.0,0.2,0.11794428839212696,3.909799379902507,1.5592380449205177,-0.14661483233850076,0.12190460770411765,1782771885.8841994,3.906854782851965,1.5589167094700749,0.13059525179324538, 1782771885.931292, 1782771885.977897,1.0272382648007314,apf_colreg,crossing_from_starboard,1.0,0.2920689013963742,0.0,3.395432059802086,19.945749741487397,4.098431510029584,1.2851856376983124,0.29145431638829666,mr_webots_overtaking_large_ship.wbt,ekf_on_cluster_on,1,1,5.0
1782771886.072622,30.54467463493347,200.0,200.0,0.2,0.10231932142083681,3.925559192649407,1.5609529058022111,-0.057363806427697075,0.1129614807817317,1782771886.0401013,None,None,None, None, 1782771886.0401013,1.0580553005670699,apf_colreg,crossing_from_starboard,1.0,0.29799138116891416,0.0,2.414513636997224,19.729254664253958,3.9369660892852947,1.2629974452405597,0.29714950217404695,mr_webots_overtaking_large_ship.wbt,ekf_on_cluster_on,1,1,5.0
1782771886.1722481,30.64430069923401,200.0,200.0,0.2,0.09344562994329396,3.947293575953,1.5628398175091687,0.06635921531473182,0.1193401737798718,1782771886.136225,None,None,None, None, 1782771886.128223,1.0354092098784822,apf_colreg,crossing_from_starboard,1.0,0.29799138116891416,0.0,2.6220069981119947,19.81117084478282,3.9369660892852947,1.2629974452405597,0.29714950217404695,mr_webots_overtaking_large_ship.wbt,ekf_on_cluster_on,1,1,5.0
1782771886.2721124,30.74416494369507,200.0,200.0,0.2,0.09195190172457539,3.973595126831204,1.564933951061869,0.1090423428321116,0.1336655936830088,1782771886.2675998,None,None,None, None, 1782771886.2685986,1.0573067392411264,apf_colreg,crossing_from_starboard,1.0,0.2969068379002263,0.0,2.970157890320877,19.6750136528913,3.958372203178517,1.2648281036474567,0.29810247588243605,mr_webots_overtaking_large_ship.wbt,ekf_on_cluster_on,1,1,5.0
1782771886.3719292,30.843981742858887,-200.0,-200.0,0.2,0.09823368757126598,4.003087329263147,1.567316510696962,0.15104708773193506,0.1438911797094704,1782771886.3352978,None,None,None, None, 1782771886.3468091,0.9163909417924712,apf_colreg,static_obstacle,1.0,0.29750550164461703,0.0,15.181226346425609,-15.67358240125633,3.981916266570594,1.2669155516343416,0.2979887050724383,mr_webots_overtaking_large_ship.wbt,ekf_on_cluster_on,1,1,5.0
1782771886.4813106,30.953363180160522,-200.0,-200.0,0.2,0.10633797463364586,4.034588151199884,1.5706875117412638,0.006076156263213189,0.1446635561756883,1782771886.4624138,None,None,None, None, 1782771886.4179924,0.9586279218477616,apf_colreg,static_obstacle,1.0,0.2983156444360094,0.0,14.547490878827578,-15.918092195009224,4.009069868589008,1.2695573774262279,0.2976670562176249,mr_webots_overtaking_large_ship.wbt,ekf_on_cluster_on,1,1,5.0
1782771886.5722978,31.044350385665894,-200.0,-200.0,0.2,0.11169528666200833,4.067328012050191,1.574613542039447,-0.05387913043363118,0.14083926300019708,1782771886.533393,None,None,None, None, 1782771886.569265,1.0188389440192038,apf_colreg,static_obstacle,1.0,0.2991689944233605,0.0,14.450243339487876,-16.04709449115959,4.042287828596089,1.2721017814996392,0.29861882817826185,mr_webots_overtaking_large_ship.wbt,ekf_on_cluster_on,1,1,5.0
1782771886.6716933,31.14374589920044,-200.0,-200.0,0.2,0.10015866688561736,4.1008125882217055,1.5788123540026966,-0.20293355092794782,0.11470429343096777,1782771886.6621788,None,None,None, None, 1782771886.6380172,1.0329559225855494,apf_avoid,crossing_from_starboard,0.0,0.3014442906359965,0.0,10.739724491047049,-8.641749250591706,4.079682743458554,1.2740281898951105,0.3005739778547827,mr_webots_overtaking_large_ship.wbt,ekf_on_cluster_on,1,1,5.0
1782771886.7724671,31.24451971054077,-200.0,-200.0,0.2,0.08896117786104132,4.134814082921356,1.5824710364905186,-0.15284413212195447,0.1037591291178046,1782771886.7337887,None,None,None, None, 1782771886.768957,0.9561393828553731,apf_avoid,crossing_from_starboard,0.0,0.30556950715625464,0.0,10.831589404542532,-8.56832684265775,4.11981637970843,1.2743459397152437,0.30387949587976354,mr_webots_overtaking_large_ship.wbt,ekf_on_cluster_on,1,1,5.0
1782771886.8717773,31.343829870224,-200.0,-200.0,0.2,0.07897665956065328,4.169114162667735,1.5857330267403715,-0.13278873764836116,0.09355160023694396,1782771886.8106592,None,None,None, None, 1782771886.863604,1.0998086728462744,apf_avoid,crossing_from_starboard,0.0,0.3071829440194117,0.0,10.913253106149535,-8.502027042238659,4.14931056041656,1.2763906255468143,0.30680902238708996,mr_webots_overtaking_large_ship.wbt,ekf_on_cluster_on,1,1,5.0
1782771886.9734225,31.445475101470947,200.0,200.0,0.2,0.073397366255876,4.00301460749348,1.5727156793331554,-0.19104451642976525,0.06627411501502686,1782771886.95344,4.00036559529197,1.5725049546118441,0.09431771946519518, 1782771886.938928, 1782771886.936928,0.9247955456885567,apf_colreg,crossing_from_starboard,1.0,0.310140357640561,0.0,1.6314020425648554,19.744451395175442,4.187721563673198,1.276779398597286,0.3095768148825696,mr_webots_overtaking_large_ship.wbt,ekf_on_cluster_on,1,1,5.0
1782771887.0722268,31.54427933692932,200.0,200.0,0.2,0.054474129625267514,4.021040672905897,1.5738100045048475,-0.05534989227596431,0.06181622471672147,1782771887.0339801,None,None,None, None, 1782771887.071209,1.0805286862900758,apf_colreg,crossing_from_starboard,1.0,0.3130869445357453,0.0,2.516960313587696,19.673725243786407,4.014626334495775,1.2602311171215737,0.3124669146422367,mr_webots_overtaking_large_ship.wbt,ekf_on_cluster_on,1,1,5.0
1782771887.1721876,31.644240140914917,200.0,200.0,0.2,0.039167247512381737,4.044575886777311,1.574684167235731,0.018611497012827702,0.06322770727003697,1782771887.1098194,None,None,None, None, 1782771887.1419587,0.9791794083837945,apf_colreg,crossing_from_starboard,1.0,0.3144087681209275,0.0,2.933452642954525,19.73747258860911,4.027915116268549,1.2601544451214477,0.3137092320704023,mr_webots_overtaking_large_ship.wbt,ekf_on_cluster_on,1,1,5.0
1782771887.2719748,31.744027376174927,-200.0,-200.0,0.2,0.03939502034372053,4.072189992554463,1.575302064650443,0.14986435958891578,0.08447049459352104,1782771887.2515662,None,None,None, None, 1782771887.269447,0.9128470109277003,apf_colreg,static_obstacle,1.0,0.3123414387048012,0.0,15.554639664101833,-14.90462377828193,4.045202263667931,1.2612414136236225,0.31369304325429265,mr_webots_overtaking_large_ship.wbt,ekf_on_cluster_on,1,1,5.0
1782771887.3725579,31.844610452651978,-200.0,-200.0,0.2,0.05006160252404178,4.1025688051589215,1.5766643317529176,0.05263616687155496,0.08929502645016146,1782771887.3432243,None,None,None, None, 1782771887.352733,1.0536320658744072,apf_colreg,static_obstacle,1.0,0.3144505619916948,0.0,15.405001333273642,-15.171285156493683,4.072877835268236,1.2619458611313665,0.31348944866537276,mr_webots_overtaking_large_ship.wbt,ekf_on_cluster_on,1,1,5.0
1782771887.472304,31.944356679916382,-200.0,-200.0,0.2,0.04756320371852838,4.1347007562634985,1.5787035988588818,-0.12860688473009443,0.07301906388018076,1782771887.4697802,None,None,None, None, 1782771887.4176652,1.0364138947316313,apf_colreg,static_obstacle,1.0,0.31569519053494166,0.0,15.439653857406322,-15.161402893372937,4.1113742404731966,1.261975146772367,0.314509530006925,mr_webots_overtaking_large_ship.wbt,ekf_on_cluster_on,1,1,5.0
1782771887.5721343,32.04418683052063,-200.0,-200.0,0.2,0.03672730958390504,4.167928320779225,1.5806246488256128,-0.17604720857548362,0.06066714549724546,1782771887.5399427,None,None,None, None, 1782771887.5489428,1.0571407314330705,apf_avoid,crossing_from_starboard,0.0,0.3182572629152947,0.0,11.265051169179964,-7.967135260116428,4.146660904648587,1.2614860904167238,0.31694196094720334,mr_webots_overtaking_large_ship.wbt,ekf_on_cluster_on,1,1,5.0
1782771887.6769938,32.149046421051025,-200.0,-200.0,0.2,0.028233828295055354,4.201819285738189,1.5820938599458225,-0.12616750898774404,0.052415474008841195,1782771887.6053452,None,None,None, None, 1782771887.687517,0.9753660336189495,apf_avoid,crossing_from_starboard,0.0,0.3182572629152947,0.0,11.331773558994865,-7.890261671808149,4.198987799413581,1.2613656155989001,0.3192715865147891,mr_webots_overtaking_large_ship.wbt,ekf_on_cluster_on,1,1,5.0
1782771887.7717695,32.24382209777832,-200.0,-200.0,0.2,0.015373108425969183,4.23609261541263,1.5832917710173535,-0.16501567985738544,0.037371021846245196,1782771887.7857835,None,None,None, None, 1782771887.687517,0.9753660336189495,apf_avoid,crossing_from_starboard,0.0,0.3207408436574098,0.0,11.432068699124278,-7.759449419358416,4.198987799413581,1.2613656155989001,0.3192715865147891,mr_webots_overtaking_large_ship.wbt,ekf_on_cluster_on,1,1,5.0
1782771887.8716319,32.34368443489075,-200.0,-200.0,0.2,0.003006362692043442,4.270588721508131,1.5840011101182232,-0.14869356891272,0.012300564849399634,1782771887.86512,None,None,None, None, 1782771887.86512,0.9834794891047689,apf_avoid,crossing_from_starboard,0.0,0.32592044691221495,0.0,11.527123489775704,-7.626703559213897,4.250463958393644,1.258387398417116,0.3247868664871225,mr_webots_overtaking_large_ship.wbt,ekf_on_cluster_on,1,1,5.0
1782771887.9717028,32.44375538825989,200.0,200.0,0.2,0.006295479954697588,4.095319748553513,1.582576342170823,-0.133316029165524,0.0013069534488915988,1782771887.9475827,4.092547729408067,1.582553846164085,0.03333699782793964, 1782771887.940584, 1782771887.945584,0.980218772386391,apf_colreg,crossing_from_starboard,1.0,0.328959003010816,0.0,3.1460317559984436,19.909042106536052,4.288235112636068,1.2559172708227457,0.3269481921745468,mr_webots_overtaking_large_ship.wbt,ekf_on_cluster_on,1,1,5.0
1782771888.079406,32.55145859718323,200.0,200.0,0.2,6.267821555075612,4.1125325352499305,1.5824963599781348,-0.10695839822601828,6.277196538416337,1782771888.0157936,None,None,None, None, 1782771888.093931,0.9835424952531053,apf_colreg,crossing_from_starboard,1.0,0.33010617585355373,0.0,2.4448267138237387,19.73417510416542,4.106600068152708,1.252558454892834,0.32860072132797863,mr_webots_overtaking_large_ship.wbt,ekf_on_cluster_on,1,1,5.0
1782771888.1723297,32.64438223838806,200.0,200.0,0.2,6.2575259858237455,4.135403803986629,1.581722385697075,0.07920441278626661,0.00571875511341613,1782771888.1636076,None,None,None, None, 1782771888.1636076,0.9759137449191514,apf_colreg,crossing_from_starboard,1.0,0.33010617585355373,0.0,2.4597804906578107,19.788810257949702,4.106600068152708,1.252558454892834,0.32860072132797863,mr_webots_overtaking_large_ship.wbt,ekf_on_cluster_on,1,1,5.0
1782771888.2722607,32.74431324005127,200.0,200.0,0.2,6.256390699049714,4.16253099909938,1.5806205416520993,0.12070507636768613,0.014001936307645731,1782771888.232231,None,None,None, None, 1782771888.2312307,0.9058219363623833,apf_colreg,crossing_from_starboard,1.0,0.32954767578848787,0.0,6.225816055152692,42.3931549238683,4.131734322096759,1.2509943276911537,0.3285008736959525,mr_webots_overtaking_large_ship.wbt,ekf_on_cluster_on,1,1,5.0
1782771888.3768368,32.84888935089111,-200.0,-200.0,0.2,6.259984364707769,4.192605329762718,1.5794721761101023,0.12675242014774316,0.02462485663614228,1782771888.3160393,None,None,None, None, 1782771888.3080432,0.9420252396510562,apf_avoid,crossing_from_starboard,0.0,0.32940026132384875,0.0,11.72165177955886,-7.263164052013498,4.147998744771605,1.2518914395700118,0.3276321307806745,mr_webots_overtaking_large_ship.wbt,ekf_on_cluster_on,1,1,5.0
1782771888.4725106,32.944563150405884,-200.0,-200.0,0.2,6.279996894755323,4.224599612405393,1.5789657448739978,0.12104755092349105,0.035072200100482176,1782771888.47502,None,None,None, None, 1782771888.4690018,1.0493273566398431,apf_avoid,crossing_from_starboard,0.0,0.32940026132384875,0.0,11.57393901135537,-7.48969032491093,4.147998744771605,1.2518914395700118,0.3276321307806745,mr_webots_overtaking_large_ship.wbt,ekf_on_cluster_on,1,1,5.0
1782771888.5721362,33.04418873786926,-200.0,-200.0,0.2,0.0038994350858890837,4.257765041431888,1.5794282366160177,-0.07067844843104348,0.025123353933099068,1782771888.5431092,None,None,None, None, 1782771888.5375888,1.0106492128135862,apf_avoid,crossing_from_starboard,0.0,0.3283193550259357,0.0,11.520539505901295,-7.577548168605116,4.215440242306895,1.2511056512114325,0.32637760686745654,mr_webots_overtaking_large_ship.wbt,ekf_on_cluster_on,1,1,5.0
1782771888.6728435,33.144896030426025,-200.0,-200.0,0.2,0.003816015968143325,4.291620026710271,1.5800534728781237,-0.11317780207670353,0.01553877395991567,1782771888.6277952,None,None,None, None, 1782771888.6768477,1.0012103281799634,apf_avoid,crossing_from_starboard,0.0,0.3293180006694442,0.0,11.521140561424184,-7.5847151212266155,4.252875822378259,1.2504094196100917,0.32777453232816867,mr_webots_overtaking_large_ship.wbt,ekf_on_cluster_on,1,1,5.0
1782771888.782372,33.25442457199097,-200.0,-200.0,0.2,0.0015055290443386007,4.325880785801024,1.5805774747122892,-0.10841935058229092,0.008036409172908866,1782771888.782372,None,None,None, None, 1782771888.7478359,1.088455500328509,apf_avoid,crossing_from_starboard,0.0,0.3324379570485654,0.0,11.53862392331914,-7.564887471497816,4.295267748157286,1.2476974587595098,0.32966544473613574,mr_webots_overtaking_large_ship.wbt,ekf_on_cluster_on,1,1,5.0
1782771888.8731904,33.345242977142334,200.0,200.0,0.2,-0.014874240576284059,4.360376094190836,1.5809751967796974,-0.22103656148987022,6.257180231713596,1782771888.8510013,None,None,None, None, 1782771888.831451,1.0705163422316766,apf_colreg,crossing_from_starboard,1.0,0.3358152056242822,0.0,5.336014313599822,20.60456259333125,4.339628682716094,1.2447818729700661,0.331688752395459,mr_webots_overtaking_large_ship.wbt,ekf_on_cluster_on,1,1,5.0
1782771888.9719524,33.44400501251221,200.0,200.0,0.2,6.2634441928767615,4.190189075762248,1.588003660091756,-0.0779347333842585,6.250638871030267,1782771888.934935,4.18748423701337,1.5881087341210676,0.0077306333207731726, 1782771888.948443, 1782771888.9234238,1.0474681101305292,apf_colreg,crossing_from_starboard,1.0,0.3358152056242822,0.0,6.012589022999908,42.54224647163069,4.339628682716094,1.2447818729700661,0.331688752395459,mr_webots_overtaking_large_ship.wbt,ekf_on_cluster_on,1,1,5.0
1782771889.0723407,33.54439330101013,200.0,200.0,0.2,6.2565426155380335,4.207888937383928,1.5873400908089266,0.13530080866023847,6.267864667234391,1782771889.06225,None,None,None, None, 1782771889.06225,1.0211364861846872,apf_colreg,crossing_from_starboard,1.0,0.3368283236346067,0.0,3.8278671488568516,19.628810970483716,4.183822584017075,1.2516470109137172,0.33418131986118377,mr_webots_overtaking_large_ship.wbt,ekf_on_cluster_on,1,1,5.0
1782771889.1716135,33.64366602897644,200.0,200.0,0.2,6.26136614049953,4.23116036071877,1.5864336642567842,0.16837815682872923,6.279439404979666,1782771889.1309924,None,None,None, None, 1782771889.137045,1.0586582521263261,apf_colreg,crossing_from_starboard,1.0,0.3375964922139458,0.0,4.648815423336191,19.63337243922777,4.204388989141613,1.2501484485791452,0.33340633470986636,mr_webots_overtaking_large_ship.wbt,ekf_on_cluster_on,1,1,5.0
1782771889.2720957,33.74414825439453,-200.0,-200.0,0.2,6.268239545451572,4.258601377917302,1.5856142551987398,0.13524947606453777,0.014515839147803966,1782771889.266015,None,None,None, None, 1782771889.2005358,1.080822255608131,apf_colreg,static_obstacle,1.0,0.3355529609683975,0.0,16.312492706391666,-14.291273581452696,4.225510281201739,1.251360068547766,0.33227317194289885,mr_webots_overtaking_large_ship.wbt,ekf_on_cluster_on,1,1,5.0
1782771889.3722324,33.844285011291504,-200.0,-200.0,0.2,-0.0036187182290024515,4.288904414912382,1.5854491065909428,0.024974712438190095,0.016555274971498952,1782771889.347675,None,None,None, None, 1782771889.350673,0.9735338588515771,apf_colreg,static_obstacle,1.0,0.3350308062149623,0.0,16.107598870204768,-14.496628103845229,4.256631410633524,1.2510003793190125,0.3312583295467367,mr_webots_overtaking_large_ship.wbt,ekf_on_cluster_on,1,1,5.0
1782771889.4722438,33.94429636001587,-200.0,-200.0,0.2,0.002010233323898252,4.321031443644085,1.5857945849712818,-0.06397358142409121,0.012292554716681767,1782771889.4143076,None,None,None, None, 1782771889.4228227,0.905389715861713,apf_colreg,static_obstacle,1.0,0.33571551739398936,0.0,15.987736311940747,-14.612041621046401,4.293317037775466,1.249923689859321,0.33201183841341775,mr_webots_overtaking_large_ship.wbt,ekf_on_cluster_on,1,1,5.0
1782771889.5727162,34.04476881027222,-200.0,-200.0,0.2,0.0012914907133388769,4.354271244537463,1.5863057605927422,-0.11078725899091701,6.27882233421132,1782771889.5646455,None,None,None, None, 1782771889.5666492,0.9608766785984069,apf_avoid,crossing_from_starboard,0.0,0.3373608525481749,0.0,11.54014666055182,-7.636885244768992,4.333369989693935,1.248474101533268,0.33359775524272745,mr_webots_overtaking_large_ship.wbt,ekf_on_cluster_on,1,1,5.0
1782771889.6745243,34.14657688140869,200.0,200.0,0.2,-0.004943788546480938,4.388174113594193,1.58672029094713,-0.1396476126304786,6.269001530246044,1782771889.6349711,None,None,None, None, 1782771889.6439812,1.0271313578481884,apf_colreg,crossing_from_starboard,1.0,0.34045742671252993,0.0,4.479610747085836,20.647178462571574,4.37858473462813,1.245870984301648,0.33558396325413026,mr_webots_overtaking_large_ship.wbt,ekf_on_cluster_on,1,1,5.0
1782771889.7787256,34.25077819824219,-200.0,-200.0,0.2,6.269533865352557,4.422461574731036,1.5862720387759075,-0.014591453119725225,6.268007386475776,1782771889.7787256,None,None,None, None, 1782771889.7867265,0.9101029817182021,apf_avoid,crossing_from_starboard,0.0,0.34045742671252993,0.0,11.652965507529101,-7.463157077501756,4.419289435846188,1.2455337165257871,0.3366982408497943,mr_webots_overtaking_large_ship.wbt,ekf_on_cluster_on,1,1,5.0
1782771889.8721917,34.34424424171448,-200.0,-200.0,0.2,6.270824229904475,4.456970238068225,1.5859174318928284,-0.014408925573603045,6.266906090495892,1782771889.8551571,None,None,None, None, 1782771889.8551571,1.0720559931713491,apf_avoid,crossing_from_starboard,0.0,0.34080134350608465,0.0,11.643268633784928,-7.473577896417812,4.419289435846188,1.2455337165257871,0.3366982408497943,mr_webots_overtaking_large_ship.wbt,ekf_on_cluster_on,1,1,5.0
1782771889.9722226,34.44427514076233,200.0,200.0,0.2,-0.012646456371439994,4.284491484326356,1.591115842712759,-0.09669136452124295,6.260391284629396,1782771889.9225345,4.281756076676875,1.591185800837425,6.275264280571953, 1782771889.956074, 1782771889.9215293,1.0832733715098608,apf_colreg,crossing_from_starboard,1.0,0.34111285866865204,0.0,5.057105054270075,42.750460825342905,4.460979892919963,1.244787116286165,0.3370545844175475,mr_webots_overtaking_large_ship.wbt,ekf_on_cluster_on,1,1,5.0
1782771890.0725224,34.54457497596741,200.0,200.0,0.2,6.262025224021504,4.301989408985107,1.5907696984861284,-0.008368099761814097,6.25923503831631,1782771890.0607076,None,None,None, None, 1782771890.0535436,1.0203960483178756,apf_colreg,crossing_from_starboard,1.0,0.3428839162866694,0.0,5.229758122212608,42.7395515884284,4.288271815859564,1.248306715797663,0.33855768947247133,mr_webots_overtaking_large_ship.wbt,ekf_on_cluster_on,1,1,5.0
1782771890.1720622,34.64411473274231,200.0,200.0,0.2,6.2547020929189285,4.32510401852636,1.58999266851837,0.049571104475516256,6.262700875785065,1782771890.130624,None,None,None, None, 1782771890.120072,1.0952823995208725,apf_colreg,crossing_from_starboard,1.0,0.3444901060939002,0.0,4.7687534812726255,42.698945853197614,4.306357430971392,1.2463387859648476,0.33912685467506726,mr_webots_overtaking_large_ship.wbt,ekf_on_cluster_on,1,1,5.0
1782771890.2719898,34.74404239654541,200.0,200.0,0.2,6.254478477632082,4.3524124118542105,1.588861194057752,0.11159559464076077,6.269903990329433,1782771890.1951706,None,None,None, None, 1782771890.2508798,0.9211519110925327,apf_colreg,crossing_from_starboard,1.0,0.3436377784206255,0.0,5.058471038413072,42.62114754545615,4.322627230121994,1.2464634510097645,0.3384507325430865,mr_webots_overtaking_large_ship.wbt,ekf_on_cluster_on,1,1,5.0
1782771890.3726442,34.84469676017761,-200.0,-200.0,0.2,6.259881517934286,4.382609214120203,1.5876715591041797,0.13747186980268422,0.0070560311982541535,1782771890.343109,None,None,None, None, 1782771890.321075,0.9297310898565789,apf_avoid,crossing_from_starboard,0.0,0.3415246892335512,0.0,11.724882482741787,-7.368521516498689,4.346088142728416,1.247560013880043,0.3368132331370365,mr_webots_overtaking_large_ship.wbt,ekf_on_cluster_on,1,1,5.0
1782771890.4716926,34.943745136260986,-200.0,-200.0,0.2,6.276710945248926,4.414682513378359,1.587186514879075,0.08600238502117871,0.013349456765351899,1782771890.4162862,None,None,None, None, 1782771890.4548461,1.0910960536290146,apf_avoid,crossing_from_starboard,0.0,0.34055735782025076,0.0,11.599179137043897,-7.558486349594188,4.371650651693216,1.2475535156830548,0.3354254519532726,mr_webots_overtaking_large_ship.wbt,ekf_on_cluster_on,1,1,5.0
1782771890.5733194,35.045372009277344,-200.0,-200.0,0.2,-0.0016331233283351301,4.447892897244431,1.587507647112224,-0.0829618054871522,0.0009672860867863502,1782771890.5655377,None,None,None, None, 1782771890.5257874,1.0363552998667505,apf_avoid,crossing_from_starboard,0.0,0.3396343086604958,0.0,11.562457733776709,-7.618726661314204,4.4102896623107,1.24770971757973,0.3351409386818024,mr_webots_overtaking_large_ship.wbt,ekf_on_cluster_on,1,1,5.0
1782771890.6719117,35.1439642906189,-200.0,-200.0,0.2,-0.0035872461957103877,4.4817760205513375,1.5879111745194454,-0.1218425410830137,6.274574006068371,1782771890.6441522,None,None,None, None, 1782771890.6531904,1.0223378181736618,apf_avoid,crossing_from_starboard,0.0,0.3410437242988858,0.0,11.577342394256938,-7.601363488758982,4.450492398114212,1.2464240500706645,0.3360897810691722,mr_webots_overtaking_large_ship.wbt,ekf_on_cluster_on,1,1,5.0
1782771890.772935,35.24498748779297,-200.0,-200.0,0.2,-0.009596212415859385,4.516054495311676,1.5881508880936706,-0.13421312811142078,6.2647325833636005,1782771890.717479,None,None,None, None, 1782771890.7229867,0.9199069247955057,apf_avoid,crossing_from_starboard,0.0,0.3427193201980481,0.0,11.622839344973125,-7.534774947660539,4.487647725610569,1.245131157748927,0.33771458402208315,mr_webots_overtaking_large_ship.wbt,ekf_on_cluster_on,1,1,5.0
1782771890.8723693,35.34442186355591,200.0,200.0,0.2,-0.019983515123894617,4.550560618301706,1.588113086135317,-0.15655074051585932,6.240992230958088,1782771890.8691254,None,None,None, None, 1782771890.8495965,0.9152550463657708,apf_colreg,crossing_from_starboard,1.0,0.34398582848585796,0.0,3.6289437873144577,20.751247519694996,4.52698381187991,1.2440626256478662,0.3394548089319911,mr_webots_overtaking_large_ship.wbt,ekf_on_cluster_on,1,1,5.0
1782771890.9720368,35.44408941268921,200.0,200.0,0.2,6.244952541453346,4.37880096323394,1.5919594428331283,-0.10501793900256101,6.23318180617904,1782771890.9434977,4.376075311503815,1.5920240054944599,6.2495998291620944, 1782771890.958502, 1782771890.919449,0.9276334002641213,apf_colreg,crossing_from_starboard,1.0,0.346624166903448,0.0,4.721142844953582,43.19049092972748,4.5666452136058515,1.2413666941690034,0.3408132034679649,mr_webots_overtaking_large_ship.wbt,ekf_on_cluster_on,1,1,5.0
1782771891.074777,35.54682946205139,200.0,200.0,0.2,6.227564812979966,4.396335932351585,1.5909735996309193,0.022882763375369115,6.234934562096382,1782771891.0200949,None,None,None, None, 1782771891.0632455,0.9076376325946889,apf_colreg,crossing_from_starboard,1.0,0.3468423050509937,0.0,3.2235167715615916,43.10213513824602,4.376262045994012,1.2452802164192303,0.34075089678550097,mr_webots_overtaking_large_ship.wbt,ekf_on_cluster_on,1,1,5.0
1782771891.1720095,35.64406204223633,200.0,200.0,0.2,6.225314436832646,4.419444107607289,1.5892938972619697,0.14395877157322537,6.25334093466779,1782771891.1479535,None,None,None, None, 1782771891.1383984,1.0305357474466208,apf_colreg,crossing_from_starboard,1.0,0.3445506555858185,0.0,3.560866715883021,42.99957901441001,4.383743678819168,1.2470007902982831,0.3393392835333095,mr_webots_overtaking_large_ship.wbt,ekf_on_cluster_on,1,1,5.0
1782771891.272546,35.744598627090454,200.0,200.0,0.2,6.229026741916513,4.4467421615346066,1.5873971084439034,0.13605721412268723,6.268607205822106,1782771891.2601583,None,None,None, None, 1782771891.2571545,1.0995502299886175,apf_colreg,crossing_from_starboard,1.0,0.3445429317606102,0.05108044151295993,3.757051784824987,42.89626580442621,4.383743678819168,1.2470007902982831,0.3393392835333095,mr_webots_overtaking_large_ship.wbt,ekf_on_cluster_on,1,1,5.0
1782771891.3719091,35.84396171569824,-200.0,-200.0,0.2,6.238048975439641,4.476925375406027,1.5854906983731447,0.15606057405771512,6.281124894274949,1782771891.3403687,None,None,None, None, 1782771891.3293686,0.9102172128123992,apf_avoid,crossing_from_starboard,0.0,0.34250712272601824,0.0,11.881669747889902,-7.082479472899792,4.434897181815985,1.2454547944642558,0.3361012806975194,mr_webots_overtaking_large_ship.wbt,ekf_on_cluster_on,1,1,5.0
1782771891.4737017,35.945754289627075,-200.0,-200.0,0.2,6.255606098929283,4.5089973002360875,1.5843590933373346,0.07910530774428859,0.0034432502237606855,1782771891.4766872,None,None,None, None, 1782771891.4699638,1.0339416069236982,apf_avoid,crossing_from_starboard,0.0,0.3400549515947971,0.0,11.755091276243489,-7.275279859321124,4.463466811982797,1.246202005429373,0.33484041386196056,mr_webots_overtaking_large_ship.wbt,ekf_on_cluster_on,1,1,5.0
1782771891.5742624,36.04631495475769,-200.0,-200.0,0.2,-0.019538088405199272,4.542214463458712,1.583999784047093,-0.05930159341483998,6.278714234778891,1782771891.5434015,None,None,None, None, 1782771891.535411,1.0535876507971451,apf_avoid,crossing_from_starboard,0.0,0.34032956286919164,0.0,11.696119214670361,-7.364897602061449,4.504294451839444,1.244113728222508,0.33518229712943165,mr_webots_overtaking_large_ship.wbt,ekf_on_cluster_on,1,1,5.0
1782771891.6716034,36.14365601539612,-200.0,-200.0,0.2,-0.028622063491127524,4.576101698341671,1.5838402494011354,-0.19495421142868347,6.262224228202648,1782771891.6279855,None,None,None, None, 1782771891.62448,1.0550990927493238,apf_avoid,crossing_from_starboard,0.0,0.34032956286919164,0.0,11.762478917856168,-7.256274838352054,4.504294451839444,1.244113728222508,0.33518229712943165,mr_webots_overtaking_large_ship.wbt,ekf_on_cluster_on,1,1,5.0
1782771891.7721758,36.24422836303711,-200.0,-200.0,0.2,6.246950435386973,4.610376882105777,1.5831437841974618,-0.13093514174719392,6.243477323161153,1782771891.7711625,None,None,None, None, 1782771891.7596207,1.0260822388932016,apf_avoid,crossing_from_starboard,0.0,0.34316859986984444,0.0,11.817050168432864,-7.157471834515021,4.560130967962361,1.2411398788685728,0.3366298680163997,mr_webots_overtaking_large_ship.wbt,ekf_on_cluster_on,1,1,5.0
1782771891.8725495,36.34460210800171,-200.0,-200.0,0.2,6.23449735787289,4.644870019926895,1.5821496265204407,-0.16652164301322972,6.2274311044289465,1782771891.8675237,None,None,None, None, 1782771891.8329136,1.0284277374209432,apf_avoid,crossing_from_starboard,0.0,0.34453285697974184,0.0,11.904635142194518,-6.996853281683876,4.600989794043365,1.2387560952089434,0.3380201141028,mr_webots_overtaking_large_ship.wbt,ekf_on_cluster_on,1,1,5.0
1782771891.9716985,36.443751096725464,200.0,200.0,0.2,6.22827132534861,4.473122652861813,1.5915213789498703,-0.15316201536792964,6.217224987275967,1782771891.9341598,4.47039738800279,1.591664897232098,6.240563891593411, 1782771891.963683, 1782771891.9244206,0.9126571135619921,apf_colreg,crossing_from_starboard,1.0,0.3458565026442161,0.0,4.0907352124928344,20.274527196260106,4.633206508718461,1.236543776550056,0.3395504495443695,mr_webots_overtaking_large_ship.wbt,ekf_on_cluster_on,1,1,5.0
1782771892.0723321,36.544384717941284,200.0,200.0,0.2,6.2092679404065585,4.49063137158174,1.5903562141816954,-0.07083051382536064,6.207616884438644,1782771892.069809,None,None,None, None, 1782771892.0552833,0.9253767618204868,apf_colreg,crossing_from_starboard,1.0,0.348326927332294,0.0,3.160434560800822,43.11033040653161,4.4660987898591475,1.2433164675741242,0.34129257693313786,mr_webots_overtaking_large_ship.wbt,ekf_on_cluster_on,1,1,5.0
1782771892.1739233,36.645975828170776,200.0,200.0,0.2,6.196281597553296,4.51369067175139,1.588246503829059,0.04131481712424494,6.211648224874515,1782771892.167385,None,None,None, None, 1782771892.1503844,1.010863331213641,apf_colreg,crossing_from_starboard,1.0,0.3484489992321183,0.0,2.71527583146605,43.01854909997978,4.4750777897604435,1.2423740198223623,0.3417505081147037,mr_webots_overtaking_large_ship.wbt,ekf_on_cluster_on,1,1,5.0
1782771892.2724018,36.7444543838501,200.0,200.0,0.2,6.195715047693239,4.540891166522386,1.5854413982141717,0.1341770076499804,6.221233411939675,1782771892.238822,None,None,None, None, 1782771892.2320008,0.9522550809278834,apf_colreg,crossing_from_starboard,1.0,0.34845757569944263,0.0,2.3362683296484654,42.88475327350802,4.498789360563671,1.240172765106025,0.3409363930165276,mr_webots_overtaking_large_ship.wbt,ekf_on_cluster_on,1,1,5.0
1782771892.385788,36.8578405380249,-200.0,-200.0,0.2,6.200085572569564,4.570971048550311,1.5824601576637862,0.13340619606802095,6.2344306350510506,1782771892.337747,None,None,None, None, 1782771892.3672616,0.9407680361294122,apf_colreg,static_obstacle,1.0,0.3461303014246789,0.0,16.908346079388664,-13.356494804929648,4.516550829449813,1.240396628917385,0.33918203232111355,mr_webots_overtaking_large_ship.wbt,ekf_on_cluster_on,1,1,5.0
1782771892.4738576,36.94591021537781,-200.0,-200.0,0.2,6.2191262573567005,4.602960797186681,1.580042635971854,0.10994093404539859,6.242458074405074,1782771892.4808588,None,None,None, None, 1782771892.435817,1.0650450436203485,apf_colreg,static_obstacle,1.0,0.3461301004636185,0.0035850502495586795,16.650878491240846,-13.633719740891014,4.516550829449813,1.240396628917385,0.33918203232111355,mr_webots_overtaking_large_ship.wbt,ekf_on_cluster_on,1,1,5.0
1782771892.5719686,37.044021129608154,-200.0,-200.0,0.2,6.224077013520504,4.6361402488251935,1.5784748125264703,-0.0874346440442008,6.231073528845515,1782771892.5409694,None,None,None, None, 1782771892.5068977,1.0717998659841288,apf_avoid,crossing_from_starboard,0.0,0.3435092635744861,0.0,11.974075013414035,-6.824736108311235,4.586429168032518,1.2368931333689244,0.33693014559964585,mr_webots_overtaking_large_ship.wbt,ekf_on_cluster_on,1,1,5.0
1782771892.6731365,37.14518904685974,-200.0,-200.0,0.2,6.224266778200102,4.669994123787594,1.5769376126617904,-0.10432002099093791,6.223016920931666,1782771892.618199,None,None,None, None, 1782771892.6445696,1.0470250602877027,apf_avoid,crossing_from_starboard,0.0,0.3449523844231628,0.0,11.97160298083903,-6.807059319112971,4.6223638299040894,1.2336877509993232,0.33755223450526334,mr_webots_overtaking_large_ship.wbt,ekf_on_cluster_on,1,1,5.0
1782771892.7716944,37.2437469959259,200.0,200.0,0.2,6.20454470642654,4.704236241392419,1.5753089664464037,-0.26157705021104427,6.188234871069126,1782771892.7511697,None,None,None, None, 1782771892.7676814,0.9742333250433562,apf_colreg,crossing_from_starboard,1.0,0.34584560885211424,0.0,3.6838769163152323,20.928453910853023,4.664826411388036,1.2307342785967388,0.33880969144090267,mr_webots_overtaking_large_ship.wbt,ekf_on_cluster_on,1,1,5.0
1782771892.871691,37.343743562698364,200.0,200.0,0.2,6.188730769945811,4.738595351101768,1.5721575008746174,-0.041500675731235635,6.184478946247063,1782771892.8416724,None,None,None, None, 1782771892.8496773,0.9607630396398577,apf_colreg,crossing_from_starboard,1.0,0.34584560885211424,0.0,3.37805199013141,20.96912368926755,4.664826411388036,1.2307342785967388,0.33880969144090267,mr_webots_overtaking_large_ship.wbt,ekf_on_cluster_on,1,1,5.0
1782771892.972723,37.44477558135986,200.0,200.0,0.2,6.195352369922556,4.565060251207397,1.5892124187649441,0.02034241804905943,6.186017321047979,1782771892.9172964,4.5623138995137955,1.589488441744581,6.23162834569837, 1782771892.968494, 1782771892.9303172,1.0918348559200668,apf_colreg,crossing_from_starboard,1.0,0.34698608282420135,0.0,4.752072498061411,43.24642324161792,4.723836804914659,1.225453602619955,0.3395004133786509,mr_webots_overtaking_large_ship.wbt,ekf_on_cluster_on,1,1,5.0
1782771893.0719097,37.543962240219116,200.0,200.0,0.2,6.197188221279258,4.582276917921008,1.5874123913819849,0.21439090617364068,6.2150776042050655,1782771893.0528445,None,None,None, None, 1782771892.9979665,1.0318698269775064,apf_colreg,crossing_from_starboard,1.0,0.3455011185120201,0.0,4.713288955552509,43.048267825292314,4.539184050484345,1.2450561064596337,0.3377719061152388,mr_webots_overtaking_large_ship.wbt,ekf_on_cluster_on,1,1,5.0
1782771893.1721046,37.64415717124939,200.0,200.0,0.2,6.20089337308512,4.605158390875491,1.585247244153663,0.1186183781298357,6.227738816509947,1782771893.1595836,None,None,None, None, 1782771893.1655827,1.0384884402004544,apf_colreg,crossing_from_starboard,1.0,0.34324003890626004,0.0,4.789294443030594,20.01911226636124,4.552378696259669,1.2460016553437652,0.3358732708637198,mr_webots_overtaking_large_ship.wbt,ekf_on_cluster_on,1,1,5.0
1782771893.2716143,37.743666887283325,-200.0,-200.0,0.2,6.207951129605878,4.632282913023091,1.5827929130565668,0.13622094448008565,6.237906612480226,1782771893.2342255,None,None,None, None, 1782771893.2412245,0.9588564900289236,apf_colreg,static_obstacle,1.0,0.3421204436502207,0.0,16.82983947988902,-13.491913842038276,4.574680754925389,1.2451591395050288,0.33373305623307714,mr_webots_overtaking_large_ship.wbt,ekf_on_cluster_on,1,1,5.0
1782771893.3720727,37.844125270843506,-200.0,-200.0,0.2,6.218478576633301,4.662377244004584,1.5808142923816115,0.016967818586686837,6.240210682517255,1782771893.370016,None,None,None, None, 1782771893.3690152,1.0963527460757352,apf_colreg,static_obstacle,1.0,0.34075197520573713,0.0,16.661502615735536,-13.658010318838091,4.6033063141511015,1.2440059611039005,0.3323617431570175,mr_webots_overtaking_large_ship.wbt,ekf_on_cluster_on,1,1,5.0
1782771893.4718425,37.94389510154724,-200.0,-200.0,0.2,6.228626166177891,4.69437383877829,1.579193441545432,-0.021150190275613556,6.2384382646787335,1782771893.4538176,None,None,None, None, 1782771893.4538176,0.991764089736659,apf_colreg,static_obstacle,1.0,0.34075197520573713,0.0,16.522246344937475,-13.799393870028618,4.6033063141511015,1.2440059611039005,0.3323617431570175,mr_webots_overtaking_large_ship.wbt,ekf_on_cluster_on,1,1,5.0
1782771893.5719857,38.04403829574585,-200.0,-200.0,0.2,6.230985580393832,4.727534686797869,1.5778793870671757,-0.095764489483673,6.230971755911972,1782771893.531785,None,None,None, None, 1782771893.5424705,0.960680039500443,apf_colreg,static_obstacle,1.0,0.3404274607514655,0.04573333680791015,16.484631710053257,-13.81620050462239,4.665067638195996,1.2401089154847524,0.3324538456848391,mr_webots_overtaking_large_ship.wbt,ekf_on_cluster_on,1,1,5.0
1782771893.6727593,38.1448118686676,-200.0,144.38874912469342,0.2,6.225755068523371,4.761378896406879,1.576531306577007,-0.14196877067624647,6.216084799510795,1782771893.6366458,None,None,None, None, 1782771893.6456652,1.0892807602277728,track,none,0.0,nan,nan,16.484631710053257,-13.81620050462239,4.70283014448222,1.2369845023769308,0.33349707430976483,mr_webots_overtaking_large_ship.wbt,ekf_on_cluster_on,1,1,5.0
1782771893.772115,38.24416756629944,-200.0,148.60989037857973,0.2,6.216329877578779,4.8126150137958845,1.5737353760085,-0.10561299487998446,6.206811724019736,1782771893.7244482,None,None,None, None, 1782771893.734958,0.9702969799953419,track,none,0.0,nan,nan,16.484631710053257,-13.81620050462239,4.736801595846634,1.234272734345939,0.3349956751196239,mr_webots_overtaking_large_ship.wbt,ekf_on_cluster_on,1,1,5.0
1782771893.8724306,38.34448313713074,-200.0,155.25008672546406,0.2,6.2008864017924115,4.87237505433511,1.5696858668218425,-0.1300638242073011,6.190027760613125,1782771893.8534923,None,None,None, None, 1782771893.8124013,1.0323623790164589,track,none,0.0,nan,nan,16.484631710053257,-13.81620050462239,4.792988415718608,1.2298488707643054,0.33580798015409674,mr_webots_overtaking_large_ship.wbt,ekf_on_cluster_on,1,1,5.0
1782771893.9718158,38.44386839866638,-200.0,160.47212750326253,0.2,6.189170227824677,4.935300579107343,1.5642416137180968,-0.07270544305110464,6.183901704941691,1782771893.9377508,None,None,None, None, 1782771893.9627874,1.0514073853685968,track,none,0.0,nan,nan,16.484631710053257,-13.81620050462239,4.854361437145131,1.2244345216794097,0.33618197957452484,mr_webots_overtaking_large_ship.wbt,ekf_on_cluster_on,1,1,5.0
1782771894.0720086,38.54406118392944,-186.41935291880242,200.0,0.2,6.191849221233038,4.67182885862882,1.5859712978575748,-0.08528642654097106,6.1729865249274765,1782771894.0657334,4.668376857581621,1.5862664205407104,6.220562522002219, 1782771893.976829, 1782771894.0268211,1.017967620516584,apf_colreg,overtaking,-1.0,0.3919271233606677,0.0,15.309746420842362,0.35605583383816697,4.917116966331534,1.2188563550938358,0.33619438560977366,mr_webots_overtaking_large_ship.wbt,ekf_on_cluster_on,1,1,5.0
1782771894.172659,38.6447114944458,200.0,200.0,0.2,6.18009430538058,4.724202024895342,1.5808666844395374,-0.05942567786332821,6.168825626325653,1782771894.135752,None,None,None, None, 1782771894.1711438,0.933737038882718,apf_colreg,crossing_from_starboard,-1.0,0.34616751795760625,0.09180514085855132,0.4051657167575784,21.65569268718305,4.6461951685962255,1.2406631151586447,0.33589896769999605,mr_webots_overtaking_large_ship.wbt,ekf_on_cluster_on,1,1,5.0
1782771894.2723682,38.744420766830444,200.0,200.0,0.2,6.1699372342961905,4.766832192243433,1.5758603524980224,0.0353709718862116,6.173568248203159,1782771894.2698343,None,None,None, None, 1782771894.2383242,0.9468838067251788,apf_colreg,crossing_from_starboard,-1.0,0.34645211528390896,0.11619931336350577,-0.3799601761082907,21.83101901602051,4.69940313563787,1.2352307864309737,0.3351541680505815,mr_webots_overtaking_large_ship.wbt,ekf_on_cluster_on,1,1,5.0
1782771894.3719337,38.84398627281189,-200.0,-200.0,0.2,6.173027908766475,4.805504576316645,1.570903605758165,0.15463759433438168,6.1843980679384405,1782771894.3398678,None,None,None, None, 1782771894.3734498,0.9065343349981729,apf_avoid,crossing_from_starboard,0.0,0.3451046726689097,0.14872295615057146,12.29590107948512,-6.107015909423655,4.736697192240983,1.2320795027908351,0.3337892464341559,mr_webots_overtaking_large_ship.wbt,ekf_on_cluster_on,1,1,5.0
1782771894.4717798,38.94383239746094,-200.0,-200.0,0.2,6.178727674924592,4.84237601796008,1.5670856832171811,-0.005667092144300786,6.183688632935719,1782771894.4650528,None,None,None, None, 1782771894.4439552,1.053127345809587,apf_avoid,crossing_from_starboard,0.0,0.344225930691716,0.08063941744984436,12.255717853728132,-6.1276376342259615,4.7690519272154495,1.2289590000717816,0.33148394637854434,mr_webots_overtaking_large_ship.wbt,ekf_on_cluster_on,1,1,5.0
1782771894.5735548,39.04560732841492,-200.0,-200.0,0.2,6.183843778304064,4.878278678687773,1.563749066580841,-0.048067318370135635,6.180576356400911,1782771894.5298011,None,None,None, None, 1782771894.517765,1.0685164270801284,apf_avoid,crossing_from_starboard,0.0,0.3439281201532231,0.11626788074057016,12.219906013697024,-6.1470965274974665,4.809546405408801,1.2248532501511864,0.33079043276786957,mr_webots_overtaking_large_ship.wbt,ekf_on_cluster_on,1,1,5.0
1782771894.6719291,39.14398169517517,-200.0,-200.0,0.2,6.174088774156938,4.91365116823269,1.5606743210034049,-0.18561214682885493,6.163211416904072,1782771894.623356,None,None,None, None, 1782771894.6499004,0.9966688678758001,apf_avoid,crossing_from_starboard,0.0,0.34377234750635854,0.09974221542380818,12.27493646775147,-5.987866651653099,4.848654634051385,1.221294695141739,0.33107422780235235,mr_webots_overtaking_large_ship.wbt,ekf_on_cluster_on,1,1,5.0
1782771894.7720976,39.244150161743164,-200.0,-200.0,0.2,6.162841753725103,4.948668172253416,1.5571048987781988,-0.15767195885412932,6.151662087564378,1782771894.6966052,None,None,None, None, 1782771894.7216363,1.0922860094592017,apf_avoid,crossing_from_starboard,0.0,0.34575132230699634,0.21072969642672348,12.33593358164054,-5.803367505368225,4.887527101478695,1.215774328425723,0.3319388362492511,mr_webots_overtaking_large_ship.wbt,ekf_on_cluster_on,1,1,5.0
1782771894.8723533,39.34440588951111,-200.0,-200.0,0.2,6.151194331430847,4.9834621502198075,1.5531060385148328,-0.14827396466982065,6.127309200028415,1782771894.8608477,None,None,None, None, 1782771894.8688302,0.9973791854408377,apf_avoid,crossing_from_starboard,0.0,0.34657025405442904,0.5205789273477562,12.395847904235511,-5.607762273695781,4.92100711168955,1.211332370490746,0.33269341857909546,mr_webots_overtaking_large_ship.wbt,ekf_on_cluster_on,1,1,5.0
1782771894.9722266,39.444279193878174,200.0,200.0,0.2,6.118615861068357,5.018104040870556,1.5486987056507275,-0.32894486467706996,6.10369676444378,1782771894.93263,None,None,None, None, 1782771894.9481344,1.0875804626460683,apf_colreg,crossing_from_starboard,-1.0,0.34378978629324586,4.418251535629537,-0.4069973545840413,23.181756531047704,4.959110887461333,1.206516387445243,0.33360723940038883,mr_webots_overtaking_large_ship.wbt,ekf_on_cluster_on,1,1,5.0
1782771895.0722842,39.544336795806885,-115.67913435747951,200.0,0.2,6.118236401465951,4.797880916664159,1.5780879286936134,-0.023601945917858667,6.100483559212097,1782771895.0687716,4.794603141136081,1.5785482604581675,6.153295898234481, 1782771894.98023, 1782771895.0293708,0.975750032541871,apf_colreg,overtaking,-1.0,0.4061757177434836,0.0,15.252645280691237,1.6315967856181937,4.98530787947158,1.202515516424182,0.3339219703224285,mr_webots_overtaking_large_ship.wbt,ekf_on_cluster_on,1,1,5.0
1782771895.1725578,39.64461040496826,-87.65511438003826,200.0,0.2,6.10416027871111,4.824570360570134,1.5732654251036664,0.010513979541240956,6.101190323669255,1782771895.135993,None,None,None, None, 1782771895.163128,1.0307163047678545,apf_colreg,overtaking,-1.0,0.02027936783377029,66.54381122954689,15.580070030988848,2.074949066551869,4.750811292496985,1.2345087320877821,0.33282477570922436,mr_webots_overtaking_large_ship.wbt,ekf_on_cluster_on,1,1,5.0
1782771895.2718384,39.74389100074768,200.0,200.0,0.2,6.100536480196795,4.866303254832992,1.565251393512431,0.06929019848766062,6.110463320177018,1782771895.2698214,None,None,None, None, 1782771895.2457287,1.0026516881995744,apf_colreg,crossing_from_starboard,-1.0,0.3448185819006907,0.1422456499249239,-3.501459447572494,44.740917775109786,4.78119759847851,1.2309459435670538,0.3304399909344837,mr_webots_overtaking_large_ship.wbt,ekf_on_cluster_on,1,1,5.0
1782771895.3741393,39.84619188308716,200.0,200.0,0.2,6.10145422238309,4.90436845886758,1.5577787954062907,0.1072499396570542,6.118816114356561,1782771895.347703,None,None,None, None, 1782771895.3246486,1.010968131004185,apf_colreg,crossing_from_starboard,-1.0,0.34307147455034825,0.11160888322716293,-0.9006221665286569,23.209614786700378,4.82932236287467,1.2236024451832757,0.3279857859331477,mr_webots_overtaking_large_ship.wbt,ekf_on_cluster_on,1,1,5.0
1782771895.4728618,39.9449143409729,200.0,200.0,0.2,6.106750997877277,4.940656969620262,1.5507375331566675,0.13042140221318305,6.129051897637681,1782771895.4261854,None,None,None, None, 1782771895.463283,0.999208809146014,apf_colreg,crossing_from_starboard,-1.0,0.34281369705197834,0.1759757542248462,-0.7888841152267441,23.21970930765187,4.86100931844643,1.219409828163781,0.32455731140695254,mr_webots_overtaking_large_ship.wbt,ekf_on_cluster_on,1,1,5.0
1782771895.5727217,40.044774293899536,-200.0,-200.0,0.2,6.113381930725152,4.976046548739327,1.5441243002781873,0.1258137951930316,6.145408065367177,1782771895.5561883,None,None,None, None, 1782771895.536516,0.9219560214906841,apf_avoid,crossing_from_starboard,0.0,0.34086881344731806,0.11725163725499498,12.5792481928828,-5.020065423253971,4.86100931844643,1.219409828163781,0.32455731140695254,mr_webots_overtaking_large_ship.wbt,ekf_on_cluster_on,1,1,5.0
1782771895.6798115,40.15186405181885,-200.0,-200.0,0.2,6.127771955162005,5.011064534494459,1.5384431737241941,0.058084159496947355,6.150151787488263,1782771895.6378582,None,None,None, None, 1782771895.608842,0.9619450909618666,apf_avoid,crossing_from_starboard,0.0,0.3374391252055405,0.12370731322492261,12.494277585772627,-5.127590592516187,4.915471965869806,1.2120327464430347,0.3216530438901536,mr_webots_overtaking_large_ship.wbt,ekf_on_cluster_on,1,1,5.0
1782771895.7739518,40.24600434303284,-200.0,-200.0,0.2,6.131964162643505,5.045900049818865,1.533534776178549,-0.08199928507475743,6.142442008687586,1782771895.7318807,None,None,None, None, 1782771895.7078488,1.0052561623609992,apf_avoid,crossing_from_starboard,0.0,0.336086924718416,0.08668055738206495,12.463059373222663,-5.116843016817768,4.948993406284188,1.2081417313710225,0.3199284796342973,mr_webots_overtaking_large_ship.wbt,ekf_on_cluster_on,1,1,5.0
1782771895.8726468,40.34469938278198,-200.0,-200.0,0.2,6.132369680381271,5.080582178287369,1.5287173507933602,-0.09765953567456738,6.134649719786608,1782771895.8746521,None,None,None, None, 1782771895.8631399,1.0367353076104087,apf_avoid,crossing_from_starboard,0.0,0.33549526049554174,0.23237657181517402,12.451574083059963,-5.059980939897977,4.993481396305236,1.201723811459881,0.3193628252665591,mr_webots_overtaking_large_ship.wbt,ekf_on_cluster_on,1,1,5.0
1782771895.9720967,40.44414925575256,-200.0,-200.0,0.2,6.124913441857589,5.1151669577096355,1.523863459059902,-0.15269147470116878,6.114690051080719,1782771895.94239,None,None,None, None, 1782771895.9338796,1.0714028777005047,apf_avoid,crossing_from_starboard,0.0,0.33565199041624133,0.4429798430836061,12.479010629413223,-4.9046873318029744,5.03262895864565,1.1956158123575895,0.31962918674851226,mr_webots_overtaking_large_ship.wbt,ekf_on_cluster_on,1,1,5.0
1782771896.0720224,40.54407501220703,-121.21832199534848,200.0,0.2,6.129748070737073,4.905737618052829,1.5662973516342296,-0.1901906061350806,6.0992801511266075,1782771896.0234134,4.9025168487608015,1.5669265367341916,6.166722771790246, 1782771895.987124, 1782771896.0769022,0.9237404351430114,apf_colreg,overtaking,-1.0,0.38273855244066096,0.0,15.716776557962323,1.5947310095451215,5.067567524982914,1.1900901099610801,0.3201171910547582,mr_webots_overtaking_large_ship.wbt,ekf_on_cluster_on,1,1,5.0
1782771896.1740701,40.6461226940155,200.0,200.0,0.2,6.111469823337642,4.933840336965056,1.561776865572141,-0.12816283918983964,6.089600524653248,1782771896.0989394,None,None,None, None, 1782771896.1560495,1.0993765921866627,apf_colreg,crossing_from_starboard,-1.0,0.33874187489118773,0.03493703643409395,-1.0098949251698799,44.76449660655657,4.858326379633278,1.2310832587762808,0.32065840304928894,mr_webots_overtaking_large_ship.wbt,ekf_on_cluster_on,1,1,5.0
1782771896.2826695,40.754722118377686,200.0,200.0,0.2,6.096662495761807,4.964232696020908,1.5559813447766742,0.01741319812069096,6.092354188707429,1782771896.257076,None,None,None, None, 1782771896.2304997,1.0130153783458835,apf_colreg,crossing_from_starboard,-1.0,0.337685606434602,0.13705207280944134,-2.105082425814372,44.8736354662536,4.887925206056954,1.2272562541818994,0.3202046963329058,mr_webots_overtaking_large_ship.wbt,ekf_on_cluster_on,1,1,5.0
1782771896.3727882,40.84484076499939,200.0,200.0,0.2,6.090586646333301,4.996065681827999,1.549428097617132,0.08813757683508487,6.099374024907929,1782771896.3367224,None,None,None, None, 1782771896.3748043,1.0291627382300483,apf_colreg,crossing_from_starboard,-1.0,0.3370610723431643,0.10308384795046532,-2.175482841377249,23.124535354603214,4.910723044253394,1.2233332495622755,0.31830834115007256,mr_webots_overtaking_large_ship.wbt,ekf_on_cluster_on,1,1,5.0
1782771896.4721673,40.94421982765198,-38.78820799350232,200.0,0.2,6.090929569775214,5.028811626771584,1.5425811027238494,0.11491201515287328,6.108815798354507,1782771896.4188876,None,None,None, None, 1782771896.4519315,1.086260609817971,apf_colreg,static_obstacle,-1.0,0.3337250823559936,0.08849574839622992,15.468167179301766,2.690919150251797,4.938767105190842,1.221000481876522,0.3154670979951258,mr_webots_overtaking_large_ship.wbt,ekf_on_cluster_on,1,1,5.0
1782771896.572455,41.04450750350952,-39.61375839456572,200.0,0.2,6.0997271195833225,5.071344698110896,1.5339733998961969,0.1382404058883557,6.128380869227345,1782771896.560417,None,None,None, None, 1782771896.5473979,1.0446449966297677,apf_colreg,static_obstacle,-1.0,0.33135736361726015,0.06716888320796446,15.440997382920097,2.676177737009392,4.9717958005861735,1.2164115615734483,0.3128592704387107,mr_webots_overtaking_large_ship.wbt,ekf_on_cluster_on,1,1,5.0
1782771896.6718214,41.14387392997742,-44.51852281194823,200.0,0.2,6.111035780876553,5.119133573346021,1.5249476414620213,0.12577809169307574,6.137105979440758,1782771896.629786,None,None,None, None, 1782771896.618066,0.9188775907700731,apf_colreg,static_obstacle,-1.0,0.3312523919174378,0.07299779626138723,15.439971769750368,2.6161152259998284,4.9717958005861735,1.2164115615734483,0.3128592704387107,mr_webots_overtaking_large_ship.wbt,ekf_on_cluster_on,1,1,5.0
1782771896.7725103,41.24456286430359,-200.0,-200.0,0.2,6.120375391309566,5.169506151454311,1.5161181791676306,0.09332845415781937,6.149954644977417,1782771896.7674575,None,None,None, None, 1782771896.7594652,0.9281930010420941,apf_avoid,crossing_from_starboard,0.0,0.3266338415484016,0.03095563256195485,12.484818994012606,-4.748649538481176,5.065014652282853,1.2031989446250777,0.30694033540948185,mr_webots_overtaking_large_ship.wbt,ekf_on_cluster_on,1,1,5.0
1782771896.8717985,41.34385108947754,-200.0,-200.0,0.2,6.132411319394953,5.211423527310896,1.5097203561375139,0.019296182213913157,6.151572002382697,1782771896.851275,None,None,None, None, 1782771896.836749,0.9949415042387219,apf_avoid,crossing_from_starboard,0.0,0.3241487969203824,0.20766184212623146,12.414269012077378,-4.816340218742509,5.11734215432386,1.195917249491125,0.3044175671137396,mr_webots_overtaking_large_ship.wbt,ekf_on_cluster_on,1,1,5.0
1782771896.9746203,41.44667291641235,-200.0,-200.0,0.2,6.134191559901468,5.249814022442966,1.5044807198382832,-0.09987836342771995,6.145034730054149,1782771896.9167273,None,None,None, None, 1782771896.9716015,1.0167289293745587,apf_avoid,crossing_from_starboard,0.0,0.31768962731220246,1.1426296661844098,12.395563858313063,-4.7710723401399555,5.168315367252391,1.188924269538276,0.30329985934221587,mr_webots_overtaking_large_ship.wbt,ekf_on_cluster_on,1,1,5.0
1782771897.0724127,41.54446530342102,-132.90782412237957,200.0,0.2,6.151455113015221,5.019427790765004,1.5532785326409628,-0.14778041532933459,6.125507354721718,1782771897.048865,5.015901721666561,1.5539894859770225,6.196304757285336, 1782771896.997136, 1782771897.0377605,1.0082908848510146,apf_colreg,overtaking,-1.0,0.37902948747741094,0.0,15.724189804784444,1.4061543611703042,5.209437500924792,1.1826690575223635,0.30336686602995294,mr_webots_overtaking_large_ship.wbt,ekf_on_cluster_on,1,1,5.0
1782771897.172264,41.64431667327881,200.0,200.0,0.2,6.136065075644521,5.048024629171734,1.5494387926926443,-0.14778041532933459,6.095951271655851,1782771897.048865,None,None,None, None, 1782771897.172264,0.9976295348057281,apf_colreg,crossing_from_starboard,-1.0,0.3645231721889679,0.0,1.753726734922266,21.785528655672678,5.209437500924792,1.1826690575223635,0.30336686602995294,mr_webots_overtaking_large_ship.wbt,ekf_on_cluster_on,1,1,5.0
1782771897.2733028,41.74535536766052,200.0,200.0,0.2,6.116099291002849,5.078808329058969,1.5443974185255467,-0.0485425824418852,6.089275391175512,1782771897.2783005,None,None,None, None, 1782771897.2445884,0.9611520280462676,apf_colreg,crossing_from_starboard,-1.0,0.3184229468687876,1.7597923713692083,2.6301593219090376,22.034953654486273,5.001585258547861,1.230354922512713,0.30207507637018016,mr_webots_overtaking_large_ship.wbt,ekf_on_cluster_on,1,1,5.0
1782771897.3717892,41.843841791152954,-200.0,-200.0,0.2,6.110728306126223,5.110898423818322,1.5383768718102835,0.11115443979301842,6.1088813057928775,1782771897.3627758,None,None,None, None, 1782771897.3200338,1.0486293304771777,apf_avoid,crossing_from_starboard,0.0,0.32038102303706023,0.445608616645968,12.579703637710598,-4.91305895225257,5.022904743410869,1.2289263099435515,0.2999293890549215,mr_webots_overtaking_large_ship.wbt,ekf_on_cluster_on,1,1,5.0
1782771897.4727104,41.94476294517517,-200.0,-200.0,0.2,6.115570702576309,5.143961967472054,1.5327200798498808,0.019354352630960223,6.1107467843414325,1782771897.4591613,None,None,None, None, 1782771897.461162,0.9921922200777324,apf_avoid,crossing_from_starboard,0.0,0.3196404714172188,0.34384509269757624,12.543496805126303,-4.90140932866311,5.055619554683949,1.2234584840691822,0.2978487501632719,mr_webots_overtaking_large_ship.wbt,ekf_on_cluster_on,1,1,5.0
1782771897.5746818,42.04673433303833,-200.0,-200.0,0.2,6.119302510625549,5.177623178929421,1.5273939115019455,-0.051655261519403244,6.107265245449648,1782771897.5265608,None,None,None, None, 1782771897.533568,1.0347047161243863,apf_avoid,crossing_from_starboard,0.0,0.3196113136143784,0.32322611663074274,12.513821835557126,-4.879872556863447,5.0924793684278,1.2168979539422597,0.29732971866624136,mr_webots_overtaking_large_ship.wbt,ekf_on_cluster_on,1,1,5.0
1782771897.6749394,42.14699196815491,-200.0,-200.0,0.2,6.115641892583729,5.211617817963422,1.5221872347348246,-0.1255494889941024,6.099182408007703,1782771897.676942,None,None,None, None, 1782771897.6849384,0.9191123877156179,apf_avoid,crossing_from_starboard,0.0,0.3174673045845574,0.5332059025812419,12.520313806259011,-4.767292634722587,5.151763554234889,1.2070309010171385,0.29760807544019763,mr_webots_overtaking_large_ship.wbt,ekf_on_cluster_on,1,1,5.0
1782771897.771773,42.24382567405701,-200.0,-200.0,0.2,6.110487070116039,5.245754402830376,1.5167487678340266,-0.11943577169712943,6.0805742738633946,1782771897.7467408,None,None,None, None, 1782771897.765253,1.0594517048481242,apf_avoid,crossing_from_starboard,0.0,0.3174055896890463,0.5318082854631484,12.53257272314819,-4.633041203119337,5.151763554234889,1.2070309010171385,0.29760807544019763,mr_webots_overtaking_large_ship.wbt,ekf_on_cluster_on,1,1,5.0
1782771897.872824,42.344876527786255,-200.0,-200.0,0.2,6.104221968861065,5.27995528195262,1.511083908511285,-0.12093675287250792,6.072036452312353,1782771897.8173382,None,None,None, None, 1782771897.836011,0.9782670416233019,apf_avoid,crossing_from_starboard,0.0,0.3163347582677301,0.8007992852829713,12.548243856398392,-4.481965954855083,5.188102361651499,1.200239429420311,0.2980767735025545,mr_webots_overtaking_large_ship.wbt,ekf_on_cluster_on,1,1,5.0
1782771897.9719102,42.443962812423706,-200.0,-200.0,0.2,6.080733422032653,5.314171634444333,1.5051750356398603,-0.2679576509792685,6.033169245840022,1782771897.962388,None,None,None, None, 1782771897.9749143,1.024682805480577,apf_avoid,crossing_from_starboard,0.0,0.3173178404882863,1.102622717267297,12.63460229979524,-4.110770212151229,5.216398139039148,1.1938613738725015,0.29851117100388586,mr_webots_overtaking_large_ship.wbt,ekf_on_cluster_on,1,1,5.0
1782771898.0828445,42.55489706993103,200.0,200.0,0.2,6.084718172383686,5.126162764623099,1.5423632057225138,-0.1336490165658028,6.021455761770757,1782771898.0500317,5.12323012223167,1.5429458489480494,6.118713154441546, 1782771897.999428, 1782771898.083845,0.9787992364456017,apf_colreg,crossing_from_starboard,-1.0,0.3414661138999104,0.0,-5.0934154914735625,44.66730232403091,5.065082932419687,1.2231569820593338,0.29930925536259306,mr_webots_overtaking_large_ship.wbt,ekf_on_cluster_on,1,1,5.0
1782771898.1740475,42.64610004425049,200.0,200.0,0.2,6.057690937529674,5.141449807841202,1.5390858341913243,-0.1445190343657767,6.009262774517079,1782771898.134401,None,None,None, None, 1782771898.1494565,1.0206708355375946,apf_colreg,crossing_from_starboard,-1.0,0.32871729189805615,2.5845615914447246,-6.051408933500372,44.646259703073504,5.065082932419687,1.2231569820593338,0.29930925536259306,mr_webots_overtaking_large_ship.wbt,ekf_on_cluster_on,1,1,5.0
1782771898.272915,42.744967460632324,200.0,200.0,0.2,6.035311633653402,5.162417954688951,1.5338114836020686,-0.01624621197663398,6.008162508481177,1782771898.2764277,None,None,None, None, 1782771898.2251647,1.053366913513551,apf_colreg,crossing_from_starboard,-1.0,0.3083085419064349,2.759948625564897,-8.108842091277088,44.50160893631748,5.077756844475945,1.2206720471785066,0.29898632265530417,mr_webots_overtaking_large_ship.wbt,ekf_on_cluster_on,1,1,5.0
1782771898.372156,42.84420847892761,124.49207666586585,200.0,0.2,6.028444931044191,5.187700433342221,1.5268689874088603,0.11243654760942516,6.0249131603205095,1782771898.3511043,None,None,None, None, 1782771898.3550963,1.050096172794414,apf_colreg,static_obstacle,-1.0,0.318796653250415,0.5854630304256505,15.217153454443258,3.862403847995192,5.094535359204889,1.219242511964755,0.29681705351560517,mr_webots_overtaking_large_ship.wbt,ekf_on_cluster_on,1,1,5.0
1782771898.4743137,42.94636631011963,139.581018983701,200.0,0.2,6.028496664566718,5.219642710272019,1.5181019296117264,0.10894143380882677,6.033755451946448,1782771898.4322698,None,None,None, None, 1782771898.4312694,1.0073269574085353,apf_colreg,static_obstacle,-1.0,0.32005458682856874,0.16372186170959926,15.19290856835763,3.9814424083334625,5.111431144191828,1.2157817975765433,0.2943091400436318,mr_webots_overtaking_large_ship.wbt,ekf_on_cluster_on,1,1,5.0
1782771898.57225,43.044302463531494,141.11653636321634,200.0,0.2,6.03685400190433,5.2551969027781436,1.5084732900978397,0.15307647709416636,6.044479992185675,1782771898.5772665,None,None,None, None, 1782771898.5752568,0.9741364499904911,apf_colreg,static_obstacle,-1.0,0.31752864966738575,0.06569360441235418,15.182394050044756,3.991972010669917,5.137912599416823,1.2117454344326284,0.2907658039911652,mr_webots_overtaking_large_ship.wbt,ekf_on_cluster_on,1,1,5.0
1782771898.6729987,43.14505124092102,138.66275889717988,200.0,0.2,6.046091203103611,5.292833857409154,1.4987599502567541,0.13096540372101542,6.06362050695379,1782771898.6484792,None,None,None, None, 1782771898.6484792,0.9387425314812341,apf_colreg,static_obstacle,-1.0,0.3133044696522872,0.11755233478041983,15.17643660665345,3.969236608382519,5.184487138991899,1.2029799627663147,0.28788169444551814,mr_webots_overtaking_large_ship.wbt,ekf_on_cluster_on,1,1,5.0
1782771898.7719378,43.243990421295166,141.69482644320436,200.0,0.2,6.05378324442767,5.331719435598896,1.4891492722874768,0.10831028106588167,6.072351531817659,1782771898.7290905,None,None,None, None, 1782771898.7190745,1.0767906812942978,apf_colreg,static_obstacle,-1.0,0.3112609741161489,0.09940117127054311,15.159854703816832,3.9910702933728097,5.2207872376149025,1.1959203266145888,0.28444603791064677,mr_webots_overtaking_large_ship.wbt,ekf_on_cluster_on,1,1,5.0
1782771898.8727589,43.34481143951416,-200.0,-176.8133033350555,0.2,6.066517160928617,5.371127049139947,1.479713272800753,0.15557990348512615,6.083301760443896,1782771898.8767662,None,None,None, None, 1782771898.8712478,0.9402167116563448,apf_avoid,crossing_from_starboard,0.0,0.3075922118250839,0.12936546990775497,12.620605424716324,-3.6074802822365397,5.259781405907595,1.1900035462032585,0.2813044184445659,mr_webots_overtaking_large_ship.wbt,ekf_on_cluster_on,1,1,5.0
1782771898.9723332,43.44438576698303,-200.0,-185.2950860980504,0.2,6.079423800028581,5.409370894292368,1.471741235735069,0.028591030311413617,6.087929040769322,1782771898.9613175,None,None,None, None, 1782771898.9543169,0.9372112641298851,apf_avoid,crossing_from_starboard,0.0,0.30619346327047603,0.1857164536248556,12.552023804611267,-3.6685724074582184,5.297266232594919,1.1825802827505338,0.2784392605076144,mr_webots_overtaking_large_ship.wbt,ekf_on_cluster_on,1,1,5.0
1782771899.072014,43.54406666755676,200.0,200.0,0.2,6.121868793618888,5.2261930067455244,1.527849807382219,-0.052571308534042176,6.083767447161416,1782771899.0404785,5.223282238406887,1.528684678142298,6.189799261457573, 1782771899.003018, 1782771899.0404785,1.0399961274462515,apf_colreg,crossing_from_starboard,-1.0,0.33803055803279725,0.0,2.7053358203210722,22.023346761526334,5.343353319649837,1.1736171052621451,0.27682561062299577,mr_webots_overtaking_large_ship.wbt,ekf_on_cluster_on,1,1,5.0
1782771899.172262,43.6443145275116,200.0,200.0,0.2,6.1137081102487025,5.244151541715983,1.524886973348751,-0.06325430895149056,6.0793527400676295,1782771899.1967788,None,None,None, None, 1782771899.1182733,1.0242968920290179,apf_colreg,crossing_from_starboard,-1.0,0.28934669107646577,20.416096655010357,5.138257407554475,21.977517396713495,5.164162557758385,1.2301855600475644,0.27631302710694183,mr_webots_overtaking_large_ship.wbt,ekf_on_cluster_on,1,1,5.0
1782771899.2719882,43.744040727615356,-200.0,-200.0,0.2,6.104092495515423,5.267432632187534,1.5206143231120681,0.022781201206218387,6.081323480739565,1782771899.285993,None,None,None, None, 1782771899.2062945,0.9552515118561068,apf_avoid,crossing_from_starboard,0.0,0.3026342976209391,0.8069068224791908,12.570894395482787,-4.602255024136999,5.175727056520744,1.2290735338631285,0.2747893994433671,mr_webots_overtaking_large_ship.wbt,ekf_on_cluster_on,1,1,5.0
1782771899.3752708,43.847323417663574,-200.0,-200.0,0.2,6.107589967188627,5.294716184391314,1.515754231640818,0.008159253781016384,6.082779842830429,1782771899.3752708,None,None,None, None, 1782771899.3812714,1.0841463749005713,apf_avoid,crossing_from_starboard,0.0,0.30190035674002247,0.27281835492206163,12.543683889264091,-4.583983499771867,5.196200642909859,1.2279837619967255,0.2723842585150964,mr_webots_overtaking_large_ship.wbt,ekf_on_cluster_on,1,1,5.0
1782771899.472987,43.94503951072693,-200.0,-200.0,0.2,6.104787808829179,5.324771937556169,1.510735064129226,-0.10925007141166065,6.073252749749033,1782771899.4624753,None,None,None, None, 1782771899.4554708,0.991186271895843,apf_avoid,crossing_from_starboard,0.0,0.3017017484447961,0.1948991553386083,12.544901028187397,-4.484602531054026,5.2279796768030895,1.2223141838143439,0.27166380218029845,mr_webots_overtaking_large_ship.wbt,ekf_on_cluster_on,1,1,5.0
1782771899.5728836,44.044936180114746,-200.0,-200.0,0.2,6.092062188538957,5.356541728356798,1.5053101228150032,-0.1882389411452965,6.058999059213043,1782771899.5381966,None,None,None, None, 1782771899.5236669,0.9828403989414762,apf_avoid,crossing_from_starboard,0.0,0.30026997295702473,0.28851039733593115,12.587556178302389,-4.255361979332121,5.269693749941962,1.2151037410875989,0.2717432680611309,mr_webots_overtaking_large_ship.wbt,ekf_on_cluster_on,1,1,5.0
1782771899.6733875,44.145440101623535,-200.0,-200.0,0.2,6.079064429234824,5.389266046486695,1.4991688679286685,-0.15958639773591105,6.048064758934631,1782771899.606713,None,None,None, None, 1782771899.6648777,0.942788305867318,apf_avoid,crossing_from_starboard,0.0,0.30057181085301043,0.35208206126128894,12.625618195724373,-4.013218234490423,5.299670313076299,1.209294112929508,0.2721671187422403,mr_webots_overtaking_large_ship.wbt,ekf_on_cluster_on,1,1,5.0
1782771899.772934,44.24498653411865,-200.0,-189.4029158178554,0.2,6.064461210475357,5.422518101505758,1.4924527622652173,-0.16663214585303784,6.022938579738024,1782771899.7575014,None,None,None, None, 1782771899.737493,0.9975788218055449,apf_avoid,crossing_from_starboard,0.0,0.3003734216002996,0.485751067311342,12.663931045823887,-3.7431929771526082,5.331351349713208,1.2025088401645745,0.2725935062343681,mr_webots_overtaking_large_ship.wbt,ekf_on_cluster_on,1,1,5.0
1782771899.8716063,44.34365892410278,-200.0,-136.08363802032878,0.2,6.0379404027613175,5.456573338146391,1.4850226310152221,-0.2642796936331595,6.004567116507597,1782771899.8270166,None,None,None, None, 1782771899.8215055,0.9520603562090555,apf_avoid,crossing_from_starboard,0.0,0.2982042665316481,0.7411455439906641,12.735286684816547,-3.312356871536556,5.36857945189139,1.194765257563128,0.27306699826674613,mr_webots_overtaking_large_ship.wbt,ekf_on_cluster_on,1,1,5.0
1782771899.9724898,44.4445424079895,-200.0,-85.43912985900535,0.2,6.022251207212369,5.493381551415482,1.475752295472617,-0.12707464304549268,5.987035964795557,1782771899.964976,None,None,None, None, 1782771899.964976,0.9412771107470451,apf_avoid,crossing_from_starboard,0.0,0.29956480274648395,0.5231965778805033,12.754594724736162,-2.9957161232589913,5.36857945189139,1.194765257563128,0.27306699826674613,mr_webots_overtaking_large_ship.wbt,ekf_on_cluster_on,1,1,5.0
1782771900.0718644,44.54391694068909,200.0,200.0,0.2,6.040880868138351,5.322105782616168,1.5168186060955708,-0.15114084263126965,5.97231607945885,1782771900.062368,5.319311942949537,1.5175027024939676,6.108907800492599, 1782771900.010519, 1782771900.0483592,1.0108240648231603,apf_colreg,crossing_from_starboard,-1.0,0.3118570709896767,0.9399192043738096,2.5610998832264924,22.353644270709804,5.412149972349125,1.1811974048332678,0.273293354080238,mr_webots_overtaking_large_ship.wbt,ekf_on_cluster_on,1,1,5.0
1782771900.1726508,44.64470338821411,200.0,200.0,0.2,6.0249257595018575,5.343717821134396,1.511155006908993,-0.008278432013872263,5.971543998923361,1782771900.155632,None,None,None, None, 1782771900.1436338,1.0169791960526176,apf_colreg,crossing_from_starboard,-1.0,0.1712982986730332,11.422163800923682,-3.4950623631548554,23.13984684237886,5.253473659423766,1.2194579843880846,0.27322097132938167,mr_webots_overtaking_large_ship.wbt,ekf_on_cluster_on,1,1,5.0
1782771900.2719395,44.74399209022522,200.0,200.0,0.2,6.015995581356109,5.369475367665068,1.5039053910663083,0.06952516297039311,5.976980757716318,1782771900.2338305,None,None,None, None, 1782771900.2262943,1.0039332152475584,apf_colreg,crossing_from_starboard,-1.0,0.2905669474406372,1.6823482464864468,-4.720228848891415,23.031864491120288,5.269343592988011,1.2157554850752166,0.2719195843167373,mr_webots_overtaking_large_ship.wbt,ekf_on_cluster_on,1,1,5.0
1782771900.372396,44.84444856643677,-200.0,-112.1783111780983,0.2,6.016977013855631,5.3981331935471175,1.4956256997551434,0.13295693357791002,5.987517607635724,1782771900.3130805,None,None,None, None, 1782771900.359688,0.9975751149419615,apf_avoid,crossing_from_starboard,0.0,0.2982343194258037,0.6772742243752651,12.838183835240397,-3.17765838348556,5.2891310867890615,1.2119019540824012,0.2697365311953452,mr_webots_overtaking_large_ship.wbt,ekf_on_cluster_on,1,1,5.0
1782771900.471733,44.943785667419434,-200.0,-113.73800706227978,0.2,6.025736265785848,5.432902362497208,1.4863187998653795,0.04145463371358243,5.99307390497673,1782771900.4471138,None,None,None, None, 1782771900.433572,1.0202245683244755,apf_avoid,crossing_from_starboard,0.0,0.2975944505331559,0.3306770523154344,12.77905205112506,-3.172985733809652,5.320006674653299,1.2062664973071329,0.26650898806794326,mr_webots_overtaking_large_ship.wbt,ekf_on_cluster_on,1,1,5.0
1782771900.5726504,45.044703006744385,-200.0,-111.06735317135623,0.2,6.03288208659768,5.471279762216998,1.4766629584353408,-0.023173668113907697,5.991203620522644,1782771900.527821,None,None,None, None, 1782771900.5726504,1.002261595737306,apf_avoid,crossing_from_starboard,0.0,0.29483512029737796,0.281675567585188,12.72495989962131,-3.1426065435592885,5.3620603883060625,1.1980364843652485,0.26410501743848486,mr_webots_overtaking_large_ship.wbt,ekf_on_cluster_on,1,1,5.0
1782771900.6806908,45.152743339538574,-200.0,-94.25381793641131,0.2,6.03389701550987,5.511677286696297,1.46683522017371,-0.08204449920976652,5.985016184463638,1782771900.6826894,None,None,None, None, 1782771900.6445735,1.027586073237185,apf_avoid,crossing_from_starboard,0.0,0.2946248286408213,0.2657192399951456,12.690243455966444,-3.0317085579907737,5.403688090295504,1.1880499673163427,0.2629112585024906,mr_webots_overtaking_large_ship.wbt,ekf_on_cluster_on,1,1,5.0
1782771900.7719498,45.24400234222412,-200.0,-41.141399465713555,0.2,6.0215039671099015,5.5536508320723295,1.4565692628560467,-0.18247630607139442,5.970517939576766,1782771900.776956,None,None,None, None, 1782771900.7137513,1.0498345976378163,apf_avoid,crossing_from_starboard,0.0,0.2969289557398822,0.25417057267443866,12.692313974507638,-2.745294899308385,5.443380333584979,1.1764295426876927,0.26201662225571865,mr_webots_overtaking_large_ship.wbt,ekf_on_cluster_on,1,1,5.0
1782771900.8721356,45.34418821334839,-200.0,13.031210733205612,0.2,6.010202144065504,5.597835614803629,1.4449021364615593,-0.12683698092155438,5.947890186908083,1782771900.8610897,None,None,None, None, 1782771900.8680897,0.9185882752161281,apf_avoid,crossing_from_starboard,0.0,0.2965455470775722,0.26320222568342005,12.681637804298862,-2.455619995911448,5.485115484066485,1.1668431620283872,0.261322343528385,mr_webots_overtaking_large_ship.wbt,ekf_on_cluster_on,1,1,5.0
1782771900.9720285,45.44408106803894,200.0,200.0,0.2,5.995344426957569,5.644413598004808,1.4319655852728292,-0.14686585632820112,5.937259886483754,1782771900.9334707,None,None,None, None, 1782771900.9509985,1.0574478123606503,apf_colreg,crossing_from_starboard,-1.0,0.2935496807877942,0.4520783310256283,-1.617908174582694,23.76214163558439,5.5388358740145405,1.1539986081424907,0.26043349723238113,mr_webots_overtaking_large_ship.wbt,ekf_on_cluster_on,1,1,5.0
1782771901.0720658,45.54411840438843,192.25256644442285,200.0,0.2,6.010425087461442,5.433213862656871,1.4984384083025066,-0.001368100474708621,5.937071650285532,1782771901.0710602,5.429903262951525,1.4994781303985596,6.061598361472701, 1782771901.011938, 1782771901.014939,0.9121272927798428,apf_colreg,overtaking,-1.0,0.3384803171850708,0.0,14.65758153887209,4.367406084916289,5.587696222118106,1.140871789337076,0.25890233469641777,mr_webots_overtaking_large_ship.wbt,ekf_on_cluster_on,1,1,5.0
1782771901.1716137,45.64366626739502,200.0,200.0,0.2,6.001125640614878,5.450630437764453,1.4932822084221722,0.07741181414568458,5.943815162819072,1782771901.1581724,None,None,None, None, 1782771901.1665635,1.0604465394750264,apf_colreg,crossing_from_starboard,-1.0,0.31998184618972725,0.0,-2.5327553126484967,45.342184350088544,5.362208872905616,1.2119779527587593,0.2566566191117681,mr_webots_overtaking_large_ship.wbt,ekf_on_cluster_on,1,1,5.0
1782771901.2722893,45.74434185028076,200.0,200.0,0.2,6.014343383461357,5.473241192792191,1.4864049233492553,0.26058415844937005,5.965722775131488,1782771901.2422435,None,None,None, None, 1782771901.2612498,0.9483883172519445,apf_colreg,crossing_from_starboard,-1.0,0.07562916099656514,23.72585437642237,-1.2748488601927774,23.595129330186317,5.3766195739963685,1.2114750866478647,0.253135781144714,mr_webots_overtaking_large_ship.wbt,ekf_on_cluster_on,1,1,5.0
1782771901.3738549,45.84590744972229,-200.0,-102.5924463634846,0.2,6.027015819082301,5.499914416515283,1.4789184775908668,0.1612309513923423,5.980888264736523,1782771901.3363042,None,None,None, None, 1782771901.2612498,0.9483883172519445,apf_avoid,crossing_from_starboard,0.0,0.2771481895223543,1.8491487396485287,12.750605666631772,-3.0962697905918724,5.402859381997714,1.2060998780175363,0.24925654968816852,mr_webots_overtaking_large_ship.wbt,ekf_on_cluster_on,1,1,5.0
1782771901.47298,45.945032596588135,-200.0,-129.94737159271529,0.2,6.047545639639249,5.533873213367472,1.4704080190815667,0.09975227933628299,5.98921654826825,1782771901.4197938,None,None,None, None, 1782771901.450415,0.9642639091759292,apf_avoid,crossing_from_starboard,0.0,0.2799077508249752,0.6133525346395307,12.6585277143661,-3.2497880163128503,5.440731357633711,1.1997579462016852,0.2462660574544157,mr_webots_overtaking_large_ship.wbt,ekf_on_cluster_on,1,1,5.0
1782771901.5717194,46.04377198219299,200.0,200.0,0.2,6.061115021189634,5.571304692065007,1.4620809880370746,-0.011530693153310817,5.9882458299434855,1782771901.572827,None,None,None, None, 1782771901.5522077,0.9387340478775797,apf_colreg,crossing_from_starboard,-1.0,0.27808257314458834,0.5253467853799202,-2.6998761348743328,23.459989664023734,5.488952823441401,1.1896076143166814,0.24380661101285553,mr_webots_overtaking_large_ship.wbt,ekf_on_cluster_on,1,1,5.0
1782771901.6729987,46.14505124092102,200.0,200.0,0.2,6.064317535806313,5.607134364625878,1.4539967683577402,0.027290796004824806,5.9920119601044695,1782771901.6419795,None,None,None, None, 1782771901.6334739,1.0440983677479834,apf_colreg,crossing_from_starboard,-1.0,0.2761806327264015,0.7471994326678687,-2.3637671596762195,23.51758014373981,5.532842448317686,1.1796482527104177,0.2432059294450626,mr_webots_overtaking_large_ship.wbt,ekf_on_cluster_on,1,1,5.0
1782771901.7722182,46.24427080154419,-200.0,-132.23645565832055,0.2,6.070448460065266,5.642093355062065,1.4459595390612212,0.10919818678792251,6.000481001301618,1782771901.719536,None,None,None, None, 1782771901.7210405,1.0917051064178553,apf_avoid,crossing_from_starboard,0.0,0.27371721784925984,1.0767088776318976,12.513679754143302,-3.22816106813353,5.56349230033357,1.1727227044190711,0.24259492208549843,mr_webots_overtaking_large_ship.wbt,ekf_on_cluster_on,1,1,5.0
1782771901.872031,46.34408354759216,-200.0,-135.91436139547636,0.2,6.079462469981484,5.680009381813973,1.4380751731746346,0.020465278763154574,6.003356159683762,1782771901.8600256,None,None,None, None, 1782771901.8600256,1.02478004652127,apf_avoid,crossing_from_starboard,0.0,0.2769908519135451,0.7378013707542737,12.463336300040842,-3.2404496855482625,5.595706136623154,1.1655016665235611,0.24162967253681716,mr_webots_overtaking_large_ship.wbt,ekf_on_cluster_on,1,1,5.0
1782771901.9719477,46.444000244140625,-200.0,-136.79564569068333,0.2,6.086860941132062,5.71936948676914,1.4304384102315422,-0.02703791947825248,6.001333091173302,1782771901.934849,None,None,None, None, 1782771901.934849,0.9239957735163471,apf_avoid,crossing_from_starboard,0.0,0.2774681796640989,0.7873404890315767,12.419655331881982,-3.23519898347917,5.595706136623154,1.1655016665235611,0.24162967253681716,mr_webots_overtaking_large_ship.wbt,ekf_on_cluster_on,1,1,5.0
1782771902.072999,46.54505157470703,200.0,200.0,0.2,6.089229704741006,5.533633500557711,1.4863403362887637,-0.15601634430420835,5.981854296382229,1782771902.0597,5.530651315813739,1.487177021827538,6.107046405235581, 1782771902.018984, 1782771902.07023,0.9798223862499673,apf_colreg,crossing_from_starboard,-1.0,0.32107376546879424,0.0,2.1243461003383652,22.1928031613442,5.666790550936345,1.152257935250794,0.24146485520284935,mr_webots_overtaking_large_ship.wbt,ekf_on_cluster_on,1,1,5.0
1782771902.1721098,46.64416241645813,200.0,200.0,0.2,6.079349933705562,5.5532973557986764,1.4823160293881255,-0.014058530477612371,5.98071038900656,1782771902.1410675,None,None,None, None, 1782771902.1535895,0.9941751971402665,apf_colreg,crossing_from_starboard,-1.0,0.3055641033876493,0.6183292436163027,-0.6989351990792647,45.23997523858686,5.481345567829983,1.2070081228318439,0.24176674828998473,mr_webots_overtaking_large_ship.wbt,ekf_on_cluster_on,1,1,5.0
1782771902.2728775,46.744930028915405,-194.39326593007712,200.0,0.2,6.071651659993509,5.577796184925894,1.476916666935605,0.05219281460402064,5.984335149956561,1782771902.210517,None,None,None, None, 1782771902.2335565,1.0598317556576449,track,none,0.0,nan,nan,-0.6989351990792647,45.23997523858686,5.496234203380528,1.2002567174012972,0.24438814968769357,mr_webots_overtaking_large_ship.wbt,ekf_on_cluster_on,1,1,5.0
1782771902.3821247,46.85417723655701,-195.7615913094986,200.0,0.2,6.0806899922121165,5.6273672838184785,1.4660071288272172,0.129726480581113,5.993401922149618,1782771902.384122,None,None,None, None, 1782771902.3088477,0.9732443447225414,track,none,0.0,nan,nan,-0.6989351990792647,45.23997523858686,5.5140866959214,1.194424598615935,0.24527863882458786,mr_webots_overtaking_large_ship.wbt,ekf_on_cluster_on,1,1,5.0
1782771902.4718738,46.9439263343811,-196.25785180501106,200.0,0.2,6.087373733651192,5.690558770764197,1.4531892780990674,0.04145488007304188,6.001027980035751,1782771902.4643688,None,None,None, None, 1782771902.4016514,1.0944167056972185,track,none,0.0,nan,nan,-0.6989351990792647,45.23997523858686,5.5140866959214,1.194424598615935,0.24527863882458786,mr_webots_overtaking_large_ship.wbt,ekf_on_cluster_on,1,1,5.0
1782771902.57273,47.044782638549805,-197.12436022462035,200.0,0.2,6.095561754626854,5.757703120287463,1.440065606605991,0.0513306604910941,6.005253947055352,1782771902.5466971,None,None,None, None, 1782771902.5506926,1.0008433703089337,track,none,0.0,nan,nan,-0.6989351990792647,45.23997523858686,5.638723556019235,1.1679802257666658,0.24311694703816686,mr_webots_overtaking_large_ship.wbt,ekf_on_cluster_on,1,1,5.0
1782771902.691935,47.16398763656616,-198.9813107586792,200.0,0.2,6.10734457575598,5.825723344616329,1.4273944826608265,0.07798043634344938,6.011658346661977,1782771902.6288254,None,None,None, None, 1782771902.6233122,1.0225681216335232,track,none,0.0,nan,nan,-0.6989351990792647,45.23997523858686,5.700752832328233,1.1557188535697664,0.24092748249950485,mr_webots_overtaking_large_ship.wbt,ekf_on_cluster_on,1,1,5.0
1782771902.7717893,47.243841886520386,-200.0,200.0,0.2,6.115888738346023,5.894214353679871,1.4155751578777371,0.037439978736425676,6.015659242369454,1782771902.735687,None,None,None, None, 1782771902.7301743,0.900713032164147,track,none,0.0,nan,nan,-0.6989351990792647,45.23997523858686,5.764620481275657,1.1429552076397096,0.23790232112534335,mr_webots_overtaking_large_ship.wbt,ekf_on_cluster_on,1,1,5.0
1782771902.8725774,47.344630002975464,-200.0,200.0,0.2,6.1238853095700225,5.9629482766146,1.4042614630950645,0.03875751825162778,6.01873273844966,1782771902.8149877,None,None,None, None, 1782771902.8214982,1.0570710244180614,track,none,0.0,nan,nan,-0.6989351990792647,45.23997523858686,5.843183682521004,1.1305054576643871,0.23526267602084822,mr_webots_overtaking_large_ship.wbt,ekf_on_cluster_on,1,1,5.0
1782771902.974679,47.44673156738281,-200.0,199.94645868244433,0.2,6.130792213235201,6.0317869323538815,1.3934689509116875,0.031993324496970045,6.021871571742902,1782771902.9922066,None,None,None, None, 1782771902.9160976,1.025258725214242,track,none,0.0,nan,nan,-0.6989351990792647,45.23997523858686,5.843183682521004,1.1305054576643871,0.23526267602084822,mr_webots_overtaking_large_ship.wbt,ekf_on_cluster_on,1,1,5.0
1782771903.0725121,47.544564723968506,-200.0,-200.0,0.2,6.137272263548611,5.683508651120176,1.4778246788597864,0.018345075602737206,6.0244405753132435,1782771903.0531344,5.6779988766945815,1.4790754520584173,6.140213832915182, 1782771903.019209, 1782771903.062369,0.9875992487903252,apf_colreg,overtaking,1.0,0.3995931223862312,0.0,17.577382855153285,-10.482879400242751,5.9807365005857225,1.109286375188602,0.2289948546085633,mr_webots_overtaking_large_ship.wbt,ekf_on_cluster_on,1,1,5.0
1782771903.1721513,47.644203901290894,200.0,200.0,0.2,6.150746085585218,5.708553288406801,1.4744205232828227,0.018848151257079844,6.025759005449356,1782771903.1230845,None,None,None, None, 1782771903.1366165,0.9805371476370165,apf_colreg,crossing_from_starboard,1.0,0.34291245953785654,0.0,5.910927661656951,20.837301650136947,5.611540901211362,1.1969927007788344,0.227837036023238,mr_webots_overtaking_large_ship.wbt,ekf_on_cluster_on,1,1,5.0
1782771903.2722282,47.74428081512451,200.0,200.0,0.2,6.158756327922413,5.737139913825645,1.4705608810789128,0.09667776089814645,6.039304551112763,1782771903.2631948,None,None,None, None, 1782771903.2070525,1.031998230637026,apf_colreg,crossing_from_starboard,1.0,0.3144329962908189,2.6892120936519546,6.303136660202936,20.619117626934276,5.641280172681503,1.1908159390613242,0.22840885674300002,mr_webots_overtaking_large_ship.wbt,ekf_on_cluster_on,1,1,5.0
1782771903.3721495,47.84420204162598,-200.0,-200.0,0.2,6.167105267940644,5.768085553161428,1.466522854703328,0.12530563812309858,6.048713474017761,1782771903.3382826,None,None,None, None, 1782771903.2928553,0.9530925967220557,apf_avoid,crossing_from_starboard,0.0,0.29337864080336895,0.012802071740789484,12.17469359533774,-4.686267156167479,5.66807534244214,1.1880287871008262,0.2276279251106418,mr_webots_overtaking_large_ship.wbt,ekf_on_cluster_on,1,1,5.0
1782771903.4723196,47.94437217712402,-200.0,-200.0,0.2,6.185964478548474,5.800591951924019,1.4630792025885,0.08515556178428287,6.055146354084583,1782771903.4138253,None,None,None, None, 1782771903.4567783,1.0860115317640915,apf_avoid,crossing_from_starboard,0.0,0.2932093436633297,0.0,12.079809035353923,-4.870469223741367,5.698790305238278,1.1843952470141788,0.2262671469857837,mr_webots_overtaking_large_ship.wbt,ekf_on_cluster_on,1,1,5.0
1782771903.5716658,48.043718338012695,-200.0,-200.0,0.2,6.192116564947451,5.83406645107117,1.4604003386845776,-0.08312255864901241,6.043398325472575,1782771903.555159,None,None,None, None, 1782771903.5306482,0.9903606256643532,apf_avoid,crossing_from_starboard,0.0,0.294589569355372,0.0,12.046449970322657,-4.910011696218337,5.738866584716542,1.1776225381511614,0.2267096144659826,mr_webots_overtaking_large_ship.wbt,ekf_on_cluster_on,1,1,5.0
1782771903.6743443,48.14639687538147,-200.0,-200.0,0.2,6.19556900425128,5.868068371755941,1.457781011972363,-0.08003969429482666,6.036826042930989,1782771903.637272,None,None,None, None, 1782771903.6062286,0.9080121682944593,apf_avoid,crossing_from_starboard,0.0,0.2956428251635471,0.11162254379520578,12.026447065124152,-4.917651357269966,5.794350343381445,1.1715255779224736,0.2276321194249682,mr_webots_overtaking_large_ship.wbt,ekf_on_cluster_on,1,1,5.0
1782771903.772212,48.24426460266113,-200.0,-200.0,0.2,6.195726832833812,5.90237551924198,1.4552031630105111,-0.09599169615482389,6.028607446941983,1782771903.7228897,None,None,None, None, 1782771903.7907352,1.0574843777201788,apf_avoid,crossing_from_starboard,0.0,0.29636447690613216,0.2761475473420835,12.022743592798431,-4.886165461455526,5.820518821978265,1.1666160182166252,0.23055227546352908,mr_webots_overtaking_large_ship.wbt,ekf_on_cluster_on,1,1,5.0
1782771903.8726451,48.34469771385193,-200.0,-200.0,0.2,6.1912676097241555,5.9368518879697305,1.4525666690406938,-0.12477287272338743,6.0179563225436326,1782771903.884653,None,None,None, None, 1782771903.8666253,0.9346831876188935,apf_avoid,crossing_from_starboard,0.0,0.29652823386788785,0.23198874233657657,12.041266497044907,-4.798375229672782,5.873579739480953,1.1565083683612565,0.2352796354899706,mr_webots_overtaking_large_ship.wbt,ekf_on_cluster_on,1,1,5.0
1782771903.9817176,48.45377016067505,-200.0,-200.0,0.2,6.184252187745096,5.9714094611142,1.4497008615184124,-0.1319901386441651,5.996116936502728,1782771903.973716,None,None,None, None, 1782771903.9777157,0.9619588203772063,apf_avoid,crossing_from_starboard,0.0,0.30316432681907257,1.1639048019720875,12.070952743896825,-4.676709956190098,5.8974296352043085,1.1509401430275776,0.23899310434747745,mr_webots_overtaking_large_ship.wbt,ekf_on_cluster_on,1,1,5.0
1782771904.0722566,48.54430913925171,200.0,200.0,0.2,6.14662241246853,5.789091908255946,1.4820123915186265,-0.1720030290755277,5.982179590647325,1782771904.0547457,5.786227216600532,1.4824808588725455,6.098738894853598, 1782771904.021232, 1782771904.0587502,1.0069982792750751,apf_colreg,crossing_from_starboard,1.0,0.32499941439089713,0.0,7.739821119315991,20.596711555739514,5.8974296352043085,1.1509401430275776,0.23899310434747745,mr_webots_overtaking_large_ship.wbt,ekf_on_cluster_on,1,1,5.0
1782771904.17211,48.64416265487671,200.0,200.0,0.2,6.129585087426545,5.805184810253531,1.4796167612908704,-0.053131563102189944,5.978046244506734,1782771904.1325402,None,None,None, None, 1782771904.1380596,0.995709116718756,apf_colreg,crossing_from_starboard,1.0,0.3134722230035027,0.0,2.640801647452216,20.637986688761178,5.7120958157305814,1.178961150751082,0.24475676585267223,mr_webots_overtaking_large_ship.wbt,ekf_on_cluster_on,1,1,5.0
1782771904.2732887,48.745341300964355,-200.0,-200.0,0.2,6.116265563046032,5.826980082196103,1.4758747316784917,0.029306208127861732,5.980673997759135,1782771904.2222056,None,None,None, None, 1782771904.2350378,1.075970556446198,apf_avoid,crossing_from_starboard,0.0,0.315828760363184,0.0,12.417308050960486,-4.1814056547786445,5.726466130708148,1.174510191036415,0.24791113147822696,mr_webots_overtaking_large_ship.wbt,ekf_on_cluster_on,1,1,5.0
1782771904.3734083,48.84546089172363,-200.0,-200.0,0.2,6.124159221813577,5.853185049089323,1.4714790637195172,0.06780519532700532,5.9865177708935535,1782771904.3829184,None,None,None, None, 1782771904.3922694,1.0524871646569371,apf_colreg,static_obstacle,1.0,0.31688645862978226,0.0,17.9619485781404,-10.453149375886266,5.745969207063897,1.1705799972162998,0.2498200352517752,mr_webots_overtaking_large_ship.wbt,ekf_on_cluster_on,1,1,5.0
1782771904.471929,48.943981647491455,-200.0,-200.0,0.2,6.131267323340268,5.882577256988608,1.4671091738145372,-0.02954254844735491,5.9843160244663025,1782771904.489938,None,None,None, None, 1782771904.492446,1.0372840339534628,apf_colreg,static_obstacle,1.0,0.32126107442962865,0.0,17.879123453252475,-10.530305854357447,5.769178155340081,1.1626619009719281,0.251247823015579,mr_webots_overtaking_large_ship.wbt,ekf_on_cluster_on,1,1,5.0
1782771904.57191,49.043962478637695,-200.0,-200.0,0.2,6.124275005885058,5.914031824675806,1.4627175045845608,-0.16800172358872545,5.954169350968948,1782771904.562361,None,None,None, None, 1782771904.562361,1.0884128302879288,apf_colreg,static_obstacle,1.0,0.32163724026454793,0.0,17.9494892164939,-10.34194979700906,5.806043515795986,1.1558494208443852,0.25295374012582555,mr_webots_overtaking_large_ship.wbt,ekf_on_cluster_on,1,1,5.0
1782771904.6722205,49.14427304267883,-200.0,-200.0,0.2,6.115817771196127,5.946670794261459,1.4577717679481939,-0.14188921930501333,5.9425618678903795,1782771904.6441677,None,None,None, None, 1782771904.6441677,0.9508293829776086,apf_colreg,static_obstacle,1.0,0.32504317422438855,0.0,18.030404059462334,-10.12466775899815,5.8363087901139945,1.1483228003000732,0.25537636215594756,mr_webots_overtaking_large_ship.wbt,ekf_on_cluster_on,1,1,5.0
1782771904.7723255,49.244378089904785,-200.0,-200.0,0.2,6.108892024110548,5.979995821005668,1.4523844689424914,-0.11612360051576501,5.9322724678761505,1782771904.732775,None,None,None, None, 1782771904.7235892,1.002067504576028,apf_avoid,crossing_from_starboard,0.0,0.3289743205462945,0.0,12.39484650468635,-3.788986504777834,5.866566337069639,1.1401392652890354,0.25772466955585316,mr_webots_overtaking_large_ship.wbt,ekf_on_cluster_on,1,1,5.0
1782771904.8716788,49.34373140335083,-200.0,-186.1029845368111,0.2,6.102252897674126,6.013715795702542,1.4467031622192064,-0.11520987838341108,5.923312870922525,1782771904.8105426,None,None,None, None, 1782771904.804531,0.9834967880884344,apf_avoid,crossing_from_starboard,0.0,0.3301323926030973,0.0,12.40643837979371,-3.6339612802661585,5.9096047190998195,1.1309798991973319,0.26089654147813757,mr_webots_overtaking_large_ship.wbt,ekf_on_cluster_on,1,1,5.0
1782771904.974914,49.44696664810181,-200.0,-151.06919243292987,0.2,6.085378465908794,6.048381457265455,1.4406224873141658,-0.20451407549192835,5.903645299158522,1782771904.90671,None,None,None, None, 1782771904.9759154,0.927676589214077,apf_avoid,crossing_from_starboard,0.0,0.3369895337034048,0.0,12.450455579994454,-3.3465949336354854,5.940240216517084,1.119006390748798,0.26579122388547993,mr_webots_overtaking_large_ship.wbt,ekf_on_cluster_on,1,1,5.0
1782771905.0728505,49.54490303993225,200.0,200.0,0.2,6.051739920745395,5.871997239379098,1.4989736928081359,-0.1352277142735269,5.883710264738875,1782771905.0541282,5.8691819688082685,1.4998401900577611,6.011580492234439, 1782771905.030605, 1782771905.0481231,0.9492811002976022,apf_colreg,crossing_from_starboard,1.0,0.34224341677764836,0.0,6.633796954033484,20.484942121767467,5.96919919592303,1.1089283364416733,0.2696949479009232,mr_webots_overtaking_large_ship.wbt,ekf_on_cluster_on,1,1,5.0
1782771905.1729963,49.64504885673523,-200.0,-142.40346350035315,0.2,6.033064470007714,5.889774186661183,1.4945529253949124,-0.058268215028284887,5.878447987141636,1782771905.1444395,None,None,None, None, 1782771905.1309266,0.964999509871547,apf_avoid,crossing_from_starboard,0.0,0.3472080319279696,0.0,12.781952390197775,-3.3702599041518986,5.7722805591178385,1.1684031612829673,0.27420334434110666,mr_webots_overtaking_large_ship.wbt,ekf_on_cluster_on,1,1,5.0
1782771905.2726653,49.744717836380005,-200.0,-123.136952277303,0.2,6.02885914150483,5.915471715639265,1.4879422542283827,-0.025282915010305447,5.876079504150672,1782771905.2381186,None,None,None, None, 1782771905.2381186,0.93711861591958,apf_avoid,crossing_from_starboard,0.0,0.3472080319279696,0.0,12.774390767533378,-3.2333036144703997,5.7722805591178385,1.1684031612829673,0.27420334434110666,mr_webots_overtaking_large_ship.wbt,ekf_on_cluster_on,1,1,5.0
1782771905.3719926,49.84404516220093,-200.0,-99.15411863732785,0.2,6.024776389301496,5.947791381861534,1.4797137740273731,-0.08257606202494779,5.868636108995237,1782771905.3282585,None,None,None, None, 1782771905.3739963,1.0827185155515882,apf_avoid,crossing_from_starboard,0.0,0.3520242632452631,0.0,12.760149584962072,-3.077703545335408,5.816820502452468,1.1524378669049535,0.2789975128922106,mr_webots_overtaking_large_ship.wbt,ekf_on_cluster_on,1,1,5.0
1782771905.4721522,49.944204807281494,-200.0,-200.0,0.2,6.016560445024938,5.985162530834411,1.4700723980040489,-0.12396236865430835,5.85988181997735,1782771905.4745152,None,None,None, None, 1782771905.4509423,0.9740510507199434,apf_colreg,static_obstacle,1.0,0.352284577564052,0.0,18.973298703306124,-8.47147330445025,5.862534327064037,1.1396512404204027,0.28100538356514376,mr_webots_overtaking_large_ship.wbt,ekf_on_cluster_on,1,1,5.0
1782771905.5729268,50.04497933387756,-200.0,-200.0,0.2,6.012161743834673,6.020748382952493,1.460598568467133,-0.09081582524810884,5.844532676173018,1782771905.567893,None,None,None, None, 1782771905.5298579,0.9644900803063942,apf_colreg,static_obstacle,1.0,0.3586383880401023,0.0,18.977321919794452,-8.277405544528849,5.894003524051077,1.1250621639770846,0.28460601787294565,mr_webots_overtaking_large_ship.wbt,ekf_on_cluster_on,1,1,5.0
1782771905.6724524,50.1445050239563,-200.0,7.107467721495844,0.2,6.008711602701703,6.055415868529016,1.451265795355932,-0.09358611503632913,5.836701911262156,1782771905.6515675,None,None,None, None, 1782771905.6069705,0.9789625805011061,apf_avoid,crossing_from_starboard,0.0,0.36303963729343985,0.0,12.707706429406585,-2.5163456749536537,5.930280172147823,1.1104065022669947,0.2883668546324159,mr_webots_overtaking_large_ship.wbt,ekf_on_cluster_on,1,1,5.0
1782771905.7729433,50.24499583244324,-200.0,30.99748663207163,0.2,6.001663869910172,6.0971157421059985,1.4397902308923283,-0.10818915194711948,5.827524994387346,1782771905.7363904,None,None,None, None, 1782771905.7714274,1.0477514272296518,apf_avoid,crossing_from_starboard,0.0,0.3666073181822209,0.0,12.683679750282813,-2.2834137967291506,5.968753515211154,1.0959028958711756,0.29325270751764276,mr_webots_overtaking_large_ship.wbt,ekf_on_cluster_on,1,1,5.0
1782771905.8732204,50.3452730178833,-200.0,56.473329597530295,0.2,5.993990234224594,6.143368646388852,1.4266038076631133,-0.09689223883242234,5.8205884379673325,1782771905.8079808,None,None,None, None, 1782771905.8567739,1.0310646906826382,apf_avoid,crossing_from_starboard,0.0,0.3702623712253141,0.0,12.651941534306044,-2.021712661320146,6.014931184464358,1.0791426923028242,0.29646571754562817,mr_webots_overtaking_large_ship.wbt,ekf_on_cluster_on,1,1,5.0
1782771905.9722908,50.44434332847595,200.0,200.0,0.2,5.982545653259339,6.192868646993752,1.4120156999722457,-0.12079283517354407,5.8008666785718095,1782771905.97125,None,None,None, None, 1782771905.9340265,0.9853729664075438,apf_colreg,crossing_from_starboard,1.0,0.3741266837197845,0.0,5.999191625515779,21.57060953915587,6.061380587175467,1.0616397989531394,0.30011857895836164,mr_webots_overtaking_large_ship.wbt,ekf_on_cluster_on,1,1,5.0
1782771906.0888188,50.56087136268616,200.0,200.0,0.2,5.95217641194281,5.972063620264234,1.5130027906873391,-0.003924627741365218,5.800563177310175,1782771906.0485826,5.974260546400965,1.5144474851173042,5.915355502138925, 1782771906.0958169, 1782771906.0144298,1.0346392641181303,apf_colreg,crossing_from_starboard,1.0,0.3741266837197845,0.0,5.3604282996472845,21.49931773077385,5.846413603380505,1.1565418841352582,0.30266969222614126,mr_webots_overtaking_large_ship.wbt,ekf_on_cluster_on,1,1,5.0
1782771906.1764169,50.6484694480896,-200.0,33.89159619871784,0.2,5.940231209908599,5.987595215217335,1.5074060650042924,0.04585368663186819,5.803899157466753,1782771906.1213353,None,None,None, None, 1782771906.108335,0.9935570035566098,apf_avoid,crossing_from_starboard,0.0,0.37794130182220803,0.0,13.095525160879205,-2.3282215020290153,5.861057495104554,1.1536944988414137,0.3024164451199935,mr_webots_overtaking_large_ship.wbt,ekf_on_cluster_on,1,1,5.0
1782771906.2733774,50.74542999267578,-200.0,38.80049747645717,0.2,5.945532115306299,6.017098814858201,1.4968346185053498,0.06335949474174317,5.809449282580017,1782771906.2089326,None,None,None, None, 1782771906.2968955,1.0538331139531663,apf_avoid,crossing_from_starboard,0.0,0.37616752386367147,0.0,13.03747299755373,-2.2679377603061592,5.861057495104554,1.1536944988414137,0.3024164451199935,mr_webots_overtaking_large_ship.wbt,ekf_on_cluster_on,1,1,5.0
1782771906.4345999,50.90665245056152,-200.0,-200.0,0.2,5.951685001018217,6.056911163959659,1.4831619960024796,-0.00239448160135234,5.809200335056923,1782771906.3128998,None,None,None, None, 1782771906.2968955,1.0538331139531663,apf_colreg,static_obstacle,1.0,0.3764088906224057,0.0,19.49612991896116,-7.45606918814052,5.889936056190444,1.1432605841461598,0.30195666323409576,mr_webots_overtaking_large_ship.wbt,ekf_on_cluster_on,1,1,5.0
1782771906.512303,50.98435568809509,-200.0,-200.0,0.2,5.954633707005552,6.093541444581166,1.4710373768303295,-0.07098356446653092,5.798111471669707,1782771906.4691172,None,None,None, None, 1782771906.467118,0.9751946617114002,apf_colreg,static_obstacle,1.0,0.3772347820654107,0.0,19.423400024889197,-7.368280578651619,5.938361489977552,1.1265522921616595,0.3019447121626044,mr_webots_overtaking_large_ship.wbt,ekf_on_cluster_on,1,1,5.0
1782771906.6063406,51.07839322090149,-200.0,-200.0,0.2,5.955569339915843,6.128554729230769,1.4595581105607225,-0.08516722794557825,5.788555402260615,1782771906.5813208,None,None,None, None, 1782771906.5783234,0.9954836938112624,apf_colreg,static_obstacle,1.0,0.3772347820654107,0.0,19.37618893330257,-7.2366933241027676,5.938361489977552,1.1265522921616595,0.3019447121626044,mr_webots_overtaking_large_ship.wbt,ekf_on_cluster_on,1,1,5.0
1782771906.6749578,51.1470103263855,-200.0,-200.0,0.2,5.947689226624232,6.162699310921624,1.4483750503734414,-0.1568985822465606,5.7757540567867665,1782771906.6629107,None,None,None, None, 1782771906.6639106,0.9073076785845959,apf_colreg,static_obstacle,1.0,0.3772347820654107,0.0,19.391794682216588,-6.942599659563228,5.938361489977552,1.1265522921616595,0.3019447121626044,mr_webots_overtaking_large_ship.wbt,ekf_on_cluster_on,1,1,5.0
1782771906.772063,51.244115591049194,200.0,200.0,0.2,5.940754976323021,6.1962364681499285,1.4369763171859788,-0.12211914055682682,5.766579509528933,1782771906.7380385,None,None,None, None, 1782771906.73904,1.036846960327772,apf_colreg,crossing_from_starboard,1.0,0.38306791874003887,0.0,2.40190572758285,21.62043925559341,6.044828564977861,1.084183660437545,0.30946948722526235,mr_webots_overtaking_large_ship.wbt,ekf_on_cluster_on,1,1,5.0
1782771906.8721752,51.34422779083252,200.0,200.0,0.2,5.925337333710984,6.229228643909911,1.4248776132303662,-0.06675426846302766,5.76134152545418,1782771906.8165052,None,None,None, None, 1782771906.8260126,0.9918161005045485,apf_colreg,crossing_from_starboard,1.0,0.38768839340400624,0.0,2.8697357434037865,21.704055741182998,6.075148940631862,1.0689774889272556,0.3135898714085051,mr_webots_overtaking_large_ship.wbt,ekf_on_cluster_on,1,1,5.0
1782771906.9763107,51.448363304138184,200.0,200.0,0.2,5.920394118529783,6.26178820482649,1.4121109925933897,0.07733176846210445,5.772033204266397,1782771906.9547625,None,None,None, None, 1782771906.8997064,1.0350207168305823,apf_colreg,crossing_from_starboard,1.0,0.3878624096558319,0.0,3.1541222672638454,21.779552500178735,6.106851291140521,1.0570665361912854,0.3158292994392722,mr_webots_overtaking_large_ship.wbt,ekf_on_cluster_on,1,1,5.0
1782771907.0728474,51.54489994049072,200.0,200.0,0.2,5.911880532323172,6.076607228425884,1.5119402014073886,0.14108913499247144,5.782721731267474,1782771907.0305197,6.073732987787797,1.5134280298402363,5.887342132639066, 1782771907.038028, 1782771907.0788484,0.9175662977025368,apf_colreg,crossing_from_starboard,1.0,0.38891756454659493,0.0,3.363572805222295,21.599394025397,6.132220649368195,1.0457179522194677,0.3162634046030599,mr_webots_overtaking_large_ship.wbt,ekf_on_cluster_on,1,1,5.0
1782771907.172403,51.644455671310425,-200.0,68.23889211578431,0.2,5.913729777998602,6.089504376963901,1.5067709163725675,0.13793959161764152,5.802154412716549,1782771907.171398,None,None,None, None, 1782771907.1495855,1.0927198242253016,apf_avoid,crossing_from_starboard,0.0,0.3910861153680065,0.0,13.149639106044335,-1.9726946304215836,5.9233682330085164,1.153715185332174,0.3155846414426003,mr_webots_overtaking_large_ship.wbt,ekf_on_cluster_on,1,1,5.0
1782771907.2722118,51.744264364242554,-200.0,67.19751323436742,0.2,5.924123258248659,6.118736703373027,1.4956031495237814,0.05849458037832044,5.806974231564522,1782771907.2537956,None,None,None, None, 1782771907.2112243,0.9634426169519963,apf_avoid,crossing_from_starboard,0.0,0.38804632182397975,0.0,13.077410029221356,-1.9733338173872808,5.939624267899755,1.1505169211390531,0.31450911343580945,mr_webots_overtaking_large_ship.wbt,ekf_on_cluster_on,1,1,5.0
1782771907.372129,51.844181537628174,-200.0,-200.0,0.2,5.932800037772744,6.159848185545023,1.4805953931366425,0.002004358534790114,5.8071411183981105,1782771907.3370576,None,None,None, None, 1782771907.3390567,1.0339382538358708,apf_colreg,static_obstacle,1.0,0.3881840869281114,0.0,19.55615215115536,-7.153460507230906,5.973231218404326,1.1375632606999135,0.3136488599035955,mr_webots_overtaking_large_ship.wbt,ekf_on_cluster_on,1,1,5.0
1782771907.4717512,51.943803787231445,-200.0,-200.0,0.2,5.9383627336638,6.197007472734345,1.4675683579869974,-0.058260177610183504,5.802612474922085,1782771907.478802,None,None,None, None, 1782771907.4232955,0.9268570715482808,apf_colreg,static_obstacle,1.0,0.38328950267897755,0.12735275042771346,19.458770377546156,-7.091349764118695,6.028991211760179,1.121081482735973,0.3134439276209889,mr_webots_overtaking_large_ship.wbt,ekf_on_cluster_on,1,1,5.0
1782771907.5724404,52.044492959976196,-200.0,-200.0,0.2,5.932810845227982,6.232238423422384,1.4554280801491306,-0.15329776660732253,5.78245513350133,1782771907.5462804,None,None,None, None, 1782771907.5692933,0.9548302467548717,apf_colreg,static_obstacle,1.0,0.3809045218063013,0.2940459811895673,19.442973212211147,-6.828342898652784,6.072993713765278,1.1060096005505413,0.3139906876438351,mr_webots_overtaking_large_ship.wbt,ekf_on_cluster_on,1,1,5.0
1782771907.6720288,52.144081354141235,-200.0,116.59673705082028,0.2,5.926026322265112,6.266304711846993,1.4433250100211614,-0.13072631149581704,5.770405154333344,1782771907.6384575,None,None,None, None, 1782771907.6699858,0.9888168227440096,apf_avoid,crossing_from_starboard,0.0,0.3833099104681747,0.4097276095954533,12.83602782256238,-1.3614894934000743,6.09941051820643,1.0936618919643082,0.3143637215605693,mr_webots_overtaking_large_ship.wbt,ekf_on_cluster_on,1,1,5.0
1782771907.7720182,52.24407076835632,-200.0,140.1055517477738,0.2,5.917694051855472,6.313365202946697,1.4258948088861327,-0.09270067345839282,5.762885937433799,1782771907.7195704,None,None,None, None, 1782771907.7502701,0.9204269269045138,apf_avoid,crossing_from_starboard,0.0,0.38066726774762816,0.26156856410809476,12.7659403647404,-1.0428644282944932,6.14530897370812,1.080136369957616,0.3156401824616021,mr_webots_overtaking_large_ship.wbt,ekf_on_cluster_on,1,1,5.0
1782771907.8743124,52.346364974975586,200.0,200.0,0.2,5.909106071887104,6.368177577956814,1.404903465507246,-0.07397987656635802,5.751784539349311,1782771907.86963,None,None,None, None, 1782771907.830609,0.9803509609014782,apf_colreg,crossing_from_starboard,1.0,0.3831471598960998,0.233659734041279,-0.7429138683837682,21.36945582233932,6.197664249719471,1.0581347797331078,0.3192044668460464,mr_webots_overtaking_large_ship.wbt,ekf_on_cluster_on,1,1,5.0
1782771907.9717817,52.44383430480957,-200.0,184.55766420426986,0.2,5.897389330579575,6.4096774522519135,1.388062324459272,-0.016041393036095444,5.750691684874649,1782771907.9377573,None,None,None, None, 1782771907.9757864,0.9918448406698672,apf_avoid,crossing_from_starboard,0.0,0.37722572080763084,1.0839911345829152,12.5994113687648,-0.327785441989612,6.24746957195355,1.036560898251934,0.3213177661467116,mr_webots_overtaking_large_ship.wbt,ekf_on_cluster_on,1,1,5.0
1782771908.0719163,52.54396891593933,-200.0,114.82863522731024,0.2,5.883433167311022,6.187082423907556,1.493641965324736,0.034983677291493376,5.753528160025527,1782771908.0188372,6.183400057772276,1.4953432573589478,5.859147141266458, 1782771908.043363, 1782771908.0573723,0.9120962830587112,apf_avoid,crossing_from_starboard,0.0,0.3692629093932975,2.3262411120718944,13.136935920391902,-1.4162409828947744,6.280156898667759,1.02546120958695,0.3219295848274074,mr_webots_overtaking_large_ship.wbt,ekf_on_cluster_on,1,1,5.0
1782771908.1725824,52.64463496208191,-200.0,129.74758230614486,0.2,5.883098613814225,6.227006401467744,1.476825005957572,-0.016547647613645883,5.751207743565666,1782771908.1590636,None,None,None, None, 1782771908.142061,0.9685960397535486,apf_avoid,crossing_from_starboard,0.0,0.3810044526636174,0.6694714032475961,13.052256715363065,-1.210490488210418,6.038810497708975,1.1394812329216477,0.32229066280462754,mr_webots_overtaking_large_ship.wbt,ekf_on_cluster_on,1,1,5.0
1782771908.2718549,52.74390745162964,-200.0,147.81150923301274,0.2,5.882353905423282,6.277623061796912,1.4555654090252368,-0.031408465952338566,5.748294987978578,1782771908.2518015,None,None,None, None, 1782771908.2412317,0.9627872510473652,apf_avoid,crossing_from_starboard,0.0,0.38402540725473594,0.2023805478339736,12.945317554675874,-0.9463015849911094,6.090648768441224,1.117628021014097,0.3235056433130375,mr_webots_overtaking_large_ship.wbt,ekf_on_cluster_on,1,1,5.0
1782771908.3725135,52.844566106796265,-200.0,167.87533815326273,0.2,5.87958407415732,6.3338612821557785,1.4318645072895215,-0.043463722829584474,5.74365789824679,1782771908.3584902,None,None,None, None, 1782771908.328972,1.0843949954854324,apf_avoid,crossing_from_starboard,0.0,0.3841819727780869,0.16329797539932125,12.826883420251713,-0.6270858969923583,6.183944352818722,1.079400619829064,0.3256485584049718,mr_webots_overtaking_large_ship.wbt,ekf_on_cluster_on,1,1,5.0
1782771908.472834,52.944886684417725,-200.0,195.654507452364,0.2,5.8628636611963625,6.393351661801844,1.4064972409941703,-0.15710685672120026,5.7319070147733235,1782771908.4332857,None,None,None, None, 1782771908.4112184,1.0808668641583281,apf_avoid,crossing_from_starboard,0.0,0.38179568711389616,0.1490877393009818,12.701009259632638,-0.11146729963731339,6.183944352818722,1.079400619829064,0.3256485584049718,mr_webots_overtaking_large_ship.wbt,ekf_on_cluster_on,1,1,5.0
1782771908.572867,53.04491949081421,-181.8267540973794,200.0,0.2,5.850739705377543,6.455604144001583,1.3782309827019974,-0.06189439074279654,5.727333640049928,1782771908.5809543,None,None,None, None, 1782771908.5488026,1.0218824437333558,apf_avoid,crossing_from_starboard,0.0,0.38425058217872465,0.1209832536940112,12.547426892844982,0.37615775853623523,6.2342645887221275,1.0560956977464353,0.3283843136732589,mr_webots_overtaking_large_ship.wbt,ekf_on_cluster_on,1,1,5.0
1782771908.6722145,53.144267082214355,-153.29777501051583,200.0,0.2,5.841694291514914,6.516729954786066,1.3495424133024976,-0.030788204218541323,5.72285636571653,1782771908.6525974,None,None,None, None, 1782771908.619987,0.9558393541298991,apf_avoid,crossing_from_starboard,0.0,0.3852321224628777,0.14750733293177545,12.384153472952722,0.8268286631475905,6.289132674986222,1.030094786185961,0.33042682426927805,mr_webots_overtaking_large_ship.wbt,ekf_on_cluster_on,1,1,5.0
1782771908.7793796,53.25143218040466,-119.28451255612593,200.0,0.2,5.83285943278686,6.5749132505921395,1.3215876405049736,-0.02884675960680396,5.720802685819787,1782771908.7237902,None,None,None, None, 1782771908.7873719,0.9864986792705269,apf_avoid,crossing_from_starboard,0.0,0.3847134209498968,0.24382459755611283,12.218186992408825,1.263389012676058,6.345340155274875,1.0034921466639066,0.3321010893674162,mr_webots_overtaking_large_ship.wbt,ekf_on_cluster_on,1,1,5.0
1782771908.8720086,53.34406113624573,-82.84588650116604,200.0,0.2,5.826400329677016,6.629640704559468,1.294624840617411,2.0033943833876495e-05,5.720804501005232,1782771908.8143957,None,None,None, None, 1782771908.863478,1.0620330624127197,apf_avoid,crossing_from_starboard,0.0,0.38021142812074,0.5649734100507467,12.055171307355305,1.6568604027227396,6.3995327614824,0.9787181936887784,0.3337227084893903,mr_webots_overtaking_large_ship.wbt,ekf_on_cluster_on,1,1,5.0
1782771908.9743583,53.44641089439392,-49.75479773659809,200.0,0.2,5.82554996371889,6.681015555812539,1.2688744484177303,0.052411912070821805,5.724978518572176,1782771908.9763575,None,None,None, None, 1782771908.9377637,0.9009011072785827,apf_avoid,crossing_from_starboard,0.0,0.3591273175103669,2.0660999365865975,11.905853831657387,1.9674198337484643,6.455804370007371,0.9536728838256173,0.3344310514664565,mr_webots_overtaking_large_ship.wbt,ekf_on_cluster_on,1,1,5.0
1782771909.0726986,53.54475116729736,-200.0,182.67185523347325,0.2,5.839243548353913,6.344542761949449,1.4543264334442159,0.1448737838856869,5.735157737515883,1782771909.0466201,6.339456105741974,1.457097684827484,5.845111548082287, 1782771909.044615, 1782771909.0255685,0.9067122413728987,apf_avoid,crossing_from_starboard,0.0,0.380300809938198,0.17743795495067943,12.967154866833251,-0.3729725631741796,6.501093181817083,0.9320269783732861,0.3343862944324252,mr_webots_overtaking_large_ship.wbt,ekf_on_cluster_on,1,1,5.0
1782771909.1733515,53.64540410041809,-200.0,184.95482982253282,0.2,5.848181114235054,6.373494487944689,1.440663155620399,0.062168237926581014,5.741043030297675,1782771909.1412873,None,None,None, None, 1782771909.1217668,0.9815079326670991,apf_avoid,crossing_from_starboard,0.0,0.37704887881658955,0.6439100865936951,12.888450847601954,-0.3277706131625737,6.501093181817083,0.9320269783732861,0.3343862944324252,mr_webots_overtaking_large_ship.wbt,ekf_on_cluster_on,1,1,5.0
1782771909.272504,53.74455666542053,-200.0,192.96445845049516,0.2,5.8565331550039845,6.42276943129302,1.4180472443562167,0.03649321156478051,5.744137402500212,1782771909.2260804,None,None,None, None, 1782771909.2659793,1.0245056247769464,apf_avoid,crossing_from_starboard,0.0,0.3783205084235845,0.36421980001612286,12.763596302604734,-0.16775181957694807,6.1878432369985825,1.1108060744030612,0.3335628551718885,mr_webots_overtaking_large_ship.wbt,ekf_on_cluster_on,1,1,5.0
1782771909.3736403,53.8456928730011,-196.62082235577768,200.0,0.2,5.861195886619424,6.482394108210388,1.3912502137346898,0.006230472999724887,5.744626952354553,1782771909.3791502,None,None,None, None, 1782771909.3450825,1.0131080068419367,apf_avoid,crossing_from_starboard,0.0,0.3766511473976168,0.046182447398164246,12.619994852169153,0.09053871294414906,6.24858273222272,1.085973172140852,0.3345015814827259,mr_webots_overtaking_large_ship.wbt,ekf_on_cluster_on,1,1,5.0
1782771909.4722872,53.944339752197266,-179.36373180334851,200.0,0.2,5.861569357200838,6.545066392740158,1.3632928441002026,-0.016361456946219738,5.743408084852956,1782771909.4796333,None,None,None, None, 1782771909.4332595,0.9259392929553033,apf_avoid,crossing_from_starboard,0.0,0.37622981453496473,0.01625970904877846,12.471292886626195,0.4174439400241483,6.310684214768871,1.058709595355514,0.33588133313901286,mr_webots_overtaking_large_ship.wbt,ekf_on_cluster_on,1,1,5.0
1782771909.573703,54.04575562477112,-155.3092310862035,200.0,0.2,5.857588870446737,6.606485178006601,1.3357310030382052,-0.034170274354587235,5.739974547055348,1782771909.4796333,None,None,None, None, 1782771909.5197513,0.9891960058874656,apf_avoid,crossing_from_starboard,0.0,0.37677492295597953,0.01640407876307578,12.321601635871152,0.7934229065717813,6.374867310944792,1.0297469895287346,0.33752390172236335,mr_webots_overtaking_large_ship.wbt,ekf_on_cluster_on,1,1,5.0
1782771909.6727796,54.144832134246826,-123.45635909615994,200.0,0.2,5.849772300758832,6.665346413256898,1.3088230398876473,-0.04476114560915714,5.735263804617458,1782771909.584875,None,None,None, None, 1782771909.6073909,1.0428253444761686,apf_avoid,crossing_from_starboard,0.0,0.37841675335840197,0.010398087696281717,12.168116217607775,1.207170219542924,6.429768840162407,1.0044201055350057,0.3394542943565168,mr_webots_overtaking_large_ship.wbt,ekf_on_cluster_on,1,1,5.0
1782771909.7796447,54.251697301864624,-84.44018145532483,200.0,0.2,5.839929759907316,6.720904504114628,1.2826906237539442,-0.038999785599092826,5.73095740224358,1782771909.7951574,None,None,None, None, 1782771909.7891588,1.029885498996367,apf_avoid,crossing_from_starboard,0.0,0.37886654663387065,0.06681501419149752,12.00994477176646,1.6337657969513375,6.484468063809717,0.9792432257812496,0.3407163865650131,mr_webots_overtaking_large_ship.wbt,ekf_on_cluster_on,1,1,5.0
1782771909.8744655,54.34651803970337,-38.547602561028604,200.0,0.2,5.828661929203951,6.772785565718316,1.257501183002319,-0.032495445550878355,5.7277123698429495,1782771909.8884687,None,None,None, None, 1782771909.8641148,1.0184427769530287,apf_avoid,crossing_from_starboard,0.0,0.3785249069351725,0.1291378028372116,11.847006441974118,2.0632008086143516,6.484468063809717,0.9792432257812496,0.3407163865650131,mr_webots_overtaking_large_ship.wbt,ekf_on_cluster_on,1,1,5.0
1782771909.972595,54.444647550582886,28.40575128200464,200.0,0.2,5.818051375154984,6.8209214357880406,1.2333292568272434,-0.010687507368094434,5.726715104531781,1782771909.9745953,None,None,None, None, 1782771909.951559,0.9272358550051558,apf_avoid,crossing_from_starboard,0.0,0.37536616499028974,0.5760029890209958,11.683500491165145,2.469636792408204,6.575465122794349,0.937995777736357,0.3429661499440434,mr_webots_overtaking_large_ship.wbt,ekf_on_cluster_on,1,1,5.0
1782771910.0739572,54.54600977897644,-186.87470526108643,200.0,0.2,5.822642907495094,6.494678656340032,1.4160710568223613,0.04364422615153375,5.7342418767686585,1782771910.0609262,6.489780391008064,1.4187893145597426,5.841892154462064, 1782771910.047912, 1782771910.0429068,1.0212600250729,apf_avoid,crossing_from_starboard,0.0,0.36604199865768017,0.42763494662510726,12.75053355386277,0.28783693785090936,6.622122769961349,0.9175063380350517,0.34345274177804946,mr_webots_overtaking_large_ship.wbt,ekf_on_cluster_on,1,1,5.0
1782771910.172255,54.6443076133728,-175.46840588797798,200.0,0.2,5.818887095161907,6.521487288399339,1.402600094264203,0.019439675787769572,5.736386542366646,1782771910.1712503,None,None,None, None, 1782771910.1362348,0.9451927592573489,apf_avoid,crossing_from_starboard,0.0,0.2952903179398113,7.389629177123689,12.670943505674288,0.49230675738979457,6.277838279632397,1.113624394854532,0.343956141999775,mr_webots_overtaking_large_ship.wbt,ekf_on_cluster_on,1,1,5.0
1782771910.2733178,54.745370388031006,-155.29090732634955,200.0,0.2,5.815462721439672,6.567879763909576,1.379198120979849,-0.005554669375213248,5.735950799940604,1782771910.2496965,None,None,None, None, 1782771910.2143152,1.0786078541189004,apf_avoid,crossing_from_starboard,0.0,0.3723912174411483,0.0,12.532021827018289,0.8072448541011656,6.318458891694498,1.0948987032461206,0.34475155109945427,mr_webots_overtaking_large_ship.wbt,ekf_on_cluster_on,1,1,5.0
1782771910.3726363,54.8446888923645,-200.0,15.757509110354432,0.2,5.809824789294262,6.621996023203334,1.3516285510038726,-0.02257744605417914,5.734078374991184,1782771910.33263,None,None,None, None, 1782771910.3693094,0.9444186269190543,apf_colreg,static_obstacle,1.0,0.3725579447860791,0.0,19.307270397102272,-3.6993211235088266,6.371551957964658,1.0686372317790258,0.34584114441834674,mr_webots_overtaking_large_ship.wbt,ekf_on_cluster_on,1,1,5.0
1782771910.4716403,54.94369292259216,-200.0,38.74884760332982,0.2,5.804492814651409,6.669703095762513,1.3273452207755785,-0.06959945211822692,5.7280986821108,1782771910.4185457,None,None,None, None, 1782771910.4490926,1.0178527245224556,apf_colreg,static_obstacle,1.0,0.37497617965657704,0.0,19.152308928437723,-3.332422412728185,6.421792755260831,1.0416916233831286,0.3471549706771641,mr_webots_overtaking_large_ship.wbt,ekf_on_cluster_on,1,1,5.0
1782771910.5731041,55.045156717300415,-200.0,70.05910003943775,0.2,5.792656404386202,6.716470805567356,1.3032766430860248,-0.1334601155135672,5.708208425050889,1782771910.567581,None,None,None, None, 1782771910.5445778,1.0024353359223772,apf_colreg,static_obstacle,1.0,0.37365133282316393,0.0,19.04065143056868,-2.827142350424849,6.471028785203898,1.0169547355097575,0.3483447905718364,mr_webots_overtaking_large_ship.wbt,ekf_on_cluster_on,1,1,5.0
1782771910.6724582,55.1445107460022,-200.0,101.21926111886162,0.2,5.779931836025489,6.7642376313459955,1.2778025543823759,-0.11796914843388881,5.699821353396953,1782771910.6386764,None,None,None, None, 1782771910.614255,1.0214258003865924,apf_colreg,static_obstacle,1.0,0.37365133282316393,0.0,18.9254898983221,-2.2863866469265948,6.535188779306528,0.9827961679452432,0.34980245272803523,mr_webots_overtaking_large_ship.wbt,ekf_on_cluster_on,1,1,5.0
1782771910.7732177,55.24527025222778,111.40500465117516,200.0,0.2,5.76626778604703,6.814006628421604,1.250333314092515,-0.1127666230626008,5.688900694843072,1782771910.7355194,None,None,None, None, 1782771910.7782218,0.9838086403935973,apf_avoid,crossing_from_starboard,0.0,0.3747749166982531,0.0,11.649254468360889,2.8788980787449296,6.535188779306528,0.9827961679452432,0.34980245272803523,mr_webots_overtaking_large_ship.wbt,ekf_on_cluster_on,1,1,5.0
1782771910.8719497,55.34400224685669,193.4805815384527,200.0,0.2,5.743662879312502,6.855840900477032,1.2258880318384247,-0.10840493794465496,5.681121847391128,1782771910.8072767,None,None,None, None, 1782771910.8689327,0.9989217604348358,apf_avoid,crossing_from_starboard,0.0,0.37392340309209143,0.03044292834400787,11.417950233922454,3.414118561279711,6.5853255488107605,0.9562140180228759,0.3508155118045073,mr_webots_overtaking_large_ship.wbt,ekf_on_cluster_on,1,1,5.0
1782771910.9715214,55.44357395172119,200.0,200.0,0.2,5.718905458789504,6.891207764073654,1.2037921598351242,-0.07392584592781515,5.675305006485017,1782771910.976526,None,None,None, None, 1782771910.94,0.9209142112960267,apf_avoid,crossing_from_starboard,0.0,0.36829289700229745,0.5849149699966888,11.176313597516494,3.9384381009865432,6.62290681466587,0.9373522875578266,0.35143315274472775,mr_webots_overtaking_large_ship.wbt,ekf_on_cluster_on,1,1,5.0
1782771911.0722716,55.54432415962219,-70.05602307296466,200.0,0.2,5.73072247430412,6.626245320183818,1.380943950090052,0.015699148772675187,5.677781028967426,1782771911.0436785,6.622323632695845,1.3835637129888068,5.785583254747775, 1782771911.04973, 1782771911.0155637,0.9248003466365056,apf_avoid,crossing_from_starboard,0.0,0.3570395147775191,0.6474343687894458,12.430639211209238,1.845724881008307,6.650627811452843,0.9211891680032798,0.3517721849330536,mr_webots_overtaking_large_ship.wbt,ekf_on_cluster_on,1,1,5.0
1782771911.1721234,55.64417600631714,-14.341737259794671,200.0,0.2,5.717328389412689,6.639698480470138,1.3723728038610963,0.02935216665921843,5.679726802205233,1782771911.1742437,None,None,None, None, 1782771911.1495516,1.0396230516394178,track,none,0.0,nan,nan,12.430639211209238,1.845724881008307,6.383940480329738,1.1001621750329784,0.351885384070218,mr_webots_overtaking_large_ship.wbt,ekf_on_cluster_on,1,1,5.0
1782771911.2720318,55.74408435821533,-200.0,123.92876233525101,0.2,5.708140806442597,6.664830882442643,1.3559829760008848,0.026949702937186033,5.6831225592016725,1782771911.2359726,None,None,None, None, 1782771911.2202847,1.0551407620676396,apf_colreg,static_obstacle,1.0,0.37483140161396583,0.11670483866159713,19.522754198051462,-1.9274447057875608,6.38775931734825,1.0966370692369043,0.35198081602729175,mr_webots_overtaking_large_ship.wbt,ekf_on_cluster_on,1,1,5.0
1782771911.372998,55.845050573349,-200.0,140.61777119426623,0.2,5.703585199319815,6.704320103235746,1.3302438234510392,-0.0199752789118965,5.680445975344692,1782771911.3699675,None,None,None, None, 1782771911.3554208,1.0705116754603583,apf_colreg,static_obstacle,1.0,0.3729428519550412,0.0,19.36205795637036,-1.570852353230329,6.41592753491389,1.0814236145806118,0.3521421115913466,mr_webots_overtaking_large_ship.wbt,ekf_on_cluster_on,1,1,5.0
1782771911.4716814,55.94373393058777,-200.0,157.65324372202053,0.2,5.700158445181741,6.752445874847993,1.2987408351170677,-0.031329547439313016,5.678043552674957,1782771911.4466498,None,None,None, None, 1782771911.42225,0.9654620465131671,apf_colreg,static_obstacle,1.0,0.3723675273977916,0.0,19.37545469890454,-1.193387868816644,6.458284404379484,1.054808696051569,0.3524615013922877,mr_webots_overtaking_large_ship.wbt,ekf_on_cluster_on,1,1,5.0
1782771911.573948,56.046000480651855,-200.0,181.01616267122913,0.2,5.6926271414977645,6.8048339335666626,1.2642160531768099,-0.07035497284995776,5.673192413932267,1782771911.577989,None,None,None, None, 1782771911.5644026,1.0115773401898225,apf_colreg,static_obstacle,1.0,0.3688602086165089,0.0,19.12642788756266,-0.5955355072035462,6.513327856985132,1.0223559345489373,0.35276300092937385,mr_webots_overtaking_large_ship.wbt,ekf_on_cluster_on,1,1,5.0
1782771911.6733205,56.14537310600281,-199.62879056926042,200.0,0.2,5.679411791434048,6.859920010071923,1.227134757518714,-0.10267834180929879,5.65814211832122,1782771911.6621792,None,None,None, None, 1782771911.651179,0.9426353219463302,apf_colreg,static_obstacle,1.0,0.3711023856455331,0.0,18.792170920338545,0.038803193037302286,6.560752165300567,0.9898778180283508,0.35306626296460664,mr_webots_overtaking_large_ship.wbt,ekf_on_cluster_on,1,1,5.0
1782771911.7723315,56.24438405036926,-174.24903571949432,200.0,0.2,5.664274668970605,6.916621749485625,1.1875915547663087,-0.09398125037755198,5.649489053285984,1782771911.7542515,None,None,None, None, 1782771911.7542515,1.0731437384495546,apf_colreg,static_obstacle,1.0,0.3711023856455331,0.0,18.534657536315763,0.7507187431226638,6.560752165300567,0.9898778180283508,0.35306626296460664,mr_webots_overtaking_large_ship.wbt,ekf_on_cluster_on,1,1,5.0
1782771911.872001,56.344053506851196,200.0,200.0,0.2,5.64324558654104,6.970772173947715,1.148399714037371,-0.12762121586171704,5.639644249563008,1782771911.8313923,None,None,None, None, 1782771911.8198774,1.0851369417498093,apf_avoid,crossing_from_starboard,0.0,0.3698546213066248,0.0,10.416635717106086,5.349579294997579,6.6679784382684915,0.9201045363475288,0.3531628896969361,mr_webots_overtaking_large_ship.wbt,ekf_on_cluster_on,1,1,5.0
1782771911.973377,56.44542956352234,200.0,200.0,0.2,5.619595474024612,7.0076192558784385,1.119952744042953,-0.07481628987709706,5.633605207411576,1782771911.9783685,None,None,None, None, 1782771911.9783685,1.002664173755073,apf_avoid,crossing_from_starboard,0.0,0.36611741175343704,0.061039847518862045,10.05943192283997,5.885746602218662,6.723499438507216,0.8851781197602039,0.3529680745128091,mr_webots_overtaking_large_ship.wbt,ekf_on_cluster_on,1,1,5.0
1782771912.0719934,56.54404592514038,167.60845189709522,200.0,0.2,5.645877231618848,6.757412384700603,1.3393778651886552,-0.03961479295830581,5.628105412264634,1782771912.0509424,6.753692772256592,1.3426144437948149,5.739457186796226, 1782771912.055945, 1782771912.0429254,0.9222710541475448,apf_avoid,crossing_from_starboard,0.0,0.3538816314590126,0.4472539907576641,11.907978481743895,3.3267879640196387,6.750753688812161,0.8689172853982636,0.3527875560052171,mr_webots_overtaking_large_ship.wbt,ekf_on_cluster_on,1,1,5.0
1782771912.1723206,56.644373178482056,200.0,200.0,0.2,5.622414835153232,6.7628329741475355,1.3351938303867494,-0.01841018036782806,5.626861393016227,1782771912.1185148,None,None,None, None, 1782771912.174354,1.0578066040653125,apf_avoid,crossing_from_starboard,0.0,0.333131891102625,1.8574530084957688,11.793271772730082,3.6481803215557287,6.491157216080051,1.0945693993712637,0.3526680306443658,mr_webots_overtaking_large_ship.wbt,ekf_on_cluster_on,1,1,5.0
1782771912.2715626,56.74361515045166,200.0,200.0,0.2,5.6035521740324885,6.773677172985652,1.3264153614593606,0.006868654983980982,5.627808504354049,1782771912.2564037,None,None,None, None, 1782771912.237397,1.0549984654117663,apf_avoid,crossing_from_starboard,0.0,0.1967692656308446,12.8902741766684,11.650638142558044,3.9587336202887684,6.492910311223677,1.0956208113601102,0.3525657938879406,mr_webots_overtaking_large_ship.wbt,ekf_on_cluster_on,1,1,5.0
1782771912.3720374,56.8440899848938,-167.6590665075521,200.0,0.2,5.588614933696113,6.789117654981375,1.3134580084201404,0.022748818551429243,5.629183829476925,1782771912.3168607,None,None,None, None, 1782771912.371523,1.0320363337901697,apf_colreg,static_obstacle,1.0,0.35980103948121384,0.5410794174808342,19.341573471796284,0.9509521951443896,6.503508699886441,1.089632394156418,0.3526014939115445,mr_webots_overtaking_large_ship.wbt,ekf_on_cluster_on,1,1,5.0
1782771912.471918,56.943970680236816,-148.79446805936405,200.0,0.2,5.5812404308870205,6.82288809956942,1.284736299788459,0.01703826370374194,5.63148317028,1782771912.4518123,None,None,None, None, 1782771912.4418058,1.0348113459913384,apf_colreg,static_obstacle,1.0,0.36593082530554816,0.0,19.252814575457943,1.3857969760526863,6.510792572489407,1.0822579266166485,0.35272137028421735,mr_webots_overtaking_large_ship.wbt,ekf_on_cluster_on,1,1,5.0
1782771912.572633,57.04468560218811,-122.28573676949563,200.0,0.2,5.575541256909072,6.866186342149788,1.2476245470739578,0.0019368012008519535,5.631612292083996,1782771912.5184798,None,None,None, None, 1782771912.574633,1.0233223260246915,apf_colreg,static_obstacle,1.0,0.36490560278814055,0.0,19.04330890490065,1.911794119858604,6.553981665430303,1.0472502279823284,0.35266873137081395,mr_webots_overtaking_large_ship.wbt,ekf_on_cluster_on,1,1,5.0
1782771912.6740987,57.146151304244995,-87.17068864422625,200.0,0.2,5.566982572818565,6.911081087414175,1.208731488430912,-0.027430096384293088,5.627980749074306,1782771912.6508725,None,None,None, None, 1782771912.643859,0.9143989724560224,apf_colreg,static_obstacle,1.0,0.3647652184859876,0.0,18.73950228462496,2.503815760773578,6.60033675912478,1.0085970822772614,0.3525181791985298,mr_webots_overtaking_large_ship.wbt,ekf_on_cluster_on,1,1,5.0
1782771912.7731073,57.24515986442566,-38.45353442399509,200.0,0.2,5.556832226108974,6.954028872435347,1.1707271074087338,-0.026589403104397558,5.626024192315968,1782771912.7244565,None,None,None, None, 1782771912.777617,0.9974397495811804,apf_colreg,static_obstacle,1.0,0.36465517648331813,0.0,18.197038058931106,3.1704254593326158,6.643817840910643,0.971906076081893,0.35234043749587657,mr_webots_overtaking_large_ship.wbt,ekf_on_cluster_on,1,1,5.0
1782771912.8724933,57.34454584121704,200.0,200.0,0.2,5.5424592238832,6.9938450590319485,1.1346130337236628,-0.04778423425975703,5.619695609843502,1782771912.8568974,None,None,None, None, 1782771912.8558984,0.9086945986875059,apf_avoid,crossing_from_starboard,0.0,0.3652146797566664,0.0,9.704576092845716,6.502776014405546,6.68107175926645,0.9401445131722814,0.35193664352930065,mr_webots_overtaking_large_ship.wbt,ekf_on_cluster_on,1,1,5.0
1782771912.9722235,57.444276094436646,200.0,200.0,0.2,5.525641428136383,7.025327618874309,1.104901527190147,-0.02809595127517213,5.617217216116093,1782771912.9451091,None,None,None, None, 1782771912.9480991,0.9073651845711945,apf_avoid,crossing_from_starboard,0.0,0.3652146797566664,0.0,9.328439322960232,6.94567863038614,6.68107175926645,0.9401445131722814,0.35193664352930065,mr_webots_overtaking_large_ship.wbt,ekf_on_cluster_on,1,1,5.0
1782771913.07221,57.544262647628784,200.0,200.0,0.2,5.58268372913197,6.8641334252526685,1.313551567801262,-0.01977583257136661,5.615457681208201,1782771913.0340831,6.861635374321496,1.3166690421353213,5.726377793530674, 1782771913.063698, 1782771913.0516925,0.9426267559322323,apf_avoid,crossing_from_starboard,0.0,0.35728340870254277,1.2524454166971624,11.457698511943589,4.328834691662658,6.722687653291641,0.9027587615643887,0.3516216759552618,mr_webots_overtaking_large_ship.wbt,ekf_on_cluster_on,1,1,5.0
1782771913.172223,57.6442756652832,200.0,200.0,0.2,5.562293333546652,6.8732704775204505,1.305558435912145,-0.006559751185414524,5.6149474621424815,1782771913.1118634,None,None,None, None, 1782771913.1339803,0.9005826875614905,apf_avoid,crossing_from_starboard,0.0,0.28923728182149916,19.015195765891946,11.298469398692962,4.639605167225404,6.574624666309436,1.0973416446885726,0.3513612259199798,mr_webots_overtaking_large_ship.wbt,ekf_on_cluster_on,1,1,5.0
1782771913.272,57.74405264854431,-104.75281339201209,200.0,0.2,5.545685309778419,6.886978192464686,1.2930627370212282,0.01491250827949842,5.61709660628647,1782771913.2559803,None,None,None, None, 1782771913.2117858,0.9319820324534911,apf_colreg,static_obstacle,1.0,0.365216984699273,0.0,19.225381612833996,2.258875340729147,6.575139812694703,1.0972919158706596,0.3512635030115914,mr_webots_overtaking_large_ship.wbt,ekf_on_cluster_on,1,1,5.0
1782771913.3727458,57.84479832649231,-76.090693130522,200.0,0.2,5.535040842214671,6.914390653098902,1.2675288402818028,0.009318325414532152,5.617941995296199,1782771913.3467035,None,None,None, None, 1782771913.378747,0.9129940372480254,apf_colreg,static_obstacle,1.0,0.3653298658575054,0.0,19.12512936042109,2.7410509352519496,6.585632143895638,1.0903073086525439,0.3513827597059309,mr_webots_overtaking_large_ship.wbt,ekf_on_cluster_on,1,1,5.0
1782771913.4749575,57.9470100402832,-38.22141797017664,200.0,0.2,5.525920402856138,6.9490648666335035,1.2346755651572763,0.0017691157866954945,5.61806421107855,1782771913.4157865,None,None,None, None, 1782771913.4647238,1.0435849245546227,apf_colreg,static_obstacle,1.0,0.3648619911970641,0.0,18.820955191325407,3.2825545726763847,6.6148639322019305,1.0655537874774623,0.35139031169232465,mr_webots_overtaking_large_ship.wbt,ekf_on_cluster_on,1,1,5.0
1782771913.571718,58.04377055168152,22.221046996768735,200.0,0.2,5.516354416344941,6.985306354021751,1.1997044417544753,-0.003887288928169557,5.617768118260243,1782771913.5822508,None,None,None, None, 1782771913.5401742,0.9235512700444063,apf_colreg,static_obstacle,1.0,0.3647973276282092,0.0,18.49844438819037,3.8670531884385966,6.650499280943964,1.0335728529661805,0.3512806153657038,mr_webots_overtaking_large_ship.wbt,ekf_on_cluster_on,1,1,5.0
1782771913.6721268,58.144179344177246,118.13041499705554,200.0,0.2,5.503953378316885,7.0202946914264,1.165216973106113,-0.021727608834566,5.614127339514048,1782771913.6595206,None,None,None, None, 1782771913.6179576,1.0520218648149784,apf_colreg,static_obstacle,1.0,0.36498792177881084,0.0,18.02930621781058,4.51669972001768,6.684837171206416,1.0017231461335832,0.35114883996140045,mr_webots_overtaking_large_ship.wbt,ekf_on_cluster_on,1,1,5.0
1782771913.7716875,58.24374008178711,200.0,200.0,0.2,5.4909542816382535,7.052239311474522,1.1327810692095264,-0.008666430380921498,5.613294211683091,1782771913.7556534,None,None,None, None, 1782771913.7746937,0.9559083670191327,apf_avoid,crossing_from_starboard,0.0,0.36527775666618334,0.0,9.33997514236071,7.010490113081673,6.716419508756841,0.9723720710355126,0.35097540066071825,mr_webots_overtaking_large_ship.wbt,ekf_on_cluster_on,1,1,5.0
1782771913.872018,58.34407067298889,200.0,200.0,0.2,5.476573067354571,7.079958825818979,1.1037657271261017,-0.004330527976457938,5.6128748520260086,1782771913.8524914,None,None,None, None, 1782771913.8524914,0.9614132961142046,apf_avoid,crossing_from_starboard,0.0,0.3683522493080992,0.0,8.965875357680467,7.405083199116236,6.739824322718801,0.9487662477497205,0.3507903302761516,mr_webots_overtaking_large_ship.wbt,ekf_on_cluster_on,1,1,5.0
1782771913.9721842,58.444236755371094,200.0,200.0,0.2,5.46239608110692,7.105516640834637,1.0761757512459864,0.00485684097854322,5.613227539193625,1782771913.925108,None,None,None, None, 1782771913.9266114,0.9474664849304324,apf_avoid,crossing_from_starboard,0.0,0.3678114220236033,0.20431958701770547,8.179538879416995,8.165364459637544,6.763275090585562,0.9269314448682163,0.3507126681297764,mr_webots_overtaking_large_ship.wbt,ekf_on_cluster_on,1,1,5.0
1782771914.0725448,58.54459738731384,200.0,200.0,0.2,5.544163058816681,6.9589526066202065,1.2972992418773481,0.017035979214584426,5.6154744357976085,1782771914.0569992,6.95669611076951,1.300576078030453,5.726277947008218, 1782771914.064998, 1782771914.0679986,1.0437059123909014,apf_avoid,crossing_from_starboard,0.0,0.3511163927881965,1.0222244820153399,11.140179387768331,4.9230355510258645,6.786617025446448,0.9041251804877892,0.35081393901605235,mr_webots_overtaking_large_ship.wbt,ekf_on_cluster_on,1,1,5.0
1782771914.171918,58.64397048950195,200.0,200.0,0.2,5.528000149618598,6.966112225005172,1.2905582169661327,0.016575149531984645,5.616774028554819,1782771914.1354053,None,None,None, None, 1782771914.1384106,1.0030003131437424,apf_avoid,crossing_from_starboard,0.0,0.27932509692152224,7.45511484933553,10.999091239404365,5.166252122740724,6.645852774431364,1.1117308393669436,0.3510673864229057,mr_webots_overtaking_large_ship.wbt,ekf_on_cluster_on,1,1,5.0
1782771914.293158,58.76521062850952,200.0,200.0,0.2,5.5164060509639725,6.977976798622761,1.2790190223044782,0.04521308455909481,5.620102188314388,1782771914.2090158,None,None,None, None, 1782771914.2120156,0.9317681752070489,apf_avoid,crossing_from_starboard,0.0,0.3591924880577722,1.83351967624011,10.834375760361137,5.401455802448838,6.651548164634026,1.109108597292493,0.35159962288703756,mr_webots_overtaking_large_ship.wbt,ekf_on_cluster_on,1,1,5.0
1782771914.3722973,58.84434986114502,200.0,200.0,0.2,5.507170772088127,6.9937314388145095,1.263372849036535,0.046592871374039606,5.625025067124614,1782771914.3146732,None,None,None, None, 1782771914.3904681,0.9182862448038058,apf_avoid,crossing_from_starboard,0.0,0.36790362357564316,0.002310705770892435,10.64156070939921,5.6464514701002315,6.663532918162278,1.0981616656372348,0.3521366393283422,mr_webots_overtaking_large_ship.wbt,ekf_on_cluster_on,1,1,5.0
1782771914.472579,58.944631576538086,36.64763008924878,200.0,0.2,5.49923187022431,7.012394520169036,1.2445180055521892,0.047258459647232,5.62865411630474,1782771914.4878092,None,None,None, None, 1782771914.4795806,1.065231504059837,apf_colreg,static_obstacle,1.0,0.37003718341465597,0.0,18.899188655655514,4.054665994614483,6.686703766243747,1.0716855762772424,0.3528380513135576,mr_webots_overtaking_large_ship.wbt,ekf_on_cluster_on,1,1,5.0
1782771914.5718307,59.043883323669434,81.03444170247931,200.0,0.2,5.497915976025042,7.037777521533899,1.2186110178872496,0.08111709226916096,5.636469299646668,1782771914.5900435,None,None,None, None, 1782771914.5656836,1.0587181512127868,apf_colreg,static_obstacle,1.0,0.37003718341465597,0.0,18.659771268929063,4.3459990718111685,6.686703766243747,1.0716855762772424,0.3528380513135576,mr_webots_overtaking_large_ship.wbt,ekf_on_cluster_on,1,1,5.0
1782771914.6737165,59.145769119262695,126.90717648511219,200.0,0.2,5.4954111625795194,7.0664207389905025,1.189438761104262,0.05015867917388903,5.645391802994951,1782771914.6656947,None,None,None, None, 1782771914.6326468,0.9842166012733059,apf_colreg,static_obstacle,1.0,0.3701538559796238,0.0,18.384337043001995,4.689792236762421,6.712417001669562,1.0461039334332836,0.3535594109817714,mr_webots_overtaking_large_ship.wbt,ekf_on_cluster_on,1,1,5.0
1782771914.7745216,59.24657416343689,170.2728902949346,200.0,0.2,5.492599004768815,7.095427891531939,1.1597098998248838,0.05158640953209011,5.6488675205778796,1782771914.7330713,None,None,None, None, 1782771914.7815213,0.9024266515614546,apf_colreg,static_obstacle,1.0,0.37235126765257476,0.0,18.06071455037605,5.078636044663292,6.738010440772885,1.0192813472115514,0.3541214867158764,mr_webots_overtaking_large_ship.wbt,ekf_on_cluster_on,1,1,5.0
1782771914.8726916,59.34474420547485,200.0,200.0,0.2,5.488554806659197,7.123161492627615,1.1310680260487211,0.04802071708962799,5.65549949780272,1782771914.871178,None,None,None, None, 1782771914.847157,0.971915484357556,apf_avoid,crossing_from_starboard,0.0,0.3720767513752677,0.0,9.307235109818883,7.048481854271506,6.767095554008916,0.9908542033340346,0.35488234816756953,mr_webots_overtaking_large_ship.wbt,ekf_on_cluster_on,1,1,5.0
1782771914.982388,59.45444059371948,200.0,200.0,0.2,5.479065173805918,7.149102278165486,1.1039921560942112,0.009307729276543636,5.656244960925379,1782771914.9512687,None,None,None, None, 1782771914.9522688,0.9872115314785547,apf_avoid,crossing_from_starboard,0.0,0.37230299864475214,0.0,8.986421776752733,7.380674219319399,6.793763344712585,0.9644675466359565,0.35552353450282154,mr_webots_overtaking_large_ship.wbt,ekf_on_cluster_on,1,1,5.0
1782771915.0977836,59.569836139678955,200.0,200.0,0.2,5.574590240345477,7.0319492760408036,1.3056884109887255,0.05256389326847136,5.663420414896692,1782771915.0877779,7.0300747619120445,1.30870193451102,5.770830147035212, 1782771915.077636, 1782771915.069126,0.9067222608246008,apf_avoid,crossing_from_starboard,0.0,0.35514747509097955,2.6594394275098736,11.355766107552428,4.49903872956532,6.812954236930094,0.9444669463777757,0.3559091219916387,mr_webots_overtaking_large_ship.wbt,ekf_on_cluster_on,1,1,5.0
1782771915.2040987,59.676151275634766,200.0,200.0,0.2,5.564914180506391,7.042256072465612,1.2966135370925078,0.05256389326847136,5.673933193550386,1782771915.2131066,None,None,None, None, 1782771915.200102,0.985492725848223,apf_avoid,crossing_from_starboard,0.0,0.3248399368036409,18.985397161703695,11.234065854307616,4.697532879757504,6.812954236930094,0.9444669463777757,0.3559091219916387,mr_webots_overtaking_large_ship.wbt,ekf_on_cluster_on,1,1,5.0
1782771915.367417,59.83946967124939,200.0,200.0,0.2,5.5582425838718565,7.057059198004633,1.2833244370597745,0.06427582321765392,5.689880794239849,1782771915.3358898,None,None,None, None, 1782771915.320376,1.0482128259112287,apf_avoid,crossing_from_starboard,0.0,0.3780056154683825,0.0,11.087921282488129,4.901692985561428,6.711545679824463,1.1169865840056388,0.3573111577350569,mr_webots_overtaking_large_ship.wbt,ekf_on_cluster_on,1,1,5.0
1782771915.4741275,59.94618010520935,-74.96309110499121,200.0,0.2,5.555174918618413,7.075415607404279,1.2666399178688257,0.08357265170122131,5.700638648315282,1782771915.4646144,None,None,None, None, 1782771915.4265704,1.0070557479341922,apf_colreg,static_obstacle,1.0,0.37620110116623445,0.0,19.27421837619131,2.781129651791369,6.73178510982914,1.1033133212057558,0.3587281559271087,mr_webots_overtaking_large_ship.wbt,ekf_on_cluster_on,1,1,5.0
1782771915.6069264,60.07897901535034,-59.17170372063587,200.0,0.2,5.558954377608217,7.1050384997762785,1.2398344995907056,0.09646078213308794,5.7126762147868,1782771915.5894067,None,None,None, None, 1782771915.6109262,0.9912297280452799,apf_colreg,static_obstacle,1.0,0.37620110116623445,0.0,19.057219576544526,3.0030124519529577,6.73178510982914,1.1033133212057558,0.3587281559271087,mr_webots_overtaking_large_ship.wbt,ekf_on_cluster_on,1,1,5.0
1782771915.685251,60.15730357170105,-42.744319683537235,200.0,0.2,5.565670434199241,7.140875878456015,1.2078428113318234,0.09646078213308794,5.7319683712134175,1782771915.6927629,None,None,None, None, 1782771915.6109262,0.9912297280452799,apf_colreg,static_obstacle,1.0,0.3786053364986341,0.0,18.809292632807086,3.2134894628277237,6.775315093567312,1.0619284072014832,0.36082656867303026,mr_webots_overtaking_large_ship.wbt,ekf_on_cluster_on,1,1,5.0
1782771915.7701638,60.24221634864807,-11.90711428473184,200.0,0.2,5.567325617877341,7.179026682752627,1.1743270273259814,0.04049766584289009,5.736154052944297,1782771915.6927629,None,None,None, None, 1782771915.7132883,0.9327782538256799,apf_colreg,static_obstacle,1.0,0.37902264228231675,0.0,18.456601056361947,3.589276035128829,6.81703244445694,1.0238936855480272,0.36158369060928586,mr_webots_overtaking_large_ship.wbt,ekf_on_cluster_on,1,1,5.0
1782771915.8323946,60.304447174072266,53.656899264377,200.0,0.2,5.563457910508704,7.216809843272652,1.1410996863604077,0.0079514898180488,5.7370408869163825,1782771915.8042934,None,None,None, None, 1782771915.801294,0.9878892242803062,apf_colreg,static_obstacle,1.0,0.37902264228231675,0.0,18.16987595954481,4.0209322304909865,6.81703244445694,1.0238936855480272,0.36158369060928586,mr_webots_overtaking_large_ship.wbt,ekf_on_cluster_on,1,1,5.0
1782771915.9147184,60.38677096366882,119.01476576496914,200.0,0.2,5.556875825911028,7.252854093966494,1.1089501751177249,0.0079514898180488,5.738631184879992,1782771915.9157178,None,None,None, None, 1782771915.91272,0.9487360083866875,apf_colreg,static_obstacle,1.0,0.3825771904716622,0.0,17.837834677647216,4.476812430284684,6.878818027220833,0.9683177285003088,0.36209983846098626,mr_webots_overtaking_large_ship.wbt,ekf_on_cluster_on,1,1,5.0
1782771915.978813,60.450865507125854,200.0,200.0,0.2,5.550718024631025,7.2863090259922085,1.078558403620616,0.030857567702203416,5.742069472269387,1782771915.9157178,None,None,None, None, 1782771915.9901319,1.087484557874359,apf_colreg,static_obstacle,1.0,0.3868276291499849,0.0,17.156998028030976,5.347338851034465,6.909802678907313,0.9410103437849653,0.36285044590158994,mr_webots_overtaking_large_ship.wbt,ekf_on_cluster_on,1,1,5.0
1782771916.075221,60.54727363586426,200.0,200.0,0.2,5.541402073806997,7.315712171222381,1.051414944800254,0.01693932092337462,5.743482538952344,1782771916.0782194,None,None,None, None, 1782771916.0682044,1.0350693953318186,apf_colreg,static_obstacle,1.0,0.3860295852158378,0.4837472679323915,17.010461383771556,5.643563600196792,6.94619387802029,0.9111253973343271,0.3633893435554965,mr_webots_overtaking_large_ship.wbt,ekf_on_cluster_on,1,1,5.0
1782771916.1815388,60.65359139442444,-173.9087085824028,200.0,0.2,5.637196496489764,7.12286876044095,1.3078151435178345,0.10078306105494306,5.761564290312645,1782771916.1785498,7.120548631753905,1.310788721311419,5.817304745558744, 1782771916.084222, 1782771916.1700277,0.918890338620963,apf_colreg,static_obstacle,1.0,0.36048714125810977,0.8181733770308769,19.60004982179387,0.8028443587752396,6.975752845524194,0.8893152411991511,0.3629695775428793,mr_webots_overtaking_large_ship.wbt,ekf_on_cluster_on,1,1,5.0
1782771916.287061,60.75911355018616,-179.68400123024182,200.0,0.2,5.653893731272598,7.145043342860774,1.2909512186900265,0.23418299939554865,5.7813201085385355,1782771916.2629104,None,None,None, None, 1782771916.2521043,0.913357744384637,apf_colreg,static_obstacle,1.0,0.38682809264371304,0.0,19.504209161257155,0.6440731541005662,6.779412328604092,1.137796324492242,0.36102781669117406,mr_webots_overtaking_large_ship.wbt,ekf_on_cluster_on,1,1,5.0
1782771916.3717706,60.843823194503784,-175.82749415217583,200.0,0.2,5.666514471967078,7.186467605658985,1.2611986704493217,0.061934784598847666,5.787069407679361,1782771916.3557386,None,None,None, None, 1782771916.3442276,0.9021525269760143,apf_colreg,static_obstacle,1.0,0.38676262388564425,0.0,19.285176845246454,0.7398604523128749,6.846948908919051,1.0820642212932172,0.3595430856061194,mr_webots_overtaking_large_ship.wbt,ekf_on_cluster_on,1,1,5.0
1782771916.5332046,61.00525712966919,-164.0438887910778,200.0,0.2,5.6737285626537926,7.237555245873436,1.2253644841144284,0.023880579460410816,5.789723569601316,1782771916.4668818,None,None,None, None, 1782771916.5536718,0.9734009238911904,apf_colreg,static_obstacle,1.0,0.38676262388564425,0.0,19.040122158334754,1.0234044349878837,6.846948908919051,1.0820642212932172,0.3595430856061194,mr_webots_overtaking_large_ship.wbt,ekf_on_cluster_on,1,1,5.0
1782771916.669384,61.14143657684326,-151.61424232802474,200.0,0.2,5.680894792315515,7.290607773600179,1.1885048919904229,0.046898458703412665,5.794873953133613,1782771916.5767016,None,None,None, None, 1782771916.6663823,1.0113154564464233,apf_colreg,static_obstacle,1.0,0.3894903297476476,0.0,18.8007157321175,1.2921655739976643,6.904204933142039,1.0486887007843613,0.35690953730213354,mr_webots_overtaking_large_ship.wbt,ekf_on_cluster_on,1,1,5.0
1782771916.9472146,61.41926717758179,-133.20835722943494,200.0,0.2,5.683684463354969,7.343294558749131,1.1523815871743182,0.014877140212760062,5.799957739114697,1782771916.9184196,None,None,None, None, 1782771916.9442158,0.9748725393278893,apf_colreg,static_obstacle,1.0,0.3947951189488464,0.0,18.530249128138504,1.651200937982935,6.96500233494093,1.0135038084854477,0.35397749263836165,mr_webots_overtaking_large_ship.wbt,ekf_on_cluster_on,1,1,5.0
1782771917.1620486,61.634101152420044,-200.0,170.62314928098453,0.2,5.747944487762977,7.245124216294141,1.2611922382711627,0.03052200925377787,5.804295392558022,1782771917.1901371,7.239132820786108,1.2669636463070326,5.883886755851589, 1782771917.085052, 1782771917.210142,1.0216526919243625,apf_colreg,static_obstacle,1.0,0.39458580661771386,0.8522597546652692,19.289558086691304,-0.8742294289410544,6.993803305395027,1.0016349857296096,0.3510985557322653,mr_webots_overtaking_large_ship.wbt,ekf_on_cluster_on,1,1,5.0
1782771917.3291655,61.801218032836914,-200.0,173.16247318345657,0.2,5.757403956448615,7.288219993468771,1.2357609390810378,0.07740606250247682,5.8222993024569245,1782771917.2931256,None,None,None, None, 1782771917.3221579,1.095035342387123,apf_colreg,static_obstacle,1.0,0.4046032209915223,0.0,19.167022991277264,-0.804268751730373,6.875751407277495,1.119859000340109,0.3474826056716264,mr_webots_overtaking_large_ship.wbt,ekf_on_cluster_on,1,1,5.0
1782771917.559131,62.03118348121643,-200.0,181.34601534916985,0.2,5.762364958365858,7.341836389394092,1.205028707544792,-0.0025243166217922587,5.821635411369413,1782771917.556124,None,None,None, None, 1782771917.529611,0.9074093566066541,apf_colreg,static_obstacle,1.0,0.41073448103944116,0.0,19.003196207537297,-0.5827631454903264,6.926455770312673,1.0957008240496537,0.3454290336263402,mr_webots_overtaking_large_ship.wbt,ekf_on_cluster_on,1,1,5.0
1782771917.6662548,62.138307332992554,-200.0,192.49412211594918,0.2,5.765323572390811,7.399400137563318,1.1722718409103816,-0.0025243166217922587,5.821130548045055,1782771917.6692529,None,None,None, None, 1782771917.6107097,1.0883806756564598,apf_colreg,static_obstacle,1.0,0.41073448103944116,0.0,18.839502207137873,-0.26173872707706725,6.926455770312673,1.0957008240496537,0.3454290336263402,mr_webots_overtaking_large_ship.wbt,ekf_on_cluster_on,1,1,5.0
1782771917.7625098,62.234562397003174,-195.66152347431083,200.0,0.2,5.765660185172489,7.45883823821489,1.1385694150950467,-0.01375967802847441,5.819573930798075,1782771917.7760234,None,None,None, None, 1782771917.6927638,0.9553254445869112,apf_colreg,static_obstacle,1.0,0.43434854205731555,0.0,18.564012497919933,0.16270780162807164,7.037679773469599,1.0406114218725238,0.34909871956283395,mr_webots_overtaking_large_ship.wbt,ekf_on_cluster_on,1,1,5.0
1782771917.8596237,62.33167624473572,-175.91448081810333,200.0,0.2,5.7641356810196385,7.518829325458171,1.1044461273213955,-0.0165271712378377,5.816493736031686,1782771917.8556244,None,None,None, None, 1782771917.7965524,0.9736413850502119,apf_colreg,static_obstacle,1.0,0.43893171115922547,0.0,18.285456638211244,0.6993371264008403,7.063694951665842,1.0272619618299026,0.3509183868855016,mr_webots_overtaking_large_ship.wbt,ekf_on_cluster_on,1,1,5.0
1782771917.963573,62.4356255531311,-130.37605051998932,200.0,0.2,5.7622071256654595,7.57697396599,1.0711183094056125,-0.006074972789542014,5.815983931545069,1782771917.9395432,None,None,None, None, 1782771917.9570546,1.0702874396887399,apf_colreg,static_obstacle,1.0,0.44947443940475906,0.0,17.760920483596802,1.635535756663125,7.112126005225631,1.0041215470908365,0.35388926392479864,mr_webots_overtaking_large_ship.wbt,ekf_on_cluster_on,1,1,5.0
1782771918.0627077,62.53476023674011,-119.16180488796071,200.0,0.2,5.760620527725234,7.630989121238193,1.0398675661433776,0.013122819034603331,5.8169497623456845,1782771918.0131426,None,None,None, None, 1782771918.0521924,1.0854486074538916,apf_colreg,static_obstacle,1.0,0.45807870257757477,0.0,17.687969423777915,1.8311406798006908,7.183612172932912,0.9631541067930462,0.35617844841274954,mr_webots_overtaking_large_ship.wbt,ekf_on_cluster_on,1,1,5.0
1782771918.1802857,62.65233826637268,-200.0,165.75569168798864,0.2,5.803784602462991,7.410281273535231,1.194978624002081,0.030729957932307764,5.8196792259200985,1782771918.1832855,7.403767270454956,1.199405247104005,5.899162891326644, 1782771918.085451, 1782771918.159776,1.0444855413683074,apf_colreg,static_obstacle,1.0,0.17530839590559752,3.5290580572265275,18.599225698296237,-0.9595989358918677,7.208391802619685,0.9575626138431855,0.3566498951777563,mr_webots_overtaking_large_ship.wbt,ekf_on_cluster_on,1,1,5.0
1782771918.2704904,62.74254298210144,-200.0,161.5787946834749,0.2,5.810632429328346,7.446296876448418,1.1762820736487747,0.06694709675240056,5.825123494691312,1782771918.2840018,None,None,None, None, 1782771918.25649,0.9468143163188784,apf_colreg,static_obstacle,1.0,0.46688614752434343,0.0,18.641269543493866,-1.0590639152652832,6.991012230472521,1.0917759860962057,0.36038372166968946,mr_webots_overtaking_large_ship.wbt,ekf_on_cluster_on,1,1,5.0
1782771918.362015,62.834067583084106,-200.0,172.24403298332223,0.2,5.816619504572189,7.496745417270846,1.1507782126843118,0.015629471882337764,5.826697638090221,1782771918.3680162,None,None,None, None, 1782771918.3500104,0.9130606539703195,apf_colreg,static_obstacle,1.0,0.46688614752434343,0.0,18.464477405825214,-0.7973658534589294,7.031088504442779,1.059279518765164,0.3624507687207207,mr_webots_overtaking_large_ship.wbt,ekf_on_cluster_on,1,1,5.0
1782771918.4598615,62.93191409111023,-200.0,178.51654143177564,0.2,5.820719863919358,7.553940498932615,1.1222652973053977,0.0026590905995726955,5.826905959631904,1782771918.4463594,None,None,None, None, 1782771918.4463594,1.0742198117132047,apf_colreg,static_obstacle,1.0,0.48261451795950316,0.0,18.221019298317167,-0.631490776599402,7.031088504442779,1.059279518765164,0.3624507687207207,mr_webots_overtaking_large_ship.wbt,ekf_on_cluster_on,1,1,5.0
1782771918.5604959,63.03254842758179,-193.14301503264645,200.0,0.2,5.822467162690371,7.613461701060737,1.0928255423756745,-0.009857861389904837,5.825958517183275,1782771918.5424697,None,None,None, None, 1782771918.5369508,1.0037656845976493,apf_colreg,static_obstacle,1.0,0.48678772468492226,0.0,17.68489704668362,0.2273784987337777,7.085310657693476,1.0383828949626432,0.36925244851958955,mr_webots_overtaking_large_ship.wbt,ekf_on_cluster_on,1,1,5.0
1782771918.661789,63.1338415145874,-193.4995757875371,200.0,0.2,5.822267896577516,7.674788017867144,1.0624628367109459,-0.009708769323009733,5.8250583799670315,1782771918.6351836,None,None,None, None, 1782771918.6296737,0.911749657859904,apf_colreg,static_obstacle,1.0,0.49874319021348845,0.0,17.495901781944177,0.21493460303483047,7.136959324166767,1.002261940530233,0.3678261803793796,mr_webots_overtaking_large_ship.wbt,ekf_on_cluster_on,1,1,5.0
1782771918.761223,63.23327565193176,-192.46455902219844,200.0,0.2,5.821420908150593,7.73640142964129,1.0318566139652887,-0.006571061688799959,5.824503160798782,1782771918.7196782,None,None,None, None, 1782771918.7151651,1.031396744080569,apf_colreg,static_obstacle,1.0,0.5071361375979114,0.0,17.317836680552027,0.24141236573702773,7.190370759001343,0.9730042437402585,0.3754281398717412,mr_webots_overtaking_large_ship.wbt,ekf_on_cluster_on,1,1,5.0
1782771918.862322,63.33437466621399,-190.40032967031996,200.0,0.2,5.820565088959172,7.797920195604711,1.001193125264841,-0.0026793926800328465,5.824207599978232,1782771918.829987,None,None,None, None, 1782771918.8726232,0.9295422704655096,apf_colreg,static_obstacle,1.0,0.5129569758538056,0.0,17.15974458794934,0.2949178797985583,7.2475613751931265,0.9440589367009469,0.38292023464278935,mr_webots_overtaking_large_ship.wbt,ekf_on_cluster_on,1,1,5.0
1782771918.9596832,63.43173575401306,-188.14572145511605,200.0,0.2,5.82018593757028,7.859199085570335,0.9705686265395599,0.0030288258322897117,5.824517108522361,1782771918.9321747,None,None,None, None, 1782771918.9546857,1.0750982091947054,apf_colreg,static_obstacle,1.0,0.5247736364238053,0.0,17.005850944075735,0.35123790731313864,7.296639382549153,0.9196172743408896,0.38884334514507285,mr_webots_overtaking_large_ship.wbt,ekf_on_cluster_on,1,1,5.0
1782771919.0607965,63.532849073410034,-181.17936438772105,200.0,0.2,5.820027102308916,7.920220459250132,0.9400467751440544,0.004667072965893135,5.825040332490907,1782771919.0442843,None,None,None, None, 1782771919.0542872,0.9361923289578166,apf_colreg,static_obstacle,1.0,0.5247736364238053,0.0,16.945984227095465,0.5237039965024941,7.296639382549153,0.9196172743408896,0.38884334514507285,mr_webots_overtaking_large_ship.wbt,ekf_on_cluster_on,1,1,5.0
1782771919.159386,63.63143849372864,-200.0,109.15005819258838,0.2,5.849785193047602,7.574433690779399,1.131015292566371,0.008994656108403741,5.82593606153692,1782771919.143869,7.56882190720508,1.1340714679247061,5.910080195207661, 1782771919.088818, 1782771919.1533806,1.0999430217817208,apf_colreg,static_obstacle,1.0,0.29829449944653835,2.889235535980158,17.595464617104344,-1.9937476790657591,7.40060318395881,0.8635145835853354,0.403295155183001,mr_webots_overtaking_large_ship.wbt,ekf_on_cluster_on,1,1,5.0
1782771919.302113,63.774165630340576,-200.0,115.64656772967714,0.2,5.853037360739306,7.605524681816883,1.1167474902181729,-0.0017416419958428012,5.8257284420471835,1782771919.263078,None,None,None, None, 1782771919.3081093,0.9839184131470661,apf_colreg,static_obstacle,1.0,0.28994686127875274,8.178176240813707,17.510681275406743,-1.873702565067736,7.40060318395881,0.8635145835853354,0.403295155183001,mr_webots_overtaking_large_ship.wbt,ekf_on_cluster_on,1,1,5.0
1782771919.3599198,63.83197236061096,-200.0,151.51372158467797,0.2,5.857386414091288,7.650173541081704,1.0965101766791179,-0.0017416419958428012,5.825380113648015,1782771919.263078,None,None,None, None, 1782771919.3081093,0.9839184131470661,apf_colreg,static_obstacle,1.0,0.5619976302817189,0.0,17.00281737176102,-1.170581137214631,7.055855355988589,1.0400611232621526,0.4140454454120312,mr_webots_overtaking_large_ship.wbt,ekf_on_cluster_on,1,1,5.0
1782771919.460719,63.93277168273926,-200.0,158.21576120273977,0.2,5.857063841122612,7.704288297913948,1.0722400740702218,-0.03975558426238845,5.820594036094118,1782771919.4637258,None,None,None, None, 1782771919.4072695,0.9762466618617913,apf_colreg,static_obstacle,1.0,0.5619976302817189,0.0,16.959694181205954,-1.033098353002563,7.055855355988589,1.0400611232621526,0.4140454454120312,mr_webots_overtaking_large_ship.wbt,ekf_on_cluster_on,1,1,5.0
1782771919.59408,64.06613254547119,-200.0,162.65904715520156,0.2,5.852933129307918,7.761984758557167,1.0462036697693673,-0.05591334913329794,5.809283521409084,1782771919.585752,None,None,None, None, 1782771919.5990796,1.0316980983327475,apf_colreg,static_obstacle,1.0,0.5851211942380371,0.0,16.80140891118849,-0.932085600962969,7.15202508293596,0.9814818461748236,0.42843739796415586,mr_webots_overtaking_large_ship.wbt,ekf_on_cluster_on,1,1,5.0
1782771919.6947956,64.16684818267822,-200.0,173.42542575138208,0.2,5.847628201534393,7.82077642902879,1.0192472633401906,-0.050383583113199716,5.803890177981108,1782771919.6927977,None,None,None, None, 1782771919.6977952,1.0198848655283794,apf_colreg,static_obstacle,1.0,0.5851211942380371,0.0,16.753919346675524,-0.6971212026059472,7.15202508293596,0.9814818461748236,0.42843739796415586,mr_webots_overtaking_large_ship.wbt,ekf_on_cluster_on,1,1,5.0
1782771919.7653265,64.23737907409668,-200.0,180.30077280393286,0.2,5.841248844867876,7.880621352868552,0.9913378509495843,-0.050383583113199716,5.793813461358468,1782771919.8193674,None,None,None, None, 1782771919.808365,1.0285934244184105,apf_colreg,static_obstacle,1.0,0.595972395214692,0.0,16.613795804438855,-0.5341664565544404,7.290467169742839,0.9207134984985614,0.44382766939958523,mr_webots_overtaking_large_ship.wbt,ekf_on_cluster_on,1,1,5.0
1782771919.9070756,64.37912821769714,-200.0,190.8887353845267,0.2,5.834705938503725,7.941130091358669,0.9625821798191581,-0.04483061275749115,5.788139262002438,1782771919.9461155,None,None,None, None, 1782771919.9315865,0.984293017078054,apf_colreg,static_obstacle,1.0,0.595972395214692,0.0,16.558838587935835,-0.271976729417716,7.290467169742839,0.9207134984985614,0.44382766939958523,mr_webots_overtaking_large_ship.wbt,ekf_on_cluster_on,1,1,5.0
1782771920.0266812,64.49873375892639,-200.0,197.36319613429657,0.2,5.828082835590665,8.002590799975474,0.9328298612447359,-0.04043391275777554,5.783014340990444,1782771919.9461155,None,None,None, None, 1782771920.0327137,1.091626243283826,apf_colreg,static_obstacle,1.0,0.6173246464003498,0.0,16.407080558574194,-0.09730756941393981,7.350491309356315,0.8847329910129128,0.4535686495958178,mr_webots_overtaking_large_ship.wbt,ekf_on_cluster_on,1,1,5.0
1782771920.1407871,64.6128396987915,-200.0,153.41794897110927,0.2,5.833763504910459,7.73890040144877,1.0646029903570664,-0.03635506711215276,5.777919444482325,1782771920.0862582,7.733402377041907,1.067343268027741,5.858748880627144, 1782771920.093766, 1782771920.1333852,1.0603086076977997,apf_colreg,static_obstacle,1.0,0.6152764916126423,3.547244024609149,16.815453952853463,-1.1203144673510348,7.350491309356315,0.8847329910129128,0.4535686495958178,mr_webots_overtaking_large_ship.wbt,ekf_on_cluster_on,1,1,5.0
1782771920.2452116,64.71726417541504,-200.0,171.0687835370331,0.2,5.829992547903778,7.779830246796502,1.0448034720755253,-0.027620461756512452,5.7756929514570885,1782771920.1668684,None,None,None, None, 1782771920.2407012,1.0269490167286013,apf_colreg,static_obstacle,1.0,0.6419572605770193,0.0,16.601622922901242,-0.7426938548900432,7.1063848862319325,0.9969790929741486,0.4774627474793082,mr_webots_overtaking_large_ship.wbt,ekf_on_cluster_on,1,1,5.0
1782771920.397032,64.86908459663391,-200.0,180.5793939981902,0.2,5.814223759048196,7.833530864621602,1.0186115131586604,-0.14965962170086589,5.75310793985751,1782771920.4132502,None,None,None, None, 1782771920.4582837,0.9182027885667022,apf_colreg,static_obstacle,1.0,0.6532164987489174,0.0,16.472044366434062,-0.5231082671441287,7.193339326979202,0.9658804392759195,0.4908781464683362,mr_webots_overtaking_large_ship.wbt,ekf_on_cluster_on,1,1,5.0
1782771920.5767112,65.04876375198364,-200.0,191.73721549249342,0.2,5.805302824349441,7.8919235728832176,0.9886132107450631,-0.03452624243998411,5.748207239811583,1782771920.5551915,None,None,None, None, 1782771920.5661979,0.9180303086085654,apf_colreg,static_obstacle,1.0,0.6532164987489174,0.0,16.424270432724672,-0.24787805718080858,7.193339326979202,0.9658804392759195,0.4908781464683362,mr_webots_overtaking_large_ship.wbt,ekf_on_cluster_on,1,1,5.0
1782771920.7063453,65.17839789390564,-200.0,198.85605161731607,0.2,5.794874213304638,7.952296820714107,0.9570332005006081,-0.06166741974474802,5.7393175272388826,1782771920.6993473,None,None,None, None, 1782771920.712352,1.0028342563414818,apf_colreg,static_obstacle,1.0,0.6791273065185444,0.0,16.23703629048526,-0.055138784251566264,7.237529735358489,0.9342917076742676,0.5063494274089436,mr_webots_overtaking_large_ship.wbt,ekf_on_cluster_on,1,1,5.0
1782771920.8180003,65.29005289077759,-192.1254776712465,200.0,0.2,5.786962054595813,8.013373637505781,0.9242256916097489,-0.03432448170462953,5.735691212996292,1782771920.8049953,None,None,None, None, 1782771920.8245234,0.9804538194637521,apf_colreg,static_obstacle,1.0,0.6791273065185444,0.0,16.162626446646318,0.23400759047360165,7.237529735358489,0.9342917076742676,0.5063494274089436,mr_webots_overtaking_large_ship.wbt,ekf_on_cluster_on,1,1,5.0
1782771920.8801682,65.3522207736969,-144.450613035229,200.0,0.2,5.776090548708921,8.073709710705918,0.891233414257206,-0.06426058051186796,5.730924875936021,1782771920.8791673,None,None,None, None, 1782771920.8245234,0.9804538194637521,apf_colreg,static_obstacle,1.0,0.6972922662551118,0.0,15.532166281419006,1.1942497349209003,7.332562072938469,0.888716066228837,0.5186003325117177,mr_webots_overtaking_large_ship.wbt,ekf_on_cluster_on,1,1,5.0
1782771920.9891102,65.46116280555725,120.31320325191741,200.0,0.2,5.768338423168105,8.129369148113302,0.8598083408342339,-0.015546639302563153,5.729550439872287,1782771920.9675746,7.87046209539525,1.0042864671588598,5.8226909903624335, 1782771921.0121179, 1782771920.9142058,0.9134973654083323,track,none,0.0,nan,nan,15.532166281419006,1.1942497349209003,7.3891631846112205,0.8692892980115252,0.5384810780645287,mr_webots_overtaking_large_ship.wbt,ekf_on_cluster_on,1,1,5.0
1782771921.123851,65.59590363502502,61.10813278152281,200.0,0.2,5.7802294587967875,7.890052738607377,0.9942745922291465,0.010588221779774847,5.730913765214663,1782771921.0963333,7.883667290656725,0.9978806908366907,5.8236500653732, 1782771921.097333, 1782771921.1228516,0.9925030559241685,track,none,0.0,nan,nan,15.532166281419006,1.1942497349209003,7.436986579053691,0.8488329592327594,0.5443631635712807,mr_webots_overtaking_large_ship.wbt,ekf_on_cluster_on,1,1,5.0
1782771921.2755096,65.74756217002869,64.60915764949796,200.0,0.2,5.7803098519347,7.9062537626773315,0.9851166890921397,0.13437750248718383,5.751964810851016,1782771921.2529893,None,None,None, None, 1782771921.253987,0.963031530104064,track,none,0.0,nan,nan,15.532166281419006,1.1942497349209003,7.166352271492326,1.0143577690517778,0.5606375532463019,mr_webots_overtaking_large_ship.wbt,ekf_on_cluster_on,1,1,5.0
1782771921.3391457,65.8111982345581,63.280330964500486,200.0,0.2,5.786973103962029,7.932319454091386,0.9705453222189395,0.13193337018868895,5.762340048988985,1782771921.3316293,None,None,None, None, 1782771921.3291128,0.9687480255934763,track,none,0.0,nan,nan,15.532166281419006,1.1942497349209003,7.166352271492326,1.0143577690517778,0.5606375532463019
1782771921.402479,65.87453150749207,59.908256455285205,200.0,0.2,5.7969164671068505,7.965449988728111,0.9524172518363416,0.13193337018868895,5.788726723026723,1782771921.3316293,None,None,None, None, 1782771921.4034843,0.9334182794024674,track,none,0.0,nan,nan,15.532166281419006,1.1942497349209003,7.205191176975616,0.9951398598743572,0.5584180349712132,mr_webots_overtaking_large_ship.wbt,ekf_on_cluster_on,1,1,5.0
1782771921.48584,65.9578926563263,56.03457914474051,200.0,0.2,5.80803554400423,8.002915906989658,0.9324623700397723,0.12701740712150297,5.79836156999956,1782771921.4898415,None,None,None, None, 1782771921.496357,0.9011869916018795,track,none,0.0,nan,nan,15.532166281419006,1.1942497349209003,7.259575572563182,0.9600689459905586,0.5590542744596632,mr_webots_overtaking_large_ship.wbt,ekf_on_cluster_on,1,1,5.0
1782771921.5951273,66.06717991828918,51.61720173619112,200.0,0.2,5.819939409529623,8.042798232949767,0.911814372973403,0.1272973237810178,5.8189970525959325,1782771921.5695884,None,None,None, None, 1782771921.5761034,0.9985648133992959,track,none,0.0,nan,nan,15.532166281419006,1.1942497349209003,7.259575572563182,0.9600689459905586,0.5590542744596632,mr_webots_overtaking_large_ship.wbt,ekf_on_cluster_on,1,1,5.0
1782771921.6792073,66.1512598991394,49.61945089783268,200.0,0.2,5.829671705350677,8.084049831759064,0.8910946903993331,0.10391707055404892,5.82805209747253,1782771921.6567256,None,None,None, None, 1782771921.6657236,1.0062448026287532,track,none,0.0,nan,nan,15.532166281419006,1.1942497349209003,7.259575572563182,0.9600689459905586,0.5590542744596632,mr_webots_overtaking_large_ship.wbt,ekf_on_cluster_on,1,1,5.0
1782771921.7773206,66.24937319755554,42.31461528380105,200.0,0.2,5.8442215806161695,8.126024682064893,0.8704824799608941,0.15165959404630358,5.840586935555432,1782771921.7393768,None,None,None, None, 1782771921.7528934,1.0105701785583363,track,none,0.0,nan,nan,15.532166281419006,1.1942497349209003,7.341360692971246,0.9347253442846872,0.5776825153237433,mr_webots_overtaking_large_ship.wbt,ekf_on_cluster_on,1,1,5.0
1782771921.8959198,66.3679723739624,34.318004952800536,200.0,0.2,5.859130447742868,8.16874006826832,0.8503571059031998,0.14193830501879884,5.854447319818157,1782771921.8370275,None,None,None, None, 1782771921.8710601,1.0997224003481774,track,none,0.0,nan,nan,15.532166281419006,1.1942497349209003,7.379310203006661,0.9229115077020428,0.5813303190133855,mr_webots_overtaking_large_ship.wbt,ekf_on_cluster_on,1,1,5.0
1782771921.9772646,66.44931721687317,19.27041004127792,200.0,0.2,5.879810977508216,8.212129178712642,0.8307280114985574,0.1884077522765422,5.87329598298176,1782771921.9370694,None,None,None, None, 1782771921.9575856,1.0940382118756267,track,none,0.0,nan,nan,15.532166281419006,1.1942497349209003,7.379310203006661,0.9229115077020428,0.5813303190133855,mr_webots_overtaking_large_ship.wbt,ekf_on_cluster_on,1,1,5.0
1782771922.0778167,66.54986929893494,13.373854236514626,200.0,0.2,5.892175338526512,8.256451068309934,0.8118922821756485,0.09732316659963948,5.8818788742996535,1782771922.025259,None,None,None, None, 1782771922.0522895,1.0046865460969676,track,none,0.0,nan,nan,15.532166281419006,1.1942497349209003,7.462693954161903,0.8777831551255576,0.5833628730617441,mr_webots_overtaking_large_ship.wbt,ekf_on_cluster_on,1,1,5.0
1782771922.1796117,66.65166425704956,-42.42725066239499,200.0,0.2,5.921249472188206,8.011000453936484,0.9399056210892586,0.10555309133476846,5.891864998059835,1782771922.1198666,8.007803224337005,0.9415196421299143,5.955839299752639, 1782771922.107866, 1782771922.145923,1.0972255244978568,track,none,0.0,nan,nan,15.532166281419006,1.1942497349209003,7.462693954161903,0.8777831551255576,0.5833628730617441,mr_webots_overtaking_large_ship.wbt,ekf_on_cluster_on,1,1,5.0
1782771922.2803063,66.75235891342163,-45.199026051203674,200.0,0.2,5.930306469738561,8.038646365228642,0.9294100444303943,0.10965366560994894,5.902972992942025,1782771922.2211673,None,None,None, None, 1782771922.2391872,1.04369133569454,track,none,0.0,nan,nan,15.532166281419006,1.1942497349209003,7.240923909538349,0.9912639789245538,0.5997888664735967,mr_webots_overtaking_large_ship.wbt,ekf_on_cluster_on,1,1,5.0
1782771922.3855007,66.85755324363708,-51.33516022456371,200.0,0.2,5.947051303885606,8.077478230035524,0.9150738147437956,0.17347006774812654,5.92009466213589,1782771922.3198683,None,None,None, None, 1782771922.3589509,0.9449363047757025,track,none,0.0,nan,nan,15.532166281419006,1.1942497349209003,7.240923909538349,0.9912639789245538,0.5997888664735967,mr_webots_overtaking_large_ship.wbt,ekf_on_cluster_on,1,1,5.0
1782771922.47706,66.9491126537323,-55.90221785090515,200.0,0.2,5.9616795148517365,8.123148442190317,0.8992189593298292,0.11991516890835252,5.934983878874774,1782771922.444033,None,None,None, None, 1782771922.4475436,1.0490038020858834,track,none,0.0,nan,nan,15.532166281419006,1.1942497349209003,7.3028560429877025,0.9739929273886113,0.6130957723962446,mr_webots_overtaking_large_ship.wbt,ekf_on_cluster_on,1,1,5.0
1782771922.5782042,67.05025672912598,-59.047042767107726,200.0,0.2,5.9739329035604145,8.172200829150565,0.8829580009648836,0.10025980748667779,5.944071147802857,1782771922.53467,None,None,None, None, 1782771922.5336676,1.0386473155975688,track,none,0.0,nan,nan,15.532166281419006,1.1942497349209003,7.3028560429877025,0.9739929273886113,0.6130957723962446,mr_webots_overtaking_large_ship.wbt,ekf_on_cluster_on,1,1,5.0
1782771922.6775508,67.1496033668518,-62.36671903814768,200.0,0.2,5.986548132694756,8.222809886938052,0.8668086037982334,0.1104270661956645,5.9559550454808665,1782771922.6422877,None,None,None, None, 1782771922.636286,1.0790582069536692,track,none,0.0,nan,nan,15.532166281419006,1.1942497349209003,7.3868929185602275,0.951637241958502,0.6253193801610255,mr_webots_overtaking_large_ship.wbt,ekf_on_cluster_on,1,1,5.0
1782771922.7947547,67.26680731773376,-63.86810281573109,200.0,0.2,5.995616841402989,8.274291328841315,0.851089806388174,0.0784196232297004,5.964887223315706,1782771922.75619,None,None,None, None, 1782771922.7376733,1.0718165606174062,track,none,0.0,nan,nan,15.532166281419006,1.1942497349209003,7.3868929185602275,0.951637241958502,0.6253193801610255,mr_webots_overtaking_large_ship.wbt,ekf_on_cluster_on,1,1,5.0
1782771922.8924136,67.36446619033813,-67.42121913732399,200.0,0.2,6.008513822200779,8.326210730426231,0.8356773152902015,0.12197259246327893,5.97459552634122,1782771922.8357842,None,None,None, None, 1782771922.831785,0.9398902206158694,track,none,0.0,nan,nan,0.0,0.0,7.480178647225964,0.9312701336655267,0.6432059506860632,mr_webots_overtaking_large_ship.wbt,ekf_on_cluster_on,1,1,5.0
1782771923.0235782,67.49563074111938,-69.85750602743926,200.0,0.2,6.01908354913844,8.378659230802278,0.8209064335533753,0.09218054801917169,5.985953790640347,1782771922.9590018,None,None,None, None, 1782771922.978035,0.9676353056643068,track,none,0.0,nan,nan,0.0,0.0,7.480178647225964,0.9312701336655267,0.6432059506860632,mr_webots_overtaking_large_ship.wbt,ekf_on_cluster_on,1,1,5.0
1782771923.0914924,67.5635449886322,-79.128859055959,200.0,0.2,6.042913506861778,8.431508940388717,0.8065934243662127,0.213060672110904,6.008456121547141,1782771923.0646164,None,None,None, None, 1782771923.086466,1.030993617507379,track,none,0.0,nan,nan,0.0,0.0,7.56275196958276,0.9054280255016972,0.6585331029515862,mr_webots_overtaking_large_ship.wbt,ekf_on_cluster_on,1,1,5.0
1782771923.1805623,67.65261483192444,-107.12483808902871,200.0,0.2,6.064461841719189,8.147972519270661,0.8972107916252111,0.09946534547865038,6.017261652624943,1782771923.153145,8.143624081739352,0.8985454454619343,6.076814945959584, 1782771923.114499, 1782771923.1945667,0.9056706664662191,track,none,0.0,nan,nan,0.0,0.0,7.622228180977812,0.8795293721764235,0.6617164167908737,mr_webots_overtaking_large_ship.wbt,ekf_on_cluster_on,1,1,5.0
1782771923.277511,67.74956345558167,-113.2638423383869,200.0,0.2,6.0808002827421745,8.182008886526765,0.8897600895124729,0.1405037507620869,6.028330931079264,1782771923.2319279,None,None,None, None, 1782771923.301545,0.9607640245416642,track,none,0.0,nan,nan,0.0,0.0,7.345285187806125,0.96215530688548,0.6705269085408261,mr_webots_overtaking_large_ship.wbt,ekf_on_cluster_on,1,1,5.0
1782771923.3946712,67.86672377586365,-117.7503339353765,200.0,0.2,6.0946306572179685,8.230241083593647,0.8800819759887037,0.0942337333696908,6.039418184374894,1782771923.3495848,None,None,None, None, 1782771923.3926709,0.9266557569529531,track,none,0.0,nan,nan,0.0,0.0,7.353519608491965,0.9632564790033624,0.6805332381881346,mr_webots_overtaking_large_ship.wbt,ekf_on_cluster_on,1,1,5.0
1782771923.4777048,67.94975733757019,-121.12361199763008,200.0,0.2,6.106395796271207,8.285675170548256,0.8696894262694848,0.08214945902850235,6.047265944501942,1782771923.445115,None,None,None, None, 1782771923.4797137,1.0411831137785545,track,none,0.0,nan,nan,0.0,0.0,7.353519608491965,0.9632564790033624,0.6805332381881346,mr_webots_overtaking_large_ship.wbt,ekf_on_cluster_on,1,1,5.0
1782771923.577443,68.0494954586029,-132.83479351367976,200.0,0.2,6.1377725991229815,8.34392345348013,0.8594178070961735,0.2679496212801608,6.067938669606606,1782771923.5222666,None,None,None, None, 1782771923.5619116,0.940842672408018,track,none,0.0,nan,nan,0.0,0.0,7.432657817958912,0.9432291849571597,0.6919843906454668,mr_webots_overtaking_large_ship.wbt,ekf_on_cluster_on,1,1,5.0
1782771923.6780598,68.15011239051819,-141.01575538251683,200.0,0.2,6.160981578984779,8.404251259042478,0.8511742407349758,0.13195979146637418,6.078060139245685,1782771923.681064,None,None,None, None, 1782771923.6369956,1.048280809557389,track,none,0.0,nan,nan,0.0,0.0,7.480803733607634,0.9153725772809099,0.7014206619512915,mr_webots_overtaking_large_ship.wbt,ekf_on_cluster_on,1,1,5.0
1782771923.7786975,68.25075006484985,-147.38143121315764,200.0,0.2,6.1798544522244105,8.465898576708557,0.8441212482504588,0.1033146274730892,6.095956044347972,1782771923.7721853,None,None,None, None, 1782771923.7890213,0.9907313589757161,track,none,0.0,nan,nan,0.0,0.0,7.539107661120907,0.9053330482485631,0.7122221827507023,mr_webots_overtaking_large_ship.wbt,ekf_on_cluster_on,1,1,5.0
1782771923.8818927,68.35394525527954,-151.53962509818692,200.0,0.2,6.193061529644422,8.52851192978765,0.8380482186807177,0.06574822998511341,6.102806563521507,1782771923.8763785,None,None,None, None, 1782771923.882892,1.055292302578325,track,none,0.0,nan,nan,0.0,0.0,7.582564603061609,0.8883990006471253,0.7184038811882933,mr_webots_overtaking_large_ship.wbt,ekf_on_cluster_on,1,1,5.0
1782771923.9795551,68.4516077041626,-154.96709535674174,200.0,0.2,6.204307578039178,8.591775561888749,0.8326105344957488,0.06574822998511341,6.115956209518529,1782771923.9825559,None,None,None, None, 1782771923.9540334,0.9093650670463455,track,none,0.0,nan,nan,0.0,0.0,7.634429340175408,0.8839653385144263,0.7265708796567865,mr_webots_overtaking_large_ship.wbt,ekf_on_cluster_on,1,1,5.0
1782771924.077967,68.55001950263977,-157.5490264606289,200.0,0.2,6.213191427489433,8.655547706016222,0.8277813615145515,0.05316894050448239,6.125609856016428,1782771924.057944,None,None,None, None, 1782771924.0539358,1.0774488320615048,track,none,0.0,nan,nan,0.0,0.0,7.634429340175408,0.8839653385144263,0.7265708796567865,mr_webots_overtaking_large_ship.wbt,ekf_on_cluster_on,1,1,5.0
1782771924.1773045,68.6493570804596,-160.13714324683505,200.0,0.2,6.204162655701485,8.308067879391453,0.8679153908333668,0.06500225387628848,6.131904823070078,1782771924.1547863,8.30263235708639,0.868502784209117,6.1687337451428546, 1782771924.124758, 1782771924.1497846,1.0895839933063671,track,none,0.0,nan,nan,0.0,0.0,7.745525141363792,0.8743853949271801,0.7462055060897478,mr_webots_overtaking_large_ship.wbt,ekf_on_cluster_on,1,1,5.0
1782771924.2779522,68.75000476837158,-163.02280996307428,200.0,0.2,6.213436787556027,8.34876483462872,0.8647845808635939,0.07481438989202305,6.13917046119824,1782771924.2519019,None,None,None, None, 1782771924.2529018,0.9652254261268388,track,none,0.0,nan,nan,0.0,0.0,7.3725387434915675,0.9383831870350623,0.7642942202836639,mr_webots_overtaking_large_ship.wbt,ekf_on_cluster_on,1,1,5.0
1782771924.3800976,68.85215020179749,-166.07961636832897,200.0,0.2,6.223617981111105,8.405435677337454,0.8609852283911579,0.07331944431058837,6.144237439521058,1782771924.32101,None,None,None, None, 1782771924.3300154,1.0784881587234367,track,none,0.0,nan,nan,0.0,0.0,7.3725387434915675,0.9383831870350623,0.7642942202836639,mr_webots_overtaking_large_ship.wbt,ekf_on_cluster_on,1,1,5.0
1782771924.4787602,68.95081281661987,-168.89068187294626,200.0,0.2,6.233169819112391,8.468706838557893,0.8574123604663573,0.06198740281893625,6.15346488292374,1782771924.46987,None,None,None, None, 1782771924.4188008,1.0489071702936577,track,none,0.0,nan,nan,0.0,0.0,7.457587329175882,0.9243370750172388,0.7775131500523819,mr_webots_overtaking_large_ship.wbt,ekf_on_cluster_on,1,1,5.0
1782771924.5774026,69.04945516586304,-172.4744174686594,200.0,0.2,6.244986033001467,8.5339429757194,0.8543423266963313,0.08318781570279093,6.160619746224903,1782771924.5558786,None,None,None, None, 1782771924.5734017,1.0510103608220323,track,none,0.0,nan,nan,0.0,0.0,7.51759448619795,0.9168942022526592,0.7968348843251568,mr_webots_overtaking_large_ship.wbt,ekf_on_cluster_on,1,1,5.0
1782771924.6770556,69.14910817146301,-175.25310485137265,200.0,0.2,6.254295383062825,8.599956089509813,0.8520766689507653,0.05263011683537657,6.164917021344269,1782771924.6375291,None,None,None, None, 1782771924.6660452,1.0002977883492394,track,none,0.0,nan,nan,0.0,0.0,7.51759448619795,0.9168942022526592,0.7968348843251568,mr_webots_overtaking_large_ship.wbt,ekf_on_cluster_on,1,1,5.0
1782771924.7784004,69.2504529953003,-178.40925376188784,200.0,0.2,6.264742479706324,8.66640498101428,0.8503717386367136,0.06774260912098107,6.1701891592066955,1782771924.7153552,None,None,None, None, 1782771924.7444022,1.0240042564434766,track,none,0.0,nan,nan,0.0,0.0,7.636057642384949,0.9109856299614189,0.8169297075458735,mr_webots_overtaking_large_ship.wbt,ekf_on_cluster_on,1,1,5.0
1782771924.8772662,69.34931874275208,-180.81029372513575,200.0,0.2,6.272736418869778,8.733265632663125,0.8493806484084754,0.04287413580236171,6.176401512624348,1782771924.8602526,None,None,None, None, 1782771924.8357248,0.9537073853900684,track,none,0.0,nan,nan,0.0,0.0,7.687505283175969,0.9136880019392211,0.8273675111110996,mr_webots_overtaking_large_ship.wbt,ekf_on_cluster_on,1,1,5.0
1782771924.9806702,69.45272278785706,-183.19707476418245,200.0,0.2,6.2806462877004305,8.80045063530342,0.8488740540162834,0.047571531595113,6.180389462423811,1782771924.9440832,None,None,None, None, 1782771924.9430835,0.9773033699090121,track,none,0.0,nan,nan,0.0,0.0,7.74473056140063,0.9046752078781721,0.840463621341909,mr_webots_overtaking_large_ship.wbt,ekf_on_cluster_on,1,1,5.0
1782771925.0771775,69.54923009872437,-185.22906679498314,200.0,0.2,0.004144797667839184,8.867941476258675,0.8488924263209476,0.037472974987806856,6.1847207080887205,1782771925.0596664,None,None,None, None, 1782771925.0375154,0.9433494790636886,track,none,0.0,nan,nan,0.0,0.0,7.798195537011797,0.9122070040151922,0.8467408848526484,mr_webots_overtaking_large_ship.wbt,ekf_on_cluster_on,1,1,5.0
1782771925.1788983,69.65095090866089,-180.76584230838148,200.0,0.2,-0.0111242758264277,8.48545154982926,0.8507131949825302,0.036268097313059106,6.188191185461055,1782771925.155356,8.479505119350584,0.8507313596774411,6.23070986477385, 1782771925.126659, 1782771925.1089828,1.0189950761574478,track,none,0.0,nan,nan,0.0,0.0,7.8546606055764565,0.9048643903597918,0.8664773033040917,mr_webots_overtaking_large_ship.wbt,ekf_on_cluster_on,1,1,5.0
1782771925.2775934,69.74964594841003,-182.54630486085446,200.0,0.2,6.277949292101684,8.527739945560914,0.8503228566822756,0.04192433161702342,6.191824833975741,1782771925.2420275,None,None,None, None, 1782771925.2897263,0.9921478914573431,track,none,0.0,nan,nan,0.0,0.0,7.438324223116173,0.9305908461991447,0.8715726875887454,mr_webots_overtaking_large_ship.wbt,ekf_on_cluster_on,1,1,5.0
1782771925.3827631,69.85481572151184,-184.25982181960632,200.0,0.2,6.283627600496716,8.587230062069981,0.8501312505249583,0.036476792157606956,6.194833046752905,1782771925.3244967,None,None,None, None, 1782771925.3737333,0.9649931033225975,track,none,0.0,nan,nan,0.0,0.0,7.438324223116173,0.9305908461991447,0.8715726875887454,mr_webots_overtaking_large_ship.wbt,ekf_on_cluster_on,1,1,5.0
1782771925.4801774,69.95222997665405,-186.4104075254059,200.0,0.2,0.007534856383062213,8.653208040255405,0.85028752501848,0.0497111585101682,6.199330762731695,1782771925.4931748,None,None,None, None, 1782771925.4526198,0.9607694157080653,track,none,0.0,nan,nan,0.0,0.0,7.520846367112168,0.9375548864397788,0.8867660029635034,mr_webots_overtaking_large_ship.wbt,ekf_on_cluster_on,1,1,5.0
1782771925.5784266,70.05047917366028,-188.38357842167352,200.0,0.2,0.013957537612962348,8.72083274495013,0.8509660613369974,0.03800089024685066,6.205332384387899,1782771925.5729074,None,None,None, None, 1782771925.52773,0.9568288465620004,track,none,0.0,nan,nan,0.0,0.0,7.520846367112168,0.9375548864397788,0.8867660029635034,mr_webots_overtaking_large_ship.wbt,ekf_on_cluster_on,1,1,5.0
1782771925.677211,70.14926362037659,-190.44594045364047,200.0,0.2,0.020649269616073832,8.78894046595202,0.8520806860908543,0.040944859186109794,6.208763049371594,1782771925.656695,None,None,None, None, 1782771925.6125016,1.0979374335840644,track,none,0.0,nan,nan,0.0,0.0,7.643506754748005,0.9302149039789936,0.9043604084828035,mr_webots_overtaking_large_ship.wbt,ekf_on_cluster_on,1,1,5.0
1782771925.777844,70.24989652633667,-193.48187721250855,200.0,0.2,0.030803316279014434,8.857336200171472,0.8536682501520545,0.07044182441659244,6.215214626234052,1782771925.7482822,None,None,None, None, 1782771925.7913644,0.9710546595105625,track,none,0.0,nan,nan,0.0,0.0,7.643506754748005,0.9302149039789936,0.9043604084828035,mr_webots_overtaking_large_ship.wbt,ekf_on_cluster_on,1,1,5.0
1782771925.8784902,70.35054278373718,-195.75353519018842,200.0,0.2,0.03815976806143877,8.92608021855553,0.8560585803671366,0.034652457004845365,6.217956036722761,1782771925.8273938,None,None,None, None, 1782771925.8800037,1.0621354466355337,track,none,0.0,nan,nan,0.0,0.0,7.762399700108237,0.9209034679334318,0.9377025467916505,mr_webots_overtaking_large_ship.wbt,ekf_on_cluster_on,1,1,5.0
1782771925.977114,70.44916653633118,-197.79763648650112,200.0,0.2,0.04468436689498411,8.99510987859117,0.858924892115775,0.03203260015761512,6.222639567580242,1782771925.9736052,None,None,None, None, 1782771925.957094,0.91722656177616,track,none,0.0,nan,nan,0.0,0.0,7.818406060365565,0.9151552108549211,0.943864472811327,mr_webots_overtaking_large_ship.wbt,ekf_on_cluster_on,1,1,5.0
1782771926.0794804,70.55153298377991,-199.37928727170913,200.0,0.2,0.04943257158095931,9.064389381911734,0.862230107242496,0.019052102786212055,6.224237048286521,1782771926.0574532,None,None,None, None, 1782771926.0298252,0.9566871109615618,track,none,0.0,nan,nan,0.0,0.0,7.88284074376513,0.9189546286113156,0.9554976613880469,mr_webots_overtaking_large_ship.wbt,ekf_on_cluster_on,1,1,5.0
1782771926.1798205,70.65187311172485,-192.60218501441835,200.0,0.2,0.03177809435855918,8.66667156780479,0.8433047487233205,0.023533735941451632,6.226196861299483,1782771926.14073,8.66050124685939,0.8430072504863857,6.271966640711847, 1782771926.135728, 1782771926.14073,1.0246632010751804,track,none,0.0,nan,nan,0.0,0.0,7.940284615212745,0.9176359842695733,0.9673919038390352,mr_webots_overtaking_large_ship.wbt,ekf_on_cluster_on,1,1,5.0
1782771926.2770164,70.74906897544861,-193.93024522163918,200.0,0.2,0.03598116429673148,8.71003280295006,0.8447607467047487,0.024747708069830492,6.228279536220367,1782771926.2248862,None,None,None, None, 1782771926.2278872,1.0215306726126219,track,none,0.0,nan,nan,0.0,0.0,7.940284615212745,0.9176359842695733,0.9673919038390352,mr_webots_overtaking_large_ship.wbt,ekf_on_cluster_on,1,1,5.0
1782771926.3771894,70.8492419719696,-195.6931124237462,200.0,0.2,0.041522103108956175,8.771210841969538,0.8470677065512646,0.038112301502843504,6.231168010303725,1782771926.3813648,None,None,None, None, 1782771926.3147407,1.0066269213453878,track,none,0.0,nan,nan,0.0,0.0,7.559055338866,0.9240847903670917,0.9995694669988108,mr_webots_overtaking_large_ship.wbt,ekf_on_cluster_on,1,1,5.0
1782771926.4773712,70.94942378997803,-196.76008287158606,200.0,0.2,0.044316195806524405,8.838786965202722,0.8500296157201674,0.006199386789185964,6.232206058889596,1782771926.4681184,None,None,None, None, 1782771926.4785678,1.083190613157477,track,none,0.0,nan,nan,0.0,0.0,7.613553788727217,0.9199631016883184,1.0104532285133434,mr_webots_overtaking_large_ship.wbt,ekf_on_cluster_on,1,1,5.0
1782771926.5774813,71.04953384399414,-198.11007253976317,200.0,0.2,0.0481634045308951,8.90774652510808,0.8531799146566321,0.024095762375889746,6.2345638829733625,1782771926.5659707,None,None,None, None, 1782771926.5786066,1.0562603609378978,track,none,0.0,nan,nan,0.0,0.0,7.666794785043028,0.9306238937423837,1.0149152974784723,mr_webots_overtaking_large_ship.wbt,ekf_on_cluster_on,1,1,5.0
1782771926.6788964,71.15094900131226,-199.67821652221826,200.0,0.2,0.05282356815421438,8.977049049905727,0.8566322589716435,0.02903214920901217,6.236575815985844,1782771926.6352708,None,None,None, None, 1782771926.663318,1.0528591235254532,track,none,0.0,nan,nan,0.0,0.0,7.666794785043028,0.9306238937423837,1.0149152974784723,mr_webots_overtaking_large_ship.wbt,ekf_on_cluster_on,1,1,5.0
1782771926.7774549,71.24950742721558,-200.0,200.0,0.2,0.0567804181960654,9.046555998272193,0.8604482045873958,0.01944725614453513,6.239182097277309,1782771926.7692888,None,None,None, None, 1782771926.7380395,0.9421402609111824,track,none,0.0,nan,nan,0.0,0.0,7.785048543724941,0.9357523776329594,1.0336201925648023,mr_webots_overtaking_large_ship.wbt,ekf_on_cluster_on,1,1,5.0
1782771926.8776543,71.34970688819885,-200.0,199.14613779872568,0.2,0.06062236163547499,9.116113897619643,0.8645321537711332,0.01964020398178934,6.241104024005198,1782771926.8671455,None,None,None, None, 1782771926.8351371,0.9322044533833435,track,none,0.0,nan,nan,0.0,0.0,7.845316469568643,0.9353253977733239,1.0454808311376524,mr_webots_overtaking_large_ship.wbt,ekf_on_cluster_on,1,1,5.0
1782771926.994428,71.46648049354553,-200.0,197.7186987691552,0.2,0.06435470772165111,9.185569892535735,0.8688751036887652,0.018981910999775666,6.242470522975882,1782771926.939135,None,None,None, None, 1782771926.9095652,1.0436862968961367,track,none,0.0,nan,nan,0.0,0.0,7.899490730671188,0.9353470359307403,1.0602196563721844,mr_webots_overtaking_large_ship.wbt,ekf_on_cluster_on,1,1,5.0
1782771927.0774999,71.54955244064331,-200.0,196.4138455443803,0.2,0.06743596231929275,9.254839991335318,0.8734667005219627,0.013166083140633607,6.243554238465104,1782771927.0214462,None,None,None, None, 1782771927.0805051,0.9778871731862848,track,none,0.0,nan,nan,0.0,0.0,7.951584275924463,0.9356475141931355,1.0714531991532235,mr_webots_overtaking_large_ship.wbt,ekf_on_cluster_on,1,1,5.0
1782771927.1775057,71.64955830574036,-197.62722341434676,200.0,0.2,0.0506044715429272,8.84966761740275,0.842450868511467,0.014477983175353646,6.245012556549811,1782771927.1221728,8.843403978225123,0.8419780932792469,0.012310420125116295, 1782771927.137682, 1782771927.154196,0.9075525829712541,track,none,0.0,nan,nan,0.0,0.0,8.014345919319487,0.9371656592697836,1.0832891173298438,mr_webots_overtaking_large_ship.wbt,ekf_on_cluster_on,1,1,5.0
1782771927.279676,71.75172853469849,-198.49404178162845,200.0,0.2,0.053018143075496973,8.892550019134228,0.8446774036034981,0.011307442711060251,6.246719729938876,1782771927.2731507,None,None,None, None, 1782771927.2365537,0.9174026562864552,track,none,0.0,nan,nan,0.0,0.0,7.574554720606607,0.9353981703805433,1.0987292691666615,mr_webots_overtaking_large_ship.wbt,ekf_on_cluster_on,1,1,5.0
1782771927.3771315,71.84918403625488,-199.45626295834603,200.0,0.2,0.05539957960652794,8.953976687462703,0.8480033626100116,0.013050334904646747,6.2477405817133,1782771927.3513749,None,None,None, None, 1782771927.3230186,1.0176497502654107,track,none,0.0,nan,nan,0.0,0.0,7.6640619794314135,0.9374582660656794,1.107453059123438,mr_webots_overtaking_large_ship.wbt,ekf_on_cluster_on,1,1,5.0
1782771927.4773726,71.9494252204895,-200.0,200.0,0.2,0.0578027422275188,9.021995059555675,0.8518490335705877,0.013093996979473672,6.2487928893938705,1782771927.4317405,None,None,None, None, 1782771927.480378,1.0291362640827029,track,none,0.0,nan,nan,0.0,0.0,7.727585259270807,0.9287975088143393,1.1206985661177629,mr_webots_overtaking_large_ship.wbt,ekf_on_cluster_on,1,1,5.0
1782771927.5894043,72.06145691871643,-200.0,200.0,0.2,0.0600568891061413,9.09134058556222,0.8559387866825929,0.011449166355905054,6.249699478086367,1782771927.611603,None,None,None, None, 1782771927.5469773,0.9352964512922539,track,none,0.0,nan,nan,0.0,0.0,7.781154895924818,0.9306633591799269,1.133124584476606,mr_webots_overtaking_large_ship.wbt,ekf_on_cluster_on,1,1,5.0
1782771927.6796975,72.15175008773804,-200.0,199.23321280326917,0.2,0.062013891734378046,9.160869505902618,0.8601929858073305,0.009191500873285878,6.250624866282899,1782771927.6856973,None,None,None, None, 1782771927.6361144,0.9381634935238401,track,none,0.0,nan,nan,0.0,0.0,7.781154895924818,0.9306633591799269,1.133124584476606,mr_webots_overtaking_large_ship.wbt,ekf_on_cluster_on,1,1,5.0
1782771927.7768407,72.24889326095581,-200.0,198.30717555279475,0.2,0.06382770249237592,9.230331321138033,0.8645733875128272,0.008617545068139006,6.2519280286020615,1782771927.762825,None,None,None, None, 1782771927.7292385,0.9786880907240135,track,none,0.0,nan,nan,0.0,0.0,7.844313000761874,0.9330710779827427,1.143572702138348,mr_webots_overtaking_large_ship.wbt,ekf_on_cluster_on,1,1,5.0
1782771927.877214,72.34926652908325,-200.0,197.43469198972696,0.2,0.06535211407085134,9.299674982663921,0.8690703520314074,0.006311268030880514,6.252552057022245,1782771927.8617003,None,None,None, None, 1782771927.8431828,0.9395472608416492,track,none,0.0,nan,nan,0.0,0.0,7.900242238240093,0.9358726829788464,1.1566792129218293,mr_webots_overtaking_large_ship.wbt,ekf_on_cluster_on,1,1,5.0
1782771927.9792216,72.45127415657043,-200.0,196.56521853214676,0.2,0.06679326811094645,9.368901068149786,0.8736604216726747,0.006163781731307078,6.253078653303886,1782771927.9471343,None,None,None, None, 1782771927.923549,1.0061817695094666,track,none,0.0,nan,nan,0.0,0.0,7.900242238240093,0.9358726829788464,1.1566792129218293,mr_webots_overtaking_large_ship.wbt,ekf_on_cluster_on,1,1,5.0
1782771928.0783172,72.55036973953247,-200.0,195.72209460605163,0.2,0.06806684592012129,9.43800984201369,0.8783419820076404,0.004774992500136885,6.253535458548727,1782771928.0428004,None,None,None, None, 1782771928.0683122,0.9550271357562522,track,none,0.0,nan,nan,0.0,0.0,8.013760129548164,0.9424598009547499,1.179927134064042,mr_webots_overtaking_large_ship.wbt,ekf_on_cluster_on,1,1,5.0
1782771928.1777563,72.64980888366699,-198.5922136086415,200.0,0.2,0.05316125811205714,9.03777118499342,0.8452622034069709,0.0014177364480980476,6.253720806886591,1782771928.1735358,9.031573961593738,0.8447624468027415,0.022821101024016244, 1782771928.14151, 1782771928.180762,0.9208674985887001,track,none,0.0,nan,nan,0.0,0.0,8.013760129548164,0.9424598009547499,1.179927134064042,mr_webots_overtaking_large_ship.wbt,ekf_on_cluster_on,1,1,5.0
1782771928.277829,72.74988150596619,-198.98116765048448,200.0,0.2,0.05373045277566785,9.081138944344811,0.8475852966691804,0.002010243218104495,6.253880174932854,1782771928.2528138,None,None,None, None, 1782771928.2528138,1.0354906765837324,track,none,0.0,nan,nan,0.0,0.0,7.65134973987295,0.9432299108214317,1.2137250762466931,mr_webots_overtaking_large_ship.wbt,ekf_on_cluster_on,1,1,5.0
1782771928.3780298,72.85008239746094,-199.44803610409113,200.0,0.2,0.054206619567519425,9.142846715410982,0.8509182636186097,0.0024677576143353266,6.254105025250971,1782771928.343929,None,None,None, None, 1782771928.3318853,1.049779667057083,track,none,0.0,nan,nan,0.0,0.0,7.69110917651503,0.9466193573766598,1.2294582816525832,mr_webots_overtaking_large_ship.wbt,ekf_on_cluster_on,1,1,5.0
1782771928.484753,72.95680546760559,-199.97277823599734,200.0,0.2,0.054769969883437256,9.210937953475234,0.8546265143922369,0.003538103405992109,6.254422477423411,1782771928.4336529,None,None,None, None, 1782771928.49227,0.9609952360113062,track,none,0.0,nan,nan,0.0,0.0,7.74742904924336,0.9508188135852564,1.24132898479324,mr_webots_overtaking_large_ship.wbt,ekf_on_cluster_on,1,1,5.0
1782771928.5775344,73.04958701133728,-200.0,200.0,0.2,0.056025705801663044,9.280306378044124,0.8584469229931528,0.009411742006738685,6.255190728672573,1782771928.5152798,None,None,None, None, 1782771928.5689998,0.9746893145164791,track,none,0.0,nan,nan,0.0,0.0,7.802106747730703,0.954915291741292,1.251802763087253,mr_webots_overtaking_large_ship.wbt,ekf_on_cluster_on,1,1,5.0
1782771928.6802194,73.15227198600769,-200.0,200.0,0.2,0.057087346613047596,9.349855535410123,0.8623833909127541,0.005444157526898443,6.25559502606887,1782771928.6832144,None,None,None, None, 1782771928.648635,0.9515067308945921,track,none,0.0,nan,nan,0.0,0.0,7.861455707566455,0.9577474389784516,1.261846171629463,mr_webots_overtaking_large_ship.wbt,ekf_on_cluster_on,1,1,5.0
1782771928.7815216,73.25357413291931,-200.0,199.6512748414288,0.2,0.05792415086443861,9.419425692458862,0.8663937920435529,0.003590907534834772,6.256194507489269,1782771928.7564867,None,None,None, None, 1782771928.7332618,0.9594162225715268,track,none,0.0,nan,nan,0.0,0.0,7.919198221643679,0.9611087011630549,1.2710239129110295,mr_webots_overtaking_large_ship.wbt,ekf_on_cluster_on,1,1,5.0
1782771928.8843427,73.35639524459839,-200.0,199.0694852920835,0.2,0.058558873581811534,9.488957425344143,0.8704553896672422,0.002357196989910162,6.256410967800641,1782771928.8483162,None,None,None, None, 1782771928.8227756,0.9281513396851236,track,none,0.0,nan,nan,0.0,0.0,7.977085989456118,0.9650557413763705,1.2811341245365675,mr_webots_overtaking_large_ship.wbt,ekf_on_cluster_on,1,1,5.0
1782771929.0059333,73.47798585891724,-200.0,198.47968008365518,0.2,0.0591935688133927,9.55841764617913,0.8745525694254468,0.0028552645859347752,6.2566551637259895,1782771928.933841,None,None,None, None, 1782771929.0139408,0.9739724664472483,track,none,0.0,nan,nan,0.0,0.0,7.977085989456118,0.9650557413763705,1.2811341245365675,mr_webots_overtaking_large_ship.wbt,ekf_on_cluster_on,1,1,5.0
1782771929.1022463,73.57429885864258,-200.0,197.85501838574032,0.2,0.059928052201717694,9.6278006897423,0.8786900748042683,0.003661287235089887,6.257001562387347,1782771929.0284522,None,None,None, None, 1782771929.1301737,0.9407866848148545,track,none,0.0,nan,nan,0.0,0.0,8.081311630115577,0.9733713293531084,1.3025268595320465,mr_webots_overtaking_large_ship.wbt,ekf_on_cluster_on,1,1,5.0
1782771929.1892571,73.6613097190857,-197.89198428323633,200.0,0.2,0.04879190154560586,9.222932042334204,0.8495204359751157,0.001201724244190125,6.257142451334105,1782771929.1456912,9.216669636389547,0.8490798770395714,0.02639090104466657, 1782771929.141692, 1782771929.1301737,0.9407866848148545,track,none,0.0,nan,nan,0.0,0.0,8.144840618125466,0.9775481072834842,1.3115687135783847,mr_webots_overtaking_large_ship.wbt,ekf_on_cluster_on,1,1,5.0
1782771929.2814486,73.7535011768341,-198.20284675168568,200.0,0.2,0.049134979223966445,9.266013873487683,0.8516299217700976,0.002165913155726752,6.257300209165479,1782771929.3059626,None,None,None, None, 1782771929.3059626,1.0438424555962729,track,none,0.0,nan,nan,0.0,0.0,7.735828084509692,0.967175700968393,1.3326609531764675,mr_webots_overtaking_large_ship.wbt,ekf_on_cluster_on,1,1,5.0
1782771929.3855982,73.85765075683594,-198.66932845730088,200.0,0.2,0.04971478606393954,9.327514651438383,0.8546541953891167,0.006603236745170996,6.25787756164281,1782771929.3901043,None,None,None, None, 1782771929.388101,1.017868141952,track,none,0.0,nan,nan,0.0,0.0,7.794552610351094,0.9585390898281236,1.348933932718572,mr_webots_overtaking_large_ship.wbt,ekf_on_cluster_on,1,1,5.0
1782771929.4772048,73.94925737380981,-199.20247991001315,200.0,0.2,0.0504131679038623,9.395483855128095,0.858053709353328,0.0042845503386155885,6.258540481863685,1782771929.460686,None,None,None, None, 1782771929.4711971,1.040042567041039,track,none,0.0,nan,nan,0.0,0.0,7.794552610351094,0.9585390898281236,1.348933932718572,mr_webots_overtaking_large_ship.wbt,ekf_on_cluster_on,1,1,5.0
1782771929.5791261,74.05117869377136,-199.7882027292046,200.0,0.2,0.051284346083072946,9.464761704932837,0.8615685775588133,0.005648020153243622,6.258943374391677,1782771929.5320194,None,None,None, None, 1782771929.5562186,1.0996981651900417,track,none,0.0,nan,nan,0.0,0.0,7.855924614901028,0.9619189176227584,1.3617554205410247,mr_webots_overtaking_large_ship.wbt,ekf_on_cluster_on,1,1,5.0
1782771929.6779695,74.15002202987671,-200.0,200.0,0.2,0.052356809293200565,9.53429132293751,0.8651632097501221,0.006695552698126682,6.259449827347376,1782771929.6844952,None,None,None, None, 1782771929.6332,0.9628966079557882,track,none,0.0,nan,nan,0.0,0.0,7.9114011490723515,0.96515363392587,1.3779393013887462,mr_webots_overtaking_large_ship.wbt,ekf_on_cluster_on,1,1,5.0
1782771929.777727,74.24977946281433,-200.0,200.0,0.2,0.053409405435669716,9.603874747915802,0.8688423549589714,0.005719229777274808,6.260264927603517,1782771929.7501788,None,None,None, None, 1782771929.7907417,1.0169754998124443,track,none,0.0,nan,nan,0.0,0.0,7.970876761631278,0.9679706785422502,1.391681699608692,mr_webots_overtaking_large_ship.wbt,ekf_on_cluster_on,1,1,5.0
1782771929.8779724,74.35002493858337,-200.0,199.91412886102773,0.2,0.054429390654464394,9.67346196722832,0.8725960756709981,0.0053234176565501706,6.260769416230763,1782771929.8449466,None,None,None, None, 1782771929.8880064,0.918324372202027,track,none,0.0,nan,nan,0.0,0.0,8.027971251774419,0.9708614850413776,1.4050444966395021,mr_webots_overtaking_large_ship.wbt,ekf_on_cluster_on,1,1,5.0
1782771929.9773068,74.44935941696167,-200.0,199.27754964056808,0.2,0.055378407127677144,9.743036840850737,0.87641992093819,0.004737336795050844,6.261204031425415,1782771929.9366891,None,None,None, None, 1782771929.9622047,1.0751214484430345,track,none,0.0,nan,nan,0.0,0.0,8.083258779046114,0.9739289100949651,1.416610861409338,mr_webots_overtaking_large_ship.wbt,ekf_on_cluster_on,1,1,5.0
1782771930.0791326,74.551185131073,-200.0,198.63987529252262,0.2,0.05628696247190923,9.812536271100498,0.8803057239469467,0.0043865062706807635,6.261584371684012,1782771930.023396,None,None,None, None, 1782771930.0489318,0.9093294820867736,track,none,0.0,nan,nan,0.0,0.0,8.144157632924221,0.9770467583877923,1.4253777558026488,mr_webots_overtaking_large_ship.wbt,ekf_on_cluster_on,1,1,5.0
1782771930.1796947,74.65174722671509,-198.32929497794728,200.0,0.2,0.04835275874594548,9.41740930348308,0.8548039724734906,0.004787568235860072,6.262148352916638,1782771930.1411972,9.41127403895421,0.8544150637805703,0.031238004115423657, 1782771930.147197, 1782771930.1766891,1.022448283743626,track,none,0.0,nan,nan,0.0,0.0,8.144157632924221,0.9770467583877923,1.4253777558026488,mr_webots_overtaking_large_ship.wbt,ekf_on_cluster_on,1,1,5.0
1782771930.2797906,74.75184321403503,-198.7111402793662,200.0,0.2,0.048958388355398036,9.461544376229106,0.8569547098614265,0.0025916667369245304,6.262324236107269,1782771930.2872932,None,None,None, None, 1782771930.2582495,0.9709319124058221,track,none,0.0,nan,nan,0.0,0.0,7.781833539092989,0.9787817276582139,1.4504317035718397,mr_webots_overtaking_large_ship.wbt,ekf_on_cluster_on,1,1,5.0
1782771930.377216,74.84926867485046,-199.22102698457434,200.0,0.2,0.04970554738003499,9.52358225602552,0.8600089397152999,0.005109666457550991,6.263116948150299,1782771930.3642018,None,None,None, None, 1782771930.3541975,1.098298003054822,track,none,0.0,nan,nan,0.0,0.0,7.8261729117334236,0.981506784239419,1.4578812592520944,mr_webots_overtaking_large_ship.wbt,ekf_on_cluster_on,1,1,5.0
1782771930.4781713,74.95022392272949,-199.80697239998668,200.0,0.2,0.05061957808886155,9.591736437936955,0.8634198521091747,0.005953585406179996,6.263768855407358,1782771930.4737,None,None,None, None, 1782771930.4651945,0.9299109165020266,track,none,0.0,nan,nan,0.0,0.0,7.894738321180051,0.972243468063245,1.4702036976196855,mr_webots_overtaking_large_ship.wbt,ekf_on_cluster_on,1,1,5.0
1782771930.5769722,75.04902482032776,-200.0,200.0,0.2,0.0516570929082445,9.661108441481977,0.8669617727080947,0.006226140803764287,6.264249814417206,1782771930.5509484,None,None,None, None, 1782771930.5549476,0.9041425311911712,track,none,0.0,nan,nan,0.0,0.0,7.894738321180051,0.972243468063245,1.4702036976196855,mr_webots_overtaking_large_ship.wbt,ekf_on_cluster_on,1,1,5.0
1782771930.6798134,75.15186595916748,-200.0,200.0,0.2,0.052817213758687476,9.730672903226854,0.8705906741327425,0.006744088151788016,6.264821888388757,1782771930.6357744,None,None,None, None, 1782771930.6367762,1.0594561044860453,track,none,0.0,nan,nan,0.0,0.0,8.013296725925635,0.9778993702182951,1.4921104695882856,mr_webots_overtaking_large_ship.wbt,ekf_on_cluster_on,1,1,5.0
1782771930.778601,75.25065350532532,-200.0,199.80543791478175,0.2,0.054171705494750755,9.800259303575343,0.8743056907815685,0.008006226156793379,6.265591134751825,1782771930.7318554,None,None,None, None, 1782771930.722854,0.9994934004435124,track,none,0.0,nan,nan,0.0,0.0,8.067829723116166,0.980390315240961,1.5036851556023236,mr_webots_overtaking_large_ship.wbt,ekf_on_cluster_on,1,1,5.0
1782771930.8826015,75.35465407371521,-200.0,199.1518424270957,0.2,0.05518673188800729,9.869822141631126,0.8781202083138169,0.004291787781406237,6.265936025611962,1782771930.812216,None,None,None, None, 1782771930.8826015,0.9492597187127475,track,none,0.0,nan,nan,0.0,0.0,8.161173248256699,0.9838754753060329,1.5135039882512766,mr_webots_overtaking_large_ship.wbt,ekf_on_cluster_on,1,1,5.0
1782771930.9786177,75.45067024230957,-200.0,198.47749324782328,0.2,0.05623594186587347,9.939306458720406,0.8819958625588811,0.005182227673235805,6.266412249431198,1782771930.9041116,None,None,None, None, 1782771930.9519784,0.9796451645321939,track,none,0.0,nan,nan,0.0,0.0,8.161173248256699,0.9838754753060329,1.5135039882512766,mr_webots_overtaking_large_ship.wbt,ekf_on_cluster_on,1,1,5.0
1782771931.0814173,75.55346989631653,-200.0,197.80730003613374,0.2,0.057219859442863584,10.008701916882135,0.8859411961090942,0.004431664124686387,6.266820065053813,1782771931.092537,None,None,None, None, 1782771931.0291693,1.0696137640261556,track,none,0.0,nan,nan,0.0,0.0,8.27622926765793,0.9901292604703698,1.5372660084388978,mr_webots_overtaking_large_ship.wbt,ekf_on_cluster_on,1,1,5.0
1782771931.1788046,75.6508572101593,-199.48254477060254,200.0,0.2,0.050404216615511685,9.602750886146556,0.860796550281832,0.0015595218362359365,6.267090606492964,1782771931.169612,9.596474113707439,0.8604115110814038,0.03601458534966717, 1782771931.149582, 1782771931.1213856,0.9651549269356339,track,none,0.0,nan,nan,0.0,0.0,8.27622926765793,0.9901292604703698,1.5372660084388978,mr_webots_overtaking_large_ship.wbt,ekf_on_cluster_on,1,1,5.0
1782771931.2796686,75.75172114372253,-199.85083177691058,200.0,0.2,0.050962809410976494,9.645918979308014,0.8629874402033977,0.002489661554452165,6.2673155727209275,1782771931.259972,None,None,None, None, 1782771931.280669,1.0695272607543334,track,none,0.0,nan,nan,0.0,0.0,7.8509149435143195,0.9774152406511885,1.5540759678880252,mr_webots_overtaking_large_ship.wbt,ekf_on_cluster_on,1,1,5.0
1782771931.3776984,75.84975099563599,-200.0,200.0,0.2,0.05144440803020202,9.707638143850659,0.8661514675196003,0.0022464488711365195,6.267477642741486,1782771931.332117,None,None,None, None, 1782771931.3711636,1.0041302895684932,track,none,0.0,nan,nan,0.0,0.0,7.884834976543896,0.9800903263711223,1.5702205591420744,mr_webots_overtaking_large_ship.wbt,ekf_on_cluster_on,1,1,5.0
1782771931.4794695,75.9515221118927,-200.0,200.0,0.2,0.05192742971957131,9.775801670202796,0.8696767871282418,0.00253292614881229,6.267707258742616,1782771931.4227695,None,None,None, None, 1782771931.4503524,0.9429746755839975,track,none,0.0,nan,nan,0.0,0.0,7.941491536868326,0.9835080064864848,1.581704713327058,mr_webots_overtaking_large_ship.wbt,ekf_on_cluster_on,1,1,5.0
1782771931.5787945,76.05084705352783,-200.0,200.0,0.2,0.05255392959587521,9.84519345567133,0.8732989649733156,0.0038683224322814264,6.268054941678132,1782771931.5898306,None,None,None, None, 1782771931.5380788,1.059655364202482,track,none,0.0,nan,nan,0.0,0.0,7.996684205380185,0.9874177553040405,1.5985095269684422,mr_webots_overtaking_large_ship.wbt,ekf_on_cluster_on,1,1,5.0
1782771931.6799517,76.15200424194336,-200.0,199.81823977467255,0.2,0.05305685994907669,9.914758651188684,0.876977524861843,0.002317656929911764,6.268422946655947,1782771931.6714323,None,None,None, None, 1782771931.654915,0.9542961234868828,track,none,0.0,nan,nan,0.0,0.0,8.06677193746201,0.9773462072379955,1.6119198537113069,mr_webots_overtaking_large_ship.wbt,ekf_on_cluster_on,1,1,5.0
1782771931.7786942,76.25074672698975,-200.0,199.31363314831557,0.2,0.05353701932073424,9.984325517521476,0.8806893266632869,0.002335192498386499,6.268653439172268,1782771931.770136,None,None,None, None, 1782771931.7681348,0.9904452613604376,track,none,0.0,nan,nan,0.0,0.0,8.06677193746201,0.9773462072379955,1.6119198537113069,mr_webots_overtaking_large_ship.wbt,ekf_on_cluster_on,1,1,5.0
1782771931.8771493,76.34920191764832,-200.0,198.8280307003679,0.2,0.05391917903065421,10.05383501563086,0.8844319905418843,0.0014177312119938753,6.268767133718061,1782771931.8503308,None,None,None, None, 1782771931.8663433,1.0696640686125616,track,none,0.0,nan,nan,0.0,0.0,8.179687318535645,0.984912197109094,1.6378440079373326,mr_webots_overtaking_large_ship.wbt,ekf_on_cluster_on,1,1,5.0
1782771931.9778624,76.44991493225098,-200.0,198.35353016994597,0.2,0.054238552070892995,10.123281904737357,0.8881969261053371,0.000973610764746042,6.268847456819709,1782771931.932831,None,None,None, None, 1782771931.96235,0.9443279873082923,track,none,0.0,nan,nan,0.0,0.0,8.237941713193159,0.9890435101641112,1.648293832819855,mr_webots_overtaking_large_ship.wbt,ekf_on_cluster_on,1,1,5.0
1782771932.0778456,76.54989814758301,-200.0,197.92916883329514,0.2,0.054349107149026556,10.192666893239684,0.8919802992731718,-0.0008183435370494457,6.2687316504813815,1782771932.0743442,None,None,None, None, 1782771932.047756,1.0681756818697432,track,none,0.0,nan,nan,0.0,0.0,8.29497910387121,0.993160450661619,1.6577026100712988,mr_webots_overtaking_large_ship.wbt,ekf_on_cluster_on,1,1,5.0
1782771932.1781092,76.65016174316406,-199.70702313927006,200.0,0.2,0.048571892412687744,9.789500354403202,0.867580503761998,-0.0016046764819152134,6.268585224991981,1782771932.1655934,9.783260044935819,0.8672082777816233,0.03751716776920411, 1782771932.149589, 1782771932.127562,0.9750815541587269,track,none,0.0,nan,nan,0.0,0.0,8.353288671101236,0.997856755786813,1.6666802577832638,mr_webots_overtaking_large_ship.wbt,ekf_on_cluster_on,1,1,5.0
1782771932.2771251,76.74917769432068,-199.90601497730106,200.0,0.2,0.04850455203175689,9.832973381904416,0.869693733101873,-0.00086243940844739,6.268497234172456,1782771932.267619,None,None,None, None, 1782771932.2132807,0.9281094009038167,track,none,0.0,nan,nan,0.0,0.0,8.353288671101236,0.997856755786813,1.6666802577832638,mr_webots_overtaking_large_ship.wbt,ekf_on_cluster_on,1,1,5.0
1782771932.3779225,76.84997510910034,-200.0,200.0,0.2,0.04840351596116088,9.894845376940344,0.872697162254731,-0.0014549677155733666,6.268392041109457,1782771932.3399181,None,None,None, None, 1782771932.387007,0.9817178731701294,track,none,0.0,nan,nan,0.0,0.0,7.957881986030103,0.9881271688242795,1.6858841163049043,mr_webots_overtaking_large_ship.wbt,ekf_on_cluster_on,1,1,5.0
1782771932.4799225,76.951975107193,-200.0,200.0,0.2,0.04833365042433532,9.963053379833303,0.8760012501975085,-0.001487760726074369,6.268265225617059,1782771932.4251573,None,None,None, None, 1782771932.4919217,1.0552730457810657,track,none,0.0,nan,nan,0.0,0.0,8.031619837763646,0.9792193844812477,1.697820749722614,mr_webots_overtaking_large_ship.wbt,ekf_on_cluster_on,1,1,5.0
1782771932.5785067,77.05055928230286,-200.0,200.0,0.2,0.04811592570054334,10.03246391450005,0.8793514549554402,-0.001124146049542684,6.268129808266193,1782771932.5456197,None,None,None, None, 1782771932.5715005,0.9615247766413733,track,none,0.0,nan,nan,0.0,0.0,8.031619837763646,0.9792193844812477,1.697820749722614,mr_webots_overtaking_large_ship.wbt,ekf_on_cluster_on,1,1,5.0
1782771932.7051394,77.17719197273254,-200.0,200.0,0.2,0.047881626019427,10.102046765643244,0.8826950217435297,-0.001298106635392519,6.267925317437894,1782771932.7031498,None,None,None, None, 1782771932.697141,0.9315606007319763,track,none,0.0,nan,nan,0.0,0.0,8.146607275929364,0.989002889801332,1.7342577547335136,mr_webots_overtaking_large_ship.wbt,ekf_on_cluster_on,1,1,5.0
1782771932.804007,77.27605962753296,-200.0,200.0,0.2,0.047642399361936705,10.171653446213305,0.8860230182093005,-0.001298106635392519,6.267665696110815,1782771932.7031498,None,None,None, None, 1782771932.801004,0.94654758264175,track,none,0.0,nan,nan,0.0,0.0,8.146607275929364,0.989002889801332,1.7342577547335136,mr_webots_overtaking_large_ship.wbt,ekf_on_cluster_on,1,1,5.0
1782771932.8770819,77.34913444519043,-200.0,200.0,0.2,0.047383669816775,10.2412639916429,0.8893343121782209,-0.0014479492389736443,6.267508067155413,1782771932.8120134,None,None,None, None, 1782771932.8800886,1.0093833059799244,track,none,0.0,nan,nan,0.0,0.0,8.146607275929364,0.989002889801332,1.7342577547335136,mr_webots_overtaking_large_ship.wbt,ekf_on_cluster_on,1,1,5.0
1782771932.979004,77.45105648040771,-200.0,199.73194624441302,0.2,0.047152308304540536,10.310875821134154,0.8926270877169031,-0.0011470921068188744,6.2673268627117125,1782771932.969982,None,None,None, None, 1782771932.952974,1.0495318925091703,track,none,0.0,nan,nan,0.0,0.0,8.298194547079197,1.0006929554763926,1.7670591551588155,mr_webots_overtaking_large_ship.wbt,ekf_on_cluster_on,1,1,5.0
1782771933.0779483,77.5500009059906,-200.0,199.41051159118342,0.2,0.047091481503460514,10.380458282717159,0.8959104951360243,-0.0015152674552158178,6.267165544305167,1782771933.076444,None,None,None, None, 1782771933.0282578,0.9257729333260433,track,none,0.0,nan,nan,0.0,0.0,8.355685490652847,1.0053955942539634,1.7768032489525984,mr_webots_overtaking_large_ship.wbt,ekf_on_cluster_on,1,1,5.0
1782771933.1780558,77.65010833740234,-199.03294302859334,200.0,0.2,0.04315504148552541,9.981124659737404,0.8746147112961363,-0.002083620133762105,6.26699446486379,1782771933.1585507,9.974932155000284,0.8742901718192125,0.03584292082483742, 1782771933.151525, 1782771933.174056,1.0350695991538663,track,none,0.0,nan,nan,0.0,0.0,8.412564744542005,1.0098798862456633,1.7866362206543178,mr_webots_overtaking_large_ship.wbt,ekf_on_cluster_on,1,1,5.0
1782771933.2825627,77.75461530685425,-199.13575802138283,200.0,0.2,0.042798762760306606,10.025044493937507,0.8765028496707288,-0.001629247535502847,6.26686694023082,1782771933.2368228,None,None,None, None, 1782771933.2530274,0.9345893009274795,track,none,0.0,nan,nan,0.0,0.0,7.989153792378289,0.9968306770654459,1.7976803167386792,mr_webots_overtaking_large_ship.wbt,ekf_on_cluster_on,1,1,5.0
1782771933.378853,77.85090565681458,-199.25977792692535,200.0,0.2,0.04222401629681718,10.087046179211711,0.8791454611115626,-0.003702383744054252,6.266596901189726,1782771933.378853,None,None,None, None, 1782771933.3282716,1.0343091926616037,track,none,0.0,nan,nan,0.0,0.0,8.039851485556941,0.9861751912306863,1.8055084503813528,mr_webots_overtaking_large_ship.wbt,ekf_on_cluster_on,1,1,5.0
1782771933.4776046,77.94965720176697,-199.4603253179596,200.0,0.2,0.04185981134041253,10.155217753774222,0.8820059670114091,-0.000887586087224421,6.26647148276904,1782771933.4510622,None,None,None, None, 1782771933.416403,1.0244477321691954,track,none,0.0,nan,nan,0.0,0.0,8.096116962364459,0.9914099620664197,1.814695323258374,mr_webots_overtaking_large_ship.wbt,ekf_on_cluster_on,1,1,5.0
1782771933.5864797,78.05853223800659,-199.68928780389098,200.0,0.2,0.04159617087732455,10.224580383344074,0.8848964718251864,-0.0006595823591161352,6.266426122706164,1782771933.519833,None,None,None, None, 1782771933.587481,1.0291199257230956,track,none,0.0,nan,nan,0.0,0.0,8.15520353986922,0.9959445965221292,1.8238213065853053,mr_webots_overtaking_large_ship.wbt,ekf_on_cluster_on,1,1,5.0
1782771933.6778657,78.1499183177948,-199.95369940912167,200.0,0.2,0.04147596032624893,10.294139870484042,0.8877809507496295,0.0001323159330809462,6.266438316846131,1782771933.6119924,None,None,None, None, 1782771933.6638362,1.0147876415727484,track,none,0.0,nan,nan,0.0,0.0,8.20923707581209,1.0001255825187911,1.834325419348001,mr_webots_overtaking_large_ship.wbt,ekf_on_cluster_on,1,1,5.0
1782771933.7773616,78.24941420555115,-200.0,200.0,0.2,0.041663354366514235,10.363755136021426,0.8906699675466484,0.000892732899058189,6.266576543344664,1782771933.7668276,None,None,None, None, 1782771933.7498214,1.0431036741444313,track,none,0.0,nan,nan,0.0,0.0,8.271258475264474,1.0041284338892038,1.8470510096092756,mr_webots_overtaking_large_ship.wbt,ekf_on_cluster_on,1,1,5.0
1782771933.8984957,78.37054824829102,-200.0,200.0,0.2,0.041800157595015666,10.433382457609605,0.8935725549850017,0.001160126286914873,6.266671354805309,1782771933.8485527,None,None,None, None, 1782771933.821527,1.0995981881197585,track,none,0.0,nan,nan,0.0,0.0,8.329590277341286,1.0077486805488742,1.8649198146217854,mr_webots_overtaking_large_ship.wbt,ekf_on_cluster_on,1,1,5.0
1782771933.9789727,78.45102524757385,-200.0,200.0,0.2,0.041854696273382695,10.503011055233923,0.8964847376432181,0.0009241246090965742,6.2667411277661715,1782771933.9240544,None,None,None, None, 1782771933.9829686,0.9820691460969626,track,none,0.0,nan,nan,0.0,0.0,8.380832133735757,1.0108740103844878,1.879249553905872,mr_webots_overtaking_large_ship.wbt,ekf_on_cluster_on,1,1,5.0
1782771934.0786245,78.55067706108093,-200.0,200.0,0.2,0.04187248832443217,10.572639716514201,0.8994007270705103,0.0007670243914563872,6.266802450341302,1782771934.0846238,None,None,None, None, 1782771934.0610912,1.060333992917608,track,none,0.0,nan,nan,0.0,0.0,8.447179396748774,1.0147147227301574,1.8923484706917442,mr_webots_overtaking_large_ship.wbt,ekf_on_cluster_on,1,1,5.0
1782771934.1808665,78.65291905403137,-198.82824348923256,200.0,0.2,0.039768133588280005,10.164973533686116,0.8811264420362419,0.0003111698222752253,6.266856142608433,1782771934.1765528,10.158669849015324,0.8808465633968059,0.03579143935284801, 1782771934.164044, 1782771934.141525,0.9545792530864512,track,none,0.0,nan,nan,0.0,0.0,8.508014558192649,1.0185606743945739,1.9066490701249459,mr_webots_overtaking_large_ship.wbt,ekf_on_cluster_on,1,1,5.0
1782771934.2775989,78.74965143203735,-199.06279669614182,200.0,0.2,0.039986629816018,10.208155462368861,0.882844612605009,0.002274160715140119,6.267052875784675,1782771934.2630608,None,None,None, None, 1782771934.2239764,1.0064865748089808,track,none,0.0,nan,nan,0.0,0.0,8.054026049488774,1.0042500175545244,1.9241171562659598,mr_webots_overtaking_large_ship.wbt,ekf_on_cluster_on,1,1,5.0
1782771934.3813171,78.85336971282959,-199.40626096898526,200.0,0.2,0.0403310830642137,10.269815439015748,0.8853115022008824,0.0038884394560408284,6.267446430760748,1782771934.3642724,None,None,None, None, 1782771934.3988237,1.051029240593745,track,none,0.0,nan,nan,0.0,0.0,8.141222925221067,1.0081341467377358,1.9381922929160484,mr_webots_overtaking_large_ship.wbt,ekf_on_cluster_on,1,1,5.0
1782771934.4801505,78.95220303535461,-199.83403976259555,200.0,0.2,0.04089332831947992,10.33792720678552,0.8880708377961071,0.0038884394560408284,6.268224118651956,1782771934.487662,None,None,None, None, 1782771934.3988237,1.051029240593745,track,none,0.0,nan,nan,0.0,0.0,8.141222925221067,1.0081341467377358,1.9381922929160484,mr_webots_overtaking_large_ship.wbt,ekf_on_cluster_on,1,1,5.0
1782771934.5792303,79.05128288269043,-200.0,200.0,0.2,0.04142744223488795,10.407323148905546,0.890926608268245,0.002932906377257956,6.268586009151321,1782771934.5822287,None,None,None, None, 1782771934.5822287,1.0200592991230348,track,none,0.0,nan,nan,0.0,0.0,8.141222925221067,1.0081341467377358,1.9381922929160484,mr_webots_overtaking_large_ship.wbt,ekf_on_cluster_on,1,1,5.0
1782771934.6778667,79.14991927146912,-200.0,200.0,0.2,0.042911726360364465,10.476920812944174,0.8938285382134836,0.01139017354536873,6.270438676425036,1782771934.650317,None,None,None, None, 1782771934.6633213,0.9195820150469576,track,none,0.0,nan,nan,0.0,0.0,8.27058914803318,0.9976922291832335,1.9654221451727898,mr_webots_overtaking_large_ship.wbt,ekf_on_cluster_on,1,1,5.0
1782771934.777317,79.24936962127686,-200.0,200.0,0.2,0.043774235315970404,10.546540307301802,0.8968591279346114,0.0030605713699658455,6.270650408247764,1782771934.7194974,None,None,None, None, 1782771934.7562976,1.0293400112024902,track,none,0.0,nan,nan,0.0,0.0,8.327289987913964,0.9978428989545546,1.9803434762887246,mr_webots_overtaking_large_ship.wbt,ekf_on_cluster_on,1,1,5.0
1782771934.8776205,79.34967303276062,-200.0,199.65022676806,0.2,0.044552876579350066,10.616161275466057,0.8999393215055278,0.0035077397666737034,6.270940993471694,1782771934.880712,None,None,None, None, 1782771934.82439,0.9039890550405146,track,none,0.0,nan,nan,0.0,0.0,8.389436501597217,0.9997131807694957,1.989598220838973,mr_webots_overtaking_large_ship.wbt,ekf_on_cluster_on,1,1,5.0
1782771934.978834,79.45088648796082,-200.0,199.13611562825295,0.2,0.045297688002049925,10.685741592760532,0.9030685990138494,0.0035857637257234107,6.271222022081791,1782771934.9853435,None,None,None, None, 1782771934.893732,0.9928909462988748,track,none,0.0,nan,nan,0.0,0.0,8.44633518582485,1.0017854429332689,2.000776729982185,mr_webots_overtaking_large_ship.wbt,ekf_on_cluster_on,1,1,5.0
1782771935.0779145,79.54996705055237,-200.0,198.6399941772037,0.2,0.04594093867671469,10.755257401403902,0.9062467220123551,0.0027054669705297396,6.271690663496871,1782771935.0539322,None,None,None, None, 1782771935.0659366,0.9388883889213693,track,none,0.0,nan,nan,0.0,0.0,8.502147814838082,1.00405200861646,2.0135597432837864,mr_webots_overtaking_large_ship.wbt,ekf_on_cluster_on,1,1,5.0
1782771935.2251759,79.69722843170166,-200.0,200.0,0.2,0.04391400230976314,10.354935531352607,0.8880969084544512,0.0019513654891372767,6.271836238117337,1782771935.1285336,10.348731196169766,0.8878146914496541,0.038970500035691025, 1782771935.171583, 1782771935.1475582,0.9196904549529165,track,none,0.0,nan,nan,0.0,0.0,8.562242381035711,1.0064857301927108,2.0233973613417255,mr_webots_overtaking_large_ship.wbt,ekf_on_cluster_on,1,1,5.0
1782771935.293438,79.76549053192139,-200.0,200.0,0.2,0.044253331386830026,10.39881306685007,0.8900365971469171,0.0005736267535420396,6.271925092396859,1782771935.2834327,None,None,None, None, 1782771935.2729266,1.0558288282557569,track,none,0.0,nan,nan,0.0,0.0,8.562242381035711,1.0064857301927108,2.0233973613417255,mr_webots_overtaking_large_ship.wbt,ekf_on_cluster_on,1,1,5.0
1782771935.3777013,79.84975385665894,-200.0,200.0,0.2,0.044474805082475734,10.460887772975045,0.8927956123181673,0.0005834294875845254,6.271977174796949,1782771935.3727021,None,None,None, None, 1782771935.3401709,0.9471087722053968,track,none,0.0,nan,nan,0.0,0.0,8.167249455686177,0.9952466141763815,2.0464538617230623,mr_webots_overtaking_large_ship.wbt,ekf_on_cluster_on,1,1,5.0
1782771935.4789505,79.951003074646,-200.0,200.0,0.2,0.04466396591961012,10.529151481051132,0.8958412316432032,0.0008002805395903549,6.2720417688211,1782771935.4534163,None,None,None, None, 1782771935.415382,1.0451518556771453,track,none,0.0,nan,nan,0.0,0.0,8.230370258259379,0.9986992976259851,2.054917015765952,mr_webots_overtaking_large_ship.wbt,ekf_on_cluster_on,1,1,5.0
1782771935.5778363,80.04988884925842,-200.0,199.71960691889862,0.2,0.04467991518478102,10.598580071885316,0.8989442515061218,0.0010620764375021637,6.272145188678287,1782771935.5507915,None,None,None, None, 1782771935.5597992,0.950597448598123,track,none,0.0,nan,nan,0.0,0.0,8.230370258259379,0.9986992976259851,2.054917015765952,mr_webots_overtaking_large_ship.wbt,ekf_on_cluster_on,1,1,5.0
1782771935.677825,80.14987754821777,-200.0,199.3643531001758,0.2,0.04481612273158736,10.668143079703253,0.9020615898297706,0.00040062824973109213,6.272179141992753,1782771935.6355417,None,None,None, None, 1782771935.6355417,0.9766026770460003,track,none,0.0,nan,nan,0.0,0.0,8.348135712924673,1.0062198462886327,2.0763857019828103,mr_webots_overtaking_large_ship.wbt,ekf_on_cluster_on,1,1,5.0
1782771935.7792394,80.25129199028015,-200.0,199.06820653837244,0.2,0.044717350798528954,10.737684638559795,0.9051802610807173,9.191088231357893e-05,6.272186249800317,1782771935.79775,None,None,None, None, 1782771935.79775,1.069402873953447,track,none,0.0,nan,nan,0.0,0.0,8.4114866621054,1.0099319662197415,2.085419000536148,mr_webots_overtaking_large_ship.wbt,ekf_on_cluster_on,1,1,5.0
1782771935.8806,80.35265254974365,-200.0,198.780295869638,0.2,0.04458593704026109,10.80719079902951,0.9082904658156313,-0.00023026120834673187,6.272166706465461,1782771935.79775,None,None,None, None, 1782771935.863376,1.0038443552220504,track,none,0.0,nan,nan,0.0,0.0,8.4114866621054,1.0099319662197415,2.085419000536148,mr_webots_overtaking_large_ship.wbt,ekf_on_cluster_on,1,1,5.0
1782771935.987317,80.45936965942383,-200.0,198.5357172769753,0.2,0.0442885791719321,10.876660671535692,0.9113898992434989,-0.0017264497178321823,6.271996887825375,1782771935.9983268,None,None,None, None, 1782771935.9612098,1.0930173979046398,track,none,0.0,nan,nan,0.0,0.0,8.500961178773043,1.0162606457168044,2.0973736406868704,mr_webots_overtaking_large_ship.wbt,ekf_on_cluster_on,1,1,5.0
1782771936.079398,80.55145049095154,-200.0,198.32351097134276,0.2,0.04387326942771894,10.946099440976003,0.9144672560007243,-0.003287261642136726,6.271660884125555,1782771936.079398,None,None,None, None, 1782771936.0548055,0.9962011114320896,track,none,0.0,nan,nan,0.0,0.0,8.500961178773043,1.0162606457168044,2.0973736406868704,mr_webots_overtaking_large_ship.wbt,ekf_on_cluster_on,1,1,5.0
1782771936.193168,80.6652204990387,-200.0,200.0,0.2,0.0417460743086603,10.544915828447408,0.8955074927061747,-0.004036198903739836,6.271205729348437,1782771936.192166,10.538700617876975,0.8952168430639551,0.03843731215660374, 1782771936.177651, 1782771936.143127,0.9506866187765729,track,none,0.0,nan,nan,0.0,0.0,8.653735608816048,1.0124772881449813,2.1397042146114695,mr_webots_overtaking_large_ship.wbt,ekf_on_cluster_on,1,1,5.0
1782771936.2792614,80.75131392478943,-200.0,200.0,0.2,0.0411899934031761,10.588681249785209,0.89732698246317,-0.0037521531154767478,6.270886440146448,1782771936.277261,None,None,None, None, 1782771936.2336993,1.0155137765889153,track,none,0.0,nan,nan,0.0,0.0,8.653735608816048,1.0124772881449813,2.1397042146114695,mr_webots_overtaking_large_ship.wbt,ekf_on_cluster_on,1,1,5.0
1782771936.3827655,80.85481810569763,-200.0,200.0,0.2,0.04054626594292737,10.650712032187263,0.8998675373365899,-0.0038599770212420703,6.270541045097396,1782771936.3667421,None,None,None, None, 1782771936.3131354,0.9282658991604,track,none,0.0,nan,nan,0.0,0.0,8.245453583915078,1.0004042844967118,2.1557413859471746,mr_webots_overtaking_large_ship.wbt,ekf_on_cluster_on,1,1,5.0
1782771936.4799008,80.9519534111023,-200.0,200.0,0.2,0.0397369082341006,10.718976228704076,0.9026168758571202,-0.0050286495870618,6.269994705254688,1782771936.4753876,None,None,None, None, 1782771936.4819014,0.9257487052162422,track,none,0.0,nan,nan,0.0,0.0,8.29791308404917,1.005409386056723,2.1715178588369564,mr_webots_overtaking_large_ship.wbt,ekf_on_cluster_on,1,1,5.0
1782771936.5799196,81.05197215080261,-200.0,200.0,0.2,0.03898518134495948,10.788418439268032,0.9053527179853376,-0.0038906873573398334,6.269661577468405,1782771936.5610094,None,None,None, None, 1782771936.564517,0.9643598820530317,track,none,0.0,nan,nan,0.0,0.0,8.355624594310841,1.011338587033121,2.1905296693676255,mr_webots_overtaking_large_ship.wbt,ekf_on_cluster_on,1,1,5.0
1782771936.6774497,81.14950227737427,-200.0,200.0,0.2,0.038199738961558614,10.858030204395098,0.9080435614076379,-0.004272443516504289,6.26926408974121,1782771936.6540446,None,None,None, None, 1782771936.65705,0.9910297069824279,track,none,0.0,nan,nan,0.0,0.0,8.413912223119024,1.0166160480538842,2.2003750686513515,mr_webots_overtaking_large_ship.wbt,ekf_on_cluster_on,1,1,5.0
1782771936.7768686,81.24892115592957,-200.0,200.0,0.2,0.03772150567788798,10.927666553089333,0.9106798903544444,-0.0014526717343053572,6.269090023169439,1782771936.7738698,None,None,None, None, 1782771936.7818687,0.958159460381126,track,none,0.0,nan,nan,0.0,0.0,8.471013498495738,1.0221657155964494,2.209482506716467,mr_webots_overtaking_large_ship.wbt,ekf_on_cluster_on,1,1,5.0
1782771936.8789656,81.35101819038391,-200.0,200.0,0.2,0.0371104663013667,10.997306867940466,0.9132906168330237,-0.0034812041945183727,6.268779932937755,1782771936.8629453,None,None,None, None, 1782771936.7818687,0.958159460381126,track,none,0.0,nan,nan,0.0,0.0,8.471013498495738,1.0221657155964494,2.209482506716467,mr_webots_overtaking_large_ship.wbt,ekf_on_cluster_on,1,1,5.0
1782771936.9795032,81.45155572891235,-200.0,200.0,0.2,0.036172527638418224,11.066949221681385,0.9158571255370163,-0.006181373682830858,6.268318926371922,1782771936.9375253,None,None,None, None, 1782771936.9890363,0.9481231741008377,track,none,0.0,nan,nan,0.0,0.0,8.598072922277039,1.0147231136710344,2.2271994191553883,mr_webots_overtaking_large_ship.wbt,ekf_on_cluster_on,1,1,5.0
1782771937.0782413,81.55029392242432,-200.0,200.0,0.2,0.03535441342397898,11.136594287619873,0.9183498009745961,-0.004185189576626641,6.267958831579264,1782771937.0235655,None,None,None, None, 1782771937.0812418,0.9038494691820752,track,none,0.0,nan,nan,0.0,0.0,8.652886311902822,1.0206812103605485,2.237784743323621,mr_webots_overtaking_large_ship.wbt,ekf_on_cluster_on,1,1,5.0
1782771937.179296,81.65134859085083,-200.0,200.0,0.2,0.034667893807507934,11.206241331591277,0.9207865931259533,-0.0031453126453144147,6.267697174632407,1782771937.1858335,None,None,None, None, 1782771937.164095,0.9439434457422038,track,none,0.0,nan,nan,0.0,0.0,8.71429778777951,1.0260082562120392,2.2456956799955443,mr_webots_overtaking_large_ship.wbt,ekf_on_cluster_on,1,1,5.0
1782771937.277355,81.74940752983093,-199.55587131637122,200.0,0.2,0.03404649452648909,10.734619294943132,0.9025093502605946,-0.003251592147141023,6.267201952108717,1782771937.2590566,10.728915638821503,0.9022915422464742,0.034108721826745736, 1782771937.179296, 1782771937.2341332,1.0353540011452484,track,none,0.0,nan,nan,0.0,0.0,8.770819236013235,1.0308481196316572,2.256983978542844,mr_webots_overtaking_large_ship.wbt,ekf_on_cluster_on,1,1,5.0
1782771937.377531,81.84958362579346,-199.5299176325888,200.0,0.2,0.03339429082014437,10.775546621125905,0.903889973738373,-0.0032653105823141288,6.26697468848393,1782771937.328656,None,None,None, None, 1782771937.3667638,1.0085032788284072,track,none,0.0,nan,nan,0.0,0.0,8.264064135727757,1.0140931165606526,2.276404738598011,mr_webots_overtaking_large_ship.wbt,ekf_on_cluster_on,1,1,5.0
1782771937.4775965,81.94964909553528,-199.56352316493036,200.0,0.2,0.032723633565288276,10.836195587627415,0.9058963223541525,-0.0034550219996156415,6.266508990381843,1782771937.4634447,None,None,None, None, 1782771937.442948,1.0949859952659404,track,none,0.0,nan,nan,0.0,0.0,8.305614630988249,1.018235922739817,2.2894250794702664,mr_webots_overtaking_large_ship.wbt,ekf_on_cluster_on,1,1,5.0
1782771937.5906196,82.06267213821411,-199.60914732327853,200.0,0.2,0.032022238003309465,10.904100139012186,0.9080967029307914,-0.003681249080609724,6.266274493204693,1782771937.5271451,None,None,None, None, 1782771937.5231457,1.069283679058781,track,none,0.0,nan,nan,0.0,0.0,8.360749749772747,1.0231528230242857,2.3064362199276762,mr_webots_overtaking_large_ship.wbt,ekf_on_cluster_on,1,1,5.0
1782771937.6783044,82.15035700798035,-199.70575218841606,200.0,0.2,0.03152030515007553,10.973460180796454,0.9102948215640083,-0.0017611164455216442,6.266079842639268,1782771937.637672,None,None,None, None, 1782771937.6813047,0.95699325956626,track,none,0.0,nan,nan,0.0,0.0,8.417192148609487,1.0278773940827126,2.320966855339107,mr_webots_overtaking_large_ship.wbt,ekf_on_cluster_on,1,1,5.0
1782771937.77826,82.2503125667572,-199.83739589553997,200.0,0.2,0.031164515331615707,11.043043455880373,0.912470356828095,-0.0010817156584850482,6.265996553991503,1782771937.7146688,None,None,None, None, 1782771937.7822595,0.9025486202197719,track,none,0.0,nan,nan,0.0,0.0,8.48626009187474,1.032307170815691,2.3331364518900894,mr_webots_overtaking_large_ship.wbt,ekf_on_cluster_on,1,1,5.0
1782771937.8772962,82.34934878349304,-200.0,200.0,0.2,0.03095915419947263,11.112672009825808,0.9146276303895888,-0.00033025293624680524,6.265944167105486,1782771937.8732953,None,None,None, None, 1782771937.8542533,0.988080672661561,track,none,0.0,nan,nan,0.0,0.0,8.54254239978637,1.0360615164626892,2.349768727126643,mr_webots_overtaking_large_ship.wbt,ekf_on_cluster_on,1,1,5.0
1782771937.97742,82.44947266578674,-200.0,200.0,0.2,0.0308485895200922,11.182324895117574,0.9167766537856892,-8.700719787935585e-05,6.265937155007869,1782771937.9538875,None,None,None, None, 1782771937.947887,1.01729989479087,track,none,0.0,nan,nan,0.0,0.0,8.648023584183916,1.0229141261984822,2.368457322677188,mr_webots_overtaking_large_ship.wbt,ekf_on_cluster_on,1,1,5.0
1782771938.0782218,82.55027437210083,-200.0,200.0,0.2,0.03091355274065334,11.251980972031724,0.9189261273917008,-7.744154508192631e-05,6.265928828761883,1782771938.061404,None,None,None, None, 1782771938.0513988,1.0717534920647342,track,none,0.0,nan,nan,0.0,0.0,8.648023584183916,1.0229141261984822,2.368457322677188,mr_webots_overtaking_large_ship.wbt,ekf_on_cluster_on,1,1,5.0
1782771938.177759,82.64981150627136,-200.0,200.0,0.2,0.030948554311382836,11.321637337871167,0.9210801393334032,-6.979948983414456e-05,6.265921021620755,1782771938.173255,None,None,None, None, 1782771938.1437335,1.0745497370752617,track,none,0.0,nan,nan,0.0,0.0,8.70683262787587,1.0255391868037351,2.3806404544410777,mr_webots_overtaking_large_ship.wbt,ekf_on_cluster_on,1,1,5.0
1782771938.278211,82.75026369094849,-199.55981752861737,200.0,0.2,0.03150522102573081,10.926623684996027,0.9089108526831198,-7.767371723400098e-05,6.265913413444536,1782771938.2712054,10.920638454976206,0.9087263285268341,0.032527561711120256, 1782771938.186767, 1782771938.2515583,0.9969796859048826,track,none,0.0,nan,nan,0.0,0.0,8.765363192821434,1.028319361710624,2.391692016950964,mr_webots_overtaking_large_ship.wbt,ekf_on_cluster_on,1,1,5.0
1782771938.3777003,82.84975290298462,-199.7172153173281,200.0,0.2,0.031556445632181136,10.97121357014553,0.910316131851211,0.00025595523496897634,6.265934262764424,1782771938.3526623,None,None,None, None, 1782771938.3251493,0.9042548090044289,track,none,0.0,nan,nan,0.0,0.0,8.344964888996152,1.0150705646795144,2.4058496280715227,mr_webots_overtaking_large_ship.wbt,ekf_on_cluster_on,1,1,5.0
1782771938.4799592,82.95201182365417,-199.9407602716279,200.0,0.2,0.03164197077995386,11.033597676692986,0.9122854062350774,0.0006733940287304641,6.265991215985831,1782771938.4372387,None,None,None, None, 1782771938.485961,0.9433950825366128,track,none,0.0,nan,nan,0.0,0.0,8.385580387304362,1.0171020426862696,2.414268617775766,mr_webots_overtaking_large_ship.wbt,ekf_on_cluster_on,1,1,5.0
1782771938.5820014,83.05405402183533,-200.0,200.0,0.2,0.031731743303103244,11.101951301847004,0.9144489717573627,0.000999489677169535,6.266070936310247,1782771938.5169997,None,None,None, None, 1782771938.5562303,1.017660686555156,track,none,0.0,nan,nan,0.0,0.0,8.439575768362387,1.019592567809421,2.4250856241887537,mr_webots_overtaking_large_ship.wbt,ekf_on_cluster_on,1,1,5.0
1782771938.6772962,83.14934873580933,-200.0,200.0,0.2,0.03185631725541408,11.171422613694942,0.9166541577780709,0.001625443677787987,6.266215299660418,1782771938.6864588,None,None,None, None, 1782771938.629462,0.9017704238822779,track,none,0.0,nan,nan,0.0,0.0,8.496422009049805,1.022056498372583,2.435812895071142,mr_webots_overtaking_large_ship.wbt,ekf_on_cluster_on,1,1,5.0
1782771938.7785256,83.25057816505432,-200.0,200.0,0.2,0.03190731945808139,11.24105242833586,0.918873057892893,0.001376677282056183,6.266326320931319,1782771938.7915504,None,None,None, None, 1782771938.7885513,1.0703089255192693,track,none,0.0,nan,nan,0.0,0.0,8.556817146693312,1.0244946050446115,2.4467268986652324,mr_webots_overtaking_large_ship.wbt,ekf_on_cluster_on,1,1,5.0
1782771938.8811677,83.3532202243805,-200.0,200.0,0.2,0.032188545048307524,11.310703187012066,0.9211034820266377,0.0016865707729588368,6.266630209386496,1782771938.86664,None,None,None, None, 1782771938.86664,1.0332438354510527,track,none,0.0,nan,nan,0.0,0.0,8.618985570100623,1.0270097690645321,2.4550635815281248,mr_webots_overtaking_large_ship.wbt,ekf_on_cluster_on,1,1,5.0
1782771938.978399,83.45045161247253,-200.0,200.0,0.2,0.03244255411343688,11.38035610058732,0.9233549375452412,0.0012922466259083299,6.266731877546896,1782771938.9453156,None,None,None, None, 1782771938.9422374,0.9535935811643511,track,none,0.0,nan,nan,0.0,0.0,8.669900503295148,1.0292593131210646,2.4715378272079973,mr_webots_overtaking_large_ship.wbt,ekf_on_cluster_on,1,1,5.0
1782771939.0779057,83.54995822906494,-200.0,200.0,0.2,0.03272221230395651,11.450008827155738,0.9256237058098122,0.0015618338257604007,6.266888931754425,1782771939.0458732,None,None,None, None, 1782771939.031856,0.9111506803100845,track,none,0.0,nan,nan,0.0,0.0,8.727291139450266,1.0315891874358782,2.4852862838841836,mr_webots_overtaking_large_ship.wbt,ekf_on_cluster_on,1,1,5.0
1782771939.1770697,83.64912223815918,-200.0,199.75489370094903,0.2,0.03297609515878326,11.519660946654309,0.9279125063851552,0.0012733513652618072,6.266986500619682,1782771939.1224968,None,None,None, None, 1782771939.1139789,1.0153258365115467,track,none,0.0,nan,nan,0.0,0.0,8.788283033377335,1.0336412120535339,2.495413990808802,mr_webots_overtaking_large_ship.wbt,ekf_on_cluster_on,1,1,5.0
1782771939.2818935,83.75394606590271,-200.0,200.0,0.2,0.03342428375617521,11.120236873947096,0.9152744264492794,0.0011463302803701222,6.2671177918390155,1782771939.2370286,11.114043236864562,0.9150770977491068,0.03381907148444885, 1782771939.193857, 1782771939.2103598,0.9938876192921277,track,none,0.0,nan,nan,0.0,0.0,8.845609809600314,1.0358751875674157,2.5073396339554677,mr_webots_overtaking_large_ship.wbt,ekf_on_cluster_on,1,1,5.0
1782771939.3781052,83.85015773773193,-200.0,200.0,0.2,0.033634574077013195,11.164334831882922,0.916754048546693,0.0009196573732013748,6.267189996374329,1782771939.315541,None,None,None, None, 1782771939.2925084,1.0201597676147232,track,none,0.0,nan,nan,0.0,0.0,8.406091410878954,1.0217711503477231,2.5210930838631347,mr_webots_overtaking_large_ship.wbt,ekf_on_cluster_on,1,1,5.0
1782771939.4780555,83.95010805130005,-200.0,200.0,0.2,0.03362179185974269,11.226527152220052,0.9188466499208313,0.0008653377239156676,6.2673272480946505,1782771939.4741516,None,None,None, None, 1782771939.4680595,1.000304347876339,track,none,0.0,nan,nan,0.0,0.0,8.454941474420243,1.0237294836255983,2.529762188844011,mr_webots_overtaking_large_ship.wbt,ekf_on_cluster_on,1,1,5.0
1782771939.6168425,84.08889508247375,-200.0,200.0,0.2,0.033692882318430754,11.294840846108674,0.9211443445735858,0.0015475610227130307,6.26754652462317,1782771939.6158433,None,None,None, None, 1782771939.631352,0.9048197492075962,track,none,0.0,nan,nan,0.0,0.0,8.454941474420243,1.0237294836255983,2.529762188844011,mr_webots_overtaking_large_ship.wbt,ekf_on_cluster_on,1,1,5.0
1782771939.6773689,84.14942145347595,-200.0,199.95472537233914,0.2,0.033961483824694785,11.364302143855378,0.923493199966515,0.0015475610227130307,6.2678560368277125,1782771939.7108123,None,None,None, None, 1782771939.631352,0.9048197492075962,track,none,0.0,nan,nan,0.0,0.0,8.611186545607078,1.0303988717075006,2.551946994169696,mr_webots_overtaking_large_ship.wbt,ekf_on_cluster_on,1,1,5.0
1782771939.8261924,84.29824495315552,-200.0,199.65627881370062,0.2,0.03417737638451665,11.433921088180892,0.9258670394561364,0.0009600980157993092,6.268045366153783,1782771939.8130412,None,None,None, None, 1782771939.7583272,1.0845665948662342,track,none,0.0,nan,nan,0.0,0.0,8.611186545607078,1.0303988717075006,2.551946994169696,mr_webots_overtaking_large_ship.wbt,ekf_on_cluster_on,1,1,5.0
1782771939.8777428,84.3497953414917,-200.0,199.3562969191063,0.2,0.034389031754538814,11.503527579841842,0.9282551843965621,0.0009600980157993092,6.268237385756943,1782771939.8130412,None,None,None, None, 1782771939.8371913,0.9320381139494036,track,none,0.0,nan,nan,0.0,0.0,8.611186545607078,1.0303988717075006,2.551946994169696,mr_webots_overtaking_large_ship.wbt,ekf_on_cluster_on,1,1,5.0
1782771939.9810905,84.45314311981201,-200.0,199.06419255356968,0.2,0.03456010407653554,11.573098622837065,0.9306575377266313,0.0005260915878563672,6.2682811835328645,1782771939.9850912,None,None,None, None, 1782771939.9253416,0.9360151446540598,track,none,0.0,nan,nan,0.0,0.0,8.73060133711656,1.0351156837286832,2.5722872644015053,mr_webots_overtaking_large_ship.wbt,ekf_on_cluster_on,1,1,5.0
1782771940.0784502,84.55050277709961,-200.0,198.8011615874405,0.2,0.03461081289453483,11.642632173419297,0.9330704715978868,-0.0005312551219188214,6.268189730551768,1782771940.0684376,None,None,None, None, 1782771940.0413802,1.0812119532942848,track,none,0.0,nan,nan,0.0,0.0,8.803577508678332,1.01888475156412,2.5844176654515523,mr_webots_overtaking_large_ship.wbt,ekf_on_cluster_on,1,1,5.0
1782771940.1787221,84.65077471733093,-200.0,198.6163855597027,0.2,0.03436023596017399,11.712131776711688,0.9354768703221533,-0.0012572131909067332,6.268092620120007,1782771940.1456802,None,None,None, None, 1782771940.1456802,1.0420255368078497,track,none,0.0,nan,nan,0.0,0.0,8.803577508678332,1.01888475156412,2.5844176654515523,mr_webots_overtaking_large_ship.wbt,ekf_on_cluster_on,1,1,5.0
1782771940.2793362,84.75138878822327,-200.0,200.0,0.2,0.03416470464279366,11.304194661030976,0.9215450955835462,-0.0017187816155961521,6.2679083087000365,1782771940.252914,11.29788942502783,0.9213295569166648,0.03428591358292632, 1782771940.199752, 1782771940.2332644,1.0990996527115573,track,none,0.0,nan,nan,0.0,0.0,8.92119138299107,1.025393918571622,2.6083190942381074,mr_webots_overtaking_large_ship.wbt,ekf_on_cluster_on,1,1,5.0
1782771940.3781366,84.85018920898438,-200.0,200.0,0.2,0.033934241398138554,11.347379874256355,0.9230210799526429,-0.002917736503991842,6.267626230498692,1782771940.349591,None,None,None, None, 1782771940.3400748,1.0484881241951745,track,none,0.0,nan,nan,0.0,0.0,8.485392384278526,1.0121671301979134,2.6267135385896805,mr_webots_overtaking_large_ship.wbt,ekf_on_cluster_on,1,1,5.0
1782771940.4785333,84.95058584213257,-200.0,199.9085963223893,0.2,0.033496033316082544,11.409155494027429,0.9251095943961616,-0.00297709209368338,6.267384440569415,1782771940.4308078,None,None,None, None, 1782771940.4288218,1.0457627045468056,track,none,0.0,nan,nan,0.0,0.0,8.525765003666784,1.0154837562049537,2.642071497397045,mr_webots_overtaking_large_ship.wbt,ekf_on_cluster_on,1,1,5.0
1782771940.579116,85.05116868019104,-200.0,199.80274433372642,0.2,0.033001374591435394,11.477364699384946,0.9273821479540061,-0.0029693154328758937,6.267109434210063,1782771940.523424,None,None,None, None, 1782771940.5089056,0.9146802055208564,track,none,0.0,nan,nan,0.0,0.0,8.580556809765572,1.0198718845482744,2.6591244197154777,mr_webots_overtaking_large_ship.wbt,ekf_on_cluster_on,1,1,5.0
1782771940.6808646,85.15291714668274,-200.0,199.69061786781705,0.2,0.03252873572045378,11.546790595900498,0.9296592559027204,-0.0025474943604435864,6.2668865537201155,1782771940.7083812,None,None,None, None, 1782771940.7073798,1.05815641515081,track,none,0.0,nan,nan,0.0,0.0,8.580556809765572,1.0198718845482744,2.6591244197154777,mr_webots_overtaking_large_ship.wbt,ekf_on_cluster_on,1,1,5.0
1782771940.786933,85.25898551940918,-200.0,199.64850409035694,0.2,0.031793746134841025,11.616379111708515,0.9319094242022459,-0.004972948220646141,6.266011220579386,1782771940.786933,None,None,None, None, 1782771940.7073798,1.05815641515081,track,none,0.0,nan,nan,0.0,0.0,8.696952463324504,1.0285593815544898,2.690171426353823,mr_webots_overtaking_large_ship.wbt,ekf_on_cluster_on,1,1,5.0
1782771940.877805,85.34985756874084,-200.0,199.63636973394372,0.2,0.030964705973099176,11.685986517363862,0.9341026109345165,-0.005069124370877784,6.265550578859487,1782771940.877805,None,None,None, None, 1782771940.8034427,1.0074600815017978,track,none,0.0,nan,nan,0.0,0.0,8.696952463324504,1.0285593815544898,2.690171426353823,mr_webots_overtaking_large_ship.wbt,ekf_on_cluster_on,1,1,5.0
1782771940.978319,85.45037150382996,-200.0,199.62144329898888,0.2,0.030170970976295803,11.7555967421855,0.9362344840992449,-0.004342701506812908,6.265179263377041,1782771940.9633083,None,None,None, None, 1782771940.974817,0.9110214023137228,track,none,0.0,nan,nan,0.0,0.0,8.814007074801927,1.0395816216606255,2.720004513971474,mr_webots_overtaking_large_ship.wbt,ekf_on_cluster_on,1,1,5.0
1782771941.0772784,85.54933094978333,-200.0,199.63452333436933,0.2,0.029290204751479552,11.825207089110492,0.9383112127971458,-0.0051260687661880385,6.264697649491934,1782771941.0572622,None,None,None, None, 1782771941.0672646,0.9353029983911458,track,none,0.0,nan,nan,0.0,0.0,8.873104139877832,1.044680583409875,2.727277202736692,mr_webots_overtaking_large_ship.wbt,ekf_on_cluster_on,1,1,5.0
1782771941.1790159,85.65106844902039,-200.0,199.70009248968637,0.2,0.028230282722430933,11.894820538448307,0.9403245020988606,-0.006465967345304449,6.264169168199786,1782771941.138995,None,None,None, None, 1782771941.1439905,0.9009622099292831,track,none,0.0,nan,nan,0.0,0.0,8.928829996781431,1.050284150115808,2.7361733897494,mr_webots_overtaking_large_ship.wbt,ekf_on_cluster_on,1,1,5.0
1782771941.2774487,85.74950122833252,-200.0,200.0,0.2,0.028046144904358864,11.49723121866226,0.9279381417040559,-0.006479482773926014,6.263678658705976,1782771941.214697,11.491060693389278,0.9277490033346729,0.02985440942707207, 1782771941.208185, 1782771941.2282035,0.942980657374543,track,none,0.0,nan,nan,0.0,0.0,9.00478272006839,1.036633667814408,2.743764632829211,mr_webots_overtaking_large_ship.wbt,ekf_on_cluster_on,1,1,5.0
1782771941.3778777,85.84993028640747,-200.0,200.0,0.2,0.027184700504269774,11.54150041815492,0.9291579879564225,-0.0035078595219572187,6.263178218608607,1782771941.3573594,None,None,None, None, 1782771941.3111603,1.0718400236513828,track,none,0.0,nan,nan,0.0,0.0,8.549549109134235,1.0060852014149835,2.752587053610066,mr_webots_overtaking_large_ship.wbt,ekf_on_cluster_on,1,1,5.0
1782771941.4794984,85.95155096054077,-200.0,200.0,0.2,0.02611502945019704,11.603779047299396,0.9308260300076512,-0.006597624398262201,6.262712608577209,1782771941.4279318,None,None,None, None, 1782771941.4644535,0.9906297783380171,track,none,0.0,nan,nan,0.0,0.0,8.595751876490116,1.0106949093079651,2.7608612164293755,mr_webots_overtaking_large_ship.wbt,ekf_on_cluster_on,1,1,5.0
1782771941.5774744,86.04952692985535,-200.0,200.0,0.2,0.02514837973428138,11.672125433472589,0.9325781725540168,-0.0048235275472583074,6.262013032722201,1782771941.5729659,None,None,None, None, 1782771941.5353708,1.08815118298727,track,none,0.0,nan,nan,0.0,0.0,8.657964204779386,1.016678416835568,2.7697830211881596,mr_webots_overtaking_large_ship.wbt,ekf_on_cluster_on,1,1,5.0
1782771941.6789255,86.1509780883789,-200.0,200.0,0.2,0.02410925511133103,11.74160766125597,0.9342943713631939,-0.005740783114280634,6.261591897278783,1782771941.6463244,None,None,None, None, 1782771941.6598845,0.9910507129108177,track,none,0.0,nan,nan,0.0,0.0,8.719118306961374,1.0219937309733662,2.786255961815878,mr_webots_overtaking_large_ship.wbt,ekf_on_cluster_on,1,1,5.0
1782771941.7772856,86.24933815002441,-200.0,200.0,0.2,0.023077724605683185,11.811252905436723,0.9359407408476983,-0.005488244211682394,6.260896241430834,1782771941.7730782,None,None,None, None, 1782771941.7344863,0.981237675031218,track,none,0.0,nan,nan,0.0,0.0,8.719118306961374,1.0219937309733662,2.786255961815878,mr_webots_overtaking_large_ship.wbt,ekf_on_cluster_on,1,1,5.0
1782771941.8779671,86.35001969337463,-200.0,200.0,0.2,0.022171778621909652,11.880921421790003,0.937515700351824,-0.004356925879427776,6.260571667746294,1782771941.8475742,None,None,None, None, 1782771941.8642576,1.0647242938191996,track,none,0.0,nan,nan,0.0,0.0,8.811696569335993,1.0300661008045957,2.8054288506754586,mr_webots_overtaking_large_ship.wbt,ekf_on_cluster_on,1,1,5.0
1782771941.9772992,86.44935178756714,-200.0,200.0,0.2,0.02120960088306938,11.950594143816213,0.9390307687450274,-0.005207546297667266,6.260201275890648,1782771941.9187002,None,None,None, None, 1782771941.9392278,0.9738585826758563,track,none,0.0,nan,nan,0.0,0.0,8.870932098910055,1.034833557208225,2.8191918646019807,mr_webots_overtaking_large_ship.wbt,ekf_on_cluster_on,1,1,5.0
1782771942.0778108,86.54986333847046,-199.92401614750972,200.0,0.2,0.020310523286677276,12.020268683806773,0.940478091552464,-0.004568785443440651,6.25952237896367,1782771942.0672948,None,None,None, None, 1782771942.0789468,1.0662574071113864,track,none,0.0,nan,nan,0.0,0.0,8.927168497910943,1.0400796337920575,2.8384163648548144,mr_webots_overtaking_large_ship.wbt,ekf_on_cluster_on,1,1,5.0
1782771942.184868,86.65692067146301,-199.85028460460154,200.0,0.2,0.01946854100978967,12.089936069711719,0.9418638099830048,-0.0041971935425287,6.259150801152286,1782771942.155825,None,None,None, None, 1782771942.0789468,1.0662574071113864,track,none,0.0,nan,nan,0.0,0.0,8.98695102641229,1.0450238817303747,2.854738925688063,mr_webots_overtaking_large_ship.wbt,ekf_on_cluster_on,1,1,5.0
1782771942.2772603,86.74931287765503,-199.2467051327364,200.0,0.2,0.020611465608978627,11.682882080403974,0.9331325916573868,-0.002223744601977738,6.258898869256083,1782771942.2691166,11.676586077617733,0.9329997336596356,0.023961465631309412, 1782771942.209948, 1782771942.2833464,1.0665526758530937,track,none,0.0,nan,nan,0.0,0.0,9.044902384078059,1.0496105499635928,2.8705502391968776,mr_webots_overtaking_large_ship.wbt,ekf_on_cluster_on,1,1,5.0
1782771942.3774955,86.84954810142517,-199.17025817150588,200.0,0.2,0.019964069261772934,11.726210474191348,0.9340116604842024,-0.0032127908788548657,6.25863272253548,1782771942.3519564,None,None,None, None, 1782771942.3724754,1.032350345109492,track,none,0.0,nan,nan,0.0,0.0,8.629227432717753,1.0171183435583626,2.880812199593311,mr_webots_overtaking_large_ship.wbt,ekf_on_cluster_on,1,1,5.0
1782771942.477449,86.94950151443481,-199.14517483742614,200.0,0.2,0.019382355148315752,11.787975798824055,0.93522405698927,-0.00245068948401727,6.2583718703976015,1782771942.4583967,None,None,None, None, 1782771942.4734488,0.9483640308606873,track,none,0.0,nan,nan,0.0,0.0,8.629227432717753,1.0171183435583626,2.880812199593311,mr_webots_overtaking_large_ship.wbt,ekf_on_cluster_on,1,1,5.0
1782771942.5774152,87.04946780204773,-199.14742885548085,200.0,0.2,0.018871581151459958,11.856117813674583,0.9365235741709625,-0.0020387550587893256,6.258181265962707,1782771942.5518873,None,None,None, None, 1782771942.5638914,1.0419295727623326,track,none,0.0,nan,nan,0.0,0.0,8.7238000502752,1.0245352802819678,2.900558241748628,mr_webots_overtaking_large_ship.wbt,ekf_on_cluster_on,1,1,5.0
1782771942.6770601,87.14911270141602,-199.16239168001698,200.0,0.2,0.018414006727488486,11.925482206037115,0.9378129973097771,-0.0018267734993186863,6.258052231234288,1782771942.6225226,None,None,None, None, 1782771942.6335232,1.0217879047704368,track,none,0.0,nan,nan,0.0,0.0,8.783956970272202,1.0279226951956977,2.9101868601925918,mr_webots_overtaking_large_ship.wbt,ekf_on_cluster_on,1,1,5.0
1782771942.7770512,87.24910378456116,-199.20905847159645,200.0,0.2,0.018089882922766688,11.995025105791367,0.9390756350717595,-0.0008419098646405237,6.2579339338077835,1782771942.7630334,None,None,None, None, 1782771942.770037,1.0561113187750508,track,none,0.0,nan,nan,0.0,0.0,8.841064858471729,1.0311549204519848,2.92188408750148,mr_webots_overtaking_large_ship.wbt,ekf_on_cluster_on,1,1,5.0
1782771942.8772492,87.34930181503296,-199.27696520803298,200.0,0.2,0.017855440764282783,12.064597655973872,0.940320083821689,-0.0004888591169123896,6.257897008038663,1782771942.838568,None,None,None, None, 1782771942.844081,1.0009355313102068,track,none,0.0,nan,nan,0.0,0.0,8.901127728582516,1.0337266635573923,2.9315041031782814,mr_webots_overtaking_large_ship.wbt,ekf_on_cluster_on,1,1,5.0
1782771942.9771335,87.44918608665466,-199.37811358730644,200.0,0.2,0.017755349729920714,12.134181920565407,0.9415516526820795,0.0003354109880953013,6.257937563916971,1782771942.959482,None,None,None, None, 1782771942.9751308,0.9249735484301491,track,none,0.0,nan,nan,0.0,0.0,8.960239102461198,1.0361061994337117,2.943109118637389,mr_webots_overtaking_large_ship.wbt,ekf_on_cluster_on,1,1,5.0
1782771943.0778577,87.54991030693054,-199.5503966858041,200.0,0.2,0.017930606653355628,12.203778892518832,0.9427875011300668,0.0005871880788844438,6.257984695434623,1782771943.0397484,None,None,None, None, 1782771943.064268,0.9092024515336256,track,none,0.0,nan,nan,0.0,0.0,9.019350776786677,1.0379593436751293,2.955157570750077,mr_webots_overtaking_large_ship.wbt,ekf_on_cluster_on,1,1,5.0
1782771943.177101,87.64915347099304,-199.74553264726333,200.0,0.2,0.018191428744633864,12.273396506998521,0.9440359209860788,0.0018430189673229944,6.258230475882398,1782771943.173106,None,None,None, None, 1782771943.1357741,0.9196915305621316,track,none,0.0,nan,nan,0.0,0.0,9.079258117512492,1.038860043219175,2.9656588519769573,mr_webots_overtaking_large_ship.wbt,ekf_on_cluster_on,1,1,5.0
1782771943.2776182,87.74967074394226,-199.49148695477732,200.0,0.2,0.0198022434748105,11.871290970993302,0.9375328917840184,0.0015476646279577962,6.258389894448752,1782771943.2761118,11.879313722620665,0.9377526386774266,0.022798670198001858, 1782771943.2961447, 1782771943.2961447,0.9223714915673127,track,none,0.0,nan,nan,0.0,0.0,9.137576053632328,1.0394032337416603,2.9783711473001566,mr_webots_overtaking_large_ship.wbt,ekf_on_cluster_on,1,1,5.0
1782771943.3786445,87.85069704055786,-199.60820864192607,200.0,0.2,0.019909319711358887,11.915104524368504,0.9384006118577731,0.0018805655184518824,6.2585273653025375,1782771943.3492126,None,None,None, None, 1782771943.3796484,0.9055412411438207,track,none,0.0,nan,nan,0.0,0.0,9.137576053632328,1.0394032337416603,2.9783711473001566,mr_webots_overtaking_large_ship.wbt,ekf_on_cluster_on,1,1,5.0
1782771943.4776971,87.94974970817566,-199.77856307462645,200.0,0.2,0.020079296474876645,11.977140015167068,0.9396358594914146,0.002663152600583236,6.258715293801309,1782771943.4197788,None,None,None, None, 1782771943.4526691,1.0224951346046134,track,none,0.0,nan,nan,0.0,0.0,8.728904277810084,1.0280884304060913,2.9913268338631314,mr_webots_overtaking_large_ship.wbt,ekf_on_cluster_on,1,1,5.0
1782771943.5791733,88.05122590065002,-200.0,200.0,0.2,0.020578374170307643,12.045412963734911,0.9410172311382325,0.0033619774884554084,6.2590212067691136,1782771943.5861726,None,None,None, None, 1782771943.5222871,1.0809040789093518,track,none,0.0,nan,nan,0.0,0.0,8.780883770542475,1.029124486781914,3.003994040444092,mr_webots_overtaking_large_ship.wbt,ekf_on_cluster_on,1,1,5.0
1782771943.6780698,88.15012240409851,-200.0,200.0,0.2,0.021277216750958852,12.114889137687975,0.9424621993629216,0.004590942896326479,6.259708593174093,1782771943.6604974,None,None,None, None, 1782771943.6604974,0.9486813659819678,track,none,0.0,nan,nan,0.0,0.0,8.836272620522617,1.0291813215967394,3.017370696030587,mr_webots_overtaking_large_ship.wbt,ekf_on_cluster_on,1,1,5.0
1782771943.7775795,88.24963212013245,-200.0,200.0,0.2,0.02201573155357115,12.184536024348429,0.9439653195319551,0.004233051031148968,6.259996994037672,1782771943.7286282,None,None,None, None, 1782771943.7276304,1.072015098043341,track,none,0.0,nan,nan,0.0,0.0,8.896752262237415,1.0285154833030203,3.029209911087035,mr_webots_overtaking_large_ship.wbt,ekf_on_cluster_on,1,1,5.0
1782771943.8773499,88.34940242767334,-200.0,200.0,0.2,0.022677900600730154,12.25420478311238,0.9455225270666716,0.0033026231986953833,6.260428003946319,1782771943.8591335,None,None,None, None, 1782771943.8591335,0.904918633372121,track,none,0.0,nan,nan,0.0,0.0,8.952890395686747,1.027891471692547,3.0440956008558735,mr_webots_overtaking_large_ship.wbt,ekf_on_cluster_on,1,1,5.0
1782771943.9775352,88.44958782196045,-200.0,200.0,0.2,0.023058766040989154,12.323875589216401,0.9471244506339076,0.0009752064289571141,6.2605026155488765,1782771943.935642,None,None,None, None, 1782771943.935642,0.9318573350386968,track,none,0.0,nan,nan,0.0,0.0,9.01310244281837,1.027563185882602,3.056778518775879,mr_webots_overtaking_large_ship.wbt,ekf_on_cluster_on,1,1,5.0
1782771944.0790153,88.55106782913208,-200.0,199.98427709003596,0.2,0.02375507753749774,12.393546369412562,0.9487455578626509,0.004578178149136795,6.261067226419483,1782771944.0589685,None,None,None, None, 1782771944.0679846,0.9314776362092446,track,none,0.0,nan,nan,0.0,0.0,9.075852057774295,1.0283176781623584,3.066465364423162,mr_webots_overtaking_large_ship.wbt,ekf_on_cluster_on,1,1,5.0
1782771944.1771934,88.64924597740173,-200.0,199.6242955494017,0.2,0.024489895596037602,12.463214147248491,0.9504214268231408,0.004223909819349516,6.261367688388396,1782771944.1301022,None,None,None, None, 1782771944.1376376,1.072427455452967,track,none,0.0,nan,nan,0.0,0.0,9.131324781880547,1.0277733958690562,3.0812679904022287,mr_webots_overtaking_large_ship.wbt,ekf_on_cluster_on,1,1,5.0
1782771944.277801,88.74985361099243,-200.0,200.0,0.2,0.025315985020081498,12.05522165793118,0.9418932645626567,0.0021506259436254475,6.261625205897151,1782771944.249843,12.048913696319042,0.9417577913612638,0.025863227357331375, 1782771944.218774, 1782771944.2097676,0.9768678290728616,track,none,0.0,nan,nan,0.0,0.0,9.191830882752496,1.0271904522286408,3.0937215718568707,mr_webots_overtaking_large_ship.wbt,ekf_on_cluster_on,1,1,5.0
1782771944.3776484,88.84970092773438,-200.0,200.0,0.2,0.02582267621993711,12.098522614419235,0.9430014835795362,0.002313578976997074,6.261815549340422,1782771944.3321152,None,None,None, None, 1782771944.3541508,1.0467140307022131,track,none,0.0,nan,nan,0.0,0.0,8.750644628069866,1.0158821674837937,3.1090196041360825,mr_webots_overtaking_large_ship.wbt,ekf_on_cluster_on,1,1,5.0
1782771944.4775922,88.94964480400085,-200.0,199.7645669392048,0.2,0.026264837941298885,12.160360868551425,0.9446134337858041,0.0020386482602317096,6.262078891136844,1782771944.46129,None,None,None, None, 1782771944.4247541,0.9548024288246815,track,none,0.0,nan,nan,0.0,0.0,8.792424490822537,1.0159600876598935,3.120980459602084,mr_webots_overtaking_large_ship.wbt,ekf_on_cluster_on,1,1,5.0
1782771944.5772405,89.04929304122925,-200.0,199.48172943154762,0.2,0.02664358183775046,12.228579120220488,0.9464205615797425,0.0016300029075190328,6.262194478880312,1782771944.5322025,None,None,None, None, 1782771944.558224,0.9842136799125294,track,none,0.0,nan,nan,0.0,0.0,8.852028513352478,1.016611924937918,3.131230308120859,mr_webots_overtaking_large_ship.wbt,ekf_on_cluster_on,1,1,5.0
1782771944.678637,89.1506896018982,-200.0,199.2079032443236,0.2,0.026960821210473444,12.297980912594502,0.9482842821394399,0.001211003234995815,6.262346188917739,1782771944.6574788,None,None,None, None, 1782771944.624426,0.9262334105167319,track,none,0.0,nan,nan,0.0,0.0,8.911237476397112,1.0176339135531474,3.1445836421443336,mr_webots_overtaking_large_ship.wbt,ekf_on_cluster_on,1,1,5.0
1782771944.7783594,89.25041198730469,-200.0,198.9451191627612,0.2,0.027221819697321518,12.367521579766677,0.9501728343658726,0.0008305171796468433,6.262400760277774,1782771944.7231865,None,None,None, None, 1782771944.7547114,1.0175141964311558,track,none,0.0,nan,nan,0.0,0.0,8.970910664876454,1.0188349837571598,3.1557840163719897,mr_webots_overtaking_large_ship.wbt,ekf_on_cluster_on,1,1,5.0
1782771944.8797786,89.35183119773865,-200.0,198.71436313341337,0.2,0.027349417085520116,12.437051467226096,0.952078405227951,-0.0002524567150592938,6.262366102541605,1782771944.8604684,None,None,None, None, 1782771944.8254385,0.9204999036586269,track,none,0.0,nan,nan,0.0,0.0,9.030926405994427,1.020228034082753,3.1657825085762634,mr_webots_overtaking_large_ship.wbt,ekf_on_cluster_on,1,1,5.0
1782771944.9788318,89.4508843421936,-200.0,198.535474061756,0.2,0.027273243868901648,12.506554221386622,0.9539892549184685,-0.0017308868898304032,6.262256897850169,1782771944.9235601,None,None,None, None, 1782771944.9641876,0.9846176670499118,track,none,0.0,nan,nan,0.0,0.0,9.0854995488525,1.0222760759418055,3.1777639341614976,mr_webots_overtaking_large_ship.wbt,ekf_on_cluster_on,1,1,5.0
1782771945.0773833,89.54943585395813,-200.0,198.44080949467218,0.2,0.026878865839658407,12.576033932241295,0.9558846619932962,-0.002860787483625311,6.2618872657439155,1782771945.0527666,None,None,None, None, 1782771945.0394092,0.9450802598779913,track,none,0.0,nan,nan,0.0,0.0,9.143649091832328,1.0251584578942246,3.1872548144997155,mr_webots_overtaking_large_ship.wbt,ekf_on_cluster_on,1,1,5.0
1782771945.1790333,89.65108585357666,-200.0,198.33255021339863,0.2,0.026547209602916327,12.645500735024585,0.957752300660387,-0.003118285505572025,6.261667406120145,1782771945.1232731,None,None,None, None, 1782771945.1618454,1.0355631093382645,track,none,0.0,nan,nan,0.0,0.0,9.203262928935787,1.0292325744631485,3.1959931370674726,mr_webots_overtaking_large_ship.wbt,ekf_on_cluster_on,1,1,5.0
1782771945.2777436,89.74979615211487,-200.0,199.60975644327925,0.2,0.02595603814459228,12.245116204128959,0.9468950603791123,-0.005396247708601596,6.260978662465158,1782771945.250907,12.23891100100238,0.9467273106505714,0.02584656174821376, 1782771945.225718, 1782771945.2352266,0.9798933620048876,track,none,0.0,nan,nan,0.0,0.0,9.203262928935787,1.0292325744631485,3.1959931370674726,mr_webots_overtaking_large_ship.wbt,ekf_on_cluster_on,1,1,5.0
1782771945.37702,89.84907245635986,-200.0,199.68252512351123,0.2,0.025221864909906137,12.288963787647106,0.9480229076726658,-0.005185446520556376,6.260338303763158,1782771945.3743985,None,None,None, None, 1782771945.3743985,0.9559113302928312,track,none,0.0,nan,nan,0.0,0.0,8.817988498698607,1.022716918401015,3.20762632837591,mr_webots_overtaking_large_ship.wbt,ekf_on_cluster_on,1,1,5.0
1782771945.4774492,89.9495017528534,-200.0,199.77292846161805,0.2,0.02425175086268781,12.351018747445945,0.949568218688853,-0.006424174205850259,6.259892292534502,1782771945.4438255,None,None,None, None, 1782771945.4357953,0.9434491128536517,track,none,0.0,nan,nan,0.0,0.0,8.874534178841131,1.0047917265015676,3.2134705315845906,mr_webots_overtaking_large_ship.wbt,ekf_on_cluster_on,1,1,5.0
1782771945.5773778,90.04943037033081,-200.0,199.8935389914883,0.2,0.0231304980600584,12.419291635209223,0.9511953167904608,-0.006808107545549572,6.259339075686606,1782771945.525084,None,None,None, None, 1782771945.5773778,1.0910294451685258,track,none,0.0,nan,nan,0.0,0.0,8.926574877891984,1.01042106769775,3.2296074207894683,mr_webots_overtaking_large_ship.wbt,ekf_on_cluster_on,1,1,5.0
1782771945.677314,90.14936661720276,-200.0,200.0,0.2,0.021942145214411287,12.488753923994874,0.9527677314856078,-0.006741192753696037,6.258516402799349,1782771945.6471207,None,None,None, None, 1782771945.6399934,1.0957365980559444,track,none,0.0,nan,nan,0.0,0.0,8.986739072609408,1.0167047102463036,3.246290053696274,mr_webots_overtaking_large_ship.wbt,ekf_on_cluster_on,1,1,5.0
1782771945.7771595,90.24921202659607,-200.0,200.0,0.2,0.02066980259663987,12.55839948528199,0.9542586506135535,-0.00714278958540008,6.257605344202932,1782771945.7746701,None,None,None, None, 1782771945.7756562,1.0843079993644558,track,none,0.0,nan,nan,0.0,0.0,9.045237564209952,1.022878325606446,3.2619645488027436,mr_webots_overtaking_large_ship.wbt,ekf_on_cluster_on,1,1,5.0
1782771945.8772633,90.34931588172913,-200.0,200.0,0.2,0.01946592670070478,12.628071271233805,0.9556587980294111,-0.006220576717458497,6.257183766793606,1782771945.8424416,None,None,None, None, 1782771945.841444,0.9440867663790388,track,none,0.0,nan,nan,0.0,0.0,9.101610258894473,1.0296278800545469,3.2833492500857044,mr_webots_overtaking_large_ship.wbt,ekf_on_cluster_on,1,1,5.0
1782771945.9783428,90.45039534568787,-200.0,200.0,0.2,0.01835975079799606,12.697747897995274,0.9569763212831361,-0.005484733119999903,6.256761531797927,1782771945.9194252,None,None,None, None, 1782771945.9069235,0.9961260155116849,track,none,0.0,nan,nan,0.0,0.0,9.162256235074416,1.0359297320467429,3.3004693640299236,mr_webots_overtaking_large_ship.wbt,ekf_on_cluster_on,1,1,5.0
1782771946.0772295,90.54928207397461,-200.0,200.0,0.2,0.01706277320926216,12.767426325558965,0.958219489256166,-0.007469078443311139,6.2556805438598,1782771946.0641537,None,None,None, None, 1782771946.0576482,1.040347084969281,track,none,0.0,nan,nan,0.0,0.0,9.220925240545538,1.0416039403139317,3.3173912090232833,mr_webots_overtaking_large_ship.wbt,ekf_on_cluster_on,1,1,5.0
1782771946.176982,90.64903450012207,-200.0,200.0,0.2,0.015934288586481278,12.837106414312133,0.9593681296322814,-0.005523718437679437,6.255201000270515,1782771946.150969,None,None,None, None, 1782771946.1310954,0.9618535100523276,track,none,0.0,nan,nan,0.0,0.0,9.278364837864526,1.0483244283424897,3.3311983858118497,mr_webots_overtaking_large_ship.wbt,ekf_on_cluster_on,1,1,5.0
1782771946.2768617,90.74891424179077,-200.0,200.0,0.2,0.01650118317824758,12.432140351220037,0.9513547539892725,-0.004963949159102258,6.2548520696420775,1782771946.278917,12.425871631756975,0.9512347454914138,0.019561580278673496, 1782771946.234807, 1782771946.2618363,0.9086732335534929,track,none,0.0,nan,nan,0.0,0.0,9.338612043292459,1.0539044731828204,3.3381415970633053,mr_webots_overtaking_large_ship.wbt,ekf_on_cluster_on,1,1,5.0
1782771946.3772357,90.84928822517395,-199.8282123623509,200.0,0.2,0.015308206018405037,12.47576768933896,0.9520539116998776,-0.007387186352271236,6.253879025445196,1782771946.3529825,None,None,None, None, 1782771946.3296058,1.042007143766826,track,none,0.0,nan,nan,0.0,0.0,8.895474382978842,1.0437712420570175,3.3487451384670806,mr_webots_overtaking_large_ship.wbt,ekf_on_cluster_on,1,1,5.0
1782771946.4774952,90.94954776763916,-199.66756374721479,200.0,0.2,0.0143161721196849,12.53774698245991,0.9529680467534618,-0.0043299307012364795,6.25358800375381,1782771946.4201941,None,None,None, None, 1782771946.4606748,0.9989859612347811,track,none,0.0,nan,nan,0.0,0.0,8.9396650361812,1.0497222951828742,3.3554970552818992,mr_webots_overtaking_large_ship.wbt,ekf_on_cluster_on,1,1,5.0
1782771946.5773919,91.04944443702698,-199.3853337561506,200.0,0.2,0.012841189236737674,12.606000922351301,0.9539119653632326,-0.009573413758078714,6.252265633159157,1782771946.5583236,None,None,None, None, 1782771946.5398097,0.9463310472441437,track,none,0.0,nan,nan,0.0,0.0,8.9396650361812,1.0497222951828742,3.3554970552818992,mr_webots_overtaking_large_ship.wbt,ekf_on_cluster_on,1,1,5.0
1782771946.6775389,91.14959144592285,-199.19881241526488,200.0,0.2,0.011780226442615798,12.675414563471257,0.9547566701328236,-0.004130371343045794,6.251971883020751,1782771946.6294432,None,None,None, None, 1782771946.6805701,1.006765167091659,track,none,0.0,nan,nan,0.0,0.0,8.9396650361812,1.0497222951828742,3.3554970552818992,mr_webots_overtaking_large_ship.wbt,ekf_on_cluster_on,1,1,5.0
1782771946.7777028,91.24975538253784,-199.06198424400057,200.0,0.2,0.010938638424544574,12.744974303638383,0.9555372898175705,-0.00311109677867068,6.251757921239587,1782771946.7809644,None,None,None, None, 1782771946.7727,1.0019626727195063,track,none,0.0,nan,nan,0.0,0.0,8.9396650361812,1.0497222951828742,3.3554970552818992,mr_webots_overtaking_large_ship.wbt,ekf_on_cluster_on,1,1,5.0
1782771946.8771863,91.34923887252808,-198.9679358781236,200.0,0.2,0.010283802772739674,12.814539082957467,0.9562661362919016,-0.002224839282535504,6.251417690842713,1782771946.8511405,None,None,None, None, 1782771946.8417723,0.9994013096508298,track,none,0.0,nan,nan,0.0,0.0,8.9396650361812,1.0497222951828742,3.3554970552818992,mr_webots_overtaking_large_ship.wbt,ekf_on_cluster_on,1,1,5.0
1782771946.9774575,91.44951009750366,-198.92388482394708,200.0,0.2,0.009838209315875616,12.884094449626165,0.9569551458716461,-0.0010283253777785665,6.251289344346616,1782771946.9759517,None,None,None, None, 1782771946.927424,1.0737275797866244,track,none,0.0,nan,nan,0.0,0.0,8.9396650361812,1.0497222951828742,3.3554970552818992,mr_webots_overtaking_large_ship.wbt,ekf_on_cluster_on,1,1,5.0
1782771947.0775998,91.54965233802795,-198.91314935753394,200.0,0.2,0.009531112875699266,12.953643870915489,0.9576194480813456,-0.0005122710550189802,6.251255618493638,1782771947.0417876,None,None,None, None, 1782771947.0509946,0.9569616370314066,track,none,0.0,nan,nan,0.0,0.0,9.315731656856684,1.0528537610082707,3.4125756407686594,mr_webots_overtaking_large_ship.wbt,ekf_on_cluster_on,1,1,5.0
1782771947.1776118,91.64966440200806,-198.96289066769003,200.0,0.2,0.009464064077129498,13.02319144147524,0.9582671781759586,0.0010732387471827241,6.251395483300511,1782771947.172108,None,None,None, None, 1782771947.1320655,1.0318765176434201,track,none,0.0,nan,nan,0.0,0.0,9.315731656856684,1.0528537610082707,3.4125756407686594,mr_webots_overtaking_large_ship.wbt,ekf_on_cluster_on,1,1,5.0
1782771947.276939,91.7489914894104,-199.25630473284775,200.0,0.2,0.011990131439805147,12.620601210248012,0.9547887258947417,0.0016962187384302282,6.251510467595646,1782771947.2398965,12.614365565697772,0.9547341972193905,0.016669617273794124, 1782771947.238391, 1782771947.2589304,1.0613614945118601,track,none,0.0,nan,nan,0.0,0.0,9.40819497126428,1.0544481322284343,3.4259103631112877,mr_webots_overtaking_large_ship.wbt,ekf_on_cluster_on,1,1,5.0
1782771947.3773487,91.84940123558044,-199.44216393027895,200.0,0.2,0.012501819258434318,12.66428188468417,0.9553124880221001,0.005497749359184452,6.252255130567547,1782771947.3753452,None,None,None, None, 1782771947.3339245,1.0610864181046735,track,none,0.0,nan,nan,0.0,0.0,8.985334172193717,1.0418615730790883,3.4392252489650215,mr_webots_overtaking_large_ship.wbt,ekf_on_cluster_on,1,1,5.0
1782771947.4774704,91.94952297210693,-199.65075416285754,200.0,0.2,0.012998614547741412,12.72624321311918,0.9560991906599838,0.003016161271793073,6.252480391425698,1782771947.4500299,None,None,None, None, 1782771947.4679532,0.9788710367522622,track,none,0.0,nan,nan,0.0,0.0,9.021813305955163,1.0405321034493356,3.452011822663026,mr_webots_overtaking_large_ship.wbt,ekf_on_cluster_on,1,1,5.0
1782771947.5771606,92.04921317100525,-199.8887968413486,200.0,0.2,0.013566707691873594,12.794491354223867,0.9570008037907485,0.0034792247025273292,6.252741879263061,1782771947.5251868,None,None,None, None, 1782771947.5388267,1.0476477239349204,track,none,0.0,nan,nan,0.0,0.0,9.076540408603972,1.0397442668499655,3.4642430487301556,mr_webots_overtaking_large_ship.wbt,ekf_on_cluster_on,1,1,5.0
1782771947.677508,92.14956068992615,-200.0,200.0,0.2,0.014382819206682381,12.863958593519879,0.9579606098131137,0.00539386481813051,6.253438619895074,1782771947.6543596,None,None,None, None, 1782771947.6649868,0.9271543523186656,track,none,0.0,nan,nan,0.0,0.0,9.134832137631564,1.038720277302618,3.478490802039715,mr_webots_overtaking_large_ship.wbt,ekf_on_cluster_on,1,1,5.0
1782771947.7780933,92.25014591217041,-200.0,200.0,0.2,0.015121247141580238,12.933611773798207,0.958986958933238,0.0038353144466189712,6.253709904376142,1782771947.725093,None,None,None, None, 1782771947.7366045,1.0617997310747938,track,none,0.0,nan,nan,0.0,0.0,9.1942238249698,1.0365855555524155,3.4934809789449806,mr_webots_overtaking_large_ship.wbt,ekf_on_cluster_on,1,1,5.0
1782771947.8792887,92.3513412475586,-200.0,200.0,0.2,0.01626214845369544,13.003289275364537,0.9600645247504929,0.007484126333872947,6.254684795524505,1782771947.855354,None,None,None, None, 1782771947.8684974,1.032822406629232,track,none,0.0,nan,nan,0.0,0.0,9.25328889805444,1.0350390254218362,3.507295363476194,mr_webots_overtaking_large_ship.wbt,ekf_on_cluster_on,1,1,5.0
1782771947.9771514,92.4492039680481,-200.0,200.0,0.2,0.017142348749516312,13.072968637534494,0.9612316171061082,0.004048592385759302,6.254980532739485,1782771947.928401,None,None,None, None, 1782771947.9416826,0.9247045064805608,track,none,0.0,nan,nan,0.0,0.0,9.308912455983572,1.0316556315278258,3.5234001883827637,mr_webots_overtaking_large_ship.wbt,ekf_on_cluster_on,1,1,5.0
1782771948.07794,92.54999256134033,-200.0,200.0,0.2,0.017960813510746694,13.14264746240477,0.9624556681516907,0.003987601074169921,6.255483001559512,1782771948.0544088,None,None,None, None, 1782771948.0719345,1.0520250948362255,track,none,0.0,nan,nan,0.0,0.0,9.369229463440554,1.0298088979281124,3.536006908262595,mr_webots_overtaking_large_ship.wbt,ekf_on_cluster_on,1,1,5.0
1782771948.1789455,92.65099811553955,-200.0,199.73345984945342,0.2,0.01874218247162197,13.212325370584635,0.9637342429793136,0.003935639714593714,6.255737709260539,1782771948.119127,None,None,None, None, 1782771948.1411927,0.9464774192167416,track,none,0.0,nan,nan,0.0,0.0,9.42677543599678,1.0282009601490805,3.5521616527706485,mr_webots_overtaking_large_ship.wbt,ekf_on_cluster_on,1,1,5.0
1782771948.2778783,92.74993085861206,-200.0,200.0,0.2,0.019826057134433837,12.809182834448682,0.9581840465412462,0.0031026344518293994,6.256186724978084,1782771948.2638478,12.802938648171114,0.9580931562486116,0.020607066917371242, 1782771948.240842, 1782771948.2718577,0.9858785305475622,track,none,0.0,nan,nan,0.0,0.0,9.485025000756343,1.0267549466603827,3.5657801192358867,mr_webots_overtaking_large_ship.wbt,ekf_on_cluster_on,1,1,5.0
1782771948.3773432,92.84939575195312,-200.0,199.7694301494064,0.2,0.020468209635257507,12.852961657959503,0.9590665051564997,0.0031234855614925387,6.256425520259407,1782771948.3402994,None,None,None, None, 1782771948.3473127,1.0478592940183884,track,none,0.0,nan,nan,0.0,0.0,9.04535272978119,1.016991937244388,3.580044550761871,mr_webots_overtaking_large_ship.wbt,ekf_on_cluster_on,1,1,5.0
1782771948.4778934,92.94994592666626,-200.0,199.4932581939991,0.2,0.021028141677633835,12.914998328157367,0.9603557612630169,0.002495479587009228,6.256757875128444,1782771948.4734821,None,None,None, None, 1782771948.4734821,1.0659533666377203,track,none,0.0,nan,nan,0.0,0.0,9.089089432611779,1.0159266811185317,3.5955340485784477,mr_webots_overtaking_large_ship.wbt,ekf_on_cluster_on,1,1,5.0
1782771948.576888,93.04894065856934,-200.0,199.2158101303187,0.2,0.021523016372388615,12.98323854010762,0.96181056260437,0.0021223649914547216,6.256908297597434,1782771948.544357,None,None,None, None, 1782771948.5473568,0.9428395535877602,track,none,0.0,nan,nan,0.0,0.0,9.151740109970795,1.0155191636632388,3.606356740630244,mr_webots_overtaking_large_ship.wbt,ekf_on_cluster_on,1,1,5.0
1782771948.677292,93.14934468269348,-200.0,198.94603382893354,0.2,0.021961454445624737,13.052621367589913,0.963322938680605,0.0017636815751275574,6.257037572310247,1782771948.6802983,None,None,None, None, 1782771948.6802983,0.9386423267205702,track,none,0.0,nan,nan,0.0,0.0,9.211322489504328,1.0154342051082557,3.6196311734849793,mr_webots_overtaking_large_ship.wbt,ekf_on_cluster_on,1,1,5.0
1782771948.7777994,93.24985194206238,-200.0,198.7058738929144,0.2,0.022269368158269444,13.122137691534805,0.9648678626286369,0.0007039947768948828,6.257137843004913,1782771948.7600863,None,None,None, None, 1782771948.7520704,0.9289614979199173,track,none,0.0,nan,nan,0.0,0.0,9.269507428736235,1.0155647372846486,3.6312798667793613,mr_webots_overtaking_large_ship.wbt,ekf_on_cluster_on,1,1,5.0
1782771948.8777554,93.34980797767639,-200.0,198.49223883074418,0.2,0.02246532291575077,13.19164515395117,0.9664312392371812,3.4258603048844994e-05,6.257140253103466,1782771948.8304365,None,None,None, None, 1782771948.8195133,1.0769078172142819,track,none,0.0,nan,nan,0.0,0.0,9.32844585733102,1.016356381475481,3.641388719086928,mr_webots_overtaking_large_ship.wbt,ekf_on_cluster_on,1,1,5.0
1782771948.977417,93.44946956634521,-200.0,198.33939164818244,0.2,0.0224221932553777,13.261127563057517,0.9680049186189592,-0.0017669450153245574,6.256916859447793,1782771948.9568658,None,None,None, None, 1782771948.9568658,0.9184800065408232,track,none,0.0,nan,nan,0.0,0.0,9.383761992518085,1.0176697834422863,3.653486420486224,mr_webots_overtaking_large_ship.wbt,ekf_on_cluster_on,1,1,5.0
1782771949.0776424,93.54969501495361,-200.0,198.2625535386118,0.2,0.02209355497179696,13.330590050037724,0.9695626809922566,-0.0019881470135141507,6.2567714285498255,1782771949.0300148,None,None,None, None, 1782771949.0330682,0.9557277120664965,track,none,0.0,nan,nan,0.0,0.0,9.383761992518085,1.0176697834422863,3.653486420486224,mr_webots_overtaking_large_ship.wbt,ekf_on_cluster_on,1,1,5.0
1782771949.1774154,93.64946794509888,-200.0,198.23736013178015,0.2,0.02157632902748777,13.400041797458973,0.9710973667061639,-0.004173624693260676,6.256212212331714,1782771949.164003,None,None,None, None, 1782771949.164003,1.0642070487157511,track,none,0.0,nan,nan,0.0,0.0,9.478181839172317,1.0223692817973529,3.6621750774829898,mr_webots_overtaking_large_ship.wbt,ekf_on_cluster_on,1,1,5.0
1782771949.2776878,93.74974036216736,-200.0,199.31560280023564,0.2,0.02098343908730473,12.997555238772922,0.9621927661273517,-0.005475181041091567,6.255815007208398,1782771949.2365494,12.99132234487537,0.9620553689996242,0.020870604374849222, 1782771949.24306, 1782771949.238056,0.9209740604632661,track,none,0.0,nan,nan,0.0,0.0,9.536742671621896,1.0263726338211911,3.670870933162808,mr_webots_overtaking_large_ship.wbt,ekf_on_cluster_on,1,1,5.0
1782771949.3777778,93.84983038902283,-200.0,199.4030948147224,0.2,0.020282051493141936,13.04117215418465,0.9630978712286833,-0.004880537098291152,6.25546240174268,1782771949.3087966,None,None,None, None, 1782771949.3187969,0.9086418029801745,track,none,0.0,nan,nan,0.0,0.0,9.111708215778012,1.0201635402507068,3.682408027857982,mr_webots_overtaking_large_ship.wbt,ekf_on_cluster_on,1,1,5.0
1782771949.4779334,93.94998598098755,-200.0,199.50880282888528,0.2,0.019376505003836458,13.103095485086873,0.9643354783074045,-0.006040847790827971,6.254579070280445,1782771949.455023,None,None,None, None, 1782771949.4530227,1.052522209358542,track,none,0.0,nan,nan,0.0,0.0,9.151499165554574,1.0244832495355263,3.688223449838272,mr_webots_overtaking_large_ship.wbt,ekf_on_cluster_on,1,1,5.0
1782771949.5778444,94.04989695549011,-200.0,199.62340440153886,0.2,0.018412471443142828,13.171314446297066,0.9656312972081196,-0.0056841238162790115,6.254201340603527,1782771949.5214765,None,None,None, None, 1782771949.5214765,1.0404870052234598,track,none,0.0,nan,nan,0.0,0.0,9.204969966127585,1.0300360066828866,3.695858932142538,mr_webots_overtaking_large_ship.wbt,ekf_on_cluster_on,1,1,5.0
1782771949.6776423,94.14969491958618,-200.0,199.99987318928623,0.2,0.016443394145645843,13.240744065729759,0.9668806798758993,-0.014513654978454284,6.2522369833089275,1782771949.656822,None,None,None, None, 1782771949.6746368,1.0321928569369836,track,none,0.0,nan,nan,0.0,0.0,9.265160013002436,1.0358553129449628,3.711831912322211,mr_webots_overtaking_large_ship.wbt,ekf_on_cluster_on,1,1,5.0
1782771949.7775803,94.24963283538818,-200.0,200.0,0.2,0.015017914064078415,13.310391663024408,0.9679694937090559,-0.006340375456765851,6.2517797928349195,1782771949.7289298,None,None,None, None, 1782771949.7664745,0.9115681231457134,track,none,0.0,nan,nan,0.0,0.0,9.323193958135773,1.0464031167098264,3.729067901155298,mr_webots_overtaking_large_ship.wbt,ekf_on_cluster_on,1,1,5.0
1782771949.8772347,94.34928727149963,-200.0,200.0,0.2,0.013350454426793137,13.380069586689062,0.9689679483895475,-0.009465004471739803,6.251134348431268,1782771949.8797562,None,None,None, None, 1782771949.8458307,1.000267800668772,track,none,0.0,nan,nan,0.0,0.0,9.379646788625108,1.0533605615018142,3.7482715890367904,mr_webots_overtaking_large_ship.wbt,ekf_on_cluster_on,1,1,5.0
1782771950.0116255,94.48367810249329,-200.0,200.0,0.2,0.011494156821443516,13.44975294397431,0.9698459808731101,-0.01065041700755556,6.250254264707946,1782771950.0116255,None,None,None, None, 1782771949.933596,0.9718816569889187,track,none,0.0,nan,nan,0.0,0.0,9.462329150679409,1.0365646895996705,3.7656781357906817,mr_webots_overtaking_large_ship.wbt,ekf_on_cluster_on,1,1,5.0
1782771950.0819442,94.55399680137634,-200.0,200.0,0.2,0.009566712903106449,13.519438326169013,0.9705890341169265,-0.01065041700755556,6.248124181306435,1782771950.0116255,None,None,None, None, 1782771950.0331473,0.9874269026102803,track,none,0.0,nan,nan,0.0,0.0,9.508890010942384,1.0441657163204532,3.783124989449291,mr_webots_overtaking_large_ship.wbt,ekf_on_cluster_on,1,1,5.0
1782771950.1784134,94.650465965271,-199.9263656441874,200.0,0.2,0.008037051969606279,13.589125057036913,0.9711947712564566,-0.006809416304935109,6.247012419293627,1782771950.1748939,None,None,None, None, 1782771950.129376,1.0365088527963713,track,none,0.0,nan,nan,0.0,0.0,9.578830878433655,1.0547045171938052,3.801948422414703,mr_webots_overtaking_large_ship.wbt,ekf_on_cluster_on,1,1,5.0
1782771950.2770383,94.74909090995789,-199.73013201492242,200.0,0.2,0.009486758847501935,13.18140596617079,0.9656542822825892,-0.0043295146025381405,6.246650388070098,1782771950.2585132,13.175100912870715,0.9655743977048006,0.0144598816792616, 1782771950.245002, 1782771950.2745323,1.0284446656122408,track,none,0.0,nan,nan,0.0,0.0,9.63896875206263,1.0615815613934125,3.8185175086094922,mr_webots_overtaking_large_ship.wbt,ekf_on_cluster_on,1,1,5.0
1782771950.3819017,94.85395431518555,-199.50666397243245,200.0,0.2,0.008462057193264766,13.224744668320248,0.966040725590851,-0.004435901464781176,6.24628512747354,1782771950.3408551,None,None,None, None, 1782771950.3548777,0.9820440937553789,track,none,0.0,nan,nan,0.0,0.0,9.191294126620303,1.0497324336796783,3.8290127797122,mr_webots_overtaking_large_ship.wbt,ekf_on_cluster_on,1,1,5.0
1782771950.477335,94.949387550354,-199.30789260224662,200.0,0.2,0.0074934174085271015,13.286558766613703,0.9665326724693983,-0.004652657891660639,6.245883010115403,1782771950.4272826,None,None,None, None, 1782771950.4322834,1.0200236336272959,track,none,0.0,nan,nan,0.0,0.0,9.236269774029775,1.0544787527948754,3.8367487508985896,mr_webots_overtaking_large_ship.wbt,ekf_on_cluster_on,1,1,5.0
1782771950.5771394,95.04919195175171,-199.1320816915417,200.0,0.2,0.006621213155432313,13.354738550065926,0.9670105047627402,-0.003929905324599896,6.245335934609971,1782771950.566491,None,None,None, None, 1782771950.566491,0.9859485592025469,track,none,0.0,nan,nan,0.0,0.0,9.299803345160964,1.059432682696577,3.8440334050601206,mr_webots_overtaking_large_ship.wbt,ekf_on_cluster_on,1,1,5.0
1782771950.6776342,95.14968681335449,-198.9814529125784,200.0,0.2,0.005867728272743539,13.424116002060435,0.9674384411819261,-0.0031369715911947183,6.2450988852993135,1782771950.6420572,None,None,None, None, 1782771950.648324,1.007406104015138,track,none,0.0,nan,nan,0.0,0.0,9.358140340509387,1.0637667461556695,3.8545106046918685,mr_webots_overtaking_large_ship.wbt,ekf_on_cluster_on,1,1,5.0
1782771950.777563,95.24961566925049,-198.88322983337724,200.0,0.2,0.0053368107754276466,13.493649554617054,0.9678179427490505,-0.0015028082201834427,6.244901506785613,1782771950.773397,None,None,None, None, 1782771950.724873,1.0260955521247075,track,none,0.0,nan,nan,0.0,0.0,9.418248850323716,1.0673949213479568,3.863357844007907,mr_webots_overtaking_large_ship.wbt,ekf_on_cluster_on,1,1,5.0
1782771950.8769605,95.34901309013367,-198.83618619729543,200.0,0.2,0.005015981101922264,13.563193517936726,0.9681665019994483,-0.00032054964496695354,6.244874231012067,1782771950.8584876,None,None,None, None, 1782771950.8574889,0.9370468485599344,track,none,0.0,nan,nan,0.0,0.0,9.478869686207409,1.0697094543845354,3.8711207321964367,mr_webots_overtaking_large_ship.wbt,ekf_on_cluster_on,1,1,5.0
1782771950.9773512,95.44940376281738,-198.81604234160812,200.0,0.2,0.004805307865957024,13.632733731846375,0.9684990862454583,-6.484766755918008e-05,6.24486847019215,1782771950.9473238,None,None,None, None, 1782771950.9314315,0.9957815332357228,track,none,0.0,nan,nan,0.0,0.0,9.478869686207409,1.0697094543845354,3.8711207321964367,mr_webots_overtaking_large_ship.wbt,ekf_on_cluster_on,1,1,5.0
1782771951.0770717,95.54912424087524,-198.86146949641926,200.0,0.2,0.004851664931589309,13.702271254223879,0.9688210577357381,0.0017526332022043717,6.244980811102859,1782771951.0780783,None,None,None, None, 1782771951.0690343,0.9463035575704597,track,none,0.0,nan,nan,0.0,0.0,9.56783923736016,1.0713987202271238,3.88613387435228,mr_webots_overtaking_large_ship.wbt,ekf_on_cluster_on,1,1,5.0
1782771951.177228,95.6492805480957,-198.98286426983483,200.0,0.2,0.005185228235001218,13.771813382045128,0.9691584554858569,0.002255439719420892,6.245303978100277,1782771951.1547055,None,None,None, None, 1782771951.1436996,0.9319736251644061,track,none,0.0,nan,nan,0.0,0.0,9.623900824324918,1.071807622085109,3.9026422926560325,mr_webots_overtaking_large_ship.wbt,ekf_on_cluster_on,1,1,5.0
1782771951.2792847,95.75133728981018,-199.64411960928012,200.0,0.2,0.008133110878528955,13.37125746180553,0.9682007148299904,0.0043694037892296,6.245608291162969,1782771951.224352,13.36504864102206,0.9681833024693247,0.01287864628938884, 1782771951.245972, 1782771951.2812798,1.0324006471872231,track,none,0.0,nan,nan,0.0,0.0,9.68566623889494,1.070877715941085,3.9147785270394584,mr_webots_overtaking_large_ship.wbt,ekf_on_cluster_on,1,1,5.0
1782771951.3771257,95.84917831420898,-199.83792204022782,200.0,0.2,0.00874288865198582,13.415176522386798,0.9685659282095997,0.004506593268018613,6.246219746632896,1782771951.360032,None,None,None, None, 1782771951.3537016,0.9171969311505209,track,none,0.0,nan,nan,0.0,0.0,9.25854119643058,1.0576718884711453,3.9322973538980888,mr_webots_overtaking_large_ship.wbt,ekf_on_cluster_on,1,1,5.0
1782771951.4771006,95.94915318489075,-200.0,200.0,0.2,0.009425620809953265,13.47729204837513,0.9691259667239507,0.004085125193182862,6.246504676611657,1782771951.4297802,None,None,None, None, 1782771951.4192579,1.027143835584387,track,none,0.0,nan,nan,0.0,0.0,9.29805337739243,1.055484595311211,3.9471452119256747,mr_webots_overtaking_large_ship.wbt,ekf_on_cluster_on,1,1,5.0
1782771951.5769129,96.04896545410156,-200.0,200.0,0.2,0.010498255748023561,13.545616359401384,0.9697912307116638,0.007345655792335311,6.247432843460923,1782771951.5561361,None,None,None, None, 1782771951.5693698,0.954260126493313,track,none,0.0,nan,nan,0.0,0.0,9.35515859611966,1.0532794559411223,3.96014162670408,mr_webots_overtaking_large_ship.wbt,ekf_on_cluster_on,1,1,5.0
1782771951.677404,96.14945650100708,-200.0,200.0,0.2,0.01144665051324716,13.615109450091063,0.9705530105745055,0.004832361164162151,6.247783140057878,1782771951.6286259,None,None,None, None, 1782771951.6358044,0.9441439091699755,track,none,0.0,nan,nan,0.0,0.0,9.41292509615477,1.0491405822819975,3.9772987180966144,mr_webots_overtaking_large_ship.wbt,ekf_on_cluster_on,1,1,5.0
1782771951.7775881,96.2496407032013,-200.0,200.0,0.2,0.012358238828388619,13.684768416432483,0.9713812459689279,0.0046627094885319815,6.2484230355439525,1782771951.7658627,None,None,None, None, 1782771951.7658627,0.9452170562709558,track,none,0.0,nan,nan,0.0,0.0,9.472249471635124,1.046101136922824,3.9910531820621022,mr_webots_overtaking_large_ship.wbt,ekf_on_cluster_on,1,1,5.0
1782771951.8777335,96.34978604316711,-200.0,200.0,0.2,0.013086139464349649,13.754448953202358,0.9722720231684434,0.0031643447274228593,6.248678754761824,1782771951.8466754,None,None,None, None, 1782771951.8466754,0.9795213550491376,track,none,0.0,nan,nan,0.0,0.0,9.529875246832539,1.043263363732121,4.006887533848462,mr_webots_overtaking_large_ship.wbt,ekf_on_cluster_on,1,1,5.0
1782771951.9779809,96.45003342628479,-200.0,200.0,0.2,0.013901614103257933,13.824131865466308,0.9732086680572962,0.004487692135894757,6.2490134584049875,1782771951.921258,None,None,None, None, 1782771951.9202588,0.9440658469378503,track,none,0.0,nan,nan,0.0,0.0,9.588473360827438,1.0414182458700254,4.018059160604725,mr_webots_overtaking_large_ship.wbt,ekf_on_cluster_on,1,1,5.0
1782771952.077454,96.54950666427612,-200.0,199.66767662566022,0.2,0.014812213409502145,13.893814365663813,0.9742032709792028,0.005201175497001493,6.249723278118833,1782771952.057731,None,None,None, None, 1782771952.0507169,1.0434159680675381,track,none,0.0,nan,nan,0.0,0.0,9.647759728194806,1.0389137834686104,4.027189984953939,mr_webots_overtaking_large_ship.wbt,ekf_on_cluster_on,1,1,5.0
1782771952.1776774,96.64972996711731,-200.0,199.35464934763303,0.2,0.015605076161493163,13.963458945172379,0.9752643218360504,0.0037702630889981485,6.2500140806075555,1782771952.1348615,None,None,None, None, 1782771952.1188161,0.9971494366190137,track,none,0.0,nan,nan,0.0,0.0,9.705485100776807,1.0359557325951663,4.038290715952461,mr_webots_overtaking_large_ship.wbt,ekf_on_cluster_on,1,1,5.0
1782771952.2767737,96.74882626533508,-200.0,199.50397207819884,0.2,0.016758114520187436,13.55836460531444,0.9709306018587451,0.00310982514121186,6.250450713194514,1782771952.2752657,13.55209521217891,0.9708586482298791,0.01762512872496913, 1782771952.247488, 1782771952.2525036,0.9211167561256771,track,none,0.0,nan,nan,0.0,0.0,9.76567965282715,1.0338337356318437,4.047356859865818,mr_webots_overtaking_large_ship.wbt,ekf_on_cluster_on,1,1,5.0
1782771952.3769407,96.8489933013916,-200.0,199.22740506765615,0.2,0.017533554560785255,13.601874147819547,0.9716756364588264,0.004162961013849359,6.250741913741908,1782771952.345216,None,None,None, None, 1782771952.3156583,0.9218915797861408,track,none,0.0,nan,nan,0.0,0.0,9.32025076032553,1.024466335609342,4.06089868261826,mr_webots_overtaking_large_ship.wbt,ekf_on_cluster_on,1,1,5.0
1782771952.4779558,96.95000839233398,-200.0,198.94518540774385,0.2,0.018181470867594616,13.663729875651628,0.9727846692370719,0.0025534615267190923,6.250926439408671,1782771952.417481,None,None,None, None, 1782771952.4563923,0.9183837252004078,track,none,0.0,nan,nan,0.0,0.0,9.366199067606857,1.022121438738682,4.072439245437379,mr_webots_overtaking_large_ship.wbt,ekf_on_cluster_on,1,1,5.0
1782771952.5772214,97.04927396774292,-200.0,198.69879840613524,0.2,0.018625927060936024,13.73187079092572,0.9740479933204824,0.0010431816431629166,6.251072204896313,1782771952.5572126,None,None,None, None, 1782771952.5323439,0.9124092230329228,track,none,0.0,nan,nan,0.0,0.0,9.428477232362718,1.0209857703045488,4.081342289838709,mr_webots_overtaking_large_ship.wbt,ekf_on_cluster_on,1,1,5.0
1782771952.6779785,97.15003108978271,-200.0,198.48288786322945,0.2,0.01893145304122694,13.801184739042647,0.9753589442640305,0.0004347466500345053,6.2511034993074555,1782771952.6291957,None,None,None, None, 1782771952.6652553,0.9115281334094223,track,none,0.0,nan,nan,0.0,0.0,9.487919505609025,1.0209726172335487,4.096557571511837,mr_webots_overtaking_large_ship.wbt,ekf_on_cluster_on,1,1,5.0
1782771952.7773638,97.24941635131836,-200.0,198.32428762980027,0.2,0.01900721022934431,13.870644138402952,0.9766901328089546,-0.0011620033828056142,6.250943537890927,1782771952.7668557,None,None,None, None, 1782771952.7509682,1.0122621808894927,track,none,0.0,nan,nan,0.0,0.0,9.487919505609025,1.0209726172335487,4.096557571511837,mr_webots_overtaking_large_ship.wbt,ekf_on_cluster_on,1,1,5.0
1782771952.8788981,97.35095071792603,-200.0,198.20311884292065,0.2,0.018938933968177363,13.940105877227051,0.9780205872917804,-0.0017342581103363382,6.2508045178623695,1782771952.8470168,None,None,None, None, 1782771952.8189363,0.988576237300059,track,none,0.0,nan,nan,0.0,0.0,9.582286414971552,1.0227716277141965,4.108771289430865,mr_webots_overtaking_large_ship.wbt,ekf_on_cluster_on,1,1,5.0
1782771952.9775076,97.44956016540527,-200.0,200.0,0.2,0.018435040085308597,14.00955480143592,0.9793360331614142,-0.0036682471127682864,6.2503442343184314,1782771952.9724946,None,None,None, None, 1782771952.9556737,1.0765915496838019,track,none,0.0,nan,nan,0.0,0.0,9.641481708861106,1.0247221435116245,4.122825035811507,mr_webots_overtaking_large_ship.wbt,ekf_on_cluster_on,1,1,5.0
1782771953.0773287,97.54938125610352,-200.0,200.0,0.2,0.01802048557110763,14.079202178076184,0.9806127329803189,-0.002847971116825835,6.250144613074796,1782771953.042587,None,None,None, None, 1782771953.0255678,0.9584068126478177,track,none,0.0,nan,nan,0.0,0.0,9.6987370280583,1.0287497073638803,4.140715586472436,mr_webots_overtaking_large_ship.wbt,ekf_on_cluster_on,1,1,5.0
1782771953.1778557,97.64990830421448,-200.0,200.0,0.2,0.017463216003800214,14.148876722390193,0.9818564527524529,-0.00360124007038691,6.249908917232777,1782771953.1798666,None,None,None, None, 1782771953.1562338,0.9034253220718846,track,none,0.0,nan,nan,0.0,0.0,9.75963295492355,1.0322905758881311,4.155019063054189,mr_webots_overtaking_large_ship.wbt,ekf_on_cluster_on,1,1,5.0
1782771953.277706,97.74975848197937,-200.0,199.15603739602832,0.2,0.016747289156110852,13.748272400453233,0.9743329429093143,-0.004490245067755617,6.249255742054676,1782771953.253501,13.742061319671125,0.9742177254933627,0.01674567341208455, 1782771953.252499, 1782771953.21894,1.0431937357111187,track,none,0.0,nan,nan,0.0,0.0,9.81628857936355,1.036484270485904,4.1692351209584935,mr_webots_overtaking_large_ship.wbt,ekf_on_cluster_on,1,1,5.0
1782771953.3772109,97.84926342964172,-200.0,199.23970719396266,0.2,0.01613374264658229,13.792216096909419,0.9750568984313617,-0.003455490502941623,6.249013803575842,1782771953.3235166,None,None,None, None, 1782771953.383842,0.9130325852770659,track,none,0.0,nan,nan,0.0,0.0,9.389071237904107,1.0323970806580904,4.17989798285507,mr_webots_overtaking_large_ship.wbt,ekf_on_cluster_on,1,1,5.0
1782771953.4770703,97.9491229057312,-200.0,199.34997847541675,0.2,0.015312055580481886,13.854272991250847,0.9760423595779315,-0.005636742804453292,6.24818148338134,1782771953.4711764,None,None,None, None, 1782771953.4611914,0.9544565997176878,track,none,0.0,nan,nan,0.0,0.0,9.431662515028203,1.0362229053175729,4.186529131364582,mr_webots_overtaking_large_ship.wbt,ekf_on_cluster_on,1,1,5.0
1782771953.5773382,98.04939079284668,-200.0,199.46295479163064,0.2,0.014464684737109991,13.922508450557697,0.9770642117032367,-0.0049923538708269944,6.247801449241399,1782771953.5472996,None,None,None, None, 1782771953.5327675,0.9625210556113141,track,none,0.0,nan,nan,0.0,0.0,9.485433607935247,1.0415273716363358,4.195240742362675,mr_webots_overtaking_large_ship.wbt,ekf_on_cluster_on,1,1,5.0
1782771953.6787922,98.15084481239319,-200.0,199.56134907130604,0.2,0.013690482873625055,13.991926372481442,0.9780433670450606,-0.00409162640146122,6.247448102329639,1782771953.6336582,None,None,None, None, 1782771953.6336582,0.9853628650840153,track,none,0.0,nan,nan,0.0,0.0,9.54689231498062,1.0468405531115483,4.201778115359825,mr_webots_overtaking_large_ship.wbt,ekf_on_cluster_on,1,1,5.0
1782771953.7828872,98.2549397945404,-199.0777077085756,200.0,0.2,0.012709797808618192,14.061525435363675,0.9789726057736488,-0.006102015267385447,6.246891938277028,1782771953.7248025,None,None,None, None, 1782771953.7950985,0.9426958060841464,track,none,0.0,nan,nan,0.0,0.0,9.604907908223575,1.0515379540511767,4.209145863960474,mr_webots_overtaking_large_ship.wbt,ekf_on_cluster_on,1,1,5.0
1782771953.8770268,98.34907937049866,-198.684653035068,200.0,0.2,0.011356879706051362,14.131096091139769,0.979824464665839,-0.008408951665192448,6.246199825858637,1782771953.8800516,None,None,None, None, 1782771953.8625147,0.9085860292439899,track,none,0.0,nan,nan,0.0,0.0,9.684300756413931,1.0294336575093324,4.217236348050858,mr_webots_overtaking_large_ship.wbt,ekf_on_cluster_on,1,1,5.0
1782771953.9772065,98.44925904273987,-198.31474837265364,200.0,0.2,0.010415119350712609,14.20062038210473,0.9805694083128671,-0.0033846817500299497,6.245733587057963,1782771953.9448588,None,None,None, None, 1782771953.932432,0.9797411023069637,track,none,0.0,nan,nan,0.0,0.0,9.747942213182322,1.0376355781619422,4.224933249928235,mr_webots_overtaking_large_ship.wbt,ekf_on_cluster_on,1,1,5.0
1782771954.0770442,98.54909682273865,-197.89800519055495,200.0,0.2,0.009514354678572578,14.270097910906326,0.9812549765201553,-0.003755606186730749,6.245263584714346,1782771954.0700057,None,None,None, None, 1782771954.0640588,0.9434878264227387,track,none,0.0,nan,nan,0.0,0.0,9.807178800250101,1.042422847072763,4.233266428042091,mr_webots_overtaking_large_ship.wbt,ekf_on_cluster_on,1,1,5.0
1782771954.1774209,98.6494734287262,-197.45982943680013,200.0,0.2,0.008889437671475044,14.339523512729153,0.9818787710641175,-0.001466425661208156,6.245147470679885,1782771954.1491873,None,None,None, None, 1782771954.1386802,0.9546769135983997,track,none,0.0,nan,nan,0.0,0.0,9.864992221678637,1.0473607013393764,4.244520232471225,mr_webots_overtaking_large_ship.wbt,ekf_on_cluster_on,1,1,5.0
1782771954.290761,98.76281356811523,-200.0,200.0,0.2,0.009870158068938258,13.932028833398093,0.9771413424494009,-0.00042695523838104344,6.245117664666185,1782771954.218998,13.92573082423892,0.9770710375814396,0.012589624059835103, 1782771954.253122, 1782771954.2656372,0.9865731838579821,track,none,0.0,nan,nan,0.0,0.0,9.926266338162243,1.0505767268645119,4.254415232903064,mr_webots_overtaking_large_ship.wbt,ekf_on_cluster_on,1,1,5.0
1782771954.3780115,98.85006403923035,-200.0,200.0,0.2,0.009672690606969658,13.975195212228943,0.9775567504325409,0.000776148676513139,6.245235898664192,1782771954.3713322,None,None,None, None, 1782771954.3303611,0.907534470677691,track,none,0.0,nan,nan,0.0,0.0,9.47368131988417,1.0406266344838195,4.268483553726387,mr_webots_overtaking_large_ship.wbt,ekf_on_cluster_on,1,1,5.0
1782771954.4769206,98.94897317886353,-198.47056838360396,200.0,0.2,0.009653328337227884,14.036983845559288,0.9781482258487699,0.0007937188451623428,6.245289952412068,1782771954.439434,None,None,None, None, 1782771954.4595108,1.0057596270839289,track,none,0.0,nan,nan,0.0,0.0,9.52092309213441,1.0416663820158654,4.282222291451049,mr_webots_overtaking_large_ship.wbt,ekf_on_cluster_on,1,1,5.0
1782771954.5779505,99.05000305175781,-198.33177121158212,200.0,0.2,0.009884295204837003,14.10506355662349,0.9788054420675172,0.0013350225876421005,6.245456353430829,1782771954.564077,None,None,None, None, 1782771954.528273,0.9807021882895244,track,none,0.0,nan,nan,0.0,0.0,9.52092309213441,1.0416663820158654,4.282222291451049,mr_webots_overtaking_large_ship.wbt,ekf_on_cluster_on,1,1,5.0
1782771954.6785443,99.15059685707092,-198.17424565916,200.0,0.2,0.010179983772002438,14.17433521945248,0.9794901659314063,0.002117385980350861,6.245617650302007,1782771954.6402543,None,None,None, None, 1782771954.6475189,0.9222271711720083,track,none,0.0,nan,nan,0.0,0.0,9.62394659399821,1.0413656955956445,4.292634685487927,mr_webots_overtaking_large_ship.wbt,ekf_on_cluster_on,1,1,5.0
1782771954.7773876,99.24944019317627,-197.998039507055,200.0,0.2,0.010563592066838686,14.24376253518098,0.9801969592945111,0.00325250448589157,6.245887414130055,1782771954.7231946,None,None,None, None, 1782771954.7327173,0.9664486758892851,track,none,0.0,nan,nan,0.0,0.0,9.681194724589396,1.040775796485295,4.305644413844927,mr_webots_overtaking_large_ship.wbt,ekf_on_cluster_on,1,1,5.0
1782771954.8776753,99.34972786903381,-197.7793973212573,200.0,0.2,0.01095167037241458,14.31319142570345,0.9809304050534563,0.00385676605036891,6.246409350132233,1782771954.8585246,None,None,None, None, 1782771954.8555155,1.018555356906835,track,none,0.0,nan,nan,0.0,0.0,9.738721774883821,1.039731737545351,4.322164413550868,mr_webots_overtaking_large_ship.wbt,ekf_on_cluster_on,1,1,5.0
1782771954.977074,99.44912648200989,-197.56147286134163,200.0,0.2,0.011657253642975164,14.382596100367378,0.981690532562589,0.0071258030689620834,6.246911708321117,1782771954.929023,None,None,None, None, 1782771954.9315326,1.0292180349483204,track,none,0.0,nan,nan,0.0,0.0,9.799646537435365,1.0385947606986705,4.3363926740092,mr_webots_overtaking_large_ship.wbt,ekf_on_cluster_on,1,1,5.0
1782771955.0773582,99.54941082000732,-197.32437703756366,200.0,0.2,0.012620211017819806,14.45197267743119,0.9825157077262361,0.00669458192564515,6.247810688479103,1782771955.0633078,None,None,None, None, 1782771955.0633078,0.9850737877715829,track,none,0.0,nan,nan,0.0,0.0,9.854978178250201,1.0357279189982094,4.355626345204058,mr_webots_overtaking_large_ship.wbt,ekf_on_cluster_on,1,1,5.0
1782771955.1777732,99.64982581138611,-197.0263262662364,200.0,0.2,0.013760788441153143,14.521318446346951,0.9834109300733331,0.007854639120922033,6.248455710985878,1782771955.1454277,None,None,None, None, 1782771955.13193,1.0943683315509,track,none,0.0,nan,nan,0.0,0.0,9.912636316949929,1.031915409540979,4.373247486992431,mr_webots_overtaking_large_ship.wbt,ekf_on_cluster_on,1,1,5.0
1782771955.3003206,99.77237319946289,-199.51823695588433,200.0,0.2,0.015844256130043664,14.118512688834617,0.9796375740766475,0.009835249684739594,6.249202964607048,1782771955.3043222,14.112277435848357,0.9795748204137539,0.01711994703555586, 1782771955.253962, 1782771955.2639668,0.9252194922254473,track,none,0.0,nan,nan,0.0,0.0,9.97195680210087,1.0272046112031596,4.390610763155859,mr_webots_overtaking_large_ship.wbt,ekf_on_cluster_on,1,1,5.0
1782771955.3778906,99.84994316101074,-199.7384938067169,200.0,0.2,0.017416679098614093,14.162025521765175,0.9803518479882314,0.010438794713449155,6.250789511557665,1782771955.3733904,None,None,None, None, 1782771955.3283305,1.0759715132543477,track,none,0.0,nan,nan,0.0,0.0,9.51061221247502,1.0424552388108967,4.417926748343235,mr_webots_overtaking_large_ship.wbt,ekf_on_cluster_on,1,1,5.0
1782771955.477657,99.94970965385437,-199.9777496500828,200.0,0.2,0.019175493313550823,14.223939107875621,0.9814745960920703,0.010403144697212029,6.251560612950152,1782771955.4475124,None,None,None, None, 1782771955.470117,0.9211548674153266,track,none,0.0,nan,nan,0.0,0.0,9.556212943432069,1.0346854098365534,4.4306823579868695,mr_webots_overtaking_large_ship.wbt,ekf_on_cluster_on,1,1,5.0
1782771955.5771203,100.04917287826538,-200.0,200.0,0.2,0.021088244535521033,14.292206159792864,0.9828385655340028,0.010923748141148971,6.252861476113394,1782771955.5665982,None,None,None, None, 1782771955.536604,0.9852753879703698,track,none,0.0,nan,nan,0.0,0.0,9.638141940406083,1.055645954309134,4.433463870264232,mr_webots_overtaking_large_ship.wbt,ekf_on_cluster_on,1,1,5.0
1782771955.6779387,100.14999127388,-200.0,200.0,0.2,0.023103459751664435,14.361679511238444,0.9843643095966286,0.011214557645114262,6.253615526924332,1782771955.6338367,None,None,None, None, 1782771955.6568632,0.9745302551635744,track,none,0.0,nan,nan,0.0,0.0,9.697380179356689,1.0476850782961484,4.437345683351046,mr_webots_overtaking_large_ship.wbt,ekf_on_cluster_on,1,1,5.0
1782771955.7781842,100.25023674964905,-200.0,200.0,0.2,0.025714272999491875,14.431322132884583,0.9860375387936955,0.01614306313207328,6.255863749318954,1782771955.7731054,None,None,None, None, 1782771955.729033,0.9880451269335294,track,none,0.0,nan,nan,0.0,0.0,9.758659861772978,1.0394184066311862,4.441096956372564,mr_webots_overtaking_large_ship.wbt,ekf_on_cluster_on,1,1,5.0
1782771955.877154,100.3492066860199,-200.0,200.0,0.2,0.028645111482066644,14.500982717831988,0.9879088908704894,0.017171088153782783,6.257046863716459,1782771955.842007,None,None,None, None, 1782771955.8636296,0.9441664162044363,track,none,0.0,nan,nan,0.0,0.0,9.816937318340683,1.027668918706082,4.446143497724065,mr_webots_overtaking_large_ship.wbt,ekf_on_cluster_on,1,1,5.0
1782771955.9773312,100.44938373565674,-200.0,199.47748802774885,0.2,0.03077422592129828,14.570640064017644,0.9899957483628725,0.008790907478878595,6.257685095189001,1782771955.9146082,None,None,None, None, 1782771955.9399495,0.9415599331925978,track,none,0.0,nan,nan,0.0,0.0,9.87750427245053,1.0144316330604803,4.451394362160728,mr_webots_overtaking_large_ship.wbt,ekf_on_cluster_on,1,1,5.0
1782771956.077954,100.5500066280365,0.0,0.0,0.2,0.032603335031173734,14.640235695727204,0.9922129112138336,0.007932186014211084,6.258896937188842,1782771956.0673835,None,None,None, None, 1782771956.0759091,0.9292452551730946,arrived,none,0.0,nan,nan,0.0,0.0,9.937539298120226,1.0076669085326455,4.465758045602563,mr_webots_overtaking_large_ship.wbt,ekf_on_cluster_on,1,1,5.0
1782771956.1776962,100.64974880218506,0.0,0.0,0.2,0.03460471353069145,14.67967737509801,0.9935345600435213,0.010829015445960311,6.259641201184392,1782771956.1361122,None,None,None, None, 1782771956.143616,0.9632727574504408,arrived,none,0.0,nan,nan,0.0,0.0,9.99760545311512,1.0018584765231404,4.484079511164236,mr_webots_overtaking_large_ship.wbt,ekf_on_cluster_on,1,1,5.0
1782771956.2770407,100.74909329414368,0.0,0.0,0.2,0.033088368788019955,14.297116556569213,0.983267543311647,0.005419305080383674,6.260361403570373,1782771956.269008,14.291671061598125,0.9831179816967026,0.027466873787098223, 1782771956.255476, 1782771956.2795749,1.038221278328603,arrived,none,0.0,nan,nan,0.0,0.0,9.99760545311512,1.0018584765231404,4.484079511164236,mr_webots_overtaking_large_ship.wbt,ekf_on_cluster_on,1,1,5.0
1782771956.3774953,100.84954786300659,0.0,0.0,0.2,0.034354446968001336,14.281188466849766,0.982729281363321,0.0056289615237029396,6.260742966892119,1782771956.3367937,None,None,None, None, 1782771956.3468294,1.0064033972868005,arrived,none,0.0,nan,nan,0.0,0.0,9.603683555516502,0.9937638422699773,4.49681487223035,mr_webots_overtaking_large_ship.wbt,ekf_on_cluster_on,1,1,5.0
1782771956.4771929,100.94924545288086,0.0,0.0,0.2,0.03551558452677412,14.266840531434138,0.982227597030553,0.0056451672832396205,6.261527049906494,1782771956.4756882,None,None,None, None, 1782771956.4756882,0.9448167260583329,arrived,none,0.0,nan,nan,0.0,0.0,9.584264239201815,0.9870603267207697,4.5048219547220665,mr_webots_overtaking_large_ship.wbt,ekf_on_cluster_on,1,1,5.0
1782771956.5772288,101.04928135871887,0.0,0.0,0.2,0.036564837325631726,14.253774912758129,0.9817562150220045,0.005051039591948805,6.261861187965705,1782771956.5418406,None,None,None, None, 1782771956.5431726,0.9754717961601249,arrived,none,0.0,nan,nan,0.0,0.0,9.593220237408595,1.0098187513888954,4.511341868754765,mr_webots_overtaking_large_ship.wbt,ekf_on_cluster_on,1,1,5.0
1782771956.677925,101.149977684021,0.0,0.0,0.2,0.038733755574845916,14.24177272118689,0.9813111994264219,0.015705636673957437,6.2639435055905395,1782771956.6744246,None,None,None, None, 1782771956.6744246,0.9214308371271502,arrived,none,0.0,nan,nan,0.0,0.0,9.580180502539491,1.0042029183152559,4.515250064639307,mr_webots_overtaking_large_ship.wbt,ekf_on_cluster_on,1,1,5.0
1782771956.7778502,101.24990272521973,0.0,0.0,0.2,0.0400949556220199,14.230668824521457,0.9808708731632612,0.00505256331412281,6.264359846866723,1782771956.7568266,None,None,None, None, 1782771956.7568266,0.9517560221674265,arrived,none,0.0,nan,nan,0.0,0.0,9.570029540921118,0.9923804514575039,4.518951446537993,mr_webots_overtaking_large_ship.wbt,ekf_on_cluster_on,1,1,5.0
1782771956.8774903,101.34954285621643,0.0,0.0,0.2,0.041215050615553375,14.220333374946584,0.980449163871012,0.0046274549198516675,6.264707424743843,1782771956.8319387,None,None,None, None, 1782771956.8474536,0.9797530273277516,arrived,none,0.0,nan,nan,0.0,0.0,9.560928003987605,0.9859411097734524,4.520888439249251,mr_webots_overtaking_large_ship.wbt,ekf_on_cluster_on,1,1,5.0
1782771956.9772875,101.44934010505676,0.0,0.0,0.2,0.04231807592891896,14.210663712347147,0.9800450523165773,0.005508772766776522,6.265402411000409,1782771956.9580986,None,None,None, None, 1782771956.9185324,0.9832179083377515,arrived,none,0.0,nan,nan,0.0,0.0,9.553318084284347,0.9804898603098686,4.521191990171721,mr_webots_overtaking_large_ship.wbt,ekf_on_cluster_on,1,1,5.0
1782771957.077594,101.54964661598206,0.0,0.0,0.2,0.04322515354377868,14.20157693948622,0.9796555766868584,0.004044731240550686,6.2657197045933115,1782771957.0365448,None,None,None, None, 1782771957.0440576,0.9299099722238262,arrived,none,0.0,nan,nan,0.0,0.0,9.546955867006693,0.9747777289235754,4.513246273957838,mr_webots_overtaking_large_ship.wbt,ekf_on_cluster_on,1,1,5.0
1782771957.1800914,101.65214395523071,0.0,0.0,0.2,0.04398482486143506,14.193004869197878,0.9792810407313848,0.003341307288497787,6.266165515322838,1782771957.1699688,None,None,None, None, 1782771957.1248598,1.0979614936951236,arrived,none,0.0,nan,nan,0.0,0.0,9.54055809311713,0.9701566308041104,4.506848319836657,mr_webots_overtaking_large_ship.wbt,ekf_on_cluster_on,1,1,5.0
1782771957.277282,101.74933457374573,0.0,0.0,0.2,0.040874957426993166,14.347079449337853,0.9843900976989396,0.004361695490915152,6.266530966467912,1782771957.2537553,14.349221492047722,0.9844623298491536,0.03332612244427935, 1782771957.258769, 1782771957.272282,1.012977005532076,arrived,none,0.0,nan,nan,0.0,0.0,9.50974346362951,0.9953241287790635,4.498425554272276,mr_webots_overtaking_large_ship.wbt,ekf_on_cluster_on,1,1,5.0
1782771957.3774424,101.84949493408203,0.0,0.0,0.2,0.04161726709111795,14.357014874495238,0.9847999533791345,0.003920070268428376,6.266831475928731,1782771957.3304145,None,None,None, None, 1782771957.348927,0.9071526429930042,arrived,none,0.0,nan,nan,0.0,0.0,9.67657096617517,1.0150358615866448,4.49023491210436,mr_webots_overtaking_large_ship.wbt,ekf_on_cluster_on,1,1,5.0
1782771957.4781487,101.95020127296448,0.0,0.0,0.2,0.04229135240505807,14.366335293435183,0.9851913099000171,0.0032703734892750077,6.267314621826034,1782771957.4781487,None,None,None, None, 1782771957.4225125,0.9715790749855132,arrived,none,0.0,nan,nan,0.0,0.0,9.691844804965452,1.0114622510818743,4.483667277340466,mr_webots_overtaking_large_ship.wbt,ekf_on_cluster_on,1,1,5.0
1782771957.5773149,102.04936742782593,0.0,0.0,0.2,0.04322404376089155,14.375114478439848,0.9855656078451283,0.005972266349103313,6.267726963116263,1782771957.5471914,None,None,None, None, 1782771957.5571947,0.9615511817041739,arrived,none,0.0,nan,nan,0.0,0.0,9.707297104496186,1.0086511300150305,4.473581296800449,mr_webots_overtaking_large_ship.wbt,ekf_on_cluster_on,1,1,5.0
1782771957.677716,102.14976859092712,0.0,0.0,0.2,0.04417603883503068,14.383413279811942,0.9859279577033941,0.005295651938682335,6.268109323391796,1782771957.619394,None,None,None, None, 1782771957.6464264,0.9245470875168301,arrived,none,0.0,nan,nan,0.0,0.0,9.721941760986681,1.003904718631466,4.464342108544356,mr_webots_overtaking_large_ship.wbt,ekf_on_cluster_on,1,1,5.0
1782771957.7771394,102.24919199943542,0.0,0.0,0.2,0.04491269033932724,14.391282790972275,0.986279247201173,0.003162589621567824,6.268516722726775,1782771957.7482123,None,None,None, None, 1782771957.766739,1.069519602948362,arrived,none,0.0,nan,nan,0.0,0.0,9.721941760986681,1.003904718631466,4.464342108544356,mr_webots_overtaking_large_ship.wbt,ekf_on_cluster_on,1,1,5.0
1782771957.8786914,102.35074400901794,0.0,0.0,0.2,0.04559501152584557,14.398766341409942,0.9866182735374416,0.00327050791064414,6.268752289054906,1782771957.8202398,None,None,None, None, 1782771957.835152,1.0016656895614795,arrived,none,0.0,nan,nan,0.0,0.0,9.73858995918593,0.9985033191829776,4.4573858435171045,mr_webots_overtaking_large_ship.wbt,ekf_on_cluster_on,1,1,5.0
1782771957.9780068,102.45005941390991,0.0,0.0,0.2,0.046211644205668846,14.405900837920361,0.9869461125749606,0.0029625820014839536,6.269133274632082,1782771957.948839,None,None,None, None, 1782771957.9599721,0.9711128047650327,arrived,none,0.0,nan,nan,0.0,0.0,9.751419111214913,0.9955806224617554,4.449825643763404,mr_webots_overtaking_large_ship.wbt,ekf_on_cluster_on,1,1,5.0
1782771958.0771794,102.549232006073,0.0,0.0,0.2,0.04676816957981613,14.412718077673418,0.987263372276475,0.0026722614673274836,6.269337120146491,1782771958.025121,None,None,None, None, 1782771958.0306458,1.0438192625833698,arrived,none,0.0,nan,nan,0.0,0.0,9.765103091635396,0.9929062787840155,4.440867325688575,mr_webots_overtaking_large_ship.wbt,ekf_on_cluster_on,1,1,5.0
1782771958.1779099,102.64996242523193,0.0,0.0,0.2,0.04739121111506695,14.41924564624414,0.987570606015792,0.0034765260986788717,6.269782423899112,1782771958.1532097,None,None,None, None, 1782771958.1589868,0.9158115922981434,arrived,none,0.0,nan,nan,0.0,0.0,9.777073151788834,0.9905112308236175,4.433820817368435,mr_webots_overtaking_large_ship.wbt,ekf_on_cluster_on,1,1,5.0
1782771958.277207,102.74925947189331,0.0,0.0,0.2,0.044330347635745934,14.375530417464034,0.9850980896786852,0.003168944143827489,6.269981685720076,1782771958.2160892,14.37487036362538,0.9850614892530838,0.037282597025248165, 1782771958.259677, 1782771958.2271209,1.0700128513849705,arrived,none,0.0,nan,nan,0.0,0.0,9.78990321017189,0.9877668216033357,4.424968387131138,mr_webots_overtaking_large_ship.wbt,ekf_on_cluster_on,1,1,5.0
1782771958.3783658,102.85041832923889,0.0,0.0,0.2,0.04493483396383784,14.376007859322476,0.9851193929654521,0.003528037646004808,6.270451191101877,1782771958.3491676,None,None,None, None, 1782771958.3491676,1.0521746560528868,arrived,none,0.0,nan,nan,0.0,0.0,9.749780136229328,0.999336543694566,4.418837917617194,mr_webots_overtaking_large_ship.wbt,ekf_on_cluster_on,1,1,5.0
1782771958.477251,102.94930362701416,0.0,0.0,0.2,0.04561394350386667,14.376483779578889,0.9851409269075035,0.0039674484809129355,6.270725922198334,1782771958.4184139,None,None,None, None, 1782771958.4184139,0.962031561880429,arrived,none,0.0,nan,nan,0.0,0.0,9.755012921536345,0.9964198271777769,4.416105702510076,mr_webots_overtaking_large_ship.wbt,ekf_on_cluster_on,1,1,5.0
1782771958.5779388,103.04999136924744,0.0,0.0,0.2,0.04625768522484973,14.376958178006282,0.9851627287709116,0.003317791698707036,6.271140597908259,1782771958.5433993,None,None,None, None, 1782771958.561525,0.9976624461047638,arrived,none,0.0,nan,nan,0.0,0.0,9.761625101531255,0.9930620733205132,4.413011091282479,mr_webots_overtaking_large_ship.wbt,ekf_on_cluster_on,1,1,5.0
1782771958.6783795,103.15043210983276,0.0,0.0,0.2,0.046968835102082274,14.377431068472928,0.9851847613492601,0.004015373486721965,6.271620144652004,1782771958.662827,None,None,None, None, 1782771958.6322522,1.0294577812262065,arrived,none,0.0,nan,nan,0.0,0.0,9.76702124990682,0.9899846464242982,4.410210687902275,mr_webots_overtaking_large_ship.wbt,ekf_on_cluster_on,1,1,5.0
1782771958.777795,103.24984765052795,0.0,0.0,0.2,0.047451523603250376,14.377902450842308,0.9852070702906707,0.001766481245713983,6.271756891725099,1782771958.7402391,None,None,None, None, 1782771958.7677646,1.085289302404692,arrived,none,0.0,nan,nan,0.0,0.0,9.773580468414618,0.9864971712514206,4.406760832586353,mr_webots_overtaking_large_ship.wbt,ekf_on_cluster_on,1,1,5.0
1782771958.8780267,103.35007929801941,0.0,0.0,0.2,0.047996163531897604,14.378372363474769,0.9852294997677732,0.0029487157731239925,6.272111485302877,1782771958.8604927,None,None,None, None, 1782771958.8374517,1.0472562083018915,arrived,none,0.0,nan,nan,0.0,0.0,9.77948551740961,0.9844610459347662,4.403742990211278,mr_webots_overtaking_large_ship.wbt,ekf_on_cluster_on,1,1,5.0
1782771958.978828,103.45088052749634,0.0,0.0,0.2,0.04864160183887678,14.378840805614233,0.9852521174777384,0.003794725465699534,6.272362123500719,1782771958.9265418,None,None,None, None, 1782771958.9739003,0.9781294661316348,arrived,none,0.0,nan,nan,0.0,0.0,9.785545810904306,0.9818683453793101,4.400251648830749,mr_webots_overtaking_large_ship.wbt,ekf_on_cluster_on,1,1,5.0
1782771959.0773451,103.54939770698547,0.0,0.0,0.2,0.04916079978431046,14.379307772886499,0.9852749835651955,0.0023894580602056587,6.2726770237272,1782771959.058329,None,None,None, None, 1782771959.0443008,0.9509761584756247,arrived,none,0.0,nan,nan,0.0,0.0,9.792572398224387,0.9786495798071064,4.396100365262224,mr_webots_overtaking_large_ship.wbt,ekf_on_cluster_on,1,1,5.0
1782771959.178109,103.65016150474548,0.0,0.0,0.2,0.04966801366453362,14.37977329063272,0.98529800367483,0.0025674171190609462,6.272838311210582,1782771959.12115,None,None,None, None, 1782771959.1756027,1.0178712848200764,arrived,none,0.0,nan,nan,0.0,0.0,9.798247334503312,0.9762966983215732,4.392997168286905,mr_webots_overtaking_large_ship.wbt,ekf_on_cluster_on,1,1,5.0
1782771959.276805,103.74885749816895,0.0,0.0,0.2,0.046854511366765356,14.39150283943606,0.9854514720193235,0.003278991530690717,6.273320547578215,1782771959.2682185,14.39165162374224,0.9854531927645069,0.04033285584143087, 1782771959.266218, 1782771959.264228,0.9322469201539055,arrived,none,0.0,nan,nan,0.0,0.0,9.804797237789316,0.9739212805707935,4.389315091006008,mr_webots_overtaking_large_ship.wbt,ekf_on_cluster_on,1,1,5.0
1782771959.3769317,103.8489842414856,0.0,0.0,0.2,0.0472967845470369,14.393248782188408,0.9855337602841923,0.0019659856477656466,6.273453586505867,1782771959.3358889,None,None,None, None, 1782771959.3368905,1.0908049623758498,arrived,none,0.0,nan,nan,0.0,0.0,9.823361430241672,0.9867893032333952,4.385177858806606,mr_webots_overtaking_large_ship.wbt,ekf_on_cluster_on,1,1,5.0
1782771959.4782994,103.95035195350647,0.0,0.0,0.2,0.047775454503009976,14.394975580825445,0.9856158541484419,0.0026957392914315798,6.273788396325285,1782771959.4600885,None,None,None, None, 1782771959.468601,0.9857616817772639,arrived,none,0.0,nan,nan,0.0,0.0,9.830328255043169,0.9849457827258582,4.38194472819607,mr_webots_overtaking_large_ship.wbt,ekf_on_cluster_on,1,1,5.0
1782771959.5776849,104.0497374534607,0.0,0.0,0.2,0.04826712850838287,14.39668363843047,0.985697896709977,0.002682778156429543,6.273992886086863,1782771959.5363116,None,None,None, None, 1782771959.5374734,0.9576922806165965,arrived,none,0.0,nan,nan,0.0,0.0,9.838872563966534,0.9827213285042257,4.3771823648412145,mr_webots_overtaking_large_ship.wbt,ekf_on_cluster_on,1,1,5.0
1782771959.6775131,104.14956569671631,0.0,0.0,0.2,0.048704931689834634,14.398373354127635,0.9857799007653893,0.002129567970332478,6.274262163995572,1782771959.6627588,None,None,None, None, 1782771959.6712644,1.011435230659621,arrived,none,0.0,nan,nan,0.0,0.0,9.846165856653082,0.9804219565181997,4.373658807291159,mr_webots_overtaking_large_ship.wbt,ekf_on_cluster_on,1,1,5.0
1782771959.7778027,104.24985527992249,0.0,0.0,0.2,0.04910951742325113,14.400045130496826,0.9858617354569743,0.0019872676749389693,6.274407290827256,1782771959.7357872,None,None,None, None, 1782771959.7427871,1.0823551369965199,arrived,none,0.0,nan,nan,0.0,0.0,9.829474859173105,1.0069777225251524,4.370209143309011,mr_webots_overtaking_large_ship.wbt,ekf_on_cluster_on,1,1,5.0
1782771959.8784945,104.3505470752716,0.0,0.0,0.2,0.04985925724870487,14.401699350835228,0.9859433550158307,0.0051869423342218645,6.274853712719014,1782771959.8835013,None,None,None, None, 1782771959.8403726,0.9286704266731344,arrived,none,0.0,nan,nan,0.0,0.0,9.838921961001878,1.005138108674542,4.364951775176032,mr_webots_overtaking_large_ship.wbt,ekf_on_cluster_on,1,1,5.0
1782771959.9778256,104.4498782157898,0.0,0.0,0.2,0.05033935401246539,14.403336292984017,0.9860255510438751,0.0018469546843408297,6.275108455097916,1782771959.9597793,None,None,None, None, 1782771959.9748278,1.036035453170381,arrived,none,0.0,nan,nan,0.0,0.0,9.838921961001878,1.005138108674542,4.364951775176032,mr_webots_overtaking_large_ship.wbt,ekf_on_cluster_on,1,1,5.0
1782771960.0777776,104.54983019828796,0.0,0.0,0.2,0.05080010366286052,14.40495638511705,0.9861075657817446,0.0022225059671392156,6.275275830944385,1782771960.0350888,None,None,None, None, 1782771960.0461092,0.9437781240975406,arrived,none,0.0,nan,nan,0.0,0.0,9.84766732533895,1.0003930427824976,4.36103594085157,mr_webots_overtaking_large_ship.wbt,ekf_on_cluster_on,1,1,5.0
1782771960.177387,104.64943957328796,0.0,0.0,0.2,0.05119625095839329,14.4065599699354,0.9861894494292387,0.0018250185781766713,6.2755163582690034,1782771960.1668832,None,None,None, None, 1782771960.1753871,1.0658283348890563,arrived,none,0.0,nan,nan,0.0,0.0,9.856109368433586,0.998327658217612,4.356227709738681,mr_webots_overtaking_large_ship.wbt,ekf_on_cluster_on,1,1,5.0
1782771960.277711,104.74976348876953,0.0,0.0,0.2,0.048617080841803974,14.4041104670896,0.9857494526816772,0.00241748233089463,6.27567647633483,1782771960.2331166,14.404057150957243,0.9857425633127516,0.042811778678558454, 1782771960.271811, 1782771960.2436316,1.07959155870624,arrived,none,0.0,nan,nan,0.0,0.0,9.863425048939384,0.9965810573724998,4.352419391813968,mr_webots_overtaking_large_ship.wbt,ekf_on_cluster_on,1,1,5.0
1782771960.3829756,104.85502815246582,0.0,0.0,0.2,0.04906466650652018,14.405221741403954,0.9858037270869007,0.0027118989421544924,6.275880922142599,1782771960.308505,None,None,None, None, 1782771960.3115067,1.0295823262453436,arrived,none,0.0,nan,nan,0.0,0.0,9.867330055192369,1.007740241316109,4.348119859035993,mr_webots_overtaking_large_ship.wbt,ekf_on_cluster_on,1,1,5.0
1782771960.477987,104.95003962516785,0.0,0.0,0.2,0.049460475791366795,14.406325136468398,0.9858581381564182,0.0018816375998581293,6.276070552701914,1782771960.4889915,None,None,None, None, 1782771960.4092846,0.978188201619681,arrived,none,0.0,nan,nan,0.0,0.0,9.87580934650323,1.0056262329779195,4.343139615381415,mr_webots_overtaking_large_ship.wbt,ekf_on_cluster_on,1,1,5.0
1782771960.5770493,105.04910182952881,0.0,0.0,0.2,0.050617910508249396,14.40742077559301,0.985912578600947,0.009232711008798791,6.277461590714538,1782771960.5599487,None,None,None, None, 1782771960.561949,1.066112909381037,arrived,none,0.0,nan,nan,0.0,0.0,9.882691838421174,1.003733111087247,4.338561679931542,mr_webots_overtaking_large_ship.wbt,ekf_on_cluster_on,1,1,5.0
1782771960.677241,105.14929366111755,0.0,0.0,0.2,0.05119343037823766,14.408508581016248,0.9859682046671674,0.0013420581892374047,6.277579392101149,1782771960.6477253,None,None,None, None, 1782771960.6437259,1.011819516390012,arrived,none,0.0,nan,nan,0.0,0.0,9.891368446033521,0.9975448235447388,4.3296403767161635,mr_webots_overtaking_large_ship.wbt,ekf_on_cluster_on,1,1,5.0
1782771960.77763,105.24968266487122,0.0,0.0,0.2,0.05163220177908432,14.409588811506886,0.9860238860130184,0.0014971861277651652,6.2776729690897906,1782771960.779743,None,None,None, None, 1782771960.779743,0.9498762069506455,arrived,none,0.0,nan,nan,0.0,0.0,9.898830075752361,0.995284953007943,4.321768583399215,mr_webots_overtaking_large_ship.wbt,ekf_on_cluster_on,1,1,5.0
1782771960.877354,105.34940648078918,0.0,0.0,0.2,0.05211144467321552,14.410661595471295,0.9860795665988515,0.00251700433539941,6.278050692209012,1782771960.8602958,None,None,None, None, 1782771960.8512914,1.062939967300569,arrived,none,0.0,nan,nan,0.0,0.0,9.9064319867507,0.9935247772186051,4.313901077027992,mr_webots_overtaking_large_ship.wbt,ekf_on_cluster_on,1,1,5.0
1782771960.977903,105.44995546340942,0.0,0.0,0.2,0.052518233929722276,14.41172702026282,0.9861353742936854,0.0018947602948536507,6.278184065714951,1782771960.9306865,None,None,None, None, 1782771960.9743733,1.077726616671595,arrived,none,0.0,nan,nan,0.0,0.0,9.91502149557468,0.9913545635781718,4.305019812095986,mr_webots_overtaking_large_ship.wbt,ekf_on_cluster_on,1,1,5.0
1782771961.077106,105.54915857315063,0.0,0.0,0.2,0.05288159984560356,14.412785201815623,0.9861912059386357,0.0017165165734983714,6.278409241306183,1782771961.0618682,None,None,None, None, 1782771961.0392954,1.089060924590595,arrived,none,0.0,nan,nan,0.0,0.0,9.92194736753758,0.9895762133348803,4.29799677556122,mr_webots_overtaking_large_ship.wbt,ekf_on_cluster_on,1,1,5.0
1782771961.1770008,105.64905333518982,0.0,0.0,0.2,0.05325740774000111,14.413836245968357,0.9862470213980337,0.001990333102504566,6.27855760765425,1782771961.1364117,None,None,None, None, 1782771961.1749825,0.990920765599395,arrived,none,0.0,nan,nan,0.0,0.0,9.930668279994666,0.9879644919246037,4.288667275743172,mr_webots_overtaking_large_ship.wbt,ekf_on_cluster_on,1,1,5.0
1782771961.277597,105.74964952468872,0.0,0.0,0.2,0.05360585557772055,14.414880243482997,0.9863028557606439,0.0017515145468697203,6.278773166552339,1782771961.2594817,None,None,None, None, 1782771961.242975,1.0434577173126045,arrived,none,0.0,nan,nan,0.0,0.0,9.938378436248183,0.9862330324205362,4.281030065765528,mr_webots_overtaking_large_ship.wbt,ekf_on_cluster_on,1,1,5.0
1782771961.3772368,105.84928941726685,0.0,0.0,0.2,0.050827840769840114,14.414072844221112,0.9859799003526889,0.0022004467233566775,6.278924910300697,1782771961.328442,14.414053408277868,0.9859759090480698,0.04493881177198489, 1782771961.280603, 1782771961.3309448,0.9659099127519645,arrived,none,0.0,nan,nan,0.0,0.0,9.945295630671989,0.9847421666557927,4.273967440083351,mr_webots_overtaking_large_ship.wbt,ekf_on_cluster_on,1,1,5.0
1782771961.4774125,105.94946503639221,0.0,0.0,0.2,0.05116074149822403,14.41490672554195,0.9860224553900436,0.0017369848477141005,6.279153863014667,1782771961.4602525,None,None,None, None, 1782771961.4602525,0.911219952825556,arrived,none,0.0,nan,nan,0.0,0.0,9.952004944013918,0.9967587268524891,4.265021009233082,mr_webots_overtaking_large_ship.wbt,ekf_on_cluster_on,1,1,5.0
1782771961.577554,106.04960656166077,0.0,0.0,0.2,0.05145476993090846,14.41573608998731,0.9860650529440766,0.001382967649192242,6.279261537080881,1782771961.5381098,None,None,None, None, 1782771961.5274959,0.9164684760695778,arrived,none,0.0,nan,nan,0.0,0.0,9.958758649845828,0.9952161548043419,4.257952563827921,mr_webots_overtaking_large_ship.wbt,ekf_on_cluster_on,1,1,5.0
1782771961.6774259,106.14947843551636,0.0,0.0,0.2,0.051771687755792835,14.416560994779632,0.986107650767702,0.00175551294556026,6.27949534407713,1782771961.6712942,None,None,None, None, 1782771961.6602948,0.9242796369331765,arrived,none,0.0,nan,nan,0.0,0.0,9.967330609915832,0.9939115400079542,4.248902859659983,mr_webots_overtaking_large_ship.wbt,ekf_on_cluster_on,1,1,5.0
1782771961.777182,106.24923467636108,0.0,0.0,0.2,0.052072647554605535,14.417381480701833,0.9861502861886104,0.0015481676603473133,6.279608971125716,1782771961.7446887,None,None,None, None, 1782771961.7417068,0.9519256058691098,arrived,none,0.0,nan,nan,0.0,0.0,9.974849272618677,0.9924462387701716,4.241215953164764,mr_webots_overtaking_large_ship.wbt,ekf_on_cluster_on,1,1,5.0
1782771961.877841,106.34989356994629,0.0,0.0,0.2,0.05248113041331513,14.418197598142681,0.9861929367043931,0.002554003866171437,6.279949042478004,1782771961.877841,None,None,None, None, 1782771961.870304,0.9067546819303677,arrived,none,0.0,nan,nan,0.0,0.0,9.982242263249848,0.9911034778012627,4.233552886500773,mr_webots_overtaking_large_ship.wbt,ekf_on_cluster_on,1,1,5.0
1782771961.9778085,106.4498610496521,0.0,0.0,0.2,0.052827298955643455,14.419009366377267,0.9862357233839751,0.001691336697532025,6.280074587100121,1782771961.952069,None,None,None, None, 1782771961.9349442,0.9296255607804487,arrived,none,0.0,nan,nan,0.0,0.0,9.982242263249848,0.9911034778012627,4.233552886500773,mr_webots_overtaking_large_ship.wbt,ekf_on_cluster_on,1,1,5.0
1782771962.0770643,106.54911684989929,0.0,0.0,0.2,0.05314013302606857,14.419816846721128,0.9862785524722284,0.001509824717177402,6.280176527079116,1782771962.0770643,None,None,None, None, 1782771962.0558045,0.9292733782945349,arrived,none,0.0,nan,nan,0.0,0.0,9.990641535301759,0.9884904077624705,4.225081752309593,mr_webots_overtaking_large_ship.wbt,ekf_on_cluster_on,1,1,5.0
1782771962.1781688,106.65022134780884,0.0,0.0,0.2,0.05342939240540563,14.420620090900726,0.9863213966384063,0.0014183326284109162,6.280357917118689,1782771962.1474764,None,None,None, None, 1782771962.1309686,1.0244937859790129,arrived,none,0.0,nan,nan,0.0,0.0,9.99751045801301,0.9870951599053122,4.21828223160563,mr_webots_overtaking_large_ship.wbt,ekf_on_cluster_on,1,1,5.0
1782771962.2780514,106.75010395050049,0.0,0.0,0.2,0.053733219953063155,14.421419147528908,0.9863642397881094,0.0016370540082851742,6.280472031886864,1782771962.2171838,None,None,None, None, 1782771962.2594943,0.9600546499996095,arrived,none,0.0,nan,nan,0.0,0.0,10.005453438518678,0.9858441412976868,4.209747500211896,mr_webots_overtaking_large_ship.wbt,ekf_on_cluster_on,1,1,5.0
1782771962.377752,106.84980463981628,0.0,0.0,0.2,0.05152487513357263,14.422376128587382,0.9861735041688521,0.0014744836060887321,6.280665237111156,1782771962.3482163,14.422378216186921,0.9861704952522387,0.04679399532191031, 1782771962.281056, 1782771962.3293204,0.9036970536142688,arrived,none,0.0,nan,nan,0.0,0.0,10.013021932685461,0.9844392981065619,4.202332379889097,mr_webots_overtaking_large_ship.wbt,ekf_on_cluster_on,1,1,5.0
1782771962.4803555,106.95240807533264,0.0,0.0,0.2,0.05180100038815919,14.423184547958941,0.9862152930575503,0.001581418314063441,6.280867072392102,1782771962.4758456,None,None,None, None, 1782771962.4592588,0.9826620963386351,arrived,none,0.0,nan,nan,0.0,0.0,10.020647000298979,0.9939602383206301,4.194633253833266,mr_webots_overtaking_large_ship.wbt,ekf_on_cluster_on,1,1,5.0
1782771962.5774975,107.04955005645752,0.0,0.0,0.2,0.05205799736393654,14.423988696236584,0.9862570897816991,0.0012834020350491495,6.280967979218624,1782771962.55447,None,None,None, None, 1782771962.5349045,0.9993971636097648,arrived,none,0.0,nan,nan,0.0,0.0,10.02923569622563,0.992666882785098,4.185570191276857,mr_webots_overtaking_large_ship.wbt,ekf_on_cluster_on,1,1,5.0
1782771962.6809628,107.15301537513733,0.0,0.0,0.2,0.052320738825505496,14.42478862295173,0.9862988667240158,0.0014089341216663108,6.281063350158185,1782771962.6221602,None,None,None, None, 1782771962.6677384,0.9018448146272593,arrived,none,0.0,nan,nan,0.0,0.0,10.06052692753367,1.0187962630172542,4.1787732031205715,mr_webots_overtaking_large_ship.wbt,ekf_on_cluster_on,1,1,5.0
1782771962.7772672,107.24931979179382,0.0,0.0,0.2,0.05261465235525825,14.425584369769743,0.9863406356281752,0.0016814743517467653,6.2812859770217555,1782771962.75456,None,None,None, None, 1782771962.7463036,1.0136268611807078,arrived,none,0.0,nan,nan,0.0,0.0,10.069937264515179,1.0175654127214457,4.169128705381669,mr_webots_overtaking_large_ship.wbt,ekf_on_cluster_on,1,1,5.0
1782771962.8785055,107.35055804252625,0.0,0.0,0.2,0.05284962605522585,14.426375971396439,0.9863824293466759,0.0010529460688576216,6.2813574827939815,1782771962.8224702,None,None,None, None, 1782771962.8224702,1.0295598053870103,arrived,none,0.0,nan,nan,0.0,0.0,10.077014639091253,1.0161890398609252,4.162234124881403,mr_webots_overtaking_large_ship.wbt,ekf_on_cluster_on,1,1,5.0
1782771962.977663,107.44971561431885,0.0,0.0,0.2,0.053128576360925744,14.427163485690784,0.9864241775436913,0.0015982954710171483,6.281567829755003,1782771962.9540772,None,None,None, None, 1782771962.9540772,1.01343905944937,arrived,none,0.0,nan,nan,0.0,0.0,10.084087317972823,1.01520710865846,4.15503627625071,mr_webots_overtaking_large_ship.wbt,ekf_on_cluster_on,1,1,5.0
1782771963.077236,107.54928851127625,0.0,0.0,0.2,0.05339512468834777,14.42794694209537,0.986465939035778,0.0013951298671984371,6.2817375545939536,1782771963.0757325,None,None,None, None, 1782771963.0286531,1.0527833787614003,arrived,none,0.0,nan,nan,0.0,0.0,10.092844328056584,1.0138936543744783,4.146248177275668,mr_webots_overtaking_large_ship.wbt,ekf_on_cluster_on,1,1,5.0
1782771963.177559,107.6496114730835,0.0,0.0,0.2,0.05365237279754069,14.428726385075555,0.9865076934200294,0.001327544299552442,6.281836132964698,1782771963.1499887,None,None,None, None, 1782771963.103463,0.9396856404474027,arrived,none,0.0,nan,nan,0.0,0.0,10.099867301483078,1.0127021080107865,4.139397942621998,mr_webots_overtaking_large_ship.wbt,ekf_on_cluster_on,1,1,5.0
1782771963.2850223,107.75707483291626,0.0,0.0,0.2,0.05211937646367906,14.429561403036223,0.9863420086800255,0.0018887472423409397,6.281966909099223,1782771963.2192283,14.42956240761384,0.9863385093078197,0.04845461382760252, 1782771963.284019, 1782771963.2541823,0.9529687042445827,arrived,none,0.0,nan,nan,0.0,0.0,10.107486042238621,1.0115442230785128,4.131671282148937,mr_webots_overtaking_large_ship.wbt,ekf_on_cluster_on,1,1,5.0
1782771963.377763,107.84981560707092,0.0,0.0,0.2,0.052392799933678985,14.430339383111386,0.9863826950237131,0.0014411912348196191,6.282172663579809,1782771963.3619952,None,None,None, None, 1782771963.319251,0.9668377206028839,arrived,none,0.0,nan,nan,0.0,0.0,10.11704175269104,1.0178272735377702,4.122275690940377,mr_webots_overtaking_large_ship.wbt,ekf_on_cluster_on,1,1,5.0
1782771963.4780717,107.95012426376343,0.0,0.0,0.2,0.05264538534520267,14.431113367133438,0.9864233826155107,0.0012473328138367143,6.282261118760807,1782771963.4329107,None,None,None, None, 1782771963.4530263,0.9294966503740807,arrived,none,0.0,nan,nan,0.0,0.0,10.124078281442728,1.0165487803560276,4.115365851777504,mr_webots_overtaking_large_ship.wbt,ekf_on_cluster_on,1,1,5.0
1782771963.577967,108.05001950263977,0.0,0.0,0.2,0.05309620110428833,14.431883400945411,0.9864640504834012,0.003190461308053448,6.282651625284421,1782771963.5553088,None,None,None, None, 1782771963.5221417,0.9281267349401701,arrived,none,0.0,nan,nan,0.0,0.0,10.132409626228569,1.0154448433686636,4.107093690227162,mr_webots_overtaking_large_ship.wbt,ekf_on_cluster_on,1,1,5.0
1782771963.678125,108.15017747879028,0.0,0.0,0.2,0.05342208548269603,14.432649468676527,0.9865049119140588,0.0013856739295953447,6.282748493192159,1782771963.6252155,None,None,None, None, 1782771963.6507807,0.9039384183741171,arrived,none,0.0,nan,nan,0.0,0.0,10.140639014137806,1.0130551054363328,4.098846324221159,mr_webots_overtaking_large_ship.wbt,ekf_on_cluster_on,1,1,5.0
1782771963.7769375,108.24899005889893,0.0,0.0,0.2,0.053665778623057554,14.433411646553123,0.9865457891445968,0.000924795842978065,6.282874464231592,1782771963.7614305,None,None,None, None, 1782771963.7301886,0.9169469172393808,arrived,none,0.0,nan,nan,0.0,0.0,10.146348241431006,1.0118276823835368,4.0946387185502635,mr_webots_overtaking_large_ship.wbt,ekf_on_cluster_on,1,1,5.0
1782771963.878193,108.35024547576904,0.0,0.0,0.2,0.05395888473109758,14.434169994512976,0.98658661841927,0.0016567735568747907,6.282980490054004,1782771963.8254259,None,None,None, None, 1782771963.8674839,0.9814382142269699,arrived,none,0.0,nan,nan,0.0,0.0,10.154362895067862,1.0109051703361998,4.088881393674423,mr_webots_overtaking_large_ship.wbt,ekf_on_cluster_on,1,1,5.0
1782771963.977316,108.44936847686768,0.0,0.0,0.2,0.0543041330108494,14.434924535518942,0.9866274721851984,0.0020384718964375392,7.728421505870386e-05,1782771963.9638145,None,None,None, None, 1782771963.9417574,1.0861652486633793,arrived,none,0.0,nan,nan,0.0,0.0,10.162925112724972,1.0095395750116243,4.082556633166045,mr_webots_overtaking_large_ship.wbt,ekf_on_cluster_on,1,1,5.0
1782771964.0775437,108.54959630966187,0.0,0.0,0.2,0.05463367576616887,14.435675292867696,0.9866683967526955,0.0017378448252813648,0.00023691900888490346,1782771964.0556724,None,None,None, None, 1782771964.0730407,0.9258523370116796,arrived,none,0.0,nan,nan,0.0,0.0,10.169865192124192,1.0079211996097859,4.077550802907741,mr_webots_overtaking_large_ship.wbt,ekf_on_cluster_on,1,1,5.0
1782771964.1771863,108.64923882484436,0.0,0.0,0.2,0.05497586320456677,14.436422308274807,0.9867093634537336,0.001857172266928579,0.00037274798593932724,1782771964.12881,None,None,None, None, 1782771964.155162,0.9147887643626393,arrived,none,0.0,nan,nan,0.0,0.0,10.169865192124192,1.0079211996097859,4.077550802907741,mr_webots_overtaking_large_ship.wbt,ekf_on_cluster_on,1,1,5.0
1782771964.2771907,108.74924325942993,0.0,0.0,0.2,0.05525285371164026,14.437165614473832,0.9867503850402759,0.0012498802070663865,0.0005481518165157886,1782771964.2691464,None,None,None, None, 1782771964.2265718,1.0455307406772854,arrived,none,0.0,nan,nan,0.0,0.0,10.178710113633333,1.0058094314400956,4.0709351731572285,mr_webots_overtaking_large_ship.wbt,ekf_on_cluster_on,1,1,5.0
1782771964.3769662,108.84901881217957,0.0,0.0,0.2,0.05358131066377551,14.435757159254013,0.9864860539491963,0.0013780731018739124,0.0006498271180754273,1782771964.3429272,14.435733994073496,0.986482761162907,0.049925255916694056, 1782771964.286196, 1782771964.3669536,1.023099170766806,arrived,none,0.0,nan,nan,0.0,0.0,10.161642108465527,1.0314818945127424,4.0651615799775955,mr_webots_overtaking_large_ship.wbt,ekf_on_cluster_on,1,1,5.0
1782771964.4770381,108.94909071922302,0.0,0.0,0.2,0.05384220562382126,14.436263485024988,0.9865132691768492,0.0014600331284857387,0.0008330720138590779,1782771964.4684346,None,None,None, None, 1782771964.4348643,1.0945839181493915,arrived,none,0.0,nan,nan,0.0,0.0,10.166484799506645,1.038256173725186,4.060122456822593,mr_webots_overtaking_large_ship.wbt,ekf_on_cluster_on,1,1,5.0
1782771964.5777977,109.04985022544861,0.0,0.0,0.2,0.054092243216931395,14.436767983365066,0.9865405203455633,0.001282674956364908,0.0009197674002819132,1782771964.536024,None,None,None, None, 1782771964.5643017,0.9507119003114575,arrived,none,0.0,nan,nan,0.0,0.0,10.175148315891665,1.0369982184724493,4.053415272939595,mr_webots_overtaking_large_ship.wbt,ekf_on_cluster_on,1,1,5.0
1782771964.6777363,109.14978885650635,0.0,0.0,0.2,0.054354335573287255,14.43727066995353,0.9865677972437754,0.0014357482402828853,0.0011109942463701202,1782771964.6692138,None,None,None, None, 1782771964.632437,1.0399217355940642,arrived,none,0.0,nan,nan,0.0,0.0,10.182035511600478,1.035858971139402,4.048358897611416,mr_webots_overtaking_large_ship.wbt,ekf_on_cluster_on,1,1,5.0
1782771964.7779608,109.25001335144043,0.0,0.0,0.2,0.05457511361652072,14.437771553901047,0.9865951097988517,0.0010208882679948645,0.001193831596637602,1782771964.7503562,None,None,None, None, 1782771964.7618656,1.0155584967407523,arrived,none,0.0,nan,nan,0.0,0.0,10.189886093570891,1.0346443596743184,4.042550550871811,mr_webots_overtaking_large_ship.wbt,ekf_on_cluster_on,1,1,5.0
1782771964.879525,109.35157752037048,0.0,0.0,0.2,0.054801226888516845,14.438270658739325,0.9866224284086114,0.0011905442753402872,0.0012817781705241416,1782771964.824227,None,None,None, None, 1782771964.8382475,1.0545987322455481,arrived,none,0.0,nan,nan,0.0,0.0,10.197314178211014,1.0336327960059168,4.036956303803263,mr_webots_overtaking_large_ship.wbt,ekf_on_cluster_on,1,1,5.0
1782771964.9767904,109.44884300231934,0.0,0.0,0.2,0.05514446778184249,14.438767994885943,0.9866497624714268,0.0022407605923058095,0.0015821289145989876,1782771964.9582667,None,None,None, None, 1782771964.9662666,0.9789873365611572,arrived,none,0.0,nan,nan,0.0,0.0,10.205311468052905,1.0325831255988467,4.0307784086723535,mr_webots_overtaking_large_ship.wbt,ekf_on_cluster_on,1,1,5.0
1782771965.0776308,109.54968333244324,0.0,0.0,0.2,0.055395581169752406,14.43926354310016,0.9866771897435631,0.0010942323549040288,0.0016659354549587268,1782771965.034856,None,None,None, None, 1782771965.0523791,1.033628981185439,arrived,none,0.0,nan,nan,0.0,0.0,10.213436413247582,1.0308625446674442,4.024571903368607,mr_webots_overtaking_large_ship.wbt,ekf_on_cluster_on,1,1,5.0
1782771965.1776314,109.64968395233154,0.0,0.0,0.2,0.055679856237079245,14.439757340899527,0.9867046325910591,0.0015729029221740966,0.001876101905619916,1782771965.168473,None,None,None, None, 1782771965.1776314,0.9045532429721763,arrived,none,0.0,nan,nan,0.0,0.0,10.22024331567658,1.0298126260604128,4.019465937078306,mr_webots_overtaking_large_ship.wbt,ekf_on_cluster_on,1,1,5.0
1782771965.2778916,109.74994421005249,0.0,0.0,0.2,0.055997445491150225,14.44024939079528,0.9867321218489602,0.001816026839525791,0.002044267917523512,1782771965.261074,None,None,None, None, 1782771965.2530663,0.9492337946312924,arrived,none,0.0,nan,nan,0.0,0.0,10.227678924919053,1.0284946452047974,4.01383068211128,mr_webots_overtaking_large_ship.wbt,ekf_on_cluster_on,1,1,5.0
1782771965.3773205,109.84937310218811,0.0,0.0,0.2,0.05455222484080483,14.441250224578354,0.9866134943763006,0.0013315503622153813,0.002137997951193441,1782771965.3314657,14.441256802293433,0.9866116109491186,0.05127644407063503, 1782771965.289968, 1782771965.3244083,1.01693514220798,arrived,none,0.0,nan,nan,0.0,0.0,10.236760369713938,1.0269727805470807,4.006869821254982,mr_webots_overtaking_large_ship.wbt,ekf_on_cluster_on,1,1,5.0
1782771965.4776356,109.94968819618225,0.0,0.0,0.2,0.0547835200445456,14.44179665968384,0.986643399578214,0.001092011831486255,0.002282010177398547,1782771965.4633436,None,None,None, None, 1782771965.4726405,1.0482664725958597,arrived,none,0.0,nan,nan,0.0,0.0,10.244213689331653,1.0328700079990878,4.001441968260688,mr_webots_overtaking_large_ship.wbt,ekf_on_cluster_on,1,1,5.0
1782771965.5768466,110.04889917373657,0.0,0.0,0.2,0.055010672492564694,14.442340990747962,0.9866733091983622,0.0011831019578154196,0.00237363977536823,1782771965.5407922,None,None,None, None, 1782771965.547318,0.918193321313963,arrived,none,0.0,nan,nan,0.0,0.0,10.251743950339424,1.031875201233807,3.9957471089010332,mr_webots_overtaking_large_ship.wbt,ekf_on_cluster_on,1,1,5.0
1782771965.677528,110.14958047866821,0.0,0.0,0.2,0.055234131276916815,14.442883234257925,0.986703226096437,0.0011687114725832345,0.0025222270183532162,1782771965.66793,None,None,None, None, 1782771965.6194437,0.9894605664342132,arrived,none,0.0,nan,nan,0.0,0.0,10.259829469759001,1.030844204995492,3.989496258017148,mr_webots_overtaking_large_ship.wbt,ekf_on_cluster_on,1,1,5.0
1782771965.7773569,110.24940943717957,0.0,0.0,0.2,0.055409941848425695,14.443423406653167,0.9867331486569704,0.0007478639737597049,0.00257931197038699,1782771965.7442605,None,None,None, None, 1782771965.7558434,0.9931577133468863,arrived,none,0.0,nan,nan,0.0,0.0,10.266130401894038,1.0298666654851651,3.984917673280591,mr_webots_overtaking_large_ship.wbt,ekf_on_cluster_on,1,1,5.0
1782771965.8780766,110.35012912750244,0.0,0.0,0.2,0.0554500638107913,14.443961539251777,0.9867629971067374,0.0012165935420255809,0.0027335642124439743,1782771965.8710508,None,None,None, None, 1782771965.8212154,1.0664554118609748,arrived,none,0.0,nan,nan,0.0,0.0,10.27539060681354,1.029108390216957,3.9775863105693827,mr_webots_overtaking_large_ship.wbt,ekf_on_cluster_on,1,1,5.0
1782771965.9771113,110.4491639137268,0.0,0.0,0.2,0.05546971161270107,14.444497680885743,0.98679275670151,0.0011240368646508786,0.002809556353551088,1782771965.9386573,None,None,None, None, 1782771965.946657,1.0589973270803168,arrived,none,0.0,nan,nan,0.0,0.0,10.2829235720185,1.028787516276377,3.9718895438995676,mr_webots_overtaking_large_ship.wbt,ekf_on_cluster_on,1,1,5.0
1782771966.077083,110.54913568496704,0.0,0.0,0.2,0.05549670236419738,14.445031851725433,0.9868224174311048,0.0012002852046223353,0.002963638738242231,1782771966.0670288,None,None,None, None, 1782771966.0750773,1.0247249306887638,arrived,none,0.0,nan,nan,0.0,0.0,10.290561157423788,1.0285991613677137,3.9661422325547746,mr_webots_overtaking_large_ship.wbt,ekf_on_cluster_on,1,1,5.0
1782771966.1775606,110.64961314201355,0.0,0.0,0.2,0.05553629623509569,14.445564064211101,0.9868519838289422,0.0013482615267596339,0.003064613121369268,1782771966.141921,None,None,None, None, 1782771966.141921,1.051635657980429,arrived,none,0.0,nan,nan,0.0,0.0,10.290561157423788,1.0285991613677137,3.9661422325547746,mr_webots_overtaking_large_ship.wbt,ekf_on_cluster_on,1,1,5.0
1782771966.2777293,110.74978184700012,0.0,0.0,0.2,0.05574406849588078,14.446094326047955,0.9868815202772128,0.0010087160626537305,0.003135895847547065,1782771966.2125878,None,None,None, None, 1782771966.211588,0.915953989492059,arrived,none,0.0,nan,nan,0.0,0.0,10.299495916685894,1.028752176761311,3.9592924756395846,mr_webots_overtaking_large_ship.wbt,ekf_on_cluster_on,1,1,5.0
1782771966.3771613,110.84921383857727,0.0,0.0,0.2,0.05463848748849408,14.446147735875982,0.9867278577790362,0.0010897437405324223,0.003306130633807897,1782771966.3688033,14.446141465276638,0.9867254394476872,0.052497494646050136, 1782771966.299261, 1782771966.3556201,0.9249869305391141,arrived,none,0.0,nan,nan,0.0,0.0,10.306397889303865,1.0278148890215328,3.9538198222379233,mr_webots_overtaking_large_ship.wbt,ekf_on_cluster_on,1,1,5.0
1782771966.4770389,110.94909143447876,0.0,0.0,0.2,0.05466857045243595,14.446618810319473,0.9867536222179727,0.0012380166494194616,0.00339419375593041,1782771966.4399357,None,None,None, None, 1782771966.4204006,0.9691323706885149,arrived,none,0.0,nan,nan,0.0,0.0,10.314021819609502,1.0321318907378598,3.947552779228612,mr_webots_overtaking_large_ship.wbt,ekf_on_cluster_on,1,1,5.0
1782771966.5774481,111.04950070381165,0.0,0.0,0.2,0.05468568152313157,14.447088303258733,0.9867793143258289,0.001155087085231616,0.0035472454715554332,1782771966.572438,None,None,None, None, 1782771966.5554152,1.044627365339229,arrived,none,0.0,nan,nan,0.0,0.0,10.320924503021878,1.031916621893012,3.9423791022905252,mr_webots_overtaking_large_ship.wbt,ekf_on_cluster_on,1,1,5.0
1782771966.6775157,111.14956831932068,0.0,0.0,0.2,0.05471109534939247,14.447556228862439,0.9868049286949214,0.0012319972970908533,0.0036269960938603114,1782771966.6371708,None,None,None, None, 1782771966.6247172,1.0309539547205437,arrived,none,0.0,nan,nan,0.0,0.0,10.328411942441894,1.031781734995123,3.9362999125858478,mr_webots_overtaking_large_ship.wbt,ekf_on_cluster_on,1,1,5.0
1782771966.7773015,111.24935412406921,0.0,0.0,0.2,0.0548963767177365,14.448022592603294,0.9868305175573746,0.0008421720391151988,0.003701455050444557,1782771966.7255838,None,None,None, None, 1782771966.751146,0.9204979004973717,arrived,none,0.0,nan,nan,0.0,0.0,10.337113051831611,1.031526319862446,3.929710030861804,mr_webots_overtaking_large_ship.wbt,ekf_on_cluster_on,1,1,5.0
1782771966.8775308,111.34958338737488,0.0,0.0,0.2,0.05497598896810706,14.44848736567078,0.986856057575835,0.0016045984497939873,0.003910723670891992,1782771966.8560019,None,None,None, None, 1782771966.8203385,1.056576872588906,arrived,none,0.0,nan,nan,0.0,0.0,10.343966834617385,1.0307058526625021,3.9242039988406883,mr_webots_overtaking_large_ship.wbt,ekf_on_cluster_on,1,1,5.0
1782771966.9771993,111.4492518901825,0.0,0.0,0.2,0.055193955672423425,14.448950582321162,0.9868816012763628,0.0010632025761729833,0.003990342240923611,1782771966.9308875,None,None,None, None, 1782771966.9479072,1.0685018296211282,arrived,none,0.0,nan,nan,0.0,0.0,10.353274689761232,1.0301742435025827,3.916766301625554,mr_webots_overtaking_large_ship.wbt,ekf_on_cluster_on,1,1,5.0
1782771967.0775368,111.54958939552307,0.0,0.0,0.2,0.05539136052543964,14.449412217670467,0.9869071543422052,0.0009540821205271438,0.004117341976010947,1782771967.0639994,None,None,None, None, 1782771967.073045,0.9715951033651279,arrived,none,0.0,nan,nan,0.0,0.0,10.360098100032355,1.0292152240894827,3.911559723043773,mr_webots_overtaking_large_ship.wbt,ekf_on_cluster_on,1,1,5.0
1782771967.1776721,111.64972472190857,0.0,0.0,0.2,0.055498922228725926,14.449872290102103,0.9869326644755597,0.0018854848198654826,0.004268267377929162,1782771967.1440454,None,None,None, None, 1782771967.1410427,0.9150176873200228,arrived,none,0.0,nan,nan,0.0,0.0,10.367587432551787,1.0283709859355155,3.9054776724186313,mr_webots_overtaking_large_ship.wbt,ekf_on_cluster_on,1,1,5.0
1782771967.2885258,111.76057839393616,0.0,0.0,0.2,0.05572619616509895,14.450330828646395,0.9869581970899273,0.0010401902321038818,0.004346514567572917,1782771967.2192693,None,None,None, None, 1782771967.241408,1.0568914769128275,arrived,none,0.0,nan,nan,0.0,0.0,10.376295894492193,1.0276850086887477,3.8985304017455618,mr_webots_overtaking_large_ship.wbt,ekf_on_cluster_on,1,1,5.0
1782771967.3778043,111.84985685348511,0.0,0.0,0.2,0.05516878026032077,14.450667666152311,0.9868330434653655,0.0012362920717308846,0.004531366922951362,1782771967.3687909,14.450666079344913,0.9868310532036213,0.053647358343418716, 1782771967.306077, 1782771967.3100817,1.085853840808709,arrived,none,0.0,nan,nan,0.0,0.0,10.383119345158635,1.0268195426574533,3.892995759605637,mr_webots_overtaking_large_ship.wbt,ekf_on_cluster_on,1,1,5.0
1782771967.4774196,111.94947218894958,0.0,0.0,0.2,0.055317958200218176,14.451108567353883,0.9868574382999209,0.0003919085390154157,0.0045685682516835,1782771967.4637144,None,None,None, None, 1782771967.4647143,0.9525217306825002,arrived,none,0.0,nan,nan,0.0,0.0,10.391171666122165,1.028746013963673,3.88662594319505,mr_webots_overtaking_large_ship.wbt,ekf_on_cluster_on,1,1,5.0
1782771967.5770693,112.04912185668945,0.0,0.0,0.2,0.05535553249276473,14.451548016270312,0.986881772543325,0.0010875667059630412,0.004648310621180713,1782771967.5370362,None,None,None, None, 1782771967.5405455,1.0748119079094451,arrived,none,0.0,nan,nan,0.0,0.0,10.39918644602999,1.028190630732306,3.880279009870534,mr_webots_overtaking_large_ship.wbt,ekf_on_cluster_on,1,1,5.0
1782771967.683245,112.15529751777649,0.0,0.0,0.2,0.05539710038524286,14.451986051642121,0.9869060450218409,0.0012123796896137387,0.004736570321580745,1782771967.609835,None,None,None, None, 1782771967.6148348,1.0744213170146024,arrived,none,0.0,nan,nan,0.0,0.0,10.407303269440904,1.0278945824060164,3.873877717185479,mr_webots_overtaking_large_ship.wbt,ekf_on_cluster_on,1,1,5.0
1782771967.777559,112.24961161613464,0.0,0.0,0.2,0.055399799816090056,14.452422681336603,0.9869302578143112,0.0009536833902877909,0.004820910159348652,1782771967.7850735,None,None,None, None, 1782771967.7082853,0.9138231749565872,arrived,none,0.0,nan,nan,0.0,0.0,10.407303269440904,1.0278945824060164,3.873877717185479,mr_webots_overtaking_large_ship.wbt,ekf_on_cluster_on,1,1,5.0
1782771967.87798,112.3500325679779,0.0,0.0,0.2,0.05541880665021354,14.452857925358016,0.9869543949444155,0.0010522488155614068,0.004993369619435803,1782771967.862167,None,None,None, None, 1782771967.8025837,1.0657432985594806,arrived,none,0.0,nan,nan,0.0,0.0,10.407303269440904,1.0278945824060164,3.873877717185479,mr_webots_overtaking_large_ship.wbt,ekf_on_cluster_on,1,1,5.0
1782771967.9779444,112.44999694824219,0.0,0.0,0.2,0.05542352552369481,14.45329178785102,0.9869784637314483,0.0009380601816870913,0.0050644201796286896,1782771967.937909,None,None,None, None, 1782771967.960437,1.0513858338450959,arrived,none,0.0,nan,nan,0.0,0.0,10.429739396181258,1.0273964864908867,3.855756258363475,mr_webots_overtaking_large_ship.wbt,ekf_on_cluster_on,1,1,5.0
1782771968.077006,112.54905867576599,0.0,0.0,0.2,0.0554438401852692,14.453724281582977,0.9870024586327898,0.0010375289915656883,0.005207177185621696,1782771968.0755022,None,None,None, None, 1782771968.035615,0.9341759360879123,arrived,none,0.0,nan,nan,0.0,0.0,10.436560447464066,1.0273300302634123,3.850211602729745,mr_webots_overtaking_large_ship.wbt,ekf_on_cluster_on,1,1,5.0
1782771968.1771176,112.64917016029358,0.0,0.0,0.2,0.055476740121852684,14.454155410766296,0.9870263866137143,0.0011679733323039676,0.005292553913629744,1782771968.1486003,None,None,None, None, 1782771968.1695957,1.0145596389311446,arrived,none,0.0,nan,nan,0.0,0.0,10.436560447464066,1.0273300302634123,3.850211602729745,mr_webots_overtaking_large_ship.wbt,ekf_on_cluster_on,1,1,5.0
1782771968.2771735,112.74922609329224,0.0,0.0,0.2,0.05545627335462657,14.454585180419972,0.9870502533227364,0.0007602116203260913,0.005360354111576827,1782771968.2377863,None,None,None, None, 1782771968.240814,0.9733832799361809,arrived,none,0.0,nan,nan,0.0,0.0,10.44552420194944,1.0275157873100293,3.843226185804344,mr_webots_overtaking_large_ship.wbt,ekf_on_cluster_on,1,1,5.0
1782771968.3786886,112.850741147995,0.0,0.0,0.2,0.05522099802013257,14.454787906761164,0.9869293107551597,0.0010827350515991824,0.0055047181311581985,1782771968.371119,14.45478492582101,0.9869273993394506,0.05470915953940292, 1782771968.311013, 1782771968.371119,0.9288237383933126,arrived,none,0.0,nan,nan,0.0,0.0,10.45246552034132,1.0275343871619984,3.837613104146434,mr_webots_overtaking_large_ship.wbt,ekf_on_cluster_on,1,1,5.0
1782771968.4768836,112.94893622398376,0.0,0.0,0.2,0.055235474976677815,14.455188240360952,0.9869514400740648,0.0010147932115489007,0.005577939808262081,1782771968.4432733,None,None,None, None, 1782771968.4367714,1.072365035946574,arrived,none,0.0,nan,nan,0.0,0.0,10.459641078893975,1.0282636985998834,3.8311616000675337,mr_webots_overtaking_large_ship.wbt,ekf_on_cluster_on,1,1,5.0
1782771968.5775366,113.04958915710449,0.0,0.0,0.2,0.05524931239720335,14.45558736365909,0.9869735082866389,0.0010044597752278386,0.005706705858291634,1782771968.5714676,None,None,None, None, 1782771968.5619423,0.9134835737928003,arrived,none,0.0,nan,nan,0.0,0.0,10.468385245349484,1.0280827819369203,3.822594758294113,mr_webots_overtaking_large_ship.wbt,ekf_on_cluster_on,1,1,5.0
1782771968.677667,113.14971947669983,0.0,0.0,0.2,0.05529582993068676,14.455985284123244,0.9869955155154868,0.001306320171917959,0.005804200921838849,1782771968.646101,None,None,None, None, 1782771968.6385894,1.0808757663097417,arrived,none,0.0,nan,nan,0.0,0.0,10.475264663963987,1.0279460362274802,3.8157838664816617,mr_webots_overtaking_large_ship.wbt,ekf_on_cluster_on,1,1,5.0
1782771968.7772288,113.24928140640259,0.0,0.0,0.2,0.05529352798739913,14.456381999471322,0.9870174746053838,0.0009713517887511784,0.0059223385206218565,1782771968.7677228,None,None,None, None, 1782771968.7677228,1.0602523580083916,arrived,none,0.0,nan,nan,0.0,0.0,10.48390767346176,1.027639190343634,3.8069817060786004,mr_webots_overtaking_large_ship.wbt,ekf_on_cluster_on,1,1,5.0
1782771968.8769379,113.34899044036865,0.0,0.0,0.2,0.05530042283541674,14.456777531054133,0.9870393672579207,0.00098432840086028,0.006014528720881529,1782771968.8613808,None,None,None, None, 1782771968.8389888,1.017108057487746,arrived,none,0.0,nan,nan,0.0,0.0,10.490732897860221,1.027576717112638,3.8001433962633064,mr_webots_overtaking_large_ship.wbt,ekf_on_cluster_on,1,1,5.0
1782771968.978342,113.45039463043213,0.0,0.0,0.2,0.055325219268839466,14.457171883272869,0.987061197360047,0.0011111341306938244,0.006093369020511519,1782771968.9323356,None,None,None, None, 1782771968.9637969,0.96341734961428,arrived,none,0.0,nan,nan,0.0,0.0,10.49884900016131,1.0274575355090318,3.7918757695239274,mr_webots_overtaking_large_ship.wbt,ekf_on_cluster_on,1,1,5.0
1782771969.0771422,113.54919481277466,0.0,0.0,0.2,0.05532485758531398,14.457565057981915,0.9870829720581493,0.0009214159316259507,0.006219770039307233,1782771969.069517,None,None,None, None, 1782771969.0289612,0.9811427921283532,arrived,none,0.0,nan,nan,0.0,0.0,10.506939475770517,1.0272724131265103,3.7838980593442093,mr_webots_overtaking_large_ship.wbt,ekf_on_cluster_on,1,1,5.0
1782771969.1771014,113.6491539478302,0.0,0.0,0.2,0.05534319504361605,14.457957069385053,0.9871046821881314,0.0010280329149087459,0.00630247877835054,1782771969.1499703,None,None,None, None, 1782771969.1649792,1.036188354662284,arrived,none,0.0,nan,nan,0.0,0.0,10.513818595630141,1.0272234786284877,3.7770831146439776,mr_webots_overtaking_large_ship.wbt,ekf_on_cluster_on,1,1,5.0
1782771969.2779455,113.74999809265137,0.0,0.0,0.2,0.05533273306365807,14.458347919002087,0.9871263351659815,0.0007857399606980024,0.00640028301241682,1782771969.2744443,None,None,None, None, 1782771969.2408636,1.092082570014522,arrived,none,0.0,nan,nan,0.0,0.0,10.522460054751132,1.0270618882451645,3.7682847692220856,mr_webots_overtaking_large_ship.wbt,ekf_on_cluster_on,1,1,5.0
1782771969.3770063,113.84905886650085,0.0,0.0,0.2,0.055470356150735325,14.458651251967035,0.9870195266433779,0.000857100425429306,0.006461903126429932,1782771969.346338,14.458650111269923,0.9870178309313907,0.055719516078207576, 1782771969.313259, 1782771969.3693814,0.9364317796072016,arrived,none,0.0,nan,nan,0.0,0.0,10.529360353260019,1.0270619772856153,3.761450989577732,mr_webots_overtaking_large_ship.wbt,ekf_on_cluster_on,1,1,5.0
1782771969.4774177,113.94947028160095,0.0,0.0,0.2,0.055498372965239025,14.459029023125444,0.9870405032632359,0.001079536483593919,0.006538884662475131,1782771969.4176478,None,None,None, None, 1782771969.4395678,0.9648200208539437,arrived,none,0.0,nan,nan,0.0,0.0,10.537378438353553,1.0263044473530145,3.7534570700759224,mr_webots_overtaking_large_ship.wbt,ekf_on_cluster_on,1,1,5.0
1782771969.5776165,114.04966902732849,0.0,0.0,0.2,0.055497888425119685,14.459405682621401,0.9870614287408106,0.000844222072091606,0.006653772865427369,1782771969.5537355,None,None,None, None, 1782771969.5653136,1.0558061503841543,arrived,none,0.0,nan,nan,0.0,0.0,10.545400968350846,1.0260719622022614,3.7452249679734226,mr_webots_overtaking_large_ship.wbt,ekf_on_cluster_on,1,1,5.0
1782771969.6768224,114.14887499809265,0.0,0.0,0.2,0.05550286318710617,14.459781245394067,0.9870822931069222,0.0008412322445579365,0.006715802327281152,1782771969.627472,None,None,None, None, 1782771969.6329849,0.990238446071894,arrived,none,0.0,nan,nan,0.0,0.0,10.5522724997806,1.0260297062489776,3.7384071624766406,mr_webots_overtaking_large_ship.wbt,ekf_on_cluster_on,1,1,5.0
1782771969.777789,114.24984169006348,0.0,0.0,0.2,0.05552670558237603,14.460155716206742,0.9871030986779187,0.0009818940338313306,0.00685454883406631,1782771969.768777,None,None,None, None, 1782771969.768777,1.0425308110471934,arrived,none,0.0,nan,nan,0.0,0.0,10.560908693089875,1.025929517222306,3.7298815677249615,mr_webots_overtaking_large_ship.wbt,ekf_on_cluster_on,1,1,5.0
1782771969.8772013,114.34925389289856,0.0,0.0,0.2,0.05552963884810275,14.460529095826136,0.9871238525520529,0.0008313949339791758,0.006915988312024143,1782771969.8426762,None,None,None, None, 1782771969.8396468,0.9816344435890921,arrived,none,0.0,nan,nan,0.0,0.0,10.545443146747793,1.0506505679850682,3.72303297727748,mr_webots_overtaking_large_ship.wbt,ekf_on_cluster_on,1,1,5.0
1782771969.9799414,114.45199394226074,0.0,0.0,0.2,0.055536575500469476,14.460901396711057,0.9871445475614113,0.0008276097888225004,0.006976110574844062,1782771969.9153218,None,None,None, None, 1782771969.980941,1.0444306986453853,arrived,none,0.0,nan,nan,0.0,0.0,10.553043580537896,1.050517532309429,3.7153573434652825,mr_webots_overtaking_large_ship.wbt,ekf_on_cluster_on,1,1,5.0
1782771970.0770798,114.54913234710693,0.0,0.0,0.2,0.05557313291075271,14.461272623906568,0.9871651854708587,0.001067298288402498,0.007122018302915745,1782771970.0520294,None,None,None, None, 1782771970.0520294,0.9964820645776339,arrived,none,0.0,nan,nan,0.0,0.0,10.56239165341091,1.0503661980328571,3.706240948783923,mr_webots_overtaking_large_ship.wbt,ekf_on_cluster_on,1,1,5.0
1782771970.177481,114.64953351020813,0.0,0.0,0.2,0.0555542003362281,14.46164277492213,0.9871857771250464,0.0006613169899518576,0.007172203642052524,1782771970.1279163,None,None,None, None, 1782771970.1279163,0.9418965473477258,arrived,none,0.0,nan,nan,0.0,0.0,10.569373777509504,1.0500547644486646,3.6994209978529624,mr_webots_overtaking_large_ship.wbt,ekf_on_cluster_on,1,1,5.0
1782771970.282753,114.75480556488037,0.0,0.0,0.2,0.055570788820365126,14.462011872108324,0.9872063031446916,0.0008557847059713577,0.007286282044220097,1782771970.261219,None,None,None, None, 1782771970.2652206,1.0191256008747676,arrived,none,0.0,nan,nan,0.0,0.0,10.569373777509504,1.0500547644486646,3.6994209978529624,mr_webots_overtaking_large_ship.wbt,ekf_on_cluster_on,1,1,5.0
1782771970.3788052,114.85085773468018,0.0,0.0,0.2,0.055961201745959324,14.462206095220793,0.987102515494701,0.0009582904737003079,0.007353381276769336,1782771970.3312387,14.462203799614771,0.9871008743668167,0.0566610685693032, 1782771970.315727, 1782771970.343772,0.9758308317954858,arrived,none,0.0,nan,nan,0.0,0.0,10.585185382120498,1.0498634987579327,3.683786251430665,mr_webots_overtaking_large_ship.wbt,ekf_on_cluster_on,1,1,5.0
1782771970.4775393,114.9495918750763,0.0,0.0,0.2,0.055957905826615424,14.462552204565721,0.9871219044336352,0.0007570338683035584,0.007457761172316368,1782771970.4691188,None,None,None, None, 1782771970.4701173,1.0733560725096458,arrived,none,0.0,nan,nan,0.0,0.0,10.585185382120498,1.0498634987579327,3.683786251430665,mr_webots_overtaking_large_ship.wbt,ekf_on_cluster_on,1,1,5.0
1782771970.57723,115.04928255081177,0.0,0.0,0.2,0.05605258613928396,14.462897350798347,0.9871412382781709,0.0016673870060262602,0.007571764172877647,1782771970.537491,None,None,None, None, 1782771970.537491,0.9182365095923378,arrived,none,0.0,nan,nan,0.0,0.0,10.59217099324512,1.048552527200517,3.6769498575618402,mr_webots_overtaking_large_ship.wbt,ekf_on_cluster_on,1,1,5.0
1782771970.6781137,115.15016627311707,0.0,0.0,0.2,0.056246239252501454,14.463241507766755,0.9871605861286714,0.0008840623616373667,0.007680566572248347,1782771970.660562,None,None,None, None, 1782771970.6701024,0.9231316509526817,arrived,none,0.0,nan,nan,0.0,0.0,10.600271906307313,1.0480156547027082,3.668979062388404,mr_webots_overtaking_large_ship.wbt,ekf_on_cluster_on,1,1,5.0
1782771970.7774014,115.24945402145386,0.0,0.0,0.2,0.05621619359351842,14.463584655373937,0.9871799072704245,0.0006508599954755828,0.007729609834012413,1782771970.7359135,None,None,None, None, 1782771970.7414315,0.9059085070828579,arrived,none,0.0,nan,nan,0.0,0.0,10.608529748218864,1.0471225848220287,3.6610101746291037,mr_webots_overtaking_large_ship.wbt,ekf_on_cluster_on,1,1,5.0
1782771970.8776305,115.34968304634094,0.0,0.0,0.2,0.056250105111869154,14.463926864055505,0.9871991652309158,0.0010614525025741057,0.007868856791777958,1782771970.8670988,None,None,None, None, 1782771970.829514,1.0263424327673671,arrived,none,0.0,nan,nan,0.0,0.0,10.616047084569225,1.0471468807778856,3.653633994415734,mr_webots_overtaking_large_ship.wbt,ekf_on_cluster_on,1,1,5.0
1782771970.9775991,115.44965171813965,0.0,0.0,0.2,0.05624407190121249,14.46426811991488,0.9872183811800491,0.0007795779197862357,0.007924296117015747,1782771970.9382133,None,None,None, None, 1782771970.9580622,0.9563360622814954,arrived,none,0.0,nan,nan,0.0,0.0,10.624793847974875,1.046868068414071,3.6448335042774085,mr_webots_overtaking_large_ship.wbt,ekf_on_cluster_on,1,1,5.0
1782771971.0774987,115.54955124855042,0.0,0.0,0.2,0.056262101384414814,14.464608440076258,0.9872375423807569,0.0009196443194948447,0.008044757502143327,1782771971.0692003,None,None,None, None, 1782771971.0233624,1.0059374324524137,arrived,none,0.0,nan,nan,0.0,0.0,10.63176895339548,1.046784562467834,3.637999487034289,mr_webots_overtaking_large_ship.wbt,ekf_on_cluster_on,1,1,5.0
1782771971.1777408,115.64979338645935,0.0,0.0,0.2,0.05645081631201223,14.46494782253537,0.9872566569238818,0.002444654208370512,0.008228054810603846,1782771971.144179,None,None,None, None, 1782771971.1602,1.0666219973322606,arrived,none,0.0,nan,nan,0.0,0.0,10.640559143701275,1.0465665194410307,3.629446475056983,mr_webots_overtaking_large_ship.wbt,ekf_on_cluster_on,1,1,5.0
1782771971.2786877,115.75074028968811,0.0,0.0,0.2,0.05665114758331631,14.465286219223403,0.9872758276985525,0.0006937357897402157,0.008283246143182378,1782771971.2237358,None,None,None, None, 1782771971.233244,1.0721573964635729,arrived,none,0.0,nan,nan,0.0,0.0,10.648219749306893,1.0455167881869334,3.6220447843556336,mr_webots_overtaking_large_ship.wbt,ekf_on_cluster_on,1,1,5.0
1782771971.3895175,115.86157011985779,0.0,0.0,0.2,0.05684305392544632,14.465623635460076,0.9872949980456307,0.0009060626916124248,0.008341217423231637,1782771971.2877173,None,None,None, None, 1782771971.2967167,1.0095155918227063,arrived,none,0.0,nan,nan,0.0,0.0,10.648219749306893,1.0455167881869334,3.6220447843556336,mr_webots_overtaking_large_ship.wbt,ekf_on_cluster_on,1,1,5.0
1782771971.47823,115.95028257369995,0.0,0.0,0.2,0.057070858060138,14.465465386889976,0.9871782063055701,0.0007218202836069114,0.008438275423774292,1782771971.4221802,14.465460174042741,0.9871767738660591,0.05753511007906998, 1782771971.315907, 1782771971.4321907,0.90796890999147,arrived,none,0.0,nan,nan,0.0,0.0,10.655288963255792,1.0446400985864452,3.6152353247179065,mr_webots_overtaking_large_ship.wbt,ekf_on_cluster_on,1,1,5.0
1782771971.5775092,116.0495617389679,0.0,0.0,0.2,0.057060850479159285,14.465747365771527,0.9871943165769237,0.0006827305511067283,0.008542956280165766,1782771971.575507,None,None,None, None, 1782771971.574507,0.9084299293401735,arrived,none,0.0,nan,nan,0.0,0.0,10.67096499023467,1.0428368406228439,3.5993113975635733,mr_webots_overtaking_large_ship.wbt,ekf_on_cluster_on,1,1,5.0
1782771971.6773942,116.14944672584534,0.0,0.0,0.2,0.05708607268883234,14.466028641471937,0.9872103838494231,0.0009497393680696541,0.008610260839174409,1782771971.6463733,None,None,None, None, 1782771971.65137,1.0188936965248334,arrived,none,0.0,nan,nan,0.0,0.0,10.677880834132143,1.0427965208692298,3.592478095805702,mr_webots_overtaking_large_ship.wbt,ekf_on_cluster_on,1,1,5.0
1782771971.7769492,116.2490017414093,0.0,0.0,0.2,0.057113425137983,14.466309206907372,0.9872264176491369,0.0010147501367432565,0.008683022876362351,1782771971.7180777,None,None,None, None, 1782771971.72259,0.929125234388561,arrived,none,0.0,nan,nan,0.0,0.0,10.687315937582335,1.0425226408278048,3.5830953890618047,mr_webots_overtaking_large_ship.wbt,ekf_on_cluster_on,1,1,5.0
1782771971.8771257,116.34917831420898,0.0,0.0,0.2,0.05710404186321712,14.466589064982252,0.9872424187043088,0.0007289284383032705,0.008780360268524561,1782771971.8516126,None,None,None, None, 1782771971.8616176,1.076768288283177,arrived,none,0.0,nan,nan,0.0,0.0,10.694195886465636,1.0422883697413516,3.576552003863751,mr_webots_overtaking_large_ship.wbt,ekf_on_cluster_on,1,1,5.0
1782771971.9775293,116.44958186149597,0.0,0.0,0.2,0.057123756906864914,14.466868230217923,0.9872583775179329,0.0009066916745979326,0.008846438903817663,1782771971.9244914,None,None,None, None, 1782771971.945111,0.950442232169803,arrived,none,0.0,nan,nan,0.0,0.0,10.701655015140105,1.0422493713289915,3.5691743936891216,mr_webots_overtaking_large_ship.wbt,ekf_on_cluster_on,1,1,5.0
1782771972.077913,116.5499656200409,0.0,0.0,0.2,0.05712126683778203,14.467146697362576,0.9872743019322906,0.0007338898469185553,0.008938406623927772,1782771972.0498068,None,None,None, None, 1782771972.0789936,0.9304266746968972,arrived,none,0.0,nan,nan,0.0,0.0,10.710435941312925,1.042019421792086,3.560372473716676,mr_webots_overtaking_large_ship.wbt,ekf_on_cluster_on,1,1,5.0
1782771972.1779354,116.6499879360199,0.0,0.0,0.2,0.05711709724023944,14.467424476490287,0.9872901863077795,0.00066329736168827,0.008987649641523049,1782771972.1240466,None,None,None, None, 1782771972.150099,0.992151040556345,arrived,none,0.0,nan,nan,0.0,0.0,10.717347610303106,1.0419274554198124,3.553805246857837,mr_webots_overtaking_large_ship.wbt,ekf_on_cluster_on,1,1,5.0
1782771972.2773345,116.74938702583313,0.0,0.0,0.2,0.05730376671031886,14.467701571499543,0.9873060304038462,0.0022910688279043877,0.009278149659721877,1782771972.2508433,None,None,None, None, 1782771972.2758307,0.9310842933297329,arrived,none,0.0,nan,nan,0.0,0.0,10.726131241054974,1.0418332048469132,3.545002373352951,mr_webots_overtaking_large_ship.wbt,ekf_on_cluster_on,1,1,5.0
1782771972.3775373,116.84958982467651,0.0,0.0,0.2,0.05780110916803735,14.468607079671102,0.9872515369225168,0.000765770289196825,0.00932756510182479,1782771972.380549,14.46861742685601,0.9872503793996419,0.058390992211030834, 1782771972.319374, 1782771972.3529677,1.0896830961369783,arrived,none,0.0,nan,nan,0.0,0.0,10.726131241054974,1.0418332048469132,3.545002373352951,mr_webots_overtaking_large_ship.wbt,ekf_on_cluster_on,1,1,5.0
1782771972.477163,116.94921565055847,0.0,0.0,0.2,0.05797949612677039,14.46896037847682,0.9872720163074009,0.000760712904947229,0.009429252748789998,1782771972.4490478,None,None,None, None, 1782771972.424106,1.094069786593218,arrived,none,0.0,nan,nan,0.0,0.0,10.734327765232562,1.0394533118192617,3.537625688143755,mr_webots_overtaking_large_ship.wbt,ekf_on_cluster_on,1,1,5.0
1782771972.5777507,117.04980325698853,0.0,0.0,0.2,0.05802784777015573,14.469312612331251,0.9872924615636763,0.0013211237543249215,0.009593336773656936,1782771972.5732481,None,None,None, None, 1782771972.550574,1.0112223211743026,arrived,none,0.0,nan,nan,0.0,0.0,10.741348933348924,1.0387110888862756,3.531085164418626,mr_webots_overtaking_large_ship.wbt,ekf_on_cluster_on,1,1,5.0
1782771972.6771183,117.14917087554932,0.0,0.0,0.2,0.058003166792515146,14.46966382585953,0.987312864634591,0.0007524815471882818,0.009648522289270066,1782771972.6465862,None,None,None, None, 1782771972.6213078,0.944751890753957,arrived,none,0.0,nan,nan,0.0,0.0,10.750782946472015,1.0383474080484894,3.5217131872314753,mr_webots_overtaking_large_ship.wbt,ekf_on_cluster_on,1,1,5.0
1782771972.7779315,117.2499840259552,0.0,0.0,0.2,0.05801738314948007,14.470014047610713,0.9873332014171586,0.0009591479130955583,0.009771138198123227,1782771972.7744246,None,None,None, None, 1782771972.759282,0.9259050052621602,arrived,none,0.0,nan,nan,0.0,0.0,10.75783491011453,1.0383709398716061,3.515150252294549,mr_webots_overtaking_large_ship.wbt,ekf_on_cluster_on,1,1,5.0
1782771972.8776715,117.34972405433655,0.0,0.0,0.2,0.05800793175225674,14.470363271147672,0.9873534852165521,0.0007456712861155268,0.009824968776145925,1782771972.8466153,None,None,None, None, 1782771972.8301017,1.041039786027422,arrived,none,0.0,nan,nan,0.0,0.0,10.766051481805789,1.038191420703768,3.50691743698209,mr_webots_overtaking_large_ship.wbt,ekf_on_cluster_on,1,1,5.0
1782771972.97977,117.45182251930237,0.0,0.0,0.2,0.05799566506402711,14.470711509453173,0.9873737084887332,0.000635507226416564,0.00987582203317921,1782771972.9266353,None,None,None, None, 1782771972.97977,0.9634568453090642,arrived,none,0.0,nan,nan,0.0,0.0,10.77422910244024,1.038147101735573,3.4989728692299606,mr_webots_overtaking_large_ship.wbt,ekf_on_cluster_on,1,1,5.0
1782771973.077379,117.5494315624237,0.0,0.0,0.2,0.058028923670729274,14.471058768963786,0.9873938706451902,0.0009489733143820638,0.009995962759240914,1782771973.053236,None,None,None, None, 1782771973.0492446,1.060391104162379,arrived,none,0.0,nan,nan,0.0,0.0,10.781254267058404,1.038121013514987,3.4924328225939827,mr_webots_overtaking_large_ship.wbt,ekf_on_cluster_on,1,1,5.0
1782771973.177675,117.64972758293152,0.0,0.0,0.2,0.05805296625276948,14.47140504118349,0.9874139870341481,0.0009455445851904011,0.010055492582647345,1782771973.1161942,None,None,None, None, 1782771973.1211946,1.0443584809904451,arrived,none,0.0,nan,nan,0.0,0.0,10.790012288904563,1.0378576626593679,3.48390651480678,mr_webots_overtaking_large_ship.wbt,ekf_on_cluster_on,1,1,5.0
1782771973.2771287,117.74918127059937,0.0,0.0,0.2,0.05803613062621468,14.471750334488206,0.9874340548836477,0.0006252980032689259,0.01014998982027152,1782771973.2673178,None,None,None, None, 1782771973.2673178,1.0324415911315048,arrived,none,0.0,nan,nan,0.0,0.0,10.797061250081278,1.037672819884666,3.477084658090165,mr_webots_overtaking_large_ship.wbt,ekf_on_cluster_on,1,1,5.0
1782771973.377649,117.84970164299011,0.0,0.0,0.2,0.05842470500694973,14.47150041550398,0.9873193059833701,0.0006731363492837528,0.01019629002746274,1782771973.3361006,14.471492379081251,0.9873174836083775,0.05917701942574461, 1782771973.323365, 1782771973.3390994,1.0185401917625105,arrived,none,0.0,nan,nan,0.0,0.0,10.804695472339672,1.037643094392759,3.4696889290602515,mr_webots_overtaking_large_ship.wbt,ekf_on_cluster_on,1,1,5.0
1782771973.4770885,117.94914102554321,0.0,0.0,0.2,0.058423611096775005,14.471774365528898,0.9873353296689088,0.0006355308265913761,0.010276650212357396,1782771973.4625463,None,None,None, None, 1782771973.473081,0.9136338977835246,arrived,none,0.0,nan,nan,0.0,0.0,10.81287780825147,1.035979390317972,3.4611676537669,mr_webots_overtaking_large_ship.wbt,ekf_on_cluster_on,1,1,5.0
