epoch [s],elapsed [s],x [m],y [m],z [m],roll [deg],pitch [deg],yaw [deg],broadcast
1782400964.2186258,0.14897799491882324,-4.684135335489745e-05,1.000000000483799,0.027610716588477732,0.0,0.0,359.9999999105082,False
1782400964.2891521,0.21950435638427734,-4.8046833952000305e-05,1.0000000005458827,0.02789093558503176,0.0,0.0,359.99999991051095,False
1782400964.353475,0.2838273048400879,-5.099883393583676e-05,1.0000000006335277,0.028142118300579576,0.0,0.0,359.99999991051646,False
1782400964.4201124,0.3504645824432373,-5.3380510636059885e-05,1.0000000006800398,0.02818280168724015,0.0,0.0,359.99999991052505,False
1782400964.4891372,0.41948938369750977,-5.4139084024672594e-05,1.000000000674452,0.028055617946684177,0.0,0.0,359.99999991053056,False
1782400964.5552514,0.48560357093811035,-5.329114250583869e-05,1.000000000627501,0.02782769348534003,0.0,0.0,359.99999991053306,False
1782400964.620024,0.5503761768341064,-5.051912655373959e-05,1.0000000005398166,0.027533896925630533,0.0,0.0,359.99999991035196,False
1782400964.6807165,0.6110687255859375,-4.799085616289947e-05,1.0000000004818024,0.027413100047606404,0.0,0.0,359.99999991054574,False
1782400964.740656,0.6710081100463867,-4.6988750794812075e-05,1.0000000004718248,0.027453184463562305,0.0,0.0,359.9999999105513,False
1782400964.8080192,0.7383713722229004,-4.7281580407931816e-05,1.000000000501605,0.027626011577675375,0.0,0.0,359.9999999105547,False
1782400964.8848767,0.8152289390563965,-4.965254735262996e-05,1.0000000005831793,0.027934965214781053,0.0,0.0,359.9999999105583,False
1782400964.9469633,0.8773155212402344,-5.232720636122229e-05,1.000000000653646,0.028141081726849135,0.0,0.0,359.9999999105652,False
1782400965.0136979,0.9440500736236572,-5.3951581747878215e-05,1.0000000006818723,0.028171913418995543,0.0,0.0,359.999999910573,False
1782400965.0733993,1.003751516342163,-5.376278938427436e-05,1.0000000006591199,0.028040591807209317,0.0,0.0,359.9999999105768,False
1782400965.1436143,1.0739665031433105,-5.1822477123961304e-05,1.000000000591803,0.027779517480874653,0.0,0.0,359.9999999105796,False
1782400965.2173593,1.1477115154266357,-4.914116424582106e-05,1.0000000005165686,0.0275303254961443,0.0,0.0,359.99999991058564,False
1782400965.2747684,1.20512056350708,-4.72497667618231e-05,1.000000000474606,0.027420175082656772,0.0,0.0,359.9999999105937,False
1782400965.3385231,1.2688753604888916,-4.7219924827835e-05,1.0000000004887275,0.02750478826250441,0.0,0.0,359.9999999105987,False
1782400965.4043314,1.3346836566925049,-4.875821939439328e-05,1.0000000005416425,0.02770620598449439,0.0,0.0,359.99999991060105,False
1782400965.4617696,1.3921217918395996,-5.072310567182156e-05,1.0000000005998433,0.027911332147707604,0.0,0.0,359.9999999106049,False
1782400965.5268044,1.4571566581726074,-5.310792519537625e-05,1.000000000663007,0.028123462953018086,0.0,0.0,359.9999999106122,False
1782400965.5929787,1.5233309268951416,-5.400075134132937e-05,1.000000000678865,0.028169293811806155,0.0,0.0,359.99999991061895,False
1782400965.6565976,1.5869498252868652,-5.313452513826718e-05,1.0000000006464358,0.02805246658132767,0.0,0.0,359.99999991062185,False
1782400965.7165592,1.646911382675171,-5.1110293396863056e-05,1.0000000005846141,0.027836072636198004,0.0,0.0,359.99999991062464,False
1782400965.7807517,1.711103916168213,-4.854176222409392e-05,1.0000000005118888,0.027578051462642316,0.0,0.0,359.99999991063123,False
1782400965.8467844,1.7771365642547607,-4.7054510669177125e-05,1.0000000004741854,0.02742951046411478,0.0,0.0,359.9999999106397,False
1782400965.9110212,1.8413734436035156,-4.7607701634465493e-05,1.0000000004939023,0.02747884580636584,0.0,0.0,359.99999991064317,False
1782400965.9780138,1.9083659648895264,-4.9438861802589344e-05,1.0000000005487417,0.02765527575752854,0.0,0.0,359.99999991064556,False
1782400966.0366986,1.9670507907867432,-5.173250018313212e-05,1.0000000006153116,0.027888250665418,0.0,0.0,359.9999999106504,False
1782400966.1067297,2.0370819568634033,-5.375120415548535e-05,1.0000000006733478,0.028123103799695917,0.0,0.0,359.99999991065926,False
1782400966.1811154,2.1114675998687744,-5.36100923506494e-05,1.0000000006697067,0.028159411226410684,0.0,0.0,359.99999991066426,False
1782400966.2810762,2.21142840385437,-5.0731149133585756e-05,1.000000000587314,0.027921912278838463,0.0,0.0,359.99999991066795,False
1782400966.3518775,2.2822296619415283,-4.8045724568567354e-05,1.0000000005077203,0.027628837394045706,0.0,0.0,359.9999999106763,False
1782400966.4139893,2.344341516494751,-4.710161523998672e-05,1.0000000004757865,0.027456807893888407,0.0,0.0,359.9999999106834,False
1782400966.4876919,2.418044090270996,-4.810029282243028e-05,1.0000000004992444,0.02746098254707633,0.0,0.0,359.999999910687,False
1782400966.5578094,2.488161563873291,-5.046528315669021e-05,1.0000000005651033,0.02763870694582198,0.0,0.0,359.9999999106642,False
1782400966.8599546,2.790306806564331,-4.806322906599835e-05,1.0000000005182195,0.027745254474110772,0.0,0.0,359.9999999107187,False
1782400967.0339239,2.964276075363159,-4.86737789859114e-05,1.0000000005046947,0.027451274134405585,0.0,0.0,359.9999999107304,False
1782400967.1506312,3.0809834003448486,0.0022353241945802975,1.0000000006295,0.02780822200597414,0.0,0.0,359.9999999107262,False
1782400967.2250268,3.155379056930542,0.009177598215006352,1.000000000656128,0.028059701475304927,0.0,0.0,359.9999999108467,False
1782400967.3437612,3.274113416671753,0.02330879738874547,1.000000000570231,0.028035397359005433,0.0,0.0,359.99999991243004,False
1782400967.4334772,3.3638293743133545,0.03520536571077778,1.0000000004774827,0.027838287729356846,0.0,0.0,359.99999991419344,False
1782400967.532371,3.4627232551574707,0.055508376322351095,1.0000000004072447,0.027599190034434055,0.0,0.0,359.9999999144753,False
1782400967.639633,3.5699851512908936,0.07228247495855994,1.0000000004447123,0.02763006616458938,0.0,0.0,359.9999999114862,False
1782400967.7380521,3.6684043407440186,0.09100745822759623,1.0000000005030745,0.027794397743525007,0.0,0.0,359.9999999075583,False
1782400967.8151062,3.7454583644866943,0.10678387843852495,1.0000000004920995,0.027893014005778802,0.0,0.0,359.9999999064837,False
1782400967.8929203,3.823272466659546,0.11786217219433154,1.0000000004432459,0.02790175994131827,0.0,0.0,359.9999999073678,False
1782400967.962775,3.893127202987671,0.13369150158018572,1.0000000003444087,0.02784142011728189,0.0,0.0,359.99999990983395,False
1782400968.043053,3.973405122756958,0.15109040760627926,1.0000000002646006,0.027751008309056677,0.0,0.0,359.9999999114091,False
1782400968.133468,4.063820123672485,0.16533218499522268,1.000000000258058,0.02771636517120996,0.0,0.0,359.9999999103956,False
1782400968.2048688,4.135221004486084,0.1780123974137599,1.0000000002882035,0.02772805147351637,0.0,0.0,359.99999990809704,False
1782400968.2948265,4.2251787185668945,0.1954860400334297,1.0000000003324725,0.027781602094704837,0.0,0.0,359.9999999047938,False
1782400968.3680556,4.298407793045044,0.20960066079778217,1.0000005382955406,0.027826239114515223,0.0,0.0,0.259647156737366,False
1782400968.453548,4.383900165557861,0.22038325848461135,1.000005525044108,0.027840308480785697,0.0,0.0,0.7815864039444531,False
1782400968.5308664,4.461218595504761,0.2300607799755418,1.0000226521938664,0.02782670430697442,0.0,0.0,1.41861728776897,False
1782400968.6028764,4.533228635787964,0.2399722124063527,1.0000666141901637,0.027795580217646467,0.0,0.0,2.1696863200530574,False
1782400968.6729343,4.603286504745483,0.24746148391386197,1.0001278292112072,0.02777536043972064,0.0,0.0,2.780198648866029,False
1782400968.7423062,4.672658443450928,0.2537817200041647,1.0002046869682475,0.027769183586436114,0.0,0.0,3.316508289692738,False
1782400968.8195055,4.749857664108276,0.2616686494227718,1.0003405651886874,0.027778412489890266,0.0,0.0,4.006998762711661,False
1782400968.8985975,4.828949689865112,0.27019878096751326,1.0005470614031282,0.027800977598122577,0.0,0.0,4.774634708523476,False
1782400968.9955375,4.925889730453491,0.2793803219997261,1.0008499631300878,0.027819529759089922,0.0,0.0,5.619242643497062,False
1782400969.0666966,4.997048854827881,0.286779803074163,1.0011624150489191,0.027819372278333327,0.0,0.0,6.31036694061107,False
1782400969.1411414,5.071493625640869,0.29410473161262607,1.0015371994781819,0.027807074814250723,0.0,0.0,7.00150733441945,False
1782400969.227857,5.158209323883057,0.300567511912845,1.0019253598633553,0.027793227703439925,0.0,0.0,7.615831695133442,False
1782400969.30697,5.237322092056274,0.3093965875152721,1.0025474342025984,0.0277825789760389,0.0,0.0,8.460468995808162,False
1782400969.376471,5.306823253631592,0.315784689794754,1.0030663932292583,0.02778504355682311,0.0,0.0,9.074720248701853,False
1782400969.4651191,5.3954713344573975,0.32373852958805766,1.0037963636186098,0.027796721193606176,0.0,0.0,9.842535543203597,False
1782400969.547747,5.47809910774231,0.3316634320612186,1.0046188610421822,0.02780840619311645,0.0,0.0,10.610385856120867,False
1782400969.6532671,5.5836193561553955,0.3403523534647477,1.0056328399823737,0.02781135417768878,0.0,0.0,11.455067789677946,False
1782400969.744067,5.674419164657593,0.34901459270348745,1.006763311045266,0.02780332811248543,0.0,0.0,12.299765455961277,False
1782400969.8277373,5.758089542388916,0.3576517539494435,1.0080119512947912,0.027793009419791025,0.0,0.0,13.144437712344617,False
1782400969.8910074,5.821359634399414,0.3631353514670024,1.008868677820717,0.02778974379150791,0.0,0.0,13.681935847998426,False
1782400969.9539244,5.884276628494263,0.36860902577206356,1.0097740665104522,0.027790379561916875,0.0,0.0,14.219422732264889,False
1782400970.0390017,5.969353914260864,0.3764111830436829,1.0111523442411037,0.02779649068459898,0.0,0.0,14.98725882532349,False
1782400970.1036446,6.033996820449829,0.3826379169110559,1.0123271762102268,0.0278024100367098,0.0,0.0,15.601539718195252,False
1782400970.1819236,6.112275838851929,0.38962659954054435,1.0137258713742492,0.02780622720534409,0.0,0.0,16.292624968095502,False
1782400970.2490268,6.179378986358643,0.3958236844674862,1.015037775568634,0.027805599128080356,0.0,0.0,16.906935423106322,False
1782400970.3217552,6.252107381820679,0.4035550579904684,1.0167704694810142,0.027800756046328548,0.0,0.0,17.67324109636362,False
1782400970.3958156,6.326167821884155,0.4105296650587186,1.0184284612383694,0.027795858435120946,0.0,0.0,18.355641733681317,False
1782400970.482961,6.413313150405884,0.41752615422618317,1.0201830827758693,0.027793560759455507,0.0,0.0,19.015270838421095,True
1782400970.546642,6.476994276046753,0.42376790604887893,1.0218260660700227,0.02779457160646019,0.0,0.0,19.577273678818695,False
1782400970.6166081,6.546960353851318,0.43159808041915804,1.023989899644737,0.02779848968800467,0.0,0.0,20.255411641185532,False
1782400970.6928194,6.62317156791687,0.4378755106123145,1.025805786723212,0.027801616244900334,0.0,0.0,20.781606884902796,False
1782400970.7555764,6.685928583145142,0.4437965941805701,1.0276174832276783,0.027802722295104592,0.0,0.0,21.215182460559365,False
1782400970.8322861,6.762638330459595,0.4523273496822283,1.0303933005343662,0.027800964840824803,0.0,0.0,21.733743692345882,False
1782400970.9210365,6.851388692855835,0.46491874774950404,1.0347514136444096,0.027795060339353955,0.0,0.0,22.382341884592968,False
1782400971.0033567,6.933708906173706,0.47389124219168105,1.0380079324185814,0.027791360056585508,0.0,0.0,22.79215820843873,False
1782400971.06819,6.998542308807373,0.4832688368275976,1.0415278317688486,0.027789348063899117,0.0,0.0,23.178696316465,False
1782400971.1409936,7.071345806121826,0.4956740408404965,1.0463532782550549,0.02778911871664794,0.0,0.0,23.601930422443466,False
1782400971.2185626,7.148914813995361,0.5075583844153073,1.0511357207141228,0.027789531594083157,0.0,0.0,23.907717062450516,False
1782400971.3166623,7.24701452255249,0.5213098280164341,1.0568255407404628,0.027789084769370115,0.0,0.0,24.169393432839843,False
1782400971.3869038,7.317255973815918,0.5351651501834356,1.0626888741203229,0.02778787789572314,0.0,0.0,24.338508776959042,False
1782400971.45731,7.387662172317505,0.546431963344915,1.0675108278773227,0.027789900490425616,0.0,0.0,24.47735082539924,False
1782400971.5337737,7.464125871658325,0.554100757544433,1.070808460969837,0.02779435107156603,0.0,0.0,24.60419356158302,False
1782400971.6007898,7.531141996383667,0.5620986560554131,1.0742655060301918,0.027800300119240548,0.0,0.0,24.75159655581749,False
1782400971.6788821,7.60923433303833,0.5722078332315956,1.0786677769121853,0.02780585056033243,0.0,0.0,24.92424167006092,False
1782400971.7506676,7.6810197830200195,0.5791218589270093,1.0817028013522634,0.027806082616446397,0.0,0.0,25.019915865190985,False
1782400971.8650162,7.795368432998657,0.5890580903603909,1.0861017087794194,0.027801012406924158,0.0,0.0,25.03644518329194,False
1782400971.9358983,7.866250514984131,0.5971119420688586,1.089697755392198,0.02779544461163363,0.0,0.0,24.804926588494443,False
1782400972.006588,7.9369401931762695,0.6034482078715335,1.0925401277950433,0.027792922276893197,0.0,0.0,24.475801336426827,False
1782400972.074726,8.005078315734863,0.6089300808048433,1.0950033872695186,0.027793101192275082,0.0,0.0,24.107007097101594,False
1782400972.1466482,8.077000379562378,0.6159159342052689,1.0981400051156984,0.027796198403769973,0.0,0.0,23.563056801692937,False
1782400972.21117,8.14152216911316,0.622850482738276,1.1012410813952256,0.027800454193183013,0.0,0.0,22.97375069197523,False
1782400972.2723162,8.20266842842102,0.6282184680353232,1.1036265792082098,0.027802856171897306,0.0,0.0,22.496691911529204,False
1782400972.3416798,8.272032022476196,0.6335667289347129,1.1059855942931083,0.027803558419012126,0.0,0.0,22.005814197807442,False
1782400972.4127843,8.343136548995972,0.6404203449715375,1.1089763599675209,0.027801924336430424,0.0,0.0,21.383143287220403,False
1782400972.4822843,8.412636518478394,0.647278292496796,1.111925541345435,0.027798779451520768,0.0,0.0,20.87300932788383,False
1782400972.5535667,8.483918905258179,0.6533826876832489,1.1145107940766805,0.0277964087819986,0.0,0.0,20.466208043430875,False
1782400972.624114,8.554466247558594,0.6587331574217687,1.1167445350086302,0.02779558369022518,0.0,0.0,20.12364000752078,False
1782400972.700507,8.630859136581421,0.6664028677487702,1.1198921962590724,0.0277967033247596,0.0,0.0,19.63340863802598,False
1782400972.7652223,8.695574522018433,0.6725604474596879,1.1223720882594,0.027798753474657763,0.0,0.0,19.233674539537233,False
1782400972.8483639,8.778716087341309,0.6787386744229267,1.1248172143430955,0.02780064283486558,0.0,0.0,18.823620568855095,False
1782400972.9479005,8.878252744674683,0.6896118813475248,1.1290128297716004,0.027801212027795143,0.0,0.0,18.065176584668293,False
1782400973.0460181,8.976370334625244,0.698204522850037,1.1322290777225172,0.027799352627121163,0.0,0.0,17.43354153041242,False
1782400973.1206746,9.051026821136475,0.704471319667502,1.1345182941987733,0.027797862538588815,0.0,0.0,16.958499289131815,False
1782400973.1948972,9.12524938583374,0.7107550112165728,1.1367645551273675,0.02779708360917251,0.0,0.0,16.477412392088546,False
1782400973.2697003,9.200052499771118,0.7186223961458167,1.139506661693921,0.02779750301473384,0.0,0.0,15.841567589214186,False
1782400973.3412619,9.271614074707031,0.7257076274595755,1.1419078578724953,0.027798765858081935,0.0,0.0,15.240737641191489,False
1782400973.416687,9.347039222717285,0.7327907536540128,1.144241940786991,0.027799984337850314,0.0,0.0,14.635178784528566,False
1782400973.498859,9.429211139678955,0.7390843480007149,1.1462589096405558,0.02780044069464806,0.0,0.0,14.184959266551115,False
1782400973.5823774,9.51272964477539,0.7484631732700658,1.1491683538010895,0.02779982596104995,0.0,0.0,13.38727025890359,False
1782400973.6667643,9.597116470336914,0.7562269122298613,1.1514869821524247,0.027798781396601954,0.0,0.0,12.642452660706805,False
1782400973.7369518,9.667304039001465,0.7616451522054047,1.1530543123478294,0.027798252193338965,0.0,0.0,12.109727136862702,False
1782400973.8095875,9.73993968963623,0.7678281965625713,1.1547898027743229,0.02779812478775702,0.0,0.0,11.497377881406338,False
1782400973.8796315,9.809983730316162,0.775551192793003,1.1568755527825547,0.02779864884378785,0.0,0.0,10.730225021573315,False
1782400973.948558,9.878910303115845,0.7817299414684624,1.158476968352489,0.027799298721933468,0.0,0.0,10.116090971250605,False
1782400974.0310824,9.961434602737427,0.7879122595376379,1.1600182342402139,0.02779979182935661,0.0,0.0,9.501849782180356,False
1782400974.1035953,10.033947467803955,0.7948743012649242,1.1616796500552053,0.027799894365938906,0.0,0.0,8.810786777685022,False
1782400974.1681147,10.098466873168945,0.8018457422839201,1.1632635588295888,0.02779952999815881,0.0,0.0,8.119710237524615,False
1782400974.261842,10.19219422340393,0.8096045104069526,1.1649316041853799,0.027798925374557977,0.0,0.0,7.351844142691759,False
1782400974.3342557,10.264607906341553,0.816295551017387,1.1662537590486446,0.02779832124152526,0.0,0.0,6.857824740285885,False
1782400974.4066563,10.337008476257324,0.8263121891395663,1.1680034813237032,0.027796791550071694,0.0,0.0,6.574657819536747,False
1782400974.4719052,10.402257442474365,0.8348921221063927,1.1693859455171955,0.027795381817399007,0.0,0.0,6.568739165509169,False
1782400974.541558,10.471910238265991,0.8425452322941853,1.170559505087706,0.027794325659660314,0.0,0.0,6.721354445548536,False
1782400974.6140566,10.544408798217773,0.8513785965307551,1.171863493023842,0.027793663203786727,0.0,0.0,7.0383795270529195,False
1782400974.6752195,10.605571746826172,0.8613988055292989,1.1732996220055782,0.027793985086492612,0.0,0.0,7.502660044236961,False
1782400974.7511332,10.681485414505005,0.8711291194925505,1.1746748197758872,0.027795805171219844,0.0,0.0,7.822157831399108,False
1782400974.8197198,10.750072002410889,0.8781576332778396,1.17566527417562,0.0277981388360209,0.0,0.0,7.802003900642383,False
1782400974.905937,10.836289167404175,0.8876785566541503,1.1770024071411735,0.02780117655071411,0.0,0.0,7.6312236368096,False
1782400974.973012,10.903364181518555,0.8968107272057316,1.1782757869221308,0.027802341480101998,0.0,0.0,7.316351438627855,False
1782400975.0390193,10.969371557235718,0.9030470994911681,1.1791367909609098,0.027801731675528255,0.0,0.0,7.031336031286542,False
1782400975.1247282,11.05508041381836,0.910925020320025,1.1802098237497547,0.027799735908549592,0.0,0.0,6.615280013416911,False
1782400975.2007148,11.131067037582397,0.9186927191846014,1.1812462991226564,0.027797563182554833,0.0,0.0,6.1565392660170675,False
1782400975.2679005,11.19825267791748,0.9272260725863792,1.182353012542204,0.027796436157750994,0.0,0.0,5.605734109090719,False
1782400975.339876,11.270228147506714,0.9339994123592165,1.1832023096062452,0.027796928437548555,0.0,0.0,5.141762599098523,False
1782400975.4122171,11.342569351196289,0.9398949353158612,1.1839172059462078,0.027798100582612444,0.0,0.0,4.725938707352542,False
1782400975.4742925,11.40464472770691,0.946563088149786,1.184696864370697,0.027799649403902765,0.0,0.0,4.324797398295771,False
1782400975.538799,11.469151258468628,0.9539849859781073,1.185526059880241,0.0278007762185732,0.0,0.0,3.948687560826833,False
1782400975.6099083,11.540260553359985,0.9605289059680899,1.1862220418714142,0.027800790536033036,0.0,0.0,3.656852672603294,False
1782400975.675168,11.605520248413086,0.9662231517225275,1.1868005083314044,0.027800117280008377,0.0,0.0,3.41537599771817,False
1782400975.7445307,11.674882888793945,0.972701236052357,1.187427864355935,0.027798998187217355,0.0,0.0,3.1514078819996683,False
1782400975.836649,11.767001152038574,0.9823721401180312,1.1883038709496785,0.027797829980746522,0.0,0.0,2.7815573406874337,False
1782400975.9077144,11.838066577911377,0.9887984145276287,1.188846293546399,0.02779788036587783,0.0,0.0,2.5557243907175873,False
1782400975.980333,11.910685300827026,0.9952087183726009,1.1893566121355665,0.0277985210800746,0.0,0.0,2.340934413299479,False
1782400976.045279,11.97563123703003,1.0024055529602243,1.189893777326148,0.027799469447942357,0.0,0.0,2.1017393572688605,False
1782400976.1166022,12.04695439338684,1.0095915446591612,1.1903932415124947,0.027800078892322593,0.0,0.0,1.8617218250203096,False
1782400976.1767757,12.107127904891968,1.014377346275119,1.1907058599322229,0.02780012245741291,0.0,0.0,1.705903454604776,False
1782400976.2598655,12.190217733383179,1.021550136919655,1.191145088281609,0.02779968181697215,0.0,0.0,1.4857722360169363,False
1782400976.3467474,12.277099609375,1.0295145365207217,1.191592706393371,0.027798894545937446,0.0,0.0,1.2816431800647672,False
1782400976.4228091,12.353161334991455,1.037476549263711,1.1920000197079121,0.027798394599060316,0.0,0.0,1.1372074507784422,True
1782400976.4846961,12.415048360824585,1.0430475507544332,1.1922627522417577,0.02779840741110217,0.0,0.0,1.069515093594692,False
1782400976.571622,12.501974105834961,1.0502156792094135,1.1925759053583769,0.027798799838796188,0.0,0.0,1.0288614192674226,False
1782400976.664412,12.594764232635498,1.0605827054816945,1.1929854145358243,0.027799513551528734,0.0,0.0,1.0754889576336213,False
1782400976.7420597,12.672411918640137,1.066964808266015,1.1932165744097163,0.0277996826390395,0.0,0.0,1.16817608254704,False
1782400976.8167157,12.747067928314209,1.0741458067674627,1.1934622251713083,0.027799521397351756,0.0,0.0,1.321081526230043,False
1782400976.8892267,12.819578886032104,1.0821346408926062,1.193723003114616,0.027799087034654647,0.0,0.0,1.5446358716300819,False
1782400976.9501007,12.880452871322632,1.087724011479309,1.1939009630441346,0.027798815300982008,0.0,0.0,1.568861191843582,False
1782400977.0217187,12.952070951461792,1.0933045210890957,1.1940757918417266,0.02779869140171067,0.0,0.0,1.358771712252517,False
1782400977.0923636,13.02271580696106,1.1004695861541671,1.194292852809,0.027798793350862754,0.0,0.0,0.8504901583244515,False
1782400977.1635573,13.093909502029419,1.1084212488806444,1.194515449389835,0.027799125484767654,0.0,0.0,0.14454404043110383,False
1782400977.234044,13.164396286010742,1.1139830153548596,1.194653705944541,0.027799351161514784,0.0,0.0,359.6202033740886,False
1782400977.303647,13.233999252319336,1.120335967172538,1.1947884845199621,0.027799479906832944,0.0,0.0,359.01129257430296,False
1782400977.3706393,13.300991535186768,1.1274796844842967,1.1949043893072155,0.027799411780530463,0.0,0.0,358.322089453952,False
1782400977.4388213,13.369173526763916,1.1338272472456745,1.194970755826386,0.02779921821816707,0.0,0.0,357.88484369303285,False
1782400977.5158224,13.446174621582031,1.1401729525151332,1.195001051160926,0.027799011210681145,0.0,0.0,357.77694077293387,False
1782400977.5852747,13.515626907348633,1.1465171718580636,1.1949976142395184,0.02779889273268038,0.0,0.0,357.47854447010394,False
1782400977.6641347,13.594486951828003,1.15523835153858,1.1949378581080612,0.027798947764782984,0.0,0.0,356.786815567705,False
1782400977.7439215,13.67427372932434,1.1615794178140675,1.1948508643020388,0.02779909911668474,0.0,0.0,356.20346019375467,False
1782400977.8247764,13.755128622055054,1.1687112236893387,1.1947045154629863,0.027799268714846226,0.0,0.0,355.52334843877657,False
1782400977.8909338,13.821285963058472,1.1766326088700536,1.194476436857669,0.027799339593187356,0.0,0.0,354.75877909945467,False
1782400977.9612527,13.891604900360107,1.1829671046691759,1.194240824348406,0.02779928330778032,0.0,0.0,354.14521565749044,False
1782400978.0303395,13.960691690444946,1.1885075286240465,1.1939938186216679,0.027799181954864034,0.0,0.0,353.6079310207016,False
1782400978.0909529,14.021305084228516,1.1940455207515854,1.193707178764904,0.02779907698096162,0.0,0.0,353.0705088010327,False
1782400978.1557837,14.086135864257812,1.201161687569837,1.1932783510283935,0.027798999339951815,0.0,0.0,352.37946668868983,False
1782400978.2250032,14.155355453491211,1.2074827269508652,1.1928384461477688,0.027799012482925614,0.0,0.0,351.76518483211635,False
1782400978.301546,14.231898307800293,1.213799004865953,1.1923417412133033,0.027799087897967412,0.0,0.0,351.1508963561485,False
1782400978.3731425,14.303494691848755,1.220898399291268,1.191713473870071,0.027799192046041005,0.0,0.0,350.45981896381727,False
1782400978.4389064,14.369258642196655,1.2279901661768464,1.1910101465032266,0.027799253536949533,0.0,0.0,349.7687402684199,False
1782400978.5140529,14.44440507888794,1.2342868343335465,1.1903208735832862,0.02779924606008416,0.0,0.0,349.15444755248404,False
1782400978.585301,14.515653133392334,1.240576126362062,1.189570443052286,0.027799190326347617,0.0,0.0,348.54015462120793,False
1782400978.6516583,14.582010507583618,1.2476419437110466,1.1886522576946243,0.027799111152395466,0.0,0.0,347.849075058411,False
1782400978.7448976,14.675249814987183,1.2562627425896438,1.1874225520848205,0.02779905958727128,0.0,0.0,347.004422399714,False
1782400978.8152823,14.74563455581665,1.2617392470923423,1.1865779290960166,0.02779907040626733,0.0,0.0,346.466916206056,False
1782400978.8869784,14.817330598831177,1.2679884030875623,1.185553120816132,0.02779911491430724,0.0,0.0,345.85262335122684,False
1782400978.9489973,14.87934947013855,1.2757842722243196,1.1841823599154522,0.027799180117326367,0.0,0.0,345.0847570505804,False
1782400979.038967,14.969319105148315,1.283561560934167,1.182711417805331,0.027799210129782842,0.0,0.0,344.31689044195826,False
1782400979.1093228,15.039674997329712,1.288993872627848,1.1816219479208911,0.02779919957617652,0.0,0.0,343.7793836851489,False
1782400979.1909597,15.121311902999878,1.2959631458543044,1.1801486535155536,0.027799159199124974,0.0,0.0,343.0883035257956,False
1782400979.260849,15.191201210021973,1.3036856850391323,1.178415785811206,0.027799112075517458,0.0,0.0,342.32043675101767,False
1782400979.33962,15.269972324371338,1.3106158985123648,1.1767698932139832,0.027799095733730055,0.0,0.0,341.7592776908986,False
1782400979.4119127,15.342264890670776,1.3167599399920866,1.175240190173803,0.027799108239349012,0.0,0.0,341.6690355417232,False
1782400979.4725175,15.402869701385498,1.322124615988117,1.1738552808590785,0.02779913291151114,0.0,0.0,341.8486474974964,False
1782400979.544572,15.474924325942993,1.3297735887145483,1.1718153047183575,0.027799168158253968,0.0,0.0,342.3995227052627,False
1782400979.617883,15.548235177993774,1.3358837124883771,1.1701443166159988,0.027799180261724846,0.0,0.0,342.90275987453253,False
1782400979.7046096,15.6349618434906,1.3427514761416155,1.1682362958153905,0.02779917090954497,0.0,0.0,343.0490422173543,False
1782400979.771895,15.702247142791748,1.3496140178092708,1.1663043680517797,0.02779914612563221,0.0,0.0,342.7965968365734,False
1782400979.842029,15.77238130569458,1.3564705407879745,1.164347478990787,0.02779912279349456,0.0,0.0,342.275672133399,False
1782400979.922973,15.853325128555298,1.3633191604811283,1.1623608584274445,0.0277991147434135,0.0,0.0,341.6388218911313,False
1782400979.9936535,15.92400574684143,1.3693983830196519,1.1605652539137057,0.02779912301913898,0.0,0.0,341.0395267308107,False
1782400980.0920534,16.02240562438965,1.3777413370461205,1.1580428606937176,0.027799146932087404,0.0,0.0,340.2006445152399,False
1782400980.221817,16.152169227600098,1.3875728182414913,1.1549710754340232,0.027799164991540424,0.0,0.0,339.62237118630287,False
1782400980.3010566,16.231408834457397,1.3988793565984083,1.151309371104452,0.027799151532022226,0.0,0.0,340.0524496914787,False
1782400980.4022474,16.332599639892578,1.4071535103043857,1.1485688217010226,0.027799132926098827,0.0,0.0,340.7735857012669,False
1782400980.4853432,16.415695428848267,1.413918548200756,1.146310113430502,0.027799125776828842,0.0,0.0,341.4385585220987,False
1782400980.5631053,16.493457555770874,1.4221873992119445,1.1435485268269667,0.02779913197391101,0.0,0.0,342.27493666911005,False
1782400980.6309886,16.561340808868408,1.4282047945177845,1.1415501240031614,0.027799142573882947,0.0,0.0,342.88769546208164,False
1782400980.7006154,16.630967617034912,1.4334743944102852,1.139814491564397,0.02779915112438632,0.0,0.0,343.414698664324,False
1782400980.7703302,16.700682401657104,1.4395031958770828,1.1378505423235314,0.027799155899012908,0.0,0.0,343.6887428802084,False
1782400980.852727,16.783079147338867,1.4478040636086686,1.1351850856685421,0.027799151456094934,0.0,0.0,343.5121074667787,False
1782400980.9488142,16.8791663646698,1.4553588108692401,1.132788070066057,0.02779914108214325,0.0,0.0,342.96110675722656,False
1782400981.0195956,16.949947834014893,1.461405395663481,1.1308785833375459,0.027799134241239722,0.0,0.0,342.4019046664212,False
1782400981.0920138,17.022366046905518,1.4689630558294287,1.128489163338265,0.027799132611173966,0.0,0.0,341.6549528220283,False
1782400981.1669097,17.097261905670166,1.4750059279266963,1.126567080157307,0.027799136966952975,0.0,0.0,341.3328383018408,False
1782400981.2379706,17.168322801589966,1.481044737138768,1.124632200126101,0.027799143577580846,0.0,0.0,341.36968225669943,False
1782400981.3179054,17.248257637023926,1.4893429615242313,1.121955482005509,0.02779914997420844,0.0,0.0,341.86430709527144,False
1782400981.3801525,17.3105046749115,1.4953768027424226,1.1200046491340332,0.027799149888412762,0.0,0.0,342.3980770697942,False
1782400981.4481266,17.37847876548767,1.5006575194099256,1.1183009392714136,0.02779914680790248,0.0,0.0,342.9098380118467,False
1782400981.521766,17.452118158340454,1.5066958016333223,1.1163637591054993,0.027799141858918686,0.0,0.0,343.5135086959676,False
1782400981.6333458,17.563698053359985,1.5180329690362075,1.1127811998696238,0.027799136865133786,0.0,0.0,344.6607506074941,False
1782400981.7256527,17.656004905700684,1.5248483646862103,1.1106751541734097,0.027799138957000064,0.0,0.0,345.35136903393254,False
1782400981.7989962,17.7293484210968,1.5316757079294094,1.1086099627048098,0.027799143263560797,0.0,0.0,346.03227958463447,False
1782400981.8666294,17.79698157310486,1.5392769756346119,1.1063689684598945,0.027799147218779758,0.0,0.0,346.3181868059066,False
1782400981.9449873,17.87533950805664,1.5453690816899963,1.104615289141074,0.027799147839971373,0.0,0.0,346.16876298915986,False
1782400982.0188143,17.949166536331177,1.5514692699592743,1.1028897902133767,0.027799145948633985,0.0,0.0,345.7688809766746,False
1782400982.080895,18.011247158050537,1.5575752437759498,1.1011838947996664,0.02779914267833893,0.0,0.0,345.23611898651984,False
1782400982.146942,18.07729411125183,1.564448289788256,1.0992768842116025,0.02779913952765542,0.0,0.0,344.5750150100431,False
1782400982.2335484,18.16390061378479,1.5713220472604033,1.0973708626057639,0.027799138736687615,0.0,0.0,343.89261576512087,False
1782400982.3089452,18.23929738998413,1.5774300244143802,1.0956684574740179,0.027799140228825747,0.0,0.0,343.28065654906896,False
1782400982.3737595,18.30411171913147,1.5842965102488689,1.0937351615646664,0.027799143170101143,0.0,0.0,342.5903928421325,False
1782400982.449883,18.380235195159912,1.5919166991372558,1.0915549900988482,0.02779914574562699,0.0,0.0,342.1096155068975,True
1782400982.5191863,18.449538469314575,1.5972442399087439,1.0900064206832507,0.027799146114774582,0.0,0.0,342.1213004133535,False
1782400982.5826106,18.512962818145752,1.6025669911495692,1.088441517896892,0.027799145145090357,0.0,0.0,342.3610338623339,False
1782400982.6495774,18.57992959022522,1.608645942849638,1.0866385087973478,0.02779914297045757,0.0,0.0,342.82363180196296,False
1782400982.7210069,18.65135908126831,1.6162418019679987,1.0843743220486202,0.027799140388867546,0.0,0.0,343.52966871227636,False
1782400982.7928836,18.723235845565796,1.6223190886862513,1.0825643208873055,0.027799139695762136,0.0,0.0,344.12977406516757,False
1782400982.8542364,18.78458857536316,1.6268787762375847,1.081212405487356,0.027799140206577456,0.0,0.0,344.4096887944025,False
1782400982.9247615,18.855113744735718,1.6329614867227904,1.0794203176230297,0.027799141853547284,0.0,0.0,344.45399020694026,False
1782400983.005857,18.936209201812744,1.6413302070188627,1.076972913533339,0.02779914416085982,0.0,0.0,344.03761726861603,False
1782400983.0693355,18.999687671661377,1.6474181730011013,1.0751982063368415,0.02779914470321442,0.0,0.0,343.5271680872898,False
1782400983.144064,19.074416160583496,1.6527445058719665,1.0736429651934194,0.02779914421287202,0.0,0.0,343.02340640170064,False
1782400983.2287116,19.159063816070557,1.6595894232198154,1.0716323722269425,0.027799142821422488,0.0,0.0,342.3472241101947,False
1782400983.3486092,19.278961420059204,1.6717409467850577,1.0680014460488043,0.027799141262818614,0.0,0.0,341.3005618951601,False
1782400983.4404252,19.370777368545532,1.6785631184312553,1.0659171202377211,0.02779914178538132,0.0,0.0,341.26980692912304,False
1782400983.5161884,19.446540594100952,1.6861334372337702,1.0635695165613976,0.027799142878344136,0.0,0.0,341.66626000867035,False
1782400983.6059115,19.536263704299927,1.69445366217541,1.0609636813514263,0.027799143518016312,0.0,0.0,342.3874952002147,False
1782400983.6883287,19.618680953979492,1.7012599868578375,1.0588272681694486,0.027799143299867157,0.0,0.0,343.052491880224,False
1782400983.7499359,19.680288076400757,1.7065553677260883,1.057170302198601,0.02779914285655761,0.0,0.0,343.3537704791196,False
1782400983.8390872,19.769439458847046,1.713367012967882,1.0550502547174436,0.02779914227741706,0.0,0.0,343.33299788287496,False
1782400983.9137845,19.844136714935303,1.7216961806127613,1.0524710195208322,0.027799141890627026,0.0,0.0,342.8365368172509,False
1782400983.9798498,19.910202026367188,1.7269969300768147,1.0508306517756192,0.02779914191019261,0.0,0.0,342.37298201663026,False
1782400984.0550916,19.985443830490112,1.735323371198831,1.0482421709287442,0.027799142348341972,0.0,0.0,341.5653042025522,False
1782400984.14439,20.074742317199707,1.7428852905461252,1.0458652395348749,0.027799142960820387,0.0,0.0,340.80522280110125,False
1782400984.2135265,20.143878698349,1.7474172816585472,1.0444232536588602,0.027799143277296216,0.0,0.0,340.40157153883547,False
1782400984.2792714,20.20962357521057,1.7534526907254404,1.042478717131261,0.027799143493506383,0.0,0.0,340.2246957825047,False
1782400984.359277,20.289629220962524,1.761738657374193,1.039766602879295,0.027799143201006696,0.0,0.0,340.5022672633393,False
1782400984.4432094,20.37356162071228,1.7685102754239428,1.0375237005625404,0.027799142527681436,0.0,0.0,341.0315994926376,False
1782400984.5153897,20.445741891860962,1.774526818708203,1.0355214269350999,0.027799141951545262,0.0,0.0,341.5977690660858,False
1782400984.5809438,20.511296033859253,1.7812958415611166,1.0332695152065559,0.02779914174686486,0.0,0.0,342.2715728564589,False
1782400984.66204,20.592392206192017,1.7888214591082061,1.030780581403543,0.027799142225406605,0.0,0.0,343.034219301767,False
1782400984.734631,20.66498327255249,1.7940942700382796,1.0290533114223772,0.027799142823442143,0.0,0.0,343.57065123455,False
1782400984.8150737,20.745425939559937,1.8008816085260906,1.0268578294013322,0.02779914352357694,0.0,0.0,344.2056641789841,False
1782400984.884037,20.8143892288208,1.8084353520024936,1.02445785880501,0.027799143785115835,0.0,0.0,344.3749313636858,False
1782400984.9725723,20.90292453765869,1.8152440212063505,1.0223311375440962,0.027799143355698195,0.0,0.0,344.10681014897546,False
1782400985.190674,21.121026277542114,1.8311526615470628,1.0174369213160308,0.027799141584032117,0.0,0.0,342.7149989026846,False
1782400985.337548,21.267900228500366,1.8410010921015385,1.0144059181919725,0.02779914196805514,0.0,0.0,342.01594424470096,False
1782400985.4568617,21.387213945388794,1.856138059942198,1.0096948305895783,0.027799143354436912,0.0,0.0,342.6091016916124,False
1782400985.6478052,21.578157424926758,1.8659754200471674,1.006626428513641,0.027799142897199272,0.0,0.0,343.5185134800355,False
1782400985.9479918,21.87834405899048,1.869760893231511,1.0054522675372815,0.02779914257239137,0.0,0.0,343.8933473823311,False
1782400986.2239306,22.154282808303833,1.872032994872799,1.0047504547934916,0.027799142397358152,0.0,0.0,344.12060870408334,False
1782400986.3737204,22.304072618484497,1.873548127958526,1.0042839015814362,0.027799142299547774,0.0,0.0,344.2727284078374,False
1782400986.5228324,22.453184604644775,1.87582149110605,1.0035862894660592,0.02779914219105204,0.0,0.0,344.5015426126445,False
1782400986.6390305,22.569382667541504,1.8780957250024854,1.0028916101846368,0.027799142136688524,0.0,0.0,344.7308849085417,False
1782400986.7295444,22.65989661216736,1.8796124040184436,1.0024302657399873,0.027799142133130846,0.0,0.0,344.8839813088875,False
1782400986.8792667,22.809618949890137,1.8818882628070546,1.001741121805666,0.027799142177422402,0.0,0.0,345.1138342836195,False
1782400987.0298932,22.960245370864868,1.8841651927245389,1.0010556672879747,0.027799142278208386,0.0,0.0,345.34386034306266,False
1782400987.1471782,23.07753038406372,1.8856837740218988,1.0006008768601307,0.02779914237337496,0.0,0.0,345.4972770237752,False
1782400987.2506695,23.181021690368652,1.8872028794692566,1.0001479171556817,0.027799142487520086,0.0,0.0,345.650731652282,False
1782400987.3813894,23.311741590499878,1.8894825587585402,0.9994720677871324,0.027799142686491352,0.0,0.0,345.880965141055,False
1782400987.5217469,23.452099084854126,1.8925241230835814,0.9985779995172156,0.02779914298241499,0.0,0.0,346.18800701598525,False
1782400988.3802805,24.310632705688477,1.893284882634706,0.9983557992772248,0.027799143058346982,0.0,0.0,346.26477528240656,False
1782400988.6350248,24.56537699699402,1.8955680720229016,0.9976924774241916,0.027799143282294745,0.0,0.0,346.4394943015968,False
1782400989.0900643,25.020416498184204,1.8970909646077114,0.9972530330669888,0.02779914342275747,0.0,0.0,346.5480076349004,False
1782400989.2653627,25.195714950561523,1.8986144736743216,0.9968158273023022,0.02779914355109632,0.0,0.0,346.6368900164304,False
1782400989.3896976,25.32004976272583,1.90090089117623,0.996164223210976,0.02779914371189643,0.0,0.0,346.72265124364566,False
1782400989.4872077,25.41755986213684,1.90242592873397,0.995732592280051,0.027799143792308502,0.0,0.0,346.7520045998115,False
1782400989.5840926,25.514444828033447,1.9039515597004593,0.9953031290683956,0.02779914384722892,0.0,0.0,346.7607459342124,False
1782400989.7598362,25.69018840789795,1.906241081266269,0.9946628582603952,0.02779914387556939,0.0,0.0,346.7362322856894,False
1782400989.8482533,25.778605461120605,1.9092956619670998,0.9938160226367396,0.027799143802958587,0.0,0.0,346.6364026702113,False
1782400989.9608047,25.891156911849976,1.91770499396773,0.9915203729051566,0.027799143016563534,0.0,0.0,346.0680183003666,False
1782400990.0987885,26.02914071083069,1.9261232128466845,0.9892554361395002,0.027799142010998947,0.0,0.0,345.2943357095279,False
1782400990.21347,26.143822193145752,1.9467858441455637,0.9836866901312994,0.02779914291656352,0.0,0.0,343.24095584828416,False
1782400990.3036478,26.233999967575073,1.9574795986259932,0.9807250073287201,0.027799143820269476,0.0,0.0,342.1663554869614,False
1782400990.3901603,26.320512533187866,1.965102548855331,0.9785562943570824,0.02779914373696417,0.0,0.0,341.3985449828475,False
1782400990.4679365,26.39828872680664,1.971189385642713,0.9767828856566381,0.027799143368819314,0.0,0.0,340.7842671057158,False
1782400990.5559168,26.486268997192383,1.9749877866252483,0.9756553548842358,0.0277991431303365,0.0,0.0,340.4003389743388,False
1782400990.6516833,26.582035541534424,1.9878639339557982,0.9717001732603119,0.02779914306504176,0.0,0.0,339.09497520211465,False
1782400990.7302377,26.660589933395386,1.9961600337174468,0.9690321726911589,0.027799143705262274,0.0,0.0,338.2503256776198,False
1782400990.849665,26.780017137527466,2.0036748745561384,0.9665269488702579,0.027799144337668464,0.0,0.0,337.4824617603036,False
1782400991.658455,27.588807106018066,2.005923985377502,0.9657600232983641,0.027799144475888125,0.0,0.0,337.2521024831605,False
1782400991.7634535,27.693805694580078,2.007421974266286,0.9652447244125948,0.027799144548336336,0.0,0.0,337.0985296085317,False
1782400991.918439,27.848791122436523,2.0089188106724314,0.9647261868604198,0.027799144603890505,0.0,0.0,336.9449567162201,False
1782400992.034602,27.964954137802124,2.0126557606853006,0.9634155329670457,0.027799144668093138,0.0,0.0,336.56102441247725,False
1782400992.165209,28.095561265945435,2.019363142367341,0.9610040139518458,0.02779914455881462,0.0,0.0,335.8699460275534,False
1782400992.2658236,28.196175813674927,2.0290058546798817,0.957399160953759,0.027799144246046976,0.0,0.0,334.8717212312056,False
1782400992.35328,28.283632278442383,2.0385916412260885,0.9536483455359769,0.02779914423610999,0.0,0.0,334.36543379654415,False
1782400992.8123162,28.742668390274048,2.040795840663501,0.9527628970171576,0.02779914425915658,0.0,0.0,334.3856124434236,False
1782400992.9357684,28.86612057685852,2.0422637962462695,0.952168806120304,0.02779914426481067,0.0,0.0,334.42362964190676,False
1782400993.069828,29.0001802444458,2.0437306064372507,0.9515718343745884,0.027799144256941313,0.0,0.0,334.4700902174717,False
1782400993.205769,29.13612127304077,2.0459287883351673,0.9506712519724992,0.027799144210646307,0.0,0.0,334.49974956549875,False
1782400993.308067,29.2384192943573,2.047392946878116,0.9500675963966342,0.027799144152258294,0.0,0.0,334.494157270185,True
1782400993.4303713,29.3607234954834,2.0554283401479614,0.9467037672058884,0.027799143412159617,0.0,0.0,334.13769626567955,False
1782400993.5177636,29.448115825653076,2.0677871747998577,0.9413612661883585,0.027799142140914012,0.0,0.0,333.00235207774017,False
1782400993.696086,29.62643814086914,2.0750192289130363,0.9381315745887219,0.027799142503265824,0.0,0.0,332.2488708850952,False
1782400993.8232756,29.75362777709961,2.0829379563326835,0.9344986117525385,0.027799143829266314,0.0,0.0,331.40795268721445,False
1782400993.9632354,29.893587589263916,2.095092799553528,0.9287083845100332,0.027799145431673198,0.0,0.0,330.1035098075269,False
1782400994.0755339,30.00588607788086,2.1071363488985986,0.9226933057514168,0.02779914469964427,0.0,0.0,328.79822531744344,False
1782400994.2294567,30.15980887413025,2.1197554289834897,0.9160686398118518,0.027799143751914227,0.0,0.0,327.41607552846494,False
1782400994.3433473,30.273699522018433,2.1225399914888228,0.914559957915978,0.027799143818098705,0.0,0.0,327.1089295374086,False
1782400994.4454029,30.375755071640015,2.1294687385707323,0.9107293702574305,0.027799144386884786,0.0,0.0,326.3410639719025,False
1782400994.5667548,30.49710702896118,2.140454132769689,0.9044240061213722,0.027799145438318244,0.0,0.0,325.1124783169527,False
1782400994.6792629,30.609615087509155,2.149284593866325,0.8991398768822942,0.02779914544670629,0.0,0.0,324.1142521362817,False
1782400994.8057432,30.736095428466797,2.1600303651916666,0.8924374754185874,0.027799144755641002,0.0,0.0,323.0155867435103,False
1782400994.9631157,30.893467903137207,2.169983386419975,0.8859634815085026,0.02779914428290822,0.0,0.0,323.104957002435,False
1782400995.0621316,30.992483854293823,2.1798464872025405,0.8793482017314554,0.02779914332493541,0.0,0.0,323.8663735475547,False
1782400995.1605327,31.090884923934937,2.1870432314944104,0.8744387509189393,0.027799142598398215,0.0,0.0,323.8395928328286,False
1782400995.266856,31.197208166122437,2.1955156896112618,0.8685849331517476,0.027799142418360692,0.0,0.0,323.17743895169485,False
1782400995.3800676,31.31041979789734,2.2039458730897454,0.8626680549853714,0.027799143034013665,0.0,0.0,322.24644574904244,False
1782400995.4702368,31.400588989257812,2.214247456143141,0.8552807843865224,0.027799144032835645,0.0,0.0,321.02996787030025,False
1782400995.563584,31.49393630027771,2.2212729716985224,0.8501243172875681,0.027799144241790297,0.0,0.0,320.1864590465442,False
1782400995.6625729,31.59292507171631,2.2269821246225154,0.8458535055895624,0.02779914407185072,0.0,0.0,319.49560506875946,False
1782400995.8394036,31.769755840301514,2.2364128454121768,0.8386256617749898,0.027799143646102694,0.0,0.0,318.9143492181635,False
1782400995.9912677,31.92161989212036,2.2407791084880055,0.8352080088757566,0.027799143470822504,0.0,0.0,319.06204121308707,False
1782400996.1477993,32.07815146446228,2.2556383340419086,0.8233458323812816,0.02779914250880571,0.0,0.0,320.5808050498566,False
1782400996.2833045,32.21365666389465,2.266127839844275,0.8148930423323258,0.027799142692569626,0.0,0.0,321.8735214364076,False
1782400996.4083686,32.33872079849243,2.2741661973058904,0.8084483219500583,0.027799143239585142,0.0,0.0,322.87064804201157,False
1782400996.5556676,32.48601984977722,2.2872297257011804,0.7981362167186473,0.027799143312212674,0.0,0.0,324.4829530825133,False
1782400996.682879,32.61323118209839,2.2960154240866504,0.7913613514949577,0.027799143075697273,0.0,0.0,325.55794897268987,False
1782400996.8356166,32.765968799591064,2.3061487720442635,0.7837430181905222,0.02779914336689233,0.0,0.0,326.7865272408726,False
1782400997.0199122,32.95026445388794,2.3202644176175395,0.7735209198026924,0.027799144237931797,0.0,0.0,328.47582688705074,False
1782400997.2106364,33.14098858833313,2.3313282661605257,0.7658471202814894,0.02779914434616033,0.0,0.0,329.78119655144576,False
1782400997.38853,33.31888222694397,2.3458580180043875,0.7562350979992101,0.027799144314838382,0.0,0.0,331.47049998937524,False
1782400997.5442715,33.474623680114746,2.363343090451259,0.7453721780285076,0.027799144884936185,0.0,0.0,333.46695105373396,False
1782400997.650814,33.58116626739502,2.3708426886482665,0.7409462910027181,0.02779914499750812,0.0,0.0,334.3116037919249,False
1782400997.78749,33.71784210205078,2.3797824232941633,0.7358487841791947,0.027799144904930413,0.0,0.0,334.7393823797113,False
1782400997.8909721,33.82132434844971,2.38879529455793,0.7308801078549114,0.027799144188037427,0.0,0.0,334.3086312301462,False
1782400998.0273764,33.95772862434387,2.3985597716576676,0.7256303545395256,0.027799142737782594,0.0,0.0,333.3698031385868,False
1782400998.199054,34.129406213760376,2.4125593334164024,0.7182119648077436,0.027799142477018965,0.0,0.0,332.2076012984256,False
1782400998.3051786,34.235530853271484,2.4223679625775274,0.7130291932948181,0.027799143290592562,0.0,0.0,332.5260315979722,False
1782400998.3928208,34.32317304611206,2.4321861886464893,0.707861461179708,0.027799143026779157,0.0,0.0,333.42752780872166,False
1782400998.4842668,34.41461896896362,2.4392123305524063,0.7041943791755032,0.02779914246145395,0.0,0.0,334.1716316495265,False
1782400998.5750804,34.50543260574341,2.4455498757698755,0.7009210156796498,0.027799142269986327,0.0,0.0,334.85705095374004,False
1782400998.665114,34.59546613693237,2.4533185180607857,0.6969653156439418,0.02779914270598777,0.0,0.0,335.69993201479014,False
1782400998.7798202,34.71017241477966,2.4639603638668923,0.6916694331622294,0.027799143783792016,0.0,0.0,336.85130109908897,False
1782400998.9007297,34.83108186721802,2.4732346671757894,0.6871873871357856,0.027799144155539433,0.0,0.0,337.84947286322813,False
1782400999.0011957,34.93154788017273,2.481841817397524,0.6831501072537645,0.027799143905172696,0.0,0.0,338.77090099287364,False
1782400999.1370425,35.067394733428955,2.494115761070261,0.6776107003190328,0.027799143644740437,0.0,0.0,340.07626819745406,False
1782400999.3583148,35.28866696357727,2.5130771026778844,0.6695840421866508,0.027799144661017874,0.0,0.0,342.07271674798795,False
1782400999.505383,35.43573522567749,2.522644564191476,0.6657862845509502,0.027799144912139983,0.0,0.0,343.0709418703964,False
1782400999.6225328,35.55288505554199,2.5352421285222824,0.661047605358504,0.027799144682454348,0.0,0.0,344.3763137522554,False
1782400999.7889903,35.71934247016907,2.550935163404984,0.6555621562051474,0.027799144699565664,0.0,0.0,345.9888326255692,False
1782400999.8898447,35.820196866989136,2.558457246899104,0.6530967481077667,0.02779914494795646,0.0,0.0,346.75669895496236,False
1782400999.9907045,35.92105674743652,2.5675239884458025,0.6502655491398548,0.02779914520210493,0.0,0.0,347.6781386850318,False
1782401000.0983536,36.02870583534241,2.5789164231799613,0.6469232742264422,0.027799145175445072,0.0,0.0,348.3380009729583,False
1782401000.210656,36.141008138656616,2.5896011643788266,0.6439821671865598,0.027799144315261058,0.0,0.0,347.90552727442144,False
1782401000.3096938,36.24004602432251,2.595723837247738,0.6423595884585332,0.027799143379791554,0.0,0.0,347.39636194882814,False
1782401000.392954,36.32330632209778,2.602622151283769,0.6405674687778202,0.0277991424389596,0.0,0.0,346.7445996218055,False
1782401000.513238,36.44359016418457,2.6141333468537944,0.6376211949681941,0.02779914232211989,0.0,0.0,346.1798886940844,False
1782401000.6202123,36.5505645275116,2.624117787016864,0.6350888895765978,0.027799143124317555,0.0,0.0,346.61831030952925,False
1782401000.7488446,36.67919683456421,2.636419091808179,0.6320154410503169,0.02779914317814877,0.0,0.0,347.7075240050379,False
1782401000.8549206,36.78527283668518,2.644888428179747,0.6299501446994418,0.027799142801274383,0.0,0.0,348.53803948665,False
1782401001.0019965,36.93234872817993,2.658775978549079,0.6266929720516384,0.02779914296337768,0.0,0.0,349.9166116411561,False
1782401001.148096,37.07844829559326,2.6719304386877156,0.623793245129056,0.02779914382749531,0.0,0.0,351.2216928196967,False
1782401001.2569926,37.187344789505005,2.681240489964319,0.6218673376109938,0.027799144124059195,0.0,0.0,352.14310491598934,False
1782401001.3749983,37.30535054206848,2.692907503929136,0.6196158826877137,0.02779914400336659,0.0,0.0,353.294895864436,False
1782401001.4954622,37.425814390182495,2.7046070464845138,0.6175504840109002,0.02779914395724288,0.0,0.0,354.44669198603606,False
1782401001.5885637,37.51891589164734,2.7132067498684718,0.6161605939638839,0.027799144212933818,0.0,0.0,355.2913433715469,False
1782401001.6870792,37.61743140220642,2.7218226034700463,0.6148803016913978,0.027799144582878722,0.0,0.0,356.0803975239107,False
1782401001.759618,37.68997025489807,2.7296682872854325,0.6138118238981886,0.027799144761161756,0.0,0.0,356.24988804416324,False
1782401001.8697155,37.80006766319275,2.7398835936861237,0.6125409802307592,0.027799144124069527,0.0,0.0,355.7686028111831,False
1782401001.9784312,37.90878343582153,2.7485380023335866,0.6115410017003612,0.02779914288825061,0.0,0.0,355.032900052789,False
1782401002.0652752,37.99562740325928,2.756411231865883,0.6106664341532523,0.02779914208336268,0.0,0.0,354.2890460847636,False
1782401002.1806812,38.11103343963623,2.7690135149432957,0.6092872518852059,0.02779914255652104,0.0,0.0,353.63917656898036,False
1782401002.2708938,38.2012460231781,2.776891100375828,0.6084240074589742,0.0277991432286176,0.0,0.0,353.91666243935305,False
1782401002.3774097,38.307761907577515,2.7879218304853914,0.6072253951629993,0.027799143112722816,0.0,0.0,354.79517961451137,False
1782401002.4870083,38.41736054420471,2.7973804810542813,0.6062288303474906,0.0277991424137053,0.0,0.0,355.6871178552589,False
1782401002.6548452,38.58519744873047,2.810789061542393,0.6049068624851872,0.027799142486894152,0.0,0.0,356.9862358509142,False
1782401002.7500389,38.68039107322693,2.8210509893505122,0.6039940842012765,0.02779914343022969,0.0,0.0,357.9839198613335,False
1782401002.8458006,38.77615284919739,2.8305302648183326,0.6032440001664212,0.02779914407008727,0.0,0.0,358.905270037777,False
1782401002.930509,38.86086130142212,2.8384344462059303,0.6026951740732458,0.027799144094094407,0.0,0.0,359.6731182493324,False
1782401003.0300539,38.96040606498718,2.8479247135342796,0.6021362017796306,0.027799143760524943,0.0,0.0,0.594550452551396,True
1782401003.1237688,39.054121017456055,2.857419874642896,0.601693275059773,0.027799143612892926,0.0,0.0,1.5159865468419396,False
1782401003.2455175,39.17586970329285,2.8669187775334506,0.601372883136868,0.027799143954874535,0.0,0.0,2.437423860347842,False
1782401003.3732862,39.30363845825195,2.8795873649084607,0.6011454019093049,0.027799144691715273,0.0,0.0,3.666007901285727,False
1782401003.4622803,39.392632484436035,2.8875056542083017,0.6011232169564769,0.027799144899124256,0.0,0.0,4.433873321321873,False
1782401003.6017094,39.53206157684326,2.900172557372614,0.6012854875893207,0.027799144724445765,0.0,0.0,5.662458477057914,False
1782401003.7116277,39.641979932785034,2.9112505488697233,0.6016315233625709,0.02779914457392889,0.0,0.0,6.737470877834017,False
1782401003.8267798,39.757132053375244,2.92311016635583,0.6022176248147982,0.027799144811857194,0.0,0.0,7.889270195050525,False
1782401003.9122293,39.84258151054382,2.931798477713605,0.6027908270452108,0.027799145094274173,0.0,0.0,8.733923196545538,False
1782401004.0180225,39.94837474822998,2.9404774635456414,0.6034864636465864,0.027799145244287834,0.0,0.0,9.57857631572133,False
1782401004.120859,40.05121111869812,2.94914536597463,0.604305293811161,0.02779914519988019,0.0,0.0,10.423229533350911,False
1782401004.239687,40.17003917694092,2.9633006249439617,0.6059123973939938,0.027799145017585174,0.0,0.0,11.805389514649919,False
1782401004.3646426,40.294994831085205,2.972714407128774,0.6071687972158836,0.0277991450600194,0.0,0.0,12.726829596672188,False
1782401004.4521937,40.382545948028564,2.9805431228807415,0.6083291234464998,0.02779914519030187,0.0,0.0,13.494696378803065,False
1782401004.5305605,40.46091270446777,2.989136048977107,0.6097245933116631,0.027799145321357858,0.0,0.0,14.339349881253405,False
1782401004.6312912,40.56164336204529,2.9984857521955535,0.6113892727606405,0.027799145347536913,0.0,0.0,15.260790108349525,False
1782401004.7236671,40.654019355773926,3.006256046166389,0.6128899269310207,0.02779914528465587,0.0,0.0,16.02865699276358,False
1782401004.8160138,40.746366024017334,3.0147794254741784,0.6146596220808482,0.027799145208758615,0.0,0.0,16.87331059069931,False
1782401004.9111307,40.84148287773132,3.0240469443828815,0.616732135521815,0.027799145204104026,0.0,0.0,17.794750904789403,False
1782401005.0067155,40.93706774711609,3.031743720059767,0.6185721437537105,0.027799145265529054,0.0,0.0,18.562617850698643,False
1782401005.1053379,41.03569006919861,3.040946395843254,0.620915310701314,0.027799145348832245,0.0,0.0,19.484058204041208,False
1782401005.198707,41.12905931472778,3.0493482036086537,0.6231923708177771,0.027799145371319885,0.0,0.0,20.328711876474028,False
1782401005.301652,41.232004165649414,3.0584745336695245,0.6258168524077182,0.027799145330547156,0.0,0.0,21.250152260527774,False
1782401005.4236112,41.35396337509155,3.069821301558931,0.6293026383702175,0.02779914527317801,0.0,0.0,22.401952758038608,False
1782401005.5470219,41.47737407684326,3.0780966201642563,0.6320031089831969,0.02779914528081653,0.0,0.0,23.246606466842014,False
1782401005.6449125,41.57526469230652,3.0855844150480025,0.6345634809031268,0.027799145318722927,0.0,0.0,24.014473481849695,False
1782401005.7666304,41.696982622146606,3.098973501834692,0.6394236946933743,0.0277991453668673,0.0,0.0,25.396634124044706,False
1782401005.8548126,41.78516483306885,3.107096650290403,0.6425520843801982,0.027799145351278868,0.0,0.0,26.24128785841219,False
1782401005.9386082,41.8689603805542,3.114465412348477,0.6455120517923888,0.027799129453843895,0.0,0.0,27.006398424332158,False
1782401006.0390723,41.96942448616028,3.1233523085717563,0.6492446515562018,0.027799052618733805,0.0,0.0,27.916124536900313,False
1782401006.1249838,42.055335998535156,3.1301125684862963,0.6522097543231189,0.027798927868655902,0.0,0.0,28.588351788817835,False
1782401006.2220235,42.1523756980896,3.1377733123973224,0.6557050770999081,0.02779872176061087,0.0,0.0,29.322956008000638,False
1782401006.3245988,42.25495100021362,3.1480426611457766,0.6606181908171492,0.02779837637248669,0.0,0.0,30.25556479026557,False
1782401006.4478452,42.37819743156433,3.159600299039143,0.6664571498417218,0.02779792285880714,0.0,0.0,31.225118999577116,False
1782401006.5335052,42.46385741233826,3.16913157949403,0.6715133726043331,0.027797457341944866,0.0,0.0,31.95445408335959,False
1782401006.6458838,42.57623600959778,3.1799913281876755,0.677523485217812,0.02779683845788876,0.0,0.0,32.71928277864565,False
1782401006.7428992,42.67325139045715,3.192314518802712,0.6846451274386534,0.02779604664846733,0.0,0.0,33.50643559442677,False
1782401006.8495028,42.77985501289368,3.201209574400271,0.6899734089434011,0.027795397294711838,0.0,0.0,34.020918400310556,False
1782401006.9788506,42.90920281410217,3.220794931169491,0.7022019990873405,0.027794013035369644,0.0,0.0,35.04281423494915,False
1782401007.0767245,43.00707674026489,3.2333835023977207,0.7103794227084544,0.02779375251648736,0.0,0.0,35.67516136530752,False
1782401007.2149875,43.14533972740173,3.247362002099341,0.7197452210975326,0.027793420042367664,0.0,0.0,36.31361274395445,False
1782401007.3095632,43.23991537094116,3.259592177194929,0.7281776023467841,0.027792434536758316,0.0,0.0,36.7980533787397,False
1782401007.4175575,43.347909688949585,3.2770543368289986,0.7405736817106701,0.027789574015479573,0.0,0.0,37.33863854656441,False
1782401007.5088975,43.439249753952026,3.2891289126872683,0.7493566215771115,0.027787294614077886,0.0,0.0,37.58466940768377,False
1782401007.5949645,43.52531671524048,3.3033746818771554,0.7598827997124681,0.02778686958529781,0.0,0.0,37.71001315001345,False
1782401007.6967478,43.62709999084473,3.315676174524654,0.769073505616277,0.027790414317827274,0.0,0.0,37.565309086462236,False
1782401007.8150043,43.74535655975342,3.32636248477063,0.7771081784059547,0.027795262722214224,0.0,0.0,37.2299825058596,False
1782401007.9197242,43.85007643699646,3.3437600224807915,0.7902088263761133,0.027799740846201224,0.0,0.0,36.39723849606689,False
1782401008.0019724,43.93232464790344,3.353267642222644,0.7973421902386253,0.027798826846248296,0.0,0.0,36.08200457181084,False
1782401008.0869024,44.01725459098816,3.360111793280106,0.8024632380156203,0.02779787342968514,0.0,0.0,36.20841610441871,False
1782401008.210324,44.14067625999451,3.3699998864108167,0.8098444563424468,0.02779716725777261,0.0,0.0,36.77786395399269,False
1782401008.3140342,44.244386434555054,3.3832068408385814,0.819716239943308,0.027794810868802457,0.0,0.0,37.22862733170643,False
1782401008.4476733,44.3780255317688,3.39900874800647,0.8316020639345698,0.0277886498790073,0.0,0.0,37.499884102605975,False
1782401008.5446203,44.47497248649597,3.4170765445655484,0.8452859286528553,0.027784536761450013,0.0,0.0,37.482492212812126,False
1782401008.6369572,44.56730937957764,3.428893960052671,0.8542668293668437,0.027789223831615386,0.0,0.0,37.180242384285066,False
1782401008.725677,44.65602922439575,3.43829382184131,0.8614076426368936,0.0277957423772843,0.0,0.0,36.80310473416867,False
1782401008.8120635,44.7424156665802,3.448522347016516,0.8691519979052196,0.02780124908125104,0.0,0.0,36.3052906518278,False
1782401008.9095137,44.839865922927856,3.462587351047938,0.8797128622475768,0.027800371713702938,0.0,0.0,35.54504271191034,False
1782401008.9953594,44.9257116317749,3.4713432982535783,0.8862195647498495,0.027796283839571632,0.0,0.0,35.14565789798921,False
1782401009.0747554,45.00510764122009,3.4792416209628607,0.8920576460846131,0.02779389943667125,0.0,0.0,35.17075315896107,False
1782401009.1749976,45.10534977912903,3.486543097340172,0.8974280940837931,0.027794640847793022,0.0,0.0,35.54616696978693,False
1782401009.2948108,45.225162982940674,3.5042738771475745,0.910365561005826,0.027798376900852087,0.0,0.0,36.000357886115516,False
1782401009.3903668,45.32071900367737,3.5156920979247377,0.91867803221987,0.02779544027862838,0.0,0.0,35.959167752671895,False
1782401009.4818604,45.41221261024475,3.526265169146754,0.9263668786852075,0.027790039770269705,0.0,0.0,35.74021767484219,False
1782401009.565512,45.495864152908325,3.5377567200443902,0.9347003451064506,0.02778685069917315,0.0,0.0,35.3192120883906,False
1782401009.652439,45.582791328430176,3.54704249246316,0.9414004463971226,0.02778890221595891,0.0,0.0,34.8882486622605,False
1782401009.7282088,45.65856099128723,3.556252009362866,0.948000066597151,0.027793959539699934,0.0,0.0,34.41724516958429,False
1782401009.8142333,45.7445855140686,3.5664267258045244,0.955222153794783,0.027799208216291296,0.0,0.0,33.871147942699324,False
1782401009.901262,45.83161425590515,3.578454756407409,0.9636502292991607,0.02780059938791826,0.0,0.0,33.18153679373555,False
1782401009.9837816,45.91413378715515,3.5870612701948397,0.9696068139931948,0.027798604122947188,0.0,0.0,32.702178298005876,False
1782401010.0816796,46.01203179359436,3.5967371227674434,0.9762397627203357,0.02779621430255173,0.0,0.0,32.65411738229466,False
1782401010.1580956,46.08844780921936,3.6064451887496736,0.9827714854939712,0.02779455526374274,0.0,0.0,32.63411644156877,False
1782401010.2470675,46.177419662475586,3.617112355095599,0.989847452717969,0.027793382505556546,0.0,0.0,32.491197962989865,False
1782401010.3257189,46.25607109069824,3.6271917748635762,0.9964638604898168,0.027791729483465442,0.0,0.0,32.27658075304023,False
1782401010.4104207,46.34077286720276,3.6386466693976636,1.003911267952119,0.027789265738472898,0.0,0.0,31.964059830386486,False
1782401010.5082657,46.43861794471741,3.6525564231996785,1.0128513077042895,0.027787915176509102,0.0,0.0,31.520511457817573,False
1782401010.603917,46.53426909446716,3.66522769239571,1.0208938162062182,0.027790219104464255,0.0,0.0,31.051805251532095,False
1782401010.6925948,46.622946977615356,3.6785328445053516,1.0292314849816369,0.02779544299110694,0.0,0.0,30.44313041254242,False
1782401010.7754424,46.7057945728302,3.689303824710929,1.0358855228027577,0.02779856785335235,0.0,0.0,29.892066922581154,False
1782401010.862202,46.79255414009094,3.6988658424646736,1.041708454253518,0.027798817882458134,0.0,0.0,29.38293416378757,False
1782401010.952838,46.8831901550293,3.7093766235807513,1.048009216579019,0.02779679655644151,0.0,0.0,28.815946657732336,True
1782401011.024618,46.95497012138367,3.719044162231646,1.0537370873724412,0.027795477729050413,0.0,0.0,28.647950049223876,False
1782401011.1057155,47.036067724227905,3.726964089278282,1.0583901921193462,0.027796318488778952,0.0,0.0,28.916850214324853,False
1782401011.2066715,47.13702368736267,3.737096114324808,1.0642728929213638,0.027798361723458214,0.0,0.0,29.433805919212322,False
1782401011.292748,47.22310018539429,3.750699580422467,1.072088787679171,0.02779669115861182,0.0,0.0,29.812206848906435,False
1782401011.3724418,47.302793979644775,3.761569892150351,1.0783265380239893,0.027792070263659083,0.0,0.0,30.066030961225596,False
1782401011.4389522,47.36930441856384,3.7691026984684064,1.0826518913403493,0.027790530118557553,0.0,0.0,30.432078469423065,False
1782401011.5352464,47.465598583221436,3.7814059218870018,1.0897367035802226,0.027794205935453994,0.0,0.0,31.330657921816208,False
1782401011.614345,47.544697284698486,3.7891077280418974,1.094202140670834,0.027799298519419747,0.0,0.0,32.006842737925254,False
1782401011.7048604,47.635212659835815,3.7963731317277594,1.098451689764328,0.027803200691109232,0.0,0.0,32.69359497930847,False
1782401011.791009,47.72136116027832,3.8048300474595145,1.1034615401842163,0.027803682411846924,0.0,0.0,33.53689398463556,False
1782401011.8740306,47.80438280105591,3.812223707756347,1.1079132572670622,0.02780053848648364,0.0,0.0,34.304489624930774,False
1782401011.9490523,47.87940454483032,3.8179861090534883,1.1114386169142099,0.027797477434025268,0.0,0.0,34.91872409502852,False
1782401012.045305,47.97565722465515,3.827127738447007,1.1171482005332583,0.0277953885591651,0.0,0.0,35.91691551330947,False
1782401012.12261,48.05296230316162,3.833327521165989,1.1211121144774963,0.027796822242758753,0.0,0.0,36.60797910697054,False
1782401012.2691505,48.19950270652771,3.8441422797640175,1.1282262312857112,0.027801163258493387,0.0,0.0,37.83655207112076,False
1782401012.3544261,48.284778356552124,3.85210644980056,1.1336429610973713,0.027801780299378746,0.0,0.0,38.75799772024172,False
1782401012.4467213,48.377073526382446,3.858006491973845,1.1377608554798855,0.027800315940835346,0.0,0.0,39.44908504091217,False
1782401012.5199647,48.45031690597534,3.8638478801803537,1.1419308572165072,0.027798341215176697,0.0,0.0,40.14016913220373,False
1782401012.6026828,48.53303503990173,3.8709109135584403,1.1471027033058696,0.0277970242813962,0.0,0.0,40.98481977406681,False
1782401012.684358,48.614710092544556,3.8766287836356383,1.1513983690922447,0.027797480777022765,0.0,0.0,41.67589334186024,False
1782401012.7688584,48.69921064376831,3.8822925077112047,1.1557534909058127,0.02779887406593085,0.0,0.0,42.366967400246956,False
1782401012.847936,48.77828812599182,3.8891416106113144,1.1611587563726107,0.02780044805303504,0.0,0.0,43.20158382143793,False
1782401012.9451032,48.875455379486084,3.8952988318446327,1.16615137540747,0.027800693546771345,0.0,0.0,43.48754987620164,False
1782401013.074609,49.004961252212524,3.905031294104374,1.1742764630493303,0.027799002118069068,0.0,0.0,42.93831146587075,False
1782401013.159627,49.08997917175293,3.909857034300999,1.1783863119811049,0.027798176072216615,0.0,0.0,42.40556398039748,False
1782401013.2486503,49.17900252342224,3.917066351127207,1.1845862953958168,0.027798033888786797,0.0,0.0,41.51825745425621,False
1782401013.3296084,49.259960651397705,3.924261194910818,1.190804747514503,0.02779902386815607,0.0,0.0,40.60332927499287,False
1782401013.4316938,49.362046003341675,3.931461442729081,1.1970182623389007,0.027799958828217883,0.0,0.0,39.68311769720951,False
1782401013.5514495,49.48180174827576,3.9380803904723907,1.2026927245935914,0.027799958369575738,0.0,0.0,38.838690426357715,False
1782401013.6397586,49.57011079788208,3.9465468674949564,1.2098647100318571,0.02779903571992683,0.0,0.0,37.763735325581706,False
1782401013.7300892,49.660441398620605,3.9526320069727414,1.2149419827024714,0.027798503444404665,0.0,0.0,36.99588113506641,False
1782401013.8142946,49.74464678764343,3.9581400217614156,1.2194728068913028,0.027798488676966823,0.0,0.0,36.533713057876696,False
1782401013.912006,49.842358112335205,3.9649128228918338,1.2249597048516654,0.027798981595000452,0.0,0.0,36.60430255120501,False
1782401013.9989352,49.92928743362427,3.9717221133023393,1.2304013953610922,0.02779953315950123,0.0,0.0,37.16366558086168,False
1782401014.1089764,50.03932857513428,3.9791754213204866,1.2363075582723078,0.027799644631576758,0.0,0.0,38.00863239881714,False
1782401014.2001455,50.1304976940155,3.9860144284642756,1.2417141798122833,0.027799278648108536,0.0,0.0,38.70867891895664,False
1782401014.3058817,50.236233949661255,3.9934697782539152,1.2476200865665257,0.027798828961444304,0.0,0.0,38.71627871167631,False
1782401014.4103582,50.340710401535034,3.9996787492424177,1.2525470360859667,0.027798747539623445,0.0,0.0,38.24765181593772,False
1782401014.5066724,50.43702459335327,4.008378262032887,1.2594364894783139,0.027799094260862137,0.0,0.0,37.276355219335514,False
1782401014.5918615,50.52221369743347,4.014607773531334,1.2643377852142323,0.027799374270275113,0.0,0.0,36.52211216005816,False
1782401014.714239,50.644591093063354,4.024621668611503,1.2721191182771099,0.027799369413047347,0.0,0.0,35.297553109551245,False
1782401014.793633,50.72398519515991,4.030287365777279,1.2764525160203557,0.027799163036055213,0.0,0.0,34.78335289134459,False
1782401014.883757,50.814109325408936,4.036613060674953,1.2812264825610356,0.027798957969665188,0.0,0.0,34.77326878438226,False
1782401014.9612014,50.8915536403656,4.0436025950724295,1.2864359766841855,0.027798924274189108,0.0,0.0,35.26448692506735,False
1782401015.057145,50.987497329711914,4.049975072438096,1.291147734518835,0.027799065084715687,0.0,0.0,35.94075044682128,False
1782401015.1708093,51.10116147994995,4.057630947574854,1.2967908290531063,0.027799267838578657,0.0,0.0,36.25794326829583,False
1782401015.250748,51.18110013008118,4.0652906093451175,1.302429689487843,0.02779930993339576,0.0,0.0,35.85994076880721,False
1782401015.340014,51.270366191864014,4.071680791803988,1.307119432821292,0.027799205738498634,0.0,0.0,35.2188494167123,False
1782401015.4129653,51.34331750869751,4.076802131727424,1.3108586967473967,0.02779909495826962,0.0,0.0,34.63489532083744,False
1782401015.4868157,51.4171679019928,4.083220806865199,1.31550911564837,0.02779901240347342,0.0,0.0,33.87834384146568,False
1782401015.5686805,51.499032735824585,4.0896639142158735,1.3201249499067864,0.027799037007593442,0.0,0.0,33.11329249519814,False
1782401015.6403537,51.57070589065552,4.094191394859525,1.3233311656909008,0.027799102587427637,0.0,0.0,32.57636531334333,False
1782401015.722782,51.65313410758972,4.100686820831085,1.3278712720827877,0.02779920335840951,0.0,0.0,32.22727614217944,False
1782401015.790373,51.720725297927856,4.106559558381396,1.331918066654652,0.027799244980342114,0.0,0.0,32.373571930107694,False
1782401015.8676236,51.79797577857971,4.112452797834332,1.3359350470046687,0.02779921954073372,0.0,0.0,32.83506067653523,False
1782401015.9367652,51.867117404937744,4.117046190199775,1.3390454141683674,0.027799167820637755,0.0,0.0,33.306353522193106,False
1782401016.0159185,51.94627070426941,4.123615518334096,1.343478779268286,0.027799092549828628,0.0,0.0,34.04268487855927,False
1782401016.0887935,52.01914572715759,4.130184729942168,1.3479131761593428,0.027799064944843403,0.0,0.0,34.80260735878858,False
1782401016.1649263,52.09527850151062,4.1347783383758845,1.3510247131030226,0.027799083054390474,0.0,0.0,35.30959511069708,False
1782401016.2254348,52.155786991119385,4.1393651607559185,1.3541463245116876,0.02779912184819943,0.0,0.0,35.52514820155193,False
1782401016.2989984,52.229350566864014,4.145251758908733,1.3581756312063729,0.027799174833972515,0.0,0.0,35.42133880635557,False
1782401016.3652258,52.29557800292969,4.15112904848566,1.3622186895483446,0.027799201232779586,0.0,0.0,34.98626844604121,False
1782401016.4334493,52.3638014793396,4.155697263192396,1.365367861899366,0.027799194508732934,0.0,0.0,34.52395131810474,False
1782401016.4907827,52.42113494873047,4.159613189494379,1.3680668295300262,0.027799173237859465,0.0,0.0,34.09030384113669,False
1782401016.5666344,52.496986627578735,4.165491718848265,1.3721086592487641,0.02779913144109723,0.0,0.0,33.414285114214515,False
1782401016.625453,52.55580520629883,4.171380734542431,1.376135109774372,0.02779910206881711,0.0,0.0,32.727525012976876,False
1782401016.689865,52.62021732330322,4.175971478561747,1.3792512863837285,0.027799098792393413,0.0,0.0,32.191093350347565,False
1782401016.8050306,52.73538279533386,4.183868603959699,1.3845519540380298,0.02779912912962979,0.0,0.0,31.270184846471054,False
1782401016.8786666,52.80901885032654,4.190480966663579,1.3889207623032238,0.027799163077491584,0.0,0.0,30.50241429892335,False
1782401016.944642,52.8749942779541,4.1957942962036485,1.3923790844364674,0.027799176935930498,0.0,0.0,29.88814483572292,False
1782401017.0037525,52.934104681015015,4.199794071635112,1.3949493439332015,0.027799175477447327,0.0,0.0,29.427432926450823,False
1782401017.0805569,53.01090908050537,4.205147908012922,1.3983428578904864,0.027799160294932304,0.0,0.0,28.943066625868934,False
1782401017.1475132,53.07786536216736,4.211873539221887,1.4025305545653854,0.027799133819569145,0.0,0.0,28.85117568571077,False
1782401017.218967,53.14931917190552,4.217278138094977,1.405841462975683,0.027799119708025635,0.0,0.0,28.65318861123196,False
1782401017.2997456,53.23009777069092,4.222702554264245,1.4091198418200117,0.027799118575683845,0.0,0.0,28.223582707248532,False
1782401017.3930135,53.323365688323975,4.230877256547728,1.4139736231852387,0.02779913728041354,0.0,0.0,27.385745567023662,False
1782401017.4593444,53.38969659805298,4.236354001640498,1.4171632564407393,0.027799152840877958,0.0,0.0,26.785021665523733,False
1782401017.533296,53.463648319244385,4.241853554595984,1.4203128260545788,0.027799161933319664,0.0,0.0,26.175197558092098,False
1782401017.6105883,53.54094052314758,4.247376721508974,1.4234201085250209,0.027799161051590592,0.0,0.0,25.79140790884209,False
1782401017.683434,53.61378622055054,4.255008081347344,1.427625582509856,0.02779914730229783,0.0,0.0,25.863418657498663,True
1782401017.7508147,53.681166887283325,4.26127862193621,1.431018224466309,0.027799134467529466,0.0,0.0,26.298708643871972,False
1782401017.8145413,53.7448935508728,4.266167922655485,1.4336352903222784,0.027799128998559394,0.0,0.0,26.761099375736595,False
1782401017.8779852,53.808337450027466,4.271064369554518,1.4362400861971554,0.027799129376719665,0.0,0.0,27.268833513535437,False
1782401017.9465935,53.87694573402405,4.27736525614667,1.4395804646575288,0.027799137003484336,0.0,0.0,27.946806032378845,False
1782401018.026909,53.95726132392883,4.28366655180954,1.442921584594729,0.02779914719668835,0.0,0.0,28.634128951354374,False
1782401018.0926836,54.023035764694214,4.289263513554392,1.4459002113272932,0.027799153125396096,0.0,0.0,29.247412268356992,False
1782401018.1762683,54.10662055015564,4.29485286227192,1.4488934902983102,0.027799153430062166,0.0,0.0,29.861371328293014,False
1782401018.2437987,54.1741509437561,4.301824074210316,1.4526638207610754,0.0277991469784696,0.0,0.0,30.629110845076664,False
1782401018.3097763,54.24012851715088,4.3080792819370455,1.4560913222552367,0.027799139369922073,0.0,0.0,31.320156820814645,False
1782401018.3886487,54.31900095939636,4.3136214815630325,1.4591699144083614,0.027799135294130008,0.0,0.0,31.934437989573013,False
1782401018.4522302,54.38258242607117,4.318455191334313,1.461891117810205,0.027799135314052637,0.0,0.0,32.47193875210001,False
1782401018.510003,54.44035530090332,4.323959650601623,1.4650350649947999,0.027799139006312684,0.0,0.0,33.08622749637975,False
1782401018.5798504,54.51020264625549,4.329441232503656,1.4682177301834067,0.027799144450986284,0.0,0.0,33.70051734110612,False
1782401018.6547008,54.58505296707153,4.334898230324686,1.4714413275292608,0.02779914886259403,0.0,0.0,34.314807827044724,False
1782401018.715419,54.64577126502991,4.340329071423274,1.4747077569415046,0.02779915029198225,0.0,0.0,34.92909876944932,False
1782401018.7858326,54.716184854507446,4.346405767064266,1.4784355955090394,0.027799148062732384,0.0,0.0,35.44366061769935,False
1782401018.866976,54.79732823371887,4.352447694194993,1.4822187080783673,0.027799143641355897,0.0,0.0,35.47537358235166,False
1782401018.9318752,54.86222743988037,4.357125678117013,1.485194965912134,0.027799140451681758,0.0,0.0,35.23574378610878,False
1782401018.999821,54.93017315864563,4.362453887145697,1.4886253949688821,0.027799138521016904,0.0,0.0,34.773213849287465,False
1782401019.0652177,54.995569944381714,4.369095547726871,1.4929439904347468,0.027799139425759962,0.0,0.0,34.067210456177264,False
1782401019.1327271,55.06307935714722,4.37440090115613,1.4964126834035878,0.027799142028661582,0.0,0.0,33.46711485609184,False
1782401019.2018118,55.132164001464844,4.379041705711525,1.4994509289819928,0.027799144487254752,0.0,0.0,32.93394967293423,False
1782401019.2766993,55.207051515579224,4.38434803855841,1.5029202186082526,0.027799146259704133,0.0,0.0,32.32142436255882,False
1782401019.3596091,55.28996133804321,4.3923210447039756,1.5081045295459732,0.02779914560452642,0.0,0.0,31.400689795247047,False
1782401019.424555,55.354907274246216,4.396983453521451,1.5111111781978257,0.027799143857717427,0.0,0.0,30.86328822448547,False
1782401019.490364,55.420716285705566,4.401656755172336,1.514100758011429,0.027799141993697346,0.0,0.0,30.32582400337538,False
1782401019.5589309,55.489283084869385,4.407013145871311,1.5174927431628862,0.027799140655943553,0.0,0.0,29.711551006011035,False
1782401019.6197739,55.55012607574463,4.41306136485785,1.5212725850227276,0.02779914082435099,0.0,0.0,29.02048139136142,False
1782401019.6923413,55.62269353866577,4.418459365420499,1.524596470341309,0.027799142256130643,0.0,0.0,28.406193429390502,False
1782401019.7824104,55.71276259422302,4.4245585956634645,1.5282913909038682,0.027799144316468037,0.0,0.0,27.71511777528408,False
1782401019.8520331,55.78238534927368,4.430687547401978,1.5319355269773796,0.02779914567913167,0.0,0.0,27.024041199707867,False
1782401019.921744,55.85209631919861,4.437534049269087,1.5359208615280584,0.027799145632424055,0.0,0.0,26.256177643015658,False
1782401019.9971375,55.92748975753784,4.443039919919112,1.5390581702751351,0.027799144653958344,0.0,0.0,25.641886394727507,False
1782401020.0748053,56.005157470703125,4.448571897641338,1.5421481448881011,0.027799143501606435,0.0,0.0,25.027594851325507,False
1782401020.1465857,56.07693791389465,4.454827091875701,1.5455656994398235,0.027799142779147103,0.0,0.0,24.336516563621394,False
1782401020.213346,56.14369821548462,4.461116245868366,1.5489190734918568,0.027799143063960842,0.0,0.0,23.645438000208983,False
1782401020.2910383,56.22139048576355,4.466735288068253,1.5518444131357767,0.027799143982093443,0.0,0.0,23.031145741520948,False
1782401020.3652537,56.29560589790344,4.4723813711530775,1.5547163057112654,0.027799145040416463,0.0,0.0,22.41685331478945,False
1782401020.4290102,56.35936236381531,4.476633652834802,1.5568344812381611,0.02779914562564257,0.0,0.0,21.956133896247444,False
1782401020.5051103,56.435462474823,4.485183548103146,1.5609770750166054,0.02779914577830065,0.0,0.0,21.03469483950283,False
1782401020.5769687,56.50732088088989,4.491635299018105,1.564000463135376,0.027799145144621052,0.0,0.0,20.343615383004305,False
1782401020.650195,56.58054709434509,4.49739814507707,1.5666267256834374,0.02779914447402053,0.0,0.0,19.729322434046747,False
1782401020.7090065,56.63935875892639,4.502461950633486,1.5688768404379057,0.027799144106863936,0.0,0.0,19.191816037557395,False
1782401020.7759988,56.70635104179382,4.509001368368444,1.5717034205638487,0.027799144148630207,0.0,0.0,18.500736305181476,False
1782401020.8409812,56.77133345603943,4.514109643117022,1.5738496693294168,0.027799144537729616,0.0,0.0,17.963229791230425,False
1782401020.8988237,56.82917594909668,4.518503278591347,1.575652621345895,0.027799144989222174,0.0,0.0,17.502509887286315,False
1782401020.9667115,56.89706373214722,4.524382796524445,1.578003447623333,0.02779914552946314,0.0,0.0,16.888216636775223,False
1782401021.0297697,56.960121870040894,4.531025825416607,1.5805749793248427,0.027799145790624757,0.0,0.0,16.19713667519052,False
1782401021.101183,57.031535148620605,4.536955551900454,1.5827952277428425,0.027799145645515982,0.0,0.0,15.582843334089299,False
1782401021.1727827,57.103134870529175,4.541417825350587,1.5844196391169818,0.027799145374615843,0.0,0.0,15.151002380341941,False
1782401021.2415247,57.17187690734863,4.548134425775428,1.5867914617750636,0.027799144890100026,0.0,0.0,14.922980729897928,False
1782401021.3152196,57.24557185173035,4.5556267181142935,1.5893438183037172,0.02779914426732589,0.0,0.0,15.153485649961302,False
1782401021.386896,57.31724810600281,4.562391351294987,1.5915805904404088,0.027799143522699094,0.0,0.0,15.661929181500579,False
1782401021.4548976,57.385249853134155,4.567663441972115,1.593291161876671,0.027799142939337475,0.0,0.0,16.1484252866828,False
1782401021.5169034,57.44725561141968,4.572942251094867,1.5949842698415693,0.027799142555114762,0.0,0.0,16.666064897076765,False
1782401021.5892918,57.519644021987915,4.580490524824239,1.597386212722664,0.027799142569773942,0.0,0.0,17.424794842594437,False
1782401021.6589057,57.58925795555115,4.586531490389307,1.5993043004913539,0.027799142972321726,0.0,0.0,18.03705522561362,False
1782401021.7303314,57.66068363189697,4.591816609958612,1.600987059460074,0.027799143391989654,0.0,0.0,18.573941332659913,False
1782401021.79204,57.722392320632935,4.597853615139822,1.6029216976894267,0.027799143701360485,0.0,0.0,19.187978649255097,False
1782401021.8642626,57.79461479187012,4.605391801194988,1.6053663720267677,0.027799143640110102,0.0,0.0,19.955746217843625,False
1782401021.9311383,57.86149048805237,4.610661180964813,1.6071003777837185,0.02779914336007744,0.0,0.0,20.493229137747907,False
1782401021.9966395,57.9269917011261,4.61592306202057,1.6088567651995749,0.02779914303937959,0.0,0.0,21.030724174744638,False
1782401022.0633945,57.993746757507324,4.622675477112502,1.6111523214571586,0.02779914280678661,0.0,0.0,21.632328894095977,False
1782401022.1215062,58.05185842514038,4.628664397369849,1.6132304604485852,0.02779914287149792,0.0,0.0,21.765634547148846,False
1782401022.1859906,58.11634278297424,4.633148355349595,1.6148109583206565,0.027799143005145296,0.0,0.0,21.652660925083985,False
1782401022.2535293,58.183881521224976,4.639118475473952,1.6169425310252978,0.027799143091946574,0.0,0.0,21.277598464196885,False
1782401022.3196077,58.24995994567871,4.645826772259023,1.6193641991190728,0.02779914292740721,0.0,0.0,20.6853473717707,False
1782401022.3973966,58.32774877548218,4.65253091938027,1.621798847387465,0.02779914261819092,0.0,0.0,20.024246586832515,False
1782401022.4650826,58.395434856414795,4.657745152144008,1.6236937082615184,0.02779914245359642,0.0,0.0,19.49430563148769,False
1782401022.5273206,58.45767283439636,4.662961283702639,1.6255839433098063,0.027799142452311736,0.0,0.0,18.95965778513955,False
1782401022.59672,58.5270721912384,4.670419314011596,1.6282670003171724,0.02779914272642615,0.0,0.0,18.193093774654656,False
1782401022.6836846,58.61403679847717,4.677888396287155,1.630918925760747,0.027799143126320112,0.0,0.0,17.425554307241697,False
1782401022.751254,58.68160629272461,4.683125078775882,1.6327511089221827,0.027799143340414372,0.0,0.0,16.88811783639156,False
1782401022.8197255,58.75007772445679,4.6891195972851785,1.6348160694824265,0.027799143448237935,0.0,0.0,16.273855929888704,False
1782401022.9549348,58.885287046432495,4.701897173755902,1.63908380702978,0.0277991433637603,0.0,0.0,14.96850293448988,False
1782401023.034597,58.96494913101196,4.70793036407704,1.6410281571667906,0.02779914337400622,0.0,0.0,14.354213723442419,False
1782401023.1301298,59.060482025146484,4.716248331572727,1.6436284685127611,0.027799143566584698,0.0,0.0,13.92801957294296,False
1782401023.2133741,59.14372634887695,4.724590460434694,1.6461486811343164,0.02779914365815136,0.0,0.0,14.155228622636374,False
1782401023.2970252,59.22737741470337,4.731430120329519,1.6481639369522776,0.027799143326814414,0.0,0.0,14.66367752518562,False
1782401023.3858984,59.31625056266785,4.739039820367082,1.6503714335507977,0.027799142674833754,0.0,0.0,15.369682065980353,True
1782401023.4846845,59.41503667831421,4.749701294032358,1.653440093203705,0.027799142228685084,0.0,0.0,16.33699111509255,False
1782401023.553714,59.48406624794006,4.755032004989358,1.6549764306211399,0.027799142399960754,0.0,0.0,16.469173023089102,False
1782401023.628821,59.55917310714722,4.761123249441874,1.6567368284729513,0.02779914272803537,0.0,0.0,16.317018001722708,False
1782401023.7179163,59.64826846122742,4.771021450511058,1.6595996455805397,0.02779914288409262,0.0,0.0,15.591175685100119,False
1782401023.8068895,59.73724174499512,4.7771150935611315,1.661353650829996,0.027799142678198833,0.0,0.0,15.018702907755536,False
1782401023.8788435,59.80919575691223,4.783975201033062,1.6633103968900436,0.0277991424467919,0.0,0.0,14.342568316141639,False
1782401023.9666283,59.89698052406311,4.793133443573524,1.6658780304461944,0.027799142551797766,0.0,0.0,13.42599851049234,False
1782401024.0311885,59.96154069900513,4.7977186774267055,1.6671390426541695,0.027799142802029442,0.0,0.0,12.965916964870361,False
1782401024.0968602,60.027212381362915,4.804605318778071,1.6689968459407827,0.02779914327152637,0.0,0.0,12.562045253053787,False
1782401024.1706035,60.10095572471619,4.8115024845352465,1.6708138309898244,0.027799143551077127,0.0,0.0,12.561874588840476,False
1782401024.2410123,60.171364545822144,4.818408974732428,1.6725946457029464,0.027799143333569143,0.0,0.0,12.319320121394856,False
1782401024.3090327,60.23938488960266,4.823786814672781,1.6739556276384977,0.027799142839055692,0.0,0.0,11.932857337626459,False
1782401024.3778324,60.30818462371826,4.829939842478153,1.675482994477512,0.027799142206533393,0.0,0.0,11.387045902162402,False
1782401024.4599524,60.39030456542969,4.838413416034019,1.6775278035113323,0.02779914189211652,0.0,0.0,10.569775380495614,False
1782401024.5248818,60.45523405075073,4.843814234564496,1.6787917441291087,0.027799142241060743,0.0,0.0,10.037015575606473,False
1782401024.6193953,60.549747467041016,4.852315480039685,1.6807130457599129,0.027799143416011425,0.0,0.0,9.194613357362833,False
1782401024.7210581,60.65141034126282,4.862385729922592,1.6828722788494275,0.02779914467899734,0.0,0.0,8.196905770687533,False
1782401024.8230178,60.7533700466156,4.869372541800001,1.6842910895153564,0.027799144878403063,0.0,0.0,7.505899757391627,False
1782401024.9310932,60.86144542694092,4.8787075177178085,1.686080107345588,0.027799144349634965,0.0,0.0,6.58448565500353,False
1782401025.0301695,60.96052169799805,4.887283573609158,1.6876121526307297,0.027799143771670653,0.0,0.0,5.7398385749409515,False
1782401025.123123,61.05347514152527,4.898223896666504,1.6894063857243218,0.027799143867177228,0.0,0.0,4.664828320883741,False
1782401025.212651,61.14300322532654,4.907318000093061,1.690724257532767,0.027798859593287532,0.0,0.0,3.8711606906584874,False
1782401025.2969673,61.22731947898865,4.916725473017016,1.6918895808030772,0.02779787299097368,0.0,0.0,3.229420848762109,False
1782401025.377961,61.3083131313324,4.926906383414471,1.6929829461129309,0.027796539323995603,0.0,0.0,2.613102485969867,False
1782401025.4866586,61.41701078414917,4.938731006674293,1.6940734922917329,0.02779538051805151,0.0,0.0,1.9488854300746286,False
1782401025.5794988,61.50985097885132,4.95100979444369,1.6950283454892083,0.027795080749775904,0.0,0.0,1.2932304617529993,False
1782401025.6754837,61.605835914611816,4.965932793291208,1.6959684508469557,0.027795602919240176,0.0,0.0,0.5280134749001439,False
1782401025.769625,61.69997715950012,4.976474067815726,1.6964956959408772,0.02779596450211698,0.0,0.0,0.005618475304051417,False
1782401025.8706763,61.80102849006653,4.991962735452777,1.6970751591723692,0.027795827003779052,0.0,0.0,359.2630794282293,False
1782401025.9687743,61.8991265296936,5.005268599971608,1.69739557839999,0.027795189177486482,0.0,0.0,358.6446386705202,False
1782401026.0553622,61.98571443557739,5.018751416577481,1.6975589062252567,0.027794523885448816,0.0,0.0,358.03671482364825,False
1782401026.1460233,62.07637548446655,5.029954529564771,1.6975731555220936,0.027794153356178408,0.0,0.0,357.55302071073,False
1782401026.2348096,62.16516184806824,5.038810711941934,1.6975076521287293,0.027793935194873803,0.0,0.0,357.18864081124866,False
1782401026.325611,62.25596332550049,5.051738012849348,1.6972930512765227,0.02779353202166236,0.0,0.0,356.6925968627194,False
1782401026.4161954,62.34654760360718,5.067701621646963,1.6968434165218695,0.027792675589499407,0.0,0.0,356.1362639548221,False
1782401026.5034084,62.43376064300537,5.084050519435018,1.69618959508964,0.027791636933761864,0.0,0.0,355.61138402752994,False
1782401026.601436,62.53178811073303,5.097934409952615,1.695492025128571,0.027790904963026247,0.0,0.0,355.1970717508937,False
1782401026.6888988,62.619251012802124,5.114862273994789,1.694477592300215,0.02779039534511849,0.0,0.0,354.7254672599926,False
1782401026.7767386,62.707090854644775,5.129150915010489,1.693490711182942,0.02779022771962726,0.0,0.0,354.35108462301145,False
1782401026.8620973,62.79244947433472,5.1421405523573105,1.6924959741022307,0.02779010476883203,0.0,0.0,354.0287590044682,False
1782401026.9401007,62.870452880859375,5.156706080694846,1.691276148175939,0.027789845806695,0.0,0.0,353.6867353499647,False
1782401027.0322676,62.96261978149414,5.172867074088309,1.6898009784064745,0.02778939467095072,0.0,0.0,353.32871949371076,False
1782401027.1218357,63.0521879196167,5.186132411908582,1.6885007711921638,0.02778909315853779,0.0,0.0,353.0423465359077,False
1782401027.21713,63.14748215675354,5.20084960774383,1.6869691216475446,0.02778908071994185,0.0,0.0,352.7224332230161,False
1782401027.3238459,63.25419807434082,5.224444025287609,1.684322718281924,0.02778943352766269,0.0,0.0,352.2193857471306,False
1782401027.3989534,63.32930564880371,5.237774035379413,1.6827262930279074,0.027789493667319816,0.0,0.0,351.94585652552746,False
1782401027.489097,63.41944932937622,5.251160642997576,1.6810516273741936,0.02778926905061739,0.0,0.0,351.6816080885725,False
1782401027.5640159,63.49436807632446,5.266111373111744,1.679099056372959,0.027788712007819558,0.0,0.0,351.4009091727891,False
1782401027.6419399,63.57229208946228,5.281145370388199,1.6770512570593412,0.027788046679131623,0.0,0.0,351.1349972469176,False
1782401027.7075062,63.637858390808105,5.291715217407667,1.6755628392378443,0.02778766662880484,0.0,0.0,350.9575881121415,False
1782401027.7851925,63.71554470062256,5.303845876457227,1.6738069054449516,0.027787384851203932,0.0,0.0,350.76464228827933,False
1782401027.8557072,63.78605937957764,5.316036373622901,1.6719928519863094,0.02778724177871827,0.0,0.0,350.58344980703015,False
1782401027.920111,63.85046315193176,5.331359841749347,1.669645749908839,0.027787131568648815,0.0,0.0,350.37472070765995,False
1782401027.9967859,63.92713809013367,5.345215828022217,1.6674632394275093,0.027786993331133433,0.0,0.0,350.20244926508116,False
1782401028.06761,63.99796223640442,5.356022009609085,1.6657240017479922,0.027786837449037375,0.0,0.0,350.0774903446458,False
1782401028.1370742,64.06742644309998,5.368305668298497,1.6637107149322146,0.027786855096380056,0.0,0.0,349.93018589647954,False
1782401028.216716,64.14706826210022,5.3820792624244005,1.6614084880790747,0.027787099620629842,0.0,0.0,349.76088923515556,False
1782401028.3099601,64.24031233787537,5.400443294115474,1.6582667871396422,0.027787568548169078,0.0,0.0,349.5373618180823,False
1782401028.3907614,64.32111358642578,5.415778940303484,1.6555814524634354,0.027787764005585462,0.0,0.0,349.3579527453773,False
1782401028.4633396,64.39369177818298,5.428088000899829,1.653386535362911,0.027787582005435112,0.0,0.0,349.2226692483542,False
1782401028.5328054,64.4631576538086,5.443529790737025,1.650585082281806,0.027786915587337556,0.0,0.0,349.0664307848665,False
1782401028.5971653,64.52751755714417,5.455925370550284,1.6482994494744123,0.027786217358639016,0.0,0.0,348.9526817434164,False
1782401028.6747184,64.6050705909729,5.466793095751575,1.6462700403448054,0.02778570019392151,0.0,0.0,348.8621078349048,False
1782401028.7416897,64.67204189300537,5.479197655918134,1.6439264858246385,0.027785491338114813,0.0,0.0,348.77151629713853,False
1782401028.805825,64.73617720603943,5.490022970222492,1.6418592248302213,0.027785734480951483,0.0,0.0,348.70488198137446,False
1782401028.8840175,64.81436967849731,5.506975447772433,1.638584336000683,0.02778673628029526,0.0,0.0,348.6251318647017,False
1782401028.9508705,64.88122272491455,5.519256680849046,1.63618648898378,0.02778760326253014,0.0,0.0,348.587965330599,False
1782401029.0206814,64.95103359222412,5.52996616299322,1.634080660488803,0.02778819665208987,0.0,0.0,348.57161231866604,False
1782401029.1026323,65.03298449516296,5.545285032474098,1.6310484429204075,0.027788331826618218,0.0,0.0,348.5620152713385,False
1782401029.1876357,65.11798787117004,5.560698187282679,1.6279787070163994,0.0277874411766161,0.0,0.0,348.54834583633914,False
1782401029.2880924,65.21844458580017,5.579269737375828,1.6242607623684795,0.027785743449133527,0.0,0.0,348.52917413567343,False
1782401029.360538,65.29089021682739,5.594781996266345,1.621142480092859,0.027784730723430365,0.0,0.0,348.5134233157136,False
1782401029.433437,65.36378931999207,5.6056372152642355,1.6189546284914076,0.027784657010630195,0.0,0.0,348.504706114277,False
1782401029.5069664,65.4373185634613,5.618026324359519,1.6164527614278248,0.02778531012079746,0.0,0.0,348.4995050583016,False
1782401029.5820599,65.51241207122803,5.635030085241608,1.613012291743714,0.027786999166806735,0.0,0.0,348.50361280006877,False
1782401029.643813,65.5741651058197,5.645829296944904,1.6108243810671148,0.027788016577962336,0.0,0.0,348.5151286862873,False
1782401029.7338414,65.6641936302185,5.659684516854964,1.6080157619264526,0.02778864203445934,0.0,0.0,348.5426710685274,False
1782401029.8069804,65.73733258247375,5.671969569285559,1.605525632644041,0.027788344336648913,0.0,0.0,348.5808625001248,False
1782401029.8866632,65.8170154094696,5.688814355598757,1.6021151211842652,0.02778706238820903,0.0,0.0,348.65618548344355,False
1782401029.9631708,65.89352297782898,5.701036968484312,1.599646133835906,0.02778619635172996,0.0,0.0,348.7272722839829,True
1782401030.0409997,65.97135186195374,5.710186216949178,1.5978027220082578,0.027785941800121325,0.0,0.0,348.78997514262846,False
1782401030.1101878,66.04053997993469,5.727042106050482,1.594421309313491,0.027786316557645043,0.0,0.0,348.901518292999,False
1782401030.2169597,66.14731192588806,5.747099822938907,1.5904274895812627,0.027787239597375748,0.0,0.0,349.0138856095715,False
1782401030.2879639,66.21831607818604,5.759480518912392,1.5879796546842173,0.02778736278234121,0.0,0.0,349.0741241605061,False
1782401030.360566,66.29091811180115,5.773426478972162,1.5852382591628145,0.027786848473626048,0.0,0.0,349.13493456730805,False
1782401030.425409,66.35576128959656,5.7858388696793615,1.5828121739066339,0.02778606262360638,0.0,0.0,349.1845478638347,False
1782401030.493761,66.4241132736206,5.796712157793224,1.5806972762885063,0.027785478895500607,0.0,0.0,349.2255596206756,False
1782401030.5727272,66.50307941436768,5.812266189315686,1.5776881190716852,0.027785299576227284,0.0,0.0,349.2817659366273,False
1782401030.6420364,66.57238864898682,5.826279431674733,1.5749926676358665,0.02778585939325147,0.0,0.0,349.3301716884185,False
1782401030.704881,66.63523316383362,5.835623078974906,1.5732033054754024,0.02778641784599198,0.0,0.0,349.3620041194907,False
1782401030.799883,66.73023509979248,5.852746597713113,1.5699398337586936,0.02778717529805306,0.0,0.0,349.42110092114604,False
1782401030.8850167,66.81536889076233,5.871406646868912,1.5664061167028251,0.027787010151905572,0.0,0.0,349.48916014301824,False
1782401030.950286,66.8806381225586,5.882279264246188,1.5643578774992075,0.027786554435085317,0.0,0.0,349.5316472352356,False
1782401031.0168304,66.94718265533447,5.893141099113215,1.5623196461235889,0.02778611410170692,0.0,0.0,349.5769493155818,False
1782401031.0958488,67.02620100975037,5.908628024230315,1.5594276058939045,0.027785954631108976,0.0,0.0,349.63731186752835,False
1782401031.2267268,67.15707898139954,5.927163126356911,1.5559879086514257,0.027786669064410265,0.0,0.0,349.68462634227416,False
1782401031.289974,67.22032618522644,5.941054797767264,1.5534239753636239,0.027787387751788753,0.0,0.0,349.70403565615356,False
1782401031.3642828,67.29463505744934,5.958039833797821,1.5503026459418192,0.027787723663849094,0.0,0.0,349.7116738995682,False
1782401031.430005,67.3603572845459,5.97194815758694,1.5477552749201309,0.02778732087832578,0.0,0.0,349.7065092392496,False
1782401031.4969532,67.4273054599762,5.982773498359886,1.545776341688479,0.027786726150807038,0.0,0.0,349.6962158242738,False
1782401031.5673256,67.49767780303955,5.9936077063049495,1.5437979434778293,0.02778612366716282,0.0,0.0,349.6814051894071,False
1782401031.6368966,67.56724882125854,6.0075532212721505,1.541252951733043,0.02778568579342577,0.0,0.0,349.65723411598356,False
1782401031.6987867,67.6291389465332,6.021524823059795,1.5387031126004025,0.02778580631843713,0.0,0.0,349.62988406338627,False
1782401031.7642832,67.69463539123535,6.032410327417711,1.5367153228295094,0.02778619137644757,0.0,0.0,349.60783790258455,False
1782401031.8376908,67.76804304122925,6.043311694267203,1.534722879382894,0.027786617068682993,0.0,0.0,349.58605496163335,False
1782401031.9006734,67.83102560043335,6.055777192037853,1.5324417547193345,0.027786908045845198,0.0,0.0,349.56252092117046,False
1782401031.965309,67.89566111564636,6.069797200075471,1.5298719686494457,0.027786811285938948,0.0,0.0,349.5389322908563,False
1782401032.0295942,67.95994639396667,6.080686680577025,1.527872698220063,0.02778650459974702,0.0,0.0,349.52459850462,False
1782401032.0896835,68.02003574371338,6.090007137244128,1.5261592073028978,0.027786220982391228,0.0,0.0,349.51236954194707,False
1782401032.15733,68.08768224716187,6.102413346681996,1.5238751413701275,0.027786036228347712,0.0,0.0,349.4896496340229,False
1782401032.2306528,68.1610050201416,6.116361899772432,1.5213022444811475,0.0277862323652122,0.0,0.0,349.45700479920475,False
1782401032.2896695,68.22002172470093,6.128767615045693,1.5190089703177274,0.027786671418473137,0.0,0.0,349.4235798387896,False
1782401032.350371,68.28072309494019,6.138082002839694,1.51728366517857,0.027786994685833715,0.0,0.0,349.39712586843353,False
1782401032.4124494,68.34280157089233,6.148960570866058,1.5152644632473016,0.02778717727027375,0.0,0.0,349.36562851293587,False
1782401032.4771235,68.40747570991516,6.16295975036161,1.5126589103872674,0.027786939045458134,0.0,0.0,349.32563779284726,False
1782401032.5469983,68.47735047340393,6.1754081515647705,1.5103348809018795,0.02778635985932827,0.0,0.0,349.29272936702614,False
1782401032.6147978,68.5451500415802,6.186295873270212,1.5082966198020944,0.02778581616876472,0.0,0.0,349.26675885741287,False
1782401032.6776905,68.60804271697998,6.197172889263588,1.5062551915823563,0.02778550028674625,0.0,0.0,349.2444390006405,False
1782401032.7550416,68.68539381027222,6.212683772077413,1.5033355224507907,0.027785755045981485,0.0,0.0,349.2215150307972,False
1782401032.8165739,68.74692606925964,6.223518906989774,1.5012905403003032,0.02778639275255138,0.0,0.0,349.2134113708209,False
1782401032.880727,68.81107926368713,6.2343348148186175,1.499245356225602,0.02778718170266547,0.0,0.0,349.21322899840635,False
1782401032.9594986,68.88985085487366,6.246669347104356,1.4969093449579547,0.027787919048477206,0.0,0.0,349.22474289080645,False
1782401033.0445623,68.97491455078125,6.265127668121067,1.4934094945322929,0.02778806567168281,0.0,0.0,349.26717771262315,False
1782401033.1122873,69.04263949394226,6.2805616643407625,1.4904833782872746,0.02778714590975304,0.0,0.0,349.3128717018909,False
1782401033.186803,69.11715531349182,6.292964424652242,1.4881346280108285,0.02778611437606371,0.0,0.0,349.3485480824455,False
1782401033.2898922,69.22024440765381,6.308495478876735,1.4851988790335209,0.027785218345956358,0.0,0.0,349.39372564860605,False
1782401033.378986,69.30933809280396,6.32404278409657,1.4822677984320798,0.027785203560147527,0.0,0.0,349.4396279209472,False
1782401033.4720438,69.40239596366882,6.342698716169032,1.4787628421819847,0.02778616548480559,0.0,0.0,349.4978141244501,False
1782401033.5457728,69.47612500190735,6.356679737295775,1.476146070545591,0.02778701589286104,0.0,0.0,349.5457054220474,False
1782401033.6206255,69.55097770690918,6.370647884347958,1.4735411739340436,0.027787482441329583,0.0,0.0,349.5985269331949,False
1782401033.688072,69.6184241771698,6.3830512438091755,1.4712368204643815,0.027787428400508556,0.0,0.0,349.6504729017849,False
1782401033.7582083,69.68856048583984,6.396989174368363,1.4686581721707064,0.027786974110862634,0.0,0.0,349.71535144379635,False
1782401033.8227425,69.75309467315674,6.409363253358198,1.4663793977213098,0.027786503248372615,0.0,0.0,349.77935491777555,False
1782401033.903634,69.83398628234863,6.418637590936703,1.4646785839251966,0.027786269000055003,0.0,0.0,349.8310693117924,False
1782401033.985418,69.9157702922821,6.430997500848606,1.4624222261358664,0.027786234952742087,0.0,0.0,349.90470363165025,False
1782401034.1058693,70.03622150421143,6.441819672015391,1.4604570820593623,0.027786434298181138,0.0,0.0,349.9710687098266,False
1782401034.1887066,70.11905884742737,6.458891373316363,1.4573786303537486,0.02778678442746666,0.0,0.0,350.06627514937077,False
1782401034.2739718,70.2043240070343,6.4791245120025875,1.453764892347145,0.0277867483252711,0.0,0.0,350.16606746759436,False
1782401034.355214,70.28556632995605,6.49626853439391,1.4507319368034017,0.027786264909433162,0.0,0.0,350.24135953938696,False
1782401034.420117,70.35046911239624,6.507190384108716,1.4488131644632092,0.027785925267063596,0.0,0.0,350.28634215620514,False
1782401034.4942226,70.42457485198975,6.519682614856355,1.4466308196751358,0.027785713210465596,0.0,0.0,350.33572274280806,False
1782401034.567949,70.4983012676239,6.535308602163236,1.443918806613064,0.027785853616421025,0.0,0.0,350.3946611147345,False
1782401034.6322832,70.56263542175293,6.54781587817695,1.4417617393376307,0.027786202172126465,0.0,0.0,350.4397690526464,False
1782401034.7014182,70.63177037239075,6.558758785448738,1.439884034450586,0.027786525224992375,0.0,0.0,350.4785407312264,False
1782401034.7694523,70.69980454444885,6.571259269951517,1.4377496183380016,0.027786748632191514,0.0,0.0,350.5230111755196,False
1782401034.8633094,70.79366159439087,6.589991797790323,1.4345715769148735,0.027786652572398582,0.0,0.0,350.59213696465133,False
1782401034.9302225,70.86057472229004,6.602473453718396,1.4324674710013467,0.027786403949982216,0.0,0.0,350.639829218565,False
1782401035.0158284,70.94618058204651,6.616507171628203,1.4301145351977336,0.02778618922788137,0.0,0.0,350.69573510935305,False
1782401035.090183,71.0205352306366,6.632089666664385,1.4275179629872932,0.027786227567836386,0.0,0.0,350.7563861221878,False
1782401035.1533487,71.08370089530945,6.644552646667996,1.4254533474203532,0.02778644525161825,0.0,0.0,350.79774771661073,False
1782401035.2197335,71.15008568763733,6.655457306341156,1.4236554507728991,0.027786669009319843,0.0,0.0,350.8290197614996,False
1782401035.282775,71.21312713623047,6.666364721726988,1.421864703983891,0.027786815934856317,0.0,0.0,350.85631817876134,False
1782401035.3550632,71.28541541099548,6.68195800375602,1.4193169316665144,0.027786763433871212,0.0,0.0,350.89014623453204,False
1782401035.4194052,71.34975743293762,6.6944383850532585,1.4172873068397132,0.027786530345300844,0.0,0.0,350.91306453798063,False
1782401035.4802144,71.41056656837463,6.703802399141681,1.4157695530616765,0.027786315514305413,0.0,0.0,350.92817537273,False
1782401035.5458207,71.47617292404175,6.714735003893735,1.4140026061990632,0.027786101602711763,0.0,0.0,350.94445576500544,False
1782401035.6216302,71.55198240280151,6.730372295956241,1.4114838937184457,0.027785982702336783,0.0,0.0,350.96681839800306,False
1782401035.6876638,71.61801600456238,6.744460380500981,1.4092225855522116,0.02778608775084786,0.0,0.0,350.98659053001785,False
1782401035.7565494,71.68690156936646,6.755422990797166,1.4074676886938848,0.027786241487625683,0.0,0.0,351.0018177172129,False
1782401035.8509564,71.78130865097046,6.771078789214091,1.4049681869875232,0.027786433134548746,0.0,0.0,351.0249533043938,True
1782401035.96993,71.90028214454651,6.794553513566319,1.4012343938375231,0.02778642598039823,0.0,0.0,351.06335267678924,False
1782401036.0417929,71.9721450805664,6.807064850849826,1.3992511708484936,0.027786343296641897,0.0,0.0,351.0866015368281,False
1782401036.1341474,72.06449961662292,6.821132127551794,1.397027068032825,0.027786304907367394,0.0,0.0,351.11154352685236,False
1782401036.199105,72.1294572353363,6.8336329087635965,1.3950557858050223,0.027786354975465673,0.0,0.0,351.12999335022613,False
1782401036.2802455,72.21059775352478,6.8514417214961165,1.392254190710473,0.027788700005922016,0.0,0.0,351.01557210774536,False
1782401036.3550236,72.28537583351135,6.862563042013409,1.3905038772897862,0.027795270321172516,0.0,0.0,350.57526629508493,False
1782401036.4239662,72.35431838035583,6.871588313677964,1.3890745103266695,0.02780121301287245,0.0,0.0,350.06366200282224,False
1782401036.4967408,72.42709302902222,6.8801696473674365,1.387697167055558,0.027804629536974167,0.0,0.0,349.5159488877834,False
1782401036.5630803,72.49343252182007,6.889504757832094,1.3861655808561957,0.027804182157492734,0.0,0.0,348.8891493280274,False
1782401036.6290405,72.55939269065857,6.897684746017289,1.3847829969160979,0.027800739448840227,0.0,0.0,348.33755784971123,False
1782401036.6997886,72.63014078140259,6.904848046894194,1.3835328759991976,0.027796927715445487,0.0,0.0,347.86470575031694,False
1782401036.7693439,72.69969606399536,6.9110615084719464,1.3824135837597342,0.027794170410426016,0.0,0.0,347.4701663690028,False
1782401036.8345425,72.76489472389221,6.921640305283714,1.380426310333435,0.027792232533864713,0.0,0.0,346.8342428320997,False
1782401036.9018302,72.83218240737915,6.932518547418737,1.3782710210746925,0.027793724824496997,0.0,0.0,346.2217208157075,False
1782401036.9667623,72.89711451530457,6.940308450713288,1.3766570791843789,0.027795737978236604,0.0,0.0,345.8045861505133,False
1782401037.0250716,72.9554238319397,6.947138137188545,1.3751920849972905,0.027797201886035988,0.0,0.0,345.45915033007867,False
1782401037.085841,73.016193151474,6.955304051442546,1.3733792399428528,0.027797912149039747,0.0,0.0,345.0719716264864,False
1782401037.1515496,73.08190178871155,6.966096149732134,1.3708847827354802,0.02779690491797541,0.0,0.0,344.5952283095068,False
1782401037.2347982,73.16515040397644,6.978090375387703,1.3679980259381188,0.027794634743242702,0.0,0.0,344.050292089419,False
1782401037.3123226,73.24267482757568,6.984086485117676,1.3665094629030243,0.02779360721068866,0.0,0.0,343.77598792785864,False
1782401037.3897629,73.3201150894165,6.995778789978617,1.3635305579171526,0.02779310979342622,0.0,0.0,343.18812484729744,False
1782401037.4619405,73.39229273796082,7.00719248402572,1.3605584910714135,0.0277964696523325,0.0,0.0,342.4017271283021,False
1782401037.5458822,73.47623443603516,7.015749210037153,1.3582744030519585,0.027800134223720085,0.0,0.0,341.72250660266366,False
1782401037.6407278,73.57107996940613,7.026866665277728,1.3551352837309198,0.0278014421287718,0.0,0.0,341.0242942970937,False
1782401037.719594,73.64994621276855,7.038527465789064,1.3516145077710404,0.027797692195791854,0.0,0.0,340.5433728920178,False
1782401037.797817,73.72816920280457,7.049949228288703,1.3480010519069805,0.027791845905379614,0.0,0.0,340.18270955310425,False
1782401037.8641257,73.79447793960571,7.060688645009159,1.3444834843581168,0.027786680019793824,0.0,0.0,339.91205830652956,False
1782401037.9307797,73.8611319065094,7.0733138597237,1.340224522334551,0.027782731675227726,0.0,0.0,339.66352967877657,False
1782401038.0118582,73.94221043586731,7.087625335801391,1.3352688385222642,0.027782151293607303,0.0,0.0,339.45622261844585,False
1782401038.1031725,74.03352475166321,7.100441291151869,1.3307394736622844,0.027784908693367215,0.0,0.0,339.34568787708776,False
1782401038.1766346,74.10698676109314,7.113142462900501,1.3261805685234045,0.027789083710885346,0.0,0.0,339.30201990065314,False
1782401038.2419274,74.17227959632874,7.12603474326292,1.3214910906539588,0.02779202341517433,0.0,0.0,339.2499423449075,False
1782401038.3134027,74.24375486373901,7.137644042632229,1.3172255419605419,0.02779251025652572,0.0,0.0,339.2034604207406,False
1782401038.3796957,74.31004786491394,7.147842908794816,1.3134512169306045,0.027791209150134052,0.0,0.0,339.1740176675865,False
1782401038.4454231,74.37577533721924,7.159422922967362,1.3091412498971198,0.027788500386443447,0.0,0.0,339.16946375085337,False
1782401038.5272088,74.45756101608276,7.1750612960093765,1.303290004201675,0.027785211889673426,0.0,0.0,339.24521781355185,False
1782401038.5986161,74.528968334198,7.184810975344655,1.2996309345957546,0.02778487304589942,0.0,0.0,339.3546901000995,False
1782401038.695823,74.62617516517639,7.198404562293928,1.2945267029697711,0.027787746205521092,0.0,0.0,339.60584708781374,False
1782401038.7797189,74.71007108688354,7.215527018133098,1.288118630772632,0.027794553706833477,0.0,0.0,340.07641494488905,False
1782401038.8490696,74.77942180633545,7.2245084003505085,1.2847791966415556,0.027797311973500965,0.0,0.0,340.3806141147184,False
1782401038.912525,74.84287714958191,7.233313063561272,1.2815273510279643,0.027798394581090756,0.0,0.0,340.7133384781518,False
1782401038.971048,74.9014003276825,7.243186036119167,1.2779139938282322,0.027797550218742497,0.0,0.0,341.11878260845646,False
1782401039.0346396,74.96499180793762,7.252881496570029,1.274407096947562,0.027795397443559865,0.0,0.0,341.54381464738753,False
1782401039.0989585,75.02931070327759,7.26124670737594,1.271420111398379,0.027793511136660735,0.0,0.0,341.9269230402017,False
1782401039.1646764,75.09502863883972,7.268451008984302,1.2688830461562062,0.027792358691855423,0.0,0.0,342.2471860477639,False
1782401039.2377856,75.16813778877258,7.280094141330201,1.2648753427220003,0.027790686449232698,0.0,0.0,342.6238449696608,False
1782401039.298666,75.22901821136475,7.292454938837018,1.2607263861260567,0.02778914903194094,0.0,0.0,342.9234950281529,False
1782401039.3841066,75.3144588470459,7.305229945627579,1.2565338963504702,0.02778760242663332,0.0,0.0,343.1798619133052,False
1782401039.453628,75.38398027420044,7.315314788192234,1.2532838060791585,0.027786497192951308,0.0,0.0,343.36324511695153,False
1782401039.521856,75.45220828056335,7.32835208647666,1.2491516445922228,0.0277856968865591,0.0,0.0,343.59177886390955,False
1782401039.5880482,75.51840043067932,7.341409013938569,1.245085615817221,0.02778607692704918,0.0,0.0,343.81995984818855,False
1782401039.6603038,75.590656042099,7.353013481946569,1.2415291837306877,0.027787388890493266,0.0,0.0,344.0256107545757,False
1782401039.7381785,75.66853070259094,7.363162539279356,1.2384613194538692,0.02778889178368979,0.0,0.0,344.20862931094894,False
1782401039.804805,75.73515725135803,7.376186631554867,1.234580734537124,0.027790530950404638,0.0,0.0,344.4508659644384,False
1782401039.882678,75.81303024291992,7.390617764741853,1.230353662389349,0.027791101649541253,0.0,0.0,344.7302633230492,False
1782401039.9591684,75.8895206451416,7.402122351175714,1.2270382387126009,0.027790542677275425,0.0,0.0,344.9627766023689,False
1782401040.0466719,75.97702407836914,7.415006759759054,1.2233826982648035,0.02778944546463672,0.0,0.0,345.2358992070118,False
1782401040.112484,76.04283618927002,7.427839671675368,1.219803425221306,0.027788657030574558,0.0,0.0,345.5198357612705,False
1782401040.1795733,76.10992550849915,7.440721928969907,1.216275350862684,0.027788504393535148,0.0,0.0,345.78505657491644,False
1782401040.2544627,76.18481492996216,7.452355946226608,1.213146546588454,0.02778854372596333,0.0,0.0,345.9570478522748,False
1782401040.3131354,76.24348759651184,7.461153860476308,1.2108135738152246,0.027788565977857723,0.0,0.0,346.0547507236215,False
1782401040.3783565,76.30870866775513,7.472952402731096,1.2077250272615425,0.02778839703134284,0.0,0.0,346.1520521674773,False
1782401040.4599717,76.3903238773346,7.489282066910108,1.203515868783698,0.02778765658471016,0.0,0.0,346.2387206304739,False
1782401040.5256371,76.45598936080933,7.499733142572994,1.2008554348440648,0.027787044167970537,0.0,0.0,346.2720561042155,False
1782401040.5954974,76.52584958076477,7.5102408339939295,1.1982023686863978,0.02778652889846932,0.0,0.0,346.29419404731203,False
1782401040.6770525,76.6074047088623,7.523841915630402,1.1947950375844747,0.027786228288613903,0.0,0.0,346.3131660608314,False
1782401040.7557106,76.68606281280518,7.540614755686819,1.1906260532006574,0.027786351245041373,0.0,0.0,346.33439125633697,False
1782401040.839368,76.76972031593323,7.554355773788764,1.1872314502585515,0.027786679498074448,0.0,0.0,346.3604420778524,False
1782401040.9104104,76.84076261520386,7.565412903455642,1.1845070852684998,0.027789620555908785,0.0,0.0,346.2128846559571,False
1782401040.975466,76.90581822395325,7.577869893253825,1.1814354980985047,0.027796089690007436,0.0,0.0,345.79212909461535,False
1782401041.0795417,77.00989389419556,7.592610217262228,1.177769754462832,0.02779868128228098,0.0,0.0,345.4897266576292,False
1782401041.1495433,77.07989549636841,7.602333708392037,1.1753275625737627,0.027797103902826678,0.0,0.0,345.37264923836324,False
1782401041.2133622,77.143714427948,7.613747537411272,1.1724357392001032,0.02779256412058403,0.0,0.0,345.2764244022226,False
1782401041.279462,77.20981431007385,7.628294097677115,1.168715242792281,0.02778530114044598,0.0,0.0,345.1984937217845,False
1782401041.354355,77.28470730781555,7.639972314329155,1.165704681014114,0.027781118800632068,0.0,0.0,345.17892855986366,False
1782401041.4141505,77.34450268745422,7.648682823231689,1.163448178345251,0.027780236077548617,0.0,0.0,345.196851415538,False
1782401041.480541,77.410893201828,7.660169180768547,1.1604621171826197,0.02778263602171795,0.0,0.0,345.27639388511614,False
1782401041.5476353,77.47798752784729,7.672899071625075,1.1571457843570965,0.027789012523716555,0.0,0.0,345.44760974289045,False
1782401041.6123753,77.54272747039795,7.684043213976567,1.1542446539174254,0.02779524878765018,0.0,0.0,345.66729261610755,False
1782401041.7010355,77.63138771057129,7.696383079870768,1.151045409882649,0.02779950519276576,0.0,0.0,345.9777159801555,True
1782401041.7857177,77.71606993675232,7.709688575086208,1.1476238195578095,0.027799089111692557,0.0,0.0,346.40282709424696,False
1782401041.8589437,77.78929591178894,7.722227601878073,1.144437098457688,0.02779561962724808,0.0,0.0,346.93151979711877,False
1782401041.9296494,77.86000156402588,7.731908595591157,1.142014668253764,0.027792948669916665,0.0,0.0,347.388891218509,False
1782401041.9897032,77.9200553894043,7.739043788728497,1.1402567404558654,0.02779197713880661,0.0,0.0,347.740230224687,False
1782401042.0785255,78.00887775421143,7.750796927243423,1.1374222081604346,0.02779281597360589,0.0,0.0,348.3311990299575,False
1782401042.1716824,78.10203456878662,7.765997835038185,1.1338887649602583,0.02779632617404115,0.0,0.0,349.09457710332595,False
1782401042.248371,78.17872309684753,7.776049583637216,1.1316642139728221,0.027796902522673576,0.0,0.0,349.479756519569,False
1782401042.3141563,78.24450850486755,7.784561410137545,1.1298246975909065,0.027796749505765942,0.0,0.0,349.62077596054957,False
1782401042.3788278,78.30918002128601,7.7933483412310585,1.127947821503779,0.02779709512319601,0.0,0.0,349.47721538267194,False
1782401042.4599729,78.39032506942749,7.804550159438449,1.1255902043660906,0.02779815979896906,0.0,0.0,348.92309677265143,False
1782401042.526277,78.45662927627563,7.812582102372319,1.1239318500640192,0.02779791135611595,0.0,0.0,348.63612335204846,False
1782401042.5926151,78.52296733856201,7.8214211364235275,1.1221181032402479,0.02779642915135039,0.0,0.0,348.4296610509254,False
1782401042.6889315,78.61928367614746,7.838808231316301,1.118549008788129,0.027790997948467257,0.0,0.0,348.23185628362523,False
1782401042.7620032,78.6923553943634,7.850690297086464,1.1161023222172615,0.027787933543500655,0.0,0.0,348.296219886514,False
1782401042.8218923,78.75224447250366,7.8584869740675725,1.114495378980438,0.02778727965668637,0.0,0.0,348.4317644594395,False
1782401042.9005866,78.83093881607056,7.870021191168226,1.112122679158843,0.02778903903849936,0.0,0.0,348.7460839782413,False
1782401042.9930816,78.92343378067017,7.88519213733957,1.1090296116614744,0.02779486036370692,0.0,0.0,349.2930106051968,False
1782401043.0668268,78.99717903137207,7.895221178944616,1.1070164047004605,0.027798329511815822,0.0,0.0,349.69785637773265,False
1782401043.1479096,79.0782618522644,7.906454475584236,1.1048039983281175,0.027799616897372995,0.0,0.0,350.16976156602675,False
1782401043.216865,79.14721727371216,7.91948768675134,1.1023181914040405,0.027796646484955095,0.0,0.0,350.632338503098,False
1782401043.2753677,79.20571994781494,7.928942781385309,1.1005710399515432,0.027792873164426652,0.0,0.0,350.92579118833817,False
1782401043.3451777,79.2755298614502,7.938329210640359,1.0988772762354264,0.027789619274534355,0.0,0.0,351.2356539143003,False
1782401043.414114,79.34446620941162,7.949025303401362,1.0970001919627146,0.02778775539737842,0.0,0.0,351.59843170198667,False
1782401043.4765434,79.4068956375122,7.961079714961215,1.0949567148974224,0.027788499518911183,0.0,0.0,352.0074392404138,False
1782401043.5642145,79.49456667900085,7.97455699406875,1.0927664912241528,0.027791553359313888,0.0,0.0,352.4554061226043,False
1782401043.634075,79.56442713737488,7.984088105975504,1.0912797388690307,0.027793625748511713,0.0,0.0,352.759459836606,False
1782401043.6990952,79.62944746017456,7.994195085212602,1.089738126995976,0.027796305880927956,0.0,0.0,352.89325523986196,False
1782401043.76429,79.69464230537415,8.004272872235202,1.0882246088949594,0.02779954711024048,0.0,0.0,352.66506765832673,False
1782401043.8288107,79.75916290283203,8.011481998727364,1.0871559665244352,0.02780130853533892,0.0,0.0,352.2853066865839,False
1782401043.8912032,79.82155537605286,8.017350155506142,1.086292001000612,0.027801960313355016,0.0,0.0,351.88492104094945,False
1782401043.9595277,79.88987994194031,8.025009706858931,1.0851660182679514,0.02780145457470642,0.0,0.0,351.33700095883427,False
1782401044.051141,79.9814932346344,8.039721215580432,1.0829688583595682,0.027796745462381547,0.0,0.0,350.8486719720088,False
1782401044.1166906,80.04704284667969,8.048513879943782,1.081627832209904,0.02779300829432775,0.0,0.0,350.72481935436895,False
1782401044.1869164,80.1172685623169,8.05761430138871,1.0802207869292946,0.027789358650790002,0.0,0.0,350.6783455466731,False
1782401044.2679296,80.19828176498413,8.072303398948254,1.0779176918734663,0.027785513355043763,0.0,0.0,350.7468170687638,False
1782401044.3467548,80.27710700035095,8.086239654844809,1.0757090545984807,0.0277847673574344,0.0,0.0,350.8900191795601,False
1782401044.4170175,80.34736967086792,8.096209833431706,1.0741242353731923,0.027786157149078648,0.0,0.0,351.02376297893335,False
1782401044.4816773,80.412029504776,8.106289515140936,1.0725241399897532,0.027788668083326872,0.0,0.0,351.17969798339686,False
1782401044.5550706,80.48542284965515,8.120813906890103,1.0702321177744893,0.02779232308412083,0.0,0.0,351.4309062916239,False
1782401044.6207685,80.55112075805664,8.13249916620234,1.0684077674984576,0.027793658261493354,0.0,0.0,351.64870931783696,False
1782401044.6880057,80.61835789680481,8.142754083117735,1.0668262990683195,0.02779311550355424,0.0,0.0,351.84725151763735,False
1782401044.755696,80.68604826927185,8.154501363360701,1.0650418016911938,0.027790954682968536,0.0,0.0,352.07952414917884,False
1782401044.8166285,80.74698066711426,8.167747086896487,1.0630695082161143,0.02778801499137975,0.0,0.0,352.34434137900513,False
1782401044.8770647,80.80741691589355,8.178070148213418,1.0615646977590865,0.02778647614210996,0.0,0.0,352.5512609522807,False
1782401044.9368079,80.8671600818634,8.1869370433466,1.0602963224683093,0.027786091007870835,0.0,0.0,352.7280387527505,False
1782401045.0028386,80.93319082260132,8.197306827597874,1.0588425948099227,0.027786710357874233,0.0,0.0,352.93263677818385,False
1782401045.0678728,80.99822497367859,8.210679599250424,1.0570166580874878,0.02778849247532866,0.0,0.0,353.19230616112014,False
1782401045.135353,81.06570529937744,8.222605296080541,1.0554358175131158,0.027789989463181283,0.0,0.0,353.4191949054975,False
1782401045.2211914,81.15154361724854,8.236084207515216,1.0537040986059054,0.027790582729893168,0.0,0.0,353.66686769023823,False
1782401045.288995,81.21934723854065,8.248126346384229,1.0522065054171243,0.027789943596723973,0.0,0.0,353.8788615418069,False
1782401045.3750231,81.30537533760071,8.266275468394955,1.050036539378786,0.027787934964963616,0.0,0.0,354.1842024262255,False
1782401045.446537,81.3768892288208,8.278424305111047,1.048641372866247,0.02778684306217368,0.0,0.0,354.3799915454014,False
1782401045.5097594,81.44011163711548,8.287561198614837,1.0476217758926316,0.02778647373222663,0.0,0.0,354.5227558912069,False
1782401045.57534,81.50569224357605,8.299776898202179,1.0462975725971857,0.027786616229945035,0.0,0.0,354.707621755105,False
1782401045.664275,81.59462714195251,8.318169282783511,1.0443854950500358,0.02778757292603453,0.0,0.0,354.9730826218216,False
1782401045.7386973,81.66904950141907,8.33047425644698,1.0431592425555538,0.02778809503316964,0.0,0.0,355.1422710045031,False
1782401045.8039234,81.73427557945251,8.341266435199802,1.0421174786262475,0.027788208014130917,0.0,0.0,355.2854460867118,False
1782401045.8695626,81.79991483688354,8.353626237881793,1.0409619042598215,0.027787924033775155,0.0,0.0,355.4438159780681,False
1782401045.9342945,81.86464667320251,8.367568358164378,1.039704928175245,0.027787286948075047,0.0,0.0,355.6144940297421,False
1782401046.0153108,81.94566297531128,8.381557329673766,1.0384915036143774,0.027786659135709168,0.0,0.0,355.7759439974702,False
1782401046.0876915,82.01804375648499,8.39246985335342,1.0375768071398566,0.027786357669230634,0.0,0.0,355.8947157912593,False
1782401046.163005,82.09335732460022,8.406530834073077,1.0364374516097183,0.027786289333963425,0.0,0.0,356.0397175050751,False
1782401046.2237134,82.15406560897827,8.422168543304487,1.0352195538649478,0.02778654422489274,0.0,0.0,356.19432410195793,False
1782401046.294343,82.22469520568848,8.434693954085862,1.0342797434852893,0.027786797105863736,0.0,0.0,356.31301535626335,False
1782401046.3668945,82.29724669456482,8.445671002303136,1.0334811606147434,0.02778692526628432,0.0,0.0,356.41239683613423,False
1782401046.4650817,82.39543390274048,8.464525387047665,1.032161504695769,0.027786841770555366,0.0,0.0,356.5728264707695,False
1782401046.527855,82.45820713043213,8.478694106544113,1.031210820432531,0.027786587466882173,0.0,0.0,356.684913450263,False
1782401046.594249,82.5246012210846,8.489729042246623,1.0304934513619184,0.02778636083002731,0.0,0.0,356.76727331763993,False
1782401046.6730936,82.60344576835632,8.502357198047589,1.0296960672202187,0.0277861453332132,0.0,0.0,356.85592748481974,False
1782401046.7354205,82.6657726764679,8.515003631120827,1.0289214783492517,0.027786022451031202,0.0,0.0,356.93845019790916,False
1782401046.8005457,82.73089790344238,8.529237604286347,1.0280765820610929,0.027786035908975663,0.0,0.0,357.0237508682892,False
1782401046.8685791,82.79893136024475,8.540307476661644,1.0274380267092251,0.0277861424157976,0.0,0.0,357.0845883179483,False
1782401046.928849,82.85920119285583,8.5497910759403,1.0269031039513492,0.027786278456094902,0.0,0.0,357.13260241122595,False
1782401046.9930835,82.9234356880188,8.562430937263164,1.0262065377298648,0.027786470707088517,0.0,0.0,357.1910638117722,False
1782401047.0637949,82.99414706230164,8.578225122025069,1.0253605634973073,0.02778664401618293,0.0,0.0,357.2558108394189,False
1782401047.1299477,83.06029987335205,8.589272932990582,1.0247836201591023,0.027786697590147517,0.0,0.0,357.29511695092,False
1782401047.1982954,83.12864756584167,8.600326684134572,1.0242175792927057,0.02778666239683141,0.0,0.0,357.3311658015378,False
1782401047.2729056,83.20325779914856,8.614561562939965,1.0235038370162102,0.027786473458477658,0.0,0.0,357.375948549391,False
1782401047.3397706,83.27012276649475,8.62881133619442,1.0228050271381444,0.027786209339949398,0.0,0.0,357.41908909829755,False
1782401047.4044802,83.33483242988586,8.639900156342856,1.0222712596811772,0.027786022884830185,0.0,0.0,357.45158236113366,True
1782401047.471232,83.40158414840698,8.650991787873533,1.0217455872665926,0.027785907365986063,0.0,0.0,357.48320243662624,False
1782401047.5354593,83.46581149101257,8.663670109363068,1.021154250160593,0.027785903067314835,0.0,0.0,357.51832886053296,False
1782401047.5989375,83.52928972244263,8.677928054021697,1.0205007057775595,0.027786076969337617,0.0,0.0,357.5555459438209,False
1782401047.6686037,83.59895586967468,8.689012653079969,1.020000547826248,0.027786297274098107,0.0,0.0,357.58235390119813,False
1782401047.7303379,83.66069006919861,8.698511985042952,1.0195771495883397,0.02778648739487829,0.0,0.0,357.6039135651999,False
1782401047.802097,83.7324492931366,8.71117652007531,1.019019782021142,0.02778666024627126,0.0,0.0,357.6307087330108,False
1782401047.8894901,83.81984233856201,8.731737314980238,1.018130922896823,0.027786641850133,0.0,0.0,357.66711958014764,False
1782401047.9651685,83.89552068710327,8.744360648944873,1.0175940731925401,0.027786527208990417,0.0,0.0,357.68133612360833,False
1782401048.0311499,83.96150207519531,8.755394835084957,1.0171296150060591,0.02778643493272415,0.0,0.0,357.6885397540993,False
1782401048.0943103,84.02466249465942,8.769566943069396,1.0165385990054905,0.027786435898415337,0.0,0.0,357.6898497626252,False
1782401048.2712908,84.2016429901123,8.799508169016454,1.0153038027588546,0.02778675801972435,0.0,0.0,357.67562813551507,False
1782401048.3608732,84.29122543334961,8.82005527117044,1.0144620690483654,0.027786629330209613,0.0,0.0,357.6700937213104,False
1782401048.4330215,84.36337375640869,8.832709060105325,1.0139447675345925,0.0277863221311868,0.0,0.0,357.6687637886539,False
1782401048.492962,84.42331409454346,8.842197625355837,1.0135572106688748,0.02778606123900404,0.0,0.0,357.6693142835874,False
1782401048.5618033,84.4921555519104,8.854845291930397,1.0130410237344127,0.02778582365158647,0.0,0.0,357.6724990057821,False
1782401048.623581,84.55393314361572,8.86908835281367,1.0124603345762513,0.02778583284403462,0.0,0.0,357.67661938460225,False
1782401048.6940343,84.62438654899597,8.881759833881029,1.0119443257089586,0.0277861127603094,0.0,0.0,357.6802691275395,False
1782401048.7728171,84.70316934585571,8.89443824778103,1.0114286498519882,0.027786505188099605,0.0,0.0,357.68390836592226,False
1782401048.8358023,84.76615452766418,8.907121101805622,1.010913445477476,0.027786779653136487,0.0,0.0,357.6875369465354,False
1782401048.9020572,84.83240938186646,8.92139181981991,1.0103345637136616,0.027786730918579583,0.0,0.0,357.69160499971343,False
1782401048.99853,84.9288821220398,8.937248333816568,1.009692437832439,0.027786254272192373,0.0,0.0,357.69610745117814,False
1782401049.0698998,85.00025200843811,8.94993259465405,1.0091796302545013,0.027785806145628218,0.0,0.0,357.6996964695872,False
1782401049.1507072,85.08105945587158,8.967370440116474,1.0084759062544613,0.027785588953442568,0.0,0.0,357.70490501700675,False
1782401049.2212918,85.15164399147034,8.98002246110372,1.0079662692795812,0.027785930445609106,0.0,0.0,357.7135365455848,False
1782401049.2920668,85.2224190235138,8.991079839163271,1.0075217154993692,0.027786463001736608,0.0,0.0,357.72511906650976,False
1782401049.36686,85.29721212387085,9.006879077585797,1.0068884926505233,0.027787153793614718,0.0,0.0,357.74559368609334,False
1782401049.4437294,85.3740816116333,9.0179400508716,1.0064470168826054,0.027787328834567197,0.0,0.0,357.7626002490404,False
1782401049.5099733,85.44032549858093,9.033741728772375,1.005819749310377,0.02778698162119447,0.0,0.0,357.7905758524962,False
1782401049.5767386,85.50709080696106,9.049541823579508,1.0051975415438321,0.027786209147622053,0.0,0.0,357.8227006759806,False
1782401049.6428027,85.57315492630005,9.062180439136986,1.004704159109841,0.027785697456292065,0.0,0.0,357.8512419371512,False
1782401049.7219741,85.65232634544373,9.07481267880131,1.0042154613595673,0.02778559061914314,0.0,0.0,357.88304607360794,False
1782401049.8001146,85.73046684265137,9.087438257311652,1.003732041006381,0.02778595195202713,0.0,0.0,357.91860233762105,False
1782401049.8693497,85.79970192909241,9.1032166044022,1.0031359496362409,0.02778675349822653,0.0,0.0,357.9679913265055,False
1782401049.934568,85.86492013931274,9.115838493604484,1.0026663737314543,0.02778726675911076,0.0,0.0,358.0111811944222,False
1782401049.999622,85.92997431755066,9.126882283506102,1.002261400642508,0.02778738863401845,0.0,0.0,358.0514575671886,False
1782401050.0654218,85.99577403068542,9.137925404176316,1.0018624348257008,0.02778715972883767,0.0,0.0,358.0938928612124,False
1782401050.1499674,86.08031964302063,9.156854219726783,1.0011937819393604,0.027786311135875996,0.0,0.0,358.1712321120458,False
1782401050.2254229,86.15577507019043,9.169472176326051,1.0007596283254017,0.02778586329963129,0.0,0.0,358.2257120274636,False
1782401050.2898684,86.2202205657959,9.180512786299198,1.00038790107268,0.027785776930700317,0.0,0.0,358.2751085080703,False
1782401050.3608096,86.29116177558899,9.194709802486583,0.9999217310555648,0.027786106982719112,0.0,0.0,358.3406238044934,False
1782401050.4428105,86.37316274642944,9.20891802883588,0.9994692310659173,0.027786659026613852,0.0,0.0,358.40679184685524,False
1782401050.5075562,86.437908411026,9.221554854387618,0.999079059797057,0.02778701461243119,0.0,0.0,358.46581529834896,False
1782401050.573983,86.5043351650238,9.232616980935553,0.9987472764199155,0.027787053811227386,0.0,0.0,358.51736320272863,False
1782401050.649057,86.57940912246704,9.250015430747437,0.9982443138738919,0.02778658805595892,0.0,0.0,358.596457018025,False
1782401050.7091012,86.6394534111023,9.26109262924797,0.9979362116451268,0.02778615473432423,0.0,0.0,358.64562582558744,False
1782401050.788266,86.71861815452576,9.273755088902773,0.9975955885499742,0.027785791777236238,0.0,0.0,358.70082108778934,False
1782401050.8586967,86.78904891014099,9.286124135314928,0.997273695718186,0.02778640848270549,0.0,0.0,358.7548955374149,False
1782401050.9225554,86.85290765762329,9.295123291855418,0.9970407547748528,0.027791348737694885,0.0,0.0,358.80025672700583,False
1782401051.0043175,86.93466973304749,9.304633750191105,0.9967943377396485,0.027800826894171134,0.0,0.0,358.85491323995006,False
1782401051.0738482,87.00420045852661,9.314183875865789,0.9965468224642913,0.027809071038804697,0.0,0.0,358.9163903861843,False
1782401051.145694,87.07604622840881,9.32014785102578,0.9963924623654394,0.0278093261613639,0.0,0.0,358.9586595475183,False
1782401051.208978,87.1393301486969,9.324858097427832,0.9962707773753183,0.02780573105005947,0.0,0.0,358.9943041522412,False
1782401051.272279,87.20263123512268,9.329757990352423,0.9961443621133076,0.027799436847964466,0.0,0.0,359.0332050281468,False
1782401051.3371649,87.26751708984375,9.334736293358738,0.9960158846113384,0.027793483921700366,0.0,0.0,359.07474154142074,False
1782401051.4060707,87.33642292022705,9.338748015944955,0.9959121070689508,0.027791981849140675,0.0,0.0,359.1102459155138,False
1782401051.486945,87.41729712486267,9.342428531909265,0.9958166042791831,0.027794582832138436,0.0,0.0,359.1445881534001,False
1782401051.5577495,87.48810172080994,9.346247859091168,0.9957173137516059,0.02780036028734163,0.0,0.0,359.1815427227734,False
1782401051.6218944,87.55224657058716,9.34980197747687,0.9956250342785303,0.02780547536485203,0.0,0.0,359.2168478964205,False
1782401051.6854398,87.61579203605652,9.352418754103256,0.9955573320323188,0.027806945248871943,0.0,0.0,359.2434905610149,False
1782401051.757028,87.68738031387329,9.354921500852587,0.9954928076261815,0.027805652125401814,0.0,0.0,359.26947743438666,False
1782401051.820756,87.75110816955566,9.357645729941204,0.9954227223094508,0.02780162946054169,0.0,0.0,359.29821371916944,False
1782401051.8850079,87.8153600692749,9.3605344259055,0.9953483214448383,0.02779648685688044,0.0,0.0,359.3293502598042,False
1782401051.9658532,87.89620542526245,9.363239767841701,0.9952783135872207,0.02779383058795375,0.0,0.0,359.3595540517908,False
1782401052.0538778,87.9842300415039,9.365780334294385,0.9952122181905162,0.027795182298872498,0.0,0.0,359.3888955250397,False
1782401052.1167495,88.04710173606873,9.36792668560525,0.9951562736998594,0.027798934476396923,0.0,0.0,359.4141143534254,False
1782401052.1989346,88.12928676605225,9.370749503410755,0.9950829594088185,0.027804256535270386,0.0,0.0,359.4476261764541,False
1782401052.2878778,88.21823000907898,9.372969724426644,0.9950257032590121,0.027805638397810053,0.0,0.0,359.474290972291,False
1782401052.3609939,88.29134607315063,9.375109286117207,0.9949707706268232,0.02780341206766401,0.0,0.0,359.5001943094184,False
1782401052.4488003,88.37915253639221,9.377817314984485,0.9949011039254763,0.027797712440444333,0.0,0.0,359.53351727174845,False
1782401052.5181592,88.4485113620758,9.379315656045858,0.9948622881720867,0.027795315645757098,0.0,0.0,359.5524701813457,False
1782401052.592999,88.52335119247437,9.380960331571846,0.9948194345643446,0.027794930481342385,0.0,0.0,359.5737143078498,False
1782401052.6628964,88.59324860572815,9.382935432956799,0.994767854902943,0.027797943602238744,0.0,0.0,359.59952996285347,False
1782401052.7302494,88.66060161590576,9.384469143469218,0.9947279697550452,0.027801577619724075,0.0,0.0,359.619644341984,False
1782401052.810393,88.74074530601501,9.38597122162546,0.9946891879532689,0.02780430761706472,0.0,0.0,359.6393958125595,False
1782401052.882865,88.81321716308594,9.387441196817775,0.9946514690615511,0.02780477856903465,0.0,0.0,359.65876537394547,False
1782401052.9604225,88.89077472686768,9.38922215393168,0.9946058208432585,0.027802043150527915,0.0,0.0,359.68235817483946,False
1782401053.0282233,88.95857548713684,9.39076012895687,0.9945661598055004,0.02779821975872596,0.0,0.0,359.7030873279212,False
1782401053.0867488,89.01710104942322,9.39174997907996,0.9945404397300133,0.02779623162210808,0.0,0.0,359.7166968512231,False
1782401053.1580753,89.08842754364014,9.392872781487737,0.9945111106206742,0.02779537259401241,0.0,0.0,359.7323395348902,False
1782401053.2434983,89.17385053634644,9.394738169288152,0.99446235033596,0.027797956664144877,0.0,0.0,359.75849319531284,True
1782401053.308761,89.23911309242249,9.395954443392611,0.9944307943337571,0.027801178201020904,0.0,0.0,359.7755341178723,False
1782401053.369084,89.29943609237671,9.39685556018862,0.9944075925603985,0.02780323709341684,0.0,0.0,359.78814797385684,False
1782401053.4336221,89.36397433280945,9.397893046608417,0.9943810196575624,0.027804372134654153,0.0,0.0,359.8026594708568,False
1782401053.495539,89.42589116096497,9.39919743132484,0.9943476416919017,0.02780328936515894,0.0,0.0,359.8209550813371,False
1782401053.5633433,89.49369549751282,9.400321359871858,0.9943187133234399,0.027800540217404426,0.0,0.0,359.83691516993196,False
1782401053.623374,89.55372619628906,9.401140443089668,0.9942974625358979,0.02779825092107282,0.0,0.0,359.84873691722726,False
1782401053.688805,89.61915731430054,9.402072079035179,0.994273128728912,0.027796312930088485,0.0,0.0,359.8623622947043,False
1782401053.759088,89.68944025039673,9.403240348034725,0.9942425177803901,0.02779604101852668,0.0,0.0,359.8795715792885,False
1782401053.8227055,89.75305771827698,9.404387455619567,0.9942126063435316,0.027798284376852014,0.0,0.0,359.8964500149048,False
1782401053.88389,89.8142421245575,9.405144676449261,0.9941930310208748,0.02780048967562223,0.0,0.0,359.9075567381505,False
1782401053.954055,89.88440728187561,9.406020737673439,0.994170551441166,0.027802796746809876,0.0,0.0,359.92037297602536,False
1782401054.0398684,89.9702205657959,9.407494253573981,0.9941328990192115,0.027803826130134195,0.0,0.0,359.94192158904514,False
1782401054.1027527,90.03310489654541,9.408447259066442,0.9941084068272409,0.027802058526461754,0.0,0.0,359.95600392232626,False
1782401054.19709,90.12744212150574,9.409486509884083,0.9940814145454128,0.0277989316174585,0.0,0.0,359.97163481732116,False
1782401054.2651575,90.19550967216492,9.410384243404945,0.9940578969089245,0.027796719100810732,0.0,0.0,359.98532767409836,False
1782401054.3324697,90.2628219127655,9.411483345432046,0.9940290951361745,0.027796402421440297,0.0,0.0,0.0021413349377431413,False
1782401054.3981512,90.32850337028503,9.41235263399843,0.9940065090351992,0.02779822890117021,0.0,0.0,0.015382977714781575,False
1782401054.460059,90.39041113853455,9.413000763965343,0.9939898265091442,0.027800245563469373,0.0,0.0,0.025213596614325793,False
1782401054.5231657,90.45351791381836,9.413751432116433,0.9939706346996406,0.02780243336516361,0.0,0.0,0.03656236550500942,False
1782401054.5869915,90.51734375953674,9.414597425172511,0.9939490477788556,0.027803684394963404,0.0,0.0,0.04935242395265151,False
1782401054.6745443,90.60489654541016,9.415628328967273,0.9939225614995447,0.027802602803012638,0.0,0.0,0.06509295196482799,False
1782401054.7388585,90.66921067237854,9.416329641837912,0.993904335510901,0.02780052937069076,0.0,0.0,0.07597947516682772,False
1782401054.7991247,90.72947692871094,9.417112749717534,0.9938838124488311,0.02779799409445134,0.0,0.0,0.08828033299518222,False
1782401054.8648772,90.79522943496704,9.417977618426209,0.9938611094948873,0.027796454236453355,0.0,0.0,0.1019135966141475,False
1782401054.9326973,90.86304950714111,9.418644112347435,0.9938437323370728,0.027796836875678507,0.0,0.0,0.11237967025951942,False
1782401054.9991004,90.92945265769958,9.419307840745613,0.9938265979932971,0.02779846269926769,0.0,0.0,0.12274810838375524,False
1782401055.0677068,90.99805903434753,9.420156050329602,0.9938049133159067,0.027801289603540384,0.0,0.0,0.13593004779379295,False
1782401055.1343095,91.06466174125671,9.420992220674718,0.9937835927755261,0.02780324707268778,0.0,0.0,0.14891762778628828,False
1782401055.2224832,91.15283536911011,9.421808801133041,0.9937626067902604,0.02780310551682004,0.0,0.0,0.1617269910222605,False
1782401055.2980347,91.22838687896729,9.42242816193948,0.9937465020114654,0.027801574652417657,0.0,0.0,0.17158934239560458,False
1782401055.359893,91.29024529457092,9.423206732781205,0.993726072045711,0.027798840065766172,0.0,0.0,0.18412965476044174,False
1782401055.4218996,91.35225176811218,9.423887806747302,0.9937081805616597,0.027797015701600956,0.0,0.0,0.19512738791600207,False
1782401055.48886,91.41921210289001,9.424648698636204,0.9936883661499848,0.027796826503924992,0.0,0.0,0.20735012043268727,False
1782401055.5620983,91.49245047569275,9.425238778495334,0.9936731850692979,0.02779812505891296,0.0,0.0,0.21676557493929632,False
1782401055.6302557,91.56060791015625,9.425909742900517,0.9936560697817747,0.02780045047758174,0.0,0.0,0.2274193175000506,False
1782401055.736768,91.66712021827698,9.426899350432645,0.9936308145982518,0.027803098508485048,0.0,0.0,0.2431624437069392,False
1782401055.8210263,91.75137853622437,9.427778639310029,0.9936080482603763,0.02780254665350119,0.0,0.0,0.2573831490875005,False
1782401055.8875592,91.81791138648987,9.428401368988137,0.9935917120981119,0.027800537212672383,0.0,0.0,0.2676075691287721,False
1782401055.9555824,91.88593459129333,9.42901467433163,0.9935755756885686,0.027798278079465676,0.0,0.0,0.27771578863082885,False
1782401056.0236776,91.95402979850769,9.429699751063982,0.99355768251238,0.02779686079998467,0.0,0.0,0.2889568171752594,False
1782401056.1010463,92.03139853477478,9.430307531907566,0.9935420172493991,0.027797298590087,0.0,0.0,0.29885362787131564,False
1782401056.1677527,92.09810495376587,9.430988652822906,0.9935246495167401,0.02779938932073564,0.0,0.0,0.30987512280311996,False
1782401056.229148,92.15950012207031,9.43158723135044,0.9935094094766957,0.027801602145167647,0.0,0.0,0.31955811299616493,False
1782401056.2929823,92.22333455085754,9.432102045666467,0.9934962037171327,0.027802876868826928,0.0,0.0,0.32794978196820906,False
1782401056.3536777,92.28402996063232,9.432535381105264,0.9934849708971579,0.027803062303659087,0.0,0.0,0.33509257945499,False
1782401056.4173396,92.34769177436829,9.43310237093431,0.9934701177330193,0.027801942465532126,0.0,0.0,0.3445439443763045,False
1782401056.4995806,92.4299328327179,9.433729745877862,0.9934535966171917,0.027799564959917998,0.0,0.0,0.35506152202165653,False
1782401056.5698242,92.50017642974854,9.434283304179047,0.9934391047344426,0.027797661163337588,0.0,0.0,0.3643091921108901,False
1782401056.6359699,92.56632208824158,9.435043565250627,0.9934194997483587,0.027797122024642927,0.0,0.0,0.3768977895247591,False
1782401056.6944923,92.62484455108643,9.435594801812346,0.9934054620690267,0.027798488402917276,0.0,0.0,0.3859578188599539,False
1782401056.7604718,92.69082403182983,9.43607272505713,0.9933933061862308,0.027800340316722856,0.0,0.0,0.39381003475494164,False
1782401056.841821,92.77217316627502,9.436610206059925,0.9933795307915882,0.027802228258148057,0.0,0.0,0.4027045885885441,False
1782401056.9022453,92.83259749412537,9.437136394610446,0.9933658631896414,0.027802959801089346,0.0,0.0,0.41152850920009854,False
1782401056.964029,92.89438128471375,9.43771627216738,0.9933506217560584,0.02780198160853129,0.0,0.0,0.42136697205575857,False
1782401057.0454385,92.97579073905945,9.438288550190514,0.9933355553875005,0.027799750288269438,0.0,0.0,0.43109856196079677,False
1782401057.1141315,93.04448366165161,9.43873212458356,0.9933239819365924,0.027798065091800335,0.0,0.0,0.4385997715925969,False
1782401057.172797,93.10314917564392,9.439175907982769,0.9933125437608641,0.027797159882162144,0.0,0.0,0.4460513633637732,False
1782401057.2390115,93.16936373710632,9.4397457156449,0.9932980235180708,0.027797654416289418,0.0,0.0,0.4555547655743708,False
1782401057.3070354,93.23738765716553,9.440247894095661,0.993285260163793,0.02779937974578381,0.0,0.0,0.46391891947107505,False
1782401057.3685935,93.2989456653595,9.440619421518084,0.9932757548225986,0.0278009294911728,0.0,0.0,0.47014306399627337,False
1782401057.4326587,93.3630108833313,9.441045844796133,0.993264724214383,0.027802350677839767,0.0,0.0,0.47736004523259123,False
1782401057.4924624,93.42281460762024,9.44158332101994,0.9932506354957573,0.027802758754983885,0.0,0.0,0.48657002618832573,False
1782401057.5566528,93.48700499534607,9.442053942891818,0.9932382233223246,0.027801620253476343,0.0,0.0,0.49468095321814276,False
1782401057.6379519,93.56830406188965,9.4425219621581,0.9932259477280608,0.027799665026896268,0.0,0.0,0.5027202869546676,False
1782401057.7067673,93.63711953163147,9.442990155393334,0.9932138293684474,0.02779789957669378,0.0,0.0,0.5106996751487687,False
1782401057.7694135,93.69976568222046,9.44351710932745,0.9932003798368033,0.027797240023128274,0.0,0.0,0.5196074488966345,False
1782401057.8354287,93.76578092575073,9.443982787850796,0.9931885577379505,0.027798151385209163,0.0,0.0,0.527454161166824,False
1782401057.9043584,93.83471059799194,9.444385158858738,0.9931782864388623,0.0277997462092292,0.0,0.0,0.5342652226008258,False
1782401057.969208,93.89956021308899,9.444780954315696,0.9931680648762151,0.027801428831378084,0.0,0.0,0.541033012894025,False
1782401058.0796719,94.01002407073975,9.445608156536409,0.9931463347206096,0.027802551938611295,0.0,0.0,0.5553926392623968,False
1782401058.1523094,94.08266162872314,9.446042930868598,0.9931348888224895,0.027801266417073544,0.0,0.0,0.5629603490374449,False
1782401058.2293518,94.15970396995544,9.446477474787132,0.9931235805805599,0.027799345572490506,0.0,0.0,0.5704715903850125,False
1782401058.2944543,94.22480654716492,9.446912849936924,0.9931124174125018,0.027797776084110673,0.0,0.0,0.5779333148506999,False
1782401058.3651893,94.29554152488708,9.44745563535049,0.9930986364798376,0.027797470070733566,0.0,0.0,0.5871813163100685,False
1782401058.4515667,94.38191890716553,9.447937855517683,0.9930863437216161,0.02779890639007671,0.0,0.0,0.5954249927971528,False
1782401058.5131264,94.44347858428955,9.448306289654795,0.9930768269385161,0.02780056747389228,0.0,0.0,0.6017924145287907,False
1782401058.579739,94.51009130477905,9.44871996474811,0.9930659935667481,0.02780214050810723,0.0,0.0,0.6090255035993593,False
1782401058.6652336,94.59558582305908,9.44933063137565,0.9930498789749255,0.027802325594834535,0.0,0.0,0.619772667913711,False
1782401058.7460108,94.67636299133301,9.44973596747557,0.993039275148843,0.027800922070370854,0.0,0.0,0.626869756293078,False
1782401058.8170996,94.74745178222656,9.45014224213835,0.9930288056062242,0.0277990593978064,0.0,0.0,0.6339219538218047,True
1782401058.885975,94.81632709503174,9.450599548646657,0.9930171747164999,0.027797596702300132,0.0,0.0,0.6417995498245995,False
1782401058.9753392,94.90569138526917,9.451103358223294,0.9930043783967191,0.027797793613612478,0.0,0.0,0.6504734346465856,False
1782401059.0568652,94.98721742630005,9.45154848138837,0.9929929225990342,0.027799472237768026,0.0,0.0,0.6582160390318983,False
1782401059.120667,95.05101919174194,9.451984498039822,0.9929815083605832,0.027801473323919867,0.0,0.0,0.665905595300934,False
1782401059.180627,95.11097931861877,9.452366450459012,0.9929714196691363,0.027802476329881438,0.0,0.0,0.6726899554012032,False
1782401059.2459774,95.17632961273193,9.45269888641011,0.9929626654350998,0.027802310967971675,0.0,0.0,0.6785848920319099,False
1782401059.3041847,95.23453688621521,9.4529839832433,0.9929552328230608,0.02780142939957154,0.0,0.0,0.6836104860935692,False
1782401059.3967454,95.32709765434265,9.453555956041528,0.9929405765861083,0.02779880639799274,0.0,0.0,0.6935947272062668,False
1782401059.4643624,95.39471459388733,9.453936490525706,0.9929309317693965,0.02779764648777029,0.0,0.0,0.7001948845232091,False
1782401059.5537744,95.48412656784058,9.454359716898422,0.9929201480939852,0.02779779450716427,0.0,0.0,0.7075639280889238,False
1782401059.6124175,95.54276967048645,9.454683382005006,0.9929117842296781,0.02779892444304803,0.0,0.0,0.7132602938238362,False
1782401059.6758597,95.60621190071106,9.45509227088407,0.9929010575861648,0.027800905801260635,0.0,0.0,0.7205415993207049,False
1782401059.7445626,95.67491483688354,9.455451034858354,0.9928915746140412,0.027802201811908664,0.0,0.0,0.7269675325966518,False
1782401059.805666,95.73601818084717,9.455719081002469,0.9928845176343504,0.027802444660594897,0.0,0.0,0.7317574789593287,False
1782401059.8685098,95.79886198043823,9.456032210162068,0.9928763630129124,0.02780182703529851,0.0,0.0,0.7373178032611012,False
1782401059.934619,95.86497116088867,9.456436166158072,0.9928660100555388,0.027800047798097995,0.0,0.0,0.7444269489246971,False
1782401059.9977248,95.92807698249817,9.456795097134776,0.992856910717181,0.027798412676240624,0.0,0.0,0.7507040137340312,False
1782401060.067691,95.99804329872131,9.457106854886076,0.9928489978694989,0.02779763668290249,0.0,0.0,0.7561610779922023,False
1782401060.1388433,96.06919550895691,9.45745825176551,0.9928399791730065,0.02779790108648835,0.0,0.0,0.7623615046410046,False
1782401060.2045,96.13485217094421,9.457888929331865,0.9928287247287854,0.027799664521918774,0.0,0.0,0.7700643482398497,False
1782401060.2749338,96.20528602600098,9.458228214401686,0.9928197571388345,0.027801335731402026,0.0,0.0,0.7761840257546839,False
1782401060.3467467,96.27709889411926,9.458523542861297,0.9928119673607857,0.02780225064927188,0.0,0.0,0.7815052161988144,False
1782401060.4128664,96.34321856498718,9.458861485356232,0.9928031589538979,0.02780219436896793,0.0,0.0,0.7875525844667599,False
1782401060.4759881,96.40634036064148,9.459243168254645,0.9927933810226679,0.02780081706517283,0.0,0.0,0.7943174315983167,False
1782401060.542347,96.47269916534424,9.45954009244422,0.9927858561157457,0.027799328130124614,0.0,0.0,0.7995476869718897,False
1782401060.6085591,96.53891134262085,9.459835221681582,0.9927783739421764,0.027798113482268644,0.0,0.0,0.8047480380237062,False
1782401060.671287,96.60163927078247,9.46012688258666,0.9927709097041165,0.027797652213081458,0.0,0.0,0.8099208930783199,False
1782401060.733548,96.66390013694763,9.460495499894925,0.992761319722117,0.027798410015786132,0.0,0.0,0.8165369478438612,False
1782401060.7929976,96.7233498096466,9.46077782420276,0.9927538740013241,0.02779975187169254,0.0,0.0,0.821654334333115,False
1782401060.8691604,96.7995126247406,9.46109789950474,0.9927454088198994,0.02780136139235744,0.0,0.0,0.8274682131226719,False
1782401060.9329147,96.86326694488525,9.461377670829924,0.9927380686604005,0.027802211142329926,0.0,0.0,0.8325263452663731,False
1782401060.9972456,96.92759776115417,9.461738729732948,0.9927287476902569,0.027802004358925624,0.0,0.0,0.8389958592649827,False
1782401061.071864,97.00221610069275,9.4621008069666,0.992719548238466,0.02780051846074301,0.0,0.0,0.8454265834286645,False
1782401061.1317458,97.06209802627563,9.46234135444864,0.9927134606729185,0.027799273467023305,0.0,0.0,0.8496891657744944,False
1782401061.1949255,97.12527775764465,9.462619496864352,0.9927063786158233,0.027798120762892176,0.0,0.0,0.8546378223445626,False
1782401061.2686758,97.19902801513672,9.463010131282434,0.9926962664336811,0.02779782658647414,0.0,0.0,0.8616684057388088,False
1782401061.3367538,97.26710605621338,9.463355237082123,0.9926871738147136,0.02779903355520842,0.0,0.0,0.8679571910504084,False
1782401061.4026651,97.33301734924316,9.463621223304738,0.9926801344895427,0.027800453421276686,0.0,0.0,0.8728193719759699,False
1782401061.4650793,97.39543151855469,9.46388691411954,0.9926731517026052,0.02780168603542299,0.0,0.0,0.877656637466453,False
1782401061.6102145,97.54056668281555,9.46430624020906,0.9926623291652259,0.02780216357468934,0.0,0.0,0.8852152333817045,False
1782401061.7032292,97.6335813999176,9.464954564434269,0.9926458940210837,0.027799416705009013,0.0,0.0,0.8967874392666999,False
1782401061.7684252,97.69877743721008,9.465254854701634,0.9926382007863804,0.0277981285070082,0.0,0.0,0.9021855424929719,False
1782401061.8267927,97.75714492797852,9.465550223732507,0.9926305027557545,0.02779780501406933,0.0,0.0,0.907558015982422,False
1782401061.8930519,97.82340407371521,9.465841451486774,0.992622811812083,0.027798605660391003,0.0,0.0,0.9129029484409669,False
1782401061.9653876,97.89573979377747,9.466094537548114,0.9926161145731793,0.027799912017418455,0.0,0.0,0.9175545320837366,False
1782401062.0253232,97.95567536354065,9.466347631318223,0.99260947377649,0.027801246366873086,0.0,0.0,0.9221837647005581,False
1782401062.0906398,98.02099204063416,9.466674468130105,0.9926010411439693,0.02780217377230359,0.0,0.0,0.9281074540900961,False
1782401062.159498,98.08985018730164,9.466965966890028,0.9925936380107451,0.027801824883829734,0.0,0.0,0.9333457593324574,False
1782401062.2252505,98.15560269355774,9.467220302058195,0.9925872062140315,0.027800736132836252,0.0,0.0,0.9379053596465676,False
1782401062.2935848,98.22393703460693,9.46747235725878,0.9925807897060516,0.02779936139529632,0.0,0.0,0.9424430442730244,False
1782401062.3583174,98.28866958618164,9.467791463617463,0.992572534081275,0.02779804299192288,0.0,0.0,0.9482495496097363,False
1782401062.4483058,98.37865805625916,9.468139754877244,0.9925633568409038,0.02779806557315074,0.0,0.0,0.9546650982553647,False
1782401062.5149791,98.44533133506775,9.468415828093907,0.9925560483283827,0.02779921386360387,0.0,0.0,0.9597662298931205,False
1782401062.5795026,98.50985479354858,9.46865741019618,0.992549709510904,0.027800570397678234,0.0,0.0,0.9642076821110294,False
1782401062.6553767,98.58572888374329,9.469039026181227,0.9925398871682258,0.027802052299337653,0.0,0.0,0.9711515667350362,False
1782401062.7263234,98.6566755771637,9.469317369699562,0.9925328367342983,0.02780193888281674,0.0,0.0,0.9761729059825466,False
1782401062.7970345,98.72738671302795,9.469559802697129,0.9925267019676006,0.027801010797738886,0.0,0.0,0.980544321738605,False
1782401062.872037,98.80238914489746,9.46986769051234,0.9925188204351638,0.027799309256532317,0.0,0.0,0.986136559342502,False
1782401062.9409196,98.87127184867859,9.470170148807165,0.9925109242402474,0.027798059907941184,0.0,0.0,0.9917011749183173,False
1782401063.013723,98.94407510757446,9.470468363191129,0.9925030332253635,0.027798058393190894,0.0,0.0,0.9972355959332759,False
1782401063.0838304,99.01418256759644,9.470699203536874,0.9924969314411596,0.027798947003790472,0.0,0.0,1.0015173956644703,False
1782401063.154397,99.08474922180176,9.47099679262031,0.9924891713966756,0.02780062420605078,0.0,0.0,1.006996367427771,False
1782401063.2202852,99.15063738822937,9.471296040643365,0.9924815204445654,0.027801892460654613,0.0,0.0,1.0124488642387892,False
1782401063.2909217,99.22127389907837,9.47152903625208,0.9924756283976557,0.027802052666219046,0.0,0.0,1.0166692845333092,False
1782401063.3640895,99.29444169998169,9.471793707662902,0.9924689227188271,0.02780125156214487,0.0,0.0,1.021469184536566,False
1782401063.4243264,99.35467863082886,9.472054933510787,0.9924622144544128,0.027799814585257928,0.0,0.0,1.0262466615056585,False
1782401063.4844747,99.4148268699646,9.472312089837402,0.9924554911006482,0.0277984800766451,0.0,0.0,1.0310041453388685,False
1782401063.5785291,99.50888133049011,9.472629330351612,0.9924470923712324,0.027797959289239484,0.0,0.0,1.0369195809627052,False
1782401063.6538522,99.58420443534851,9.472882149352388,0.9924404214318961,0.027798714383613646,0.0,0.0,1.041625132887009,False
1782401063.7213888,99.65174102783203,9.473199586663116,0.9924321914720183,0.027800494936546283,0.0,0.0,1.0474779924585107,False
1782401063.7862158,99.71656799316406,9.473454846760868,0.9924256976547019,0.027801698929680794,0.0,0.0,1.05213813487383,False
1782401063.8580558,99.78840804100037,9.473678027631122,0.9924200597837421,0.02780204544833498,0.0,0.0,1.0561973322624065,False
1782401063.9455302,99.87588238716125,9.473993858877046,0.992412024798075,0.027801169185191626,0.0,0.0,1.0619662283959603,False
1782401064.0391603,99.96951246261597,9.474395883473935,0.9924015475315764,0.027798885986188147,0.0,0.0,1.0694206647463926,False
1782401064.1057112,100.03606343269348,9.4746090121015,0.9923959022964262,0.027798094698335232,0.0,0.0,1.0734124377592211,False
1782401064.1727593,100.10311150550842,9.474821318968461,0.9923902831624423,0.027798060980636294,0.0,0.0,1.077387090898632,False
1782401064.2399154,100.1702675819397,9.475064493594415,0.992383922888462,0.027798948536173183,0.0,0.0,1.0819103899940725,False
1782401064.3248146,100.25516676902771,9.475431629190549,0.99237453087651,0.027801052780614517,0.0,0.0,1.0886613226060597,False
1782401064.3853817,100.31573390960693,9.47561548583248,0.9923698864212809,0.027801789514869866,0.0,0.0,1.092019892960932,False
1782401064.477966,100.4083182811737,9.475919699937801,0.9923621696620814,0.02780180704065959,0.0,0.0,1.0975909063738836,True
1782401064.539717,100.47006916999817,9.476189105699536,0.9923552091580298,0.027800594204926077,0.0,0.0,1.1025799400790683,False
1782401064.6059272,100.53627943992615,9.476424888271897,0.9923490044579887,0.027799169724268904,0.0,0.0,1.106995933102871,False
1782401064.6738055,100.60415768623352,9.476629381999102,0.9923435814397881,0.027798255902586985,0.0,0.0,1.1108435002646442,False
1782401064.7670476,100.69739985466003,9.476921159875678,0.992335894942411,0.027798186913326684,0.0,0.0,1.1163131046054744,False
1782401064.838639,100.76899123191833,9.477244159349747,0.9923275728637897,0.02779970786420863,0.0,0.0,1.1222982020687904,False
1782401064.8996294,100.82998156547546,9.477450570319075,0.9923223448036218,0.027800931751727216,0.0,0.0,1.12608950917323,False
1782401064.9771738,100.90752601623535,9.477685750829274,0.9923164032467746,0.027801849791934327,0.0,0.0,1.1304037419956947,False
1782401065.0438502,100.97420239448547,9.477918474436821,0.9923104623922007,0.027801817222281977,0.0,0.0,1.1346990725252075,False
1782401065.1054168,101.03576898574829,9.478176199443823,0.9923037549598639,0.027800690598945608,0.0,0.0,1.1395117605099163,False
1782401065.1847029,101.11505508422852,9.478430274810464,0.9922970343832263,0.02779912816250521,0.0,0.0,1.1443025654883665,False
1782401065.2540593,101.18441152572632,9.478626807050048,0.9922918269443975,0.027798260709140182,0.0,0.0,1.148011897164328,False
1782401065.319405,101.24975728988647,9.478851863669096,0.9922859295155491,0.027798124627834223,0.0,0.0,1.15223426489706,False
1782401065.4011426,101.33149480819702,9.479163381214711,0.9922779414893539,0.027799430378984104,0.0,0.0,1.1580142460149008,False
1782401065.4715247,101.40187692642212,9.47939054711412,0.9922722018822002,0.02780081260056158,0.0,0.0,1.1621974715590513,False
1782401065.5397432,101.47009539604187,9.479588288938604,0.9922671977719282,0.027801696417620172,0.0,0.0,1.1658424930464062,False
1782401065.6082485,101.53860068321228,9.47983940474766,0.9922607519932206,0.02780182167405197,0.0,0.0,1.1705100970692666,False
1782401065.6999369,101.63028907775879,9.480168013688761,0.9922521182857604,0.027800276400700055,0.0,0.0,1.176703327708624,False
1782401065.7734845,101.70383667945862,9.480357668011393,0.992247086007198,0.027799088828260373,0.0,0.0,1.1802980367113725,False
1782401065.845131,101.77548313140869,9.48057437318979,0.9922413758004494,0.02779820088246676,0.0,0.0,1.184389779170916,False
1782401065.9316516,101.86200380325317,9.480901576499749,0.9922329402504872,0.02779861514833995,0.0,0.0,1.1904989468184701,False
1782401066.0015197,101.93187189102173,9.481120739638657,0.9922273952141923,0.027799843835081727,0.0,0.0,1.1945522978580416,False
1782401066.070369,102.00072121620178,9.48131187701618,0.9922225672230477,0.02780100450562332,0.0,0.0,1.198084675966119,False
1782401066.1380496,102.06840181350708,9.481528150063202,0.9922170452790582,0.02780181789576888,0.0,0.0,1.2021063349026966,False
1782401066.2058654,102.13621759414673,9.481794133375947,0.9922101110253536,0.027801518437623858,0.0,0.0,1.2071132747009814,False
1782401066.2912812,102.22163343429565,9.482030228826698,0.9922038563430973,0.027800209648128436,0.0,0.0,1.2115989648935597,False
1782401066.3619876,102.29233980178833,9.482239298484226,0.992198324077134,0.027798907657086074,0.0,0.0,1.2155683688616563,False
1782401066.4262373,102.35658955574036,9.482475474717678,0.9921921716615109,0.02779814123616115,0.0,0.0,1.2200159094808416,False
1782401066.5034044,102.43375658988953,9.482713189772948,0.9921861067063074,0.027798567548395884,0.0,0.0,1.2244459690655158,False
1782401066.5718522,102.50220441818237,9.482898345046525,0.992181433055926,0.02779957031574455,0.0,0.0,1.2278780286667017,False
1782401066.6329722,102.56332445144653,9.483082562758465,0.9921767718566505,0.02780073945978753,0.0,0.0,1.2312975713843468,False
1782401066.6939113,102.62426352500916,9.483316547352128,0.9921707636029871,0.027801752294247885,0.0,0.0,1.2356776446706532,False
1782401066.7700164,102.700368642807,9.48354680489679,0.9921647253491783,0.027801639565526365,0.0,0.0,1.2400407982988488,False
1782401066.8303676,102.76071977615356,9.48369879346504,0.9921606944915796,0.02780094568016577,0.0,0.0,1.242939147293235,False
1782401066.895375,102.82572722434998,9.483875592606141,0.9921560083226839,0.027799807375762195,0.0,0.0,1.2463092377720182,False
1782401066.9580905,102.88844275474548,9.484078184682948,0.9921507016033473,0.02779863112276637,0.0,0.0,1.2501469926281052,False
1782401067.0490868,102.97943902015686,9.48438432066335,0.9921428668058825,0.027798282815341288,0.0,0.0,1.2558791504914186,False
1782401067.1210377,103.05138993263245,9.484563348668466,0.9921383489135689,0.02779901681384605,0.0,0.0,1.2592080210921628,False
1782401067.1972914,103.12764358520508,9.484792060117652,0.9921325532374591,0.027800467385615774,0.0,0.0,1.2634708645331867,False
1782401067.261148,103.19150018692017,9.485017517136356,0.9921267350324607,0.027801612405883563,0.0,0.0,1.2677167311511508,False
1782401067.341879,103.27223110198975,9.485239540612815,0.99212088829215,0.02780172080898209,0.0,0.0,1.2719464580766986,False
1782401067.4071321,103.33748435974121,9.48541080079114,0.9921163414301394,0.02780101942959101,0.0,0.0,1.2752236072696546,False
1782401067.490196,103.4205482006073,9.485680053349165,0.9921092567348572,0.027799273489621305,0.0,0.0,1.2803511198791366,False
1782401067.5641818,103.49453401565552,9.485901932694384,0.9921035490752466,0.027798290586090714,0.0,0.0,1.2845287547051314,False
1782401067.6237657,103.55411791801453,9.486050488236948,0.9920997855187036,0.027798234084788036,0.0,0.0,1.2873048685428674,False
1782401067.6849813,103.6153335571289,9.486198950730554,0.9920960417160456,0.027798696355773235,0.0,0.0,1.2900729420279837,False
1782401067.7530165,103.68336868286133,9.486420054488503,0.9920904304343338,0.027800029737407944,0.0,0.0,1.294210099032882,False
1782401067.846124,103.77647614479065,9.486709783507688,0.9920829062759685,0.027801612047277408,0.0,0.0,1.2997020635547216,False
1782401067.9330463,103.86339855194092,9.48692372284798,0.9920772391089305,0.027801671508667393,0.0,0.0,1.3038024518486213,False
1782401067.993813,103.92416524887085,9.487089435904254,0.9920728462162056,0.02780095296807506,0.0,0.0,1.3069793827324379,False
1782401068.0598652,103.99021744728088,9.487303226590917,0.9920672546709416,0.02779953794432441,0.0,0.0,1.311049506610271,False
1782401068.1346967,104.06504893302917,9.487518529069549,0.9920617436211907,0.02779842473545227,0.0,0.0,1.315105039097187,False
1782401068.213896,104.1442482471466,9.487710471702059,0.9920568970097374,0.02779827676130004,0.0,0.0,1.3186965343738501,False
1782401068.281314,104.21166610717773,9.487901500072226,0.9920520660079504,0.02779901110791441,0.0,0.0,1.3222744301346057,False
1782401068.3869653,104.31731748580933,9.488207000458017,0.9920441774420008,0.027800996575421663,0.0,0.0,1.3280628895906001,False
1782401068.4581263,104.38847851753235,9.488391841687063,0.9920392941989902,0.027801714646057647,0.0,0.0,1.3316098871329267,False
1782401068.5416315,104.47198367118835,9.488621459255977,0.9920332032200387,0.027801374191710984,0.0,0.0,1.3360252237694263,False
1782401068.607009,104.53736114501953,9.48882879175553,0.992027781671805,0.027800125288979533,0.0,0.0,1.3399825583622498,False
1782401068.6919405,104.6222927570343,9.489037610918386,0.9920224383284733,0.02779880153190982,0.0,0.0,1.3439261014666868,False
1782401068.771063,104.70141530036926,9.489223774923612,0.9920177387322644,0.027798256129180344,0.0,0.0,1.3474187661597834,False
1782401068.8571236,104.78747582435608,9.489500945156072,0.9920107057432098,0.027799075059083973,0.0,0.0,1.3526340371006875,False
1782401068.9480493,104.87840151786804,9.489750389977498,0.9920042157428038,0.027800754937259683,0.0,0.0,1.3573928809118028,False
1782401069.0176792,104.94803142547607,9.489907029220445,0.9920000675159457,0.027801540700703013,0.0,0.0,1.3604102146533041,False
1782401069.0892067,105.01955890655518,9.490107554181687,0.9919947486564044,0.027801634153882482,0.0,0.0,1.3642755991080069,False
1782401069.1569123,105.08726453781128,9.490308809113243,0.991989487158668,0.027800681572154606,0.0,0.0,1.3681263245235316,False
1782401069.2247665,105.15511870384216,9.490466373530564,0.9919854479211057,0.027799595685484926,0.0,0.0,1.371112344084096,False
1782401069.295136,105.22548818588257,9.490647092815903,0.9919808782472254,0.027798578342128014,0.0,0.0,1.3745145464184318,False
1782401069.362528,105.29288029670715,9.490849719101936,0.9919757608914519,0.027798320061026206,0.0,0.0,1.378327528858145,False
1782401069.4603398,105.39069199562073,9.49111595981074,0.9919689073087122,0.027799573477910587,0.0,0.0,1.3833898704314649,False
1782401069.5220957,105.45244789123535,9.491247083063781,0.9919654586472574,0.02780050398865434,0.0,0.0,1.385912527448719,False
1782401069.5853772,105.51572942733765,9.491398920927788,0.9919614290228101,0.0278013818995199,0.0,0.0,1.3888476069607818,False
1782401069.6478379,105.5781900882721,9.491593732221226,0.9919562715945652,0.027801677534294956,0.0,0.0,1.392607999010361,False
1782401069.7129598,105.64331197738647,9.491767737050923,0.9919517395565937,0.02780102753922337,0.0,0.0,1.3959392752954425,False
1782401069.7737389,105.70409107208252,9.491899011150434,0.9919483795497523,0.02780016536292352,0.0,0.0,1.3984313821237413,False
1782401069.8428903,105.7732424736023,9.49205265000088,0.9919444938562361,0.027799120267100328,0.0,0.0,1.4013313559600062,False
1782401069.9266233,105.85697555541992,9.492314942933449,0.9919378627463286,0.027798307555891744,0.0,0.0,1.4062823660371835,False
1782401069.9904993,105.92085146903992,9.492487416486286,0.9919334224164198,0.027798824093221156,0.0,0.0,1.409570008318085,False
1782401070.0656188,105.99597096443176,9.49263642430054,0.9919295147830207,0.02779978648390321,0.0,0.0,1.4124389230306926,False
1782401070.1333632,106.06371545791626,9.49280517086951,0.9919250377937607,0.027800961240668953,0.0,0.0,1.4157078090520552,False
1782401070.226012,106.15636420249939,9.493079015711498,0.9919178140054331,0.027801641124791287,0.0,0.0,1.4209962594959937,False
1782401070.2903237,106.22067594528198,9.49322751092552,0.9919139815096533,0.027801089540251983,0.0,0.0,1.4238332719505333,True
1782401070.3628173,106.2931694984436,9.493376757629411,0.9919101904301999,0.027800108042065202,0.0,0.0,1.4266630288669928,False
1782401070.4418871,106.37223935127258,9.493589954844268,0.9919048145855266,0.027798740548329818,0.0,0.0,1.4306913391105591,False
1782401070.506992,106.43734431266785,9.493779998281914,0.9918999709505405,0.027798337146436262,0.0,0.0,1.4343027740498886,False
1782401070.5952168,106.52556896209717,9.493967236888027,0.9918950941432031,0.027798999466143007,0.0,0.0,1.4379026220567128,False
1782401070.6698048,106.6001570224762,9.494131681532703,0.991890739008638,0.02780014859196189,0.0,0.0,1.4410922915908149,False
1782401070.7334125,106.6637647151947,9.494315902014613,0.9918858522447495,0.02780131589457356,0.0,0.0,1.4446679785716585,False
1782401070.8246915,106.7550437450409,9.494542205770292,0.9918799549871945,0.02780155872948484,0.0,0.0,1.4490215524747478,False
1782401070.8911505,106.82150268554688,9.494687279847838,0.9918762564782639,0.02780090893925018,0.0,0.0,1.4517832961888886,False
1782401070.9894917,106.91984391212463,9.494936288235245,0.9918699753877196,0.027799182375148897,0.0,0.0,1.4564999289720701,False
1782401071.0605419,106.99089407920837,9.495121222326256,0.9918652610549843,0.027798393773757063,0.0,0.0,1.4600226174994457,False
1782401071.1250525,107.05540466308594,9.495263183693263,0.9918615712364236,0.02779849037957873,0.0,0.0,1.4627548632572052,False
1782401071.198176,107.12852811813354,9.495423610808306,0.9918573333405079,0.02779931886183589,0.0,0.0,1.4658690543960209,False
1782401071.2749205,107.20527267456055,9.495622934263874,0.9918520416344616,0.027800769713795845,0.0,0.0,1.4697477284055975,False
1782401071.3427556,107.2731077671051,9.495802940977335,0.9918473292736634,0.027801583383541488,0.0,0.0,1.4732258149925213,False
1782401071.409677,107.34002923965454,9.495943907802959,0.9918437117944077,0.027801517717384795,0.0,0.0,1.4759236464737389,False
1782401071.476737,107.40708923339844,9.496085456927721,0.9918401300487958,0.02780085100745473,0.0,0.0,1.4786146708053682,False
1782401071.5421202,107.47247242927551,9.496247024418096,0.9918360573642705,0.027799701236663737,0.0,0.0,1.481680913832479,False
1782401071.6028874,107.5332396030426,9.496427115388691,0.9918314655397851,0.027798623158887474,0.0,0.0,1.4851191767970315,False
1782401071.6772234,107.60757565498352,9.496584991805753,0.9918273555640601,0.027798398092842472,0.0,0.0,1.4881666103263416,False
1782401071.7514362,107.68178844451904,9.496721633239888,0.9918237416796016,0.027798881378523224,0.0,0.0,1.4908260803122808,False
1782401071.8193393,107.74969148635864,9.496896403870064,0.991819099639769,0.027800102526589016,0.0,0.0,1.4942346384081697,False
1782401071.916833,107.8471851348877,9.49713040321311,0.9918129840295329,0.027801482803281763,0.0,0.0,1.4987616569098505,False
1782401072.0045168,107.93486905097961,9.497327119610588,0.9918079759059466,0.02780141064801387,0.0,0.0,1.5025202121755137,False
1782401072.0757055,108.00605773925781,9.497484719755327,0.9918040048489298,0.027800525225110246,0.0,0.0,1.5055168540999333,False
1782401072.1437225,108.07407474517822,9.497680112878822,0.9917990362723589,0.027799114849245667,0.0,0.0,1.5092497987952551,False
1782401072.2133536,108.14370584487915,9.497834227550928,0.9917950329532736,0.02779844716633741,0.0,0.0,1.5122271351520828,False
1782401072.2872124,108.2175645828247,9.497967569391143,0.9917915108860984,0.0277985149040417,0.0,0.0,1.5148256859245064,False
1782401072.4007661,108.33111834526062,9.498213769326256,0.9917849807043192,0.0278000072500545,0.0,0.0,1.5196331694719696,False
1782401072.48089,108.41124224662781,9.498423358034406,0.9917795373226214,0.02780135208964678,0.0,0.0,1.5236837489913566,False
1782401072.5594723,108.48982453346252,9.498576925636646,0.99177563748644,0.027801569064336177,0.0,0.0,1.5266204097942937,False
1782401072.626813,108.55716514587402,9.498749763800243,0.9917712821749947,0.02780086348170117,0.0,0.0,1.5299136744652642,False
1782401072.711098,108.64145016670227,9.498958893252075,0.9917659463650405,0.02779933439977314,0.0,0.0,1.5339240271003622,False
1782401072.7999125,108.73026466369629,9.499127291482418,0.9917615434211696,0.0277984934730247,0.0,0.0,1.537194601465337,False
1782401072.8734796,108.8038318157196,9.499275406103568,0.9917576128625253,0.02779855463448128,0.0,0.0,1.540093170637565,False
1782401072.950401,108.8807532787323,9.49947868481324,0.9917522353983522,0.027799770680827722,0.0,0.0,1.5440645152476136,False
1782401073.0206926,108.95104479789734,9.499627477921184,0.9917483769518647,0.027800872191734226,0.0,0.0,1.5469435306072088,False
1782401073.0894713,109.01982355117798,9.499758486131093,0.9917450416591993,0.027801481961945155,0.0,0.0,1.5494566574962652,False
1782401073.163838,109.09419012069702,9.499927236377848,0.9917407886424905,0.027801393555025377,0.0,0.0,1.5526785659433802,False
1782401073.2344768,109.16482901573181,9.500113375305741,0.991736062468494,0.027800273308926617,0.0,0.0,1.556245998173619,False
1782401073.29683,109.22718214988708,9.500242007383202,0.9917327316063383,0.027799296792531285,0.0,0.0,1.558736314360981,False
1782401073.3684003,109.29875254631042,9.500369245562798,0.9917293809373399,0.02779860142688216,0.0,0.0,1.5612211070404465,False
1782401073.4508743,109.38122653961182,9.50054965202882,0.9917245871662431,0.027798594597803872,0.0,0.0,1.5647600264352917,False
1782401073.5192895,109.44964170455933,9.500730360198425,0.9917198356058278,0.027799683300139943,0.0,0.0,1.5682862900181866,False
1782401073.5852194,109.51557159423828,9.50085776409564,0.9917165544562969,0.027800657548082152,0.0,0.0,1.5707480711752262,False
1782401073.6560714,109.58642363548279,9.500985814950832,0.991713308014263,0.027801368806004888,0.0,0.0,1.5732043351628335,False
1782401073.7132614,109.64361357688904,9.50111394156545,0.9917100811794733,0.027801535908565152,0.0,0.0,1.5756544531155798,False
1782401073.7768137,109.70716595649719,9.50127760339331,0.9917059293060823,0.027800875380510997,0.0,0.0,1.5787955629986323,False
1782401073.8399231,109.77027535438538,9.501403396065006,0.991702679333547,0.027799937123335214,0.0,0.0,1.581232403776953,False
1782401073.905494,109.8358461856842,9.501527805735895,0.9916994087802159,0.027799026177089108,0.0,0.0,1.5836640057312454,False
1782401073.9711385,109.90149068832397,9.501668874639336,0.991695660905378,0.027798475126070872,0.0,0.0,1.586435827236297,False
1782401074.0299387,109.96029090881348,9.501809781359372,0.9916919296941249,0.02779870627202813,0.0,0.0,1.589199670700528,False
1782401074.1106806,110.0410327911377,9.501969217122333,0.9916877821989188,0.027799736687796225,0.0,0.0,1.592300433363031,False
1782401074.1768742,110.10722637176514,9.502094086601579,0.9916845986537128,0.02780069464780269,0.0,0.0,1.5947062918899204,False
1782401074.240759,110.17111110687256,9.502237180655538,0.9916809913139853,0.027801431428756098,0.0,0.0,1.5974488932529176,False
1782401074.3028767,110.23322892189026,9.502397407908413,0.9916769387559503,0.0278013772759027,0.0,0.0,1.6005250055428843,False
1782401074.3606882,110.29104042053223,9.502503162628773,0.9916742232976272,0.027800822849978226,0.0,0.0,1.6025707614751572,False
1782401074.4192398,110.34959197044373,9.502607888213637,0.9916714916891451,0.027800027863078707,0.0,0.0,1.6046128831093724,False
1782401074.551185,110.48153710365295,9.502901048580327,0.9916637177930411,0.02779847598093404,0.0,0.0,1.6103769878676761,False
1782401074.6338453,110.5641975402832,9.503056482161051,0.9916596458003851,0.027798929328185024,0.0,0.0,1.6134151528066643,False
1782401074.6966734,110.62702560424805,9.503178240773462,0.991656520464202,0.02779978900653848,0.0,0.0,1.6157725561661174,False
1782401074.761789,110.69214129447937,9.503335527167751,0.9916525459776921,0.02780096008596146,0.0,0.0,1.6187958338006225,False
1782401074.8489425,110.77929472923279,9.503509755692653,0.9916481462915661,0.027801514896162897,0.0,0.0,1.622143974625464,False
1782401074.9168603,110.84721255302429,9.503630433245199,0.9916450504560492,0.02780118653945218,0.0,0.0,1.6244812612737474,False
1782401074.9835753,110.91392755508423,9.503766707732268,0.9916414860798691,0.027800253672338182,0.0,0.0,1.6271466004765744,False
1782401075.055257,110.98560929298401,9.503935292805046,0.991637010034533,0.027798975020540382,0.0,0.0,1.6304686588499873,False
1782401075.116826,111.04717826843262,9.504053082006154,0.9916338890192453,0.02779851801715431,0.0,0.0,1.6327872969708361,False
1782401075.1881304,111.11848258972168,9.504171391293351,0.9916307975153845,0.027798649294720708,0.0,0.0,1.6351008088519128,False
1782401075.2559588,111.18631100654602,9.504324602642727,0.9916268756029165,0.027799570774759048,0.0,0.0,1.6380684336715763,False
1782401075.3207574,111.25110960006714,9.504478450662805,0.9916229967395506,0.027800764185447732,0.0,0.0,1.64102759157428,False
1782401075.3904552,111.32080745697021,9.504597681435142,0.9916199854347515,0.02780138309717741,0.0,0.0,1.6433228756656388,False
1782401075.4687371,111.39908933639526,9.504732642502475,0.9916165262253092,0.02780141302512433,0.0,0.0,1.6459398972809856,False
1782401075.535364,111.46571612358093,9.504882459607856,0.9916126017358244,0.027800596556737923,0.0,0.0,1.6488768572764623,False
1782401075.594881,111.5252332687378,9.505014349086379,0.991609097927598,0.0277995280182482,0.0,0.0,1.6514804991412384,False
1782401075.669092,111.59944415092468,9.505146029392069,0.9916056073566168,0.02779870395767441,0.0,0.0,1.654077110884429,False
1782401075.7360108,111.66636300086975,9.505245199059022,0.9916030134339728,0.027798511535638906,0.0,0.0,1.6560203142273389,False
1782401075.8042274,111.73457956314087,9.505394977002846,0.9915991714881649,0.02779902556762913,0.0,0.0,1.6589289252617108,False
1782401075.8848035,111.81515574455261,9.505578908792428,0.9915945332402515,0.027800427686660103,0.0,0.0,1.6624729050561995,False
1782401075.9619918,111.89234399795532,9.505712004941824,0.9915911637510639,0.027801266558325877,0.0,0.0,1.6650422332957584,False
1782401076.0241988,111.9545509815216,9.505827267312332,0.991588197240708,0.027801473915700686,0.0,0.0,1.6672853529443468,False
1782401076.0841084,112.01446056365967,9.505957461279412,0.9915847811935157,0.02780100138712228,0.0,0.0,1.669843516944522,True
1782401076.1453354,112.07568764686584,9.506086523505898,0.9915813517524263,0.02780001737079152,0.0,0.0,1.6723953214546183,False
1782401076.222257,112.15260910987854,9.506215403180885,0.9915779356771974,0.027799027004401195,0.0,0.0,1.6749403808687156,False
1782401076.2846935,112.2150456905365,9.506328704771184,0.9915749768835322,0.027798559157328605,0.0,0.0,1.677162240008953,False
1782401076.357033,112.28738522529602,9.506491801309465,0.9915708097370073,0.02779888071585492,0.0,0.0,1.6803287992365699,False
1782401076.422943,112.35329532623291,9.506622771141856,0.9915675107628098,0.027799805643869493,0.0,0.0,1.6828550481950355,False
1782401076.4949934,112.42534565925598,9.506736938958445,0.9915646269094287,0.027800713603100748,0.0,0.0,1.6850600879005624,False
1782401076.5711021,112.50145435333252,9.506882207583667,0.9915608962307092,0.0278014232220932,0.0,0.0,1.6878883861264034,False
1782401076.6357894,112.5661416053772,9.507025485686803,0.991557131568565,0.027801219670083543,0.0,0.0,1.6907096273922229,False
1782401076.7041245,112.63447666168213,9.507151765565949,0.9915537735071703,0.02780036668527099,0.0,0.0,1.693210834381288,False
1782401076.7714233,112.70177555084229,9.507262199001927,0.9915508482207084,0.027799449214114827,0.0,0.0,1.6953940822622755,False
1782401076.8342347,112.76458692550659,9.507373153454319,0.9915479516438389,0.027798752051486266,0.0,0.0,1.6975728196479873,False
1782401076.9170861,112.8474383354187,9.507564937060272,0.9915430631650815,0.027798763857709807,0.0,0.0,1.7012980229767733,False
1782401076.9931374,112.92348957061768,9.50769314097474,0.9915398362765917,0.027799594073047725,0.0,0.0,1.7037738825626825,False
1782401077.0656617,112.996013879776,9.50780469917369,0.9915370092170551,0.02780050795097577,0.0,0.0,1.7059351120909179,False
1782401077.1321318,113.0624840259552,9.507930849429831,0.991533755801706,0.027801285016387112,0.0,0.0,1.708399840726706,False
1782401077.1948311,113.12518334388733,9.508070975829176,0.9915300647338962,0.027801363182748312,0.0,0.0,1.7111662143641697,False
1782401077.259904,113.19025611877441,9.508194608509509,0.9915267756330974,0.0278006875672243,0.0,0.0,1.7136188112130932,False
1782401077.3388627,113.26921486854553,9.50831833948642,0.9915235069110611,0.027799661563923203,0.0,0.0,1.7160652577555433,False
1782401077.4207969,113.35114908218384,9.508489799978813,0.9915190794705144,0.027798635227948613,0.0,0.0,1.71942025402896,False
1782401077.4913352,113.42168736457825,9.508631080482726,0.9915155100409411,0.027798734522467738,0.0,0.0,1.7221575630987842,False
1782401077.5622282,113.49258041381836,9.508740856234587,0.9915127453862798,0.027799395980822778,0.0,0.0,1.7242812542709975,False
1782401077.6213105,113.55166268348694,9.508849869699716,0.9915099712951686,0.02780029532528002,0.0,0.0,1.7264004501702224,False
1782401077.68453,113.61488223075867,9.508973061855546,0.9915067758592794,0.027801157777535154,0.0,0.0,1.7288174856338798,False
1782401077.76208,113.69243216514587,9.509125172133556,0.9915027503226488,0.027801374772281146,0.0,0.0,1.7318312767009116,False
1782401077.8287091,113.75906133651733,9.509231115056332,0.9914999326421133,0.027800861323972633,0.0,0.0,1.7339354131972644,False
1782401077.894128,113.82448029518127,9.509337312712072,0.9914971354997067,0.02780000766288312,0.0,0.0,1.7360351121836746,False
1782401077.98444,113.91479229927063,9.509520890027938,0.9914924151940027,0.027798733340616992,0.0,0.0,1.7396254449222088,False
1782401078.0769916,114.00734376907349,9.50969016913441,0.9914881501398207,0.027798770738009473,0.0,0.0,1.7429058358853462,False
1782401078.1486354,114.07898759841919,9.509797388191323,0.9914854369832111,0.02779944477680608,0.0,0.0,1.7449876064650551,False
1782401078.2142954,114.1446475982666,9.509918688378558,0.9914823147774243,0.027800462079737118,0.0,0.0,1.7473618475143817,False
1782401078.2759888,114.2063410282135,9.510053421751579,0.9914787705655903,0.027801297942084004,0.0,0.0,1.7500269191618751,False
1782401078.34543,114.27578210830688,9.510172230790943,0.9914756094463071,0.027801346651115572,0.0,0.0,1.7523899962732836,False
1782401078.4142563,114.34460854530334,9.510276177813449,0.9914728568023387,0.02780081496483478,0.0,0.0,1.754452970762731,False
1782401078.4846869,114.4150390625,9.510395624975214,0.9914697457503878,0.027799832448670153,0.0,0.0,1.756805785048582,False
1782401078.5706496,114.50100183486938,9.510576315261387,0.9914651546081029,0.027798676047544633,0.0,0.0,1.7603257496182971,False
1782401078.629014,114.55936622619629,9.510681903799542,0.9914624982368164,0.02779864790098875,0.0,0.0,1.7623733501225698,False
1782401078.6988888,114.62924098968506,9.51078690505085,0.9914598361150366,0.02779915558417961,0.0,0.0,1.7644166887460107,False
1782401078.7755952,114.7059473991394,9.510920383812065,0.991456385261666,0.02780025292318085,0.0,0.0,1.7670382617396863,False
1782401078.841674,114.7720263004303,9.511052164557425,0.9914529035503284,0.027801185400775506,0.0,0.0,1.7696536619764474,False
1782401078.9289403,114.85929250717163,9.511168602946528,0.9914498048473538,0.027801383577727636,0.0,0.0,1.7719726640486262,False
1782401079.001617,114.931969165802,9.511299926036799,0.9914463481056397,0.02780076881015598,0.0,0.0,1.7745750993161433,False
1782401079.0798388,115.01019096374512,9.51144707242917,0.9914425679516043,0.02779954080782608,0.0,0.0,1.7774596101880362,False
1782401079.1567712,115.08712339401245,9.511595073811197,0.9914388374823274,0.02779867449759072,0.0,0.0,1.7803362817914417,False
1782401079.223443,115.15379524230957,9.51169837198124,0.9914362308300657,0.027798675255256797,0.0,0.0,1.7823448819669965,False
1782401079.2940736,115.22442579269409,9.51180081399654,0.9914336096236537,0.02779920097098971,0.0,0.0,1.7843496101351801,False
1782401079.3628798,115.29323196411133,9.51193093520966,0.9914302083162424,0.027800294874683544,0.0,0.0,1.786921937911382,False
1782401079.4330058,115.36335802078247,9.512059718819957,0.9914267860846481,0.027801197094751234,0.0,0.0,1.7894879830223025,False
1782401079.5139766,115.44432878494263,9.512188298055413,0.9914233776737948,0.027801330435396822,0.0,0.0,1.7920472668237732,False
1782401079.5768461,115.50719833374023,9.512288846970778,0.9914207569599378,0.027800828163824023,0.0,0.0,1.794033540776312,False
1782401079.6417506,115.57210278511047,9.51241908010128,0.9914174337483251,0.027799746590665857,0.0,0.0,1.7965822333436197,False
1782401079.7075434,115.63789558410645,9.512535284209124,0.9914145088337794,0.02779890230971874,0.0,0.0,1.798842461874595,False
1782401079.7778473,115.7081995010376,9.512636634873006,0.991411951219566,0.02779861782020231,0.0,0.0,1.8008158356222783,False
1782401079.8423586,115.7727108001709,9.512737143689826,0.991409378752576,0.027798881633777174,0.0,0.0,1.8027854808837203,False
1782401079.9111853,115.84153747558594,9.512878906186234,0.9914056673591287,0.027799960593995064,0.0,0.0,1.8055933461898852,False
1782401079.9759874,115.90633964538574,9.512991197312173,0.9914026808978762,0.027800891197147484,0.0,0.0,1.807834210764392,False
1782401080.047894,115.97824621200562,9.513089309052887,0.9914000760197066,0.027801340851585754,0.0,0.0,1.809790714011599,False
1782401080.1209462,116.05129837989807,9.513201957277227,0.9913971294522336,0.027801202223177852,0.0,0.0,1.8120222236550223,False
1782401080.1869733,116.1173255443573,9.513329691226282,0.9913938633513681,0.027800327765850574,0.0,0.0,1.8145274413375354,False
1782401080.264397,116.19474911689758,9.513472241702214,0.9913902746917703,0.027799144314104785,0.0,0.0,1.8173039322463636,False
1782401080.3539808,116.28433299064636,9.513599871208118,0.9913870426507384,0.027798634659542767,0.0,0.0,1.8197960540463731,False
1782401080.448981,116.37933325767517,9.513767587884262,0.991382684523405,0.027799291276300275,0.0,0.0,1.8231101090528956,False
1782401080.5104356,116.44078779220581,9.513877985246024,0.9913797533563292,0.027800253886849077,0.0,0.0,1.825313842893966,False
1782401080.579398,116.50975012779236,9.513974282434296,0.991377191561035,0.027801004320384782,0.0,0.0,1.8272380135032693,False
1782401080.6567676,116.58711981773376,9.51409856940198,0.9913739295866797,0.02780135755910938,0.0,0.0,1.8297066131689044,False
1782401080.7208788,116.65123105049133,9.514223889298245,0.9913707183019315,0.027800840678453627,0.0,0.0,1.832169825603997,False
1782401080.7803235,116.71067571640015,9.514321859611371,0.9913682483912905,0.027800034630924623,0.0,0.0,1.8340817285738007,False
1782401080.857664,116.7880163192749,9.514433679961744,0.9913654335880083,0.027799118464345275,0.0,0.0,1.8362621561961403,False
1782401080.9501088,116.88046097755432,9.514585855471518,0.9913615354319506,0.027798658375115033,0.0,0.0,1.8392527432834476,False
1782401081.0153084,116.94566059112549,9.51470855927346,0.991358308698467,0.02779923099731405,0.0,0.0,1.8416936960849917,False
1782401081.104327,117.03467917442322,9.514830261671607,0.9913550687052635,0.027800294582161485,0.0,0.0,1.8441288062153711,False
1782401081.1898594,117.12021160125732,9.514965670131721,0.9913514963361373,0.027801223934486065,0.0,0.0,1.8468274563184905,False
1782401081.253431,117.18378329277039,9.515088542394086,0.9913483321101028,0.027801248272626602,0.0,0.0,1.8492506321962823,False
1782401081.320144,117.25049614906311,9.515198455597856,0.9913455558550985,0.02780058661606004,0.0,0.0,1.8514000526287409,False
1782401081.390678,117.3210301399231,9.515294636399261,0.9913431374994092,0.027799745645700404,0.0,0.0,1.8532769331241743,False
1782401081.477806,117.40815830230713,9.515430969313257,0.9913396657914683,0.02779879895740203,0.0,0.0,1.8559521323360715,False
1782401081.5410097,117.47136187553406,9.515551993599736,0.9913365055596096,0.027798743056750865,0.0,0.0,1.8583543708532781,False
1782401081.6168053,117.54715752601624,9.515671757276914,0.9913333227096393,0.027799492147627152,0.0,0.0,1.8607511792380258,False
1782401081.7057102,117.63606238365173,9.515791285992957,0.9913301504888529,0.027800564570858236,0.0,0.0,1.8631421036772207,False
1782401081.7667491,117.697101354599,9.515898140402227,0.9913273652346158,0.02780123021841523,0.0,0.0,1.8652628258189918,False
1782401081.8338,117.76415228843689,9.516019297652242,0.991324278359908,0.027801219525394653,0.0,0.0,1.8676439055809166,True
1782401081.910756,117.84110832214355,9.516100365573898,0.991322239021041,0.027800754906333176,0.0,0.0,1.8692282542961216,False
1782401082.002222,117.93257427215576,9.516248411002618,0.991318499790106,0.02779947385850417,0.0,0.0,1.8721262197013642,False
1782401082.0711534,118.00150561332703,9.516381216081307,0.9913150637675936,0.02779871017802131,0.0,0.0,1.8747539739524324,False
1782401082.1344762,118.0648283958435,9.516486151989604,0.9913122876445727,0.02779882217904726,0.0,0.0,1.8768517084835945,False
1782401082.2032397,118.13359189033508,9.516577485296414,0.9913098541880678,0.027799425171979204,0.0,0.0,1.8786835947008202,False
1782401082.2686305,118.19898271560669,9.51666891771036,0.9913074346650326,0.02780025483183034,0.0,0.0,1.880512062515837,False
1782401082.3342981,118.26465034484863,9.516787242289798,0.9913043642002032,0.027801127456911948,0.0,0.0,1.882858442757321,False
1782401082.3981845,118.32853674888611,9.516906492558151,0.9913013402886218,0.027801276056667157,0.0,0.0,1.885199912652388,False
1782401082.4805446,118.41089677810669,9.51701267974855,0.9912986715437494,0.027800712097469652,0.0,0.0,1.8872766249618982,False
1782401082.5554514,118.48580360412598,9.517118247618969,0.9912959946686809,0.027799784624257758,0.0,0.0,1.889348980221408,False
1782401082.6209414,118.55129361152649,9.517235622376035,0.9912929525824329,0.027798898508470733,0.0,0.0,1.891675741899205,False
1782401082.692021,118.62237310409546,9.517351597918983,0.9912898811675313,0.02779871984066377,0.0,0.0,1.8939975982228332,False
1782401082.766901,118.69725322723389,9.517454188657295,0.9912871490630543,0.027799258668516878,0.0,0.0,1.8960568879635522,False
1782401082.8346407,118.7649929523468,9.517544191055455,0.9912847773671728,0.02780005613820169,0.0,0.0,1.897855292553705,False
1782401082.901988,118.83234024047852,9.517660751565755,0.9912817705977301,0.02780100131898147,0.0,0.0,1.9001632814433065,False
1782401082.964627,118.89497923851013,9.517765060163082,0.9912791342186021,0.027801312105898295,0.0,0.0,1.9022107682693135,False
1782401083.0605066,118.99085879325867,9.517895420076794,0.9912758545919342,0.027800769681716683,0.0,0.0,1.9047641498746495,False
1782401083.1211164,119.05146861076355,9.517998806743458,0.9912732143669274,0.02779986306889086,0.0,0.0,1.9068022561110454,False
1782401083.232813,119.16316509246826,9.518176953010297,0.9912685316825607,0.027798715032089655,0.0,0.0,1.9103600431110008,False
1782401083.2931316,119.22348380088806,9.518252624740242,0.9912665145845561,0.027798779684410246,0.0,0.0,1.911881025104516,False
1782401083.375522,119.30587410926819,9.518378964547287,0.991263176661641,0.02779962584613587,0.0,0.0,1.9144108060495162,False
1782401083.4515104,119.38186264038086,9.518506394340687,0.9912598951170274,0.027800761668145504,0.0,0.0,1.9169348012117196,False
1782401083.5135438,119.44389605522156,9.518596178154269,0.9912576287500059,0.027801241339294635,0.0,0.0,1.9186981354797463,False
1782401083.5924437,119.52279591560364,9.518698796095942,0.991255049720933,0.027801183781631114,0.0,0.0,1.9207095010552842,False
1782401083.6610096,119.59136176109314,9.518813382797248,0.9912521332987964,0.02780040902919241,0.0,0.0,1.9229674926240374,False
1782401083.7269723,119.65732455253601,9.518926508965011,0.9912491829429748,0.027799374138461834,0.0,0.0,1.9252209540239786,False
1782401083.7867978,119.71714997291565,9.519001213074148,0.9912472008433945,0.027798873839677857,0.0,0.0,1.9267206698374766,False
1782401083.8719099,119.8022620677948,9.519112850017736,0.9912442271714418,0.027798765102453618,0.0,0.0,1.928965949091192,False
1782401083.942555,119.87290716171265,9.519224889625312,0.9912412833328169,0.02779944739846245,0.0,0.0,1.9312062506383623,False
1782401084.005258,119.93561029434204,9.519337872147238,0.99123838693607,0.027800482040563672,0.0,0.0,1.933442107783201,False
1782401084.0936894,120.02404165267944,9.519451483039797,0.9912355265131558,0.027801205648009898,0.0,0.0,1.935673264029647,False
1782401084.1583822,120.08873438835144,9.519539683738115,0.991233306030003,0.027801240521670902,0.0,0.0,1.9374050807303405,False
1782401084.2483945,120.17874670028687,9.519676871637497,0.9912297862716606,0.027800365526058527,0.0,0.0,1.9401207463343035,False
1782401084.3155162,120.24586844444275,9.519787543914875,0.9912268696987403,0.02779934325416971,0.0,0.0,1.9423377880072927,False
1782401084.3854153,120.31576752662659,9.519873018286157,0.9912245915426077,0.027798813526430974,0.0,0.0,1.9440588207335823,False
1782401084.4719393,120.40229153633118,9.52000749840849,0.9912210365584072,0.02779895016150313,0.0,0.0,1.9467572512352782,False
1782401084.5380898,120.4684419631958,9.52011846365731,0.9912181770180282,0.02779982835378258,0.0,0.0,1.948960142678452,False
1782401084.6033666,120.5337188243866,9.520205326628208,0.9912159820558122,0.027800621213483645,0.0,0.0,1.9506704603240035,False
1782401084.6797512,120.61010336875916,9.520304675474284,0.991213486526443,0.027801209526721035,0.0,0.0,1.9526214913244415,False
1782401084.7465398,120.67689204216003,9.520403421327602,0.9912109812703306,0.027801177195262896,0.0,0.0,1.954568702266247,False
1782401084.809122,120.73947429656982,9.520513216321397,0.9912081318595104,0.027800434032477457,0.0,0.0,1.956755242610267,False
1782401084.9047694,120.83512163162231,9.520633764020875,0.9912049335938079,0.027799313539974523,0.0,0.0,1.9591795988686924,False
1782401084.9780118,120.9083640575409,9.520729839270569,0.991202376174214,0.02779877223736966,0.0,0.0,1.9611147859774598,False
1782401085.0712225,121.00157475471497,9.520887003260698,0.9911982819684145,0.02779922924586394,0.0,0.0,1.9642518733809975,False
1782401085.1354213,121.06577348709106,9.520972393856535,0.991196116349007,0.0277999869711471,0.0,0.0,1.9659374482034808,False
1782401085.1949878,121.1253399848938,9.521045767961775,0.9911942730686597,0.02780065175588004,0.0,0.0,1.9673800043427563,False
1782401085.2643907,121.19474291801453,9.521143323821235,0.9911918151626798,0.027801212151119796,0.0,0.0,1.9693000891501944,False
1782401085.3498614,121.28021359443665,9.521287911691104,0.9911880880834782,0.027800883702503953,0.0,0.0,1.9721737548104548,False
1782401085.418888,121.34924030303955,9.521383002482438,0.991185572307261,0.027800050315289593,0.0,0.0,1.9740854246744548,False
1782401085.4786491,121.40900135040283,9.521453948075388,0.9911836802227416,0.027799383246969393,0.0,0.0,1.9755167853687787,False
1782401085.556812,121.48716425895691,9.521560477883517,0.991180858472265,0.027798772158264966,0.0,0.0,1.9776599249596607,False
1782401085.6192143,121.54956650733948,9.521667793830881,0.9911780788277685,0.027798948722963884,0.0,0.0,1.979798850740867,False
1782401085.691984,121.6223361492157,9.521763895200031,0.9911756446066167,0.027799685236563,0.0,0.0,1.9816966864894647,False
1782401085.7607598,121.69111204147339,9.521848150468113,0.9911735292373061,0.027800477037619693,0.0,0.0,1.983354354331205,False
1782401085.820085,121.75043725967407,9.521932072741327,0.9911714102405559,0.027801078428188037,0.0,0.0,1.9850092196080025,False
1782401085.8849602,121.81531238555908,9.522038896626789,0.9911686600332336,0.027801207560795228,0.0,0.0,1.9871331767844047,False
1782401085.9539418,121.88429403305054,9.52213272375404,0.991166187488477,0.027800663424184614,0.0,0.0,1.9890177917754597,False
1782401086.0223851,121.95273733139038,9.522214269509496,0.9911640138793026,0.02779989436378308,0.0,0.0,1.9906639859079114,False
1782401086.0997458,122.03009796142578,9.522307440847579,0.9911615396920017,0.027799086227133556,0.0,0.0,1.9925419555137638,False
1782401086.1742358,122.1045880317688,9.522424691352663,0.9911584905976633,0.02779876383658344,0.0,0.0,1.9948847906066114,False
1782401086.2504218,122.18077397346497,9.522542967266592,0.9911554946810845,0.02779940642851498,0.0,0.0,1.9972227169490697,False
1782401086.311142,122.24149417877197,9.522614074774642,0.9911537099926023,0.027800068421167525,0.0,0.0,1.9986228633818977,False
1782401086.381129,122.3114812374115,9.522708456035867,0.9911513242527555,0.027800884456329833,0.0,0.0,2.0004866337735754,False
1782401086.4583945,122.38874673843384,9.522836632694359,0.9911480043286426,0.02780121628562798,0.0,0.0,2.0030441488844652,False
1782401086.5268538,122.45720601081848,9.522928715018898,0.9911455623248783,0.027800719397790663,0.0,0.0,2.0049004372830783,False
1782401086.6118348,122.54218697547913,9.523031882628127,0.9911428132326373,0.027799742585434686,0.0,0.0,2.0069845940206057,False
1782401086.6852536,122.61560583114624,9.523147052948717,0.991139794330385,0.027798878963785915,0.0,0.0,2.00929536367176,False
1782401086.7559245,122.68627667427063,9.523251635558017,0.9911371248081703,0.027798845077828285,0.0,0.0,2.011371020929453,False
1782401086.822031,122.7523832321167,9.52333334458853,0.9911350706921609,0.027799347718219444,0.0,0.0,2.0129825840156004,False
1782401086.8794096,122.80976176261902,9.523403288659635,0.9911333129230581,0.027799994699930972,0.0,0.0,2.01436180080565,False
1782401086.947065,122.87741732597351,9.52349592290368,0.9911309557801579,0.027800824325161292,0.0,0.0,2.016197859791385,False
1782401087.0086958,122.9390480518341,9.523598904115435,0.9911282722073926,0.027801237414504028,0.0,0.0,2.0182598529040443,False
1782401087.0801368,123.010488986969,9.523689516104566,0.9911258648276052,0.027800935124285577,0.0,0.0,2.0200894388157833,False
1782401087.2122018,123.14255404472351,9.523768546383202,0.9911237580376605,0.027800265832154412,0.0,0.0,2.021687531719998,False
1782401087.276879,123.20723128318787,9.523961912788545,0.9911187272047126,0.02779879982350983,0.0,0.0,2.0255585144794708,False
1782401087.3412485,123.2716007232666,9.524042330687578,0.9911166979649597,0.027798869575935338,0.0,0.0,2.027148506283031,False
1782401087.410218,123.34057021141052,9.524122800348547,0.9911146782908277,0.027799387247405733,0.0,0.0,2.0287359415034576,False
1782401087.4758928,123.40624499320984,9.524214261348101,0.9911123612495876,0.027800257931640256,0.0,0.0,2.030547057168588,False
1782401087.5378706,123.4682228565216,9.524315993878114,0.991109724658678,0.02780105656906323,0.0,0.0,2.0325810241047657,False
1782401087.6060429,123.53639507293701,9.52440542716422,0.9911073558960803,0.027801203989197297,0.0,0.0,2.034385862651604,True
1782401087.6682048,123.59855699539185,9.524472183961665,0.991105574622999,0.02780090120420203,0.0,0.0,2.035737352497709,False
1782401087.7378304,123.66818261146545,9.524550134979139,0.9911035063526982,0.027800224710667953,0.0,0.0,2.0373117406697157,False
1782401087.8105068,123.74085903167725,9.524673528139965,0.9911003047986672,0.02779910279412638,0.0,0.0,2.03978117033514,False
1782401087.8860781,123.81643033027649,9.524775346582118,0.9910977308224037,0.027798780452816096,0.0,0.0,2.0417975320898845,False
1782401087.9571218,123.8874740600586,9.524854634010605,0.9910957409793046,0.027799078178249212,0.0,0.0,2.0433629933745894,False
1782401088.0255651,123.95591735839844,9.524944745824405,0.9910934578003691,0.027799850962628773,0.0,0.0,2.045149085897269,False
1782401088.097572,124.02792429924011,9.525056035963443,0.9910905685209938,0.027800868867861834,0.0,0.0,2.047377665693565,False
1782401088.174066,124.10441827774048,9.525144073401025,0.9910882320342403,0.02780121724240574,0.0,0.0,2.049157270002554,False
1782401088.2449622,124.17531442642212,9.525231779581471,0.9910858935165251,0.027800941506308324,0.0,0.0,2.0509336681337524,False
1782401088.3082128,124.23856496810913,9.525330828573086,0.9910832885965117,0.027800073339460368,0.0,0.0,2.052928411503269,False
1782401088.3728313,124.30318355560303,9.52543072303815,0.9910807272497923,0.02779915995991533,0.0,0.0,2.0549196289511866,False
1782401088.4452822,124.37563443183899,9.525520024886962,0.9910784795215833,0.027798789541161485,0.0,0.0,2.0566864921632035,False
1782401088.5052087,124.43556094169617,9.525586963529172,0.9910767987306508,0.02779892070433465,0.0,0.0,2.0580095488087444,False
1782401088.5643861,124.49473834037781,9.525664624909679,0.9910748287721156,0.02779946620508514,0.0,0.0,2.059550921823192,False
1782401088.6258664,124.55621862411499,9.525763399795775,0.9910722673407502,0.027800435370179323,0.0,0.0,2.0615295602003467,False
1782401088.6860456,124.61639785766602,9.525839427287815,0.9910702542790881,0.02780102369521631,0.0,0.0,2.0630660657538056,False
1782401088.757548,124.68790030479431,9.52591509233427,0.9910682353249435,0.027801205346846776,0.0,0.0,2.0646002140089346,False
1782401088.819886,124.75023818016052,9.525990824676848,0.9910662263075372,0.027800908952266248,0.0,0.0,2.0661319708057104,False
1782401088.8793442,124.80969643592834,9.526077892276112,0.9910639584474619,0.0278001437733891,0.0,0.0,2.067879885896341,False
1782401088.9557354,124.88608765602112,9.52617662541844,0.991061447553373,0.02779921912958771,0.0,0.0,2.0698430655172264,False
1782401089.0266721,124.9570243358612,9.526264689080547,0.9910592369994925,0.02779880601981901,0.0,0.0,2.071584960808448,False
1782401089.093237,125.02358913421631,9.526341473073195,0.9910573005724053,0.02779894728120421,0.0,0.0,2.0731065845031442,False
1782401089.1709702,125.10132241249084,9.526450034387302,0.991054505052411,0.027799821542031113,0.0,0.0,2.0752766148615436,False
1782401089.2430217,125.17337393760681,9.526546505417622,0.9910519559903893,0.027800750608319054,0.0,0.0,2.0772260524704467,False
1782401089.3090746,125.23942685127258,9.526621100933486,0.9910499653995416,0.027801161596266978,0.0,0.0,2.0787396806662826,False
1782401089.376965,125.30731725692749,9.526706466432241,0.9910477034711803,0.027801065532241466,0.0,0.0,2.0804667052501222,False
1782401089.4500246,125.3803768157959,9.526803194215178,0.9910451957705207,0.027800319599474013,0.0,0.0,2.082406348310604,False
1782401089.510646,125.44099831581116,9.526889827593843,0.9910430010494649,0.02779946607781185,0.0,0.0,2.084127657708614,False
1782401089.5888615,125.51921367645264,9.526976643519001,0.9910408226021364,0.027798887500593002,0.0,0.0,2.0858460279441338,False
1782401089.658335,125.58868718147278,9.527063027169277,0.9910386374895661,0.027798879744139696,0.0,0.0,2.08756142327628,False
1782401089.7202096,125.6505618095398,9.52715914701825,0.9910361508077882,0.02779954487121271,0.0,0.0,2.089488049639485,False
1782401089.782211,125.7125632762909,9.527233116510828,0.9910341952853963,0.027800294787538624,0.0,0.0,2.090984246028062,False
1782401089.8539402,125.78429245948792,9.52730669509872,0.9910322321400901,0.02780092672329567,0.0,0.0,2.092478228411101,False
1782401089.9188879,125.84924006462097,9.527390835997288,0.9910299989704034,0.02780118958336239,0.0,0.0,2.0941828600491292,False
1782401089.9806218,125.91097402572632,9.527486138214542,0.9910275216540926,0.027800762243929432,0.0,0.0,2.0960973579478006,False
1782401090.0476875,125.97803974151611,9.527560821065144,0.9910256238615209,0.027800064737052696,0.0,0.0,2.0975841745979853,False
1782401090.120837,126.05118918418884,9.527646445271884,0.9910234739071393,0.027799254960348234,0.0,0.0,2.099280757431973,False
1782401090.1866384,126.11699056625366,9.527721154270754,0.9910215923985531,0.02779885032308463,0.0,0.0,2.1007628589942158,False
1782401090.257117,126.1874692440033,9.527837319203428,0.991018603650348,0.027799135982756806,0.0,0.0,2.1030877410441926,False
1782401090.32809,126.25844216346741,9.527920733646843,0.9910164005579449,0.02779990058864345,0.0,0.0,2.104775543877138,False
1782401090.3892949,126.31964707374573,9.527982941017324,0.9910147407455575,0.027800531185017147,0.0,0.0,2.106039559873761,False
1782401090.450346,126.38069820404053,9.528055509161035,0.9910128102619741,0.027801057654879134,0.0,0.0,2.10751218056096,False
1782401090.516909,126.447261095047,9.528149336454405,0.9910103579169198,0.027801106785252296,0.0,0.0,2.10940253801759,False
1782401090.5845673,126.51491951942444,9.52823342293043,0.9910082133850715,0.027800545057714236,0.0,0.0,2.1110802154327764,False
1782401090.671741,126.60209321975708,9.52832842386921,0.9910058269563136,0.027799601911086196,0.0,0.0,2.1129643702647933,False
1782401090.7421556,126.67250776290894,9.528412592491776,0.9910037050321194,0.02779896218053973,0.0,0.0,2.114636147834758,False
1782401090.8066347,126.73698687553406,9.528506331760806,0.99100129281714,0.027798885397446,0.0,0.0,2.1165137944525347,False
1782401090.8721278,126.8024799823761,9.528588698979553,0.9909991218342292,0.02779942628290372,0.0,0.0,2.118180195555972,False
1782401090.9330862,126.86343836784363,9.528650089394201,0.9909974846634292,0.027800047027337637,0.0,0.0,2.1194282281583345,False
1782401090.9918299,126.92218208312988,9.52872165759138,0.9909955786081193,0.02780073967401361,0.0,0.0,2.120882251048761,False
1782401091.0582175,126.98856973648071,9.528814142600618,0.9909931553032435,0.027801171621933296,0.0,0.0,2.1227487360751045,False
1782401091.123911,127.0542631149292,9.52889703006264,0.990991036240731,0.02780092255924307,0.0,0.0,2.1244052586049564,False
1782401091.1896386,127.11999082565308,9.52895948978431,0.9909894639777421,0.027800408297072633,0.0,0.0,2.1256459652080957,False
1782401091.2589824,127.18933463096619,9.529042736622811,0.9909873743368518,0.027799569180203734,0.0,0.0,2.127297804442066,False
1782401091.3270085,127.2573606967926,9.529145953175746,0.9909847430009017,0.02779887488553833,0.0,0.0,2.1293588664874434,False
1782401091.394418,127.32477021217346,9.529227516119748,0.9909826093777019,0.027798948751234762,0.0,0.0,2.1310050111493446,False
1782401091.4741132,127.40446543693542,9.529308380954879,0.9909804576021849,0.02779956097470237,0.0,0.0,2.132648612055263,False
1782401091.538618,127.46897029876709,9.529378981727776,0.9909785755892675,0.02780029508028107,0.0,0.0,2.134084506940556,False
1782401091.616691,127.54704332351685,9.529490532922084,0.9909756540088831,0.027801111182505712,0.0,0.0,2.136336917358059,False
1782401091.686963,127.6173152923584,9.52957239620895,0.9909735673455542,0.02780106218987313,0.0,0.0,2.1379722160555783,False
1782401091.7581556,127.68850779533386,9.529644323385323,0.9909717600789669,0.027800564678286642,0.0,0.0,2.139401005794479,False
1782401091.8280106,127.75836277008057,9.529726367519242,0.9909696969977064,0.027799739318166986,0.0,0.0,2.141031359427869,False
1782401091.9015465,127.83189868927002,9.529838015825602,0.9909668302885695,0.02779890355335415,0.0,0.0,2.143269000883629,False
1782401092.00707,127.93742227554321,9.529948090045684,0.9909639193035399,0.02779908924715849,0.0,0.0,2.145502153068081,False
1782401092.0911267,128.02147889137268,9.53003767300393,0.9909615305537258,0.027799909429089772,0.0,0.0,2.147325579356662,False
1782401092.187717,128.11806917190552,9.530157836298166,0.9909583887961483,0.027800987206076936,0.0,0.0,2.149751848430036,False
1782401092.2866273,128.2169795036316,9.530269117164814,0.990955568723586,0.027801038772267098,0.0,0.0,2.151971297511834,False
1782401092.3720884,128.30244064331055,9.530360316036575,0.9909532795049488,0.027800331437595378,0.0,0.0,2.153783570382856,False
1782401092.454331,128.38468313217163,9.530470776738884,0.990950458076946,0.027799241951994926,0.0,0.0,2.155994248205913,False
1782401092.5191913,128.44954347610474,9.530559944836314,0.9909481149646195,0.02779884679937799,0.0,0.0,2.1577997628293666,False
1782401092.5899165,128.52026867866516,9.530638602060318,0.9909460173758313,0.027799119237082552,0.0,0.0,2.1594020279724897,False
1782401092.6560786,128.58643078804016,9.530707411787423,0.9909441876682366,0.027799738723923894,0.0,0.0,2.1608018663588258,False
1782401092.7188876,128.64923977851868,9.530796407323642,0.9909418641386056,0.02780064511570219,0.0,0.0,2.162598956913804,False
1782401092.7795956,128.70994782447815,9.530876162540983,0.9909398323392915,0.027801116117900274,0.0,0.0,2.1641939818182307,False
1782401092.8513925,128.78174471855164,9.530946228303048,0.9909380722765003,0.027801059810076315,0.0,0.0,2.1655876282284514,False
1782401092.9366748,128.86702704429626,9.531036086450124,0.9909358104102529,0.027800393568550727,0.0,0.0,2.1673765580064095,False
1782401093.0278423,128.95819449424744,9.531164237881725,0.9909324988633343,0.027799146043995318,0.0,0.0,2.1699553301478534,False
1782401093.094688,129.02504014968872,9.53124208788348,0.9909304323550117,0.027798854166897143,0.0,0.0,2.1715392687275807,False
1782401093.1842248,129.11457705497742,9.531309964488187,0.9909286209499852,0.02779908307650828,0.0,0.0,2.172923139949035,False
1782401093.256975,129.18732714653015,9.531397523542015,0.9909263115131101,0.02779988029875713,0.0,0.0,2.17469962491126,True
1782401093.3212774,129.25162959098816,9.531495680250528,0.9909237905220415,0.02780082817179815,0.0,0.0,2.176670196301321,False
1782401093.4007697,129.3311219215393,9.531604340723488,0.9909210589623254,0.027801107145293328,0.0,0.0,2.1788336028069244,False
1782401093.4690323,129.3993844985962,9.531673285858004,0.9909193212900588,0.02780072050868805,0.0,0.0,2.1802078495630965,False
1782401093.540101,129.4704532623291,9.531741685630132,0.9909175689572438,0.027800048801797865,0.0,0.0,2.181580326070624,False
1782401093.6119857,129.5423378944397,9.531828671414052,0.9909152878990621,0.02779919813409061,0.0,0.0,2.183342506432292,False
1782401093.6757424,129.60609459877014,9.531914935202765,0.9909129883288609,0.02779886257378516,0.0,0.0,2.185101715461765,False
1782401093.7514863,129.68183851242065,9.531982009287274,0.9909112052846998,0.02779911183735046,0.0,0.0,2.186467816417818,False
1782401093.8245876,129.7549397945404,9.532068772673089,0.9909089413797266,0.027799917817769394,0.0,0.0,2.188221668084549,False
1782401093.8950322,129.82538437843323,9.532166030340349,0.9909064705748066,0.02780084754062874,0.0,0.0,2.1901671901729873,False
1782401093.9654202,129.8957724571228,9.532244078741453,0.9909045126208093,0.027801134314136087,0.0,0.0,2.191720938453343,False
1782401094.0369108,129.96726298332214,9.532312086035974,0.9909027952550408,0.02780090574926795,0.0,0.0,2.1930784709940165,False
1782401094.120259,130.0506112575531,9.5324082221678,0.9909003132059101,0.02780001176218577,0.0,0.0,2.1950148862221184,False
1782401094.20085,130.13120222091675,9.532484248998053,0.9908983018744301,0.027799252283334994,0.0,0.0,2.196561601074638,False
1782401094.266884,130.19723629951477,9.532597751397986,0.990895277250908,0.027798904703003197,0.0,0.0,2.1988771984657243,False
1782401094.3342977,130.26464986801147,9.5326738093527,0.9908932847727681,0.02779937245283862,0.0,0.0,2.2004180467091063,False
1782401094.4035168,130.33386898040771,9.532750466217259,0.9908913230319504,0.02780016095686455,0.0,0.0,2.2019568076134823,False
1782401094.478698,130.40905022621155,9.532827519357758,0.9908893846512662,0.027800865796955513,0.0,0.0,2.2034933430873602,False
1782401094.5788147,130.50916695594788,9.532961814190203,0.9908859909532467,0.02780093825665381,0.0,0.0,2.2061765876583244,False
1782401094.6740227,130.60437488555908,9.533028124811514,0.9908842706856088,0.027800379630261014,0.0,0.0,2.2075157356989745,False
1782401094.7549927,130.6853449344635,9.533140569126534,0.9908812866637841,0.027799230254127446,0.0,0.0,2.2098075875644665,False
1782401094.8166683,130.74702048301697,9.533224664285106,0.990879049472803,0.02779887687785681,0.0,0.0,2.211523014388938,False
1782401094.8837779,130.81413006782532,9.533299863185247,0.9908770856308878,0.02779917083620997,0.0,0.0,2.213045505553512,False
1782401094.953246,130.88359832763672,9.533366149811519,0.9908753922838783,0.027799787546125054,0.0,0.0,2.214376017390322,False
1782401095.0197916,130.9501438140869,9.533442255936915,0.9908734779954952,0.027800577796038457,0.0,0.0,2.215894552580525,False
1782401095.0923405,131.0226926803589,9.533537180341005,0.9908710883738312,0.02780111238408443,0.0,0.0,2.2177894412727515,False
1782401095.1935387,131.12389087677002,9.53362172794941,0.990868913769681,0.027800848391441382,0.0,0.0,2.219491963823395,False
1782401095.2690816,131.19943380355835,9.533705284425032,0.9908667097614877,0.027800041425522306,0.0,0.0,2.221191912337903,False
1782401095.3351223,131.2654745578766,9.533797548923957,0.9908642484250363,0.02779914058677933,0.0,0.0,2.2230774053229614,False
1782401095.4057379,131.33609008789062,9.533880868454245,0.9908620530749435,0.02779889384343475,0.0,0.0,2.2247713480249183,False
1782401095.5086503,131.4390025138855,9.533974282732313,0.9908596569185405,0.027799441997932606,0.0,0.0,2.2266505129923764,False
1782401095.5918667,131.5222189426422,9.53406826469513,0.9908572948415799,0.02780042445979195,0.0,0.0,2.228526349168608,False
1782401095.671142,131.60149431228638,9.534161873526461,0.9908549305282763,0.0278010739162481,0.0,0.0,2.2303986486512883,False
1782401095.750717,131.6810691356659,9.53424515467688,0.9908527750277939,0.02780094226708594,0.0,0.0,2.232080980977457,False
1782401095.820468,131.7508201599121,9.534318400443773,0.9908508359204057,0.027800306177744104,0.0,0.0,2.233574250266753,False
1782401095.9043927,131.83474493026733,9.534400424298582,0.9908486474873068,0.027799425041389627,0.0,0.0,2.235251519525123,False
1782401095.974671,131.90502309799194,9.534491936940933,0.990846240204487,0.02779889792411065,0.0,0.0,2.237111919367029,False
1782401096.0456011,131.9759533405304,9.534565780944835,0.9908443469196452,0.02779909899820123,0.0,0.0,2.238598028705668,False
1782401096.115779,132.0461311340332,9.534649328102397,0.9908422443526312,0.027799861166352354,0.0,0.0,2.2402674326333734,False
1782401096.1868823,132.11723446846008,9.534704992428841,0.9908408467490498,0.0278004546793595,0.0,0.0,2.241378798773018,False
1782401096.2817879,132.212140083313,9.534815338964505,0.9908380259181914,0.027801103964518327,0.0,0.0,2.2435979890486033,False
1782401096.3542519,132.2846040725708,9.534915011920337,0.9908353962086388,0.027800635212271538,0.0,0.0,2.2456283791137492,False
1782401096.435225,132.36557722091675,9.5349960581155,0.9908332339347764,0.027799769115429487,0.0,0.0,2.2472865842448106,False
1782401096.5321262,132.46247839927673,9.535086490531848,0.9908308557797544,0.027799004919734836,0.0,0.0,2.24912587943954,False
1782401096.5979273,132.52827954292297,9.535159464308727,0.9908289854465853,0.027798943781057357,0.0,0.0,2.2505951559882424,False
1782401096.6703029,132.60065507888794,9.535251198971052,0.9908266780567538,0.027799604213989432,0.0,0.0,2.2524288960934404,False
1782401096.7441304,132.67448258399963,9.535324428250526,0.9908248344155653,0.02780039182751905,0.0,0.0,2.2538934413935223,False
1782401096.8132272,132.7435793876648,9.535387995378498,0.9908232073527761,0.0278009276986106,0.0,0.0,2.2551732555898165,False
1782401096.8835313,132.81388354301453,9.535468849154707,0.9908210888864498,0.02780106168493381,0.0,0.0,2.256816615093772,False
1782401096.9517741,132.88212633132935,9.535549027382059,0.9908189520669619,0.02780051537436974,0.0,0.0,2.2584574034337104,False
1782401097.0232704,132.95362257957458,9.535620283253754,0.9908170587107107,0.02779973593552687,0.0,0.0,2.2599135962184844,False
1782401097.0899756,133.02032780647278,9.535682984367012,0.9908154210401161,0.027799152774674103,0.0,0.0,2.2611861339062576,False
1782401097.1967115,133.1270637512207,9.53580049812205,0.9908124354610085,0.027799041221168972,0.0,0.0,2.263545589686857,False
1782401097.276964,133.20731616020203,9.535891102256791,0.990810160113261,0.027799833974971,0.0,0.0,2.2653568273160314,False
1782401097.34676,133.2771122455597,9.535954075263746,0.9908085564707758,0.02780051257375488,0.0,0.0,2.2666227893227218,False
1782401097.4105654,133.34091758728027,9.536016462416876,0.9908069351171771,0.027800987134455092,0.0,0.0,2.267887334762161,False
1782401097.4883776,133.4187297821045,9.536104721388044,0.990804593457047,0.027800970981540492,0.0,0.0,2.2696912873109403,False
1782401097.5708396,133.50119185447693,9.536192710326944,0.9908022507440277,0.02780019728314344,0.0,0.0,2.2714919750536198,False
1782401097.6641102,133.59446239471436,9.53627240165347,0.990800170289629,0.027799347999081476,0.0,0.0,2.2731099646176207,False
1782401097.754809,133.685161113739,9.536352779190082,0.9907981252085658,0.027798917742652755,0.0,0.0,2.2747256384555827,False
1782401097.8215134,133.75186562538147,9.53645134919744,0.9907956508047173,0.027799325533244115,0.0,0.0,2.276696890296922,False
1782401097.8900275,133.8203797340393,9.536531454257492,0.9907936149258677,0.02780016723322653,0.0,0.0,2.2783068795750485,False
1782401097.9646244,133.89497661590576,9.536601872706814,0.9907917815093418,0.027800841372000902,0.0,0.0,2.279736044986615,False
1782401098.075537,134.0058891773224,9.536706420718874,0.9907890006168866,0.027800992637258264,0.0,0.0,2.2818762179135907,False
1782401098.150506,134.08085823059082,9.536802254819799,0.9907864632844423,0.027800161443788548,0.0,0.0,2.283834026057145,False
1782401098.2192307,134.149582862854,9.536872530842144,0.990784648126937,0.027799404307595036,0.0,0.0,2.285255697163745,False
1782401098.291085,134.22143721580505,9.536934430344541,0.9907830813733961,0.027798982727998356,0.0,0.0,2.286498171397654,False
1782401098.395626,134.32597827911377,9.537040672651223,0.9907804129175726,0.027799209897620827,0.0,0.0,2.288624554430337,False
1782401098.4769185,134.40727066993713,9.537137084006744,0.9907779418392595,0.027800200694096427,0.0,0.0,2.2905699222284404,False
1782401098.5452647,134.47561693191528,9.53719771374282,0.9907763471693469,0.02780079458219704,0.0,0.0,2.291806141993066,False
1782401098.642368,134.57272028923035,9.537249363782216,0.9907749714536915,0.027801058279267217,0.0,0.0,2.292864599249668,False
1782401098.718885,134.6492371559143,9.537352610713736,0.9907722278992896,0.0278006659443341,0.0,0.0,2.294978124563701,False
1782401098.7989893,134.729341506958,9.537456836549884,0.9907695367010927,0.027799549393566176,0.0,0.0,2.297087526669136,False
1782401098.8747735,134.8051257133484,9.537544395673322,0.9907673330715252,0.027798951458415554,0.0,0.0,2.2988422262092527,False
1782401098.948392,134.8787441253662,9.53760561602333,0.9907657940092096,0.027799017545903606,0.0,0.0,2.300068665059148,False
1782401099.0218236,134.9521758556366,9.53768369917547,0.9907637978543774,0.027799652230604523,0.0,0.0,2.3016434111167854,False
1782401099.085591,135.0159432888031,9.537760861721797,0.9907617733235451,0.02780050870589797,0.0,0.0,2.3032159670084407,False
1782401099.178464,135.1088161468506,9.537845911867068,0.9907595055809062,0.027801058067947824,0.0,0.0,2.304960466372548,False
1782401099.2665832,135.19693541526794,9.53790548441492,0.9907579250694459,0.027800950699802453,0.0,0.0,2.3061797918075246,False
1782401099.3308065,135.2611587047577,9.537991204520655,0.9907556995451984,0.027800187749571402,0.0,0.0,2.3079193211020828,False
1782401099.4025173,135.33286952972412,9.538069006130696,0.9907537308444883,0.02779935485376963,0.0,0.0,2.3094825776203796,True
1782401099.473472,135.40382432937622,9.538146931563988,0.9907517753155234,0.02779893651127704,0.0,0.0,2.3110434058588125,False
1782401099.5417352,135.47208738327026,9.538207194104627,0.9907502463528345,0.02779908447078509,0.0,0.0,2.3122557182708663,False
1782401099.6083865,135.53873872756958,9.538275407471758,0.9907484788187388,0.027799687196694577,0.0,0.0,2.3136396076395482,False
1782401099.6723483,135.60270047187805,9.53835136725603,0.9907464666296281,0.027800535842154684,0.0,0.0,2.3151944143043326,False
1782401099.740846,135.67119812965393,9.53841019051038,0.9907448965135567,0.02780098024294769,0.0,0.0,2.3164020443361997,False
1782401099.8318937,135.7622458934784,9.538494509224055,0.9907426725165325,0.027800928664107202,0.0,0.0,2.318124736662895,False
1782401099.8948553,135.82520747184753,9.538571075682889,0.9907407058754328,0.027800248250449227,0.0,0.0,2.319672891941253,False
1782401099.9605103,135.89086246490479,9.538639561113108,0.9907389812951788,0.027799493138079896,0.0,0.0,2.321047169206172,False
1782401100.0317762,135.9621284008026,9.53869948182416,0.990737477345519,0.027799035373915985,0.0,0.0,2.3222480980092164,False
1782401100.0991066,136.0294587612152,9.53875058722562,0.9907361819685095,0.027798944817790508,0.0,0.0,2.323276332508911,False
1782401100.1659334,136.09628558158875,9.53882651973835,0.9907342165814506,0.02779937365084224,0.0,0.0,2.324816905522612,False
1782401100.2585793,136.18893146514893,9.53890163492639,0.9907322262257965,0.0278002030668133,0.0,0.0,2.326355335109981,False
1782401100.3371613,136.26751351356506,9.539001429494949,0.9907295694744135,0.027801018387152748,0.0,0.0,2.328402901247979,False
1782401100.4181824,136.3485345840454,9.53910205918597,0.9907269590180748,0.027800723251285027,0.0,0.0,2.3304465336438867,False
1782401100.4976912,136.42804336547852,9.539169731755935,0.9907252495634747,0.027800021148460245,0.0,0.0,2.3318068652823425,False
1782401100.5747097,136.5050618648529,9.539237490835134,0.9907235497095275,0.02779930915041712,0.0,0.0,2.3331653504807686,False
1782401100.6420634,136.57241559028625,9.539313249155997,0.9907216259577881,0.02779894433836453,0.0,0.0,2.334691473410203,False
1782401100.715488,136.64584016799927,9.539396409021917,0.9907194568377216,0.027799327971891236,0.0,0.0,2.33638472865898,False
1782401100.7933555,136.72370767593384,9.539462308528215,0.9907177030060943,0.027800044254878507,0.0,0.0,2.337737414250546,False
1782401100.866802,136.79715418815613,9.539528092702435,0.9907159502706956,0.02780073689475332,0.0,0.0,2.33908825053709,False
1782401100.943596,136.873948097229,9.539610806463271,0.9907137867033544,0.027801045684742103,0.0,0.0,2.3407743525990536,False
1782401101.0152068,136.9455590248108,9.539685928651783,0.9907118744412857,0.027800618527901128,0.0,0.0,2.3422896913630993,False
1782401101.0873547,137.01770687103271,9.539744596384539,0.9907104018910817,0.02779998696353668,0.0,0.0,2.3434667628382524,False
1782401101.158201,137.08855319023132,9.539811481428083,0.9907087180255995,0.02779928772873746,0.0,0.0,2.344810270172796,False
1782401101.2323098,137.16266202926636,9.539886047125423,0.9907068035470694,0.027798949785672523,0.0,0.0,2.3463196942802598,False
1782401101.2971442,137.22749638557434,9.539967901894903,0.9907046450913264,0.02779935839267256,0.0,0.0,2.3479944573133964,False
1782401101.3906164,137.3209686279297,9.540049244313481,0.9907024750105725,0.02780026692349146,0.0,0.0,2.349666469363471,False
1782401101.4619088,137.3922610282898,9.540114534900106,0.9907007539962764,0.02780087575930071,0.0,0.0,2.3510020940395866,False
1782401101.5321307,137.46248292922974,9.540180326399858,0.9906990587613069,0.027801035140649674,0.0,0.0,2.3523361280202084,False
1782401101.6055937,137.53594589233398,9.540254847012578,0.9906971787584821,0.027800587262111397,0.0,0.0,2.353834973954087,False
1782401101.6906853,137.62103748321533,9.540337640781,0.9906950981655575,0.027799671756998982,0.0,0.0,2.3554977191794797,False
1782401101.7651997,137.69555187225342,9.540411492696796,0.9906932067206536,0.027799049410645593,0.0,0.0,2.356991932837799,False
1782401101.832507,137.76285910606384,9.540484487131838,0.9906912880426136,0.027799036946533847,0.0,0.0,2.3584841729103374,False
1782401101.8980765,137.82842874526978,9.540540860895321,0.990689784621724,0.027799469021642983,0.0,0.0,2.35964333146636,False
1782401101.9618857,137.89223790168762,9.5405972049572,0.9906882843195187,0.027800111087612215,0.0,0.0,2.3608011271361775,False
1782401102.028463,137.95881509780884,9.540670043771462,0.9906863776389434,0.027800835534356312,0.0,0.0,2.3622878513378147,False
1782401102.0972261,138.02757835388184,9.540743521396235,0.9906845037855164,0.027801023672322067,0.0,0.0,2.3637726221678523,False
1782401102.1734855,138.10383772850037,9.540800936351644,0.9906830619510507,0.02780070669204971,0.0,0.0,2.3649259945416015,False
1782401102.2376282,138.16798043251038,9.540858270567824,0.9906816211446677,0.0278001099126665,0.0,0.0,2.3660780177466996,False
1782401102.3013835,138.23173570632935,9.540931421286864,0.99067975219412,0.02779931641769981,0.0,0.0,2.367557328170181,False
1782401102.3621385,138.2924907207489,9.540995726272941,0.99067806788552,0.027798969029116313,0.0,0.0,2.368870649356461,False
1782401102.4520326,138.3823847770691,9.54106748691603,0.9906761562290991,0.02779920835202655,0.0,0.0,2.3703461882915335,False
1782401102.5135605,138.4439127445221,9.541123240026153,0.9906746718419743,0.027799766584462714,0.0,0.0,2.3714923082396675,False
1782401102.582965,138.5133171081543,9.54119532032138,0.9906727856971923,0.027800582435969303,0.0,0.0,2.3729640613464573,False
1782401102.6542473,138.58459949493408,9.541268032414086,0.9906709320859948,0.02780102399056226,0.0,0.0,2.374433899945277,False
1782401102.7195632,138.64991545677185,9.541324845115494,0.9906695056300323,0.027800913057881113,0.0,0.0,2.375575685375376,False
1782401102.796806,138.72715830802917,9.54139772431828,0.990667670993787,0.027800262466586158,0.0,0.0,2.3770417601672085,False
1782401102.8749342,138.8052864074707,9.541469915039082,0.99066581533987,0.027799444681136366,0.0,0.0,2.3785058219121438,False
1782401102.9591296,138.8894817829132,9.541549175901073,0.9906637231219636,0.027798971286234153,0.0,0.0,2.380130318659783,False
1782401103.0236368,138.95398902893066,9.541612209458497,0.9906620404029558,0.02779917461734346,0.0,0.0,2.3814280541799624,False
1782401103.085339,139.015691280365,9.541675383832256,0.9906603689771768,0.027799800533638563,0.0,0.0,2.3827241112159436,False
1782401103.1484768,139.0788290500641,9.541739014115025,0.9906587215683121,0.027800527839797095,0.0,0.0,2.3840186454601526,False
1782401103.2167575,139.14710974693298,9.541795079159145,0.9906573002904369,0.027800951848949974,0.0,0.0,2.3851501395500803,False
1782401103.2880855,139.21843767166138,9.541851308415634,0.9906558897309206,0.027800998033941624,0.0,0.0,2.3862803856447,False
1782401103.3568666,139.2872188091278,9.541899411642797,0.9906546800750469,0.027800718875030148,0.0,0.0,2.3872481365601557,False
1782401103.416757,139.34710931777954,9.541986824841258,0.9906524384902005,0.02779976212265956,0.0,0.0,2.3890200602475393,False
1782401103.4985583,139.4289104938507,9.542080863092197,0.9906499509682861,0.027799001980651623,0.0,0.0,2.390949852005274,False
1782401103.5719476,139.502299785614,9.542151048581443,0.9906480795280251,0.02779914409321936,0.0,0.0,2.3923947758097572,False
1782401103.6331315,139.56348371505737,9.54219801221243,0.990646842864516,0.027799565933982747,0.0,0.0,2.3933569250861013,False
1782401103.695349,139.62570118904114,9.542253149798777,0.9906454180945107,0.027800207616162084,0.0,0.0,2.3944783913772794,False
1782401103.7554126,139.6857647895813,9.542316588824171,0.9906438120604008,0.027800825213516542,0.0,0.0,2.395758687229649,False
1782401103.8190668,139.74941897392273,9.542380181620688,0.9906422174256309,0.027801019251905448,0.0,0.0,2.3970373688253317,False
1782401103.8838553,139.81420755386353,9.542435607682243,0.990640817380018,0.027800757046495605,0.0,0.0,2.3981548709595133,False
1782401103.9482605,139.87861275672913,9.542490589439591,0.9906394030958751,0.0278001950125757,0.0,0.0,2.3992712239662097,False
1782401104.01306,139.94341230392456,9.542560558580476,0.9906375611610556,0.027799396124375136,0.0,0.0,2.4007049167428662,False
1782401104.092005,140.0223572254181,9.54263776710641,0.990635500795012,0.027798978827581866,0.0,0.0,2.4022955698776354,False
1782401104.1536143,140.08396649360657,9.542684153636484,0.9906342712455485,0.02779911684867351,0.0,0.0,2.403248743655486,False
1782401104.2143705,140.14472270011902,9.542730771656018,0.9906330542524809,0.027799514347011348,0.0,0.0,2.404201076893852,False
1782401104.2774482,140.20780038833618,9.542793365276314,0.990631454105251,0.027800238712164735,0.0,0.0,2.4054696167598566,False
1782401104.3439631,140.27431535720825,9.542872024909913,0.9906294781609543,0.027800930804594955,0.0,0.0,2.407053149240408,False
1782401104.4142065,140.3445587158203,9.542934794279942,0.9906278964305477,0.027800968930008337,0.0,0.0,2.408318159224133,False
1782401104.475667,140.40601921081543,9.542981527586708,0.9906266992626501,0.02780066244999846,0.0,0.0,2.4092659297305055,False
1782401104.5409193,140.47127151489258,9.543035583536948,0.990625287043256,0.027800069031830216,0.0,0.0,2.410370667141283,False
1782401104.6135864,140.54393863677979,9.543112147602361,0.9906232495978469,0.02779923801534295,0.0,0.0,2.411946887764171,False
1782401104.6732826,140.60363483428955,9.543173294528897,0.9906216215379375,0.027798984084267064,0.0,0.0,2.413206065519282,False
1782401104.7337315,140.66408371925354,9.543219359388535,0.990620412513056,0.02779913855224694,0.0,0.0,2.414149451350272,False
1782401104.8012967,140.73164892196655,9.543273451532206,0.9906190201601046,0.0277996310174223,0.0,0.0,2.4152490765591264,False
1782401104.8669977,140.79734992980957,9.543343449602059,0.9906172542479365,0.027800442695383204,0.0,0.0,2.416661259193126,False
1782401104.934611,140.86496329307556,9.54341349117397,0.9906154962102225,0.02780096962704204,0.0,0.0,2.4180714498646596,False
1782401105.003867,140.93421912193298,9.543467620268636,0.9906141186655443,0.02780095313729976,0.0,0.0,2.419166925107495,True
1782401105.0682664,140.99861860275269,9.543521266200221,0.9906127249380893,0.027800558808128834,0.0,0.0,2.4202613351011455,False
1782401105.140483,141.0708351135254,9.543597171654627,0.9906107105821967,0.027799671635095485,0.0,0.0,2.4218228834010787,False
1782401105.2008886,141.13124084472656,9.543650110877385,0.9906092975401263,0.02779916523630434,0.0,0.0,2.4229145194373234,False
1782401105.3130476,141.24339985847473,9.543718443669352,0.9906074980168706,0.02779901491299526,0.0,0.0,2.4243163423608287,False
