epoch [s],elapsed [s],x [m],y [m],z [m],roll [deg],pitch [deg],yaw [deg],broadcast
1782411791.6327138,0.11530351638793945,-4.658039345842369e-05,1.0000000005883931,0.027550142647028254,0.0,0.0,359.9999999097652,False
1782411791.6973217,0.17991137504577637,-4.544783861378768e-05,1.0000000006626726,0.027307512025655126,0.0,0.0,359.9999999097678,False
1782411791.774432,0.2570216655731201,-4.762040570015615e-05,1.0000000007007517,0.02730839342370023,0.0,0.0,359.99999990977807,False
1782411791.8631685,0.34575819969177246,-5.271226661860479e-05,1.0000000006250611,0.02774134642132731,0.0,0.0,359.9999999097936,False
1782411791.9285433,0.4111330509185791,-5.503364112447533e-05,1.0000000005442131,0.028075872859344,0.0,0.0,359.9999999097975,False
1782411791.9959512,0.47854089736938477,-5.5208676747288367e-05,1.000000000470811,0.028316091647075037,0.0,0.0,359.99999990980126,False
1782411792.0817022,0.5642919540405273,-5.1335652551316126e-05,1.0000000004677152,0.028211756341737837,0.0,0.0,359.99999990981587,False
1782411792.1538424,0.6364321708679199,-4.7309050526001206e-05,1.0000000005492724,0.027824346334448927,0.0,0.0,359.9999999098263,False
1782411792.218528,0.701117753982544,-4.5665260584673486e-05,1.0000000006291854,0.027499928843750833,0.0,0.0,359.99999990982917,False
1782411792.2917001,0.7742898464202881,-4.669243731990452e-05,1.0000000006952912,0.02727302559450041,0.0,0.0,359.9999999098354,False
1782411792.3532796,0.835869312286377,-4.995106885566361e-05,1.0000000006861136,0.02735559545053101,0.0,0.0,359.9999999098471,False
1782411792.444433,0.9270226955413818,-5.418314997400765e-05,1.000000000594715,0.02776064589408698,0.0,0.0,359.9999999098576,False
1782411792.515725,0.998314619064331,-5.5356640909008804e-05,1.0000000005065015,0.028122398947406747,0.0,0.0,359.9999999098606,False
1782411792.5818112,1.0644009113311768,-5.3399294171085665e-05,1.0000000004551535,0.028323347847203154,0.0,0.0,359.9999999098687,False
1782411792.6588707,1.1414604187011719,-4.939955608076707e-05,1.0000000004870784,0.0281885837904384,0.0,0.0,359.99999990988164,False
1782411792.7443416,1.2269313335418701,-4.621524537650744e-05,1.0000000005800793,0.027806235833498227,0.0,0.0,359.99999990988874,False
1782411792.8185012,1.301090955734253,-4.593449730008348e-05,1.000000000662831,0.027457140154331688,0.0,0.0,359.99999990989187,False
1782411792.8856356,1.368225336074829,-4.911479123577757e-05,1.000000000696804,0.027283266648872,0.0,0.0,359.99999990990335,False
1782411792.963242,1.4458317756652832,-5.3096972425788846e-05,1.000000000640979,0.027474707476120862,0.0,0.0,359.999999909915,False
1782411793.0335884,1.5161781311035156,-5.501240743925666e-05,1.000000000564067,0.027778895125178584,0.0,0.0,359.99999990991887,False
1782411793.1171267,1.5997164249420166,-5.452390421195918e-05,1.0000000004778626,0.02816141310020825,0.0,0.0,359.99999990992325,False
1782411793.1813226,1.663912296295166,-5.118186862701439e-05,1.000000000459511,0.028310442015978984,0.0,0.0,359.9999999099346,False
1782411793.2538867,1.7364764213562012,-4.773677262850638e-05,1.0000000005114351,0.028166276857961407,0.0,0.0,359.99999990994456,False
1782411793.3209524,1.803542137145996,-4.5981799652380024e-05,1.0000000005876035,0.027881740086973864,0.0,0.0,359.99999990994826,False
1782411793.3824315,1.8650212287902832,-4.643275969895999e-05,1.0000000006670244,0.027526674005400233,0.0,0.0,359.9999999099519,False
1782411793.4521344,1.9347240924835205,-4.964040136236293e-05,1.000000000695966,0.02730358547285781,0.0,0.0,359.99999990996264,False
1782411793.542235,2.024824619293213,-5.343790355807531e-05,1.0000000006434158,0.027399079382339354,0.0,0.0,359.99999990997367,False
1782411793.6160028,2.098592519760132,-5.512548759834977e-05,1.000000000545619,0.027750394032417216,0.0,0.0,359.9999999099779,False
1782411793.7033093,2.185899019241333,-5.2392642964358996e-05,1.0000000004590097,0.028219051152491865,0.0,0.0,359.9999999099875,False
1782411793.799851,2.282440662384033,-4.8126849043308085e-05,1.0000000004917866,0.028267516285805767,0.0,0.0,359.9999999100006,False
1782411793.8738844,2.3564741611480713,-4.607813208639485e-05,1.0000000005725602,0.0280349772612864,0.0,0.0,359.9999999100055,False
1782411793.9399915,2.422581195831299,-4.679848856839643e-05,1.000000000663631,0.02764048303798616,0.0,0.0,359.9999999100096,False
1782411794.19557,2.678159713745117,-5.102737830217598e-05,1.0000000006907546,0.02732241397955723,0.0,0.0,359.9999999100229,False
1782411794.3545902,2.8371798992156982,-4.932296083370843e-05,1.0000000004665723,0.028267934424450327,0.0,0.0,359.99999991005257,False
1782411794.4353693,2.917958974838257,0.0027421355239494595,1.0000000005853356,0.02805591889441634,0.0,0.0,359.9999999100686,False
1782411794.5301445,3.0127341747283936,0.010093513632736292,1.0000000006545184,0.027659394196966464,0.0,0.0,359.9999999101123,False
1782411794.6082325,3.090822219848633,0.019655903748752097,1.0000000006418714,0.027430372697157646,0.0,0.0,359.9999999109953,False
1782411794.6937244,3.176314115524292,0.033791853816721604,1.0000000005380085,0.02748453502333618,0.0,0.0,359.999999913951,False
1782411794.7789795,3.2615692615509033,0.04656232461014595,1.0000000004388012,0.02771123652013846,0.0,0.0,359.9999999166696,False
1782411794.8602526,3.3428423404693604,0.061490399770939175,1.0000000003854896,0.027944780736823206,0.0,0.0,359.99999991773217,False
1782411794.9343467,3.4169363975524902,0.07533500808002354,1.0000000004066278,0.02801322561981699,0.0,0.0,359.999999916228,False
1782411795.016252,3.4988417625427246,0.09098500543254105,1.0000000004691578,0.027924739011422017,0.0,0.0,359.9999999130609,False
1782411795.0823472,3.564936876296997,0.10202788978477184,1.0000000004981577,0.027813796127099107,0.0,0.0,359.99999991132165,False
1782411795.1469352,3.6295249462127686,0.1146801904901781,1.0000000004889387,0.027703672390499725,0.0,0.0,359.99999991095154,False
1782411795.2191129,3.70170259475708,0.12891532381493656,1.0000000004222664,0.02765368685893338,0.0,0.0,359.99999991278764,False
1782411795.2915485,3.7741382122039795,0.14155976263537826,1.0000000003386267,0.02768189340329967,0.0,0.0,359.99999991540443,False
1782411795.3563185,3.8389081954956055,0.1526250087203773,1.0000000002766722,0.02774140869671446,0.0,0.0,359.99999991725895,False
1782411795.4369419,3.9195315837860107,0.16687180611488525,1.0000000002424152,0.02782122119458269,0.0,0.0,359.9999999178778,False
1782411795.5171828,3.999772548675537,0.18274210076055297,1.00000000026832,0.02786458806309205,0.0,0.0,359.9999999160839,False
1782411795.5941482,4.076737880706787,0.19705383155302802,1.0000000003140777,0.02784915091462344,0.0,0.0,359.99999991353866,False
1782411795.651719,4.134308815002441,0.20818780185480013,1.000000000332821,0.027813632729453995,0.0,0.0,359.9999999121629,False
1782411795.7198443,4.202434062957764,0.22248671313156237,1.0000000003111011,0.02776495530137702,0.0,0.0,359.9999999121992,False
1782411795.7884398,4.271029472351074,0.23517383558430718,1.0000000002505938,0.02773990315517722,0.0,0.0,359.9999999138922,False
1782411795.855513,4.3381028175354,0.24626139633507313,1.0000000001846208,0.027739162166678297,0.0,0.0,359.99999991590164,False
1782411795.9446442,4.427233934402466,0.26209925112046484,1.000000000112501,0.027765443344043825,0.0,0.0,359.99999991791094,False
1782411796.024514,4.507103681564331,0.2795471974955994,1.0000000001008944,0.02780304613575124,0.0,0.0,359.9999999174855,False
1782411796.109785,4.592374801635742,0.2938491936724418,1.0000000001339906,0.027818042358161363,0.0,0.0,359.9999999154605,False
1782411796.174894,4.657483816146851,0.30498041634280226,1.0000000001607223,0.027814926148544472,0.0,0.0,359.99999991380116,False
1782411796.244021,4.7266106605529785,0.3192846903774344,1.0000000001653035,0.02779695922421599,0.0,0.0,359.99999991280527,False
1782411796.3355358,4.818125486373901,0.33515377328203483,1.0000000001155802,0.027773912489658797,0.0,0.0,359.9999999138882,False
1782411796.4201734,4.90276312828064,0.3494155598880234,1.000000000040343,0.027764027830034697,0.0,0.0,359.99999991609025,False
1782411796.4936323,4.976222038269043,0.36842988353195294,0.9999999999614476,0.027773205775273063,0.0,0.0,359.9999999181974,False
1782411796.6026356,5.085225343704224,0.3874745183401261,0.9999999999562965,0.027793582032970415,0.0,0.0,359.9999999174301,False
1782411796.696799,5.179388761520386,0.40336822112788934,0.9999999999896987,0.02780251710953597,0.0,0.0,359.9999999152846,False
1782411796.8312924,5.313882112503052,0.43037554771599973,0.9999999999908267,0.027789142777115482,0.0,0.0,359.99999991373085,False
1782411796.9486356,5.431225299835205,0.4509867398329158,0.9999999999038334,0.027774949320394673,0.0,0.0,359.99999991604676,False
1782411797.0449584,5.52754807472229,0.471589949058421,0.9999999998179873,0.02777690053317378,0.0,0.0,359.9999999183392,False
1782411797.142719,5.6253087520599365,0.48745870252624446,0.9999999998018161,0.027786996260000377,0.0,0.0,359.99999991815764,False
1782411797.243628,5.726217746734619,0.5049366973737553,0.9999999998277096,0.027795726224009516,0.0,0.0,359.9999999162289,False
1782411797.3203804,5.8029701709747314,0.5224163059934785,0.9999999998478959,0.027794362318843493,0.0,0.0,359.99999991446697,False
1782411797.3986645,5.881254196166992,0.5382890190861281,0.9999999998231538,0.027786243788404417,0.0,0.0,359.9999999145648,False
1782411797.4759243,5.958513975143433,0.5509729456119329,0.99999999977336,0.027779957493133597,0.0,0.0,359.99999991584383,False
1782411797.538075,6.020664691925049,0.5620668176491652,0.9999999997221197,0.027777585935555783,0.0,0.0,359.9999999172714,False
1782411797.6247854,6.107375144958496,0.576335406647797,0.9999999996702795,0.027780091475131514,0.0,0.0,359.99999991855975,False
1782411797.699392,6.181981801986694,0.5922067145270152,0.9999999996526154,0.027787390056038218,0.0,0.0,359.9999999184321,False
1782411797.7782977,6.260887384414673,0.6080945812179293,0.9999999996708319,0.027793149941121937,0.0,0.0,359.9999999168841,False
1782411797.8835473,6.3661370277404785,0.6287476008059643,0.9999999996898001,0.02779128919500779,0.0,0.0,359.99999991500056,False
1782411797.9951942,6.477783918380737,0.6477874190444454,0.9999999996515775,0.0277834331312189,0.0,0.0,359.99999991546633,False
1782411798.1009839,6.583573579788208,0.6683946758372419,0.9999999995657265,0.027779473972122982,0.0,0.0,359.9999999177481,False
1782411798.199144,6.68173360824585,0.6874279716585803,0.999999999509781,0.027784278138287138,0.0,0.0,359.9999999189491,True
1782411798.3076007,6.7901904582977295,0.7048967447222491,0.9999999995078768,0.027790674010741825,0.0,0.0,359.9999999181155,False
1782411798.4012103,6.883800029754639,0.7223740445249455,0.9999999995294176,0.02779222075832981,0.0,0.0,359.9999999163271,False
1782411798.486457,6.9690468311309814,0.739839389111566,0.9999999995279804,0.027787603681406453,0.0,0.0,359.99999991542154,False
1782411798.567177,7.049766778945923,0.7556996826683391,0.9999999994867373,0.027782200014609668,0.0,0.0,359.9999999161892,False
1782411798.6438665,7.126456260681152,0.7699671129542413,0.9999999994294702,0.027780393492127665,0.0,0.0,359.99999991768397,False
1782411798.712968,7.1955578327178955,0.7826533608885562,0.9999999993835214,0.02778233118802079,0.0,0.0,359.99999991882146,False
1782411798.784627,7.267216682434082,0.7953493010979343,0.9999999993577413,0.027786421108918234,0.0,0.0,359.9999999191708,False
1782411798.8811731,7.363762855529785,0.8144098797233226,0.9999999993614697,0.027791406035413753,0.0,0.0,359.9999999180249,False
1782411798.9740806,7.45667028427124,0.8285090409689133,1.0000004874715551,0.027795026096260594,0.0,0.0,0.2596764577948687,False
1782411799.0630639,7.545653581619263,0.8426115513195481,1.0000092789825539,0.027799919890972444,0.0,0.0,0.9862376285338837,False
1782411799.146136,7.62872576713562,0.8520175235415499,1.000032483675826,0.027801812673020336,0.0,0.0,1.6409914139602089,False
1782411799.2372751,7.719864845275879,0.861728182935744,1.000086508659106,0.027801432051531197,0.0,0.0,2.3976996313291012,False
1782411799.3168948,7.799484491348267,0.8718012860185855,1.0001922674983381,0.02779913563377149,0.0,0.0,3.2394564170988454,False
1782411799.3888946,7.871484279632568,0.8788478311646732,1.0003064950011349,0.027797562865213385,0.0,0.0,3.853212615963362,False
1782411799.4810085,7.963598251342773,0.8882676833655696,1.0005235351182598,0.027796983962186803,0.0,0.0,4.697652956571759,False
1782411799.5482345,8.030824184417725,0.8958065451287069,1.0007589319946844,0.027797970791527137,0.0,0.0,5.388683840241102,False
1782411799.6225936,8.105183362960815,0.9024148869905639,1.0010159528789986,0.027799327005295905,0.0,0.0,6.002960382373187,False
1782411799.6939678,8.176557540893555,0.9081418661393678,1.0012800988369044,0.027800305168610727,0.0,0.0,6.54046144122422,False
1782411799.7618997,8.244489431381226,0.9154458749812566,1.0016763825987562,0.027800722380658185,0.0,0.0,7.231540954544754,False
1782411799.8386817,8.321271419525146,0.923500726468157,1.002194984824416,0.027800007321472916,0.0,0.0,7.999410688732904,False
1782411799.9391863,8.421776056289673,0.9315064582025732,1.0027995367991043,0.027798760993337033,0.0,0.0,8.767279266006398,False
1782411800.0249004,8.507490158081055,0.9402686453585648,1.0035674871056623,0.027797943979372415,0.0,0.0,9.611930446430554,False
1782411800.100793,8.583382606506348,0.9482019080792234,1.004361980577752,0.027798211776492963,0.0,0.0,10.379792425917804,False
1782411800.1872,8.669789791107178,0.9553195573274463,1.0051572965797504,0.027799015127879884,0.0,0.0,11.070868592186251,False
1782411800.2573168,8.739906549453735,0.9616426880047094,1.0059316135003125,0.027799710628917087,0.0,0.0,11.683860739254627,False
1782411800.333128,8.815717697143555,0.9696020694635812,1.0070028631474461,0.027800004434715815,0.0,0.0,12.443080331920962,False
1782411800.4189901,8.901579856872559,0.9777246828310597,1.0082147031575805,0.027799480847466546,0.0,0.0,13.18926992289517,False
1782411800.5363328,9.018922567367554,0.9878033072260616,1.00989032078661,0.02779832196168381,0.0,0.0,14.063050347410146,False
1782411800.6349638,9.117553472518921,0.9992313428142313,1.0120182524671815,0.02779749264772321,0.0,0.0,14.981784176611178,False
1782411800.7444706,9.227060317993164,1.0103050572408685,1.014301882769791,0.02779747772995449,0.0,0.0,15.802517077128032,False
1782411800.823544,9.30613374710083,1.019937783380597,1.0164561686180995,0.027797633016881863,0.0,0.0,16.465897744254608,False
1782411800.9015489,9.384138584136963,1.0289155590777321,1.0185961776140762,0.027797540807677323,0.0,0.0,17.047239187695684,False
1782411800.9730203,9.455610036849976,1.0371392351043838,1.0206627854412988,0.02779715702849568,0.0,0.0,17.550475365873044,False
1782411801.059657,9.54224681854248,1.0477463181154423,1.02347130728459,0.02779635958973033,0.0,0.0,18.15992771334512,False
1782411801.147961,9.630550622940063,1.0582589441146844,1.026382484607255,0.02779604695460134,0.0,0.0,18.802050898936415,False
1782411801.2366261,9.719215869903564,1.069213849195454,1.0295302377047855,0.027797129932886563,0.0,0.0,19.558130329059466,False
1782411801.321014,9.803603649139404,1.0801143579720631,1.0328665002377948,0.0277970422835182,0.0,0.0,20.127181908079905,False
1782411801.4068737,9.889463424682617,1.0930497318677763,1.037047020314211,0.027795069692835586,0.0,0.0,20.67469629454713,False
1782411801.494684,9.97727370262146,1.1045368817926977,1.0409399692187844,0.027791906279845253,0.0,0.0,21.036499026319003,False
1782411801.5698156,10.05240535736084,1.1167315203014982,1.0452235600509796,0.027788154472338834,0.0,0.0,21.320346402192687,False
1782411801.6585746,10.141164302825928,1.130597453891184,1.0501981956076065,0.02778839798102273,0.0,0.0,21.81886198951638,False
1782411801.7612042,10.243793964385986,1.1433226140675996,1.05482352150842,0.027796745241514872,0.0,0.0,22.64325187768391,False
1782411801.857508,10.340097665786743,1.1537236779567945,1.0586757784977843,0.0278041566750684,0.0,0.0,23.469159075063963,False
1782411801.946398,10.428987741470337,1.1633688512103124,1.0623306944188968,0.027805547824142154,0.0,0.0,24.309719354857588,False
1782411802.0247614,10.507351160049438,1.1708747462135118,1.0652443178996536,0.027802155536011033,0.0,0.0,25.00000697037293,False
1782411802.102439,10.585028648376465,1.1781291666386893,1.068128261957585,0.027797415462611944,0.0,0.0,25.69086673559079,False
1782411802.1703765,10.652966260910034,1.1844158510263778,1.0706880985119638,0.027794547008392567,0.0,0.0,26.30509647737682,False
1782411802.2440975,10.72668719291687,1.192108331642753,1.0739046208529437,0.027794572249080194,0.0,0.0,27.07292627412841,False
1782411802.3496182,10.832207918167114,1.200403774218407,1.077486130520829,0.027798280720136653,0.0,0.0,27.91755622717628,False
1782411802.4208548,10.903444528579712,1.2070878095909636,1.0804632381892636,0.02780156712128224,0.0,0.0,28.6086295962794,False
1782411802.5064847,10.989074468612671,1.215153913789801,1.0841709699403126,0.027802884015496826,0.0,0.0,29.45328960980943,False
1782411802.5682464,11.050836086273193,1.2209586375912773,1.086920629861418,0.027801578919950432,0.0,0.0,30.067592705067565,False
1782411802.6448483,11.127438068389893,1.2267171616730477,1.0897183294957096,0.027799247821394004,0.0,0.0,30.681893947209034,False
1782411802.7250683,11.207658052444458,1.2324329980144177,1.0925662771986648,0.027797146011183285,0.0,0.0,31.29618960898417,False
1782411802.8021104,11.284700155258179,1.2402270667484936,1.0965673015798123,0.027796331937732986,0.0,0.0,32.1408366242906,False
1782411802.8742628,11.356852531433105,1.2465505700454056,1.099916167458985,0.02779762709779537,0.0,0.0,32.8319080426801,False
1782411802.9528663,11.435456037521362,1.2521323687951027,1.1029509303105527,0.027799438472163034,0.0,0.0,33.446195987465586,False
1782411803.046031,11.528620719909668,1.2597483605080484,1.1072139933459095,0.027801185176239605,0.0,0.0,34.29084949881079,False
1782411803.1201735,11.602763175964355,1.2666131943063914,1.1111809549867242,0.02780100172204108,0.0,0.0,35.058722522372406,False
1782411803.2157042,11.698293924331665,1.2734219975056633,1.1152354217047689,0.02779949535159494,0.0,0.0,35.82659597342418,False
1782411803.282892,11.76548171043396,1.2788284375643055,1.1185420848676728,0.027798202929304454,0.0,0.0,36.44089165392012,False
1782411803.3434606,11.826050281524658,1.2848671191627319,1.122329069192386,0.027797498842508754,0.0,0.0,37.13197000505946,False
1782411803.4312606,11.9138503074646,1.2915220110946066,1.1266198362031659,0.027797977656266105,0.0,0.0,37.89983169717093,False
1782411803.50767,11.990259647369385,1.2968038641728001,1.1301151505065001,0.027798969474204006,0.0,0.0,38.51412151261243,False
1782411803.5771718,12.05976152420044,1.3020478059975553,1.1336659668825593,0.027799926584065285,0.0,0.0,39.12841367970516,False
1782411803.6377318,12.12032151222229,1.307901282922945,1.1377266580308854,0.027800400272605122,0.0,0.0,39.81949562235754,False
1782411803.7149487,12.197538375854492,1.3130629255871666,1.1413945247030464,0.02780012778978004,0.0,0.0,40.43379242910051,False
1782411803.8011851,12.283774852752686,1.3188224239553634,1.1455861145314334,0.027799310568145705,0.0,0.0,41.12487607057909,False
1782411803.8652964,12.347886085510254,1.3245310106465444,1.1498463023275718,0.027798503978563687,0.0,0.0,41.81595755411899,False
1782411803.961458,12.444047689437866,1.331437850613632,1.1551455860646684,0.02779821001554281,0.0,0.0,42.6606093252062,False
1782411804.0374346,12.520024299621582,1.336411635375748,1.1590629050951493,0.027798557781925574,0.0,0.0,43.2749004390292,False
1782411804.1215389,12.60412859916687,1.3425694423451122,1.1640338238230226,0.027799296470242794,0.0,0.0,44.04276523743856,False
1782411804.2061949,12.6887845993042,1.3498702096764432,1.170106775890476,0.027799854661953845,0.0,0.0,44.9642061151949,False
1782411804.266498,12.749087810516357,1.3540836520731572,1.173703120013189,0.027799800500183023,0.0,0.0,45.50171456802099,False
1782411804.357903,12.840492725372314,1.3594511148130524,1.1783846399198015,0.02779939343457569,0.0,0.0,46.192797046581404,False
1782411804.4563391,12.938928842544556,1.3659341619584253,1.1841936803488349,0.02779880182036071,0.0,0.0,47.03745199570444,False
1782411804.5879605,13.070550203323364,1.375211979896971,1.1928136090277786,0.027798686893960575,0.0,0.0,48.033198692841026,False
1782411804.6951787,13.177768468856812,1.38262342095351,1.1999607320240602,0.02779919980980938,0.0,0.0,48.486823109631146,False
1782411804.79435,13.276939630508423,1.3899306705889667,1.2072213567236656,0.027799546515896483,0.0,0.0,48.81086559702838,False
1782411804.8712595,13.353849172592163,1.394934171094761,1.2123066151550588,0.027799466585497295,0.0,0.0,48.9915006168423,True
1782411804.9458692,13.42845892906189,1.3993470182116905,1.2168628631214682,0.02779923282108544,0.0,0.0,49.13134796056864,False
1782411805.022828,13.505417823791504,1.4048208873303252,1.2226012088322917,0.02779893101012073,0.0,0.0,49.28532604737305,False
1782411805.095414,13.578003644943237,1.4097106393027323,1.227802588090859,0.027798823049568072,0.0,0.0,49.40835365500384,False
1782411805.1753569,13.657946586608887,1.4140303732743473,1.2324524410273574,0.027798899888444837,0.0,0.0,49.507750003858476,False
1782411805.2479515,13.730541229248047,1.4183270002924935,1.237124829371718,0.027799082542204975,0.0,0.0,49.59931998167016,False
1782411805.332593,13.81518268585205,1.424200442085852,1.2435824752752755,0.02779932068571143,0.0,0.0,49.714517023120834,False
1782411805.4077148,13.890304565429688,1.4289788631745044,1.2488913770522565,0.027799372447386825,0.0,0.0,49.77106358039354,False
1782411805.4801426,13.962732315063477,1.433206971424813,1.2536255926525584,0.027799292932752684,0.0,0.0,49.55684955475368,False
1782411805.5401917,14.022781372070312,1.437421133779618,1.258370240531535,0.02779914917708986,0.0,0.0,49.11779262305363,False
1782411805.6102662,14.09285593032837,1.4421533858402762,1.263714663315966,0.027799007070216333,0.0,0.0,48.54051200155137,False
1782411805.6984985,14.181088209152222,1.4468860057391884,1.2690612595108213,0.027798963670407704,0.0,0.0,48.13493003851311,False
1782411805.7934902,14.276079893112183,1.4526781906571828,1.2755920737619368,0.027799056394320558,0.0,0.0,47.77982029411661,False
1782411805.898226,14.380815744400024,1.4584835196430315,1.282113520124599,0.027799203245726815,0.0,0.0,47.509091193091166,False
1782411805.9625552,14.445144891738892,1.463774735965852,1.28803128925775,0.02779926795944536,0.0,0.0,47.30829691869166,False
1782411806.0379407,14.520530462265015,1.4680178273218163,1.292757099589564,0.027799242458034397,0.0,0.0,47.16950942167238,False
1782411806.1063552,14.588944911956787,1.4728024318943365,1.2980641493157221,0.02779915789370138,0.0,0.0,47.030983065672366,False
1782411806.1739707,14.65656042098999,1.4765320199925402,1.3021847230383223,0.027799088046361702,0.0,0.0,46.933624312962266,False
1782411806.2543607,14.736950397491455,1.4813377326284043,1.307473357364236,0.027799038622917157,0.0,0.0,46.81935855514658,False
1782411806.3439822,14.826571941375732,1.487227153474002,1.3139232264976302,0.027799066218383302,0.0,0.0,46.693414230025965,False
1782411806.4322464,14.914836168289185,1.492595732747617,1.3197736579162624,0.027799141939273457,0.0,0.0,46.58965887856612,False
1782411806.5108907,14.993480443954468,1.497438835569292,1.3250287226566917,0.027799198363583317,0.0,0.0,46.503575235220104,False
1782411806.5897253,15.072314977645874,1.5033721929823516,1.3314387819648201,0.027799205381264923,0.0,0.0,46.40632219604097,False
1782411806.683012,15.16560173034668,1.5087789317115767,1.337254372568842,0.027799157873626596,0.0,0.0,46.32443658722317,False
1782411806.7563608,15.238950490951538,1.5136538676297728,1.342477641053631,0.027799107571521334,0.0,0.0,46.04734325282865,False
1782411806.834237,15.316826820373535,1.5190822676865763,1.3482658462863035,0.027799083515919785,0.0,0.0,45.44597317792878,False
1782411806.9058704,15.388460159301758,1.5234386019346868,1.352881002856604,0.027799097826057585,0.0,0.0,44.87257832797338,False
1782411806.9751828,15.457772493362427,1.5272637658311814,1.3569050073720028,0.02779912713790025,0.0,0.0,44.34779490938736,False
1782411807.044325,15.526914834976196,1.5322055407494937,1.3620567791681857,0.02779916582438838,0.0,0.0,43.831154286756465,False
1782411807.1184988,15.601088523864746,1.5371769485977091,1.3671820009867057,0.027799183104425935,0.0,0.0,43.47835446516269,False
1782411807.1988912,15.681480884552002,1.5421779377820988,1.3722797806253386,0.02779917090288908,0.0,0.0,43.20429646834798,False
1782411807.2615047,15.744094371795654,1.5460865176860727,1.3762248278298,0.02779914824747321,0.0,0.0,42.87839250879041,False
1782411807.340974,15.823563814163208,1.5511363607491289,1.3812698092798659,0.027799119529560212,0.0,0.0,42.294626705886245,False
1782411807.4155555,15.898145198822021,1.557350248682544,1.3873902176360065,0.02779910817691126,0.0,0.0,41.48593417573925,False
1782411807.48034,15.962929725646973,1.5613311899878166,1.3912560801305658,0.027799118121279564,0.0,0.0,40.95469346408568,False
1782411807.555895,16.038484811782837,1.5659084210149474,1.395644165316798,0.027799139192218877,0.0,0.0,40.3429491788451,False
1782411807.6307263,16.11331605911255,1.5716740228626902,1.401080933386668,0.02779916346172391,0.0,0.0,39.576016368623286,False
1782411807.7000687,16.182658433914185,1.5763236377275147,1.405389191237964,0.0277991702162016,0.0,0.0,38.96193071665568,False
1782411807.7764297,16.259019374847412,1.5810076447053318,1.4096588548897901,0.02779916333996414,0.0,0.0,38.34770645334099,False
1782411807.8531356,16.3357253074646,1.586319324984619,1.4144142868794927,0.0277991457647183,0.0,0.0,37.943470310481835,False
1782411807.9389935,16.42158317565918,1.5922710670643356,1.419640997091761,0.027799128134540524,0.0,0.0,38.0329451586743,False
1782411808.024105,16.506694793701172,1.5994694908657265,1.4258489009451465,0.02779912532508397,0.0,0.0,38.657221421760596,False
1782411808.1069293,16.589519023895264,1.604896052904036,1.4304738636039962,0.02779913600711367,0.0,0.0,39.2895787442268,False
1782411808.1690433,16.6516330242157,1.609126190540173,1.4340609145955554,0.02779914668050804,0.0,0.0,39.81198703096192,False
1782411808.2521827,16.734772443771362,1.6145697955637885,1.4386682999193585,0.027799156235037852,0.0,0.0,40.26708456406945,False
1782411808.3272872,16.809876918792725,1.6206188542934183,1.4437881524521279,0.027799155930651104,0.0,0.0,40.370448358498,False
1782411808.4135246,16.896114349365234,1.6266662811818111,1.4489108792300383,0.027799145996109196,0.0,0.0,40.75237120754035,False
1782411808.4986308,16.981220483779907,1.63210431892623,1.453527363213315,0.02779913578360489,0.0,0.0,40.79248091939566,False
1782411808.5712357,17.05382537841797,1.6381407274224344,1.4586641238477343,0.02779913080094799,0.0,0.0,40.99197725513092,False
1782411808.6414711,17.12406086921692,1.6423616897849174,1.4622653623713027,0.027799132911751186,0.0,0.0,41.17049308400469,False
1782411808.7170992,17.19968891143799,1.6477820001598102,1.4669034569713166,0.027799140267537856,0.0,0.0,41.175120052366715,False
1782411808.800459,17.283048629760742,1.6549976092191594,1.4731011691282496,0.027799149731532205,0.0,0.0,41.664025302577734,False
1782411808.8753414,17.35793113708496,1.6597976767566645,1.4772449883513128,0.02779915130827512,0.0,0.0,42.190749990357965,False
1782411808.9693623,17.45195198059082,1.665779953226524,1.4824450740307111,0.02779914728434211,0.0,0.0,42.92458337047758,False
1782411809.0364566,17.519046306610107,1.6711414781826663,1.487150467655969,0.027799141206412803,0.0,0.0,43.607505101949826,False
1782411809.1086226,17.591212272644043,1.6764765550672058,1.4918851637613624,0.027799136993461877,0.0,0.0,44.296255426571385,False
1782411809.1752083,17.657798051834106,1.6806049351948829,1.4955908111886227,0.027799136640148703,0.0,0.0,44.833182638335664,False
1782411809.2649658,17.74755549430847,1.6870502180278921,1.5014594451035808,0.02779914084589932,0.0,0.0,45.677558936202296,False
1782411809.3325756,17.815165281295776,1.6922813834457473,1.5063059414817974,0.02779914572338191,0.0,0.0,46.36858216588746,False
1782411809.3984144,17.881004095077515,1.6963216870286502,1.5101053316583646,0.02779914822726205,0.0,0.0,46.89165511848313,False
1782411809.471009,17.953598737716675,1.7003369139641267,1.5139329466746745,0.02779914780281706,0.0,0.0,47.27511848648049,False
1782411809.5388563,18.021445989608765,1.705462391132784,1.5188954047902201,0.027799143170652407,0.0,0.0,47.63061870575393,False
1782411809.6139243,18.096513986587524,1.711109565678018,1.5244604896181115,0.027799136114835855,0.0,0.0,47.879423754418674,False
1782411809.6899722,18.17256188392639,1.7155922183982644,1.5289465231250619,0.027799133295505533,0.0,0.0,47.76639959185866,False
1782411809.793607,18.276196718215942,1.7211607356618754,1.5345908419132912,0.027799133957578725,0.0,0.0,47.53278311916697,False
1782411809.8962464,18.378836154937744,1.7278046917599965,1.5414066631297425,0.027799138294331907,0.0,0.0,47.303410319835415,False
1782411809.9880853,18.470674991607666,1.735517758205828,1.549400985166829,0.027799141052425046,0.0,0.0,47.08304187566183,False
1782411810.0689163,18.55150604248047,1.7410092943110889,1.5551309970978378,0.027799138881838204,0.0,0.0,46.94787383627769,False
1782411810.1669962,18.649585962295532,1.7470383505777773,1.5614470057728327,0.027799134648718526,0.0,0.0,46.81536246211126,False
1782411810.2365446,18.71913433074951,1.751965129942774,1.566621557911432,0.027799132570455524,0.0,0.0,46.71715665768619,False
1782411810.327675,18.810264825820923,1.756888541891454,1.5718000759668638,0.027799133145853017,0.0,0.0,46.62659534159203,False
1782411810.4024165,18.885006189346313,1.7623569242654948,1.5775566394113638,0.02779913612526747,0.0,0.0,46.533597225161394,False
1782411810.4711382,18.953727960586548,1.7672779095228122,1.5827385344038318,0.02779913881295469,0.0,0.0,46.4558055211526,False
1782411810.5493696,19.031959295272827,1.771652463478306,1.5873446010506256,0.02779913968838973,0.0,0.0,46.390760677956926,False
1782411810.6271925,19.109782218933105,1.7760279075713619,1.5919500051646842,0.02779913873300476,0.0,0.0,46.32915045049918,False
1782411810.7148845,19.197474241256714,1.7809519305428638,1.597129679254097,0.027799136281232407,0.0,0.0,46.263515780539876,False
1782411810.7960033,19.278593063354492,1.7875209725599068,1.6040326063234207,0.02779913362109711,0.0,0.0,46.18137408626791,False
1782411810.8699067,19.35249638557434,1.7924511223817403,1.6092067038422586,0.02779913369964328,0.0,0.0,46.12334945539779,False
1782411810.9471943,19.429784059524536,1.7968362126413409,1.613803354632648,0.02779913519785514,0.0,0.0,46.074085368748094,False
1782411811.017291,19.49988079071045,1.8017727153937197,1.6189715098206396,0.027799137349300767,0.0,0.0,46.02103762228361,False
1782411811.1006086,19.583198308944702,1.807261939140019,1.6247099107843863,0.027799138637133673,0.0,0.0,45.96478787780567,True
1782411811.174725,19.657314777374268,1.8122061306472452,1.629870767773376,0.02779913807535956,0.0,0.0,45.91637669976423,False
1782411811.270271,19.75286078453064,1.8177040908954183,1.635600832767154,0.027799136182366926,0.0,0.0,45.86483591781684,False
1782411811.371263,19.85385274887085,1.8237562703166883,1.6418970484144402,0.027799135556863346,0.0,0.0,45.600157080324884,False
1782411811.4731226,19.95571231842041,1.830919200513023,1.6493208188467179,0.02779913988043475,0.0,0.0,44.802809349490445,False
1782411811.5512226,20.033812284469604,1.8364471145879644,1.65501008125034,0.027799144351602873,0.0,0.0,44.068009222760146,False
1782411811.648943,20.131532669067383,1.8425566839202079,1.6612369162650313,0.027799146696466645,0.0,0.0,43.23204823050311,False
1782411811.7365212,20.21911096572876,1.8481448922017192,1.6668615418207462,0.027799145440359344,0.0,0.0,42.46598236246013,False
1782411811.825732,20.308321714401245,1.8532071970886481,1.6718889276203532,0.027799142812125102,0.0,0.0,41.775328396959324,False
1782411811.943498,20.426087617874146,1.8617236919647138,1.6801835937015575,0.027799140298099836,0.0,0.0,40.623681468208076,False
1782411812.0485945,20.531184196472168,1.8697718168797683,1.6878181666045902,0.027799142560270107,0.0,0.0,39.548690542366806,False
1782411812.120952,20.603541612625122,1.8744170955316433,1.6921299595317418,0.027799144660271585,0.0,0.0,39.023868366911735,False
1782411812.202492,20.685081720352173,1.8796837860511981,1.696935453214507,0.027799146172204123,0.0,0.0,38.89729805330633,False
1782411812.2809827,20.763572454452515,1.8861726834160708,1.702751226737346,0.027799145578065773,0.0,0.0,39.26650727070083,False
1782411812.3576367,20.840226411819458,1.8909196806727464,1.7069502988147436,0.02779914371655275,0.0,0.0,39.521299526069704,False
1782411812.4453378,20.927927494049072,1.8968784232034435,1.7121718802885417,0.027799141226970102,0.0,0.0,39.365293504343384,False
1782411812.5288281,21.011417865753174,1.9034634225626383,1.7178819114355206,0.02779914019647169,0.0,0.0,38.764748911722975,False
1782411812.611975,21.09456467628479,1.9088775335413615,1.7225235922906252,0.027799141191090077,0.0,0.0,38.12945421109534,False
1782411812.6998785,21.18246817588806,1.9149252939743142,1.7276433140765868,0.02779914339763058,0.0,0.0,37.37887440781875,False
1782411812.7999756,21.282565355300903,1.922233084182762,1.7337261898281733,0.02779914542839688,0.0,0.0,36.46209376125724,False
1782411812.893667,21.376256704330444,1.9296015009414664,1.7397343423304743,0.02779914523918732,0.0,0.0,35.96011514241748,False
1782411812.9605603,21.44315004348755,1.9339272855052574,1.7432047549694052,0.0277991442122755,0.0,0.0,36.041423196975316,False
1782411813.0472455,21.52983522415161,1.9401360247647872,1.748126405120717,0.027799142332673554,0.0,0.0,36.50681193029637,False
1782411813.1384714,21.621061086654663,1.9476173406082709,1.753994800564308,0.027799140977044275,0.0,0.0,37.32902345817971,False
1782411813.2134848,21.69607448577881,1.952614164213229,1.7578963314302052,0.027799141227766236,0.0,0.0,37.837337848828334,False
1782411813.290191,21.772780656814575,1.9582376033046467,1.7622839072702967,0.027799142372476375,0.0,0.0,37.95439831306171,False
1782411813.4002633,21.882853031158447,1.9663624053008628,1.7686201596867832,0.02779914385864176,0.0,0.0,37.46353524104255,False
1782411813.4718895,21.954479217529297,1.971367250850521,1.7725134984859054,0.0277991438682871,0.0,0.0,36.939618837259296,False
1782411813.5449882,22.027577877044678,1.9770074262482926,1.7768811409637673,0.02779914314504933,0.0,0.0,36.28197647377259,False
1782411813.6201556,22.102745294570923,1.9832923211259992,1.7817105560419173,0.027799142221394943,0.0,0.0,35.52431724829825,False
1782411813.7052708,22.1878604888916,1.9889699967775507,1.7860287595980433,0.027799141966057848,0.0,0.0,34.8356499977715,False
1782411813.7958775,22.278467178344727,1.99467194524459,1.7903141640331512,0.02779914244040738,0.0,0.0,34.15529387339253,False
1782411813.898426,22.38101577758789,2.0023167476132055,1.7959701657266318,0.027799143590006785,0.0,0.0,33.87810969568406,False
1782411813.9917552,22.474344968795776,2.0112902158805577,1.802493898955527,0.02779914385551376,0.0,0.0,34.419125168119464,False
1782411814.103903,22.586492776870728,2.020943854624926,1.8094308141350883,0.02779914239046329,0.0,0.0,35.106124354993256,False
1782411814.201206,22.6837956905365,2.0273900302928327,1.8140419840849429,0.027799141611688213,0.0,0.0,34.93110346949997,False
1782411814.2912533,22.77384305000305,2.035137202237363,1.8195596400413703,0.027799141717799358,0.0,0.0,34.252099080758036,False
1782411814.3847787,22.867368459701538,2.0416089448166725,1.8241356306275074,0.027799142521145365,0.0,0.0,33.532937850219454,False
1782411814.4619496,22.944539308547974,2.0474509487089265,1.8282290024618386,0.027799143352496475,0.0,0.0,32.85364486907898,False
1782411814.553054,23.035643815994263,2.0546195602231525,1.8331904746492818,0.027799143928257237,0.0,0.0,32.0126919561911,False
1782411814.649184,23.131773710250854,2.0624821185041986,1.8385399605659922,0.02779914375579062,0.0,0.0,31.321020287945586,False
1782411814.7277815,23.210371255874634,2.0677497254192834,1.8420671630551329,0.027799143326244023,0.0,0.0,31.313993534685668,False
1782411814.8064272,23.28901696205139,2.0736973365040745,1.8460027468837,0.02779914270709968,0.0,0.0,31.655112172395867,False
1782411814.9185462,23.40113592147827,2.082979943801403,1.8520791165155384,0.027799141983080485,0.0,0.0,32.519779860481236,False
1782411815.0144808,23.49707055091858,2.089621511759697,1.8564035795024327,0.027799142069363278,0.0,0.0,32.65637379805642,False
1782411815.101595,23.584184646606445,2.096933640755686,1.861151608240481,0.027799142573502345,0.0,0.0,32.26110732659569,False
1782411815.2021608,23.6847505569458,2.1049231677765774,1.8663123497816636,0.02779914298957033,0.0,0.0,31.47482680717341,False
1782411815.2976391,23.780228853225708,2.1115977713331504,1.8705870380363956,0.027799143054269934,0.0,0.0,30.73232390685392,False
1782411815.3974016,23.87999129295349,2.1203068840857466,1.8760928097142644,0.027799143010851603,0.0,0.0,29.741177049151464,False
1782411815.5157273,23.998317003250122,2.128386432030509,1.8811091206026194,0.027799143125333433,0.0,0.0,28.820860600876884,False
1782411815.6153536,24.09794330596924,2.1371906611117018,1.8864575239284185,0.02779914345280137,0.0,0.0,27.822854360948064,False
1782411815.7341273,24.216717004776,2.1453697722541327,1.8913053738706047,0.02779914374643324,0.0,0.0,27.393398399912186,False
1782411815.8437045,24.32629418373108,2.1563464787368263,1.897646327994888,0.027799143359640455,0.0,0.0,27.541983214329942,False
1782411815.933708,24.416297674179077,2.1639306215528125,1.901940842518565,0.027799142484480347,0.0,0.0,27.090850621741595,False
1782411816.0329144,24.515504121780396,2.171544717795152,1.9061824953036997,0.027799141864899415,0.0,0.0,26.35577682168381,False
1782411816.110097,24.592686653137207,2.1784953514800556,1.9099862986268887,0.027799142128263486,0.0,0.0,25.612061021261592,False
1782411816.1967053,24.6792950630188,2.1861758633584167,1.9141053255248655,0.027799143256135122,0.0,0.0,24.773718207617886,False
1782411816.2682822,24.750871896743774,2.191083768463502,1.9166876119545904,0.027799144072537422,0.0,0.0,24.237293048547606,False
1782411816.339219,24.82180881500244,2.1967130967426343,1.9195990646498444,0.027799144727628892,0.0,0.0,23.623439502754596,False
1782411816.4273057,24.909895420074463,2.2037812854969414,1.9231753540413699,0.02779914485595907,0.0,0.0,22.855735347318213,False
1782411816.49608,24.9786696434021,2.2108855396856533,1.9266778150694601,0.02779914436439148,0.0,0.0,22.11678961115895,False
1782411816.5617156,25.044305324554443,2.2158801923286147,1.9290842017011665,0.027799143922988007,0.0,0.0,21.900463906768287,False
1782411816.6298432,25.112432956695557,2.220891691970069,1.9314550189903823,0.027799143541633004,0.0,0.0,21.946985667547253,False
1782411816.7053802,25.18796992301941,2.228795825224804,1.935119799143553,0.027799143034123515,0.0,0.0,22.345122868534812,False
1782411816.7734904,25.256080150604248,2.2345618401829523,1.9377486233554722,0.027799142709750542,0.0,0.0,22.347368236757397,False
1782411816.8320615,25.314651250839233,2.238894566399238,1.939703134474994,0.02779914251992597,0.0,0.0,22.35160847503058,False
1782411816.9003694,25.382959127426147,2.244681140993062,1.9422890280232985,0.027799142383966562,0.0,0.0,22.618017777375744,False
1782411816.9624882,25.445077896118164,2.251200956481577,1.9451776919520698,0.027799142423267215,0.0,0.0,23.15276013808341,False
1782411817.0292246,25.51181435585022,2.257001275714376,1.9477358602499308,0.02779914258839578,0.0,0.0,23.720714147924316,False
1782411817.0907233,25.573312997817993,2.2613522592185804,1.9496536665479638,0.027799142737852996,0.0,0.0,24.168278770782063,False
1782411817.1522481,25.634837865829468,2.2649773786229677,1.951253874737869,0.02779914284875153,0.0,0.0,24.547131643460748,False
1782411817.2254965,25.708086252212524,2.272222410030446,1.9544668474958118,0.027799142982129113,0.0,0.0,25.31120036409144,False
1782411817.3218067,25.804396390914917,2.282344651377181,1.9590120170215488,0.027799143005218026,0.0,0.0,26.38513430803823,False
1782411817.4143167,25.89690637588501,2.289553201018099,1.9623056290432797,0.02779914303728019,0.0,0.0,27.152861986163376,False
1782411817.4854515,25.96804118156433,2.2953037126290776,1.9649751387760497,0.027799143137010766,0.0,0.0,27.76712137731215,False
1782411817.5585773,26.04116702079773,2.302468199351033,1.9683611292669483,0.02779914335573381,0.0,0.0,28.534972268906966,False
1782411817.6301928,26.11278247833252,2.3074659659429346,1.970766736160303,0.02779914353950492,0.0,0.0,29.07247367327524,False
1782411817.7028282,26.185417890548706,2.3131585725373136,1.9735542790902152,0.02779914373809225,0.0,0.0,29.686763044355033,False
1782411817.775281,26.2578706741333,2.3202434295544903,1.977099404123667,0.02779914392524132,0.0,0.0,30.454626115492623,False
1782411817.8379157,26.320505380630493,2.3258848883308003,1.9799863977006416,0.02779914402082885,0.0,0.0,31.068917157209544,False
1782411817.9335015,26.416091203689575,2.332901551215279,1.9836613976121065,0.027799144105785108,0.0,0.0,31.836781450369774,True
1782411818.0096374,26.49222707748413,2.339181333368991,1.9870338488874686,0.02779914419159511,0.0,0.0,32.52785968486652,False
1782411818.0713289,26.553918600082397,2.3454260864029632,1.9904694616065595,0.02779914431083935,0.0,0.0,33.218938213235475,False
1782411818.130517,26.613106727600098,2.350257927723482,1.9931860972114894,0.027799144423869052,0.0,0.0,33.75644391180308,False
1782411818.1938176,26.67640733718872,2.354381396544342,1.9955460473388538,0.027799144524856496,0.0,0.0,34.21716319104601,False
1782411818.2621133,26.7447030544281,2.359852607118654,1.9987382159280938,0.027799144647887908,0.0,0.0,34.83145570323291,False
1782411818.3279908,26.810580492019653,2.3659701095940964,2.0023922290287492,0.02779914475090733,0.0,0.0,35.52253494836499,False
1782411818.3940032,26.876592874526978,2.371373464722645,2.0056965179927695,0.027799144806409066,0.0,0.0,36.136827741979175,False
1782411818.459911,26.942500829696655,2.3760741128043894,2.0086314601735036,0.027799144834963957,0.0,0.0,36.67433402547228,False
1782411818.535084,27.01767373085022,2.3820795772840695,2.012464923485917,0.027799144856907498,0.0,0.0,37.13650991660374,False
1782411818.6086626,27.091252326965332,2.3880435066791645,2.0163626862487556,0.027799144754001536,0.0,0.0,37.12242730686662,False
1782411818.6893466,27.17193627357483,2.393971733451312,2.020315703893894,0.02779914425102997,0.0,0.0,36.748148009501676,False
1782411818.7817423,27.264332056045532,2.400527188838709,2.0247573377327335,0.02779914323453011,0.0,0.0,36.09863278139367,False
1782411818.8487163,27.331305980682373,2.407061582310274,2.029233168285577,0.02779914236561498,0.0,0.0,35.362326499796254,False
1782411818.9313993,27.413989067077637,2.4129341375395437,2.0332763072894706,0.027799142222881292,0.0,0.0,34.67880558457065,False
1782411819.0132654,27.49585509300232,2.418806478885472,2.0373218022891764,0.027799142693555875,0.0,0.0,33.98988756148648,False
1782411819.0984635,27.581053256988525,2.425992809214738,2.042255088539468,0.0277991435102322,0.0,0.0,33.201515594595975,False
1782411819.1701212,27.652710914611816,2.4312301091979487,2.0458278381613986,0.027799143806219336,0.0,0.0,33.02374884259676,False
1782411819.233797,27.716386795043945,2.435820745823645,2.048942634858864,0.02779914365154211,0.0,0.0,33.138580606533004,False
1782411819.309008,27.791597604751587,2.441731330196889,2.0529355991228666,0.027799142886222976,0.0,0.0,33.57325457348804,False
1782411819.3872337,27.869823455810547,2.4483034575924454,2.0573658061942703,0.027799141823048316,0.0,0.0,34.23948213778107,False
1782411819.4532635,27.935853242874146,2.45290282498043,2.060468974836164,0.02779914141556515,0.0,0.0,34.4767336063768,False
1782411819.52553,28.008119821548462,2.4581561162568577,2.064020346737035,0.027799141519883164,0.0,0.0,34.42309391120005,False
1782411819.5876942,28.070283889770508,2.4640633644069965,2.0680199212396837,0.027799142180627234,0.0,0.0,34.0615555620241,False
1782411819.6453645,28.127954244613647,2.4686580730494443,2.07113060410486,0.027799142780996496,0.0,0.0,33.96135867740101,False
1782411819.7149656,28.19755530357361,2.4732536195330286,2.074240164593636,0.027799143174484727,0.0,0.0,34.106236202755866,False
1782411819.7883494,28.270939111709595,2.478505340472215,2.077794549202322,0.027799143167275827,0.0,0.0,34.49401983686117,False
1782411819.8526275,28.335217237472534,2.4844099423730337,2.081798594339087,0.027799142652804747,0.0,0.0,34.66490494197667,False
1782411819.9212434,28.403833150863647,2.4896544586646048,2.085363700064149,0.027799142064785228,0.0,0.0,34.47470640860659,False
1782411819.9817908,28.464380502700806,2.4935864747772363,2.088039583959715,0.027799141742675112,0.0,0.0,34.1711505279513,False
1782411820.0426652,28.52525496482849,2.4981744119897136,2.0911606292847997,0.027799141627504652,0.0,0.0,33.71810599096618,False
1782411820.1155648,28.598154544830322,2.5047345535327072,2.0956104795316395,0.027799141996779304,0.0,0.0,32.99103731658213,False
1782411820.1809986,28.663588285446167,2.5099920331374492,2.099156310535333,0.0277991425906992,0.0,0.0,32.38598024715495,False
1782411820.2484026,28.730992317199707,2.514602019691462,2.1022441925882123,0.02779914312762738,0.0,0.0,31.85128826138308,False
1782411820.3135996,28.796189308166504,2.519223119191854,2.105315008271995,0.02779914352083304,0.0,0.0,31.314842931074864,False
1782411820.3897421,28.872331857681274,2.525847356092133,2.109666638824161,0.02779914368360015,0.0,0.0,30.54746109675786,False
1782411820.4498446,28.93243432044983,2.5311685094939533,2.1131136376614448,0.027799143525499212,0.0,0.0,29.933277696972226,False
1782411820.5225263,29.00511598587036,2.535841976586409,2.1161018550584694,0.027799143314935396,0.0,0.0,29.39580634091476,False
1782411820.604163,29.08675265312195,2.5418764016758493,2.1199022053152397,0.0277991431587952,0.0,0.0,28.704743865411878,False
1782411820.6648524,29.14744210243225,2.547941403887835,2.123652189526578,0.0277991432820588,0.0,0.0,28.013670996587877,False
1782411820.7275958,29.210185527801514,2.553359385097136,2.1269404878599025,0.02779914361436116,0.0,0.0,27.39938117784277,False
1782411820.8007185,29.283308267593384,2.5581215442371312,2.1297812464895354,0.02779914398151637,0.0,0.0,26.861876718555997,False
1782411820.8614278,29.344017505645752,2.562904161355324,2.132586591211564,0.027799144312677656,0.0,0.0,26.32437183437567,False
1782411820.9255335,29.408123254776,2.568395495358188,2.1357478419598426,0.027799144546517086,0.0,0.0,25.710080200175042,False
1782411820.9952362,29.47782588005066,2.574606181469787,2.1392451732741335,0.027799144586523966,0.0,0.0,25.019001791664557,False
1782411821.0560658,29.538655519485474,2.579461040097481,2.1419208235979244,0.027799144503306342,0.0,0.0,24.481496171942837,False
1782411821.1246846,29.607274293899536,2.5843372836468697,2.1445565850618697,0.02779914440007025,0.0,0.0,23.943990409314377,False
1782411821.192776,29.675365686416626,2.5899363535874396,2.147519020661859,0.027799144348794807,0.0,0.0,23.329697955907033,False
1782411821.2792587,29.76184844970703,2.598387287281649,2.15186067773773,0.02779914450551661,0.0,0.0,22.40825901260191,False
1782411821.3448443,29.827434062957764,2.6033458397508724,2.1543356446357493,0.0277991446950912,0.0,0.0,21.870752836599195,False
1782411821.408986,29.891575813293457,2.608325471761569,2.156767381265226,0.027799144892563157,0.0,0.0,21.33324658015898,False
1782411821.4803827,29.962972402572632,2.614758536309159,2.159829502137839,0.027799145072132624,0.0,0.0,20.642167003213512,False
1782411821.5665874,30.049177169799805,2.6226674115463933,2.163472269167266,0.027799145109094623,0.0,0.0,19.79751404942616,False
1782411821.6328323,30.115422010421753,2.627726400019556,2.165732463235328,0.0277991450511333,0.0,0.0,19.2600075566402,False
1782411821.6985037,30.181093454360962,2.6328053304403283,2.1679470976510347,0.027799144977604693,0.0,0.0,18.72250101822585,False
1782411821.760956,30.24354577064514,2.6393641960439913,2.170726912430427,0.027799144927013655,0.0,0.0,18.03142112418111,False
1782411821.8645055,30.347095251083374,2.648158651013488,2.1743138450218042,0.027799145001024785,0.0,0.0,17.109981176911003,False
1782411821.952491,30.435080766677856,2.6547905109872643,2.176913513497246,0.027799145130226906,0.0,0.0,16.418901159922413,False
1782411822.037339,30.519928693771362,2.662936789074331,2.1799844639157575,0.02779914526862233,0.0,0.0,15.574247750400454,False
1782411822.1109476,30.59353733062744,2.6696342290133273,2.182409276766033,0.0277991453055921,0.0,0.0,14.883167649435034,False
1782411822.2111757,30.69376540184021,2.6771088241647116,2.185010144280708,0.02779914526453974,0.0,0.0,14.17089848288934,False
1782411822.281136,30.763725757598877,2.6846164651481503,2.1875142151193816,0.027799145121645556,0.0,0.0,14.001406109633217,False
1782411822.3483026,30.830892324447632,2.69139826468923,2.1896939747435487,0.02779914466529643,0.0,0.0,14.269366347113944,False
1782411822.422281,30.904870748519897,2.69668639077547,2.191350040371539,0.027799143982151785,0.0,0.0,14.666985627003523,False
1782411822.4959664,30.978556156158447,2.703498563739147,2.193441773427215,0.027799142943232512,0.0,0.0,15.291055028990872,False
1782411822.5591385,31.041728258132935,2.7103210022942763,2.1955057755485874,0.027799142271041428,0.0,0.0,15.962241935905956,False
1782411822.6338017,31.11639142036438,2.7163902850591652,2.1973288272575555,0.027799142278207258,0.0,0.0,16.571151814084224,False
1782411822.7034743,31.18606400489807,2.7217022524452203,2.198922482225009,0.02779914269420865,0.0,0.0,17.10701877455821,False
1782411822.7682033,31.250792980194092,2.727772193761008,2.2007493074245392,0.027799143346906037,0.0,0.0,17.72064236317305,False
1782411822.849946,31.33253574371338,2.7361125676687066,2.2032832291519746,0.027799143913111373,0.0,0.0,18.565033679535983,False
1782411822.9227293,31.40531897544861,2.742171190153227,2.2051502899078446,0.027799143834152,0.0,0.0,19.17927421606898,False
1782411822.989333,31.471922636032104,2.7474658485148913,2.2068054144016354,0.027799143489117488,0.0,0.0,19.716761803074267,False
1782411823.0545685,31.537158250808716,2.753507721121316,2.208725633259371,0.027799143014387365,0.0,0.0,20.33104431535064,False
1782411823.1342554,31.61684513092041,2.7617964944611795,2.2114228897013333,0.027799142707100127,0.0,0.0,21.17568942456149,False
1782411823.21217,31.694759607315063,2.7678090511551128,2.213430567079169,0.027799142914731918,0.0,0.0,21.789978609142054,False
1782411823.278549,31.761138677597046,2.7730580223546526,2.2152217358469337,0.027799143337864287,0.0,0.0,22.327482277721867,False
1782411823.3387287,31.82131838798523,2.7790419747439494,2.2173104652405993,0.02779914390941731,0.0,0.0,22.94177268647279,False
1782411823.4039783,31.886568069458008,2.78575353303052,2.219716088372659,0.027799144395109637,0.0,0.0,23.63284989884058,False
1782411823.4813716,31.963961362838745,2.791699989893174,2.2219061529612403,0.027799144540674926,0.0,0.0,24.247141125162088,False
1782411823.569994,32.05258369445801,2.7991057288580707,2.2247147909064093,0.027799144382382405,0.0,0.0,25.015005572466553,False
1782411823.6500158,32.13260555267334,2.8072147540330317,2.2278984531814423,0.02779914409520546,0.0,0.0,25.859656914312,True
1782411823.7267497,32.20933938026428,2.813818655534387,2.2305786183652945,0.02779914404552669,0.0,0.0,26.550735581683004,False
1782411823.7944796,32.277069330215454,2.8189349733641884,2.232710986764468,0.02779914418430246,0.0,0.0,27.088241371584544,False
1782411823.872341,32.35493063926697,2.8262122798868927,2.235830855148754,0.02779914456597176,0.0,0.0,27.856106997467208,False
1782411823.9374948,32.42008447647095,2.8327286974905896,2.238713678273859,0.027799144911278866,0.0,0.0,28.54718624692923,False
1782411824.0063303,32.48891997337341,2.837774506514167,2.2410054228880734,0.027799145071899973,0.0,0.0,29.084692436152466,False
1782411824.0930438,32.57563352584839,2.8442320661547495,2.2440161012791426,0.02779914509139901,0.0,0.0,29.77577194179331,False
1782411824.1872244,32.669814109802246,2.8520774003107014,2.2477943656044244,0.027799144923875814,0.0,0.0,30.62042482853157,False
1782411824.252046,32.73463582992554,2.858456335016593,2.2509666278523945,0.02779914479324455,0.0,0.0,31.31150457320962,False
1782411824.319754,32.80234360694885,2.8633921045193826,2.2534844282654833,0.02779914477531762,0.0,0.0,31.849011100556766,False
1782411824.4034016,32.88599133491516,2.8711017154006724,2.2575302994923447,0.0277991449203089,0.0,0.0,32.693664306234886,False
1782411824.4645557,32.94714546203613,2.8766719908179574,2.260541309235355,0.02779914509674415,0.0,0.0,33.30795760830495,False
1782411824.535336,33.01792573928833,2.8815199802754115,2.263223247544745,0.02779914523353688,0.0,0.0,33.84546428498,False
1782411824.607324,33.08991360664368,2.8870301876126687,2.2663422879061392,0.027799145316390137,0.0,0.0,34.459757667745265,False
1782411824.6732256,33.1558153629303,2.893189638418441,2.2699198474367592,0.027799145297542193,0.0,0.0,35.15083776608207,False
1782411824.7583146,33.240904331207275,2.899306289212175,2.2735698416535146,0.027799145203126395,0.0,0.0,35.84191790378177,False
1782411824.8256435,33.3082332611084,2.904706601882003,2.2768748506252527,0.027799145120946462,0.0,0.0,36.456211388288914,False
1782411824.895324,33.3779137134552,2.9120743466067758,2.281511863885082,0.02779914509733425,0.0,0.0,37.300864967880976,False
1782411824.9635444,33.446134090423584,2.9180517425530232,2.285385119949996,0.027799145167778337,0.0,0.0,37.99194519836322,False
1782411825.0329294,33.51551914215088,2.9226686070919543,2.2884467316005694,0.027799145250720168,0.0,0.0,38.52945206028965,False
1782411825.1076305,33.5902202129364,2.927909901456784,2.291998009261399,0.02779914533446682,0.0,0.0,39.14374563219516,False
1782411825.1822643,33.66485404968262,2.933760821606307,2.2960594761701936,0.027799145374924034,0.0,0.0,39.83482591820826,False
1782411825.2492485,33.73183822631836,2.9402042539427082,2.300653946132565,0.027799145343331916,0.0,0.0,40.602692921888995,False
1782411825.3315177,33.8141074180603,2.945950551788351,2.3048619588173183,0.02779914528002076,0.0,0.0,41.29377324027453,False
1782411825.4001522,33.882741928100586,2.9503847409669763,2.3081823051223647,0.0277991452393239,0.0,0.0,41.831280163297585,False
1782411825.4649866,33.94757628440857,2.9554141573449164,2.312027456067506,0.027799145224992737,0.0,0.0,42.445573798039824,False
1782411825.563445,34.046034812927246,2.963498511706489,2.3183896362250795,0.027799145278893597,0.0,0.0,43.4438009717878,False
1782411825.6466656,34.129255294799805,2.9684181396097187,2.3223741989736935,0.02779914533085954,0.0,0.0,44.05809462682142,False
1782411825.720281,34.2028706073761,2.973294888958304,2.326411100365081,0.027799145367742483,0.0,0.0,44.67238828852104,False
1782411825.8059206,34.2885103225708,2.9805283659918915,2.3325636222422923,0.027799145367525566,0.0,0.0,45.59382879235452,False
1782411825.8870816,34.36967134475708,2.985888170185782,2.337253729326498,0.0277991453332705,0.0,0.0,46.2849091781693,False
1782411825.9646912,34.44728088378906,2.9911911188196605,2.34200800550459,0.027799145297397253,0.0,0.0,46.97598957006112,False
1782411826.0332613,34.51585102081299,2.9964364294576766,2.346825779880536,0.0277991452830938,0.0,0.0,47.66706996752822,False
1782411826.0998652,34.58245491981506,3.0010500975867282,2.3511611981119773,0.02779914514238507,0.0,0.0,48.253680769747156,False
1782411826.1884716,34.671061277389526,3.0056189545869874,2.3555470017257645,0.02779914375507786,0.0,0.0,48.66281833772735,False
1782411826.2466357,34.729225397109985,3.009580941885371,2.3594241583971103,0.027799141629273473,0.0,0.0,48.929138197658155,False
1782411826.3252425,34.80783224105835,3.015742935660086,2.365585828419787,0.02779913772804102,0.0,0.0,49.25208552856621,False
1782411826.394003,34.8765926361084,3.020730325935519,2.370684365035264,0.02779913531105193,0.0,0.0,49.46201106189376,False
1782411826.4591446,34.941734313964844,3.0245781977894888,2.374682122714835,0.027799134543354965,0.0,0.0,49.60239101725253,False
1782411826.5350306,35.0176203250885,3.028944697493089,2.379282548337943,0.027799135016640643,0.0,0.0,49.74438507970976,False
1782411826.6067445,35.08933424949646,3.0343597514918472,2.3850761462637777,0.02779913703748138,0.0,0.0,49.90043792506599,False
1782411826.6786203,35.16121006011963,3.039195802526865,2.3903272777416347,0.02779913899367027,0.0,0.0,50.024931906303,False
1782411826.7594266,35.242016315460205,3.0434672428652445,2.3950213716394275,0.027799139843473358,0.0,0.0,50.125402329446054,False
1782411826.8379536,35.32054328918457,3.048244506968433,2.4003290746640746,0.02779913927386479,0.0,0.0,50.228942283171676,False
1782411826.9120302,35.394619941711426,3.0529945337810593,2.4056624465211742,0.02779913741846727,0.0,0.0,50.32402380249952,False
1782411826.9829865,35.465576171875,3.058243272824594,2.411615375458415,0.027799135172271647,0.0,0.0,50.416283860869186,False
1782411827.045471,35.52806067466736,3.0618999839733863,2.4157964655998283,0.027799135136792375,0.0,0.0,50.30855200250781,False
1782411827.119183,35.60177278518677,3.0655444924797264,2.4199864534977635,0.02779913700726053,0.0,0.0,49.99567857554738,False
1782411827.195505,35.67809462547302,3.0696997469519838,2.4247822823514276,0.027799140679395228,0.0,0.0,49.50377614888227,False
1782411827.2704284,35.75301814079285,3.0748895945855206,2.430782940463362,0.02779914362747385,0.0,0.0,49.03939829401436,False
1782411827.366017,35.84860682487488,3.0800824535661078,2.436783808874083,0.02779914230446025,0.0,0.0,48.71081559664408,False
1782411827.454742,35.937331676483154,3.084241972892993,2.441581422018536,0.027799138560192158,0.0,0.0,48.50245898570289,False
1782411827.5338035,36.016393184661865,3.089450256176138,2.4475720092322737,0.027799133210180533,0.0,0.0,48.28592946709403,False
1782411827.6208966,36.10348629951477,3.0967614250236917,2.455943417540762,0.027799130724334067,0.0,0.0,48.03808880558136,False
1782411827.7107508,36.19334053993225,3.1019989735263276,2.461910418492144,0.027799133885648006,0.0,0.0,47.88876317121261,False
1782411827.802048,36.284637689590454,3.10724975488588,2.4678662505853826,0.027799138565270644,0.0,0.0,47.7564741208546,False
1782411827.877095,36.35968470573425,3.1125138169348743,2.4738106948733503,0.027799141256721185,0.0,0.0,47.63771319302906,False
1782411827.9473681,36.4299578666687,3.1167337842323706,2.478557090378298,0.02779914136048588,0.0,0.0,47.41907221057491,False
1782411828.0236008,36.50619053840637,3.1209618692939403,2.4832932149948537,0.027799140763905324,0.0,0.0,46.97746983126221,False
1782411828.0949101,36.577499866485596,3.1257325198942105,2.4886059029020045,0.02779914019825228,0.0,0.0,46.35424808393216,False
1782411828.1742485,36.656838178634644,3.1310574811146994,2.494484107735895,0.02779914068087504,0.0,0.0,45.60758470853601,False
1782411828.2519414,36.73453116416931,3.135877719947676,2.4997469418407827,0.02779914208877216,0.0,0.0,44.9215466268163,False
1782411828.332688,36.81527781486511,3.1407291902709913,2.5049790943251575,0.02779914367182905,0.0,0.0,44.23190456996369,False
1782411828.4144385,36.89702820777893,3.1461612146947036,2.510751796333314,0.027799144670223604,0.0,0.0,43.46447057211498,False
1782411828.4965305,36.9791202545166,3.151641357349563,2.5164768672694957,0.027799144478533006,0.0,0.0,42.69671355306014,False
1782411828.573173,37.05576276779175,3.1560626753764565,2.5210197165416757,0.027799143771685818,0.0,0.0,42.0824463039145,False
1782411828.637259,37.11984872817993,3.160518809157114,2.525527330549509,0.027799143082891633,0.0,0.0,41.46816298959348,False
1782411828.708006,37.190595626831055,3.166139943244977,2.531109556783928,0.027799142845662265,0.0,0.0,40.70030165398805,False
1782411828.7951496,37.27773928642273,3.171248989279263,2.536081429507913,0.027799143372876277,0.0,0.0,40.00922422435332,False
1782411828.8973653,37.37995505332947,3.178136883089797,2.5426300265553006,0.02779914457925432,0.0,0.0,39.08778651747015,False
1782411828.9850655,37.467655181884766,3.183944361871943,2.548013912860553,0.02779914524980152,0.0,0.0,38.319921269317234,False
1782411829.065192,37.54778170585632,3.190995653482546,2.5543831537747885,0.027799145156186852,0.0,0.0,37.39848258335491,False
1782411829.164025,37.64661478996277,3.1969409167092566,2.559612195412599,0.027799144613418262,0.0,0.0,36.63061675844642,False
1782411829.2588823,37.741472005844116,3.2035536515135297,2.5652791083819553,0.027799144183781092,0.0,0.0,35.78596413492797,False
1782411829.3410861,37.823675870895386,3.2096315521051717,2.5703516354751406,0.02779914429804004,0.0,0.0,35.018097948731054,False
1782411829.4182622,37.90085196495056,3.2151555231127196,2.574851015306641,0.02779914474309776,0.0,0.0,34.32701826664719,False
1782411829.4910254,37.97361516952515,3.2194870695886153,2.578306634534893,0.027799145135606537,0.0,0.0,33.78951178166208,False
1782411829.5601456,38.04273533821106,3.2251011016669096,2.5826922720616716,0.027799145467537194,0.0,0.0,33.09843194139407,False
1782411829.6485667,38.13115644454956,3.231397718738835,2.5874884809848653,0.02779914546041881,0.0,0.0,32.33056536807724,False
1782411829.7158682,38.19845795631409,3.2371170983268813,2.591734995280651,0.02779914519495205,0.0,0.0,31.639485388182873,False
1782411829.793283,38.27587270736694,3.242242252661421,2.595453198575355,0.027799144929759004,0.0,0.0,31.025192029759026,True
1782411829.8569298,38.33951950073242,3.2487026740278533,2.6000252686928467,0.027799144783209235,0.0,0.0,30.257325283309697,False
1782411829.927593,38.41018271446228,3.253913668865328,2.6036216890996187,0.02779914487806971,0.0,0.0,29.643031852543142,False
1782411829.991178,38.47376775741577,3.2578464993461322,2.606282927649032,0.02779914504180333,0.0,0.0,29.18231176211298,False
1782411830.079931,38.56252074241638,3.264447444089756,2.6106489570940985,0.027799145347406982,0.0,0.0,28.414444915383665,False
1782411830.1438735,38.626463174819946,3.2704370030249343,2.614503549500954,0.02779914550263972,0.0,0.0,27.723364725886775,False
1782411830.2181973,38.70078706741333,3.2757991739475214,2.6178697598294063,0.027799145483673845,0.0,0.0,27.10907120559661,False
1782411830.2913735,38.77396321296692,3.2811966620885875,2.6211789270555856,0.027799145349507486,0.0,0.0,26.494777670621954,False
1782411830.3640475,38.84663724899292,3.2873103641706702,2.624832997487533,0.02779914516673962,0.0,0.0,25.803697429102588,False
1782411830.436239,38.91882872581482,3.2927810541912708,2.6280194754598902,0.027799145071865747,0.0,0.0,25.18940387010202,False
1782411830.5079176,38.99050736427307,3.298285296523613,2.631147554107029,0.027799145086255535,0.0,0.0,24.575110302213098,False
1782411830.5685916,39.05118131637573,3.304516942001271,2.6345963312331993,0.027799145210836963,0.0,0.0,23.88403002899088,False
1782411830.656998,39.13958764076233,3.3114888869102557,2.638340334531182,0.027799145380645353,0.0,0.0,23.116163048569064,False
1782411830.743871,39.226460695266724,3.317805793756027,2.641630170627888,0.027799145461997556,0.0,0.0,22.425082758377332,False
1782411830.814982,39.297571659088135,3.324161726261657,2.6448438952123907,0.02779914543661587,0.0,0.0,21.734002462158124,False
1782411830.8864496,39.36903929710388,3.3305557932138874,2.6479810019596797,0.027799145337162958,0.0,0.0,21.042922161228542,False
1782411830.9541306,39.43672037124634,3.3355547440941047,2.650367689125964,0.027799145254864585,0.0,0.0,20.50541525797862,False
1782411831.0419195,39.52450919151306,3.3427343244100864,2.6536958825770642,0.02779914519687729,0.0,0.0,19.737548250336946,False
1782411831.114756,39.59734582901001,3.349957716808061,2.6569278488002634,0.027799145234023496,0.0,0.0,19.099602178719017,False
1782411831.191455,39.674044609069824,3.3550389846822863,2.6591340898134352,0.027799145246461286,0.0,0.0,19.0026216628051,False
1782411831.285183,39.76777267456055,3.363791339741187,2.6628216591732072,0.027799144722281895,0.0,0.0,19.378561648637945,False
1782411831.3520818,39.83467149734497,3.371850287128175,2.666121332631118,0.027799143439763654,0.0,0.0,20.082885153381675,False
1782411831.4217408,39.90433049201965,3.377726112698402,2.668489203482756,0.027799142532854617,0.0,0.0,20.53821151511996,False
1782411831.5026143,39.985203981399536,3.3836102993683967,2.6708398313311985,0.027799142108730444,0.0,0.0,20.61181973146919,False
1782411831.568877,40.05146670341492,3.3895013929032105,2.673176073292372,0.027799142237296716,0.0,0.0,20.37610711044347,False
1782411831.6500082,40.13259792327881,3.397613504385362,2.6763618067433037,0.02779914288628712,0.0,0.0,19.724432062531704,False
1782411831.7260377,40.208627462387085,3.4035233959648616,2.6786541939086805,0.02779914334200643,0.0,0.0,19.15019827644099,False
1782411831.7987418,40.28133153915405,3.409443423826038,2.680920863783658,0.027799143611812033,0.0,0.0,18.549345061974606,False
1782411831.8860939,40.36868357658386,3.4183453387146994,2.6842630563984184,0.027799143642058682,0.0,0.0,17.633256344142552,False
1782411831.949755,40.43234467506409,3.424296165132866,2.6864468386425377,0.02779914352575021,0.0,0.0,17.019794113227604,False
1782411832.0209332,40.503522872924805,3.4295146258474816,2.6883252849793045,0.02779914343890262,0.0,0.0,16.482540808802295,False
1782411832.0978627,40.58045244216919,3.4354923555790458,2.690432306773807,0.027799143439116453,0.0,0.0,15.897231081407742,False
1782411832.1795478,40.662137508392334,3.442985536017332,2.6930040259944663,0.02779914359245391,0.0,0.0,15.670989904771941,False
1782411832.2397587,40.72234845161438,3.448995564601688,2.6950153625221964,0.02779914363707343,0.0,0.0,15.857378279147254,False
1782411832.311657,40.794246673583984,3.4550168240992862,2.6969936665581797,0.02779914339915692,0.0,0.0,16.28007109341483,False
1782411832.3833988,40.8659884929657,3.462554663658711,2.699434398737042,0.027799142782190867,0.0,0.0,16.938494630010037,False
1782411832.4532807,40.93587040901184,3.4693451674325515,2.701613706519009,0.027799142304842338,0.0,0.0,17.13924503354655,False
1782411832.5340126,41.01660227775574,3.4753846215080166,2.703541903236211,0.027799142158661652,0.0,0.0,16.97046822269723,False
1782411832.6192524,41.101842164993286,3.4821832520201403,2.7056992574298437,0.027799142290511416,0.0,0.0,16.496017300050877,False
1782411832.703894,41.18648362159729,3.491257865353864,2.708545979041291,0.027799142737091827,0.0,0.0,15.6560335879605,False
1782411832.8050537,41.28764343261719,3.499589706801411,2.7111121260512903,0.027799143188736233,0.0,0.0,14.82680021062097,False
1782411832.9040673,41.38665699958801,3.5079377662811595,2.7136236499785578,0.027799143484897215,0.0,0.0,14.014370923688722,False
1782411832.9887497,41.47133946418762,3.515542795080662,2.7158516178340015,0.02779914351873963,0.0,0.0,13.789057945263517,False
1782411833.0823853,41.56497502326965,3.5239245015499683,2.7182456918039,0.02779914314705555,0.0,0.0,14.113689319763342,False
1782411833.182017,41.66460680961609,3.5315550231977677,2.7203850652333488,0.02779914249491817,0.0,0.0,14.730087154703211,False
1782411833.2756765,41.75826621055603,3.5407184716870534,2.722930453527423,0.027799141977872914,0.0,0.0,15.606850277984,False
1782411833.3471665,41.82975625991821,3.5498817407690826,2.725478937337867,0.027799142310313253,0.0,0.0,16.51972173043075,False
1782411833.4238167,41.90640640258789,3.5567495955573296,2.727407465734825,0.027799142933244484,0.0,0.0,17.20938239573601,False
1782411833.4944441,41.977033853530884,3.5620865042684025,2.72892415478221,0.027799143376681726,0.0,0.0,17.7465339476128,False
1782411833.5585465,42.041136264801025,3.5681790422065114,2.7306806288879195,0.027799143639601325,0.0,0.0,18.360679933285724,False
1782411833.6272197,42.10980939865112,3.574262755827366,2.7324664101289122,0.027799143591067294,0.0,0.0,18.974921880447187,False
1782411833.7138946,42.196484327316284,3.58261066506322,2.734977440733975,0.02779914323694829,0.0,0.0,19.819551448130454,False
1782411833.782116,42.264705657958984,3.5879111091802653,2.7366127591709954,0.027799143056477058,0.0,0.0,20.357051710237936,False
1782411833.8564107,42.33900046348572,3.5954651584514314,2.739004205931524,0.027799143101926802,0.0,0.0,21.12491279686344,False
1782411833.9311087,42.41369843482971,3.6022439353551317,2.7412159501646487,0.027799143467857054,0.0,0.0,21.81598925959286,False
1782411834.0267694,42.50935912132263,3.6097517987632632,2.7437435491054494,0.02779914402575251,0.0,0.0,22.58385281924741,False
1782411834.1310887,42.61367845535278,3.619470761940625,2.747145580636897,0.027799144506287062,0.0,0.0,23.582076298451877,False
1782411834.214329,42.69691872596741,3.6254267695689926,2.7493070334745804,0.027799144539886647,0.0,0.0,24.19636804068012,False
1782411834.2890015,42.77159118652344,3.6343227483186453,2.752649453821153,0.02779914436110712,0.0,0.0,25.11780608294214,False
1782411834.3615363,42.84412598609924,3.6409631448919115,2.7552370225477523,0.027799144261915824,0.0,0.0,25.808884900750883,False
1782411834.475908,42.958497762680054,3.649773038933524,2.7587959048982724,0.027799144355046424,0.0,0.0,26.238385839085183,False
1782411834.5524564,43.035046100616455,3.657078820501749,2.7618489915477316,0.02779914430802981,0.0,0.0,26.007878790753647,False
1782411834.6260953,43.10868501663208,3.6629047845088762,2.764337372474348,0.027799143872084084,0.0,0.0,25.56434107988701,False
1782411834.705956,43.18854570388794,3.6694450635538933,2.7671720210011723,0.02779914306919528,0.0,0.0,24.996195399215303,False
1782411834.7762291,43.25881886482239,3.6759758715523585,2.7700316315266296,0.027799142391378633,0.0,0.0,24.84991196407127,False
1782411834.8428967,43.32548642158508,3.6824993409765376,2.7729106371241192,0.027799142160873713,0.0,0.0,25.102355953860908,False
1782411834.9113007,43.393890380859375,3.687567473949963,2.775164038831802,0.02779914229232442,0.0,0.0,25.493207742225717,False
1782411834.9830139,43.4656035900116,3.693351880227954,2.777757618702843,0.0277991426650652,0.0,0.0,26.031195312472015,False
1782411835.0461311,43.52872085571289,3.6991262052652014,2.780374088979298,0.027799143119955842,0.0,0.0,26.27780180685118,False
1782411835.117062,43.59965181350708,3.705610063412022,2.783345010120713,0.02779914343916531,0.0,0.0,26.15095901901412,False
1782411835.1962337,43.678823471069336,3.7106458115268586,2.7856720127450068,0.02779914336367851,0.0,0.0,25.820527131212277,False
1782411835.261594,43.74418377876282,3.7163961549721876,2.7883425179264636,0.02779914294496076,0.0,0.0,25.30432274189053,False
1782411835.3614671,43.844056844711304,3.7264570499183387,2.793022406966457,0.02779914215586065,0.0,0.0,24.273251030596857,False
1782411835.4722514,43.95484113693237,3.735089596385342,2.797015526815955,0.02779914227827764,0.0,0.0,23.357834993624323,False
1782411835.5488482,44.03143787384033,3.74157537493723,2.799985607617219,0.02779914283191877,0.0,0.0,22.66775244252933,False
1782411835.6188903,44.10148000717163,3.748074487585348,2.8029258269964754,0.027799143417467403,0.0,0.0,21.97695987834083,False
1782411835.6929467,44.17553639411926,3.7545895864056855,2.8058294758235207,0.027799143727275866,0.0,0.0,21.285965191679562,False
1782411835.7596412,44.2422308921814,3.759669349024308,2.8080588166365925,0.02779914371527574,0.0,0.0,20.74848208948787,False
1782411835.8337646,44.316354274749756,3.765489344438375,2.810572089081676,0.027799143519888544,0.0,0.0,20.134200647648296,False
1782411835.9093256,44.3919153213501,3.773519001074391,2.813962017492366,0.027799143263001338,0.0,0.0,19.289554964644054,False
1782411835.9712825,44.453872203826904,3.7786460313750383,2.8160765465100304,0.027799143276003555,0.0,0.0,18.752051334580457,True
1782411836.0415714,44.52416110038757,3.783786982479424,2.81815586701744,0.027799143467687658,0.0,0.0,18.21454708823645,False
1782411836.1250966,44.607686281204224,3.7904177326439843,2.8207751545168045,0.027799143895254463,0.0,0.0,17.523469646676467,False
1782411836.2130358,44.69562554359436,3.797813398594085,2.8236108886407556,0.02779914437841169,0.0,0.0,16.755605307028233,False
1782411836.2839236,44.76651334762573,3.8052390570700685,2.8263648294102324,0.027799144635035408,0.0,0.0,15.987740546305805,False
1782411836.3629189,44.84550857543945,3.8119478817138788,2.828770982033599,0.02779914462428557,0.0,0.0,15.296661965747356,False
1782411836.4390824,44.921672105789185,3.817931682865191,2.8308506019752806,0.027799144506469357,0.0,0.0,14.682369694266367,False
1782411836.5227354,45.00532507896423,3.8261904774643414,2.833616876578527,0.02779914439086173,0.0,0.0,13.83771755903201,False
1782411836.588989,45.07157874107361,3.8329740529496594,2.835798203559906,0.02779914445943046,0.0,0.0,13.14663834579391,False
1782411836.6691542,45.15174388885498,3.839023459676467,2.8376740587620426,0.027799144642113395,0.0,0.0,12.532345586000783,False
1782411836.7458916,45.22848129272461,3.8458505843397113,2.8397123338394676,0.027799144895755072,0.0,0.0,11.841266107876166,False
1782411836.8309193,45.31350898742676,3.8534623451417636,2.8418863599583135,0.027799145099105214,0.0,0.0,11.073399888379715,False
1782411836.9097824,45.392372131347656,3.861100684695614,2.8439636411286364,0.02779914513765463,0.0,0.0,10.305533549642027,False
1782411836.9764926,45.45908236503601,3.8664628203261184,2.8453595562065175,0.027799145083335176,0.0,0.0,9.768027051552428,False
1782411837.0401444,45.52273416519165,3.8726058881102765,2.846895697338835,0.027799144996643488,0.0,0.0,9.153733857501987,False
1782411837.1055326,45.58812236785889,3.8795351918558714,2.848547813315612,0.02779914494294083,0.0,0.0,8.462653954646811,False
1782411837.1795557,45.662145376205444,3.885710249255536,2.8499482825120896,0.02779914497258011,0.0,0.0,7.848360661465299,False
1782411837.2451425,45.72773218154907,3.8911250392190144,2.851120805333034,0.027799145052914337,0.0,0.0,7.310853998530552,False
1782411837.3359761,45.8185658454895,3.900431525670772,2.853015282123211,0.027799145225733717,0.0,0.0,6.389413945670308,False
1782411837.4136496,45.896239280700684,3.9074301895396824,2.8543397863182953,0.027799145304916065,0.0,0.0,5.698333863666342,False
1782411837.4823415,45.96493124961853,3.9128840765990844,2.8553125589085804,0.027799145312359174,0.0,0.0,5.160827111719321,False
1782411837.5504591,46.03304886817932,3.9191277046358786,2.856362554554523,0.027799145273034426,0.0,0.0,4.54653366083792,False
1782411837.6226654,46.105255126953125,3.92694718333882,2.857582082536088,0.02779914520176647,0.0,0.0,3.778666821137579,False
1782411837.7007525,46.18334221839905,3.9339978943390155,2.858591014829457,0.027799145169812148,0.0,0.0,3.0875866441137543,False
1782411837.7706282,46.253217935562134,3.9394897650605434,2.859317496695711,0.027799145183215575,0.0,0.0,2.5500798276405563,False
1782411837.8393927,46.32198238372803,3.945774096115218,2.860085193794384,0.027799145232954625,0.0,0.0,1.9357863116085197,False
1782411837.9116964,46.394286155700684,3.953640351175901,2.8609507329440094,0.027799145310116475,0.0,0.0,1.167919401339864,False
1782411837.9955888,46.47817850112915,3.9607292261688647,2.861640129036464,0.02779914535347331,0.0,0.0,0.4768391694899936,False
1782411838.0630937,46.54568338394165,3.9662481824383713,2.862117529642956,0.02779914535666595,0.0,0.0,359.93933231534237,False
1782411838.1331992,46.61578893661499,3.9741395616135886,2.8627101294633555,0.027799145323222023,0.0,0.0,359.1714653713996,False
1782411838.22829,46.71087980270386,3.9828283019339765,2.863240311917604,0.027799145275940455,0.0,0.0,358.3268117222182,False
1782411838.3260248,46.80861449241638,3.9907331161464734,2.8636115130908495,0.027799145263028274,0.0,0.0,357.55894476006216,False
1782411838.405407,46.887996673583984,3.99943323904604,2.8638978206670895,0.027799145292239032,0.0,0.0,356.71429109379125,False
1782411838.4903152,46.972904920578,4.007345303774709,2.86404707547701,0.0277991453344959,0.0,0.0,355.94642411815477,False
1782411838.5905087,47.0730984210968,4.015258637396626,2.8640905216526185,0.02779914536043732,0.0,0.0,355.1785571372598,False
1782411838.6606197,47.14320945739746,4.022380555314789,2.864039120959797,0.027799145357470374,0.0,0.0,354.487476850528,False
1782411838.7382405,47.22083020210266,4.030292407471045,2.863881432811859,0.02779914533300194,0.0,0.0,353.7196098614974,False
1782411838.8209534,47.30354309082031,4.037410694203988,2.8636489967923304,0.027799145310285555,0.0,0.0,353.02852956840445,False
1782411838.8952272,47.377816915512085,4.043735300747553,2.8633704112026037,0.02779914530217606,0.0,0.0,352.4142359724324,False
1782411838.9623628,47.44495248794556,4.051636259810802,2.8629269525053225,0.027799145312572267,0.0,0.0,351.64636897489027,False
1782411839.0445,47.52708983421326,4.05953056510748,2.862377745984282,0.027799145335719522,0.0,0.0,350.87850197465815,False
1782411839.1351068,47.61769652366638,4.066628581148099,2.8617931149430644,0.02779914535261546,0.0,0.0,350.1874216722823,False
1782411839.2157834,47.69837307929993,4.07450634589714,2.8610432371817223,0.027799145355731813,0.0,0.0,349.4195546673952,False
1782411839.2911053,47.77369499206543,4.082373355317309,2.860187913845687,0.027799145343458478,0.0,0.0,348.6516876603196,False
1782411839.3578866,47.840476274490356,4.087873106452734,2.859526524001779,0.027799145331845073,0.0,0.0,348.114180754151,False
1782411839.4402583,47.92284798622131,4.094934676402766,2.8586004381794754,0.027799145321745978,0.0,0.0,347.42310044481576,False
1782411839.5104775,47.993067264556885,4.102767120058774,2.85747168345411,0.02779914532280516,0.0,0.0,346.65523343262765,False
1782411839.5762775,48.05886721611023,4.109021746368524,2.8564931913435103,0.02779914533157755,0.0,0.0,346.040939821502,False
1782411839.659117,48.141706705093384,4.115265524113926,2.8554477169407266,0.02779914534226155,0.0,0.0,345.42664620914513,False
1782411839.7423606,48.224950313568115,4.123053897521418,2.8540468603948894,0.027799145350470005,0.0,0.0,344.6587791919634,False
1782411839.8257391,48.30832886695862,4.131598566118364,2.8523855456377425,0.027799145347947946,0.0,0.0,343.8141254708519,False
1782411839.9180412,48.400630950927734,4.139344440251068,2.8507661206150052,0.02779914533877921,0.0,0.0,343.0462584496728,False
1782411839.9942665,48.47685623168945,4.146296617920651,2.8492200133395427,0.027799145331528535,0.0,0.0,342.35517812899894,False
1782411840.0752084,48.55779814720154,4.1547676132786835,2.847216643797845,0.027799145330231236,0.0,0.0,341.5105244016271,False
1782411840.155628,48.63821768760681,4.161675861080192,2.8454847928122615,0.027799145335322,0.0,0.0,340.8194440774643,False
1782411840.228449,48.71103882789612,4.167255410108117,2.8440018043704396,0.027799009198656535,0.0,0.0,340.30890047511815,False
1782411840.2971225,48.779712200164795,4.175304624907701,2.841692598892079,0.027798217866787364,0.0,0.0,339.7302638178018,False
1782411840.3598375,48.842427253723145,4.184128063771445,2.8389887244510015,0.027796853213049907,0.0,0.0,339.19243775140313,False
1782411840.433034,48.91562366485596,4.192448933594021,2.8363075185626405,0.027795486796359216,0.0,0.0,338.7322337043321,False
1782411840.5048304,48.987420082092285,4.199918124154069,2.8338125606391245,0.02779460414682832,0.0,0.0,338.3264477076389,False
1782411840.586207,49.06879663467407,4.209794864946944,2.830446964744055,0.027795603802059348,0.0,0.0,337.6344581320758,False
1782411840.6512868,49.13387656211853,4.218022438155399,2.827578499658835,0.027798097423297963,0.0,0.0,336.96210044121307,False
1782411840.7258308,49.208420515060425,4.224969059953681,2.8250999925061495,0.027800318790841844,0.0,0.0,336.3528856058812,False
1782411840.7928674,49.27545714378357,4.230835431436207,2.8229603268457333,0.027801464608290923,0.0,0.0,335.8169257658367,False
1782411840.8541043,49.33669400215149,4.237352026709961,2.8205278035667942,0.027801469283675707,0.0,0.0,335.2032574056252,False
1782411840.9259238,49.40851354598999,4.244495749677868,2.817787451993552,0.027800112485020394,0.0,0.0,334.5123900638501,False
1782411840.998629,49.48121881484985,4.250714428196499,2.8153341335150266,0.027798514855545776,0.0,0.0,333.8981517684809,False
1782411841.0814548,49.56404447555542,4.2575927902462105,2.8125420526099445,0.027797327418699263,0.0,0.0,333.20709278189264,False
1782411841.164953,49.64754271507263,4.265863705824082,2.809069002061751,0.027797549952091247,0.0,0.0,332.362451737066,False
1782411841.2290957,49.71168541908264,4.2718014937676685,2.8064939004510023,0.02779861745894993,0.0,0.0,331.7481641869495,False
1782411841.2979486,49.78053832054138,4.276951236579349,2.804203070210524,0.02779966743236078,0.0,0.0,331.2106600374668,False
1782411841.383143,49.86573266983032,4.284242328901751,2.800865378885917,0.027800549722754486,0.0,0.0,330.45282731415233,False
1782411841.4526675,49.93525719642639,4.290745066470473,2.7977934474112294,0.027800346624357694,0.0,0.0,330.1701634547323,False
1782411841.52442,50.007009744644165,4.296484535247271,2.7950112893902155,0.027799560186804715,0.0,0.0,330.28154745466264,False
1782411841.6002164,50.08280611038208,4.302192744722129,2.7921875147379764,0.027798665711920183,0.0,0.0,330.65659945475574,False
1782411841.6864352,50.16902494430542,4.310712156939168,2.787893692934423,0.02779804345755372,0.0,0.0,331.46496386899554,False
1782411841.755024,50.237613677978516,4.316372895003465,2.7850062654472536,0.027798328916827014,0.0,0.0,332.0605571534601,False
1782411841.826728,50.30931782722473,4.321319114643594,2.782471786269394,0.027798885343389132,0.0,0.0,332.5923276458613,False
1782411841.9002411,50.38283085823059,4.327674734616648,2.779211426631094,0.027799622038707977,0.0,0.0,333.22531189006594,False
1782411841.9696088,50.45219850540161,4.3340310372835855,2.7759572706771403,0.027799970441390938,0.0,0.0,333.40047370464373,False
1782411842.0441303,50.52672004699707,4.3396829566448964,2.7730714457439682,0.027799818864602616,0.0,0.0,333.2133485419629,True
1782411842.1132505,50.59584021568298,4.344628856674118,2.770549085427297,0.027799423705478016,0.0,0.0,332.85175223723223,False
1782411842.1794918,50.662081480026245,4.350279634430109,2.767664720012798,0.027798904351394767,0.0,0.0,332.31877379631015,False
1782411842.2518988,50.73448848724365,4.357336262823618,2.7640479063614602,0.027798526221109596,0.0,0.0,331.58236919180314,False
1782411842.3146472,50.797236919403076,4.362268478138036,2.7615029134323357,0.027798564435568093,0.0,0.0,331.05142758327054,False
1782411842.3820922,50.86468195915222,4.367192400293064,2.7589428888351057,0.02779881714529917,0.0,0.0,330.51640012000365,False
1782411842.4483576,50.93094730377197,4.372807325671366,2.7559946042414745,0.02779921524153887,0.0,0.0,329.90311584905135,False
1782411842.5235837,51.00617337226868,4.379803955006922,2.752269442869924,0.027799576614938714,0.0,0.0,329.36454845431723,False
1782411842.597102,51.079691648483276,4.385382648795602,2.749255817628811,0.027799601576307745,0.0,0.0,329.35741909014536,False
1782411842.661858,51.144447803497314,4.3902520025567595,2.7465972200053455,0.027799434965140757,0.0,0.0,329.59718066492235,False
1782411842.748885,51.23147463798523,4.397887093674227,2.7423888385301,0.027799027474303527,0.0,0.0,329.80900423060007,False
1782411842.8181138,51.30070352554321,4.4041219839440044,2.7389236013169045,0.02779880397883771,0.0,0.0,329.53633003075544,False
1782411842.8962493,51.37883901596069,4.409654410049549,2.735825875303693,0.027798801340235973,0.0,0.0,329.0715782160177,False
1782411842.9740982,51.456687927246094,4.415864809309983,2.7323169239354446,0.027798991983465256,0.0,0.0,328.43826293967624,False
1782411843.0456944,51.52828407287598,4.4227442543740745,2.7283817151240726,0.027799272445327212,0.0,0.0,327.688321585622,False
1782411843.1188018,51.601391553878784,4.4282288106040975,2.7252012355080737,0.02779940583658549,0.0,0.0,327.16755466949917,False
1782411843.200538,51.683127641677856,4.4330126085277355,2.722392816610875,0.027799404836096515,0.0,0.0,327.03436040159863,False
1782411843.2700393,51.75262904167175,4.439143751169236,2.7187494043659868,0.02779926448983059,0.0,0.0,327.2244039635479,False
1782411843.3491807,51.83177042007446,4.4466146688843695,2.714257963590031,0.02779903251231499,0.0,0.0,327.84287747924407,False
1782411843.4319735,51.91456317901611,4.452716569453018,2.7105646045838734,0.027798935459659196,0.0,0.0,328.35163920563383,False
1782411843.5056245,51.98821425437927,4.458137172657317,2.7072754636607206,0.02779896544829616,0.0,0.0,328.41683846314316,False
1782411843.5773106,52.05990028381348,4.4649096001382915,2.703157836608553,0.027799111337222987,0.0,0.0,328.0754596023859,False
1782411843.6604013,52.142991065979004,4.471674993930783,2.6990281757464025,0.027799258186952832,0.0,0.0,327.448657406587,False
1782411843.7247815,52.2073712348938,4.476403578106889,2.6961255917406777,0.02779930094677598,0.0,0.0,326.94270617161334,False
1782411843.7990377,52.28162741661072,4.48179735917186,2.6927917609193295,0.0277992716276264,0.0,0.0,326.3414864931058,False
1782411843.8652072,52.34779691696167,4.487848580285521,2.6890146517022666,0.027799170723067857,0.0,0.0,325.6549866582494,False
1782411843.9344597,52.417049407958984,4.493209400872013,2.685629118392799,0.027799076266594547,0.0,0.0,325.041921783664,False
1782411844.0025663,52.48515605926514,4.497884072026694,2.6826421365393704,0.027799028619797477,0.0,0.0,324.50478942446836,False
1782411844.0810256,52.56361532211304,4.503869727575319,2.678764438684775,0.02779903823664849,0.0,0.0,323.8138734261372,False
1782411844.1442292,52.626818895339966,4.509824879125135,2.67484125591455,0.02779910982612431,0.0,0.0,323.1228426472377,False
1782411844.2136433,52.69623303413391,4.51443381965996,2.6717563460934595,0.027799175803136407,0.0,0.0,322.58534981033597,False
1782411844.2787716,52.76136136054993,4.519021480812052,2.6686406382707863,0.027799222619828215,0.0,0.0,322.0478495578376,False
1782411844.343086,52.82567572593689,4.524886892336967,2.664587664478122,0.027799231230177194,0.0,0.0,321.356773655217,False
1782411844.4088376,52.89142727851868,4.530067826533163,2.6609390534932498,0.02779919296257139,0.0,0.0,320.7424824567941,False
1782411844.4797506,52.962340354919434,4.534574707859343,2.6577100382459133,0.02779914278360856,0.0,0.0,320.2049772118528,False
1782411844.5593982,53.041987895965576,4.5403315631664,2.65350729165848,0.027799089395501863,0.0,0.0,319.5138988016358,False
1782411844.6276858,53.11027550697327,4.546044560595886,2.6492460861758125,0.027799076232643688,0.0,0.0,319.05172403161805,False
1782411844.7063591,53.1889488697052,4.551714868529322,2.644928664655677,0.027799105733258136,0.0,0.0,319.06580820513864,False
1782411844.7712111,53.25380086898804,4.556099332458643,2.6415367202211226,0.027799143440639208,0.0,0.0,319.33317706826836,False
1782411844.840898,53.323487758636475,4.561088356497657,2.6376312081918396,0.027799180763368174,0.0,0.0,319.8129053202366,False
1782411844.9062736,53.38886332511902,4.566681391489173,2.633210829892758,0.0277991951632791,0.0,0.0,320.36246263246176,False
1782411844.975315,53.45790481567383,4.571641858172131,2.6292659834537693,0.027799179661894175,0.0,0.0,320.4731784048616,False
1782411845.041972,53.524561643600464,4.575975561953519,2.6258047872318473,0.02779915245980526,0.0,0.0,320.3087334428658,False
1782411845.1077237,53.59031343460083,4.58030244848167,2.6223343321849404,0.02779912450503665,0.0,0.0,319.95731141156466,False
1782411845.2012005,53.68379020690918,4.587699126889286,2.616358039147634,0.027799103036284092,0.0,0.0,319.1415959536887,False
1782411845.26233,53.744919776916504,4.591998083305739,2.6128521701364593,0.027799111783466893,0.0,0.0,318.62021069868774,False
1782411845.3279362,53.81052589416504,4.596282686400889,2.60932881490568,0.027799131436806346,0.0,0.0,318.0888264192855,False
1782411845.3938718,53.87646150588989,4.60176702338244,2.604769547099923,0.027799158933534233,0.0,0.0,317.4003960109608,False
1782411845.4565423,53.93913197517395,4.606615874978825,2.600686138462891,0.027799172743822924,0.0,0.0,316.78681312385066,False
1782411845.5278397,54.01042938232422,4.610836327427949,2.5970873332968107,0.027799171800800222,0.0,0.0,316.24952322747765,False
1782411845.5959446,54.07853436470032,4.615632115972872,2.5929429225810514,0.02779915807365799,0.0,0.0,315.63531939205393,False
1782411845.657106,54.13969564437866,4.6209896700325945,2.5882380635681006,0.027799136792510764,0.0,0.0,314.94427232126196,False
1782411845.7295306,54.21212029457092,4.625716382635589,2.584016606690096,0.02779912350780248,0.0,0.0,314.50650563334233,False
1782411845.7979293,54.280519008636475,4.629905083371252,2.5802107162503005,0.02779905588629356,0.0,0.0,314.4314227884746,False
1782411845.8641334,54.3467230796814,4.635830326712634,2.5746324925331963,0.027797832341156084,0.0,0.0,314.40557674286225,False
1782411845.938492,54.42108178138733,4.644779049233707,2.5659759858813582,0.027793265975287394,0.0,0.0,314.3747539044662,False
1782411846.0117269,54.49431657791138,4.6527087796360025,2.5581796388603504,0.027786938888280543,0.0,0.0,314.3513201326135,False
1782411846.0839956,54.566585302352905,4.659976171074758,2.5509676169195976,0.02778071433632194,0.0,0.0,314.33137839699145,False
1782411846.1788242,54.66141390800476,4.670658800675564,2.5402832210813977,0.027774764141210807,0.0,0.0,314.30344905542916,False
1782411846.2629929,54.745582580566406,4.683308361505307,2.5275607202872368,0.027783932351626395,0.0,0.0,313.95176161694405,False
1782411846.3272927,54.809882402420044,4.68926763738478,2.5215444053182754,0.027795420228485107,0.0,0.0,313.5621969876306,False
1782411846.3927019,54.87529158592224,4.694899540566397,2.5158331443425777,0.027806158946065692,0.0,0.0,313.1150686411645,False
1782411846.454212,54.93680167198181,4.700332467808517,2.5102886936929245,0.027812466193831754,0.0,0.0,312.6486537257233,False
1782411846.5299993,55.01258897781372,4.707711950512919,2.502694874177179,0.02781106730021216,0.0,0.0,312.1817202059457,False
1782411846.62821,55.11079978942871,4.715147107923774,2.494977721474157,0.027800044455025926,0.0,0.0,312.30139879112664,False
1782411846.706011,55.18860077857971,4.720240988385526,2.4896545030001707,0.027792074244476377,0.0,0.0,312.69923386690965,False
1782411846.7758298,55.25841951370239,4.725755663740703,2.483869235009875,0.027788432951348713,0.0,0.0,313.3023984261752,False
1782411846.8583853,55.34097504615784,4.734670671935742,2.474500315597936,0.027791783301570033,0.0,0.0,313.9221753318868,False
1782411846.9353673,55.417957067489624,4.741881768750529,2.4669491653730877,0.02779466814330465,0.0,0.0,314.2021139933241,False
1782411847.0139408,55.496530532836914,4.749558856850213,2.458945191891702,0.02779503300335972,0.0,0.0,314.3961887405124,False
1782411847.098648,55.58123779296875,4.759523266844423,2.448594088093374,0.027793838772130108,0.0,0.0,314.3389803495697,False
1782411847.193996,55.67658567428589,4.768167052723566,2.4396401604809967,0.02779290202993386,0.0,0.0,314.00505739520014,False
1782411847.2701962,55.7527859210968,4.776659083390936,2.430842393425028,0.02779383433681238,0.0,0.0,313.52375622495197,False
1782411847.3429394,55.82552909851074,4.785142605412124,2.422020087790009,0.027796120312063664,0.0,0.0,312.9916090910597,False
1782411847.43259,55.91517972946167,4.7936937567585405,2.413062083484021,0.027797603952337834,0.0,0.0,312.4550596001288,False
1782411847.5027156,55.985305309295654,4.800614527987643,2.405746079183697,0.027797134828424344,0.0,0.0,312.03538618863354,False
1782411847.5694766,56.05206632614136,4.808191639295312,2.397667190378314,0.027795685919122185,0.0,0.0,311.52687479097216,False
1782411847.6296134,56.1122031211853,4.814794610088044,2.3905541445332164,0.02779438304472688,0.0,0.0,311.0627139224624,False
1782411847.7160344,56.19862413406372,4.822298944201398,2.382361667432761,0.027793374347074608,0.0,0.0,310.56921117264665,False
1782411847.7863266,56.2689163684845,4.829561186199174,2.3742866532766236,0.02779195032914222,0.0,0.0,310.2424985125948,False
1782411847.8773346,56.35992431640625,4.840067479119858,2.362445791701753,0.02779189312924499,0.0,0.0,309.66386871321953,True
1782411847.9451044,56.42769408226013,4.846698031914187,2.354875807745343,0.027793399354190472,0.0,0.0,309.2190465241983,False
1782411848.0413642,56.523953914642334,4.854808085717367,2.3454863779253206,0.027795599113941274,0.0,0.0,308.6538731832362,False
1782411848.1104858,56.59307551383972,4.862063641727182,2.3369454483486654,0.027796691637236175,0.0,0.0,308.157006551974,False
1782411848.1876633,56.67025303840637,4.868541297444522,2.3291971785619134,0.027796437669025988,0.0,0.0,307.7320451173988,False
1782411848.2572732,56.73986291885376,4.875080887562802,2.321251138653084,0.027795123974574884,0.0,0.0,307.32705055590606,False
1782411848.3367367,56.819326400756836,4.884223159041624,2.3099292494640804,0.027792476404629052,0.0,0.0,306.8089721078687,False
1782411848.4050376,56.887627363204956,4.8910009806490296,2.3013755920753183,0.02779070322596595,0.0,0.0,306.4634717032753,False
1782411848.4772382,56.95982789993286,4.897036230224743,2.2936465863353077,0.027789549600200244,0.0,0.0,306.18668711436004,False
1782411848.5383341,57.02092385292053,4.902662093368406,2.286385629186588,0.027790425075255382,0.0,0.0,306.0775204985468,False
1782411848.6162233,57.0988130569458,4.909714924678622,2.2772377916669932,0.027795636679172477,0.0,0.0,306.337837765643,False
1782411848.69339,57.17597961425781,4.91542544732196,2.2697949565504003,0.027801231659530908,0.0,0.0,306.8598480662725,False
1782411848.7584465,57.24103617668152,4.919591074109457,2.2643531702359305,0.027804143293233347,0.0,0.0,307.35051327252404,False
1782411848.828709,57.31129860877991,4.924192031095443,2.258342447574,0.02780470485726131,0.0,0.0,307.9357743269154,False
1782411848.8986902,57.381279945373535,4.929974897337253,2.250814331907491,0.027801452590230175,0.0,0.0,308.62835262663305,False
1782411848.9600444,57.44263410568237,4.934522482844282,2.2449502637423895,0.02779747608630957,0.0,0.0,308.91579120625534,False
1782411849.0413918,57.52398157119751,4.9403653126481855,2.237490949073475,0.027792601262331833,0.0,0.0,309.11324012445334,False
1782411849.141718,57.62430763244629,4.9503945462611645,2.2248424564992084,0.027786217687141818,0.0,0.0,309.324945577429,False
1782411849.237243,57.7198326587677,4.958552246710128,2.214657351077062,0.027782985875097005,0.0,0.0,309.44432752519634,False
1782411849.3134058,57.795995473861694,4.9699402938947586,2.2005552027937996,0.027781490925159864,0.0,0.0,309.58504915312795,False
1782411849.3806572,57.86324691772461,4.977684023084403,2.1910284875833748,0.02778287610776055,0.0,0.0,309.68333954896747,False
1782411849.4553428,57.93793249130249,4.985450019026348,2.181518457490511,0.027786020161474682,0.0,0.0,309.79805041238006,False
1782411849.5359702,58.01855993270874,4.994133608551461,2.170933946371371,0.0277904623393473,0.0,0.0,309.9626092415517,False
1782411849.6026971,58.08528685569763,5.003666078051904,2.159376156764146,0.02779414865500169,0.0,0.0,310.2009331903411,False
1782411849.6955893,58.178179025650024,5.013049351306829,2.148069092362332,0.027794738537695814,0.0,0.0,310.49603052935834,False
1782411849.7718775,58.254467248916626,5.0206135641291,2.1390156834879055,0.027792705698873068,0.0,0.0,310.6783451690667,False
1782411849.8444002,58.3269898891449,5.028960684369955,2.12908321634596,0.027789978406647077,0.0,0.0,310.74956742761447,False
1782411849.9155827,58.39817237854004,5.037952033174271,2.118439361120932,0.0277890220882278,0.0,0.0,310.63568517206704,False
1782411849.9892654,58.47185516357422,5.045413013115568,2.109642511597842,0.027789208461982615,0.0,0.0,310.50675171980373,False
1782411850.052951,58.53554081916809,5.0521342452982365,2.1017303365418365,0.027789697068649602,0.0,0.0,310.388821293439,False
1782411850.1283965,58.61098623275757,5.060970756587438,2.091329976258996,0.0277897499237618,0.0,0.0,310.2469058501828,False
1782411850.203482,58.6860716342926,5.06893994181101,2.081941968099836,0.02778856546107861,0.0,0.0,310.14270725683616,False
1782411850.2741866,58.756776332855225,5.076874012294291,2.0725821710447514,0.027786768142349656,0.0,0.0,310.07628923747404,False
1782411850.3580647,58.840654373168945,5.088514413441008,2.058822845459235,0.027785685944590438,0.0,0.0,309.92261179553833,False
1782411850.4380188,58.92060852050781,5.0971114373725435,2.0486319958436496,0.027787335080163053,0.0,0.0,309.73365778682296,False
1782411850.5157208,58.998310565948486,5.104775780461962,2.0395153980730085,0.027789898779681795,0.0,0.0,309.5445381743201,False
1782411850.5889823,59.071572065353394,5.113497492106402,2.0290944576394097,0.027792183344138893,0.0,0.0,309.3354643574349,False
1782411850.6691053,59.151695013046265,5.123352067796696,2.0172508918344887,0.027791737843856974,0.0,0.0,309.1315598057432,False
1782411850.7442682,59.22685790061951,5.130879121545611,2.00816326409608,0.027790528164330735,0.0,0.0,309.08697120459647,False
1782411850.837104,59.31969380378723,5.140481483268748,1.9965333096687443,0.027790786406910878,0.0,0.0,309.3058609654118,False
1782411850.9338586,59.41644835472107,5.152287409369573,1.9822019385874146,0.027791219068129525,0.0,0.0,309.6308390720405,False
1782411851.0147417,59.497331380844116,5.160605852155047,1.9721178875662917,0.027791789284618038,0.0,0.0,309.8698217340638,False
1782411851.0968077,59.579397439956665,5.168070455079422,1.9630942581689665,0.027791652128642975,0.0,0.0,310.0074561679937,False
1782411851.1884396,59.67102932929993,5.177508370400417,1.9517257815252023,0.027790008795875544,0.0,0.0,310.09740065885114,False
1782411851.2566845,59.73927426338196,5.189010098867136,1.9379276246262807,0.02778685502009783,0.0,0.0,310.12399341963504,False
1782411851.326177,59.80876660346985,5.1975347803596055,1.9277302029605792,0.027786084028895874,0.0,0.0,310.1608536327614,False
1782411851.4022965,59.884886264801025,5.20474955038315,1.9191154382976512,0.02778839170623458,0.0,0.0,310.33302967803735,False
1782411851.488492,59.97108173370361,5.214193179764664,1.9078830513418985,0.027791652670398435,0.0,0.0,310.5428429270817,False
1782411851.5531037,60.035693407058716,5.222998226172258,1.8974604076086403,0.02779296956731787,0.0,0.0,310.7143455996967,False
1782411851.6347365,60.11732625961304,5.231932275599614,1.8869354217521386,0.027791513607934127,0.0,0.0,310.88269881799397,False
1782411851.7145092,60.19709897041321,5.239878076996283,1.8776173892468122,0.027788436974794443,0.0,0.0,311.0439851650641,False
1782411851.7767677,60.25935745239258,5.247772114554721,1.8684013118849165,0.02778539361042493,0.0,0.0,311.2265547386476,False
1782411851.8424323,60.32502198219299,5.256511002058832,1.8582495616539252,0.027784378267493963,0.0,0.0,311.47466032648606,False
1782411851.9222746,60.40486431121826,5.264176045071318,1.8493956576306512,0.027786347486346143,0.0,0.0,311.7109865476246,False
1782411851.990891,60.47348070144653,5.271862195656423,1.8405722321393865,0.027789867632839815,0.0,0.0,311.8614964017419,False
1782411852.0524583,60.53504800796509,5.279600788968559,1.8317427334612275,0.027793152342464517,0.0,0.0,311.9402875705917,False
1782411852.1286962,60.6112859249115,5.289359383937324,1.8206750650618482,0.027794534755806576,0.0,0.0,311.9590673187924,False
1782411852.1982515,60.68084120750427,5.296257719847123,1.8128867307933918,0.02779310306840444,0.0,0.0,311.9295813464797,False
1782411852.259534,60.7421236038208,5.30322935205048,1.8050370670287534,0.027790117723565103,0.0,0.0,311.8757946978855,False
1782411852.3467798,60.82936954498291,5.314342142102745,1.792551306373114,0.027784801090008127,0.0,0.0,311.7639227854415,False
1782411852.4114187,60.89400839805603,5.322537121363386,1.7833522546619078,0.02778256767827034,0.0,0.0,311.6779702019176,False
1782411852.4801579,60.96274757385254,5.329763035496598,1.7752400246826112,0.02778255610461297,0.0,0.0,311.61222064060536,False
1782411852.5481384,61.03072810173035,5.337999763142957,1.7659876091778048,0.02778467859037813,0.0,0.0,311.5615467741956,False
1782411852.6300097,61.11259937286377,5.349190060439768,1.7534053090594406,0.02778932930489479,0.0,0.0,311.5582456803923,False
1782411852.70057,61.183159828186035,5.357172370748885,1.7444236626739318,0.027792211496695984,0.0,0.0,311.6270354430086,False
1782411852.7692332,61.25182294845581,5.364013274171991,1.7367264323529328,0.027793673932043926,0.0,0.0,311.749985408677,False
1782411852.8301284,61.31271815299988,5.371825202271895,1.7279449512969078,0.027793600513218504,0.0,0.0,311.9004662644729,False
1782411852.899796,61.38238573074341,5.38075188543858,1.7179310681659479,0.027791474106324543,0.0,0.0,312.0104691337662,False
1782411852.968934,61.451523780822754,5.388788744734174,1.7089373614359302,0.02778877714894586,0.0,0.0,312.0697950131513,False
1782411853.037424,61.5200138092041,5.395897330457795,1.700999431591628,0.027786517969483688,0.0,0.0,312.1011110215694,False
1782411853.1018248,61.5844144821167,5.404118376930118,1.691837195188266,0.02778458446448926,0.0,0.0,312.1254676203421,False
1782411853.1690967,61.65168642997742,5.413486523188379,1.6814167588487483,0.027783608045664997,0.0,0.0,312.1525306337042,False
1782411853.2366886,61.71927833557129,5.420800856965715,1.6732935823435389,0.02778394126158489,0.0,0.0,312.1805141973664,False
1782411853.3109114,61.793501138687134,5.429119951419336,1.6640669268479256,0.027785491375408724,0.0,0.0,312.23361474715523,False
1782411853.3784137,61.861003398895264,5.4383696353274695,1.6538246870848554,0.027788260116814244,0.0,0.0,312.33760984561525,False
1782411853.4369843,61.91957402229309,5.445468838999543,1.6459782146787523,0.02779052891934866,0.0,0.0,312.4577134204155,False
1782411853.5049136,61.98750329017639,5.452475907832218,1.6382497417798856,0.027792348593526885,0.0,0.0,312.6155615989082,False
1782411853.5775843,62.060173988342285,5.460344164712793,1.6295962258526848,0.02779349921423852,0.0,0.0,312.8460997244571,False
1782411853.6428025,62.12539219856262,5.469008799714133,1.6201067499284367,0.027793575739371364,0.0,0.0,313.16557336727897,False
1782411853.7451146,62.22770428657532,5.478427810070403,1.609853897426029,0.027792832024696203,0.0,0.0,313.58031066967783,False
1782411853.8261678,62.30875754356384,5.487789527883151,1.5997512040746047,0.027792026351105458,0.0,0.0,314.01157030441505,True
1782411853.895527,62.378116607666016,5.4977384695752916,1.5891448205506702,0.027790245651154826,0.0,0.0,314.32093171294434,False
1782411853.9713292,62.45391893386841,5.5060092056855,1.580419589939877,0.027788418028214596,0.0,0.0,314.5073539461062,False
1782411854.0479286,62.53051829338074,5.514472752043926,1.5715667118284813,0.027786488579567878,0.0,0.0,314.6605107508618,False
1782411854.1316288,62.61421847343445,5.525238043653855,1.5604025203756733,0.027784509393497515,0.0,0.0,314.8284660029,False
1782411854.2082803,62.6908700466156,5.535008379607691,1.5503510307703252,0.027783950306084083,0.0,0.0,314.97376525730243,False
1782411854.276684,62.75927376747131,5.543677719959279,1.5414891351430946,0.027784899088828675,0.0,0.0,315.1125461535885,False
1782411854.37208,62.85466980934143,5.5554991494250565,1.5294854165146794,0.02778802774381759,0.0,0.0,315.33674338017755,False
1782411854.4362166,62.918806314468384,5.566105550037264,1.5187934864629855,0.027791201158999693,0.0,0.0,315.58657269233834,False
1782411854.5094967,62.99208641052246,5.574483554461566,1.5104025669709369,0.027792823122156984,0.0,0.0,315.82114126814554,False
1782411854.5761988,63.058788537979126,5.58171516507713,1.5032010664100905,0.027793274408446467,0.0,0.0,316.05458129809824,False
1782411854.6643622,63.14695191383362,5.592876382091974,1.4921686681577964,0.027792624842778973,0.0,0.0,316.4735187065941,False
1782411854.729864,63.21245360374451,5.60182628564752,1.4834027753265637,0.02779189078218549,0.0,0.0,316.8586415640948,False
1782411854.8163254,63.29891514778137,5.610730131963463,1.4747665895682298,0.027791625525070567,0.0,0.0,317.2503501105132,False
1782411854.8854966,63.36808633804321,5.617974142738266,1.467818703416752,0.027791067247567088,0.0,0.0,317.4785821808572,False
1782411854.9554613,63.438050985336304,5.6276260800172215,1.458659865084517,0.02778980111465313,0.0,0.0,317.69681468196444,False
1782411855.021589,63.50417876243591,5.637526210517534,1.4493654604652035,0.027788030467795988,0.0,0.0,317.8567767687945,False
1782411855.0992997,63.581889390945435,5.646464063665226,1.441048018472639,0.027786359195927236,0.0,0.0,317.96352314685225,False
1782411855.1745803,63.65717005729675,5.6555225226164625,1.4326793640747637,0.027785021307256946,0.0,0.0,318.0503365661623,False
1782411855.2427185,63.72530817985535,5.6658321996776335,1.4232180531204588,0.027784493876604876,0.0,0.0,318.13798128989373,False
1782411855.3139865,63.796576261520386,5.6762134907377995,1.413748421840029,0.02778529962558916,0.0,0.0,318.2296477760781,False
1782411855.3795822,63.86217188835144,5.684266185468562,1.4064370599874116,0.02778674329333004,0.0,0.0,318.3152200889116,False
1782411855.4474683,63.930058002471924,5.692259920201853,1.3992064542248055,0.02778849708991369,0.0,0.0,318.42169032862694,False
1782411855.5200043,64.00259399414062,5.701290355149205,1.3910702150512109,0.02779032413627264,0.0,0.0,318.5774977025287,False
1782411855.6004322,64.08302187919617,5.713491654386064,1.3801346737789888,0.027791771305457177,0.0,0.0,318.8597758565137,False
1782411855.6722293,64.15481901168823,5.72220010546444,1.3723753095860023,0.02779200401584001,0.0,0.0,319.1141918323033,False
1782411855.7406204,64.22321009635925,5.730758869487794,1.3647922128117354,0.027791932411757505,0.0,0.0,319.4081481885319,False
1782411855.8214333,64.30402302742004,5.741428265589041,1.3554132508501,0.027791618468183073,0.0,0.0,319.77803623411904,False
1782411855.8980436,64.38063335418701,5.751401625149014,1.3467362898784956,0.02779046884697621,0.0,0.0,320.0097084129518,False
1782411855.9894254,64.4720151424408,5.762768417149269,1.3369431713377573,0.027788622321859944,0.0,0.0,320.18841321309617,False
1782411856.0551314,64.53772115707397,5.773197388660248,1.3280364537701905,0.02778678407026089,0.0,0.0,320.30536491394,False
1782411856.1202102,64.60279989242554,5.7825984290039205,1.32006254948775,0.027785392873004786,0.0,0.0,320.3881168550988,False
1782411856.2116065,64.69419622421265,5.794512923471564,1.3100204095564476,0.027784485854959184,0.0,0.0,320.4827435803244,False
1782411856.281773,64.76436281204224,5.804074131165706,1.3020050040757576,0.02778492108228839,0.0,0.0,320.5659729178855,False
1782411856.349798,64.83238768577576,5.814758499258799,1.293088021094237,0.027786695105099693,0.0,0.0,320.6865323905563,False
1782411856.4224246,64.90501427650452,5.824171674964103,1.2852659148850178,0.02778883687985393,0.0,0.0,320.8242752237256,False
1782411856.4990823,64.98167204856873,5.833468286114468,1.277572745950605,0.0277908415748441,0.0,0.0,320.9993874733899,False
1782411856.5634854,65.04607510566711,5.842612822531314,1.2700390786961888,0.027792208702103516,0.0,0.0,321.21824066839133,False
1782411856.6481843,65.13077402114868,5.855923575683523,1.259140751811716,0.02779302963095327,0.0,0.0,321.64391931176954,False
1782411856.7242763,65.20686602592468,5.8645062995072,1.2521650153113397,0.027793206711899398,0.0,0.0,321.98886168518135,False
1782411856.7951343,65.27772402763367,5.87298943961978,1.245321618114444,0.027793228799161,0.0,0.0,322.35327063026574,False
1782411856.8779902,65.36057996749878,5.884154885402539,1.2364215738485171,0.027791884476997278,0.0,0.0,322.69971251900137,False
1782411856.9488235,65.43141317367554,5.895868915273579,1.227205518063222,0.02778923944406249,0.0,0.0,322.9465693415743,False
1782411857.0174491,65.5000388622284,5.904276508129895,1.2206566192288129,0.027787077574185175,0.0,0.0,323.08256928750245,False
1782411857.0849578,65.56754755973816,5.91282300908834,1.2140491831307851,0.0277850474578376,0.0,0.0,323.2018238657251,False
1782411857.1562395,65.6388292312622,5.923915051755924,1.20553859316622,0.027783473069047056,0.0,0.0,323.3465847739617,False
1782411857.2314003,65.71398997306824,5.935038951285806,1.1970684006651142,0.027783775835357925,0.0,0.0,323.4938912159819,False
1782411857.3075233,65.79011297225952,5.944867742942666,1.1896329035205044,0.02778573636902991,0.0,0.0,323.64209540952004,False
1782411857.3906932,65.87328290939331,5.956813511491538,1.1806516138420906,0.027789964005260674,0.0,0.0,323.89948600471774,False
1782411857.469104,65.95169377326965,5.969618296808478,1.1710998101836458,0.027794213400240846,0.0,0.0,324.2642578880626,False
1782411857.5602918,66.04288148880005,5.9799800837129355,1.1634379422646528,0.02779542394051641,0.0,0.0,324.5978164466055,False
1782411857.6416323,66.12422204017639,5.990324280605895,1.1558581496667606,0.02779425497543642,0.0,0.0,324.94451772905234,False
1782411857.733411,66.21600079536438,6.004149675573385,1.1458457773413933,0.027790877925251117,0.0,0.0,325.41362811919504,False
1782411857.8192344,66.30182409286499,6.015776471038022,1.137538676213029,0.027788725662265278,0.0,0.0,325.79260085946095,False
1782411857.8833787,66.36596846580505,6.024210846493806,1.1315844516773668,0.027787740089518873,0.0,0.0,325.99823751389465,False
1782411857.9450297,66.42761945724487,6.034107533470848,1.124668392069451,0.02778712154018009,0.0,0.0,326.1855671052639,False
1782411858.0217047,66.50429439544678,6.046693096635441,1.115968082845452,0.027786853214466646,0.0,0.0,326.38320178960225,False
1782411858.0885959,66.57118558883667,6.0555295297902125,1.1099143011476675,0.027786922019310593,0.0,0.0,326.5270870162633,False
1782411858.1572573,66.63984704017639,6.063108639871323,1.1047552560456297,0.027787092655524894,0.0,0.0,326.6557100084652,False
1782411858.2265172,66.70910692214966,6.073211330533296,1.0979241287695523,0.027787526199579384,0.0,0.0,326.835574557911,False
1782411858.289209,66.77179861068726,6.085827501246863,1.0894646236783567,0.0277884402123555,0.0,0.0,327.0745293128842,False
1782411858.35485,66.83743977546692,6.0959160947988975,1.0827561410696598,0.027789277003351796,0.0,0.0,327.2755440203647,False
1782411858.4266658,66.90925550460815,6.104742960772695,1.076927600619134,0.027789837028851384,0.0,0.0,327.4576360494886,False
1782411858.4943683,66.97695803642273,6.114826532012819,1.0703161826930923,0.027790064995118182,0.0,0.0,327.6727035081594,False
1782411858.5600042,67.04259395599365,6.126157058445105,1.0629474530840823,0.027789770115354103,0.0,0.0,327.92405809306626,False
1782411858.628807,67.11139678955078,6.136131193746397,1.0565129019723871,0.027789456131392835,0.0,0.0,328.1686148119642,False
1782411858.715479,67.19806861877441,6.147084734520557,1.0495024617191921,0.02778988268608699,0.0,0.0,328.492255972304,False
1782411858.7769177,67.25950741767883,6.155437816109179,1.044199540210968,0.027790850015535426,0.0,0.0,328.7739480290953,False
1782411858.8616621,67.34425187110901,6.170260305872412,1.0349100738027992,0.02779148595413402,0.0,0.0,329.1895875780598,False
1782411858.926464,67.40905380249023,6.179255695931279,1.0293467773617127,0.02779062313525706,0.0,0.0,329.3843045282297,False
1782411859.0154214,67.49801111221313,6.192365716092705,1.021327324043183,0.027788082403136693,0.0,0.0,329.6244765418598,False
1782411859.0845494,67.56713914871216,6.204316840548212,1.0140988821366899,0.027785461460916712,0.0,0.0,329.81535570193785,False
1782411859.1693914,67.65198111534119,6.217696889323486,1.0060895280844202,0.027783713003762672,0.0,0.0,330.00809686776097,False
1782411859.2340643,67.71665406227112,6.227103997783711,1.0005065451607025,0.027783790128223605,0.0,0.0,330.1344732957358,False
1782411859.3016558,67.78424549102783,6.239229784247176,0.993364004969885,0.027785362447837657,0.0,0.0,330.2905320250918,False
1782411859.3705668,67.85315656661987,6.251373041002667,0.986267791502724,0.027787661541771484,0.0,0.0,330.4435167724097,False
1782411859.4367106,67.91930031776428,6.260711868909227,0.9808451758578177,0.027789383281727517,0.0,0.0,330.5797760241729,False
1782411859.5019212,67.98451089859009,6.269753068787546,0.9756211091976293,0.0277910662303073,0.0,0.0,330.7670214537784,False
1782411859.5691922,68.05178189277649,6.280359054258857,0.9695193595114621,0.02779430344949047,0.0,0.0,331.1716824843457,False
1782411859.658704,68.14129376411438,6.292266859930428,0.9627202470898576,0.02779814311485927,0.0,0.0,331.8114717404037,False
1782411859.7300386,68.21262836456299,6.2994804670451465,0.9586407222242926,0.027799513735365395,0.0,0.0,332.25252189643663,True
1782411859.8023934,68.28498315811157,6.30752426361934,0.9541379657936483,0.02779965233815554,0.0,0.0,332.76652770131176,False
1782411859.8626986,68.34528827667236,6.316508405841549,0.9491806206813338,0.027798230098681237,0.0,0.0,333.3381386220222,False
1782411859.9726365,68.45522618293762,6.328480975027662,0.9427064034266269,0.02779561134634593,0.0,0.0,334.09204580670223,False
1782411860.0524318,68.53502154350281,6.3364919639512625,0.9384647745294769,0.027794621372688823,0.0,0.0,334.59083354611965,False
1782411860.1207573,68.60334706306458,6.346563581429581,0.9332395379003652,0.027794799114889197,0.0,0.0,335.21058507645955,False
1782411860.1852963,68.66788601875305,6.354677169592422,0.9291190677673338,0.027795742372652192,0.0,0.0,335.7037902105587,False
1782411860.2445028,68.72709250450134,6.360800233009573,0.9260626733914248,0.027796540314188725,0.0,0.0,336.0720034269072,False
1782411860.31553,68.79811978340149,6.36902281976382,0.9220307503843944,0.027797270455527708,0.0,0.0,336.5601959468922,False
1782411860.379173,68.8617627620697,6.378366513939948,0.9175501706029559,0.027797291586430656,0.0,0.0,337.10485586795966,False
1782411860.4395244,68.92211413383484,6.386750257039117,0.9136204467361969,0.02779668024483576,0.0,0.0,337.5859704925862,False
1782411860.528403,69.01099276542664,6.39626615503587,0.9092624745922885,0.027795738373610896,0.0,0.0,338.1243691629673,False
1782411860.6067314,69.08932113647461,6.405873061099457,0.904971981811349,0.027795059997816084,0.0,0.0,338.65938227778884,False
1782411860.6872613,69.169851064682,6.417737444624302,0.8998221271323074,0.027794987412314454,0.0,0.0,339.30879295711964,False
1782411860.7487404,69.2313301563263,6.425356493837509,0.8966002604064629,0.027795292224780173,0.0,0.0,339.71949757715777,False
1782411860.81895,69.30153965950012,6.433034798845151,0.8934199790239236,0.027795664298998754,0.0,0.0,340.1273994007636,False
1782411860.8855693,69.36815905570984,6.4419144488042805,0.8898255292700818,0.02779590036603215,0.0,0.0,340.5866730327924,False
1782411860.949318,69.4319076538086,6.452026949249383,0.8858379638052811,0.027795769725797694,0.0,0.0,341.0968826745104,False
1782411861.0197217,69.50231146812439,6.461107568749521,0.8823503527438297,0.02779536845915288,0.0,0.0,341.5467675441164,False
1782411861.0893533,69.57194304466248,6.46912054786872,0.8793441997544325,0.027794940516684092,0.0,0.0,341.9376741660723,False
1782411861.158204,69.640793800354,6.477189825616129,0.8763830019170379,0.027794587099233842,0.0,0.0,342.3265417387624,False
1782411861.2355876,69.718177318573,6.486473748209509,0.8730563218616705,0.02779439268982564,0.0,0.0,342.76892518709525,False
1782411861.3209035,69.80349326133728,6.501698764681498,0.8677825955195527,0.027794535014947445,0.0,0.0,343.48233487076465,False
1782411861.3878193,69.87040901184082,6.512341857386123,0.8642271154687862,0.027794735511728477,0.0,0.0,343.97173349681964,False
1782411861.4535267,69.93611645698547,6.5218760650135765,0.8611317392201128,0.027794802468661187,0.0,0.0,344.40301081461007,False
1782411861.5287137,70.0113034248352,6.531481466083015,0.8580973257030708,0.027794697637814263,0.0,0.0,344.8305793765416,False
1782411861.5999813,70.08257102966309,6.542372304912044,0.8547568546779382,0.027794413079426126,0.0,0.0,345.30722698460517,False
1782411861.6606221,70.14321184158325,6.552129061290673,0.8518527170478832,0.02779411095162301,0.0,0.0,345.7268428147249,False
1782411861.729888,70.212477684021,6.560717119748032,0.8493640344747138,0.027793899066672616,0.0,0.0,346.09174665062284,False
1782411861.8020267,70.28461647033691,6.570593393004275,0.8465790486327553,0.027793761097443796,0.0,0.0,346.5054898776532,False
1782411861.8891225,70.37171220779419,6.585606757731812,0.8425022795045535,0.027793608035127402,0.0,0.0,347.11061442087964,False
1782411861.9569037,70.43949341773987,6.595730306602773,0.8398563719924843,0.027793493478445765,0.0,0.0,347.50665606895524,False
1782411862.0277038,70.51029348373413,6.604648764922988,0.8375918639843393,0.027793373728501446,0.0,0.0,347.8500011196398,False
1782411862.0976112,70.58020091056824,6.614902961555507,0.8350632515254213,0.027793222245970757,0.0,0.0,348.23921455612833,False
1782411862.1713135,70.6539032459259,6.6265155356812935,0.8322945501027854,0.027793054862221292,0.0,0.0,348.6727825710404,False
1782411862.242002,70.72459173202515,6.638206071545274,0.8296067762897134,0.02779291852629958,0.0,0.0,349.1017247161074,False
1782411862.312262,70.79485177993774,6.6473601533288065,0.8275706577821201,0.02779282196912857,0.0,0.0,349.43108062056046,False
1782411862.377259,70.85984873771667,6.657884563325623,0.8253024561469077,0.027792714245715614,0.0,0.0,349.80327872620444,False
1782411862.4530795,70.93566918373108,6.6724638953040465,0.822286008888213,0.027792544550936216,0.0,0.0,350.30748507399534,False
1782411862.5319018,71.01449155807495,6.683142491366978,0.820167013589763,0.027792399756059693,0.0,0.0,350.6689005861707,False
1782411862.5955138,71.07810354232788,6.692539837546646,0.8183641399752685,0.02779225787850998,0.0,0.0,350.98118232364214,False
1782411862.6568518,71.13944149017334,6.703339971065254,0.8163622560128035,0.0277920892466294,0.0,0.0,351.3335343127082,False
1782411862.7402213,71.22281098365784,6.71829602629549,0.813711135474598,0.027791862963716597,0.0,0.0,351.8097029331977,False
1782411862.8113723,71.29396200180054,6.72788086555708,0.8120844546066188,0.027791719334850976,0.0,0.0,352.10716346948266,False
1782411862.8815145,71.36410427093506,6.7389133660613405,0.8102807079128572,0.027791526456445524,0.0,0.0,352.4399100183491,False
1782411862.947673,71.43026280403137,6.751424103473723,0.8083218884902744,0.02779126861107289,0.0,0.0,352.8051127448432,False
1782411863.0196948,71.50228452682495,6.7626180774332445,0.806644782047463,0.02779103652578197,0.0,0.0,353.12332169359706,False
1782411863.0852962,71.5678858757019,6.772465524369838,0.8052268203882134,0.02779085036324174,0.0,0.0,353.3970623298155,False
1782411863.1472235,71.6298131942749,6.782365869049186,0.8038542542764536,0.027790681386632907,0.0,0.0,353.66575041018245,False
1782411863.2213914,71.70398116111755,6.796598053174399,0.8019717877695164,0.027790472967431354,0.0,0.0,354.04092285569624,False
1782411863.3037493,71.78633904457092,6.8109291180702884,0.800180961107654,0.027790289225431974,0.0,0.0,354.4062319373394,False
1782411863.3767755,71.85936522483826,6.82101485776762,0.7989816748623927,0.02779016630962702,0.0,0.0,354.6564401319236,False
1782411863.4607596,71.94334936141968,6.835500837321945,0.7973448170331471,0.027789975337751252,0.0,0.0,355.0055743209077,False
1782411863.5374067,72.01999640464783,6.8500713518526055,0.7957971351413898,0.027789769022108904,0.0,0.0,355.3454490801499,False
1782411863.6098773,72.09246706962585,6.8632535669016015,0.7944794630447233,0.027789580322210967,0.0,0.0,355.6435286958723,False
1782411863.6815283,72.16411805152893,6.873557429312024,0.7935026607647502,0.02778942326158051,0.0,0.0,355.86926630086197,False
1782411863.7582302,72.24081993103027,6.8868705683796545,0.7923076334074602,0.027789209915231875,0.0,0.0,356.1514092368952,False
1782411863.825889,72.30847883224487,6.900232241077218,0.7911815394843927,0.027789036318402703,0.0,0.0,356.4273991856839,False
1782411863.8920138,72.37460350990295,6.912124836377229,0.7902388585755648,0.027788974994386664,0.0,0.0,356.6708052514792,False
1782411863.959805,72.44239473342896,6.922555307649396,0.7894574937797496,0.027788962443809448,0.0,0.0,356.8806942866432,False
1782411864.025456,72.50804567337036,6.933015659043014,0.7887157836883236,0.027788952960130658,0.0,0.0,357.0866989637642,False
1782411864.102156,72.58474564552307,6.94951613771773,0.7876290495452437,0.027788874249018315,0.0,0.0,357.4019124268484,False
1782411864.2041142,72.68670392036438,6.966087243225527,0.7866371742604603,0.02778867503222904,0.0,0.0,357.7070803353339,False
1782411864.27027,72.75285983085632,6.973646233936012,0.7862169833042726,0.027788540921586873,0.0,0.0,357.84189664811413,False
1782411864.3455837,72.82817339897156,6.988829920952347,0.7854324824855065,0.02778819819173634,0.0,0.0,358.10174072044896,False
1782411864.4203427,72.9029324054718,7.002573718265518,0.7847888335294848,0.02778785290908473,0.0,0.0,358.3233232556012,False
1782411864.487493,72.97008275985718,7.016410225585815,0.784202214853518,0.027787482502921044,0.0,0.0,358.52986569976815,False
1782411864.5561218,73.03871154785156,7.0272337690820965,0.7837843140069755,0.02778719899961451,0.0,0.0,358.67971502369994,False
1782411864.643397,73.1259868144989,7.042784259904641,0.7832434579412896,0.027786821343179207,0.0,0.0,358.87693993960505,False
1782411864.720977,73.20356678962708,7.059992005136754,0.782721333344563,0.027786484478891066,0.0,0.0,359.0718155077697,False
1782411864.7955525,73.27814221382141,7.072561145840115,0.7823868124671675,0.027786316407436153,0.0,0.0,359.1998688941396,False
1782411864.8608754,73.34346508979797,7.083529181723228,0.7821243207328842,0.027786375795834227,0.0,0.0,359.3117766020565,False
1782411864.9340777,73.41666746139526,7.097597280181176,0.7818258880837805,0.027786706548144156,0.0,0.0,359.45723681191987,False
1782411865.011235,73.49382472038269,7.113220247418918,0.7815431250075676,0.027787203341185163,0.0,0.0,359.6180890724161,False
1782411865.0947978,73.57738757133484,7.127297654020913,0.7813307641156313,0.02778751613070177,0.0,0.0,359.7594621867302,False
1782411865.1556208,73.63821053504944,7.138267397890496,0.7811923209909122,0.027787532950559152,0.0,0.0,359.8656092745908,False
1782411865.2540917,73.73668146133423,7.157110344127619,0.7810076555891466,0.027787048706554195,0.0,0.0,0.03911081177947491,False
1782411865.3308022,73.81339192390442,7.169699301892748,0.7809202546692839,0.027786510909508212,0.0,0.0,0.14805652728129984,False
1782411865.402653,73.88524270057678,7.18389234592709,0.7808547193870228,0.027785963878881832,0.0,0.0,0.26275926936919375,False
1782411865.4687517,73.95134139060974,7.198121606924898,0.7808224951331204,0.027785695455878563,0.0,0.0,0.3678157271811211,False
1782411865.542851,74.02544069290161,7.212362899090489,0.7808217395243121,0.027785821249020324,0.0,0.0,0.4624899954265103,True
1782411865.6107457,74.09333539009094,7.223433533114776,0.7808415354526856,0.02778613964122325,0.0,0.0,0.5282679779661745,False
1782411865.6808088,74.1633985042572,7.236067941143683,0.7808844148529399,0.027786598327444734,0.0,0.0,0.5938864880352116,False
1782411865.7426422,74.22523188591003,7.248677636557382,0.7809471513248015,0.02778699927238801,0.0,0.0,0.6483334096930082,False
1782411865.8205442,74.30313396453857,7.2628395399367225,0.7810391258848696,0.02778723262821475,0.0,0.0,0.6986073042104073,False
1782411865.894581,74.37717080116272,7.275423794578013,0.7811380488918255,0.027787191807806717,0.0,0.0,0.7472648939469272,False
1782411865.9638798,74.44646954536438,7.288014099796806,0.7812519471157787,0.0277869641494415,0.0,0.0,0.8003676894840045,False
1782411866.0395086,74.52209830284119,7.303766277159479,0.7814144226533333,0.027786568539836673,0.0,0.0,0.87087404931177,False
1782411866.1136546,74.59624433517456,7.317957466699834,0.7815792359965723,0.027786262885152242,0.0,0.0,0.9366349276639525,False
1782411866.1859393,74.66852903366089,7.329006357074383,0.7817194623675784,0.02778612249320344,0.0,0.0,0.9881361049023246,False
1782411866.2565815,74.73917126655579,7.341648254326679,0.7818925550532475,0.02778608303801895,0.0,0.0,1.046157976258009,False
1782411866.3372488,74.81983852386475,7.357471294919821,0.7821279525956876,0.027786178421513156,0.0,0.0,1.116296375270178,False
1782411866.4162405,74.89883017539978,7.373314098614376,0.7823840696481673,0.027786323739135543,0.0,0.0,1.1822963200326513,False
1782411866.4862795,74.96886920928955,7.385988072538988,0.782603199975923,0.027786416420822888,0.0,0.0,1.2310961905714402,False
1782411866.5545697,75.03715944290161,7.400236261559823,0.7828640668387056,0.027786463485971438,0.0,0.0,1.2806028155732105,False
1782411866.6206288,75.10321855545044,7.4128906650695034,0.7831080348396133,0.027786462373450782,0.0,0.0,1.3193265316349576,False
1782411866.6888793,75.17146897315979,7.423952313445527,0.7833302044615228,0.02778646229262381,0.0,0.0,1.3484384132463647,False
1782411866.750091,75.2326807975769,7.4349966844578965,0.7835597322737744,0.027786506831510703,0.0,0.0,1.371683745889516,False
1782411866.8193085,75.30189824104309,7.44917191970668,0.7838645404363175,0.02778664949721733,0.0,0.0,1.3917683907995209,False
1782411866.8902235,75.37281322479248,7.461752315068201,0.7841433996971642,0.027786831820691547,0.0,0.0,1.3998264645373526,False
1782411866.9561584,75.4387481212616,7.472756564585749,0.7843926788953668,0.02778696846674395,0.0,0.0,1.4083194733184006,False
1782411867.0275762,75.51016592979431,7.486910185690215,0.7847195723839105,0.027787023267011844,0.0,0.0,1.4271889401968365,False
1782411867.098992,75.5815818309784,7.502648933145065,0.7850907683938153,0.02778686305547299,0.0,0.0,1.456823885278942,False
1782411867.178096,75.66068577766418,7.515252351167784,0.7853939018242483,0.027786596803439343,0.0,0.0,1.4855860518805066,False
1782411867.2402387,75.72282838821411,7.526286584831236,0.7856638096252734,0.0277863457235644,0.0,0.0,1.5139706738696987,False
1782411867.305935,75.78852462768555,7.540480634154909,0.7860176433593373,0.02778612928127322,0.0,0.0,1.554279415039897,False
1782411867.378984,75.86157369613647,7.554687865877152,0.7863798695399971,0.02778611886490623,0.0,0.0,1.597219915553171,False
1782411867.4363241,75.91891384124756,7.564168528563614,0.7866263840076135,0.027786219966368163,0.0,0.0,1.6265195171704065,False
1782411867.5074952,75.9900848865509,7.57523898257457,0.7869193503178897,0.027786389637558896,0.0,0.0,1.6607500859939668,False
1782411867.5729566,76.05554628372192,7.589490316936341,0.7873049365794644,0.0277865498552634,0.0,0.0,1.7035246878029766,False
1782411867.6356518,76.11824154853821,7.602168824123439,0.7876561683705247,0.02778653821235082,0.0,0.0,1.740281682883726,False
1782411867.7301786,76.21276831626892,7.61802127957853,0.7881063475926822,0.027786313184651915,0.0,0.0,1.7843017263867575,False
1782411867.8024008,76.28499054908752,7.630695751970942,0.7884750713765896,0.02778609367779591,0.0,0.0,1.816684937255682,False
1782411867.8659651,76.34855484962463,7.644939960428237,0.7888985784404462,0.027785994874636916,0.0,0.0,1.8486796333502962,False
1782411867.9315677,76.41415739059448,7.657579103563915,0.7892820896859396,0.02778615110168724,0.0,0.0,1.8778774817411243,False
1782411867.992046,76.47463583946228,7.66704034870969,0.7895737938579932,0.02778641942848194,0.0,0.0,1.9042724198026646,False
1782411868.0596597,76.54224944114685,7.678072142308196,0.7899190283526453,0.027786789972380987,0.0,0.0,1.9388562504646987,False
1782411868.136321,76.61891078948975,7.6938327816344945,0.7904222977117475,0.02778717008039211,0.0,0.0,1.9937378388372238,False
1782411868.2155101,76.69809985160828,7.70644832998677,0.7908342529459158,0.02778716407323504,0.0,0.0,2.040843551775934,False
1782411868.2989154,76.78150510787964,7.720653137863514,0.7913085242239503,0.027786790394392222,0.0,0.0,2.0955150800035938,False
1782411868.373032,76.85562181472778,7.738035550702514,0.7919048238595294,0.027786087989297954,0.0,0.0,2.162406720499464,False
1782411868.4500265,76.93261623382568,7.752276190044318,0.7924069565681748,0.02778567958920874,0.0,0.0,2.2154729041878025,False
1782411868.5264382,77.00902795791626,7.764946473686566,0.7928642075379859,0.02778563566820556,0.0,0.0,2.2607077899823382,False
1782411868.5971274,77.07971715927124,7.779207371230343,0.7933906756582252,0.0277859402316528,0.0,0.0,2.309449754458402,False
1782411868.6642272,77.14681696891785,7.793463778999988,0.793929341413542,0.02778642019971993,0.0,0.0,2.354673660352346,False
1782411868.7353876,77.21797728538513,7.806127876332677,0.7944179819188761,0.027786759101521376,0.0,0.0,2.3911630987144914,False
1782411868.8059654,77.28855514526367,7.8171995674240655,0.7948527296270441,0.027786873682368554,0.0,0.0,2.419523265438126,False
1782411868.869439,77.35202860832214,7.829839057343211,0.7953572270801024,0.0277867894253305,0.0,0.0,2.446961459589408,False
1782411868.9386723,77.42126202583313,7.844046504689943,0.7959340234738782,0.02778653477773212,0.0,0.0,2.4768040730332017,False
1782411869.0059218,77.48851156234741,7.855092552086344,0.7963891450501425,0.027786347905924654,0.0,0.0,2.503395803205943,False
1782411869.0661113,77.54870104789734,7.866142343327306,0.7968501042299696,0.02778624705511045,0.0,0.0,2.5319009118521794,False
1782411869.1323721,77.61496186256409,7.878779272132836,0.7973842010935622,0.027786259062948397,0.0,0.0,2.565856177110631,False
1782411869.2017741,77.6843638420105,7.893007946857344,0.7979944528524987,0.027786363527495174,0.0,0.0,2.6047496506568244,False
1782411869.2857566,77.76834630966187,7.907243684381548,0.7986144863010006,0.027786440043320842,0.0,0.0,2.644307237384842,False
1782411869.355503,77.83809280395508,7.919907218173217,0.7991740969133102,0.027786396246492946,0.0,0.0,2.678972788052387,False
1782411869.4173048,77.89989447593689,7.9341581497868345,0.7998129372345616,0.027786247678597956,0.0,0.0,2.716108133634759,False
1782411869.4850502,77.9676399230957,7.946821443805397,0.800388578905343,0.027786131349831773,0.0,0.0,2.7465255458068536,False
1782411869.5527272,78.03531694412231,7.957894366529663,0.8008979161106583,0.0277861203215438,0.0,0.0,2.770419894004593,False
1782411869.6295512,78.11214089393616,7.972117142116113,0.8015599880387063,0.02778627563053817,0.0,0.0,2.7963031120213153,False
1782411869.6962729,78.17886257171631,7.986324644811841,0.802229557829834,0.027786560458027378,0.0,0.0,2.815801957547349,False
1782411869.7580671,78.24065685272217,7.997369048561346,0.8027551890988418,0.027786767193603824,0.0,0.0,2.8266762463515307,False
1782411869.827617,78.31020665168762,8.008407838406725,0.803284520618984,0.027786883547604883,0.0,0.0,2.8335098286860254,False
1782411869.9003065,78.38289618492126,8.022590498060628,0.8039695523314715,0.027786851303141187,0.0,0.0,2.836134172799238,False
1782411869.9670339,78.44962358474731,8.036783662462886,0.8046595645091289,0.02778660720625966,0.0,0.0,2.8405260524770353,False
1782411870.0299168,78.51250648498535,8.047832867248518,0.8051992735545241,0.027786355104656282,0.0,0.0,2.846158324239993,False
1782411870.0991704,78.58176016807556,8.05889164758859,0.8057414251358967,0.02778613608278444,0.0,0.0,2.85296431522446,False
1782411870.1870475,78.66963720321655,8.073118645275299,0.8064415960601852,0.027786009061621042,0.0,0.0,2.8633930205118108,False
1782411870.260407,78.74299669265747,8.088942496936605,0.8072237978481367,0.027786080503427506,0.0,0.0,2.8756294903720354,False
1782411870.329995,78.81258463859558,8.104779514012959,0.8080102019147317,0.027786263364023445,0.0,0.0,2.8877417846662206,False
1782411870.405878,78.88846778869629,8.117453125160523,0.8086420355485431,0.027786379743135886,0.0,0.0,2.8971967929057474,False
1782411870.4721456,78.95473527908325,8.128537916622188,0.8091964540387446,0.027786421640652027,0.0,0.0,2.9043387664678026,False
1782411870.5412834,79.02387309074402,8.141201582596121,0.8098318126254084,0.02778639454031724,0.0,0.0,2.9109818602134894,False
1782411870.614465,79.09705471992493,8.157023408686237,0.8106283562860266,0.027786315094598724,0.0,0.0,2.916519088713276,False
1782411870.711651,79.19424080848694,8.174411132596854,0.8115067279864316,0.02778631259130467,0.0,0.0,2.917087025962669,False
1782411870.7755413,79.25813102722168,8.185471127070238,0.8120666808003607,0.027786378692303406,0.0,0.0,2.9143577260741966,False
1782411870.837356,79.31994581222534,8.198102891047194,0.8127069386208021,0.027786500366220594,0.0,0.0,2.9074327665998796,False
1782411870.9236822,79.40627193450928,8.213884368077515,0.8135071300185219,0.02778662978465089,0.0,0.0,2.8948339593414714,False
1782411870.9953914,79.47798109054565,8.22809180069084,0.8142270018628598,0.02778662524133289,0.0,0.0,2.887124027210027,False
1782411871.0673895,79.5499792098999,8.24072275932615,0.8148662851715167,0.02778652237573508,0.0,0.0,2.883637951057836,False
1782411871.1284382,79.61102795600891,8.253359307830221,0.8155051668058053,0.02778636610619597,0.0,0.0,2.8826129059770027,False
1782411871.196575,79.67916464805603,8.266004059937803,0.8161438931932201,0.027786218375574323,0.0,0.0,2.883160917324437,True
1782411871.2753851,79.75797486305237,8.280235021155589,0.816862270087785,0.027786142517698894,0.0,0.0,2.8856552155574557,False
1782411871.3450732,79.8276629447937,8.294469406374791,0.8175805915339046,0.027786189081657375,0.0,0.0,2.8901304842126607,False
1782411871.4233205,79.90591025352478,8.30712654285526,0.8182193893811741,0.027786292625987526,0.0,0.0,2.895392308567971,False
1782411871.493179,79.97576880455017,8.319793046691085,0.8188589695122951,0.02778637753352453,0.0,0.0,2.900704561988041,False
1782411871.5711,80.05368971824646,8.337218538435463,0.8197397055529657,0.02778637962130546,0.0,0.0,2.9079711522072142,False
1782411871.6461875,80.1287772655487,8.351479651505743,0.8204614900296203,0.027786273477261304,0.0,0.0,2.9138839190206975,False
1782411871.731925,80.21451473236084,8.36415483685125,0.8211038950461256,0.027786154944017653,0.0,0.0,2.9187465269960793,False
1782411871.815602,80.29819178581238,8.379988198500458,0.8219076177678865,0.02778609693282465,0.0,0.0,2.9226827315738766,False
1782411871.8903337,80.37292337417603,8.395814708372528,0.8227122907296621,0.027786198140963423,0.0,0.0,2.924225574184326,False
1782411871.9514213,80.43401098251343,8.406885891999861,0.8232758296564623,0.027786353219100828,0.0,0.0,2.9263688726308352,False
1782411872.0289242,80.51151394844055,8.419531253184275,0.8239201008563611,0.027786548375200983,0.0,0.0,2.9317531815415894,False
1782411872.0946126,80.57720232009888,8.432171973663769,0.8245649053983486,0.027786674239091046,0.0,0.0,2.9402411162180604,False
1782411872.1767766,80.65936636924744,8.446389467170546,0.8252913949183605,0.027786662466833603,0.0,0.0,2.9534445783650396,False
1782411872.2437863,80.72637605667114,8.460610467681871,0.8260199009052711,0.027786489436663273,0.0,0.0,2.9695587245495427,False
1782411872.314383,80.79697275161743,8.476420264749624,0.8268326416770089,0.02778622525964771,0.0,0.0,2.9895118084702754,False
1782411872.3915927,80.87418246269226,8.490653525953183,0.8275674656620294,0.027786074906883295,0.0,0.0,3.00918293205538,False
1782411872.4553833,80.93797302246094,8.501731452126627,0.8281417560255573,0.02778605714824552,0.0,0.0,3.0246525809291147,False
1782411872.5428157,81.0254054069519,8.51756692882269,0.8289666497466696,0.02778616424932395,0.0,0.0,3.046406736622623,False
1782411872.622997,81.10558676719666,8.534988682357714,0.8298799416546654,0.02778634013221018,0.0,0.0,3.0692000870835408,False
1782411872.704348,81.18693780899048,8.549234995635697,0.830631431883143,0.027786425958508505,0.0,0.0,3.085464186425632,False
1782411872.7717047,81.25429439544678,8.560312269068874,0.831218651290452,0.027786424271565982,0.0,0.0,3.0965976681896197,False
1782411872.8337045,81.31629419326782,8.571383116806679,0.8318079839055456,0.027786388599712965,0.0,0.0,3.105748574261759,False
1782411872.9053576,81.38794732093811,8.587188816049865,0.8326533317385244,0.027786346675953855,0.0,0.0,3.1152940542655827,False
1782411872.9741435,81.45673322677612,8.59983646232682,0.8333328059472306,0.02778634262419199,0.0,0.0,3.1237609409549063,False
1782411873.0413837,81.52397346496582,8.61090571154787,0.8339295211578319,0.02778636400564586,0.0,0.0,3.132404341498699,False
1782411873.116139,81.5987286567688,8.625142301017759,0.8346996950006513,0.02778638824694127,0.0,0.0,3.144815191202214,False
1782411873.1904824,81.67307209968567,8.63939009718306,0.8354735406480723,0.02778634322334741,0.0,0.0,3.157243235485033,False
1782411873.257092,81.73968172073364,8.652060292039964,0.8361642891438369,0.02778623994730771,0.0,0.0,3.1681823644179743,False
1782411873.338485,81.82107472419739,8.66631724653594,0.8369444639217228,0.02778610321726184,0.0,0.0,3.180369503520954,False
1782411873.4130688,81.89565849304199,8.68215744646637,0.8378148949459943,0.02778603467289937,0.0,0.0,3.1933974375716314,False
1782411873.4905841,81.97317385673523,8.69482141525842,0.8385134798945295,0.027786112792302545,0.0,0.0,3.2021302364402766,False
1782411873.5636518,82.04624152183533,8.70747401448708,0.8392136992170216,0.027786304758373154,0.0,0.0,3.208185041070607,False
1782411873.6333194,82.11590909957886,8.721628293214053,0.8399994514554069,0.0277867272386387,0.0,0.0,3.2250617198064844,False
1782411873.7189238,82.20151352882385,8.738771397474766,0.840955413168134,0.027787491826066994,0.0,0.0,3.2822089909803607,False
1782411873.7836154,82.26620507240295,8.749618788615479,0.8415643294162655,0.027787966789711058,0.0,0.0,3.340027321441233,False
1782411873.8547106,82.33730030059814,8.761974986948985,0.842264020049048,0.02778837740908379,0.0,0.0,3.425623345442803,False
1782411873.9312027,82.41379237174988,8.777459340612152,0.8431543126794568,0.02778838009824289,0.0,0.0,3.5473765046470485,False
1782411874.0061302,82.48871994018555,8.79154260996025,0.8439811472200532,0.02778760296700149,0.0,0.0,3.647660706409781,False
1782411874.078886,82.56147575378418,8.802539622959625,0.8446393793928662,0.02778669266011191,0.0,0.0,3.718012429901225,False
1782411874.1416771,82.62426686286926,8.815123204112389,0.8454066759918707,0.02778564867347566,0.0,0.0,3.7898935800877065,False
1782411874.2141826,82.69677233695984,8.827708972074717,0.8461892205608337,0.02778497538391154,0.0,0.0,3.852841411943892,False
1782411874.2844965,82.76708626747131,8.843420610368348,0.8471867317002107,0.027785118844953462,0.0,0.0,3.9175303601355953,False
1782411874.3465135,82.82910323143005,8.85437758463673,0.847895183037021,0.027785942954721997,0.0,0.0,3.9667622649190646,False
1782411874.428399,82.91098880767822,8.866857445663605,0.8487146586740637,0.02778731231442113,0.0,0.0,4.0358973795154265,False
1782411874.5160205,82.99861025810242,8.885529111307477,0.8499669388612916,0.027788992699283446,0.0,0.0,4.162603829722988,False
1782411874.5859122,83.0685019493103,8.899503335084114,0.8509266118620609,0.02778914822567374,0.0,0.0,4.274311773014236,False
1782411874.6541944,83.13678407669067,8.910360358719805,0.8516868823569099,0.027788536255456003,0.0,0.0,4.369462441929008,False
1782411874.7372754,83.21986508369446,8.924308028549257,0.852684199382274,0.027787256145344368,0.0,0.0,4.5005643455093205,False
1782411874.810441,83.29303073883057,8.939791959682553,0.8538210438055147,0.027786118190315734,0.0,0.0,4.655899954657949,False
1782411874.9611177,83.44370746612549,8.962985568434668,0.855588742633288,0.027786459971628142,0.0,0.0,4.905880687256998,False
1782411875.038135,83.52072477340698,8.979999062477969,0.8569399023029791,0.02778771065904466,0.0,0.0,5.07984414696115,False
1782411875.1162903,83.59888005256653,8.995488141605097,0.8582117053929997,0.02778842316893568,0.0,0.0,5.195389558957696,False
1782411875.22175,83.70433974266052,9.007871029424066,0.8592553984757563,0.02778835752553468,0.0,0.0,5.2622774496622915,False
1782411875.3023489,83.78493857383728,9.023408644455452,0.8605960155475049,0.027787460842753478,0.0,0.0,5.348066939706493,False
1782411875.3780165,83.86060619354248,9.038991185355238,0.8619721992722941,0.02778634409774788,0.0,0.0,5.441700997454183,False
1782411875.455645,83.93823480606079,9.053041231486516,0.8632388219673361,0.02778577661070601,0.0,0.0,5.530677237557733,False
1782411875.5299938,84.0125834941864,9.065544917058904,0.8643861053123194,0.027785821756898362,0.0,0.0,5.6122673365843,False
1782411875.6278844,84.11047410964966,9.085878068360772,0.8662916679452243,0.027786655625336644,0.0,0.0,5.749063553159254,False
1782411875.6935208,84.17611050605774,9.096830817622283,0.8673385419610338,0.027787122825788733,0.0,0.0,5.824476395458957,False
1782411875.7569962,84.23958587646484,9.10779041692917,0.8684004279404225,0.02778736456013763,0.0,0.0,5.900075944812933,False
1782411875.827018,84.30960774421692,9.121888373236148,0.8697875351791273,0.02778725387773694,0.0,0.0,5.9971938928141695,False
1782411875.9017074,84.38429713249207,9.13598950110557,0.8711987865778494,0.027786805855961234,0.0,0.0,6.09423463126334,False
1782411875.968015,84.45060467720032,9.146957289353672,0.8723129755099946,0.02778642011444369,0.0,0.0,6.169665042728638,False
1782411876.0304117,84.51300144195557,9.157928029639189,0.8734419945987064,0.027786151000270112,0.0,0.0,6.244563796676655,False
1782411876.1057997,84.58838939666748,9.173609270016398,0.8750810487606229,0.027786098236476445,0.0,0.0,6.349682471103736,False
1782411876.1820905,84.66468024253845,9.184589175214576,0.8762463251691054,0.027786271765857837,0.0,0.0,6.422126338419228,False
1782411876.2507446,84.73333430290222,9.198713282099032,0.8777664865250678,0.027786574853966486,0.0,0.0,6.513242458842286,False
1782411876.3198454,84.80243515968323,9.214417043841731,0.87948430309212,0.02778676470382191,0.0,0.0,6.6111287334853515,False
1782411876.3984542,84.88104391098022,9.228554529692246,0.8810551908147887,0.027786696148693342,0.0,0.0,6.696575515071706,False
1782411876.467008,84.94959783554077,9.2411290715024,0.8824714745897032,0.027786477837825486,0.0,0.0,6.76961190727999,False
1782411876.5321298,85.01471948623657,9.252136492041945,0.8837256657955502,0.02778625802108996,0.0,0.0,6.831208962862423,False
1782411876.5988662,85.08145594596863,9.266292834968397,0.885357941799961,0.027786068573892885,0.0,0.0,6.907450926999095,False
1782411876.6579852,85.14057493209839,9.278885176884346,0.8868276599622258,0.027786036070757265,0.0,0.0,6.971586193230336,False
1782411876.7253408,85.20793056488037,9.289200370430562,0.8880404757678533,0.02778774428556756,0.0,0.0,7.024948186798295,False
1782411876.8027737,85.28536343574524,9.298780046315294,0.8891668113015667,0.027794606281800978,0.0,0.0,7.082655361929421,False
1782411876.8714013,85.35399103164673,9.307645483374856,0.8902089219233449,0.027803767761504474,0.0,0.0,7.142809192457655,False
1782411876.962079,85.44466876983643,9.316665738050824,0.8912692873952421,0.02780956206150884,0.0,0.0,7.210581913635595,False
1782411877.0276,85.51018977165222,9.321670385170258,0.891857851357158,0.027808359578973416,0.0,0.0,7.251519151165946,False
1782411877.0976906,85.58028030395508,9.326851892523692,0.8924674906600082,0.027803331636504506,0.0,0.0,7.2963533780026255,False
1782411877.1613424,85.64393210411072,9.332102658617295,0.8930854226122636,0.027796424802765604,0.0,0.0,7.344024645691565,True
1782411877.2319372,85.71452689170837,9.336323961528276,0.8935820623645568,0.027792579785718436,0.0,0.0,7.384318021254476,False
1782411877.3121142,85.7947039604187,9.340181620079917,0.8940356112952044,0.027792730043784478,0.0,0.0,7.423185486288842,False
1782411877.3866916,85.86928129196167,9.344579114069042,0.8945522382533964,0.027797755794333204,0.0,0.0,7.46968242463281,False
1782411877.4608827,85.9434723854065,9.348220491540074,0.8949799819294695,0.027803490044189246,0.0,0.0,7.509379254577403,False
1782411877.5272956,86.00988531112671,9.350890435506983,0.8952938068840159,0.027806304968198182,0.0,0.0,7.5391211375725256,False
1782411877.592951,86.07554078102112,9.353795601199796,0.895635594403873,0.027806348771951955,0.0,0.0,7.57217388648563,False
1782411877.6615744,86.14416408538818,9.356890581806397,0.896000010475395,0.027802671859335857,0.0,0.0,7.6080427883325665,False
1782411877.73562,86.21820974349976,9.359487397598844,0.8963057807239065,0.027798064356709545,0.0,0.0,7.638678638333708,False
1782411877.8012774,86.2838671207428,9.361640299945536,0.8965590980719372,0.027794947792216848,0.0,0.0,7.664692068814389,False
1782411877.8614068,86.34399652481079,9.363971123391416,0.8968330416705695,0.027793994630578304,0.0,0.0,7.693703840828475,False
1782411877.9255447,86.40813446044922,9.36618043183068,0.8970924445702132,0.027796102126819162,0.0,0.0,7.721883564961998,False
1782411877.9987342,86.48132395744324,9.368291926687347,0.8973403261553314,0.02780006747279428,0.0,0.0,7.749148265744877,False
1782411878.0965726,86.57916235923767,9.371073617178174,0.8976672438173784,0.027804778936486318,0.0,0.0,7.785396611585692,False
1782411878.1711686,86.65375828742981,9.373499693139182,0.8979528710909096,0.027805117068363687,0.0,0.0,7.817336867744904,False
1782411878.2740076,86.75659728050232,9.37582261507304,0.8982265537110903,0.0278015198921483,0.0,0.0,7.848178977818018,False
1782411878.3405023,86.82309198379517,9.37759704664575,0.8984354554870231,0.027797729101700825,0.0,0.0,7.872109194805399,False
1782411878.431818,86.91440773010254,9.38011599479979,0.8987314517804719,0.02779487655137862,0.0,0.0,7.907052537759904,False
1782411878.5033984,86.9859881401062,9.381908698721865,0.8989418072823403,0.02779649429356338,0.0,0.0,7.932456133526104,False
1782411878.6027274,87.08531713485718,9.383641682966594,0.8991452405107447,0.027800259261628123,0.0,0.0,7.957137863707272,False
1782411878.6753874,87.15797710418701,9.38551626030683,0.8993656947860552,0.027803994430977627,0.0,0.0,7.983894267389273,False
1782411878.756906,87.23949575424194,9.387519796749928,0.8996017655401154,0.027804365513062767,0.0,0.0,8.012555260257422,False
1782411878.8510427,87.33363246917725,9.389102216034393,0.8997882446359351,0.027801555868426125,0.0,0.0,8.035329646883945,False
1782411878.945175,87.42776465415955,9.39095284075466,0.9000059433217072,0.02779715304849935,0.0,0.0,8.062478105628852,False
1782411879.026268,87.50885772705078,9.392557905236465,0.900194322247203,0.027795487363277176,0.0,0.0,8.086581407028303,False
1782411879.105076,87.58766579627991,9.394107259176662,0.9003760609354073,0.02779734265719921,0.0,0.0,8.110053506390447,False
1782411879.1952753,87.67786502838135,9.395770523307805,0.9005715074202782,0.02780156295408176,0.0,0.0,8.135230319632843,False
1782411879.2615294,87.74411916732788,9.396811532614713,0.9006941071068114,0.027803654789123788,0.0,0.0,8.15096198159333,False
1782411879.33445,87.81703972816467,9.397981446839973,0.9008320417216178,0.027804211127627616,0.0,0.0,8.16863067072614,False
1782411879.4013288,87.88391852378845,9.399263679224138,0.900983169441784,0.02780229659634038,0.0,0.0,8.188094459531982,False
1782411879.4731982,87.95578789710999,9.40050240657952,0.9011288868227284,0.02779897522693806,0.0,0.0,8.20719430505575,False
1782411879.5418043,88.02439403533936,9.401435633611852,0.9012384348519723,0.0277967966970863,0.0,0.0,8.221828237839539,False
1782411879.6201565,88.10274624824524,9.402475338483164,0.901360344144618,0.027795925700420675,0.0,0.0,8.238281551497131,False
1782411879.7069619,88.18955159187317,9.404125335676033,0.9015539966844277,0.027798702007329264,0.0,0.0,8.264398918357003,False
1782411879.7703695,88.25295925140381,9.405001133095306,0.9016570529645267,0.027801220228011563,0.0,0.0,8.278203903840755,False
1782411879.849803,88.33239269256592,9.405991172597199,0.9017737592888642,0.027803405982752064,0.0,0.0,8.293764083280985,False
1782411879.9192662,88.40185594558716,9.407084499494996,0.901902705540214,0.027803721848747597,0.0,0.0,8.310955562807933,False
1782411879.9940066,88.47659635543823,9.408147658836873,0.9020279073386751,0.027801666676501097,0.0,0.0,8.32784063711365,False
1782411880.0559871,88.53857684135437,9.40895108715036,0.9021223018576169,0.027799265346229125,0.0,0.0,8.340799894934625,False
1782411880.1426704,88.6252601146698,9.40995695028696,0.9022402556235198,0.027796783281464604,0.0,0.0,8.357228057782455,False
1782411880.2218792,88.7044689655304,9.410832565608573,0.9023429035809112,0.02779631201691847,0.0,0.0,8.371583944736964,False
1782411880.2982957,88.78088545799255,9.412128279266506,0.9024951324344911,0.027798931906873815,0.0,0.0,8.392733429323158,False
1782411880.3809497,88.86353945732117,9.413302162980271,0.9026334967591072,0.02780239656478987,0.0,0.0,8.41176833872974,False
1782411880.4529078,88.93549752235413,9.414142072743248,0.9027325842147145,0.027803597084278344,0.0,0.0,8.425371395177432,False
1782411880.5309982,89.01358795166016,9.41496394933166,0.9028294185716206,0.02780294619795587,0.0,0.0,8.438780023746219,False
1782411880.6458228,89.12841248512268,9.416448871058579,0.9030037698419912,0.027798581700033197,0.0,0.0,8.463488984106348,False
1782411880.7308059,89.21339559555054,9.417311872960164,0.9031049017979037,0.02779668538116296,0.0,0.0,8.478019130516541,False
1782411880.8132813,89.2958710193634,9.41816426326255,0.9032049364470939,0.02779692916291587,0.0,0.0,8.49232767430965,False
1782411880.8825507,89.36514043807983,9.419105004851978,0.9033156773386778,0.027799432762610383,0.0,0.0,8.508012375888493,False
1782411880.9440148,89.42660450935364,9.419851275598983,0.9034037186440903,0.027801838353523588,0.0,0.0,8.520391271623364,False
1782411881.0332205,89.51581025123596,9.420677747345824,0.903501215458824,0.027803336852871424,0.0,0.0,8.534118973017605,False
1782411881.100859,89.58344864845276,9.421395607179914,0.9035857240574208,0.027802863526059752,0.0,0.0,8.546164842663154,False
1782411881.1716037,89.65419340133667,9.421835359405128,0.9036373761786729,0.027801778745790328,0.0,0.0,8.553629638165678,False
1782411881.233696,89.7162857055664,9.422696754968317,0.9037383510392387,0.02779884225030757,0.0,0.0,8.568400975426057,False
1782411881.3001587,89.78274846076965,9.423542295089325,0.9038374503098445,0.027796851982121146,0.0,0.0,8.582939316408263,False
1782411881.367083,89.84967279434204,9.424297595622168,0.9039262006912633,0.02779717083256002,0.0,0.0,8.595847614128637,False
1782411881.4300623,89.91265201568604,9.424882937804691,0.9039951716032368,0.027798720321656988,0.0,0.0,8.605786913817532,False
1782411881.5011075,89.98369717597961,9.425464777363311,0.904063834913531,0.02780075645704954,0.0,0.0,8.615628502486917,False
1782411881.569243,90.05183267593384,9.42612148283507,0.9041413248866476,0.027802644697897245,0.0,0.0,8.626747381813388,False
1782411881.6463635,90.12895321846008,9.42700287313941,0.9042450650728608,0.027802922116149754,0.0,0.0,8.641838946994852,False
1782411881.709469,90.192058801651,9.427549546673792,0.9043092034564238,0.027801584056539593,0.0,0.0,8.651338620982202,False
1782411881.77696,90.25954961776733,9.428087219419139,0.9043721895026005,0.027799635214946074,0.0,0.0,8.6607481181672,False
1782411881.8606777,90.3432674407959,9.428921757056516,0.9044700144349294,0.027797187561126032,0.0,0.0,8.675343210769256,False
1782411881.927463,90.41005277633667,9.42952578225793,0.9045410307411348,0.02779702505431596,0.0,0.0,8.685831431716379,False
1782411881.996469,90.4790587425232,9.43005308957394,0.9046031923234129,0.027798147503862017,0.0,0.0,8.694929313712857,False
1782411882.0786414,90.56123113632202,9.430800547042953,0.9046914273286037,0.027800819529084603,0.0,0.0,8.707779814041663,False
1782411882.1445894,90.62717914581299,9.431461227546615,0.9047693196705625,0.0278027016088856,0.0,0.0,8.71919687742694,False
1782411882.2063458,90.68893551826477,9.431964390385726,0.9048284742952247,0.027802982349468562,0.0,0.0,8.727994905661342,False
1782411882.286943,90.76953268051147,9.432528183690893,0.9048945811997113,0.027801874387752164,0.0,0.0,8.737965267960037,False
1782411882.3613667,90.8439564704895,9.433152072426388,0.9049676460478705,0.027799550626323638,0.0,0.0,8.749059132105824,False
1782411882.444,90.92658972740173,9.43383962343385,0.9050483082720473,0.02779740181466207,0.0,0.0,8.761236243094748,False
1782411882.5220559,91.0046455860138,9.434388724496502,0.9051129467521069,0.027797126017332696,0.0,0.0,8.770882768400986,False
1782411882.5911086,91.07369828224182,9.435004467024417,0.9051856141720402,0.027798547425615407,0.0,0.0,8.781631146144123,False
1782411882.6577756,91.14036536216736,9.435613326486694,0.9052574830862863,0.027800876598398697,0.0,0.0,8.792256943385574,False
1782411882.7364182,91.21900796890259,9.436210191891307,0.9053277604764866,0.02780261860600705,0.0,0.0,8.802771734195327,False
1782411882.8313081,91.31389784812927,9.436535787404093,0.9053659899176266,0.027802886169439347,0.0,0.0,8.808571788990566,False
