EpochTime(s),TimeFromStart(s),right_prop_rate(rad/s),left_prop_rate(rad/s),LastDT(s),Yaw(rad),North(m),East(m),IMUSensedYawRate(rad/s),IMUIntegratedYaw(rad),IMUSensedTimeStamp(s),ARUCOSensedNorth(m),ARUCOSensedEast(m),ARUCOSensedYaw(rad),ArucoSensedTimeStamp(s),DepthTimeStamp(s),Depth(m),NavigationMode,APFEncounter,APFSide,APFDCPA(m),APFTCPA(s),APFForceX,APFForceY,NearestObstacleNorth(m),NearestObstacleEast(m),NearestObstacleDistance(m),WebotsEnvironment,SwitchCombination,EKFPredictionEnabled,ClusterSizeAPFEnabled,ClassicAPFInfluenceDistance(m)
1782954083.0063343,2.4953129291534424,200.0,200.0,0.2,6.283185305572873,-5.471553848757582e-05,1.0000000007613503,-1.0551871580553896e-12,6.28318530557269,1782954083.0298474,-5.471553848757582e-05,1.0000000007613503,6.283185305572902, 1782954082.949279, 1782954083.0103347,0.9174646914394863,apf_colreg,overtaking,-1.0,1.200052467432884,inf,14.631408706934177,7.303412485757581,1.20003540234059,0.9936001780484478,1.200066417149375,mr_webots_overtaking_large_ship_0_4_m_s.wbt,ekf_on_cluster_off,1,0,5.0
1782954083.0503585,2.539337158203125,200.0,200.0,0.2,6.274642408544081,0.007482797807003144,0.9999374440577343,-2.6894684280736345e-13,6.283185305572651,1782954083.0298474,None,None,None, None, 1782954083.0103347,0.9174646914394863,apf_colreg,overtaking,-1.0,0.01665124750253101,31.837535155461588,14.565775844012444,7.428807222328314,1.20003540234059,0.9936001780484478,1.200066417149375,mr_webots_overtaking_large_ship_0_4_m_s.wbt,ekf_on_cluster_off,1,0,5.0
1782954083.1543245,2.643303155899048,200.0,200.0,0.2,6.2729971287684245,0.022201392661467274,0.9996400593559678,0.07846203263398097,0.007907739566579863,1782954083.1306317,None,None,None, None, 1782954083.1828895,0.9952642940212385,apf_colreg,overtaking,-1.0,0.013376877395864014,16.301747829717467,14.551584108358092,7.454531952898973,1.20003540234059,0.9936001780484478,1.200066417149375,mr_webots_overtaking_large_ship_0_4_m_s.wbt,ekf_on_cluster_off,1,0,5.0
1782954083.2710245,2.760003089904785,200.0,200.0,0.2,6.273144454087931,0.043107654233137394,0.9992056917754117,0.0808343245056791,0.015246228045788564,1782954083.221416,None,None,None, None, 1782954083.1828895,0.9952642940212385,apf_colreg,overtaking,-1.0,0.19693393731301398,17.075568932706723,14.555906877732824,7.472567141952391,1.282253900591226,0.9657500352971472,1.258423208922986,mr_webots_overtaking_large_ship_0_4_m_s.wbt,ekf_on_cluster_off,1,0,5.0
1782954083.3512194,2.840198040008545,200.0,200.0,0.2,6.275422481479062,0.06883011121318464,0.998678798065787,0.09772259384270832,0.027781958500979885,1782954083.3496947,None,None,None, None, 1782954083.2990592,1.0652456399693848,apf_colreg,overtaking,-1.0,0.14980691280369948,12.922505658999938,14.571914471030077,7.442335084400221,1.282253900591226,0.9657500352971472,1.258423208922986,mr_webots_overtaking_large_ship_0_4_m_s.wbt,ekf_on_cluster_off,1,0,5.0
1782954083.466513,2.955491542816162,200.0,200.0,0.2,6.276903263596736,0.09797280102060363,0.9981661633333163,0.0865203370271611,0.03554767890622308,1782954083.4394507,None,None,None, None, 1782954083.3917398,0.9352293004880301,apf_colreg,overtaking,-1.0,0.6464683840055443,19.23196814482122,14.584687102790557,7.4378316165381095,1.3851503930918474,0.9310970203506452,1.3127181913416364,mr_webots_overtaking_large_ship_0_4_m_s.wbt,ekf_on_cluster_off,1,0,5.0
1782954083.5513742,3.0403528213500977,200.0,200.0,0.2,6.278837013349556,0.12936757207063126,0.9976547066466703,0.09227003673572692,0.04543789634768051,1782954083.5466385,None,None,None, None, 1782954083.482026,1.0013960674378266,apf_colreg,overtaking,-1.0,1.322246654983567,5.979458159874395,14.600258407328607,7.420397432392017,1.44886854121781,0.908802490827266,1.3479239814041444,mr_webots_overtaking_large_ship_0_4_m_s.wbt,ekf_on_cluster_off,1,0,5.0
1782954083.6516304,3.1406090259552,200.0,200.0,0.2,6.276629054478937,0.16216659806634415,0.9971877732039891,0.055321058463062976,0.050886058506432845,1782954083.645121,None,None,None, None, 1782954083.5774162,1.0879808509120863,apf_colreg,overtaking,-1.0,1.366468141312344,0.0,14.583882048280156,7.45925430684734,1.5028000373243573,0.8942427580701571,1.366383223798804,mr_webots_overtaking_large_ship_0_4_m_s.wbt,ekf_on_cluster_off,1,0,5.0
1782954083.7516165,3.2405951023101807,200.0,200.0,0.2,6.304772157465402,0.19580634185429638,0.9965861818312058,0.33307926149910827,0.07322894291837785,1782954083.7122009,None,None,None, None, 1782954083.6896691,0.9697954731657986,apf_colreg,overtaking,-1.0,1.4077601011407397,0.0,14.792146694737394,7.055918389750851,1.5760889733462808,0.8706594005500795,1.407519092917847,mr_webots_overtaking_large_ship_0_4_m_s.wbt,ekf_on_cluster_off,1,0,5.0
1782954083.8692882,3.358266830444336,200.0,200.0,0.2,0.029520868172252274,0.22992867453730087,0.9972942293394169,0.07613131669041527,0.08248185769055214,1782954083.8337398,None,None,None, None, 1782954083.8092,1.026448259341111,apf_colreg,overtaking,-1.0,1.4077601011407397,0.0,14.848386858594953,6.934036716161339,1.5760889733462808,0.8706594005500795,1.407519092917847,mr_webots_overtaking_large_ship_0_4_m_s.wbt,ekf_on_cluster_off,1,0,5.0
1782954083.9544683,3.4434468746185303,200.0,200.0,0.2,0.09936097616906125,0.049317239772079774,1.0016856643808363,0.44742424277921833,0.11693753448304137,1782954083.9107487,0.04777068104126031,1.0017113461998315,0.12227492915835825, 1782954083.951467, 1782954083.8923125,0.981304943184613,apf_colreg,overtaking,-1.0,1.47244795482391,0.0,15.305192884689175,5.863713184146832,1.7094849911536019,0.868305024290092,1.4724127299052836,mr_webots_overtaking_large_ship_0_4_m_s.wbt,ekf_on_cluster_off,1,0,5.0
1782954084.054114,3.543092727661133,200.0,200.0,0.2,0.11456801368130404,0.06697218550172165,1.0035682542823066,0.08689984356458777,0.12613163399988817,1782954084.0165498,None,None,None, None, 1782954084.0210636,1.0047405206163558,apf_colreg,overtaking,-1.0,1.47244795482391,0.0,15.39247189421892,5.6191692852760955,1.7094849911536019,0.868305024290092,1.4724127299052836,mr_webots_overtaking_large_ship_0_4_m_s.wbt,ekf_on_cluster_off,1,0,5.0
1782954084.1509607,3.639939308166504,200.0,200.0,0.2,0.1218938824482884,0.09014523089698723,1.0062085656254016,0.08965016438714207,0.13349562395761286,1782954084.0986912,None,None,None, None, 1782954084.1264415,0.9682736490651369,apf_colreg,overtaking,-1.0,1.47244795482391,0.0,15.432585481793689,5.490963653004062,1.6023911963331028,0.9855686542997796,1.5116454036570595,mr_webots_overtaking_large_ship_0_4_m_s.wbt,ekf_on_cluster_off,1,0,5.0
1782954084.2510216,3.7400002479553223,200.0,200.0,0.2,0.12512874579479907,0.11742898696525178,1.0094051478747899,0.08106472600498255,0.14223248857123513,1782954084.2064676,None,None,None, None, 1782954084.2194734,0.9932408253566739,apf_colreg,overtaking,-1.0,1.5115595508216912,0.0,15.450928211763024,5.427913935624415,1.6023911963331028,0.9855686542997796,1.5116454036570595,mr_webots_overtaking_large_ship_0_4_m_s.wbt,ekf_on_cluster_off,1,0,5.0
1782954084.3512356,3.840214252471924,200.0,200.0,0.2,0.1281102320772787,0.14753000985509093,1.0129524956370233,0.09495190135928544,0.14908342596174262,1782954084.2786193,None,None,None, None, 1782954084.2981346,0.912090768493057,apf_colreg,overtaking,-1.0,1.5501854368098387,0.0,15.467109349635074,5.3663655037514655,1.6693780833970213,0.9506049308962604,1.5507099949308663,mr_webots_overtaking_large_ship_0_4_m_s.wbt,ekf_on_cluster_off,1,0,5.0
1782954084.4509625,3.939941167831421,200.0,200.0,0.2,0.16242797920417695,0.17942911528959926,1.0167823280038277,0.3817712624037663,0.2125857534071689,1782954084.4449553,None,None,None, None, 1782954084.3892975,1.0796967219660794,apf_colreg,overtaking,-1.0,1.5670706021177592,0.0,15.64245317573236,4.811656731537637,1.7175354791382123,0.9407565895198848,1.5678080987274514,mr_webots_overtaking_large_ship_0_4_m_s.wbt,ekf_on_cluster_off,1,0,5.0
1782954084.55226,4.04123854637146,200.0,200.0,0.2,0.17342697605679736,0.21218914213571072,1.0222373211055622,0.07815435562206331,0.21807304368696714,1782954084.5151663,None,None,None, None, 1782954084.55226,1.0851209023758057,apf_colreg,overtaking,-1.0,1.6128981071821653,0.0,15.693826175634204,4.612535067569335,1.797535259365914,0.9693359960575563,1.61109134991065,mr_webots_overtaking_large_ship_0_4_m_s.wbt,ekf_on_cluster_off,1,0,5.0
1782954084.6522555,4.1412341594696045,200.0,200.0,0.2,0.18007244219603785,0.2455698705228896,1.0279558231740502,0.08832015018812521,0.22481331576889485,1782954084.5914826,None,None,None, None, 1782954084.6356862,0.97250496732759,apf_colreg,overtaking,-1.0,1.629879923033382,0.0,15.722128175884192,4.476783125459965,1.8490509789158507,0.9799641234619542,1.6270807000335312,mr_webots_overtaking_large_ship_0_4_m_s.wbt,ekf_on_cluster_off,1,0,5.0
1782954084.7513998,4.240378379821777,200.0,200.0,0.2,0.2247302010307003,0.2793111685453635,1.0338640406026243,0.44701680742697036,0.2873548966686805,1782954084.7313914,None,None,None, None, 1782954084.7203734,1.0586937829794532,apf_colreg,overtaking,-1.0,1.6443464023812318,0.0,15.903992462415083,3.736971364053796,1.8985829918749482,0.9852518563295106,1.6408660427818997,mr_webots_overtaking_large_ship_0_4_m_s.wbt,ekf_on_cluster_off,1,0,5.0
1782954084.85114,4.340118646621704,200.0,200.0,0.2,0.23935286212514198,0.31281311236784676,1.0417420664895896,0.08143062719606418,0.2948659295664163,1782954084.8236299,None,None,None, None, 1782954084.8156288,0.927642323077298,apf_colreg,overtaking,-1.0,1.6918466161611434,0.0,15.951935899566493,3.4630536364566074,1.9818581196623695,1.0244752126431826,1.6874539594307147,mr_webots_overtaking_large_ship_0_4_m_s.wbt,ekf_on_cluster_off,1,0,5.0
1782954084.9528484,4.441827058792114,200.0,200.0,0.2,0.24738484872683755,0.34638333074992067,1.0498744080687565,0.08365938438999716,0.3013982885384596,1782954084.9017127,None,None,None, None, 1782954084.9017127,1.0577428775699385,apf_colreg,overtaking,-1.0,1.7086616018935339,0.0,15.972891631578687,3.28964376164094,2.0336576644537567,1.0399406462970506,1.7040144178367036,mr_webots_overtaking_large_ship_0_4_m_s.wbt,ekf_on_cluster_off,1,0,5.0
1782954085.0680022,4.556980848312378,200.0,200.0,0.2,0.25407191820638103,0.12714965899917385,1.0115840633426423,0.08898822418210632,0.3083558825299621,1782954085.0730016,0.12450015430110672,1.0110960409082685,0.2563566871949101, 1782954084.960858, 1782954085.0720034,1.009929324179855,apf_colreg,overtaking,-1.0,1.730013828036711,0.0,16.03208138123213,3.4012239701773153,2.0888410901638244,1.0279771704816596,1.725514577331772,mr_webots_overtaking_large_ship_0_4_m_s.wbt,ekf_on_cluster_off,1,0,5.0
1782954085.1514888,4.640467405319214,200.0,200.0,0.2,0.25326889660427065,0.14106999829074102,1.015083536645945,0.09225150445028626,0.32385367181008334,1782954085.1478932,None,None,None, None, 1782954085.1353748,1.0352026097753073,apf_colreg,overtaking,-1.0,1.7684060514262876,0.0,16.02652160803641,3.397023504228065,1.897254859997776,0.9569914471581746,1.7643316132741644,mr_webots_overtaking_large_ship_0_4_m_s.wbt,ekf_on_cluster_off,1,0,5.0
1782954085.251814,4.740792512893677,200.0,200.0,0.2,0.25256035776058994,0.16106617533412226,1.0200734621872996,0.08291748992361271,0.3292303053515493,1782954085.2127364,None,None,None, None, 1782954085.2127364,1.0240925955360254,apf_colreg,overtaking,-1.0,1.785059749316174,0.0,16.019521993192654,3.381266604605353,1.9312368968690388,0.938173242798652,1.7815774205930195,mr_webots_overtaking_large_ship_0_4_m_s.wbt,ekf_on_cluster_off,1,0,5.0
1782954085.3533635,4.842342138290405,200.0,200.0,0.2,0.3137075335175031,0.18582138859448755,1.0262094633949161,0.6695853868821843,0.37658207822239637,1782954085.2834544,None,None,None, None, 1782954085.369367,0.996129323568695,apf_colreg,overtaking,-1.0,1.8276263866496607,0.0,16.190773645960753,2.362978188017084,2.0143517722361617,1.0194046673459698,1.8224483310274266,mr_webots_overtaking_large_ship_0_4_m_s.wbt,ekf_on_cluster_off,1,0,5.0
1782954085.4515183,4.940496921539307,200.0,200.0,0.2,0.3356288585137157,0.21323371388280765,1.0355198648137462,0.08650083328141842,0.3852685536123459,1782954085.3838751,None,None,None, None, 1782954085.4459906,1.050418482402412,apf_colreg,overtaking,-1.0,1.8276263866496607,0.0,16.226169303043484,1.955194094476476,2.0143517722361617,1.0194046673459698,1.8224483310274266,mr_webots_overtaking_large_ship_0_4_m_s.wbt,ekf_on_cluster_off,1,0,5.0
1782954085.551014,5.039992570877075,200.0,200.0,0.2,0.36757518716641907,0.24270249863014914,1.0458824641809414,0.26805851183954976,0.4281920026133487,1782954085.5440023,None,None,None, None, 1782954085.5440023,1.002015339669035,apf_colreg,overtaking,-1.0,1.8442330843233672,0.0,16.265160645464707,1.3789313151545626,2.0601333581043293,1.0497582666975058,1.8385834685935112,mr_webots_overtaking_large_ship_0_4_m_s.wbt,ekf_on_cluster_off,1,0,5.0
1782954085.6507642,5.139742851257324,200.0,200.0,0.2,0.38064034774594785,0.27311671612468724,1.0577306224286298,0.08600669063978107,0.43461242680755574,1782954085.6186526,None,None,None, None, 1782954085.6186526,1.0890006981379043,apf_colreg,overtaking,-1.0,1.8798825060427509,0.0,16.239970413830548,1.060391921659578,2.1253842678184007,1.0899348443618642,1.8736659928440729,mr_webots_overtaking_large_ship_0_4_m_s.wbt,ekf_on_cluster_off,1,0,5.0
1782954085.7521641,5.241142749786377,200.0,200.0,0.2,0.3876797072796533,0.3042632502906164,1.0700952801584878,0.08364380195150872,0.44110665597957394,1782954085.696294,None,None,None, None, 1782954085.696294,0.9531553039751324,apf_colreg,overtaking,-1.0,1.905260655919616,0.0,16.22985572001156,0.8825283645078796,2.183817188037718,1.0946264769920682,1.8998650770145586,mr_webots_overtaking_large_ship_0_4_m_s.wbt,ekf_on_cluster_off,1,0,5.0
1782954085.8509843,5.339962959289551,200.0,200.0,0.2,0.5339709105841088,0.3358553532044899,1.0827615907193988,1.342260348036672,0.6377108231587602,1782954085.8427665,None,None,None, None, 1782954085.8499107,0.9397656192410105,apf_colreg,overtaking,-1.0,1.9219894969794964,0.0,16.158208124651647,-1.5606908268710127,2.2330013313361246,1.1079700040464606,1.916749661984052,mr_webots_overtaking_large_ship_0_4_m_s.wbt,ekf_on_cluster_off,1,0,5.0
1782954085.9513826,5.440361261367798,-200.0,4.395360619115907,0.2,0.5854217128653916,0.36423439039754024,1.1012191999756578,0.12758402384007406,0.6470329682112228,1782954085.9158332,None,None,None, None, 1782954085.9158332,1.017629233838526,apf_colreg,overtaking,-1.0,1.9661925782628806,0.0,15.592687931810277,-3.11864568329032,2.2840010644475166,1.4088352720604407,1.960492068567512,mr_webots_overtaking_large_ship_0_4_m_s.wbt,ekf_on_cluster_off,1,0,5.0
1782954086.0545495,5.543528079986572,-200.0,132.79313029441207,0.2,0.5427135343947236,0.21184490493156033,1.0340274592731824,0.08535283222959682,0.6536997744494932,1782954085.993942,0.20944501732452947,1.032850779516073,0.4049456513583758, 1782954085.978422, 1782954086.0189972,0.9392996691797239,apf_colreg,overtaking,-1.0,1.9853425940111145,0.0,16.27741477122895,-1.457599373553787,2.322277290316004,1.4913797586525182,1.979172731555243,mr_webots_overtaking_large_ship_0_4_m_s.wbt,ekf_on_cluster_off,1,0,5.0
1782954086.15798,5.646958589553833,-200.0,93.51715744733195,0.2,0.572282170545499,0.24519887054148648,1.0552204274522836,0.04234814033271651,0.6571788652698028,1782954086.1639788,None,None,None, None, 1782954086.1206412,0.9475092093722564,apf_colreg,overtaking,-1.0,2.0174813579397517,0.0,16.168182850747684,-2.067918712668699,2.21440039125945,1.3220463795895419,2.0108180347570506,mr_webots_overtaking_large_ship_0_4_m_s.wbt,ekf_on_cluster_off,1,0,5.0
1782954086.2509155,5.739894151687622,-200.0,60.27196195680983,0.2,0.5904521854177815,0.2868559019720859,1.083114449622804,0.003918769062554941,0.6575232556311842,1782954086.2748022,None,None,None, None, 1782954086.2263904,1.0594462635435367,apf_colreg,overtaking,-1.0,2.038648328106561,0.0,16.051282563464902,-2.514767888438378,2.2671928068282274,1.4000648699385998,2.0318884425138606,mr_webots_overtaking_large_ship_0_4_m_s.wbt,ekf_on_cluster_off,1,0,5.0
1782954086.37795,5.866928577423096,-200.0,-77.49454479007571,0.2,0.6034312142234866,0.3301329534532135,1.1130083108245301,-0.002349872334798383,0.657262834806235,1782954086.394958,None,None,None, None, 1782954086.4019823,1.0916119564195643,apf_colreg,overtaking,-1.0,2.049040859740102,0.0,15.453289701820152,-3.5750956948338164,2.319075492364349,1.4660830233558986,2.0422655709827575,mr_webots_overtaking_large_ship_0_4_m_s.wbt,ekf_on_cluster_off,1,0,5.0
1782954086.4829369,5.9719154834747314,-200.0,-140.60800977925743,0.2,0.6109957898802265,0.3695522378181212,1.1409794663949728,-0.04464413357044939,0.651898582716854,1782954086.394958,None,None,None, None, 1782954086.4019823,1.0916119564195643,apf_colreg,overtaking,-1.0,2.0824593377095484,0.0,15.229507253694576,-3.999934054692825,2.3871574789597654,1.5177891929343896,2.075952055123458,mr_webots_overtaking_large_ship_0_4_m_s.wbt,ekf_on_cluster_off,1,0,5.0
1782954086.5720804,6.06105899810791,-200.0,-188.6927658586278,0.2,0.6199567891611905,0.40549137348618547,1.1668381658022837,-0.021023386590937776,0.6494699360264153,1782954086.5104792,None,None,None, None, 1782954086.5189924,1.0234513390504154,apf_colreg,overtaking,-1.0,2.0824593377095484,0.0,15.004968409210946,-4.426415825408671,2.3871574789597654,1.5177891929343896,2.075952055123458,mr_webots_overtaking_large_ship_0_4_m_s.wbt,ekf_on_cluster_off,1,0,5.0
1782954086.6536834,6.142662048339844,-200.0,-200.0,0.2,0.6284659242449816,0.43788583680643045,1.1906541563318032,-0.03370313901191662,0.6460614408595526,1782954086.611612,None,None,None, None, 1782954086.6106124,1.0462997840782327,apf_colreg,overtaking,-1.0,2.1195926403723555,0.0,14.79756220550177,-4.807379353416007,2.5029611464348585,1.6723256277139673,2.1129205990677424,mr_webots_overtaking_large_ship_0_4_m_s.wbt,ekf_on_cluster_off,1,0,5.0
1782954086.7951,6.284078598022461,-200.0,-200.0,0.2,0.6266851423873069,0.4680362870884399,1.2132367601134144,-0.12702790034085581,0.628926425283393,1782954086.7465038,None,None,None, None, 1782954086.7615669,0.9379052409954768,apf_colreg,overtaking,-1.0,2.1195926403723555,0.0,14.639511646198489,-5.03471365944359,2.5029611464348585,1.6723256277139673,2.1129205990677424,mr_webots_overtaking_large_ship_0_4_m_s.wbt,ekf_on_cluster_off,1,0,5.0
1782954086.8886597,6.377638339996338,200.0,200.0,0.2,0.6113352123092375,0.4972667295183343,1.2348871355418631,-0.21870215346457325,0.6101955315818021,1782954086.8321495,None,None,None, None, 1782954086.8664322,0.9523987111781498,apf_colreg,overtaking,-1.0,2.1678775388251603,0.0,14.562881247649125,-5.049502539285124,2.579004832613803,1.758133958538063,2.1608941008518077,mr_webots_overtaking_large_ship_0_4_m_s.wbt,ekf_on_cluster_off,1,0,5.0
1782954087.0172083,6.5061869621276855,200.0,200.0,0.2,0.5049101346160644,0.31215658349148756,1.0755519540886174,-0.0861930785135118,0.6016836469641081,1782954087.0182078,0.30853675443669504,1.0725239581397898,0.34126629777233575, 1782954086.990871, 1782954087.0041142,1.0669095756720666,apf_colreg,overtaking,-1.0,2.201658619389836,0.0,16.229904425659477,-1.081140379250689,2.6449818130167375,1.7819677654096542,2.194822594211918,mr_webots_overtaking_large_ship_0_4_m_s.wbt,ekf_on_cluster_off,1,0,5.0
1782954087.1054933,6.5944719314575195,200.0,200.0,0.2,0.48183556146327794,0.3197020950757168,1.0795438782532778,-0.034456087844606624,0.5986754722683508,1782954087.1104944,None,None,None, None, 1782954087.1044972,1.0597441673412604,apf_colreg,overtaking,-1.0,2.201658619389836,0.0,16.24102725355612,-0.7271885699960245,2.6449818130167375,1.7819677654096542,2.194822594211918,mr_webots_overtaking_large_ship_0_4_m_s.wbt,ekf_on_cluster_off,1,0,5.0
1782954087.175545,6.664523601531982,200.0,200.0,0.2,0.4655209929246305,0.3337148143044437,1.0865280519771385,0.029727619027207858,0.6014189327609173,1782954087.1956563,None,None,None, None, 1782954087.1044972,1.0597441673412604,apf_colreg,overtaking,-1.0,2.262144225380039,0.0,16.23782065267133,-0.4528458425795989,2.5876932633789504,1.292175085010529,2.2544228100009533,mr_webots_overtaking_large_ship_0_4_m_s.wbt,ekf_on_cluster_off,1,0,5.0
1782954087.25451,6.743488550186157,200.0,200.0,0.2,0.45972994778904136,0.3532586992441271,1.09592193761823,0.09949892006989415,0.6098924522660285,1782954087.1956563,None,None,None, None, 1782954087.2306926,1.0634850211770548,apf_colreg,overtaking,-1.0,2.262144225380039,0.0,16.221049174499846,-0.4071526104290246,2.5876932633789504,1.292175085010529,2.2544228100009533,mr_webots_overtaking_large_ship_0_4_m_s.wbt,ekf_on_cluster_off,1,0,5.0
1782954087.356226,6.845204591751099,200.0,200.0,0.2,0.45508689099149185,0.37697680987830023,1.1072666889446783,0.06990550354986871,0.6192273439389369,1782954087.3291922,None,None,None, None, 1782954087.3411992,0.941107451602441,apf_colreg,overtaking,-1.0,2.2789002447508007,0.0,15.849291193056054,-1.100892809443513,2.630215354219829,1.263773731568354,2.270975879758523,mr_webots_overtaking_large_ship_0_4_m_s.wbt,ekf_on_cluster_off,1,0,5.0
1782954087.4552667,6.944245338439941,-200.0,112.4552555314407,0.2,0.48550731088594296,0.40365930161190844,1.119906023183703,0.3747563013002942,0.661591840168259,1782954087.4422376,None,None,None, None, 1782954087.4637804,1.0803385353150226,apf_colreg,overtaking,-1.0,2.295830474656741,0.0,15.735949917113361,-1.7328561038442354,2.6743286517921048,1.2410096346443775,2.2877195700059985,mr_webots_overtaking_large_ship_0_4_m_s.wbt,ekf_on_cluster_off,1,0,5.0
1782954087.5513332,7.040311813354492,-200.0,72.97651220237684,0.2,0.5024511759936271,0.4439943720659918,1.1417834674069902,0.061245947188760703,0.6667918341361109,1782954087.527141,None,None,None, None, 1782954087.5739067,0.9829340896666173,apf_colreg,overtaking,-1.0,2.3395767586257863,0.0,15.56888186515047,-2.2729874696771635,2.7453681800610195,1.2931302272745706,2.331637436976632,mr_webots_overtaking_large_ship_0_4_m_s.wbt,ekf_on_cluster_off,1,0,5.0
1782954087.6532564,7.142235040664673,-200.0,26.660325201166795,0.2,0.5177829774916409,0.48898542722777927,1.1672558531635138,0.03764967660784447,0.6706800618894657,1782954087.630415,None,None,None, None, 1782954087.6484194,1.0267282317205508,apf_colreg,overtaking,-1.0,2.3395767586257863,0.0,15.373973299004684,-2.8189562038058753,2.7453681800610195,1.2931302272745706,2.331637436976632,mr_webots_overtaking_large_ship_0_4_m_s.wbt,ekf_on_cluster_off,1,0,5.0
1782954087.7535384,7.242516994476318,-200.0,-22.455599950166384,0.2,0.5219697853498992,0.533230468864415,1.193250289840974,-0.065796705102848,0.66614099871598,1782954087.6994011,None,None,None, None, 1782954087.7284718,1.0034022843654864,apf_colreg,overtaking,-1.0,2.3956119918261485,0.0,15.207571558398566,-3.180438758954308,2.890922740874425,1.416639830235211,2.3880222943879246,mr_webots_overtaking_large_ship_0_4_m_s.wbt,ekf_on_cluster_off,1,0,5.0
1782954087.8580897,7.3470683097839355,-200.0,-87.37085712787095,0.2,0.5269352470976104,0.575897040333449,1.2183734632399745,-0.03407593280384251,0.662367228636546,1782954087.810147,None,None,None, None, 1782954087.8236654,0.9319366025192839,apf_colreg,overtaking,-1.0,2.4113194227420913,0.0,15.0391702125372,-3.5454128766548507,2.9524478543112154,1.4486953696023812,2.4031361296961986,mr_webots_overtaking_large_ship_0_4_m_s.wbt,ekf_on_cluster_off,1,0,5.0
1782954087.955032,7.4440107345581055,-200.0,-135.11804639972488,0.2,0.5297675966290657,0.6161753507471647,1.2423763910152827,-0.05496369278868371,0.657528782375567,1782954087.898177,None,None,None, None, 1782954087.9014466,1.0910891825227664,apf_colreg,overtaking,-1.0,2.4338636436024044,0.0,14.883659907669104,-3.8631468801813664,3.013545484697719,1.499560519690069,2.4247616727725285,mr_webots_overtaking_large_ship_0_4_m_s.wbt,ekf_on_cluster_off,1,0,5.0
1782954088.0510345,7.540013074874878,-200.0,131.79171662214586,0.2,0.4726241631096373,0.40621445249643684,1.111872554055604,-0.09777107664269533,0.6498661974644804,1782954088.0570414,0.40354384181989983,1.1102214559530148,0.3710449994836855, 1782954088.005119, 1782954088.0540464,1.0715464107660448,apf_colreg,overtaking,-1.0,2.464882340224025,0.0,15.804785553928872,-1.431954164556239,3.0791860671819413,1.5739123703055786,2.4557051395955387,mr_webots_overtaking_large_ship_0_4_m_s.wbt,ekf_on_cluster_off,1,0,5.0
1782954088.1514187,7.640397310256958,-200.0,125.24023617054459,0.2,0.46685280848969934,0.4374717925410525,1.128004966713804,-0.1097180389342852,0.6328781634243478,1782954088.1313832,None,None,None, None, 1782954088.1313832,1.0328226697676515,apf_colreg,overtaking,-1.0,2.4808698669187517,0.0,15.724340912142777,-1.5314227711014263,2.885806722815868,1.305618801157793,2.4712638857732077,mr_webots_overtaking_large_ship_0_4_m_s.wbt,ekf_on_cluster_off,1,0,5.0
1782954088.2525918,7.741570472717285,-200.0,111.73844669840348,0.2,0.4613276850527947,0.4824451092041997,1.1506883426650347,-0.057767436173642606,0.6280167262828056,1782954088.2155385,None,None,None, None, 1782954088.2215462,1.0858515071137107,apf_colreg,overtaking,-1.0,2.4808698669187517,0.0,15.605347220963683,-1.7293204417593762,2.885806722815868,1.305618801157793,2.4712638857732077,mr_webots_overtaking_large_ship_0_4_m_s.wbt,ekf_on_cluster_off,1,0,5.0
1782954088.351448,7.840426683425903,200.0,200.0,0.2,0.4571212651202821,0.5328965784379278,1.1758246833526762,-0.04756281491853475,0.6236335306798018,1782954088.3076944,None,None,None, None, 1782954088.3234198,1.033795838516546,apf_colreg,overtaking,-1.0,2.510923718901078,0.0,15.476214903162006,-1.9731418934662486,2.9872539450493067,1.3398826277450029,2.5009643407352073,mr_webots_overtaking_large_ship_0_4_m_s.wbt,ekf_on_cluster_off,1,0,5.0
1782954088.4532542,7.942232847213745,200.0,200.0,0.2,0.44356022037674536,0.5726885665468596,1.1949177905555315,-0.04325860309033207,0.6202669475182698,1782954088.385519,None,None,None, None, 1782954088.3970318,1.0347660626034465,apf_colreg,overtaking,-1.0,2.5348801374235035,0.0,15.405830174211246,-1.9889511108646962,3.0649663246548986,1.3858457871591001,2.5256048184932047,mr_webots_overtaking_large_ship_0_4_m_s.wbt,ekf_on_cluster_off,1,0,5.0
1782954088.5536683,8.042646884918213,200.0,200.0,0.2,0.42869111985679664,0.6086647971549501,1.2113439268018995,-0.012010535733316365,0.619321339581411,1782954088.5576668,None,None,None, None, 1782954088.5566676,1.0543211975294235,apf_colreg,overtaking,-1.0,2.549571119485549,0.0,15.352759892981922,-1.9582843196912698,3.1224800072034795,1.366812136914103,2.54018006590641,mr_webots_overtaking_large_ship_0_4_m_s.wbt,ekf_on_cluster_off,1,0,5.0
1782954088.6518176,8.140796184539795,200.0,200.0,0.2,0.42257446584518654,0.6428877869095704,1.2262908054181465,0.07767188188181932,0.6325279913401972,1782954088.6342819,None,None,None, None, 1782954088.6342819,1.0441296317150086,apf_colreg,overtaking,-1.0,2.5893052788649644,0.0,15.292032403579668,-2.0457394539728453,3.2027627979160194,1.3148938199899758,2.5789184682655963,mr_webots_overtaking_large_ship_0_4_m_s.wbt,ekf_on_cluster_off,1,0,5.0
1782954088.7514656,8.24044418334961,-200.0,77.44229673586092,0.2,0.41877509285479564,0.6761093305209868,1.2406671467318604,0.07571747641121834,0.6385571857445064,1782954088.7139094,None,None,None, None, 1782954088.7139094,0.9810698926890785,apf_colreg,overtaking,-1.0,2.605083472248293,0.0,15.229446734850548,-2.1649301516996005,3.255587590277968,1.286862308204571,2.5944600038449392,mr_webots_overtaking_large_ship_0_4_m_s.wbt,ekf_on_cluster_off,1,0,5.0
1782954088.8506575,8.339636087417603,-200.0,55.04763520051133,0.2,0.4207661659154062,0.7193275666088397,1.2598794425766755,0.021194160652508755,0.6405316218223874,1782954088.8070688,None,None,None, None, 1782954088.8085754,0.9487608833805173,apf_colreg,overtaking,-1.0,2.6461976448040065,0.0,15.129309973215218,-2.435205004312583,3.3322429051366123,1.2330760689063835,2.6348869336782776,mr_webots_overtaking_large_ship_0_4_m_s.wbt,ekf_on_cluster_off,1,0,5.0
1782954088.9697356,8.458714246749878,-200.0,24.358609650338547,0.2,0.42619478056814725,0.76596041641755,1.2810356838066825,0.008601315987650576,0.6411952429762627,1782954088.973247,None,None,None, None, 1782954088.8842223,1.0355814642470182,apf_colreg,overtaking,-1.0,2.6612022930739463,0.0,15.01055041388388,-2.77867210475726,3.3960413766864597,1.2687467637466165,2.6499866054940733,mr_webots_overtaking_large_ship_0_4_m_s.wbt,ekf_on_cluster_off,1,0,5.0
1782954089.05534,8.544318675994873,-200.0,161.3558270788345,0.2,0.4082975161078727,0.5096746214917671,1.1512421327168763,-0.04981538150804362,0.6333703054678624,1782954089.041301,0.5057758233480988,1.1492929588054872,0.371723725735964, 1782954089.018272, 1782954088.9932525,1.0405864534708547,apf_colreg,overtaking,-1.0,2.676347280812286,0.0,15.678158295471963,-0.8950271339470941,3.455712588295049,1.307030256192629,2.66489794583817,mr_webots_overtaking_large_ship_0_4_m_s.wbt,ekf_on_cluster_off,1,0,5.0
1782954089.1515589,8.64053750038147,-200.0,150.32357383001946,0.2,0.40905816837260506,0.5438929972528674,1.1661977527279594,-0.036442623850084295,0.6307128888983501,1782954089.1142216,None,None,None, None, 1782954089.1487837,1.0060006766729528,apf_colreg,overtaking,-1.0,2.7148414547162645,0.0,15.60311021413218,-1.0956996891087254,3.2293137864946093,1.1393536244374647,2.7026735743533465,mr_webots_overtaking_large_ship_0_4_m_s.wbt,ekf_on_cluster_off,1,0,5.0
1782954089.2504606,8.739439249038696,-200.0,135.59513890355288,0.2,0.40745832228111867,0.5931943660485199,1.1877104789062631,-0.03937829067836313,0.627554150818358,1782954089.1944368,None,None,None, None, 1782954089.2218344,1.0987331244091145,apf_colreg,overtaking,-1.0,2.726804243270274,0.0,15.50035249294252,-1.3418491533134302,3.286870954661501,1.1722320250936804,2.714663322019593,mr_webots_overtaking_large_ship_0_4_m_s.wbt,ekf_on_cluster_off,1,0,5.0
1782954089.3532891,8.842267751693726,-200.0,118.50812429864067,0.2,0.40542402185357024,0.6478433317034256,1.2114294876017304,-0.037033206670690905,0.6245338675868493,1782954089.3572946,None,None,None, None, 1782954089.2920187,1.013925443407667,apf_colreg,overtaking,-1.0,2.764729681651293,0.0,15.392410761756718,-1.6035073949560177,3.413161682706419,1.2303414968274458,2.7519608479226307,mr_webots_overtaking_large_ship_0_4_m_s.wbt,ekf_on_cluster_off,1,0,5.0
1782954089.4583604,8.947339057922363,-200.0,100.13325957273267,0.2,0.40318957348815143,0.702757686295751,1.2351595460123832,-0.04082820334502021,0.6174768143260326,1782954089.4488404,None,None,None, None, 1782954089.476875,0.9098395336899471,apf_colreg,overtaking,-1.0,2.7781395493237806,0.0,15.285972835664086,-1.8621493011831394,3.48279528535326,1.263884264060664,2.765683604693852,mr_webots_overtaking_large_ship_0_4_m_s.wbt,ekf_on_cluster_off,1,0,5.0
1782954089.5510585,9.040037155151367,-200.0,80.51861594553297,0.2,0.40110027459781256,0.7564365027016655,1.258252289541641,-0.04333336379741673,0.6135733439266454,1782954089.5389204,None,None,None, None, 1782954089.5540636,1.0670212205684133,apf_colreg,overtaking,-1.0,2.7781395493237806,0.0,15.181870263342796,-2.1175581036644084,3.48279528535326,1.263884264060664,2.765683604693852,mr_webots_overtaking_large_ship_0_4_m_s.wbt,ekf_on_cluster_off,1,0,5.0
1782954089.651741,9.140719652175903,200.0,200.0,0.2,0.39834762411336255,0.808508198873024,1.2805705317749636,-0.05436167094717424,0.6093721160437393,1782954089.6162033,None,None,None, None, 1782954089.6287162,1.0129556240923878,apf_colreg,overtaking,-1.0,2.7978703331853856,0.0,15.086264626115247,-2.351221857471004,3.5587389519536745,1.297974839235528,2.7856078579441617,mr_webots_overtaking_large_ship_0_4_m_s.wbt,ekf_on_cluster_off,1,0,5.0
1782954089.7515776,9.240556240081787,200.0,200.0,0.2,0.3865615007344872,0.8494101897236165,1.2973778745206723,-0.03907271425602384,0.6062023692269243,1782954089.6973276,None,None,None, None, 1782954089.7068467,0.9211591302549804,apf_colreg,overtaking,-1.0,2.8281577969779765,0.0,15.041022619812557,-2.3778528083159935,3.644505180424745,1.329721315317969,2.8165508333312546,mr_webots_overtaking_large_ship_0_4_m_s.wbt,ekf_on_cluster_off,1,0,5.0
1782954089.855166,9.344144582748413,200.0,200.0,0.2,0.40096339652428437,0.886287370704173,1.3117732297607292,0.23761347713584155,0.6403543099057597,1782954089.8410566,None,None,None, None, 1782954089.8601665,0.9288191455493547,apf_colreg,overtaking,-1.0,2.842066629214182,0.0,14.94018673918102,-2.770500226076126,3.6996273697183533,1.3218371283333823,2.8313184814536445,mr_webots_overtaking_large_ship_0_4_m_s.wbt,ekf_on_cluster_off,1,0,5.0
1782954089.9507635,9.439742088317871,200.0,200.0,0.2,0.3994306737145011,0.9207909635249152,1.3261427709206348,0.03494820911038221,0.6438735327974843,1782954089.9417548,None,None,None, None, 1782954089.9417548,1.0068101834612824,apf_colreg,overtaking,-1.0,2.882171785194643,0.0,14.876874084594682,-2.9283178819190026,3.7766525659232477,1.3554649736390805,2.86930441485847,mr_webots_overtaking_large_ship_0_4_m_s.wbt,ekf_on_cluster_off,1,0,5.0
1782954090.0504732,9.539451837539673,-200.0,154.5598692935475,0.2,0.3789688795786487,0.6351596993676301,1.1973053283406772,0.08570255153602888,0.6505294248930257,1782954090.0194175,0.6309454954687075,1.1954225962279355,0.338300906288179, 1782954090.031932, 1782954090.0204198,0.9459143326364431,apf_colreg,overtaking,-1.0,2.8964359434052436,0.0,15.497004020135446,-1.011641943990596,3.8274777618338,1.3270703564568032,2.882186106999312,mr_webots_overtaking_large_ship_0_4_m_s.wbt,ekf_on_cluster_off,1,0,5.0
1782954090.151292,9.640270709991455,-200.0,137.06161875072627,0.2,0.3923287584719572,0.6550939596694132,1.2052344898403184,0.1510615107772289,0.6637103692089854,1782954090.106673,None,None,None, None, 1782954090.1192243,1.0395303271872163,apf_colreg,overtaking,-1.0,2.9301530595130525,0.0,15.446853331276767,-1.312898432311309,3.5625091067631756,1.0989397813824662,2.9161766660914696,mr_webots_overtaking_large_ship_0_4_m_s.wbt,ekf_on_cluster_off,1,0,5.0
1782954090.2522616,9.74124026298523,-200.0,113.01660300652071,0.2,0.40285209209898476,0.694222879254173,1.2218026531349144,0.023673314495832782,0.6660592250717561,1782954090.2058926,None,None,None, None, 1782954090.196875,0.9788090466305887,apf_colreg,overtaking,-1.0,2.9471016440337117,0.0,15.35446339471736,-1.6824688824170204,3.6093442448975845,1.1349156375797216,2.9321444210594723,mr_webots_overtaking_large_ship_0_4_m_s.wbt,ekf_on_cluster_off,1,0,5.0
1782954090.3511188,9.840097427368164,-200.0,82.05462172813856,0.2,0.41300523713763315,0.742921937677283,1.2430403666588195,0.021656574129770643,0.667746461785668,1782954090.2838013,None,None,None, None, 1782954090.3591533,0.9868472175989338,apf_colreg,overtaking,-1.0,2.9626329553017796,0.0,15.233134442617754,-2.104226528815773,3.672385036847248,1.1840034085817581,2.947829479232157,mr_webots_overtaking_large_ship_0_4_m_s.wbt,ekf_on_cluster_off,1,0,5.0
1782954090.474308,9.963286638259888,-200.0,52.728889458834644,0.2,0.4178240599011655,0.7932029068299887,1.2656301373277685,-0.03237635701901267,0.6642698064646473,1782954090.4783082,None,None,None, None, 1782954090.4612849,0.9724066200214007,apf_colreg,overtaking,-1.0,2.988721290953477,0.0,15.109192550820826,-2.4604573983569527,3.755530858405454,1.2412466052692843,2.973410443105321,mr_webots_overtaking_large_ship_0_4_m_s.wbt,ekf_on_cluster_off,1,0,5.0
1782954090.611711,10.10068964958191,-200.0,23.430781848190694,0.2,0.4215450370720515,0.8422872430102993,1.28790530911211,-0.031914807995931355,0.6614892496364533,1782954090.61571,None,None,None, None, 1782954090.5892034,1.0310935907076495,apf_colreg,overtaking,-1.0,3.0234946614859473,0.0,14.995616234143025,-2.786484441238273,3.8386314000446817,1.3048702729828683,3.0080208558413806,mr_webots_overtaking_large_ship_0_4_m_s.wbt,ekf_on_cluster_off,1,0,5.0
1782954090.673793,10.162771701812744,-200.0,-17.33028300455336,0.2,0.42357793067622934,0.8895075459528755,1.3095488385876415,-0.04619825802884012,0.6551415249380741,1782954090.61571,None,None,None, None, 1782954090.6783075,1.040863724987149,apf_colreg,overtaking,-1.0,3.0234946614859473,0.0,14.883001369130763,-3.0841973011495254,3.8386314000446817,1.3048702729828683,3.0080208558413806,mr_webots_overtaking_large_ship_0_4_m_s.wbt,ekf_on_cluster_off,1,0,5.0
1782954090.7627888,10.25176739692688,-200.0,-73.70327008987805,0.2,0.4269835031923621,0.9348060846258052,1.3304204999008786,-0.03302129803110658,0.6516864595043956,1782954090.7203414,None,None,None, None, 1782954090.7511196,0.9970941242784099,apf_colreg,overtaking,-1.0,3.0234946614859473,0.0,14.768470034196664,-3.3923039022211245,3.992723992434899,1.4322216633438805,3.042191618990736,mr_webots_overtaking_large_ship_0_4_m_s.wbt,ekf_on_cluster_off,1,0,5.0
1782954090.8539352,10.34291386604309,-200.0,-78.36613175425812,0.2,0.4117978661388716,0.9778633491191348,1.3504950627019623,-0.20535002424115986,0.6343968881570227,1782954090.804537,None,None,None, None, 1782954090.835893,1.093347699122814,apf_colreg,overtaking,-1.0,3.056966602096354,0.0,14.725997387789814,-3.412464750039806,3.992723992434899,1.4322216633438805,3.042191618990736,mr_webots_overtaking_large_ship_0_4_m_s.wbt,ekf_on_cluster_off,1,0,5.0
1782954090.951374,10.44035267829895,-200.0,-103.64000784793951,0.2,0.406490031755414,1.0203478394510745,1.369200272008344,-0.06932146447470001,0.6280973558698089,1782954090.955383,None,None,None, None, 1782954090.9078097,0.9140220471078987,apf_colreg,overtaking,-1.0,3.056966602096354,0.0,14.655898441862028,-3.5663101995747812,3.992723992434899,1.4322216633438805,3.042191618990736,mr_webots_overtaking_large_ship_0_4_m_s.wbt,ekf_on_cluster_off,1,0,5.0
1782954091.0603588,10.549337387084961,-200.0,134.60895718126966,0.2,0.36444203039181194,0.7605311271097172,1.2421952099008358,-0.06331900897296246,0.6186718707618417,1782954091.0442684,0.7565545075758944,1.2402796469694124,0.2886280864505695, 1782954091.033241, 1782954091.0643666,1.0212003942938013,apf_colreg,overtaking,-1.0,3.1138271638923944,0.0,15.326688444866328,-1.3429491952430963,4.139652400075608,1.4781186073822743,3.102519200436241,mr_webots_overtaking_large_ship_0_4_m_s.wbt,ekf_on_cluster_off,1,0,5.0
1782954091.1645806,10.65355920791626,-200.0,127.65497997258522,0.2,0.36274163072601884,0.788449728050979,1.2529258227188844,-0.048421098281145034,0.6142282813273621,1782954091.136038,None,None,None, None, 1782954091.1350393,1.0832343800088415,apf_colreg,overtaking,-1.0,3.1452109342893713,0.0,15.284310525045878,-1.4506637885966809,3.90648812227814,1.2718094072249058,3.127576722285656,mr_webots_overtaking_large_ship_0_4_m_s.wbt,ekf_on_cluster_off,1,0,5.0
1782954091.2554116,10.74439024925232,-200.0,142.45777101893663,0.2,0.332743735537842,0.8327685050324889,1.2698470149226253,-0.3167389659204378,0.5907514239795854,1782954091.2101586,None,None,None, None, 1782954091.2153423,1.083835344362027,apf_colreg,overtaking,-1.0,3.1452109342893713,0.0,15.256633933409564,-1.2068674499710665,3.90648812227814,1.2718094072249058,3.127576722285656,mr_webots_overtaking_large_ship_0_4_m_s.wbt,ekf_on_cluster_off,1,0,5.0
1782954091.3715644,10.860543012619019,-200.0,161.08854391078538,0.2,0.2951600213715398,0.8876140159576098,1.2882113699264903,-0.2684441497211277,0.5686845973324707,1782954091.2923613,None,None,None, None, 1782954091.304879,1.019159316613185,apf_colreg,overtaking,-1.0,3.1869654597780475,0.0,15.228868386254803,-0.8743844526022073,4.030103645293316,1.2363452166789626,3.1744127104747575,mr_webots_overtaking_large_ship_0_4_m_s.wbt,ekf_on_cluster_off,1,0,5.0
1782954091.4505696,10.939548254013062,-200.0,163.49626895072575,0.2,0.27716143254589864,0.9482849312459644,1.305699288559817,-0.0443370878977134,0.5636246160133946,1782954091.4064865,None,None,None, None, 1782954091.4084864,1.0585940309523323,apf_colreg,overtaking,-1.0,3.2001631048820722,0.0,15.187852628976849,-0.8267443866330453,4.095850072094353,1.1487473152054903,3.1868390672873,mr_webots_overtaking_large_ship_0_4_m_s.wbt,ekf_on_cluster_off,1,0,5.0
1782954091.5516438,11.040622472763062,-200.0,167.67297843425976,0.2,0.2571217952696574,1.010651639857559,1.3228942945690303,-0.1152065130427815,0.5538472749346997,1782954091.4913545,None,None,None, None, 1782954091.4993541,1.0012734357991844,apf_colreg,overtaking,-1.0,3.219308263189127,0.0,15.152994333730048,-0.7447449516567559,4.182268024725457,1.129227711890842,3.205888991028983,mr_webots_overtaking_large_ship_0_4_m_s.wbt,ekf_on_cluster_off,1,0,5.0
1782954091.6537354,11.142714023590088,-200.0,164.91618730243047,0.2,0.24682186168687126,1.074048880017303,1.3390395208016566,-0.031155740981753728,0.5514331177142662,1782954091.6577356,None,None,None, None, 1782954091.580857,0.972916304619071,apf_colreg,overtaking,-1.0,3.2499350698051557,0.0,15.117653760462652,-0.7960066818673406,4.281826462825247,1.0920658757805757,3.2357455689623724,mr_webots_overtaking_large_ship_0_4_m_s.wbt,ekf_on_cluster_off,1,0,5.0
1782954091.751345,11.240323543548584,-200.0,160.09414840764677,0.2,0.23912918250977316,1.1374340613582101,1.3547375378966393,-0.03692123910648736,0.5452947067863494,1782954091.7350981,None,None,None, None, 1782954091.7350981,1.007368980056742,apf_colreg,overtaking,-1.0,3.2636697084971256,0.0,15.08269888099317,-0.8843646946094212,4.391869770473176,1.08499770933733,3.2486704383807514,mr_webots_overtaking_large_ship_0_4_m_s.wbt,ekf_on_cluster_off,1,0,5.0
1782954091.8518846,11.340863227844238,-200.0,152.44257630412164,0.2,0.234924090984326,1.200436194313442,1.3699549585332225,-0.02081261384913287,0.5429372263583052,1782954091.8483698,None,None,None, None, 1782954091.8483698,1.0948854831469694,apf_colreg,overtaking,-1.0,3.2636697084971256,0.0,15.047788459814878,-1.0197185216197218,4.482374727088301,1.1215248961139677,3.274488314386968,mr_webots_overtaking_large_ship_0_4_m_s.wbt,ekf_on_cluster_off,1,0,5.0
1782954091.9512024,11.440181016921997,-200.0,145.5284486322808,0.2,0.229878263825917,1.262677018487551,1.3848394744416908,-0.043060878554767784,0.538918481788709,1782954091.941697,None,None,None, None, 1782954091.940691,1.067295491951086,apf_colreg,overtaking,-1.0,3.2891769728235727,0.0,15.017033692382785,-1.1365038673573284,4.482374727088301,1.1215248961139677,3.274488314386968,mr_webots_overtaking_large_ship_0_4_m_s.wbt,ekf_on_cluster_off,1,0,5.0
1782954092.051476,11.540454626083374,-186.02610628946138,200.0,0.2,0.22414668634324417,0.884473517303705,1.2767045978875107,-0.043060878554767784,0.5303063060777555,1782954092.0582385,0.878665952075574,1.2750861359202346,0.22222465010711193, 1782954092.034453, 1782954091.940691,1.067295491951086,apf_colreg,overtaking,-1.0,3.3097218135016093,0.0,15.28168586884114,0.36437139459284307,4.579186305079499,1.1373220626460319,3.294899770422595,mr_webots_overtaking_large_ship_0_4_m_s.wbt,ekf_on_cluster_off,1,0,5.0
1782954092.15307,11.642048597335815,-187.89686514629486,200.0,0.2,0.21982329612292337,0.9219831939389636,1.2851688011623565,-0.02104257710242867,0.5261133271211911,1782954092.1409585,None,None,None, None, 1782954092.1560705,0.9989731958375164,apf_colreg,overtaking,-1.0,3.33752921596297,0.0,15.260015488467449,0.3209465795210713,4.215199507830758,1.0228339921478984,3.322564088796992,mr_webots_overtaking_large_ship_0_4_m_s.wbt,ekf_on_cluster_off,1,0,5.0
1782954092.2509646,11.739943265914917,-192.21616762625484,200.0,0.2,0.21554604932290236,0.9787634089073087,1.2977056485362901,-0.0177032754311647,0.5246975053994871,1782954092.2209337,None,None,None, None, 1782954092.1560705,0.9989731958375164,apf_colreg,overtaking,-1.0,3.356119621680922,0.0,15.228633357412157,0.21829573140102276,4.2813076762416395,1.0347903020169402,3.342187430721525,mr_webots_overtaking_large_ship_0_4_m_s.wbt,ekf_on_cluster_off,1,0,5.0
1782954092.3516665,11.84064507484436,-197.16473341886345,200.0,0.2,0.21151037965523173,1.0437306876673134,1.311768780196406,-0.01707868371582713,0.5234940096597647,1782954092.354674,None,None,None, None, 1782954092.3241343,1.0145686966772771,apf_colreg,overtaking,-1.0,4.888650082406608,0.0,15.196242949846901,0.09519424651930475,4.357521242171055,1.033361084954138,3.352725185585868,mr_webots_overtaking_large_ship_0_4_m_s.wbt,ekf_on_cluster_off,1,0,5.0
1782954092.4514177,11.940396308898926,-200.0,199.04588868982947,0.2,0.20852945433055856,1.1111092679822012,1.32609059622472,-0.010116000331732674,0.5219615080998431,1782954092.4428942,None,None,None, None, 1782954092.4013476,1.0294849672463255,apf_colreg,overtaking,-1.0,4.803803611353553,0.0,15.164983200007704,-0.04655796676300383,4.4599247046969355,1.0318753833358463,3.385525481131563,mr_webots_overtaking_large_ship_0_4_m_s.wbt,ekf_on_cluster_off,1,0,5.0
1782954092.5510519,12.040030479431152,-200.0,192.82989627430993,0.2,0.20646200561337164,1.1790979156433323,1.3403726862232332,-0.006825976694944284,0.5214897344977943,1782954092.5120087,None,None,None, None, 1782954092.5440419,1.0565016576021886,apf_colreg,overtaking,-1.0,4.824867325516223,0.0,15.1345246748431,-0.2021667357913044,4.543010116006898,1.0367574430100086,3.3974478657695153,mr_webots_overtaking_large_ship_0_4_m_s.wbt,ekf_on_cluster_off,1,0,5.0
1782954092.6512978,12.140276432037354,-200.0,185.6914423668553,0.2,0.20518451823486178,1.2465174696936128,1.3544390504734736,-0.005335395260022332,0.5210640748488765,1782954092.591789,None,None,None, None, 1782954092.6257372,1.0802082576092158,apf_colreg,overtaking,-1.0,4.729529674164188,0.0,15.104565512353762,-0.3676658444469103,4.543010116006898,1.0367574430100086,3.3974478657695153,mr_webots_overtaking_large_ship_0_4_m_s.wbt,ekf_on_cluster_off,1,0,5.0
1782954092.751256,12.240234613418579,-200.0,178.17664049279546,0.2,0.20392763996287896,1.3131108875788218,1.3682980277367698,-0.011723272442965501,0.5193008676218817,1782954092.7421913,None,None,None, None, 1782954092.7101645,0.9548009865221168,apf_colreg,overtaking,-1.0,3.4429503851396768,0.0,15.076316366752643,-0.5296358191928396,4.67808373878603,1.0493783159922914,3.4280000456186026,mr_webots_overtaking_large_ship_0_4_m_s.wbt,ekf_on_cluster_off,1,0,5.0
1782954092.8516054,12.34058403968811,-200.0,170.2397548759044,0.2,0.20273496345904385,1.3788214676675707,1.3819112318041675,-0.013233187382707583,0.5184707424889748,1782954092.8049219,None,None,None, None, 1782954092.8536115,1.0122698548623414,apf_colreg,overtaking,-1.0,3.455085343022624,0.0,15.048830108289266,-0.689587068981858,4.759242630270052,1.058195843117901,3.4399861737020365,mr_webots_overtaking_large_ship_0_4_m_s.wbt,ekf_on_cluster_off,1,0,5.0
1782954092.9505854,12.439563989639282,-200.0,162.45535356792428,0.2,0.20095850525818282,1.4436056475138166,1.3952826279474806,-0.021824438142702993,0.5154338167742168,1782954092.9440744,None,None,None, None, 1782954092.9161916,1.0649652472175901,apf_colreg,overtaking,-1.0,3.475635219166872,0.0,15.022989066758912,-0.8372207524631365,4.846994005318737,1.085645816231492,3.457337483493804,mr_webots_overtaking_large_ship_0_4_m_s.wbt,ekf_on_cluster_off,1,0,5.0
1782954093.051011,12.539989709854126,-200.0,154.72986870413078,0.2,0.19886644125762803,1.5074935473315456,1.408362524597436,-0.025926497667950774,0.5138291298652332,1782954093.005968,None,None,None, None, 1782954093.0530229,1.0110742842565792,apf_colreg,overtaking,-1.0,3.498202201866713,0.0,14.998724556907266,-0.9761013398303717,4.938639838817307,1.0910830950504258,3.4840848099150468,mr_webots_overtaking_large_ship_0_4_m_s.wbt,ekf_on_cluster_off,1,0,5.0
1782954093.151337,12.640315532684326,-181.83096079761359,200.0,0.2,0.18695396587479202,1.050415459812697,1.3131341374117291,-0.1503317056792213,0.4949281697374033,1782954093.1316965,1.044934976112179,1.311996029175761,0.1946318092013728, 1782954093.051011, 1782954093.1296973,1.0842105179156858,apf_colreg,overtaking,-1.0,3.511236730710772,0.0,15.18939676391968,0.4552694457635127,5.017437064024496,1.0958479560182266,3.496881493209551,mr_webots_overtaking_large_ship_0_4_m_s.wbt,ekf_on_cluster_off,1,0,5.0
1782954093.2539158,12.742894411087036,-178.98669263992522,200.0,0.2,0.17755927309699573,1.0851121031920408,1.319476429683484,-0.02944166390915751,0.4925028831350843,1782954093.2140725,None,None,None, None, 1782954093.210072,1.0814421776781649,apf_colreg,overtaking,-1.0,3.538423455201112,0.0,15.173185954406861,0.5158996737086783,4.575201006691581,0.9852215547049633,3.5269829097753163,mr_webots_overtaking_large_ship_0_4_m_s.wbt,ekf_on_cluster_off,1,0,5.0
1782954093.3510764,12.840054988861084,-179.35839094811988,200.0,0.2,0.1696850383308548,1.1397781487026992,1.328987229191899,-0.02588765086296458,0.4905771209982901,1782954093.2884617,None,None,None, None, 1782954093.289463,0.9855899588684618,apf_colreg,overtaking,-1.0,3.553600126007908,0.0,15.15196477096936,0.5072860058931319,4.629746350522206,0.9580703720332872,3.5420203700874042,mr_webots_overtaking_large_ship_0_4_m_s.wbt,ekf_on_cluster_off,1,0,5.0
1782954093.4515371,12.940515756607056,-182.07920411177162,200.0,0.2,0.16433544826287275,1.203228808137506,1.3395523981038533,-0.008977183801275393,0.4892166411454643,1782954093.4400103,None,None,None, None, 1782954093.4254997,0.9568605513724138,apf_colreg,overtaking,-1.0,5.218772637181322,0.0,15.131976159698489,0.4481573586199801,4.717725227082446,0.9585118726401685,3.5709050987699054,mr_webots_overtaking_large_ship_0_4_m_s.wbt,ekf_on_cluster_off,1,0,5.0
1782954093.5505147,13.039493322372437,-185.70400200584544,200.0,0.2,0.16035088698820227,1.2692244513907647,1.3502544506329102,-0.006849786986128215,0.4887104240300406,1782954093.513913,None,None,None, None, 1782954093.502381,0.9804779682365949,apf_colreg,overtaking,-1.0,3.5234849515118865,4.520265540699788,15.113689661950467,0.36760606752840363,4.801494028880987,0.9502951628714946,3.586703442097615,mr_webots_overtaking_large_ship_0_4_m_s.wbt,ekf_on_cluster_off,1,0,5.0
1782954093.652734,13.141712665557861,-189.99031743550367,200.0,0.2,0.15760551588754654,1.3360918969777806,1.3608809317166806,-0.002735984423218007,0.48835940127494815,1782954093.6422114,None,None,None, None, 1782954093.6422114,1.010829728112601,apf_colreg,overtaking,-1.0,3.50493085165444,5.28690168431989,15.096765650629067,0.26907132238792997,4.882689287105309,0.9469484463010189,3.598781540982877,mr_webots_overtaking_large_ship_0_4_m_s.wbt,ekf_on_cluster_off,1,0,5.0
1782954093.7522135,13.241192102432251,-194.92911944965263,200.0,0.2,0.15623808758409752,1.40357038744492,1.3714680675228106,0.003274629412030088,0.4886184740798002,1782954093.7213266,None,None,None, None, 1782954093.722325,1.0764307160964923,apf_colreg,overtaking,-1.0,5.072832710551101,2.061653002627393,15.080977614995206,0.15031185736904007,5.016172325438565,0.9517795936272724,3.6291811960893465,mr_webots_overtaking_large_ship_0_4_m_s.wbt,ekf_on_cluster_off,1,0,5.0
1782954093.8515875,13.340566158294678,-200.0,200.0,0.2,0.15573214437032293,1.4716758869283408,1.3821175790936593,0.004213661305746892,0.48895315156798336,1782954093.8007534,None,None,None, None, 1782954093.801752,1.076494531773761,apf_colreg,overtaking,-1.0,5.211869097237014,0.0,15.065239649048998,0.017272611237979518,5.06430155973134,0.9525212131509139,3.640784235608007,mr_webots_overtaking_large_ship_0_4_m_s.wbt,ekf_on_cluster_off,1,0,5.0
1782954093.9507723,13.439750909805298,-200.0,194.48428362289874,0.2,0.15810537937398145,1.540423817862882,1.392880984830029,0.024261307586027382,0.49250761512801405,1782954093.9472609,None,None,None, None, 1782954093.9432619,0.9188124608665199,apf_colreg,overtaking,-1.0,5.112325540548226,0.0,15.048906515499521,-0.160907021335972,5.1961877412636435,0.9761081279347031,3.6669680033534826,mr_webots_overtaking_large_ship_0_4_m_s.wbt,ekf_on_cluster_off,1,0,5.0
1782954094.0556417,13.544620275497437,-200.0,187.55494665830744,0.2,0.15938619389437933,1.6086188889008897,1.4038220467998954,0.003835151666780181,0.49281959225285854,1782954094.0286076,None,None,None, None, 1782954094.0286076,1.026905635580795,apf_colreg,overtaking,-1.0,3.6770698439449245,0.0,15.032484085712822,-0.3239440439814443,5.1961877412636435,0.9761081279347031,3.6669680033534826,mr_webots_overtaking_large_ship_0_4_m_s.wbt,ekf_on_cluster_off,1,0,5.0
1782954094.1514523,13.640430927276611,-186.14897064283585,200.0,0.2,0.1670320419987482,1.2128620543105613,1.3436307041205553,0.003140150513607144,0.4930361226549337,1782954094.1949835,1.2068967151194772,1.3427148681954533,0.17892251743991494, 1782954094.065641, 1782954094.0985625,1.0446448126015795,apf_colreg,overtaking,-1.0,3.6901395872810148,0.0,15.128486052894731,0.3579482383593966,4.897445220224628,0.9580791007486321,3.6914970770365683,mr_webots_overtaking_large_ship_0_4_m_s.wbt,ekf_on_cluster_off,1,0,5.0
1782954094.251058,13.740036725997925,-190.32337303682456,200.0,0.2,0.16733099661009382,1.2539221065204984,1.3505633517331432,0.0005079799777936999,0.4930856102950061,1782954094.2676127,None,None,None, None, 1782954094.2145197,0.934980759901515,apf_colreg,overtaking,-1.0,3.7016655626401307,0.0,15.11683263885121,0.2616162154884485,4.897445220224628,0.9580791007486321,3.6914970770365683,mr_webots_overtaking_large_ship_0_4_m_s.wbt,ekf_on_cluster_off,1,0,5.0
1782954094.3527522,13.841730833053589,-196.4464861397999,200.0,0.2,0.16832488671653864,1.3130958263554966,1.3605435773739032,0.012256245964707228,0.49397577179784014,1782954094.2676127,None,None,None, None, 1782954094.3101983,0.9072474035416415,apf_colreg,overtaking,-1.0,3.746637494021358,0.0,15.100100663061614,0.112716439409553,4.992416480053212,0.9623059790994308,3.724479182976894,mr_webots_overtaking_large_ship_0_4_m_s.wbt,ekf_on_cluster_off,1,0,5.0
1782954094.4508102,13.939788818359375,-200.0,198.70512463112297,0.2,0.16956044804601736,1.3795681801924147,1.3718546229605693,0.0096605850316781,0.4956295606658968,1782954094.438802,None,None,None, None, 1782954094.4588177,0.9879414057550908,apf_colreg,overtaking,-1.0,3.606573444206753,7.920407577874797,15.081385298747694,-0.0551119528753814,4.992416480053212,0.9623059790994308,3.724479182976894,mr_webots_overtaking_large_ship_0_4_m_s.wbt,ekf_on_cluster_off,1,0,5.0
1782954094.5534482,14.042426824569702,-200.0,191.12039094027804,0.2,0.17175693097940622,1.4477826721672091,1.3835727377479472,0.015412160609223485,0.49724181891840913,1782954094.5434115,None,None,None, None, 1782954094.5434115,0.9158617210989729,apf_colreg,overtaking,-1.0,3.4062625948700753,11.942749947504131,15.06182458867124,-0.24192601931554414,5.138469766671855,0.9497816302610143,3.7472291785312004,mr_webots_overtaking_large_ship_0_4_m_s.wbt,ekf_on_cluster_off,1,0,5.0
1782954094.6524923,14.141470909118652,-200.0,182.308495417144,0.2,0.1746082126743087,1.515407912194707,1.395392656297446,0.015412160609223485,0.5003242510402538,1782954094.6624918,None,None,None, None, 1782954094.647461,0.9640785204524405,apf_colreg,overtaking,-1.0,3.496047059985315,12.166079265799842,15.040911286118554,-0.4405004173876996,5.234569085528368,0.9679937958832405,3.773134824251439,mr_webots_overtaking_large_ship_0_4_m_s.wbt,ekf_on_cluster_off,1,0,5.0
1782954094.7596564,14.248635053634644,-200.0,173.36595215508956,0.2,0.17652055469523165,1.5819866775041138,1.4072753019403201,0.0013517326266494546,0.5006165563755783,1782954094.7596564,None,None,None, None, 1782954094.7271202,0.9351639222867021,apf_colreg,overtaking,-1.0,3.5453239141098707,11.375348749459764,15.019204587695722,-0.6261360894891492,5.234569085528368,0.9679937958832405,3.773134824251439,mr_webots_overtaking_large_ship_0_4_m_s.wbt,ekf_on_cluster_off,1,0,5.0
1782954094.8508165,14.339795112609863,-200.0,163.6802851535246,0.2,0.17855800854475534,1.647478019410399,1.4191036953235052,0.0013517326266494546,0.5008869029009082,1782954094.8689103,None,None,None, None, 1782954094.8007042,0.9977559925218703,apf_colreg,overtaking,-1.0,3.5945573149452477,10.41971450953047,14.99684574103501,-0.81290070669976,5.4421364057666946,1.0217857708258054,3.7963022171649117,mr_webots_overtaking_large_ship_0_4_m_s.wbt,ekf_on_cluster_off,1,0,5.0
1782954094.951012,14.439990520477295,-200.0,154.87658507793702,0.2,0.1788582358343412,1.7118107914412661,1.430887354561662,-0.017294809835067156,0.49775963497271275,1782954094.9404776,None,None,None, None, 1782954094.9049408,0.9293571212413153,apf_colreg,overtaking,-1.0,3.8102488973207223,0.0,14.976274099588707,-0.9720414396069703,5.525572340715655,1.032897858292869,3.8135574703104838,mr_webots_overtaking_large_ship_0_4_m_s.wbt,ekf_on_cluster_off,1,0,5.0
1782954095.053505,14.542483568191528,-200.0,146.68725129681104,0.2,0.17815866523139123,1.7751024628536434,1.4424862083803802,-0.024435778019402266,0.4955877407232022,1782954095.0293593,None,None,None, None, 1782954095.065078,1.0951063704388708,apf_colreg,overtaking,-1.0,3.8276173009914225,0.0,14.957255347082299,-1.1124431431252972,5.525572340715655,1.032897858292869,3.8135574703104838,mr_webots_overtaking_large_ship_0_4_m_s.wbt,ekf_on_cluster_off,1,0,5.0
1782954095.1508725,14.639851093292236,-200.0,194.4270040492232,0.2,0.17803623700196206,1.3594628730800327,1.3705660158211512,-0.02552507588455631,0.49386650524818454,1782954095.0967925,1.3531512297718462,1.3694661601770262,0.17958429977711, 1782954095.079774, 1782954095.1343424,1.0945644894015962,apf_colreg,overtaking,-1.0,3.8276173009914225,0.0,15.084275372691463,-0.1626899170280618,5.525572340715655,1.032897858292869,3.8135574703104838,mr_webots_overtaking_large_ship_0_4_m_s.wbt,ekf_on_cluster_off,1,0,5.0
1782954095.258015,14.74699354171753,-200.0,192.560836219895,0.2,0.17541076955907797,1.3954077430005078,1.3770490249219733,-0.03359298109793913,0.4891398812850791,1782954095.2374952,None,None,None, None, 1782954095.2414942,0.9808329697743979,apf_colreg,overtaking,-1.0,3.8276173009914225,0.0,15.073601349997631,-0.20781853279417728,5.525572340715655,1.032897858292869,3.8135574703104838,mr_webots_overtaking_large_ship_0_4_m_s.wbt,ekf_on_cluster_off,1,0,5.0
1782954095.3562837,14.845262289047241,-200.0,188.87793900925467,0.2,0.17238605941790983,1.452154864624256,1.3870571074324545,-0.02169864591394723,0.48662733020159243,1782954095.3532882,None,None,None, None, 1782954095.3783085,1.095320166449444,apf_colreg,overtaking,-1.0,3.8276173009914225,0.0,15.057220442518034,-0.29416598430795116,5.525572340715655,1.032897858292869,3.8135574703104838,mr_webots_overtaking_large_ship_0_4_m_s.wbt,ekf_on_cluster_off,1,0,5.0
1782954095.454654,14.94363260269165,-200.0,184.18342745882154,0.2,0.16946587103741703,1.5171513699315478,1.3983147966864422,-0.019679650176653903,0.48479291529255963,1782954095.446502,None,None,None, None, 1782954095.4596539,0.9482238104644454,apf_colreg,overtaking,-1.0,3.8276173009914225,0.0,15.039183647108896,-0.3995131400723553,5.525572340715655,1.032897858292869,3.8135574703104838,mr_webots_overtaking_large_ship_0_4_m_s.wbt,ekf_on_cluster_off,1,0,5.0
1782954095.5513995,15.040378093719482,-200.0,179.09552901863066,0.2,0.16675782104365452,1.5835847207041969,1.4096382681502604,-0.019443115803507008,0.48283162999909085,1782954095.547375,None,None,None, None, 1782954095.5657578,1.0773113181006648,apf_colreg,overtaking,-1.0,3.8276173009914225,0.0,15.021847869440073,-0.5084655454160787,5.525572340715655,1.032897858292869,3.8135574703104838,mr_webots_overtaking_large_ship_0_4_m_s.wbt,ekf_on_cluster_off,1,0,5.0
1782954095.6530128,15.141991376876831,-200.0,174.4706767156052,0.2,0.16329963442560086,1.6497587758333339,1.4207559619612482,-0.028640158686187748,0.4802511980686656,1782954095.6374733,None,None,None, None, 1782954095.5657578,1.0773113181006648,apf_colreg,overtaking,-1.0,3.8276173009914225,0.0,15.006075864943423,-0.6033148089257736,5.525572340715655,1.032897858292869,3.8135574703104838,mr_webots_overtaking_large_ship_0_4_m_s.wbt,ekf_on_cluster_off,1,0,5.0
1782954095.7513952,15.240373849868774,-200.0,169.5084404320087,0.2,0.16031842621562375,1.7154539852705035,1.431558388962813,-0.024005477027945206,0.47815344085480016,1782954095.72486,None,None,None, None, 1782954095.7564032,0.9051588287028035,apf_colreg,overtaking,-1.0,3.8276173009914225,0.0,14.991312450772531,-0.7012464457665182,5.525572340715655,1.032897858292869,3.8135574703104838,mr_webots_overtaking_large_ship_0_4_m_s.wbt,ekf_on_cluster_off,1,0,5.0
1782954095.8513997,15.340378284454346,-200.0,165.77980119274744,0.2,0.1557774328697821,1.7805942670088222,1.4420919761701965,-0.039876749255429576,0.4751500474805267,1782954095.8001769,None,None,None, None, 1782954095.8457313,0.9410439081189559,apf_colreg,overtaking,-1.0,3.8276173009914225,0.0,14.978905377724715,-0.7723563970753071,5.525572340715655,1.032897858292869,3.8135574703104838,mr_webots_overtaking_large_ship_0_4_m_s.wbt,ekf_on_cluster_off,1,0,5.0
1782954095.9511025,15.440081119537354,-200.0,161.45033047778298,0.2,0.1521853452411524,1.8453142407128311,1.4522377451249326,-0.02959456970599083,0.47178022246405577,1782954095.9140432,None,None,None, None, 1782954095.9235551,0.9376138101168308,apf_colreg,overtaking,-1.0,3.8276173009914225,0.0,14.967205001161943,-0.8526989560652911,5.525572340715655,1.032897858292869,3.8135574703104838,mr_webots_overtaking_large_ship_0_4_m_s.wbt,ekf_on_cluster_off,1,0,5.0
1782954096.0513,15.540278673171997,-200.0,161.7863464236282,0.2,0.14303238500267765,1.909559880896147,1.4620994573370467,-0.08168818044326628,0.4643858550752892,1782954096.0045626,None,None,None, None, 1782954096.013083,1.0994666519200527,apf_colreg,overtaking,-1.0,3.8276173009914225,0.0,14.961610710308394,-0.8461815591910593,5.525572340715655,1.032897858292869,3.8135574703104838,mr_webots_overtaking_large_ship_0_4_m_s.wbt,ekf_on_cluster_off,1,0,5.0
1782954096.1510115,15.639990091323853,-196.16032368608055,200.0,0.2,0.13597900939800467,1.5161965063325238,1.3971815572388828,-0.04829421670374865,0.46026650958622833,1782954096.159536,1.5101522888980958,1.3962034493313924,0.13591760210749637, 1782954096.087859, 1782954096.158533,0.9833292720680619,apf_colreg,overtaking,-1.0,3.8276173009914225,0.0,15.045496495303162,0.11946068393267151,5.525572340715655,1.032897858292869,3.8135574703104838,mr_webots_overtaking_large_ship_0_4_m_s.wbt,ekf_on_cluster_off,1,0,5.0
1782954096.272927,15.761905670166016,-191.39104784727377,200.0,0.2,0.12362368046450913,1.556150748908319,1.4025236892264008,-0.0988649213073776,0.4434047094444553,1782954096.2604134,None,None,None, None, 1782954096.2953243,0.9863613065637652,apf_colreg,overtaking,-1.0,3.8276173009914225,0.0,15.037418398321163,0.23514531797792415,5.525572340715655,1.032897858292869,3.8135574703104838,mr_webots_overtaking_large_ship_0_4_m_s.wbt,ekf_on_cluster_off,1,0,5.0
1782954096.3509276,15.839906215667725,-184.9809153654409,200.0,0.2,0.10772336783285151,1.6152117161348314,1.409504191684542,-0.0988649213073776,0.4236317251829798,1782954096.3559349,None,None,None, None, 1782954096.3724575,0.9819736097288487,apf_colreg,overtaking,-1.0,3.8276173009914225,0.0,15.025923534532648,0.38155135311405175,5.525572340715655,1.032897858292869,3.8135574703104838,mr_webots_overtaking_large_ship_0_4_m_s.wbt,ekf_on_cluster_off,1,0,5.0
1782954096.4515383,15.940516948699951,-177.11336866049038,200.0,0.2,0.09069840937409074,1.6809265596225897,1.4160934226547575,-0.09150458689772466,0.41489107435694866,1782954096.4555461,None,None,None, None, 1782954096.3724575,0.9819736097288487,apf_colreg,overtaking,-1.0,3.8276173009914225,0.0,15.013164681473233,0.5495063683351109,5.525572340715655,1.032897858292869,3.8135574703104838,mr_webots_overtaking_large_ship_0_4_m_s.wbt,ekf_on_cluster_off,1,0,5.0
1782954096.5513685,16.0403470993042,-173.83689133283949,200.0,0.2,0.08142994641693269,1.7473563957123464,1.4215491133186413,-0.012292822748151782,0.4127715748613407,1782954096.5283525,None,None,None, None, 1782954096.5463598,0.9837340158863319,apf_colreg,overtaking,-1.0,3.8276173009914225,0.0,15.004740447091503,0.6160616815903595,5.525572340715655,1.032897858292869,3.8135574703104838,mr_webots_overtaking_large_ship_0_4_m_s.wbt,ekf_on_cluster_off,1,0,5.0
1782954096.6520028,16.140981435775757,-172.00685611089807,200.0,0.2,0.07460589336914052,1.8135955975823232,1.4265426865342041,-0.012013934113203222,0.41182125390121427,1782954096.607454,None,None,None, None, 1782954096.6344829,0.9454357697152609,apf_colreg,overtaking,-1.0,3.8547700154688815,0.0,14.99839137543663,0.6524024758634042,5.622128107088885,1.0612323288426162,3.8426530036465425,mr_webots_overtaking_large_ship_0_4_m_s.wbt,ekf_on_cluster_off,1,0,5.0
1782954096.7514868,16.24046540260315,-172.20272417548028,200.0,0.2,0.07077150994464407,1.8796401438750199,1.4311556860035068,0.003907040453831063,0.4121814021490723,1782954096.6996334,None,None,None, None, 1782954096.7201726,1.0082954577578738,apf_colreg,overtaking,-1.0,3.329386715643461,11.074846567389589,14.99427969879673,0.6483312462134156,5.941325931656796,0.832911791348582,4.132434200898793,mr_webots_overtaking_large_ship_0_4_m_s.wbt,ekf_on_cluster_off,1,0,5.0
1782954096.8551772,16.34415578842163,-173.49234374098342,200.0,0.2,0.06854880427027626,1.9456806777559046,1.4356036942240884,0.0074822000613090234,0.41277555887395917,1782954096.8616915,None,None,None, None, 1782954096.7960477,1.0398476493199242,apf_colreg,overtaking,-1.0,3.583835466280094,9.850001868907212,14.991433618809664,0.6224419743072547,6.01936262188365,0.8235725070745082,4.1441918626141225,mr_webots_overtaking_large_ship_0_4_m_s.wbt,ekf_on_cluster_off,1,0,5.0
1782954096.9513826,16.440361261367798,-176.52901192382095,200.0,0.2,0.06879158576050956,2.0118572983036764,1.4399738324311393,0.022136056139769347,0.4162817953586757,1782954096.9374375,None,None,None, None, 1782954096.892222,1.0620675148917778,apf_colreg,overtaking,-1.0,5.345800222505823,5.4415806396598,14.990298917206392,0.5607101415371218,6.126755527364181,0.7917477720279052,4.176625325565151,mr_webots_overtaking_large_ship_0_4_m_s.wbt,ekf_on_cluster_off,1,0,5.0
1782954097.0509417,16.539920330047607,-180.35253073379113,200.0,0.2,0.07013534081481607,2.078362399147843,1.4444616544814082,0.022644736784778362,0.4179111372266658,1782954097.0093899,None,None,None, None, 1782954097.0304267,1.0078877430557018,apf_colreg,overtaking,-1.0,5.737073020097167,0.0,14.98958146787749,0.4808469127506738,6.19287564466217,0.7770023910831112,4.18806275056188,mr_webots_overtaking_large_ship_0_4_m_s.wbt,ekf_on_cluster_off,1,0,5.0
1782954097.150872,16.639850616455078,-186.2737519800966,200.0,0.2,0.10342784529820206,1.6673341199513492,1.41662714351397,0.18672055307272847,0.44301650921232555,1782954097.1438441,1.6610214224969981,1.4161979571291117,0.12769311634690794, 1782954097.101338, 1782954097.1164825,0.9970113166987562,apf_colreg,overtaking,-1.0,4.22702964928613,0.0,15.019400966753242,0.3525706825570527,6.28231132309302,0.7620377425776308,4.212462575902349,mr_webots_overtaking_large_ship_0_4_m_s.wbt,ekf_on_cluster_off,1,0,5.0
1782954097.2510858,16.7400643825531,-200.0,198.00407150988366,0.2,0.1278250415385631,1.7066592040424118,1.4209777681740756,0.18672055307272847,0.4803606198268712,1782954097.1438441,None,None,None, None, 1782954097.2439775,1.0451192046371354,apf_colreg,overtaking,-1.0,4.2555686780293165,0.0,15.018230831725177,-0.07281345908234904,5.897450034548312,0.9013252571939706,4.2281203031785335,mr_webots_overtaking_large_ship_0_4_m_s.wbt,ekf_on_cluster_off,1,0,5.0
1782954097.351461,16.840439558029175,-200.0,184.96522475770962,0.2,0.14106350000287768,1.7658904816770804,1.4292681822671036,0.02085176714183927,0.4841054729272825,1782954097.3234382,None,None,None, None, 1782954097.3089197,1.0245222982537583,apf_colreg,overtaking,-1.0,5.394941238299665,9.389205030314054,15.005370149377354,-0.3813766918648236,5.897450034548312,0.9013252571939706,4.2281203031785335,mr_webots_overtaking_large_ship_0_4_m_s.wbt,ekf_on_cluster_off,1,0,5.0
1782954097.4546993,16.94367790222168,-200.0,169.37044848418887,0.2,0.1539877003135949,1.8312865796331455,1.4390513374389746,0.05607394996442218,0.48811832005218597,1782954097.3950016,None,None,None, None, 1782954097.4588764,1.0547248156273976,apf_colreg,overtaking,-1.0,2.265601370870116,18.388471609226748,14.985463910810807,-0.7036607553055223,6.002161418009626,1.018966675358473,4.239377351650707,mr_webots_overtaking_large_ship_0_4_m_s.wbt,ekf_on_cluster_off,1,0,5.0
1782954097.5562449,17.045223474502563,-200.0,155.88529451572762,0.2,0.1613398221406917,1.8963099386871953,1.44963871069643,0.0058289001119459635,0.48898786109748077,1782954097.5441792,None,None,None, None, 1782954097.5281732,0.9665961158857072,apf_colreg,overtaking,-1.0,1.008498372626121,22.366495210326644,14.963836552766386,-0.953320717222244,6.1034109612774134,1.0827350175099129,4.268606566791034,mr_webots_overtaking_large_ship_0_4_m_s.wbt,ekf_on_cluster_off,1,0,5.0
1782954097.6521723,17.141150951385498,-200.0,142.92240490777036,0.2,0.16663346069728205,1.959929685171272,1.4603762174132617,0.0008501982980527676,0.48905556290940433,1782954097.6238098,None,None,None, None, 1782954097.624808,0.9717463003477419,apf_colreg,overtaking,-1.0,0.28015322349300503,26.020714499944322,14.941467822876579,-1.1742479851944507,6.185088664735685,1.1240096538988942,4.2802525445684205,mr_webots_overtaking_large_ship_0_4_m_s.wbt,ekf_on_cluster_off,1,0,5.0
1782954097.7508485,17.239827156066895,-200.0,131.50576962964928,0.2,0.16928827314121744,2.02205755050632,1.4711627006564418,-0.01751909001756355,0.4873650765480537,1782954097.7203038,None,None,None, None, 1782954097.7193048,0.9213581443717421,apf_colreg,overtaking,-1.0,0.28412691778393034,27.298949742612663,14.920641847969527,-1.3563311590161167,6.185088664735685,1.1240096538988942,4.2802525445684205,mr_webots_overtaking_large_ship_0_4_m_s.wbt,ekf_on_cluster_off,1,0,5.0
1782954097.8545582,17.343536853790283,-200.0,121.20807639367611,0.2,0.17026749537620087,2.082870298109065,1.4818441537976152,-0.026702013928012018,0.4853728776229146,1782954097.894307,None,None,None, None, 1782954097.797051,1.0249804705956618,apf_colreg,overtaking,-1.0,2.666345195013789,30.999184224689483,14.901850555313246,-1.5121964863156352,6.366884022223113,1.1768065265378247,4.3262570318958,mr_webots_overtaking_large_ship_0_4_m_s.wbt,ekf_on_cluster_off,1,0,5.0
1782954097.9524193,17.44139790534973,-200.0,111.80097134035788,0.2,0.17006561393473943,2.1425272926867924,1.4923571304637306,-0.03372307081935033,0.4820209878416899,1782954097.894307,None,None,None, None, 1782954097.9163253,1.0024092260560544,apf_colreg,overtaking,-1.0,5.773686830753065,3.8672407050208872,14.884887836569323,-1.6485807849062626,6.442566398769779,1.1894425543900302,4.339438736437033,mr_webots_overtaking_large_ship_0_4_m_s.wbt,ekf_on_cluster_off,1,0,5.0
1782954098.0537705,17.542749166488647,-200.0,104.68379489689745,0.2,0.16764275130796802,2.2011596560869906,1.5026636483395386,-0.05145806260838515,0.47458990988931415,1782954098.0387173,None,None,None, None, 1782954098.0091674,1.0263413604278229,apf_colreg,overtaking,-1.0,4.387673266663835,0.0,14.872406047904063,-1.7483938953568483,6.543407666792552,1.2709759332549397,4.37358163228034,mr_webots_overtaking_large_ship_0_4_m_s.wbt,ekf_on_cluster_off,1,0,5.0
1782954098.151621,17.640599727630615,-200.0,173.80585630660548,0.2,0.14852784092336743,1.8271630675956527,1.4386394304586871,-0.05048123944347699,0.4713416523027295,1782954098.103063,1.8214595851519582,1.4376619530078831,0.11729839477877757, 1782954098.10206, 1782954098.1485994,0.9697632463533341,apf_colreg,overtaking,-1.0,4.400232653658288,0.0,14.990175363124457,-0.6160882810459425,6.6179352342247135,1.2928616381410714,4.384723749160472,mr_webots_overtaking_large_ship_0_4_m_s.wbt,ekf_on_cluster_off,1,0,5.0
1782954098.2506523,17.739630937576294,-200.0,190.6875943329896,0.2,0.11956017482638844,1.8618231535565024,1.4438488283763924,-0.32487946725997213,0.4260154212968728,1782954098.2425802,None,None,None, None, 1782954098.2180607,0.9916865626821394,apf_colreg,overtaking,-1.0,4.413287447447975,0.0,14.996532018593182,-0.251027688225399,6.235191701439674,1.164401001606302,4.398766345280238,mr_webots_overtaking_large_ship_0_4_m_s.wbt,ekf_on_cluster_off,1,0,5.0
1782954098.3512497,17.84022831916809,-200.0,196.95972953808274,0.2,0.10405698739417245,1.9180882785413038,1.449900424378268,-0.03172582685555261,0.4239835876104531,1782954098.3066237,None,None,None, None, 1782954098.3532553,1.0844737111069076,apf_colreg,overtaking,-1.0,6.130703746816695,0.0,14.993929471747618,-0.09907953821564508,6.303483194682509,1.0102593964588569,4.430237206451932,mr_webots_overtaking_large_ship_0_4_m_s.wbt,ekf_on_cluster_off,1,0,5.0
1782954098.4514377,17.94041633605957,-200.0,199.88652630651325,0.2,0.0934312101751219,1.9843112152306728,1.4562958478199475,-0.03141528779736023,0.41959635693614994,1782954098.4462764,None,None,None, None, 1782954098.4302692,1.0130540050511936,apf_colreg,overtaking,-1.0,3.034779412350705,24.764764372563093,14.990116529286393,-0.02425354608522401,6.389837626946182,0.9917915995646439,4.4412269348492694,mr_webots_overtaking_large_ship_0_4_m_s.wbt,ekf_on_cluster_off,1,0,5.0
1782954098.5520928,18.04107141494751,-193.66633218502764,200.0,0.2,0.07442931981281159,2.053226222645315,1.4623771728786696,-0.12876261450111587,0.4088706007071308,1782954098.529575,None,None,None, None, 1782954098.5245738,1.0865927700311468,apf_colreg,overtaking,-1.0,2.148816706171353,32.53389040796635,14.985600794693461,0.18007288003806643,6.480970077377833,0.985433412426787,4.471696943529595,mr_webots_overtaking_large_ship_0_4_m_s.wbt,ekf_on_cluster_off,1,0,5.0
1782954098.6515539,18.14053249359131,-190.07823898125162,200.0,0.2,0.0647374836078155,2.1219761223884968,1.4669262187976644,-0.02046875857437897,0.4074226264021957,1782954098.6003158,None,None,None, None, 1782954098.6003158,1.0621368386583037,apf_colreg,overtaking,-1.0,1.0789066411775345,48.90954407579474,14.982032400837355,0.26498494908279113,6.552422811503835,0.8915196874479007,4.4837360961740345,mr_webots_overtaking_large_ship_0_4_m_s.wbt,ekf_on_cluster_off,1,0,5.0
1782954098.7513874,18.240365982055664,-187.9130796932572,200.0,0.2,0.05782962564633884,2.190335540702039,1.4709679781801528,-0.017146372144856783,0.4060496629185707,1782954098.680389,None,None,None, None, 1782954098.680389,1.0572902822670034,apf_colreg,overtaking,-1.0,1.2804436056893633,48.237864033426256,14.979190268706017,0.31467188009356484,6.552422811503835,0.8915196874479007,4.4837360961740345,mr_webots_overtaking_large_ship_0_4_m_s.wbt,ekf_on_cluster_off,1,0,5.0
1782954098.8540008,18.342979431152344,-186.5981661096337,200.0,0.2,0.05260999770518568,2.258427979267381,1.4746229018148407,-0.013783525778136891,0.40427104985824525,1782954098.809428,None,None,None, None, 1782954098.7939112,1.0963848635946483,apf_colreg,overtaking,-1.0,0.24391759154462023,102.64108936694967,14.977072095260567,0.3443113230317669,6.682887262000049,0.8826115990565521,4.495711523203619,mr_webots_overtaking_large_ship_0_4_m_s.wbt,ekf_on_cluster_off,1,0,5.0
1782954098.952442,18.441420555114746,-185.73058942397213,200.0,0.2,0.048340202968324274,2.326355947258352,1.477972849910607,-0.012156199655588758,0.40331527779565224,1782954098.9948652,None,None,None, None, 1782954098.9798603,1.0675654667488772,apf_colreg,overtaking,-1.0,0.029639410625768123,103.7491075499978,14.975344764978654,0.36364980433617244,6.682887262000049,0.8826115990565521,4.495711523203619,mr_webots_overtaking_large_ship_0_4_m_s.wbt,ekf_on_cluster_off,1,0,5.0
1782954099.0534582,18.542436838150024,-185.60359292522153,200.0,0.2,0.045388461681472765,2.394178598524736,1.4810611182558198,-0.004359447076927585,0.40284963237578136,1782954099.0584598,None,None,None, None, 1782954099.0444121,0.9012008322814837,apf_colreg,overtaking,-1.0,4.551537591201964,0.0,14.974231262230187,0.3664457848205336,6.844044587789187,0.8419603782333699,4.533377734765224,mr_webots_overtaking_large_ship_0_4_m_s.wbt,ekf_on_cluster_off,1,0,5.0
1782954099.1515036,18.640482187271118,-177.528951706045,200.0,0.2,0.056727384840053845,1.9923413989033223,1.4553048268136541,0.001046075772075174,0.40291615712483736,1782954099.0584598,1.9861388517980734,1.4549260192209732,0.08206653126154874, 1782954099.11311, 1782954099.1216261,1.0656655595075726,apf_colreg,overtaking,-1.0,4.551537591201964,0.0,14.981221976519674,0.5397447065354521,6.844044587789187,0.8419603782333699,4.533377734765224,mr_webots_overtaking_large_ship_0_4_m_s.wbt,ekf_on_cluster_off,1,0,5.0
1782954099.2540605,18.74303913116455,-177.51579762907576,200.0,0.2,0.05475490823949699,2.032399276313432,1.4575001663971427,0.001930787311607716,0.4031334797048556,1782954099.1710162,None,None,None, None, 1782954099.2570622,1.0265776842361043,apf_colreg,overtaking,-1.0,4.591449295768515,0.0,14.979763447060147,0.5399645470715821,6.547349525176709,0.8519193374778308,4.5731465413826635,mr_webots_overtaking_large_ship_0_4_m_s.wbt,ekf_on_cluster_off,1,0,5.0
1782954099.3779786,18.866957187652588,-179.03935139771525,200.0,0.2,0.05411588693070223,2.0902269725309273,1.4605617962722661,0.01192648247464159,0.40446072365099683,1782954099.3829806,None,None,None, None, 1782954099.3689733,1.0732143049448346,apf_colreg,overtaking,-1.0,4.591449295768515,0.0,14.978951691427142,0.5081917199655068,6.547349525176709,0.8519193374778308,4.5731465413826635,mr_webots_overtaking_large_ship_0_4_m_s.wbt,ekf_on_cluster_off,1,0,5.0
1782954099.4511058,18.94008445739746,-181.4012097421009,200.0,0.2,0.054430247982600016,2.1551427797318166,1.4639913518878664,0.014689338298444635,0.4059396303773549,1782954099.5036762,None,None,None, None, 1782954099.4981656,0.9315709221560768,apf_colreg,overtaking,-1.0,4.1683988890065935,16.4086619818152,14.978792978763678,0.4581679521042057,6.691477970135548,0.8155383731772944,4.616833876353783,mr_webots_overtaking_large_ship_0_4_m_s.wbt,ekf_on_cluster_off,1,0,5.0
1782954099.5507054,19.039684057235718,-184.5432815178491,200.0,0.2,0.055794616805306244,2.2219690277198616,1.467575266479784,0.019490006980908425,0.40829198828798163,1782954099.5036762,None,None,None, None, 1782954099.4981656,0.9315709221560768,apf_colreg,overtaking,-1.0,4.042819046685636,17.4650931073213,14.978906717666879,0.3900067327340544,6.691477970135548,0.8155383731772944,4.616833876353783,mr_webots_overtaking_large_ship_0_4_m_s.wbt,ekf_on_cluster_off,1,0,5.0
1782954099.6506994,19.13967800140381,-188.13042247482065,200.0,0.2,0.05783405504540127,2.2894610953346444,1.4713260347281931,0.020542819659454713,0.4099480583868998,1782954099.6730857,None,None,None, None, 1782954099.5872972,0.9633952494104983,apf_colreg,overtaking,-1.0,6.412504330712033,5.952335622594644,14.979174874017058,0.3097274715207048,6.887027991198835,0.8004306133328967,4.661635492590144,mr_webots_overtaking_large_ship_0_4_m_s.wbt,ekf_on_cluster_off,1,0,5.0
1782954099.756198,19.245176553726196,-192.15325796561908,200.0,0.2,0.0605715833447868,2.3574342863329143,1.4752758798026093,0.02274044277880022,0.41196727310373144,1782954099.7972293,None,None,None, None, 1782954099.6945963,1.0374207701458662,apf_colreg,overtaking,-1.0,4.690728726513121,0.0,14.979223043986313,0.21621450734046022,6.964406033499535,0.7883438786348599,4.672720383806619,mr_webots_overtaking_large_ship_0_4_m_s.wbt,ekf_on_cluster_off,1,0,5.0
1782954099.8780828,19.367061376571655,-196.63221447250152,200.0,0.2,0.06411428801219171,2.425903462353594,1.4794775380443355,0.025850122542551375,0.41517640038859593,1782954099.7972293,None,None,None, None, 1782954099.8920937,0.9233833713695987,apf_colreg,overtaking,-1.0,4.690728726513121,0.0,14.978856252102275,0.10717717264692439,6.964406033499535,0.7883438786348599,4.672720383806619,mr_webots_overtaking_large_ship_0_4_m_s.wbt,ekf_on_cluster_off,1,0,5.0
1782954099.9524233,19.441401958465576,-200.0,198.56036399975935,0.2,0.07118063159931494,2.494919206888834,1.4839981191020293,0.05250946065506435,0.4211576132290302,1782954099.9111366,None,None,None, None, 1782954099.99649,0.9595123821566055,apf_colreg,overtaking,-1.0,4.690728726513121,0.0,14.977903749682229,-0.05843958606009547,7.190737909182044,0.8538989580198725,4.715418084386215,mr_webots_overtaking_large_ship_0_4_m_s.wbt,ekf_on_cluster_off,1,0,5.0
1782954100.0507386,19.539717197418213,-200.0,192.9924884306692,0.2,0.07580811596105523,2.5641847936355315,1.4891370105710582,0.018851276805093225,0.4229944502614357,1782954100.008575,None,None,None, None, 1782954099.99649,0.9595123821566055,apf_colreg,overtaking,-1.0,4.733935587463339,0.0,14.975430934802413,-0.19615067713123402,7.190737909182044,0.8538989580198725,4.715418084386215,mr_webots_overtaking_large_ship_0_4_m_s.wbt,ekf_on_cluster_off,1,0,5.0
1782954100.162461,19.651439666748047,-200.0,195.91117947929143,0.2,0.0894672949043741,2.140019228935824,1.4684330153250122,0.016792371284884637,0.4245189381271497,1782954100.0993595,2.1335102526503804,1.4680883350996579,0.10778267196744462, 1782954100.126257, 1782954100.16598,0.9419897606142239,apf_colreg,overtaking,-1.0,4.733935587463339,0.0,14.98341032011908,-0.1251490627208227,6.857561435044934,0.8939824396656242,4.735808111908752,mr_webots_overtaking_large_ship_0_4_m_s.wbt,ekf_on_cluster_off,1,0,5.0
1782954100.3028975,19.791876077651978,-200.0,191.7894666427554,0.2,0.09279891171372677,2.1805625726738245,1.4721627574505671,0.009491999738307468,0.4259397449527168,1782954100.2490442,None,None,None, None, 1782954100.2895997,1.0475781492449208,apf_colreg,overtaking,-1.0,4.751949530141536,0.0,14.980471712224315,-0.22485264591486498,6.857561435044934,0.8939824396656242,4.735808111908752,mr_webots_overtaking_large_ship_0_4_m_s.wbt,ekf_on_cluster_off,1,0,5.0
1782954100.3593879,19.848366498947144,-200.0,186.5684710386545,0.2,0.09578981676546604,2.2400111973771577,1.4778108312491298,0.010744706637753986,0.42702494571097815,1782954100.3500428,None,None,None, None, 1782954100.3679128,1.009013500003609,apf_colreg,overtaking,-1.0,4.751949530141536,0.0,14.975931553747046,-0.3449510553510331,6.857561435044934,0.8939824396656242,4.735808111908752,mr_webots_overtaking_large_ship_0_4_m_s.wbt,ekf_on_cluster_off,1,0,5.0
1782954100.461051,19.950029611587524,-200.0,180.55973902817612,0.2,0.09880168051985196,2.3059778612797905,1.4842821052622028,0.010744706637753986,0.42917388703852893,1782954100.4715643,None,None,None, None, 1782954100.4935703,0.9800811469335137,apf_colreg,overtaking,-1.0,4.257295142645113,18.995698380896542,14.970398629294845,-0.47583723035260483,7.005181195964141,0.9304412935291031,4.773882078007944,mr_webots_overtaking_large_ship_0_4_m_s.wbt,ekf_on_cluster_off,1,0,5.0
1782954100.5551932,20.044171810150146,-200.0,174.36583584141485,0.2,0.10133742891299323,2.3727038683148347,1.4910490471498115,0.004427639845008319,0.43002443369867555,1782954100.5421422,None,None,None, None, 1782954100.4935703,0.9800811469335137,apf_colreg,overtaking,-1.0,4.195222293391446,19.56033586244391,14.964174052446946,-0.6037462069748312,7.005181195964141,0.9304412935291031,4.773882078007944,mr_webots_overtaking_large_ship_0_4_m_s.wbt,ekf_on_cluster_off,1,0,5.0
1782954100.65321,20.142188549041748,-200.0,168.02946933851214,0.2,0.10355403228519396,2.4389081044583834,1.4979408969377985,0.0008767721143096626,0.4300945835534396,1782954100.6221514,None,None,None, None, 1782954100.6018605,0.9103235213758945,apf_colreg,overtaking,-1.0,4.343856238904476,28.653602700791996,14.957675820919906,-0.7282915664416638,7.190949963260976,0.9680793967053689,4.81140550122288,mr_webots_overtaking_large_ship_0_4_m_s.wbt,ekf_on_cluster_off,1,0,5.0
1782954100.757451,20.246429681777954,-200.0,161.7568207246214,0.2,0.10524111112896198,2.504374134515755,1.5049129157618761,-0.004846609141926225,0.42945822852830745,1782954100.7534504,None,None,None, None, 1782954100.698279,1.050990355079731,apf_colreg,overtaking,-1.0,4.847598394400682,0.0,14.951018423795071,-0.8461273180935542,7.27681105375576,0.9840903079787836,4.829959835585286,mr_webots_overtaking_large_ship_0_4_m_s.wbt,ekf_on_cluster_off,1,0,5.0
1782954100.8532891,20.342267751693726,-200.0,156.27884363243,0.2,0.10565220537063608,2.5690844735869813,1.5119199777405772,-0.01659802861019885,0.4280839765447791,1782954100.8362465,None,None,None, None, 1782954100.7854862,0.911081141797241,apf_colreg,overtaking,-1.0,4.866774626987917,0.0,14.945243806413206,-0.9451269937641573,7.361430581551619,0.9963131934639997,4.8509382942927575,mr_webots_overtaking_large_ship_0_4_m_s.wbt,ekf_on_cluster_off,1,0,5.0
1782954100.9511905,20.440169095993042,-200.0,156.83144704860555,0.2,0.0988237000154865,2.6331293546630317,1.5188660187902556,-0.0785835510576135,0.421980571841727,1782954100.9139142,None,None,None, None, 1782954100.9562001,1.0196200720266801,apf_colreg,overtaking,-1.0,4.885470028057676,0.0,14.946567657968583,-0.9353400760526025,7.446760038664327,1.0025606811033259,4.868968432282502,mr_webots_overtaking_large_ship_0_4_m_s.wbt,ekf_on_cluster_off,1,0,5.0
1782954101.0634046,20.552383184432983,-200.0,155.41016323840287,0.2,0.09488798636234487,2.697160506791745,1.5251965566688455,-0.032592202807751366,0.41939461384059357,1782954100.993257,None,None,None, None, 1782954101.0223477,1.0530871540846698,apf_colreg,overtaking,-1.0,4.911142162313343,0.0,14.946119218543437,-0.9606329651680818,7.54025747846832,0.9918513398278572,4.893424602152719,mr_webots_overtaking_large_ship_0_4_m_s.wbt,ekf_on_cluster_off,1,0,5.0
1782954101.1510303,20.6400089263916,-200.0,182.59437449983284,0.2,0.09412966909834193,2.301133835872644,1.4862988781688888,-0.030593268830098188,0.41654411720067375,1782954101.1898155,2.295059514223653,1.4857046438591477,0.09898541132861105, 1782954101.134499, 1782954101.1014593,0.9847575627832661,apf_colreg,overtaking,-1.0,4.92511227803469,0.0,14.97136470644212,-0.43229416999342263,7.617443249377652,0.9788988854604488,4.906550848487115,mr_webots_overtaking_large_ship_0_4_m_s.wbt,ekf_on_cluster_off,1,0,5.0
1782954101.2514634,20.740442037582397,-200.0,191.82240465458202,0.2,0.07703307443323054,2.3393164456038384,1.4898874428069107,-0.18212843049414731,0.39771486142868984,1782954101.1898155,None,None,None, None, 1782954101.2102761,0.9131179282874426,apf_colreg,overtaking,-1.0,4.955477906396921,0.0,14.975104223565127,-0.2239932732385217,7.236440747394852,0.9875778823216577,4.937302588993711,mr_webots_overtaking_large_ship_0_4_m_s.wbt,ekf_on_cluster_off,1,0,5.0
1782954101.3506734,20.839652061462402,-200.0,196.12506151407447,0.2,0.066453289280691,2.3976865033235084,1.4939665951874428,-0.03354294414334289,0.3950083243690814,1782954101.3506734,None,None,None, None, 1782954101.351679,0.9943733648259332,apf_colreg,overtaking,-1.0,4.96629882077849,0.0,14.975570895794222,-0.11978099004313325,7.328429733912303,0.8895653364126439,4.950342386260537,mr_webots_overtaking_large_ship_0_4_m_s.wbt,ekf_on_cluster_off,1,0,5.0
1782954101.451322,20.940300703048706,-192.82768244085761,200.0,0.2,0.041438388903133026,2.4645523891464753,1.4980760000303066,-0.19046597676089133,0.363187372043386,1782954101.4375732,None,None,None, None, 1782954101.4355745,1.0139228540174274,apf_colreg,overtaking,-1.0,4.96629882077849,0.0,14.974144432128867,0.20007730447075733,7.328429733912303,0.8895653364126439,4.950342386260537,mr_webots_overtaking_large_ship_0_4_m_s.wbt,ekf_on_cluster_off,1,0,5.0
1782954101.550971,21.039949655532837,-186.25713727400273,200.0,0.2,0.029440454974540734,2.532990315438354,1.500179820917872,-0.02109105053148528,0.36141845194009464,1782954101.5214438,None,None,None, None, 1782954101.506914,1.0735825642316699,apf_colreg,overtaking,-1.0,3.0244293951908165,130.30299535645693,14.971167706820879,0.3518097950902819,7.417483998041443,0.7877160939999208,4.9809718989267955,mr_webots_overtaking_large_ship_0_4_m_s.wbt,ekf_on_cluster_off,1,0,5.0
1782954101.650782,21.139760732650757,-181.42481071686547,200.0,0.2,0.021041198140542932,2.600976194403314,1.501698326014027,-0.018810375852588684,0.3600054035742018,1782954101.5965645,None,None,None, None, 1782954101.6441355,0.9028597898131373,apf_colreg,overtaking,-1.0,4.26043002685663,53.94772573708,14.968204410207822,0.4573394821991119,7.49399539086523,0.7572939736115809,4.9931518229288345,mr_webots_overtaking_large_ship_0_4_m_s.wbt,ekf_on_cluster_off,1,0,5.0
1782954101.7506714,21.239650011062622,-178.39687863705214,200.0,0.2,0.015832337065380037,2.668396352393934,1.502760719625905,-0.005113197591004051,0.3592762588552793,1782954101.739165,None,None,None, None, 1782954101.7221408,0.9347130143716669,apf_colreg,overtaking,-1.0,4.9223178120134925,15.23390853309077,14.966058366780697,0.5211774058376069,7.568620836728921,0.7171984354393317,5.0052536972883095,mr_webots_overtaking_large_ship_0_4_m_s.wbt,ekf_on_cluster_off,1,0,5.0
1782954101.8508778,21.339856386184692,-176.21476957625268,200.0,0.2,0.012114813573024965,2.73541988598476,1.503562302294326,-0.0030383056134207945,0.359040311030705,1782954101.8168228,None,None,None, None, 1782954101.8473623,1.0711303145764992,apf_colreg,overtaking,-1.0,5.0527372372497075,0.0,14.964397906410312,0.5661818887108749,7.664247502583487,0.6885147727694809,5.036006932509157,mr_webots_overtaking_large_ship_0_4_m_s.wbt,ekf_on_cluster_off,1,0,5.0
1782954101.9543796,21.443358182907104,-200.0,-200.0,0.2,0.012472743708262247,2.802158061083591,1.5041626622042568,0.02708093169976693,0.36255597343310714,1782954101.9466434,None,None,None, None, 1782954101.9129872,1.0554018666746152,apf_avoid,overtaking,0.0,5.064617261791319,0.0,11.46735592654403,-6.697661260271749,7.7430570229431,0.6689064510171561,5.047800798667531,mr_webots_overtaking_large_ship_0_4_m_s.wbt,ekf_on_cluster_off,1,0,5.0
1782954102.0544274,21.543406009674072,-200.0,-200.0,0.2,0.015939640786448057,2.84871124376832,1.505103472431092,-0.0285040931690743,0.36044065953309284,1782954102.0208542,None,None,None, None, 1782954102.0544274,0.9070023091831426,apf_avoid,overtaking,0.0,5.084773899748533,0.0,11.443872013600021,-6.749606051838233,7.849855867937155,0.7858744502670294,5.078481258682173,mr_webots_overtaking_large_ship_0_4_m_s.wbt,ekf_on_cluster_off,1,0,5.0
1782954102.151264,21.64024257659912,-200.0,-200.0,0.2,0.034800989932305626,2.4658594165978824,1.5003663656532324,-0.05098384135045953,0.35650863647312325,1782954102.0979772,2.460266901285701,1.5002892122079645,0.06346144110241436, 1782954102.142685, 1782954102.1266832,0.9987663911736299,apf_avoid,overtaking,0.0,5.0933936983012424,0.0,11.316680059660351,-6.9026944671268,7.917589796659253,0.8988016096487467,5.089815998334008,mr_webots_overtaking_large_ship_0_4_m_s.wbt,ekf_on_cluster_off,1,0,5.0
1782954102.2528052,21.74178385734558,-200.0,114.74682030560919,0.2,0.041849675764964435,2.4654633109053155,1.50034768923692,-0.06927584785436655,0.3482429619584771,1782954102.2172925,None,None,None, None, 1782954102.2222924,1.0207318476299128,track,none,0.0,nan,nan,11.316680059660351,-6.9026944671268,nan,nan,nan,mr_webots_overtaking_large_ship_0_4_m_s.wbt,ekf_on_cluster_off,1,0,5.0
1782954102.3507574,21.839735984802246,-200.0,115.06857772205952,0.2,0.040718445763284566,2.487068585141578,1.5013988959944586,-0.07761882956557206,0.3414455331686115,1782954102.304867,None,None,None, None, 1782954102.304867,0.9933797855616517,track,none,0.0,nan,nan,11.316680059660351,-6.9026944671268,nan,nan,nan,mr_webots_overtaking_large_ship_0_4_m_s.wbt,ekf_on_cluster_off,1,0,5.0
1782954102.45067,21.939648628234863,-200.0,117.36167299181344,0.2,0.03492797045819737,2.5277972552000545,1.5031991504332067,-0.08479867216728106,0.3352815774875181,1782954102.3775563,None,None,None, None, 1782954102.3815546,1.0656836846183328,track,none,0.0,nan,nan,11.316680059660351,-6.9026944671268,nan,nan,nan,mr_webots_overtaking_large_ship_0_4_m_s.wbt,ekf_on_cluster_off,1,0,5.0
1782954102.5510943,22.040072917938232,-200.0,124.1854717362421,0.2,0.01883223802514034,2.5804237874528546,1.5051079537480625,-0.1579262328080694,0.31190412703513204,1782954102.525584,None,None,None, None, 1782954102.5325813,1.018987430477717,track,none,0.0,nan,nan,11.316680059660351,-6.9026944671268,nan,nan,nan,mr_webots_overtaking_large_ship_0_4_m_s.wbt,ekf_on_cluster_off,1,0,5.0
1782954102.6515377,22.14051628112793,-200.0,127.8071718954612,0.2,0.010161881979491262,2.638616062221677,1.50603068347335,-0.05417721453543238,0.30711395029095195,1782954102.6140008,None,None,None, None, 1782954102.6285121,0.9656133834303596,track,none,0.0,nan,nan,11.316680059660351,-6.9026944671268,nan,nan,nan,mr_webots_overtaking_large_ship_0_4_m_s.wbt,ekf_on_cluster_off,1,0,5.0
1782954102.7519274,22.24090600013733,-200.0,130.8602989050585,0.2,0.0028534881914979967,2.698840487158214,1.5065715901508874,-0.055859052431537104,0.30231817094384184,1782954102.6998558,None,None,None, None, 1782954102.7218945,0.9781552188300605,track,none,0.0,nan,nan,11.316680059660351,-6.9026944671268,nan,nan,nan,mr_webots_overtaking_large_ship_0_4_m_s.wbt,ekf_on_cluster_off,1,0,5.0
1782954102.8506606,22.33963918685913,-200.0,133.03146062048236,0.2,-0.0023048681338268618,2.759864666460731,1.506722070381457,-0.0427086664795524,0.2991734768810812,1782954102.8536673,None,None,None, None, 1782954102.7964993,1.0814555359432223,track,none,0.0,nan,nan,11.316680059660351,-6.9026944671268,nan,nan,nan,mr_webots_overtaking_large_ship_0_4_m_s.wbt,ekf_on_cluster_off,1,0,5.0
1782954102.9513142,22.440292835235596,-200.0,134.56548225495493,0.2,6.277294126965535,2.821275895001314,1.506611146859747,-0.035505054062294525,0.2933749584612558,1782954102.9368024,None,None,None, None, 1782954102.9458025,1.0969691986551426,track,none,0.0,nan,nan,11.316680059660351,-6.9026944671268,nan,nan,nan,mr_webots_overtaking_large_ship_0_4_m_s.wbt,ekf_on_cluster_off,1,0,5.0
1782954103.05133,22.540308713912964,-200.0,136.59039178041527,0.2,6.272579446786912,2.882915128353099,1.5063228171805711,-0.05085198503745382,0.28977657441394755,1782954103.0075643,None,None,None, None, 1782954103.0247886,1.0477205449482354,track,none,0.0,nan,nan,11.316680059660351,-6.9026944671268,nan,nan,nan,mr_webots_overtaking_large_ship_0_4_m_s.wbt,ekf_on_cluster_off,1,0,5.0
1782954103.153489,22.642467737197876,-200.0,144.68429689732704,0.2,6.253505571135725,2.595094002686421,1.504606301677259,-0.14564366384796698,0.2785154266485764,1782954103.0848842,2.5904755978513268,1.5045915565772108,6.24710077955227, 1782954103.146454, 1782954103.135941,0.9036713854340768,track,none,0.0,nan,nan,11.316680059660351,-6.9026944671268,nan,nan,nan,mr_webots_overtaking_large_ship_0_4_m_s.wbt,ekf_on_cluster_off,1,0,5.0
1782954103.2555158,22.744494438171387,-200.0,148.0682291459521,0.2,6.24558113360177,2.6382413865390646,1.5031793419406734,-0.04654562584980549,0.2732765157659706,1782954103.1974385,None,None,None, None, 1782954103.2304683,1.0624828036273055,track,none,0.0,nan,nan,11.316680059660351,-6.9026944671268,nan,nan,nan,mr_webots_overtaking_large_ship_0_4_m_s.wbt,ekf_on_cluster_off,1,0,5.0
1782954103.35234,22.841318607330322,-200.0,150.77675445867092,0.2,6.239559306726191,2.6946867697099575,1.500957027203384,-0.04251735178749646,0.267691738246341,1782954103.3287914,None,None,None, None, 1782954103.312267,1.0119070780612711,track,none,0.0,nan,nan,11.316680059660351,-6.9026944671268,nan,nan,nan,mr_webots_overtaking_large_ship_0_4_m_s.wbt,ekf_on_cluster_off,1,0,5.0
1782954103.4531417,22.94212031364441,-200.0,152.94358288187945,0.2,6.2350519439848044,2.756427322355412,1.4982119876196478,-0.035273640973040955,0.26450676941995477,1782954103.4190845,None,None,None, None, 1782954103.4190845,0.955910156081743,track,none,0.0,nan,nan,11.316680059660351,-6.9026944671268,nan,nan,nan,mr_webots_overtaking_large_ship_0_4_m_s.wbt,ekf_on_cluster_off,1,0,5.0
1782954103.5536468,23.042625427246094,-200.0,155.02378168639,0.2,6.2308249787789025,2.819762497735963,1.4951610961332547,-0.03945189157698262,0.2613193459411605,1782954103.4998772,None,None,None, None, 1782954103.504389,0.9766479530625239,track,none,0.0,nan,nan,11.316680059660351,-6.9026944671268,nan,nan,nan,mr_webots_overtaking_large_ship_0_4_m_s.wbt,ekf_on_cluster_off,1,0,5.0
1782954103.6627686,23.151747226715088,-200.0,162.08834300691436,0.2,6.213199243212948,2.8836363315377636,1.4918135814733808,-0.1578083507765062,0.24856492321577386,1782954103.5806994,None,None,None, None, 1782954103.5897057,0.9142981639715221,track,none,0.0,nan,nan,11.316680059660351,-6.9026944671268,nan,nan,nan,mr_webots_overtaking_large_ship_0_4_m_s.wbt,ekf_on_cluster_off,1,0,5.0
1782954103.7515883,23.240566968917847,-200.0,165.3232330683372,0.2,6.206155254633394,2.948203564713529,1.4869685455959871,-0.02436348885752916,0.24572448223656368,1782954103.6972854,None,None,None, None, 1782954103.7028043,1.0049202817645362,track,none,0.0,nan,nan,11.316680059660351,-6.9026944671268,nan,nan,nan,mr_webots_overtaking_large_ship_0_4_m_s.wbt,ekf_on_cluster_off,1,0,5.0
1782954103.8545315,23.343510150909424,-200.0,168.2913458631496,0.2,6.199804863944041,3.0132263874694534,1.481801350999774,-0.03873375746563103,0.24251428304673678,1782954103.865046,None,None,None, None, 1782954103.8585331,1.0468142353881904,track,none,0.0,nan,nan,11.316680059660351,-6.9026944671268,nan,nan,nan,mr_webots_overtaking_large_ship_0_4_m_s.wbt,ekf_on_cluster_off,1,0,5.0
1782954103.9558268,23.44480538368225,-200.0,171.09590097247872,0.2,6.19391181006996,3.0786062482572913,1.4762350135704345,-0.0401497582563642,0.2391062904252699,1782954103.9578264,None,None,None, None, 1782954103.8585331,1.0468142353881904,track,none,0.0,nan,nan,11.316680059660351,-6.9026944671268,nan,nan,nan,mr_webots_overtaking_large_ship_0_4_m_s.wbt,ekf_on_cluster_off,1,0,5.0
1782954104.0511024,23.540081024169922,-200.0,179.01902532873808,0.2,6.172510073863892,3.1443073346589685,1.470265839780435,-0.17858525856454222,0.208649406858621,1782954104.0355914,None,None,None, None, 1782954104.0405917,0.9506874613779882,track,none,0.0,nan,nan,11.316680059660351,-6.9026944671268,nan,nan,nan,mr_webots_overtaking_large_ship_0_4_m_s.wbt,ekf_on_cluster_off,1,0,5.0
1782954104.1514244,23.640403032302856,-200.0,183.0858564564029,0.2,6.162795120483312,3.2106775503410234,1.4624115080522824,-0.03134202447444723,0.20630503791864493,1782954104.110391,None,None,None, None, 1782954104.123905,1.0315093658479426,track,none,0.0,nan,nan,0.0,0.0,nan,nan,nan,mr_webots_overtaking_large_ship_0_4_m_s.wbt,ekf_on_cluster_off,1,0,5.0
1782954104.2521307,23.741109371185303,-200.0,178.25271117399538,0.2,6.164655180744256,2.752884801374768,1.4964640713864152,-0.0281056239732518,0.20365779260795097,1782954104.20458,2.7473559422618483,1.4969113144665747,6.181099969018709, 1782954104.152431, 1782954104.250116,0.969895892403568,track,none,0.0,nan,nan,0.0,0.0,nan,nan,nan,mr_webots_overtaking_large_ship_0_4_m_s.wbt,ekf_on_cluster_off,1,0,5.0
1782954104.3521268,23.841105461120605,-200.0,180.61608219768763,0.2,6.15914073371974,2.7907517468141947,1.491855415295765,-0.029690373758243162,0.20078085950714297,1782954104.301478,None,None,None, None, 1782954104.3320205,1.053170289441722,track,none,0.0,nan,nan,0.0,0.0,nan,nan,nan,mr_webots_overtaking_large_ship_0_4_m_s.wbt,ekf_on_cluster_off,1,0,5.0
1782954104.4512095,23.94018816947937,-200.0,183.73947739235172,0.2,6.152045864647996,2.8475188776333313,1.4846728898402421,-0.05259083243591229,0.1968794016093377,1782954104.4552195,None,None,None, None, 1782954104.3966856,1.0715284207845635,track,none,0.0,nan,nan,0.0,0.0,nan,nan,nan,mr_webots_overtaking_large_ship_0_4_m_s.wbt,ekf_on_cluster_off,1,0,5.0
1782954104.55541,24.04438853263855,-200.0,186.33325100089485,0.2,6.146997746002587,2.912240840093066,1.4759748679583033,-0.025887654553272542,0.19294925043264752,1782954104.5274787,None,None,None, None, 1782954104.4892485,1.027333704236394,track,none,0.0,nan,nan,0.0,0.0,nan,nan,nan,mr_webots_overtaking_large_ship_0_4_m_s.wbt,ekf_on_cluster_off,1,0,5.0
1782954104.6552253,24.144203901290894,-200.0,188.62167875242068,0.2,6.14299071542955,2.979098446882645,1.4666896506088065,-0.021634809391102763,0.19127994205061202,1782954104.6046371,None,None,None, None, 1782954104.658738,1.0830139121456182,track,none,0.0,nan,nan,0.0,0.0,nan,nan,nan,mr_webots_overtaking_large_ship_0_4_m_s.wbt,ekf_on_cluster_off,1,0,5.0
1782954104.7513626,24.240341186523438,-200.0,190.90226543579735,0.2,6.1389581451439446,3.0465415475297415,1.4570766941763438,-0.025190990906689862,0.1892744664924182,1782954104.684248,None,None,None, None, 1782954104.733339,1.0427781906670464,track,none,0.0,nan,nan,0.0,0.0,nan,nan,nan,mr_webots_overtaking_large_ship_0_4_m_s.wbt,ekf_on_cluster_off,1,0,5.0
1782954104.85625,24.345228672027588,-200.0,193.41633470382627,0.2,6.134034057372345,3.1142844774780962,1.447141566443829,-0.03296621568883472,0.18656722776329668,1782954104.8612506,None,None,None, None, 1782954104.8139865,0.9488159147243808,track,none,0.0,nan,nan,0.0,0.0,nan,nan,nan,mr_webots_overtaking_large_ship_0_4_m_s.wbt,ekf_on_cluster_off,1,0,5.0
1782954104.9549446,24.443923234939575,-200.0,195.6732797530706,0.2,6.129951031850134,3.1822934321550678,1.4367959329993312,-0.02217959802948404,0.18283124109465454,1782954104.934812,None,None,None, None, 1782954104.9238107,0.9519513294797753,track,none,0.0,nan,nan,0.0,0.0,nan,nan,nan,mr_webots_overtaking_large_ship_0_4_m_s.wbt,ekf_on_cluster_off,1,0,5.0
1782954105.0505803,24.53955888748169,-200.0,197.76001910287334,0.2,6.126403485879008,3.2505514819290755,1.4261357019258583,-0.01838264450070327,0.18166085903537682,1782954104.9984798,None,None,None, None, 1782954105.0009954,1.0536940252382476,track,none,0.0,nan,nan,0.0,0.0,nan,nan,nan,mr_webots_overtaking_large_ship_0_4_m_s.wbt,ekf_on_cluster_off,1,0,5.0
1782954105.1509771,24.639955759048462,-200.0,199.7471938297619,0.2,6.123139376421079,3.319041200986865,1.4151997655642639,-0.01691485705964312,0.17929297891339696,1782954105.138468,None,None,None, None, 1782954105.1520655,0.9618820049164429,track,none,0.0,nan,nan,0.0,0.0,nan,nan,nan,mr_webots_overtaking_large_ship_0_4_m_s.wbt,ekf_on_cluster_off,1,0,5.0
1782954105.2506902,24.73966884613037,-200.0,192.07377156707526,0.2,6.126897882530779,2.9173012825191615,1.4778019802094633,-0.016602014374656873,0.1777705056260539,1782954105.2301722,2.9112416156654057,1.4787525647609716,6.1400578960502425, 1782954105.181087, 1782954105.232173,0.9174680587630221,track,none,0.0,nan,nan,0.0,0.0,nan,nan,nan,mr_webots_overtaking_large_ship_0_4_m_s.wbt,ekf_on_cluster_off,1,0,5.0
1782954105.351059,24.84003758430481,-200.0,194.47053350699306,0.2,6.121035427840015,2.9594481998418587,1.4711124068415984,-0.05094391631143726,0.17377871842139012,1782954105.3085287,None,None,None, None, 1782954105.3140419,1.0895025101065299,track,none,0.0,nan,nan,0.0,0.0,nan,nan,nan,mr_webots_overtaking_large_ship_0_4_m_s.wbt,ekf_on_cluster_off,1,0,5.0
1782954105.4593654,24.948343992233276,-200.0,196.64774060963381,0.2,6.1170109486729825,3.019575063192623,1.4611261130282767,-0.015965319167193126,0.17255554920019314,1782954105.3851428,None,None,None, None, 1782954105.4016545,1.078280753025383,track,none,0.0,nan,nan,0.0,0.0,nan,nan,nan,mr_webots_overtaking_large_ship_0_4_m_s.wbt,ekf_on_cluster_off,1,0,5.0
1782954105.5515347,25.040513277053833,-200.0,200.0,0.2,6.102630441588537,3.0863042244931087,1.4498101038900266,-0.11930314603273191,0.15336284490601754,1782954105.5460162,None,None,None, None, 1782954105.544014,0.9717130506659294,track,none,0.0,nan,nan,0.0,0.0,nan,nan,nan,mr_webots_overtaking_large_ship_0_4_m_s.wbt,ekf_on_cluster_off,1,0,5.0
1782954105.6510391,25.14001774787903,-196.87007686277235,200.0,0.2,6.095819786474145,3.154493871627932,1.4369537149820308,-0.014284796742893019,0.1523203346700897,1782954105.6189966,None,None,None, None, 1782954105.6189966,0.9176243760551881,track,none,0.0,nan,nan,0.0,0.0,nan,nan,nan,mr_webots_overtaking_large_ship_0_4_m_s.wbt,ekf_on_cluster_off,1,0,5.0
1782954105.7516396,25.240618228912354,-194.2218008249749,200.0,0.2,6.091295886549308,3.222528915931962,1.4237873497773004,-0.010396795177489104,0.1513004591902434,1782954105.7170918,None,None,None, None, 1782954105.7020671,1.099494931381529,track,none,0.0,nan,nan,0.0,0.0,nan,nan,nan,mr_webots_overtaking_large_ship_0_4_m_s.wbt,ekf_on_cluster_off,1,0,5.0
1782954105.8516264,25.34060502052307,-191.71913352667798,200.0,0.2,6.087619165532214,3.2902227493836382,1.410447662027023,-0.01183439543296495,0.15042321709008383,1782954105.7912183,None,None,None, None, 1782954105.7807064,0.9882100335187705,track,none,0.0,nan,nan,0.0,0.0,nan,nan,nan,mr_webots_overtaking_large_ship_0_4_m_s.wbt,ekf_on_cluster_off,1,0,5.0
1782954105.9511952,25.440173864364624,-189.43277768458924,200.0,0.2,6.084961329231281,3.3575658450849217,1.3969503640913796,-0.006264286904421474,0.14952148801622234,1782954105.935166,None,None,None, None, 1782954105.9496727,0.9684321709397208,track,none,0.0,nan,nan,0.0,0.0,nan,nan,nan,mr_webots_overtaking_large_ship_0_4_m_s.wbt,ekf_on_cluster_off,1,0,5.0
1782954106.0509312,25.539909839630127,-187.24699428931206,200.0,0.2,6.082850070485505,3.4245928268372436,1.383356752933377,-0.004309909168302283,0.14917389550398372,1782954106.0158155,None,None,None, None, 1782954106.0158155,1.0589363388815163,track,none,0.0,nan,nan,0.0,0.0,nan,nan,nan,mr_webots_overtaking_large_ship_0_4_m_s.wbt,ekf_on_cluster_off,1,0,5.0
1782954106.1507764,25.63975501060486,-185.2263353293799,200.0,0.2,6.0814551036785405,3.4913227097396433,1.369689861675095,0.0005327892689252483,0.14922126039052316,1782954106.1047153,None,None,None, None, 1782954106.0910027,0.9375893594530079,track,none,0.0,nan,nan,0.0,0.0,nan,nan,nan,mr_webots_overtaking_large_ship_0_4_m_s.wbt,ekf_on_cluster_off,1,0,5.0
1782954106.2516568,25.74063539505005,-198.20714745744337,200.0,0.2,6.094508209383485,3.0805913840317447,1.4532874665464368,0.0016125058498478505,0.14937632576835208,1782954106.2008796,3.07429018493703,1.4545721673217824,6.12152503722614, 1782954106.181847, 1782954106.1893537,1.0896556199011203,track,none,0.0,nan,nan,0.0,0.0,nan,nan,nan,mr_webots_overtaking_large_ship_0_4_m_s.wbt,ekf_on_cluster_off,1,0,5.0
1782954106.3517106,25.840689182281494,-197.50775459340272,200.0,0.2,6.09484734161999,3.1205793444021706,1.4456222149153355,0.012227097249538016,0.1504441369205765,1782954106.3527281,None,None,None, None, 1782954106.3421912,0.9463318121007307,track,none,0.0,nan,nan,0.0,0.0,nan,nan,nan,mr_webots_overtaking_large_ship_0_4_m_s.wbt,ekf_on_cluster_off,1,0,5.0
1782954106.451357,25.940335512161255,-196.42931317233015,200.0,0.2,6.095214352532229,3.1798549742800897,1.4343244648761964,0.0037597149495368284,0.15098406779400245,1782954106.4318206,None,None,None, None, 1782954106.4147944,0.9206489442724112,track,none,0.0,nan,nan,0.0,0.0,nan,nan,nan,mr_webots_overtaking_large_ship_0_4_m_s.wbt,ekf_on_cluster_off,1,0,5.0
1782954106.5506363,26.03961491584778,-195.21285633818798,200.0,0.2,6.095640696248936,3.246175465268536,1.4217092090948278,0.004148779224091576,0.15134212679348613,1782954106.5181253,None,None,None, None, 1782954106.5021057,1.0831111822961332,track,none,0.0,nan,nan,0.0,0.0,nan,nan,nan,mr_webots_overtaking_large_ship_0_4_m_s.wbt,ekf_on_cluster_off,1,0,5.0
1782954106.6514256,26.140404224395752,-194.02312367960644,200.0,0.2,6.096309353052106,3.313810099794913,1.4088738579676967,0.0059264490639079894,0.15177018067600528,1782954106.6534345,None,None,None, None, 1782954106.635404,0.9248568537695633,track,none,0.0,nan,nan,0.0,0.0,nan,nan,nan,mr_webots_overtaking_large_ship_0_4_m_s.wbt,ekf_on_cluster_off,1,0,5.0
1782954106.75056,26.23953866958618,-192.89280784285188,200.0,0.2,6.097232791498822,3.3815238653389517,1.3960703917282833,0.008191354136112751,0.1529257536250185,1782954106.7314253,None,None,None, None, 1782954106.721387,1.071576735217173,track,none,0.0,nan,nan,0.0,0.0,nan,nan,nan,mr_webots_overtaking_large_ship_0_4_m_s.wbt,ekf_on_cluster_off,1,0,5.0
1782954106.8553388,26.34431743621826,-193.66072117875834,200.0,0.2,6.104843782232871,3.4491384098905753,1.3833503452918277,0.06817558096097329,0.1572668287493798,1782954106.7951002,None,None,None, None, 1782954106.858851,1.025943258716496,track,none,0.0,nan,nan,0.0,0.0,nan,nan,nan,mr_webots_overtaking_large_ship_0_4_m_s.wbt,ekf_on_cluster_off,1,0,5.0
1782954106.951978,26.440956592559814,-193.29808297455685,200.0,0.2,6.1082068370612825,3.5169434681124048,1.3713048961881018,0.010285028468687963,0.15807678592305593,1782954106.954978,None,None,None, None, 1782954106.934954,0.990944258699683,track,none,0.0,nan,nan,0.0,0.0,nan,nan,nan,mr_webots_overtaking_large_ship_0_4_m_s.wbt,ekf_on_cluster_off,1,0,5.0
1782954107.0546322,26.54361081123352,-192.64344220867642,200.0,0.2,6.110489329933705,3.584747042941294,1.359422550196065,0.00871096111693572,0.15944489336738288,1782954107.0309072,None,None,None, None, 1782954106.9965806,1.0970641556178384,track,none,0.0,nan,nan,0.0,0.0,nan,nan,nan,mr_webots_overtaking_large_ship_0_4_m_s.wbt,ekf_on_cluster_off,1,0,5.0
1782954107.1505618,26.639540433883667,-192.8156476687254,200.0,0.2,6.115648770709561,3.65249600003306,1.3476643776579422,0.03899069757836127,0.16244040572241678,1782954107.1077335,None,None,None, None, 1782954107.1248436,0.9577321174340924,track,none,0.0,nan,nan,0.0,0.0,nan,nan,nan,mr_webots_overtaking_large_ship_0_4_m_s.wbt,ekf_on_cluster_off,1,0,5.0
1782954107.2546089,26.743587493896484,-200.0,198.38117140060916,0.2,6.123878129704335,3.2478351037703552,1.4266639015071545,0.013305808541830937,0.16362582482638327,1782954107.2606084,3.2415949183966,1.427857146540332,6.133872352477892, 1782954107.194827, 1782954107.2128456,0.9820717887134474,track,none,0.0,nan,nan,0.0,0.0,nan,nan,nan,mr_webots_overtaking_large_ship_0_4_m_s.wbt,ekf_on_cluster_off,1,0,5.0
1782954107.350968,26.839946508407593,-200.0,198.38901412932717,0.2,6.126405945543732,3.2894153211994426,1.4200498374099002,0.009101200977465985,0.16482364831804716,1782954107.3284354,None,None,None, None, 1782954107.292348,1.0664021419098173,track,none,0.0,nan,nan,0.0,0.0,nan,nan,nan,mr_webots_overtaking_large_ship_0_4_m_s.wbt,ekf_on_cluster_off,1,0,5.0
1782954107.4541175,26.943096160888672,-200.0,198.67989922722268,0.2,6.128975517404153,3.34979001521688,1.4105843738610098,0.013026396215708625,0.16582799017963482,1782954107.405536,None,None,None, None, 1782954107.3870203,1.077769603546777,track,none,0.0,nan,nan,0.0,0.0,nan,nan,nan,mr_webots_overtaking_large_ship_0_4_m_s.wbt,ekf_on_cluster_off,1,0,5.0
1782954107.553597,27.04257559776306,-200.0,199.05604944995827,0.2,6.131565358021194,3.4169430079571006,1.4002322406761039,0.013288187045948535,0.16688025974460707,1782954107.4847243,None,None,None, None, 1782954107.4857306,0.9854386076945025,track,none,0.0,nan,nan,0.0,0.0,nan,nan,nan,mr_webots_overtaking_large_ship_0_4_m_s.wbt,ekf_on_cluster_off,1,0,5.0
1782954107.6520026,27.140981197357178,-200.0,199.54519537835856,0.2,6.1337344268118645,3.4854949492238463,1.3898454263184448,0.009508856431206754,0.16845345107930326,1782954107.6501691,None,None,None, None, 1782954107.6501691,0.9228420606536389,track,none,0.0,nan,nan,0.0,0.0,nan,nan,nan,mr_webots_overtaking_large_ship_0_4_m_s.wbt,ekf_on_cluster_off,1,0,5.0
1782954107.7511327,27.240111351013184,-200.0,200.0,0.2,6.1355888205474285,3.5543212819868506,1.3795571534393005,0.008150173080819565,0.16921091337073643,1782954107.7431073,None,None,None, None, 1782954107.7431073,0.9136744453826111,track,none,0.0,nan,nan,0.0,0.0,nan,nan,nan,mr_webots_overtaking_large_ship_0_4_m_s.wbt,ekf_on_cluster_off,1,0,5.0
1782954107.8514388,27.34041738510132,-200.0,200.0,0.2,6.137356285342997,3.623249270621728,1.369372448715012,0.008715654203281674,0.16988437431896827,1782954107.8203776,None,None,None, None, 1782954107.8203776,0.9836089899584192,track,none,0.0,nan,nan,0.0,0.0,nan,nan,nan,mr_webots_overtaking_large_ship_0_4_m_s.wbt,ekf_on_cluster_off,1,0,5.0
1782954107.956973,27.44595170021057,-200.0,200.0,0.2,6.138890366547781,3.6922057055094974,1.3593033320147825,0.007166221389326638,0.17046827139160764,1782954107.9018567,None,None,None, None, 1782954107.8883412,1.0155049655119521,track,none,0.0,nan,nan,0.0,0.0,nan,nan,nan,mr_webots_overtaking_large_ship_0_4_m_s.wbt,ekf_on_cluster_off,1,0,5.0
1782954108.051664,27.540642738342285,-199.69971837740084,200.0,0.2,6.140312067215918,3.7611780240317403,1.3493330048133032,0.006931721106197351,0.17109318174026192,1782954107.992009,None,None,None, None, 1782954108.0430844,0.9567145577233626,track,none,0.0,nan,nan,0.0,0.0,nan,nan,nan,mr_webots_overtaking_large_ship_0_4_m_s.wbt,ekf_on_cluster_off,1,0,5.0
1782954108.1524563,27.641434907913208,-199.11405040739288,200.0,0.2,6.141921901852788,3.8301308533875966,1.3394603322723455,0.00915846763825654,0.17237632019767402,1782954108.132113,None,None,None, None, 1782954108.1205928,0.9164519363712829,track,none,0.0,nan,nan,0.0,0.0,nan,nan,nan,mr_webots_overtaking_large_ship_0_4_m_s.wbt,ekf_on_cluster_off,1,0,5.0
1782954108.2505815,27.7395601272583,-200.0,195.04880132989973,0.2,6.145441901874956,3.4135856930765462,1.4026988965012868,0.006539595624732699,0.17293841336466248,1782954108.2180653,3.4071743654094573,1.4036628652328211,6.149637635366713, 1782954108.209551, 1782954108.2310643,1.0196526262088783,track,none,0.0,nan,nan,0.0,0.0,nan,nan,nan,mr_webots_overtaking_large_ship_0_4_m_s.wbt,ekf_on_cluster_off,1,0,5.0
1782954108.3515687,27.84054732322693,-200.0,195.28401796074527,0.2,6.146791762746961,3.4546511578014365,1.3970415933334124,0.0047609108101351735,0.17339759229183008,1782954108.314513,None,None,None, None, 1782954108.3107202,1.0580288986849624,track,none,0.0,nan,nan,0.0,0.0,nan,nan,nan,mr_webots_overtaking_large_ship_0_4_m_s.wbt,ekf_on_cluster_off,1,0,5.0
1782954108.4567382,27.945716857910156,-200.0,195.77141057560456,0.2,6.148200313157264,3.514554844876846,1.3888708788541848,0.005783503719835643,0.17382048414047355,1782954108.3876333,None,None,None, None, 1782954108.3876333,1.0180390485894764,track,none,0.0,nan,nan,0.0,0.0,nan,nan,nan,mr_webots_overtaking_large_ship_0_4_m_s.wbt,ekf_on_cluster_off,1,0,5.0
1782954108.550876,28.039854526519775,-200.0,196.42645093063803,0.2,6.149315656128457,3.581414878637837,1.3798483749589465,0.003012600532138204,0.17413266504874483,1782954108.4912584,None,None,None, None, 1782954108.492259,0.937236854001449,track,none,0.0,nan,nan,0.0,0.0,nan,nan,nan,mr_webots_overtaking_large_ship_0_4_m_s.wbt,ekf_on_cluster_off,1,0,5.0
1782954108.6530962,28.142074823379517,-200.0,197.0969970933713,0.2,6.150407809412629,3.6497725032788546,1.3706923656088321,0.004028979709424667,0.17461486745833515,1782954108.610942,None,None,None, None, 1782954108.6449652,1.0296078124724437,track,none,0.0,nan,nan,0.0,0.0,nan,nan,nan,mr_webots_overtaking_large_ship_0_4_m_s.wbt,ekf_on_cluster_off,1,0,5.0
1782954108.7516985,28.24067711830139,-200.0,197.87774302696997,0.2,6.151055529634828,3.7184377959054196,1.3615676267232502,0.000524807797066017,0.17464960761680345,1782954108.758698,None,None,None, None, 1782954108.7093196,0.9720551380006508,track,none,0.0,nan,nan,0.0,0.0,nan,nan,nan,mr_webots_overtaking_large_ship_0_4_m_s.wbt,ekf_on_cluster_off,1,0,5.0
1782954108.8514109,28.340389490127563,-200.0,198.79382569618608,0.2,6.151156900467796,3.7872343430000743,1.3524565898896554,-0.0027011992356366058,0.174218064031452,1782954108.8368979,None,None,None, None, 1782954108.841898,0.9932366601219361,track,none,0.0,nan,nan,0.0,0.0,nan,nan,nan,mr_webots_overtaking_large_ship_0_4_m_s.wbt,ekf_on_cluster_off,1,0,5.0
1782954108.9511132,28.440091848373413,-200.0,199.73570577099719,0.2,6.1511296529922745,3.8561473464404266,1.3433178902513703,-0.0016737088155932129,0.17406961793695225,1782954108.9255908,None,None,None, None, 1782954108.9255908,1.0582042509627752,track,none,0.0,nan,nan,0.0,0.0,nan,nan,nan,mr_webots_overtaking_large_ship_0_4_m_s.wbt,ekf_on_cluster_off,1,0,5.0
1782954109.052591,28.541569709777832,-200.0,200.0,0.2,6.1508720716824925,3.925178135671448,1.33414862212592,-0.0018570007329776915,0.173918383849396,1782954109.0070307,None,None,None, None, 1782954109.0160377,0.9094510117510907,track,none,0.0,nan,nan,0.0,0.0,nan,nan,nan,mr_webots_overtaking_large_ship_0_4_m_s.wbt,ekf_on_cluster_off,1,0,5.0
1782954109.1504622,28.639440774917603,-199.93025244458065,200.0,0.2,6.150717528179043,3.994251787344182,1.3249555540238291,-0.0018922793399319363,0.17368200277560658,1782954109.1319494,None,None,None, None, 1782954109.1329496,0.9752630420535736,track,none,0.0,nan,nan,0.0,0.0,nan,nan,nan,mr_webots_overtaking_large_ship_0_4_m_s.wbt,ekf_on_cluster_off,1,0,5.0
1782954109.2530146,28.741993188858032,-200.0,195.86165718655786,0.2,6.151000884656869,3.5778860706754103,1.380840960115217,-0.0011192017149566427,0.17358156130185265,1782954109.2216933,3.5714748740885085,1.381700694894093,6.151968955287255, 1782954109.213678, 1782954109.2356718,0.9637972153438144,track,none,0.0,nan,nan,0.0,0.0,nan,nan,nan,mr_webots_overtaking_large_ship_0_4_m_s.wbt,ekf_on_cluster_off,1,0,5.0
1782954109.351358,28.840336561203003,-200.0,196.87380961325636,0.2,6.149421812854284,3.61925059345619,1.3753411449372026,-0.016611818477320746,0.17223051713188844,1782954109.3030236,None,None,None, None, 1782954109.323051,1.0519476888863135,track,none,0.0,nan,nan,0.0,0.0,nan,nan,nan,mr_webots_overtaking_large_ship_0_4_m_s.wbt,ekf_on_cluster_off,1,0,5.0
1782954109.457186,28.94616460800171,-200.0,197.97670322204775,0.2,6.148483558109379,3.679469419418777,1.3672064514535123,-0.004297426515141996,0.1718284530651527,1782954109.3965828,None,None,None, None, 1782954109.410121,1.0050540466162396,track,none,0.0,nan,nan,0.0,0.0,nan,nan,nan,mr_webots_overtaking_large_ship_0_4_m_s.wbt,ekf_on_cluster_off,1,0,5.0
1782954109.5571172,29.046095848083496,-200.0,199.40729965997244,0.2,6.146624933521497,3.746636647282381,1.358078932428171,-0.014271442277317584,0.16975174464085052,1782954109.5420978,None,None,None, None, 1782954109.509732,0.9454651815448886,track,none,0.0,nan,nan,0.0,0.0,nan,nan,nan,mr_webots_overtaking_large_ship_0_4_m_s.wbt,ekf_on_cluster_off,1,0,5.0
1782954109.6513634,29.140341997146606,-200.0,200.0,0.2,6.142944506509706,3.8153319847056384,1.3485867865583856,-0.027428789893147513,0.1680488959950093,1782954109.6041803,None,None,None, None, 1782954109.6462924,0.9490747968890818,track,none,0.0,nan,nan,0.0,0.0,nan,nan,nan,mr_webots_overtaking_large_ship_0_4_m_s.wbt,ekf_on_cluster_off,1,0,5.0
1782954109.7506814,29.239660024642944,-198.7971299925185,200.0,0.2,6.140994353544385,3.8842765119630127,1.3387478892238498,-0.005490677809719816,0.16756637710830108,1782954109.69206,None,None,None, None, 1782954109.715145,0.9901731535899149,track,none,0.0,nan,nan,0.0,0.0,nan,nan,nan,mr_webots_overtaking_large_ship_0_4_m_s.wbt,ekf_on_cluster_off,1,0,5.0
1782954109.8528118,29.341790437698364,-197.38923655393296,200.0,0.2,6.139569366175947,3.953113355484191,1.3288178225473182,-0.004287396271888848,0.16702339227395288,1782954109.8187068,None,None,None, None, 1782954109.8578246,0.9612303469939082,track,none,0.0,nan,nan,0.0,0.0,nan,nan,nan,mr_webots_overtaking_large_ship_0_4_m_s.wbt,ekf_on_cluster_off,1,0,5.0
1782954109.9510038,29.439982414245605,-195.89489146911757,200.0,0.2,6.137939130731112,4.021771769863863,1.31882922834194,-0.007859058388433864,0.16642476992448121,1782954109.8948765,None,None,None, None, 1782954109.9299402,0.983282599918826,track,none,0.0,nan,nan,0.0,0.0,nan,nan,nan,mr_webots_overtaking_large_ship_0_4_m_s.wbt,ekf_on_cluster_off,1,0,5.0
1782954110.0615091,29.550487756729126,-194.51941923850572,200.0,0.2,6.136868174289525,4.090227577668324,1.3087500976105133,-0.0022598320772702534,0.16616781643812564,1782954110.0085812,None,None,None, None, 1782954110.040127,0.9155161829341871,track,none,0.0,nan,nan,0.0,0.0,nan,nan,nan,mr_webots_overtaking_large_ship_0_4_m_s.wbt,ekf_on_cluster_off,1,0,5.0
1782954110.152261,29.641239643096924,-193.20389115620267,200.0,0.2,6.136102643815526,4.158499235563722,1.2986321414915167,-0.0005383718691072291,0.16610827148541474,1782954110.119183,None,None,None, None, 1782954110.1201818,1.0829077079652398,track,none,0.0,nan,nan,0.0,0.0,nan,nan,nan,mr_webots_overtaking_large_ship_0_4_m_s.wbt,ekf_on_cluster_off,1,0,5.0
1782954110.2511585,29.740137100219727,-200.0,200.0,0.2,6.139192876413036,3.7375466100632226,1.3594297893484883,0.0003928887503858479,0.16614930908513456,1782954110.223634,3.731087660469645,1.3603666665342489,6.146262728851068, 1782954110.218627, 1782954110.223634,1.0511935721917787,track,none,0.0,nan,nan,0.0,0.0,nan,nan,nan,mr_webots_overtaking_large_ship_0_4_m_s.wbt,ekf_on_cluster_off,1,0,5.0
1782954110.3524487,29.841427326202393,-199.84481336023958,200.0,0.2,6.139236018188543,3.778172205382747,1.3535245653944585,0.004680002687380431,0.16651026690539736,1782954110.3007617,None,None,None, None, 1782954110.2972465,1.0408624112285436,track,none,0.0,nan,nan,0.0,0.0,nan,nan,nan,mr_webots_overtaking_large_ship_0_4_m_s.wbt,ekf_on_cluster_off,1,0,5.0
1782954110.4515772,29.940555810928345,-198.98235909650364,200.0,0.2,6.139335481798411,3.8383107551863285,1.3448073697416838,0.0009270534293226171,0.16658183514970232,1782954110.3779614,None,None,None, None, 1782954110.442552,0.9091111273496836,track,none,0.0,nan,nan,0.0,0.0,nan,nan,nan,mr_webots_overtaking_large_ship_0_4_m_s.wbt,ekf_on_cluster_off,1,0,5.0
1782954110.5516143,30.040592908859253,-198.01206285975235,200.0,0.2,6.139461660437363,3.905505846813193,1.3350741389036387,0.0011161753751706429,0.1667404605427543,1782954110.5200765,None,None,None, None, 1782954110.5200765,1.0488125201934582,track,none,0.0,nan,nan,0.0,0.0,nan,nan,nan,mr_webots_overtaking_large_ship_0_4_m_s.wbt,ekf_on_cluster_off,1,0,5.0
1782954110.650888,30.139866590499878,-197.03975012387323,200.0,0.2,6.1396946384291535,3.9740031898883723,1.3251611006028454,0.001734925015982509,0.1668586672169945,1782954110.58821,None,None,None, None, 1782954110.591211,0.9674522935951926,track,none,0.0,nan,nan,0.0,0.0,nan,nan,nan,mr_webots_overtaking_large_ship_0_4_m_s.wbt,ekf_on_cluster_off,1,0,5.0
1782954110.7509675,30.239946126937866,-196.09465278743065,200.0,0.2,6.140069132985313,4.042587723032016,1.3152517568241686,0.0026583730759827603,0.1672487320566607,1782954110.7349408,None,None,None, None, 1782954110.7359416,0.9474510535565775,track,none,0.0,nan,nan,0.0,0.0,nan,nan,nan,mr_webots_overtaking_large_ship_0_4_m_s.wbt,ekf_on_cluster_off,1,0,5.0
1782954110.8510845,30.340063095092773,-195.15996690109534,200.0,0.2,6.140505728782439,4.1110846948736155,1.3053812500431712,0.0030070258704748645,0.16744598410511669,1782954110.8005378,None,None,None, None, 1782954110.8130565,0.9654856419162299,track,none,0.0,nan,nan,0.0,0.0,nan,nan,nan,mr_webots_overtaking_large_ship_0_4_m_s.wbt,ekf_on_cluster_off,1,0,5.0
1782954110.9510741,30.44005274772644,-194.2345487750732,200.0,0.2,6.140998228922169,4.179470600533698,1.2955487934181633,0.005295542395537421,0.16817685865775775,1782954110.9385548,None,None,None, None, 1782954110.8801372,0.9064756096021159,track,none,0.0,nan,nan,0.0,0.0,nan,nan,nan,mr_webots_overtaking_large_ship_0_4_m_s.wbt,ekf_on_cluster_off,1,0,5.0
1782954111.052234,30.541212558746338,-193.2881497850087,200.0,0.2,6.141428587316764,4.247746328907241,1.2857749114084953,0.0029763047937986383,0.16848690199734898,1782954111.0427253,None,None,None, None, 1782954111.0437214,1.0616971010569292,track,none,0.0,nan,nan,0.0,0.0,nan,nan,nan,mr_webots_overtaking_large_ship_0_4_m_s.wbt,ekf_on_cluster_off,1,0,5.0
1782954111.1512337,30.640212297439575,-192.39770700974648,200.0,0.2,6.142079681129016,4.3159057634753495,1.2760341225741172,0.007223779713502756,0.16900102078375018,1782954111.1138957,None,None,None, None, 1782954111.1138957,1.0829627311325905,track,none,0.0,nan,nan,0.0,0.0,nan,nan,nan,mr_webots_overtaking_large_ship_0_4_m_s.wbt,ekf_on_cluster_off,1,0,5.0
1782954111.250869,30.739847660064697,-200.0,200.0,0.2,6.147841442182861,3.912332042667447,1.3355562995582044,0.0302045480118094,0.17155031158618714,1782954111.1982965,3.906103207897255,1.3364701955787317,6.152524179216305, 1782954111.221324, 1782954111.2048142,0.9337101874579373,track,none,0.0,nan,nan,0.0,0.0,nan,nan,nan,mr_webots_overtaking_large_ship_0_4_m_s.wbt,ekf_on_cluster_off,1,0,5.0
1782954111.3530598,30.84203839302063,-200.0,200.0,0.2,6.150056576313657,3.9546139439760597,1.3298490513032455,0.010286721279304445,0.17229236110153706,1782954111.3540611,None,None,None, None, 1782954111.286465,1.0252121224482014,track,none,0.0,nan,nan,0.0,0.0,nan,nan,nan,mr_webots_overtaking_large_ship_0_4_m_s.wbt,ekf_on_cluster_off,1,0,5.0
1782954111.4507742,30.93975281715393,-199.95092996013665,200.0,0.2,6.152054644914893,4.015634879519391,1.3217418190178662,0.009564345045274642,0.17379103368583243,1782954111.427127,None,None,None, None, 1782954111.4416485,0.9175626901570986,track,none,0.0,nan,nan,0.0,0.0,nan,nan,nan,mr_webots_overtaking_large_ship_0_4_m_s.wbt,ekf_on_cluster_off,1,0,5.0
1782954111.5516827,31.040661334991455,-199.48017408265045,200.0,0.2,6.153708571710949,4.083250513517677,1.3128888911679226,0.007266271067145631,0.17438340667485383,1782954111.5086505,None,None,None, None, 1782954111.5196507,1.0461585904695783,track,none,0.0,nan,nan,0.0,0.0,nan,nan,nan,mr_webots_overtaking_large_ship_0_4_m_s.wbt,ekf_on_cluster_off,1,0,5.0
1782954111.6528435,31.14182209968567,-198.97983031209708,200.0,0.2,6.155284497800752,4.152095401852926,1.3039791674624652,0.0079889451428669,0.17497205821189143,1782954111.5823338,None,None,None, None, 1782954111.594333,0.9884208013250637,track,none,0.0,nan,nan,0.0,0.0,nan,nan,nan,mr_webots_overtaking_large_ship_0_4_m_s.wbt,ekf_on_cluster_off,1,0,5.0
1782954111.7509143,31.239892959594727,-198.4690992683428,200.0,0.2,6.156800371079994,4.221073291925947,1.2951571457473676,0.008080777441069355,0.17610790313534586,1782954111.7228951,None,None,None, None, 1782954111.7228951,0.9129730934196669,track,none,0.0,nan,nan,0.0,0.0,nan,nan,nan,mr_webots_overtaking_large_ship_0_4_m_s.wbt,ekf_on_cluster_off,1,0,5.0
1782954111.8516037,31.340582370758057,-197.94515918398568,200.0,0.2,6.158238939427048,4.290023974891297,1.2864406468275646,0.007846745898773306,0.17673229158786463,1782954111.802468,None,None,None, None, 1782954111.8049831,0.9068205251107821,track,none,0.0,nan,nan,0.0,0.0,nan,nan,nan,mr_webots_overtaking_large_ship_0_4_m_s.wbt,ekf_on_cluster_off,1,0,5.0
1782954111.9508433,31.43982195854187,-197.44851790748922,200.0,0.2,6.159753691107877,4.35892364308941,1.2778269130728788,0.008995798529971353,0.17799487428917146,1782954111.9428205,None,None,None, None, 1782954111.9428205,1.0663990014856704,track,none,0.0,nan,nan,0.0,0.0,nan,nan,nan,mr_webots_overtaking_large_ship_0_4_m_s.wbt,ekf_on_cluster_off,1,0,5.0
1782954112.051634,31.54061269760132,-197.21997958337974,200.0,0.2,6.162238619195478,4.427773205503297,1.2693248688714007,0.017609040210925173,0.17933747678394837,1782954112.0190656,None,None,None, None, 1782954112.01206,1.0042265004958013,track,none,0.0,nan,nan,0.0,0.0,nan,nan,nan,mr_webots_overtaking_large_ship_0_4_m_s.wbt,ekf_on_cluster_off,1,0,5.0
1782954112.1532192,31.642197847366333,-196.83330213305075,200.0,0.2,6.164060564336211,4.496612677509503,1.2610211606870436,0.009174904065357684,0.17993053643472418,1782954112.083705,None,None,None, None, 1782954112.083705,1.0101204887714768,track,none,0.0,nan,nan,0.0,0.0,nan,nan,nan,mr_webots_overtaking_large_ship_0_4_m_s.wbt,ekf_on_cluster_off,1,0,5.0
1782954112.2508388,31.73981738090515,-200.0,198.67967898939685,0.2,6.166036130811463,4.069295893980092,1.3155682869236123,0.009501502190733964,0.1813949710816188,1782954112.2378316,4.0627435452181055,1.3163967963663246,6.166556735737182, 1782954112.235829, 1782954112.238831,1.0864596920056853,track,none,0.0,nan,nan,0.0,0.0,nan,nan,nan,mr_webots_overtaking_large_ship_0_4_m_s.wbt,ekf_on_cluster_off,1,0,5.0
1782954112.3509953,31.83997392654419,-200.0,197.94908770162021,0.2,6.170657352604994,4.1097218150046615,1.3108444888172919,0.040759951081269945,0.1842121794429007,1782954112.3069487,None,None,None, None, 1782954112.3199732,1.037159155798077,track,none,0.0,nan,nan,0.0,0.0,nan,nan,nan,mr_webots_overtaking_large_ship_0_4_m_s.wbt,ekf_on_cluster_off,1,0,5.0
1782954112.453584,31.942562580108643,-200.0,197.87226735679917,0.2,6.1735613590334975,4.169738684438629,1.3041942883467197,0.007448041458211765,0.18474555480640253,1782954112.455581,None,None,None, None, 1782954112.4565809,0.9773395360195578,track,none,0.0,nan,nan,0.0,0.0,nan,nan,nan,mr_webots_overtaking_large_ship_0_4_m_s.wbt,ekf_on_cluster_off,1,0,5.0
1782954112.5507085,32.039687156677246,-200.0,198.0613720336811,0.2,6.17572010758514,4.23702276192275,1.296893934991246,0.00668697431078954,0.1857762770255829,1782954112.5327003,None,None,None, None, 1782954112.5327003,0.9211841422259303,track,none,0.0,nan,nan,0.0,0.0,nan,nan,nan,mr_webots_overtaking_large_ship_0_4_m_s.wbt,ekf_on_cluster_off,1,0,5.0
1782954112.6516151,32.14059376716614,-200.0,198.39288358269496,0.2,6.177354225656084,4.305814430729467,1.2895543076117555,0.005223810155230022,0.1862727857395563,1782954112.6277475,None,None,None, None, 1782954112.635748,1.0928610836332493,track,none,0.0,nan,nan,0.0,0.0,9.333176280019824,1.0411136286714757,5.085349765694188,mr_webots_overtaking_large_ship_0_4_m_s.wbt,ekf_on_cluster_off,1,0,5.0
1782954112.7506013,32.239579916000366,-200.0,198.8161122606234,0.2,6.1786081289744805,4.37487448457482,1.2822812207745997,0.004073413090622174,0.18663055194056982,1782954112.7155771,None,None,None, None, 1782954112.724576,0.9858941470490808,track,none,0.0,nan,nan,0.0,0.0,9.376080033499214,0.9560044107574011,5.056927044942106,mr_webots_overtaking_large_ship_0_4_m_s.wbt,ekf_on_cluster_off,1,0,5.0
1782954112.8508794,32.339858055114746,-200.0,199.26333500321215,0.2,6.179736991492807,4.444024357207347,1.2750717681861303,0.004631486083104714,0.1870034037167794,1782954112.7960808,None,None,None, None, 1782954112.8181074,1.0270202396294912,track,none,0.0,nan,nan,0.0,0.0,9.376080033499214,0.9560044107574011,5.056927044942106,mr_webots_overtaking_large_ship_0_4_m_s.wbt,ekf_on_cluster_off,1,0,5.0
1782954112.952121,32.441099643707275,-200.0,199.75065688138096,0.2,6.180676328474545,4.5132421146558785,1.2679267584636733,0.0037869293503413515,0.1873227964085377,1782954112.8804216,None,None,None, None, 1782954112.914974,1.010620672997768,track,none,0.0,nan,nan,0.0,0.0,9.501181123804136,0.9541632528750426,5.034818698073532,mr_webots_overtaking_large_ship_0_4_m_s.wbt,ekf_on_cluster_off,1,0,5.0
1782954113.0511062,32.54008483886719,-200.0,200.0,0.2,6.18143044229132,4.58252783975654,1.260832742071699,0.003006639575575208,0.18770433095814154,1782954113.007319,None,None,None, None, 1782954113.0148306,0.969585715362435,track,none,0.0,nan,nan,0.0,0.0,9.501181123804136,0.9541632528750426,5.034818698073532,mr_webots_overtaking_large_ship_0_4_m_s.wbt,ekf_on_cluster_off,1,0,5.0
1782954113.1512158,32.64019441604614,-200.0,200.0,0.2,6.182087229487804,4.651854127520174,1.2537803334315072,0.0029214552852873574,0.187922986803323,1782954113.1582232,None,None,None, None, 1782954113.0963464,1.0670215740841742,track,none,0.0,nan,nan,0.0,0.0,9.612759067607875,0.9496638805616836,4.99691264416847,mr_webots_overtaking_large_ship_0_4_m_s.wbt,ekf_on_cluster_off,1,0,5.0
1782954113.2525835,32.74156212806702,200.0,200.0,0.2,6.183348841426365,4.721189439817001,1.2467690075638984,0.008687577202057683,0.18858375820393958,1782954113.2575881,None,None,None, None, 1782954113.2710876,0.9186166612400031,apf_colreg,overtaking,-1.0,4.976625371946868,0.0,14.31528938097005,5.61011834267666,9.690570642219866,0.9484472955540058,4.968458877203518,mr_webots_overtaking_large_ship_0_4_m_s.wbt,ekf_on_cluster_off,1,0,5.0
1782954113.350827,32.839805603027344,200.0,200.0,0.2,6.1767958373607765,4.238000976418757,1.2963029093089582,0.009743893602287371,0.19043110973983982,1782954113.3478138,4.232416867114072,1.2968780792762933,6.175056990589443, 1782954113.247448, 1782954113.3478138,0.9027934397796519,apf_colreg,overtaking,-1.0,4.976625371946868,0.0,14.376376030052416,5.053919766832703,9.690570642219866,0.9484472955540058,4.968458877203518,mr_webots_overtaking_large_ship_0_4_m_s.wbt,ekf_on_cluster_off,1,0,5.0
1782954113.450522,32.93950057029724,200.0,200.0,0.2,6.1670178454063205,4.236087492653805,1.2965306147088778,0.037134763670450474,0.19347607246210133,1782954113.4298115,None,None,None, None, 1782954113.4288113,0.948919778001146,apf_colreg,overtaking,-1.0,4.967158172798048,0.0,14.326752730447065,5.191260155624953,9.192989993554857,0.962499372451375,4.959210880980181,mr_webots_overtaking_large_ship_0_4_m_s.wbt,ekf_on_cluster_off,1,0,5.0
1782954113.553569,33.04254770278931,200.0,200.0,0.2,6.159576258204606,4.241674247243427,1.2958036474618198,0.05661232566134048,0.1989222720680491,1782954113.5260131,None,None,None, None, 1782954113.5260131,0.9385355024192559,apf_colreg,overtaking,-1.0,1.9340723100558537,18.957742532398875,14.28611401167603,5.307233528967391,9.16265504525478,0.8552225472331113,4.939157763711897,mr_webots_overtaking_large_ship_0_4_m_s.wbt,ekf_on_cluster_off,1,0,5.0
1782954113.654557,33.14353561401367,200.0,200.0,0.2,6.156228416329696,4.254527259174642,1.2940360221266833,0.08371948214549502,0.20638737685860573,1782954113.6151812,None,None,None, None, 1782954113.6361883,1.0490170799021052,apf_colreg,overtaking,-1.0,2.180225465993295,11.297426734221148,14.26427721072642,5.378146821697342,9.152274230022647,0.7626193573193591,4.9308088796998035,mr_webots_overtaking_large_ship_0_4_m_s.wbt,ekf_on_cluster_off,1,0,5.0
1782954113.7508717,33.23985028266907,200.0,200.0,0.2,6.181975591098636,4.273804259993193,1.291342547779053,0.33350450943052806,0.22959137446108147,1782954113.6847575,None,None,None, None, 1782954113.7078128,0.9769220409524395,apf_colreg,overtaking,-1.0,2.5899202168841047,8.43519944268915,14.392838377201278,5.044506157258045,9.137529571848873,0.6361608584087753,4.916638922178819,mr_webots_overtaking_large_ship_0_4_m_s.wbt,ekf_on_cluster_off,1,0,5.0
1782954113.8582811,33.347259759902954,200.0,200.0,0.2,6.190498462723385,4.298316323225816,1.2888255662530455,0.0855110640398431,0.23688004249343111,1782954113.8657918,None,None,None, None, 1782954113.7869678,0.9051960667387082,apf_colreg,overtaking,-1.0,2.576033272782518,7.935145720816389,14.430763145182237,4.9547460542416495,9.16176046688235,0.7253107745683702,4.908456644508891,mr_webots_overtaking_large_ship_0_4_m_s.wbt,ekf_on_cluster_off,1,0,5.0
1782954113.9533114,33.44229006767273,200.0,200.0,0.2,6.193438872070018,4.3265766144009765,1.2860438415607391,0.0686140098611646,0.24890733423816064,1782954113.9452832,None,None,None, None, 1782954113.8747911,0.9612506272448479,apf_colreg,overtaking,-1.0,2.5836213172902562,7.948973209919456,14.440355569240658,4.948878009046851,9.181861394962779,0.7280394676099563,4.902494030189726,mr_webots_overtaking_large_ship_0_4_m_s.wbt,ekf_on_cluster_off,1,0,5.0
1782954114.051012,33.53999066352844,200.0,200.0,0.2,6.194491881333965,4.357342897799251,1.2830141002718132,0.07429224137682953,0.2546412734992412,1782954114.022464,None,None,None, None, 1782954114.0299814,1.0682155466398824,apf_colreg,overtaking,-1.0,2.808238815889167,7.747793665901311,14.440248296472333,4.9735183813475174,9.189110294815409,0.6517626804635481,4.889933147445499,mr_webots_overtaking_large_ship_0_4_m_s.wbt,ekf_on_cluster_off,1,0,5.0
1782954114.1568391,33.64581775665283,200.0,200.0,0.2,6.1910306844060745,4.389690413057575,1.2798186153123752,0.04437649245577722,0.2600267968637469,1782954114.1438239,None,None,None, None, 1782954114.140824,1.0357921921502553,apf_colreg,overtaking,-1.0,3.0942972227434873,7.516492367338949,14.417204268125097,5.065480313202807,9.20616782921519,0.5959466522226217,4.882399043591235,mr_webots_overtaking_large_ship_0_4_m_s.wbt,ekf_on_cluster_off,1,0,5.0
1782954114.250548,33.73952651023865,200.0,200.0,0.2,6.188541575041324,4.422978975898573,1.276348625722626,0.06751049444401723,0.2653399415890678,1782954114.222525,None,None,None, None, 1782954114.222525,1.0453594930304193,apf_colreg,overtaking,-1.0,3.4460187584274484,7.0692073020436705,14.398204160382019,5.146955836143915,9.223742387264279,0.5160325659845609,4.8777517939540544,mr_webots_overtaking_large_ship_0_4_m_s.wbt,ekf_on_cluster_off,1,0,5.0
1782954114.3508127,33.8397912979126,185.85307628619157,200.0,0.2,6.237550783855259,4.3280812491413325,1.2875663128993657,0.296959605390529,0.2908614652924341,1782954114.3084676,4.32642297270528,1.2877573844125074,0.0027385691442693982, 1782954114.255554, 1782954114.3019564,0.9166334440982391,apf_colreg,overtaking,-1.0,3.6538450513144554,7.376801718279509,14.646340996251036,4.287142293373204,9.223742387264279,0.5160325659845609,4.8777517939540544,mr_webots_overtaking_large_ship_0_4_m_s.wbt,ekf_on_cluster_off,1,0,5.0
1782954114.481895,33.97087359428406,179.89944998834795,200.0,0.2,6.242805335337391,4.353157266620729,1.2863670618737713,0.08336843888013938,0.29803236064556704,1782954114.3944821,None,None,None, None, 1782954114.3844767,0.9694599910491595,apf_colreg,overtaking,-1.0,3.5059985840261634,8.045557666539924,14.667324623649739,4.225977827529018,9.16553137356959,0.6418136899101617,4.858418201345537,mr_webots_overtaking_large_ship_0_4_m_s.wbt,ekf_on_cluster_off,1,0,5.0
1782954114.5515082,34.04048681259155,177.6723123713756,200.0,0.2,6.245501224012704,4.382911031156962,1.2849954802294508,0.08266987866502432,0.30749607482350344,1782954114.508958,None,None,None, None, 1782954114.5189602,1.0486746059455332,apf_colreg,overtaking,-1.0,3.3802900538189986,7.994272326014958,14.677183964616518,4.204562940248819,9.16553137356959,0.6418136899101617,4.858418201345537,mr_webots_overtaking_large_ship_0_4_m_s.wbt,ekf_on_cluster_off,1,0,5.0
1782954114.652027,34.141005516052246,132.59310386298876,200.0,0.2,6.273119849103907,4.415860593111128,1.2835040225726693,0.3262249221650309,0.3323221387260671,1782954114.6570268,None,None,None, None, 1782954114.5910583,1.0387232384395866,apf_colreg,overtaking,-1.0,3.529115509617183,7.859108741585538,14.786624785320424,3.8173974500576087,9.175874166784233,0.49888454537149013,4.836997644463904,mr_webots_overtaking_large_ship_0_4_m_s.wbt,ekf_on_cluster_off,1,0,5.0
1782954114.7513373,34.24031591415405,120.06065286827199,200.0,0.2,6.279619860002432,4.452900301463973,1.2832090729633627,0.04198692908346519,0.33879852851891396,1782954114.739307,None,None,None, None, 1782954114.6750605,0.9617196224488026,apf_colreg,overtaking,-1.0,3.460932168229726,8.84023560004189,14.810938657700177,3.725112391947412,9.225578646098613,0.6165170125637568,4.8322243736626165,mr_webots_overtaking_large_ship_0_4_m_s.wbt,ekf_on_cluster_off,1,0,5.0
1782954114.8518686,34.34084725379944,57.83113051782617,200.0,0.2,6.306864770836177,4.492773633032517,1.2829045669463675,0.27731662519956546,0.3607477320142675,1782954114.8184555,None,None,None, None, 1782954114.8499851,1.0808428823842757,apf_colreg,overtaking,-1.0,3.45417496483618,9.52558336305292,14.906837387390478,3.3242923668544333,9.24851489152368,0.5652401086953264,4.82346061454759,mr_webots_overtaking_large_ship_0_4_m_s.wbt,ekf_on_cluster_off,1,0,5.0
1782954114.950779,34.43975758552551,-12.390986410814472,200.0,0.2,0.05037624436486988,4.536322069437638,1.284066295232222,0.21438969182850343,0.37642025116158934,1782954114.9537861,None,None,None, None, 1782954114.9351444,1.062323418264499,apf_colreg,overtaking,-1.0,3.2338564831025023,11.851383489283926,14.99015537513995,2.9097662163136437,9.32360289423145,0.7358502837808456,4.809134317799216,mr_webots_overtaking_large_ship_0_4_m_s.wbt,ekf_on_cluster_off,1,0,5.0
1782954115.0508645,34.53984308242798,-32.5402320778282,200.0,0.2,0.06290935435101797,4.583566586592836,1.2866821112257476,0.07294613088073208,0.3863958246161677,1782954115.028311,None,None,None, None, 1782954115.013797,1.071496934313372,apf_colreg,overtaking,-1.0,3.1080407005328214,11.521123377136595,15.024779074012272,2.686961044961464,9.32360289423145,0.7358502837808456,4.809134317799216,mr_webots_overtaking_large_ship_0_4_m_s.wbt,ekf_on_cluster_off,1,0,5.0
1782954115.1516376,34.64061617851257,-47.244918425530784,200.0,0.2,0.07144142243075914,4.633398313410504,1.2898508789978465,0.07081609908220761,0.3917898508247081,1782954115.1044805,None,None,None, None, 1782954115.0939715,0.997955183923099,apf_colreg,overtaking,-1.0,2.9367716235710595,14.395591397256942,15.045992131174266,2.5166347202623998,9.37661193411889,0.7720177209458176,4.802710007125845,mr_webots_overtaking_large_ship_0_4_m_s.wbt,ekf_on_cluster_off,1,0,5.0
1782954115.2513556,34.740334272384644,-85.4254452687372,200.0,0.2,0.0997305691591287,4.685044455665414,1.2934682883882154,0.26106638269592514,0.41287992124268236,1782954115.1852648,None,None,None, None, 1782954115.2313273,1.0999577229151591,apf_colreg,overtaking,-1.0,2.917162581605938,16.81039755283203,15.108464388948532,2.042098015529727,9.398766996037587,0.7075946848185991,4.7866950598106195,mr_webots_overtaking_large_ship_0_4_m_s.wbt,ekf_on_cluster_off,1,0,5.0
1782954115.351472,34.84045052528381,-103.91313424601115,200.0,0.2,0.12013051704501676,4.427312522540878,1.2890303690354186,0.06834796366960334,0.41832122417081996,1782954115.3554807,4.4231890438986365,1.2888953642966625,0.13444289169118306, 1782954115.259879, 1782954115.3078253,0.9136578003120859,apf_colreg,overtaking,-1.0,4.787547054606733,0.0,15.151474267259267,1.792207171141472,9.456643037148673,0.8070375685629939,4.777151908214939,mr_webots_overtaking_large_ship_0_4_m_s.wbt,ekf_on_cluster_off,1,0,5.0
1782954115.4511473,34.940125942230225,-116.02947952825896,200.0,0.2,0.12769261776706006,4.464789441086335,1.2936558775074856,0.051030670869936526,0.4267784763974344,1782954115.4306054,None,None,None, None, 1782954115.4306054,1.0807285204727886,apf_colreg,overtaking,-1.0,1.8895718130902874,36.35301239948995,15.159442426587454,1.6164026485396166,9.192384535061151,0.8962056710084043,4.768531700829285,mr_webots_overtaking_large_ship_0_4_m_s.wbt,ekf_on_cluster_off,1,0,5.0
1782954115.556821,35.04579973220825,-127.27565965986288,200.0,0.2,0.13331821244099995,4.515386674129727,1.300179325588779,0.050564302248968115,0.4308316577174884,1782954115.5107644,None,None,None, None, 1782954115.511766,1.054738179353199,apf_colreg,overtaking,-1.0,0.7346980798716642,22.728669778152877,15.160549030700517,1.4448490222501906,9.211869214311665,0.8546065517982979,4.7491519734080905,mr_webots_overtaking_large_ship_0_4_m_s.wbt,ekf_on_cluster_off,1,0,5.0
1782954115.6526856,35.141664266586304,-138.2994130259166,200.0,0.2,0.13828372278066897,4.5727613786441985,1.3078572443032073,0.049212339894524865,0.4349469378914113,1782954115.657685,None,None,None, None, 1782954115.6098716,1.0343036287195309,apf_colreg,overtaking,-1.0,0.17952455859040678,18.95016966633963,15.157928268015795,1.2680684619153348,9.259189179370068,0.8872274467314195,4.739785636000372,mr_webots_overtaking_large_ship_0_4_m_s.wbt,ekf_on_cluster_off,1,0,5.0
1782954115.751891,35.24086952209473,-150.07441235548268,200.0,0.2,0.14413397243311246,4.6332457069364406,1.3162487540292318,0.056938335090807014,0.4427212130734543,1782954115.7309258,None,None,None, None, 1782954115.7068312,1.0194364796349489,apf_colreg,overtaking,-1.0,0.14230573400443194,17.68893328563766,15.153942536366273,1.0685084239665583,9.289266297796281,0.814578034794931,4.7165937281020405,mr_webots_overtaking_large_ship_0_4_m_s.wbt,ekf_on_cluster_off,1,0,5.0
1782954115.8511498,35.34012842178345,-161.31559688376416,200.0,0.2,0.14964110020789081,4.695556072820651,1.325305790396584,0.047823052405476414,0.44643349065142307,1782954115.808551,None,None,None, None, 1782954115.7835205,0.9881576592149574,apf_colreg,overtaking,-1.0,0.06976906397320616,17.806790872047408,15.146933808204352,0.865450837414441,9.345352269262577,0.8538849921009419,4.704888973265786,mr_webots_overtaking_large_ship_0_4_m_s.wbt,ekf_on_cluster_off,1,0,5.0
1782954115.9516196,35.440598249435425,-192.6623302114076,200.0,0.2,0.18474663261274515,4.759302851974555,1.334953960161208,0.30816359777678487,0.4862925254135887,1782954115.9378948,None,None,None, None, 1782954115.9248831,1.0635431945823386,apf_colreg,overtaking,-1.0,0.26894496749230895,18.461517047765227,15.15003897779383,0.20642331088736654,9.386709446455157,0.8375285469226978,4.683332955753744,mr_webots_overtaking_large_ship_0_4_m_s.wbt,ekf_on_cluster_off,1,0,5.0
1782954116.0515358,35.54051446914673,-200.0,193.49804808757494,0.2,0.1990979609972378,4.825968168255907,1.3482761767959084,0.030713728553461033,0.4886409741057185,1782954116.0143573,None,None,None, None, 1782954115.997809,1.0116123810325013,apf_colreg,overtaking,-1.0,0.6815334870875686,18.72356965602622,15.124182017271334,-0.1858355335744939,9.448321940419785,1.0046977267975647,4.663633165077992,mr_webots_overtaking_large_ship_0_4_m_s.wbt,ekf_on_cluster_off,1,0,5.0
1782954116.1514764,35.6404550075531,-200.0,177.7980841327971,0.2,0.21014129697595624,4.89319974947495,1.3624137523578481,0.034953829630399086,0.49134105757429636,1782954116.1792748,None,None,None, None, 1782954116.1534824,1.0797522328601734,apf_colreg,overtaking,-1.0,1.2628902123972259,20.152904821201577,15.090271459264475,-0.5380529086518742,9.511280014367728,1.043744031658243,4.652198021570685,mr_webots_overtaking_large_ship_0_4_m_s.wbt,ekf_on_cluster_off,1,0,5.0
1782954116.2518616,35.7408401966095,-200.0,162.1938401917585,0.2,0.2178752934112711,4.958777255996404,1.3768566349770728,0.017491597934443406,0.4928745516715439,1782954116.1792748,None,None,None, None, 1782954116.2303355,0.9444025551613751,apf_colreg,overtaking,-1.0,2.1560845033111717,21.836327519696134,15.052617430683895,-0.8437475932423082,9.586739204931787,1.0938937423024258,4.623543499361936,mr_webots_overtaking_large_ship_0_4_m_s.wbt,ekf_on_cluster_off,1,0,5.0
1782954116.3513708,35.840349435806274,-200.0,200.0,0.2,0.2190728290227081,4.5783228763326305,1.312339978259386,0.011360185368732269,0.49398904484039435,1782954116.3533778,4.572456624959869,1.311296556805628,0.20944783563704664, 1782954116.273386, 1782954116.3208282,0.9211838079727719,apf_colreg,overtaking,-1.0,4.636130268908194,0.0,15.200437942550838,-0.01797483139876821,9.586739204931787,1.0938937423024258,4.623543499361936,mr_webots_overtaking_large_ship_0_4_m_s.wbt,ekf_on_cluster_off,1,0,5.0
1782954116.451017,35.939995527267456,-200.0,192.78107204368584,0.2,0.22327655423980924,4.619612919302792,1.3216834978817484,0.004749231750414779,0.49466867020513744,1782954116.4204822,None,None,None, None, 1782954116.4024353,0.9414213973701037,apf_colreg,overtaking,-1.0,3.4247991558541773,19.176453011270883,15.178111168114615,-0.20393178484084817,9.195959332505097,1.036772800865719,4.612838159690097,mr_webots_overtaking_large_ship_0_4_m_s.wbt,ekf_on_cluster_off,1,0,5.0
1782954116.5544882,36.04346680641174,-200.0,183.34275535085547,0.2,0.225903032113689,4.678683242909541,1.3352411865430955,0.003112460652784812,0.49490558668766027,1782954116.4966009,None,None,None, None, 1782954116.5584867,0.9540894883504322,apf_colreg,overtaking,-1.0,1.7815384195952486,16.024083764625857,15.1449828194065,-0.4208939393224771,9.263929247967758,1.06686240883858,4.576132695565789,mr_webots_overtaking_large_ship_0_4_m_s.wbt,ekf_on_cluster_off,1,0,5.0
1782954116.653686,36.142664670944214,-200.0,172.4180609570493,0.2,0.2280678268253447,4.743136727594327,1.3501921342677736,0.0024803108104727335,0.49509756148504724,1782954116.6596859,None,None,None, None, 1782954116.6366477,1.070102286868735,apf_colreg,overtaking,-1.0,1.4944175472841041,13.663032755760703,15.107771763348577,-0.6489202073662899,9.263929247967758,1.06686240883858,4.576132695565789,mr_webots_overtaking_large_ship_0_4_m_s.wbt,ekf_on_cluster_off,1,0,5.0
1782954116.7511134,36.240092039108276,-200.0,160.43408979710418,0.2,0.23012511007519063,4.807597618092265,1.3653073023968378,0.0001383105992931881,0.4951094126967359,1782954116.7556467,None,None,None, None, 1782954116.7429233,0.9594179705483419,apf_colreg,overtaking,-1.0,1.5546246434228708,13.106378704829705,15.069384566257426,-0.877321617883096,9.329418727290724,1.0968325916783672,4.565465115639193,mr_webots_overtaking_large_ship_0_4_m_s.wbt,ekf_on_cluster_off,1,0,5.0
1782954116.8516574,36.340636014938354,-200.0,148.9753420759915,0.2,0.2305007757096363,4.870869389800553,1.380311850095529,-0.018290714337150425,0.49206726027624326,1782954116.826008,None,None,None, None, 1782954116.8079734,1.0297702047167823,apf_colreg,overtaking,-1.0,1.6914416611869114,13.04910237896801,15.03225866417931,-1.078895379406096,9.370011434215371,1.123674055594658,4.539222867538761,mr_webots_overtaking_large_ship_0_4_m_s.wbt,ekf_on_cluster_off,1,0,5.0
1782954116.9517825,36.44076108932495,-200.0,137.54776472566024,0.2,0.2302104096459576,4.932864980767419,1.3950316949226647,-0.02301815769624959,0.4899900907111856,1782954116.9162486,None,None,None, None, 1782954116.8914368,1.0415518827946393,apf_colreg,overtaking,-1.0,1.8822282865836943,13.454322967989008,14.996572061540707,-1.2667636807100688,9.425021194239873,1.140763318323601,4.528211898907901,mr_webots_overtaking_large_ship_0_4_m_s.wbt,ekf_on_cluster_off,1,0,5.0
1782954117.051427,36.54040551185608,-200.0,125.15424589714684,0.2,0.23043833343440173,4.993597089455351,1.4094415845355588,-0.019219111747373965,0.4879792639080595,1782954117.020875,None,None,None, None, 1782954117.0434027,1.0267934962755052,apf_colreg,overtaking,-1.0,2.1345226650574807,14.21639214048458,14.961032421386989,-1.4583969357680964,9.483153366330704,1.1556792560912883,4.518951312856678,mr_webots_overtaking_large_ship_0_4_m_s.wbt,ekf_on_cluster_off,1,0,5.0
1782954117.1825278,36.67150640487671,-200.0,119.10606785597506,0.2,0.2240034051960927,5.0529978140413885,1.4235887687170266,-0.08269626990811246,0.48176595914581694,1782954117.096009,None,None,None, None, 1782954117.115548,0.9807743641967589,apf_colreg,overtaking,-1.0,2.553070280418535,14.46654464929871,14.936714232165167,-1.547147508694894,9.52925951225201,1.2269572645027165,4.498006833435762,mr_webots_overtaking_large_ship_0_4_m_s.wbt,ekf_on_cluster_off,1,0,5.0
1782954117.364516,36.85349464416504,-200.0,191.44822734648162,0.2,0.2084979704237651,4.715831531326232,1.3412004441513206,-0.06562824369606007,0.4657210009248044,1782954117.3404915,4.709151454671751,1.3395831388792343,0.19017642581610072, 1782954117.294077, 1782954117.3665166,1.0717976707319874,apf_colreg,overtaking,-1.0,4.502920026596491,0.0,15.137072926313294,-0.23534265779258856,9.577810089650523,1.2017834570538195,4.4911194554531875,mr_webots_overtaking_large_ship_0_4_m_s.wbt,ekf_on_cluster_off,1,0,5.0
1782954117.4385972,36.9275758266449,-200.0,190.61452869322946,0.2,0.2030522267848423,4.752876532519533,1.348973807644965,-0.03971440311293613,0.46232178342070007,1782954117.426083,None,None,None, None, 1782954117.3665166,1.0717976707319874,apf_colreg,overtaking,-1.0,3.3197326037877275,14.318105920818397,15.121812171927626,-0.25484811129916807,9.1976461772984,1.101139689745646,4.479041261737134,mr_webots_overtaking_large_ship_0_4_m_s.wbt,ekf_on_cluster_off,1,0,5.0
1782954117.486181,36.975159645080566,-200.0,188.01815048459824,0.2,0.1969414508749398,4.809833334125136,1.3605749828525955,-0.03971440311293613,0.4543789027981128,1782954117.426083,None,None,None, None, 1782954117.4551413,0.9952869172010299,apf_colreg,overtaking,-1.0,1.670143112894541,13.847884501518797,15.09967958211789,-0.31479500391630744,9.27223605610184,1.1217707805498178,4.46080907416951,mr_webots_overtaking_large_ship_0_4_m_s.wbt,ekf_on_cluster_off,1,0,5.0
1782954117.551596,37.04057455062866,-200.0,184.79769319182083,0.2,0.19059970392182837,4.874599666515833,1.3733456677292875,-0.03971440311293613,0.4464360221755256,1782954117.5536025,None,None,None, None, 1782954117.554603,1.0462554867723066,apf_colreg,overtaking,-1.0,1.3530681443014316,12.820333054479745,15.07671043181865,-0.3869119685174889,9.27223605610184,1.1217707805498178,4.46080907416951,mr_webots_overtaking_large_ship_0_4_m_s.wbt,ekf_on_cluster_off,1,0,5.0
1782954117.6531377,37.14211630821228,-200.0,180.89178683588864,0.2,0.1851812249229531,4.94087056526279,1.3859803926095964,-0.03122723468194218,0.439780695746284,1782954117.6392088,None,None,None, None, 1782954117.6417227,0.9425055941761518,apf_colreg,overtaking,-1.0,1.0050941223950898,12.624940437293695,15.055122951457474,-0.4714321281100462,9.344918895343817,1.103482655505696,4.455299513908513,mr_webots_overtaking_large_ship_0_4_m_s.wbt,ekf_on_cluster_off,1,0,5.0
1782954117.7557287,37.244707345962524,-200.0,175.60607198734007,0.2,0.18174389750273703,5.007039894966313,1.3982602087843574,-0.01743817688149609,0.4378882585175116,1782954117.7477314,None,None,None, None, 1782954117.7597296,0.9562991822162081,apf_colreg,overtaking,-1.0,1.011789613334902,12.621304202466339,15.034438224482269,-0.5813200298236509,9.344918895343817,1.103482655505696,4.455299513908513,mr_webots_overtaking_large_ship_0_4_m_s.wbt,ekf_on_cluster_off,1,0,5.0
1782954117.854542,37.343520641326904,-200.0,170.39458448729232,0.2,0.17808068910925173,5.0726742406460446,1.4102778081528982,-0.027533804092131478,0.43570588020091344,1782954117.8269932,None,None,None, None, 1782954117.8440008,1.09225053118084,apf_colreg,overtaking,-1.0,1.6086037012186991,12.984361469400692,15.01506868381366,-0.6849990597714575,9.448916402844326,1.144362979682497,4.420407463934016,mr_webots_overtaking_large_ship_0_4_m_s.wbt,ekf_on_cluster_off,1,0,5.0
1782954117.9866393,37.4756178855896,-200.0,165.36786889490554,0.2,0.1742190559572964,5.137732870743015,1.4219664983108231,-0.03179001957530927,0.4313148400901256,1782954117.9651196,None,None,None, None, 1782954117.9706333,1.0801776084676926,apf_colreg,overtaking,-1.0,1.6030532325969682,12.85220196670043,14.997620669017545,-0.7811391725871086,9.54195016713021,1.1874478228631158,4.3840069878633825,mr_webots_overtaking_large_ship_0_4_m_s.wbt,ekf_on_cluster_off,1,0,5.0
1782954118.1078017,37.59678030014038,-200.0,159.96817550733448,0.2,0.17089407036476953,5.202232668496443,1.4333105520165645,-0.02843360211576329,0.4283823509963373,1782954118.0682542,None,None,None, None, 1782954118.0682542,1.074763265164518,apf_colreg,overtaking,-1.0,1.6588970772404168,16.042301965917098,14.981333415842203,-0.880724944406647,9.54195016713021,1.1874478228631158,4.3840069878633825,mr_webots_overtaking_large_ship_0_4_m_s.wbt,ekf_on_cluster_off,1,0,5.0
1782954118.2169359,37.70591449737549,-200.0,153.2330349889911,0.2,0.1691398359605118,5.266134691467741,1.4443589437046285,-0.01783280552123563,0.42630213961333563,1782954118.184905,None,None,None, None, 1782954118.2044263,1.0082279141296409,apf_colreg,overtaking,-1.0,1.660084049000496,15.897756497856784,14.964750590817909,-1.000258108304207,9.54195016713021,1.1874478228631158,4.3840069878633825,mr_webots_overtaking_large_ship_0_4_m_s.wbt,ekf_on_cluster_off,1,0,5.0
1782954118.2522917,37.741270303726196,-200.0,145.67030605867194,0.2,0.16815819977149993,5.329291387556854,1.4552226288675811,-0.01783280552123563,0.4227355785090885,1782954118.2608116,None,None,None, None, 1782954118.2044263,1.0082279141296409,apf_colreg,overtaking,-1.0,1.3789580407350053,21.00447420586721,14.948148897062755,-1.1289068063302228,9.632398893010013,1.2406928930970986,4.348136510779162,mr_webots_overtaking_large_ship_0_4_m_s.wbt,ekf_on_cluster_off,1,0,5.0
1782954118.3515787,37.84055733680725,-185.34931138621164,200.0,0.2,0.1452017846655778,4.866120502375678,1.367485501854185,-0.16045426166382523,0.39952820594690625,1782954118.3295405,4.86045365485021,1.366423920911795,0.13311078991477743, 1782954118.303972, 1782954118.3435516,1.0910862781318602,apf_colreg,overtaking,-1.0,4.345868708922586,0.0,15.086454123409354,0.3748766818524807,9.702322310081284,1.2521781968816326,4.3329379679430895,mr_webots_overtaking_large_ship_0_4_m_s.wbt,ekf_on_cluster_off,1,0,5.0
1782954118.4510055,37.93998408317566,-182.42704209369393,200.0,0.2,0.13676499320720237,4.899992940000285,1.3722284947671437,-0.019912880502851504,0.39736123483267155,1782954118.438363,None,None,None, None, 1782954118.4494922,1.0809945825999707,apf_colreg,overtaking,-1.0,4.345868708922586,0.0,15.076885629201994,0.4389795608579501,9.219569709676454,1.0754701395348667,4.314396306082722,mr_webots_overtaking_large_ship_0_4_m_s.wbt,ekf_on_cluster_off,1,0,5.0
1782954118.553164,38.04214262962341,-181.76799282984993,200.0,0.2,0.12947284494932126,4.954754718393641,1.3795003894864104,-0.025633602044632598,0.39550975995812326,1782954118.5105915,None,None,None, None, 1782954118.5276177,1.0289068787325768,apf_colreg,overtaking,-1.0,0.5148441667494574,20.453324020438384,15.064944284767169,0.452898790742271,9.219569709676454,1.0754701395348667,4.314396306082722,mr_webots_overtaking_large_ship_0_4_m_s.wbt,ekf_on_cluster_off,1,0,5.0
1782954118.6517854,38.140763998031616,-183.13633465493638,200.0,0.2,0.12436440939566767,5.01875199357049,1.387553912077541,-0.010254614628636733,0.39407752590170825,1782954118.6502588,None,None,None, None, 1782954118.6257403,1.0801723677249522,apf_colreg,overtaking,-1.0,0.37156559390148586,13.193107331690967,15.053811350736844,0.4228710796041337,9.256281502065764,1.053234605498628,4.295600811375262,mr_webots_overtaking_large_ship_0_4_m_s.wbt,ekf_on_cluster_off,1,0,5.0
1782954118.7577586,38.246737241744995,-185.34738977097894,200.0,0.2,0.12047610998306617,5.085267885499429,1.3956414691850512,-0.007650511139966405,0.39331260867107287,1782954118.7502413,None,None,None, None, 1782954118.7111967,0.9610019635040044,apf_colreg,overtaking,-1.0,0.5456250373170567,10.910588206742366,15.043771406600156,0.37385886348084885,9.304880065675677,1.0412493479225668,4.279330434127169,mr_webots_overtaking_large_ship_0_4_m_s.wbt,ekf_on_cluster_off,1,0,5.0
1782954118.8509169,38.339895486831665,-187.75437680057263,200.0,0.2,0.11714658578713326,5.152493210345573,1.4035965762410623,-0.008480066222492814,0.39267564496429397,1782954118.8253543,None,None,None, None, 1782954118.803829,0.9051667156459723,apf_colreg,overtaking,-1.0,0.9854736218119605,10.597628591219905,15.035393353574488,0.31946953690755553,9.362014771273003,1.0340626196367146,4.270358356821992,mr_webots_overtaking_large_ship_0_4_m_s.wbt,ekf_on_cluster_off,1,0,5.0
1782954118.9509084,38.439887046813965,-191.05596352223523,200.0,0.2,0.11535801272285294,5.220106867320978,1.4113984486614726,0.0017700413341883135,0.39283213372081227,1782954118.913764,None,None,None, None, 1782954118.886737,0.9050333127480649,apf_colreg,overtaking,-1.0,1.1865952574063585,10.389989824590403,15.027525519949405,0.24289217913113959,9.404307956063539,1.0302678084199433,4.2415165177038325,mr_webots_overtaking_large_ship_0_4_m_s.wbt,ekf_on_cluster_off,1,0,5.0
1782954119.0525098,38.54148840904236,-194.77008392675748,200.0,0.2,0.11443387356776949,5.288138435067532,1.4191783854629811,0.0033531852921519015,0.39309984785226587,1782954118.9936028,None,None,None, None, 1782954119.0429707,0.9049147055670196,apf_colreg,overtaking,-1.0,1.375170998399385,10.620607566404,15.020161649665347,0.15360683747588766,9.463522953588576,1.0325403424358903,4.2307522238908435,mr_webots_overtaking_large_ship_0_4_m_s.wbt,ekf_on_cluster_off,1,0,5.0
1782954119.151144,38.64012265205383,-198.93907089411496,200.0,0.2,0.11450872887814348,5.35663588516791,1.42699068750904,0.007349521015068673,0.39420975360891053,1782954119.1446202,None,None,None, None, 1782954119.1135862,1.0183680533468935,apf_colreg,overtaking,-1.0,1.5316637297212299,11.00575135511247,15.013000346033326,0.048844754910073895,9.504484144479987,1.0401692388031303,4.20272610459214,mr_webots_overtaking_large_ship_0_4_m_s.wbt,ekf_on_cluster_off,1,0,5.0
1782954119.252499,38.741477727890015,-200.0,198.27358082145275,0.2,0.11515082590773511,5.425651485582023,1.434913601089363,0.007269071407283722,0.39479711405291124,1782954119.2254229,None,None,None, None, 1782954119.1926882,1.0723520321017628,apf_colreg,overtaking,-1.0,1.6963843430409462,11.777686698402665,15.00571123271062,-0.06588328432939505,9.565944529974432,1.0508617588252778,4.191721549626166,mr_webots_overtaking_large_ship_0_4_m_s.wbt,ekf_on_cluster_off,1,0,5.0
1782954119.3512018,38.84018039703369,-178.18179635214182,200.0,0.2,0.11674278875725179,5.031466682614298,1.388281333928813,0.006935712579773913,0.39531465036993896,1782954119.300042,5.025498870090567,1.3875774564485133,0.1178608735374107, 1782954119.304573, 1782954119.3356729,1.017927256727201,apf_colreg,overtaking,-1.0,4.195889754877322,0.0,15.049833641986961,0.5285976303554092,9.626746100105668,1.0400684101643092,4.17818588595061,mr_webots_overtaking_large_ship_0_4_m_s.wbt,ekf_on_cluster_off,1,0,5.0
1782954119.4507604,38.93973898887634,-181.25817612139636,200.0,0.2,0.1167904242359024,5.0731816750018295,1.3931549308211189,0.00575794101364838,0.39581677123121084,1782954119.3872468,None,None,None, None, 1782954119.4389749,1.032216057931884,apf_colreg,overtaking,-1.0,2.2216285452123437,14.903097066630322,15.04517340342694,0.46326994065456883,9.184406781984059,0.9780001687753005,4.152804603934528,mr_webots_overtaking_large_ship_0_4_m_s.wbt,ekf_on_cluster_off,1,0,5.0
1782954119.5509217,39.03990030288696,-185.63879761401148,200.0,0.2,0.11712507390325544,5.132001063725709,1.4000116326596554,0.010610580122810145,0.39738145021041194,1782954119.534711,None,None,None, None, 1782954119.5357175,0.9743943110947609,apf_colreg,overtaking,-1.0,1.75609805700267,10.204798372150364,15.038730614855986,0.36723859769908795,9.227335727924075,0.9841959858059288,4.1417960863906575,mr_webots_overtaking_large_ship_0_4_m_s.wbt,ekf_on_cluster_off,1,0,5.0
1782954119.6518013,39.140779972076416,-194.38571112155557,200.0,0.2,0.1239187481124071,5.197607330320396,1.4076953471248572,0.06860294883417888,0.4019468794433288,1782954119.6012595,None,None,None, None, 1782954119.607772,1.0742559609948654,apf_colreg,overtaking,-1.0,1.6364028532420798,8.775274684420781,15.032810820997065,0.16314349717052679,9.264344377126875,0.9734443040481849,4.111886803804052,mr_webots_overtaking_large_ship_0_4_m_s.wbt,ekf_on_cluster_off,1,0,5.0
1782954119.7513237,39.240302324295044,-200.0,200.0,0.2,0.12766377740997978,5.265566833834133,1.4163165721111781,0.01547702217069354,0.40313104412519724,1782954119.7543344,None,None,None, None, 1782954119.688776,1.0081769412441646,apf_colreg,overtaking,-1.0,1.6116167594548914,8.557174257244158,15.023896287399033,-0.007384377943143505,9.371915016004333,1.0310131224464043,4.103205132955828,mr_webots_overtaking_large_ship_0_4_m_s.wbt,ekf_on_cluster_off,1,0,5.0
1782954119.8509796,39.33995819091797,-200.0,193.99974212442154,0.2,0.13072777680514003,5.33450702329158,1.4252944412355006,0.012909244753050568,0.40514081922287604,1782954119.8334556,None,None,None, None, 1782954119.844467,0.9203254318537655,apf_colreg,overtaking,-1.0,1.5644629410751096,8.628669605619548,15.013651849116723,-0.17232871743337075,9.371915016004333,1.0310131224464043,4.103205132955828,mr_webots_overtaking_large_ship_0_4_m_s.wbt,ekf_on_cluster_off,1,0,5.0
1782954119.9515693,39.440547943115234,-200.0,187.08895145376675,0.2,0.13344559238478773,5.40290708136814,1.4344088045851322,0.01059165733177876,0.40591469154017895,1782954119.90652,None,None,None, None, 1782954119.90652,1.069013152074056,apf_colreg,overtaking,-1.0,1.5829762983414302,9.035482251304325,15.002494293313045,-0.33384200850416956,9.426364927502,1.0317363399582091,4.092004457543981,mr_webots_overtaking_large_ship_0_4_m_s.wbt,ekf_on_cluster_off,1,0,5.0
1782954120.0516822,39.5406608581543,-200.0,179.655162384993,0.2,0.13610896792880514,5.470470972031826,1.4436076656848904,0.009138741613232635,0.4066282003499426,1782954119.984595,None,None,None, None, 1782954119.9865954,0.9770175855184674,apf_colreg,overtaking,-1.0,1.6196674611917738,9.635803125271426,14.990499261052229,-0.495628565746312,9.467278121738008,1.0326080289026764,4.061775627017294,mr_webots_overtaking_large_ship_0_4_m_s.wbt,ekf_on_cluster_off,1,0,5.0
1782954120.1507607,39.63973927497864,-200.0,171.89331402809847,0.2,0.13846675762931468,5.537112859629021,1.4528820367265194,0.004187366909972811,0.40729449651629485,1782954120.1437156,None,None,None, None, 1782954120.1437156,0.9528805803988203,apf_colreg,overtaking,-1.0,1.6484493771870459,10.717290280402848,14.977893732937261,-0.6537621694467788,9.527896650054545,1.0547647439303425,4.050766941043104,mr_webots_overtaking_large_ship_0_4_m_s.wbt,ekf_on_cluster_off,1,0,5.0
1782954120.2513,39.74027872085571,-200.0,164.40467518238418,0.2,0.13983500247887362,5.602800846658024,1.4621983035033832,-0.00641735262227325,0.4068120120611806,1782954120.2189,None,None,None, None, 1782954120.2198997,0.9167182579580145,apf_colreg,overtaking,-1.0,1.6702953319173248,12.194399814570623,14.965373836938916,-0.7976161334225793,9.574356953463129,1.0759016571950972,4.029211624391991,mr_webots_overtaking_large_ship_0_4_m_s.wbt,ekf_on_cluster_off,1,0,5.0
1782954120.351564,39.84054255485535,-200.0,198.3002671313118,0.2,0.1378090132235586,5.1997866758936695,1.4091850569247872,-0.009359514646055079,0.4062368140562815,1782954120.280356,5.193609626603171,1.408362545093503,0.13198814725374408, 1782954120.312565, 1782954120.2983663,0.9416809924672211,apf_colreg,overtaking,-1.0,4.026478956861181,0.0,15.03184517545764,-0.06531538108003954,9.629125150155927,1.0931837100712314,4.012767205808399,mr_webots_overtaking_large_ship_0_4_m_s.wbt,ekf_on_cluster_off,1,0,5.0
1782954120.451185,39.94016361236572,-200.0,195.24495584811103,0.2,0.13802056676724145,5.2395460622312715,1.4147377869809787,-0.009013310652136472,0.40485491408878427,1782954120.4336736,None,None,None, None, 1782954120.4421706,0.9710002889115639,apf_colreg,overtaking,-1.0,1.6761644800227662,18.7000696288806,15.024956794946837,-0.14198235073446952,9.198305191081207,1.0312139976999293,3.999479119997531,mr_webots_overtaking_large_ship_0_4_m_s.wbt,ekf_on_cluster_off,1,0,5.0
1782954120.551317,40.04029560089111,-200.0,191.18613310671174,0.2,0.13724061905196452,5.298784495562632,1.4229864875706397,-0.011024354627606007,0.403911077995066,1782954120.5192873,None,None,None, None, 1782954120.5482962,1.066560290663484,apf_colreg,overtaking,-1.0,1.2025886981521252,11.191787557005092,15.014934223359754,-0.2396250543940166,9.226002127372436,1.039989551290755,3.9753944660036438,mr_webots_overtaking_large_ship_0_4_m_s.wbt,ekf_on_cluster_off,1,0,5.0
1782954120.6512535,40.14023208618164,-200.0,186.92952227698927,0.2,0.13569080796122665,5.364959235019488,1.4321258015801825,-0.013702103820313501,0.4029366526498083,1782954120.6632664,None,None,None, None, 1782954120.6279685,0.9723453991178409,apf_colreg,overtaking,-1.0,1.0690345508353585,9.631656037441164,15.004314798239525,-0.3374794602631539,9.28343377998408,1.046091219155223,3.9647871131122554,mr_webots_overtaking_large_ship_0_4_m_s.wbt,ekf_on_cluster_off,1,0,5.0
1782954120.7515583,40.24053692817688,-200.0,186.92029905951486,0.2,0.1275867964304889,5.432165380212064,1.441301440909159,-0.0738769552784391,0.39755367807036324,1782954120.7591536,None,None,None, None, 1782954120.7339947,0.9384975941578407,apf_colreg,overtaking,-1.0,1.0198417616697133,9.327060790321566,14.99654611629878,-0.33751253678827897,9.32726363884843,1.0517448888740404,3.9361784377012095,mr_webots_overtaking_large_ship_0_4_m_s.wbt,ekf_on_cluster_off,1,0,5.0
1782954120.854819,40.34379768371582,-200.0,184.4804968887975,0.2,0.1236966585195437,5.499627319257477,1.449786771651512,-0.015311331931109924,0.39472210468091024,1782954120.8481996,None,None,None, None, 1782954120.8331938,1.029636705821406,apf_colreg,overtaking,-1.0,0.9909455771191824,9.634506330584669,14.988981014221348,-0.3916510863471441,9.396120351512359,1.0420687791781218,3.9257531020738368,mr_webots_overtaking_large_ship_0_4_m_s.wbt,ekf_on_cluster_off,1,0,5.0
1782954120.9505386,40.43951725959778,-200.0,187.8287853461175,0.2,0.11137775035105808,5.566880597679045,1.4580585346765886,-0.09941255855171577,0.3880394056035192,1782954120.9154215,None,None,None, None, 1782954120.896367,0.9194120516230664,apf_colreg,overtaking,-1.0,1.0248424646121883,9.640919070317283,14.98547481036449,-0.31671936938891765,9.45757976348455,1.0279322669939766,3.896447097554686,mr_webots_overtaking_large_ship_0_4_m_s.wbt,ekf_on_cluster_off,1,0,5.0
1782954121.051979,40.54095768928528,-200.0,187.45301422488723,0.2,0.10548665493858504,5.634565651887427,1.4653378254060492,-0.01943985828142431,0.38675338115766433,1782954120.9815755,None,None,None, None, 1782954121.0468857,1.0871668347211476,apf_colreg,overtaking,-1.0,1.0336471200122588,10.159101279637284,14.981292787271393,-0.32514818458082484,9.45757976348455,1.0279322669939766,3.896447097554686,mr_webots_overtaking_large_ship_0_4_m_s.wbt,ekf_on_cluster_off,1,0,5.0
1782954121.1513648,40.64034342765808,-200.0,186.10741316067924,0.2,0.10129720338486656,5.702290935377876,1.4723341097061855,-0.017472080327021144,0.38493711217208193,1782954121.0855281,None,None,None, None, 1782954121.1268294,1.0340099812572967,apf_colreg,overtaking,-1.0,1.115768189033085,11.117826690670531,14.977389540280768,-0.3553012390675052,9.516861873556103,1.013180175332799,3.8875839584819296,mr_webots_overtaking_large_ship_0_4_m_s.wbt,ekf_on_cluster_off,1,0,5.0
1782954121.2529655,40.74194407463074,-200.0,183.6379178240398,0.2,0.09892553127940848,5.769898258623185,1.479102778980387,-0.009364270854798651,0.38396456448293304,1782954121.1893854,None,None,None, None, 1782954121.2309105,1.0438524627212762,apf_colreg,overtaking,-1.0,1.2482790957183065,12.63077725419534,14.973445660471747,-0.4096964978931048,9.58239395169505,1.004442175926139,3.8772519791373035,mr_webots_overtaking_large_ship_0_4_m_s.wbt,ekf_on_cluster_off,1,0,5.0
1782954121.3598316,40.84881019592285,-190.23058883454732,200.0,0.2,0.09880761216815312,5.355282340551979,1.4286795167112802,-0.031229799192072655,0.3808849963481862,1782954121.2879953,5.348917144087457,1.4279257882737737,0.10627838365457531, 1782954121.323234, 1782954121.3076012,0.9121318083164233,apf_colreg,overtaking,-1.0,3.879266717617247,0.0,15.009022236046178,0.26191409771761354,9.636351903643774,1.00533309431346,3.8625359170527056,mr_webots_overtaking_large_ship_0_4_m_s.wbt,ekf_on_cluster_off,1,0,5.0
1782954121.45131,40.94028854370117,-184.7920205737415,200.0,0.2,0.08718364535759408,5.394946248749244,1.4325344156781874,-0.10438667112604294,0.3697833551694536,1782954121.3943465,None,None,None, None, 1782954121.3943465,1.0795071929727913,apf_colreg,overtaking,-1.0,1.4411794572647867,19.78349811169351,15.002760973660145,0.3851395226842653,9.189761955693484,0.9767220143943747,3.8419775927418067,mr_webots_overtaking_large_ship_0_4_m_s.wbt,ekf_on_cluster_off,1,0,5.0
1782954121.5509672,41.03994584083557,-182.80293144160126,200.0,0.2,0.08006626576477824,5.45329027809737,1.4372900904075898,-0.01306937708209763,0.3688032790203747,1782954121.4693367,None,None,None, None, 1782954121.4858634,1.0983215371910946,apf_colreg,overtaking,-1.0,1.1984145306954888,11.239456639107045,14.997380106213228,0.42852682490000404,9.219435817057885,0.9512508714495496,3.827366330769259,mr_webots_overtaking_large_ship_0_4_m_s.wbt,ekf_on_cluster_off,1,0,5.0
1782954121.6517806,41.140759229660034,-182.68985913056386,200.0,0.2,0.0755016004472157,5.518674871236894,1.442251517826592,-0.0048034679727382585,0.367992319078753,1782954121.6381648,None,None,None, None, 1782954121.655788,1.0782730825428495,apf_colreg,overtaking,-1.0,1.1860623266558132,9.316985970307536,14.993234460485214,0.43085852574099004,9.259362976085928,0.9358408210623266,3.8062637009784397,mr_webots_overtaking_large_ship_0_4_m_s.wbt,ekf_on_cluster_off,1,0,5.0
1782954121.7511992,41.24017786979675,-183.5715257078419,200.0,0.2,0.07248008075452178,5.58566205247989,1.4471040302076972,-0.0012461795135782368,0.3679094796991853,1782954121.7046394,None,None,None, None, 1782954121.7311852,1.0037715419739246,apf_colreg,overtaking,-1.0,1.2238017831083556,8.836703133659938,14.990117635881656,0.4116021628049449,9.312218520874474,0.9279344759460256,3.792566044418186,mr_webots_overtaking_large_ship_0_4_m_s.wbt,ekf_on_cluster_off,1,0,5.0
1782954121.8519876,41.34096622467041,-186.13701952439877,200.0,0.2,0.07206636645843595,5.653028864216992,1.451832745493867,0.015424627686651256,0.369330362257839,1782954121.7967572,None,None,None, None, 1782954121.7967572,1.0716832305926443,apf_colreg,overtaking,-1.0,1.3157358108731603,8.72606591469962,14.98826600640006,0.3548976692670749,9.356014066397352,0.9046418122491886,3.769462287907621,mr_webots_overtaking_large_ship_0_4_m_s.wbt,ekf_on_cluster_off,1,0,5.0
1782954121.9554548,41.44443345069885,-188.71160067195552,200.0,0.2,0.07169284082401922,5.720723442351247,1.4566375698079916,0.006101688278369197,0.3699470798146078,1782954121.8978305,None,None,None, None, 1782954121.8978305,1.0397404454045305,apf_colreg,overtaking,-1.0,1.396808743288101,8.997211376105849,14.986478741937653,0.2965989008529659,9.418775938107258,0.9121944591468107,3.759740680620723,mr_webots_overtaking_large_ship_0_4_m_s.wbt,ekf_on_cluster_off,1,0,5.0
1782954122.0545983,41.54357695579529,-191.7016476749283,200.0,0.2,0.07205404709762211,5.788744889140343,1.4614646333887222,0.0097440361241948,0.37089396003015906,1782954121.9950058,None,None,None, None, 1782954121.988008,0.9455388489236464,apf_colreg,overtaking,-1.0,1.487488836543144,9.566092252272195,14.984910109324124,0.22699573202852807,9.480587589655462,0.9180408263308422,3.740815925750408,mr_webots_overtaking_large_ship_0_4_m_s.wbt,ekf_on_cluster_off,1,0,5.0
1782954122.1916535,41.6806321144104,-195.18640233307354,200.0,0.2,0.07329613394323053,5.8571342496213115,1.4663740553981768,0.013968108228445696,0.37206208746642166,1782954122.2111642,None,None,None, None, 1782954122.2111642,1.0820814269767998,apf_colreg,overtaking,-1.0,1.617705726749004,10.297430572497287,14.983351596092078,0.14302804646628609,9.539738211207563,0.9144938112363443,3.7217417038910328,mr_webots_overtaking_large_ship_0_4_m_s.wbt,ekf_on_cluster_off,1,0,5.0
1782954122.251206,41.74018454551697,-199.1328315612398,200.0,0.2,0.07542768501852201,5.92594893619836,1.471438241004705,0.017553648499801965,0.3743884762305365,1782954122.2111642,None,None,None, None, 1782954122.2111642,1.0820814269767998,apf_colreg,overtaking,-1.0,1.606149365019875,10.247423562978955,14.981657990162942,0.0437559745471674,9.539738211207563,0.9144938112363443,3.7217417038910328,mr_webots_overtaking_large_ship_0_4_m_s.wbt,ekf_on_cluster_off,1,0,5.0
1782954122.3510084,41.83998703956604,-194.0272623433122,200.0,0.2,0.08908271584404408,5.527363308914654,1.4464614325085283,0.02284766578256156,0.37613036736073485,1782954122.2874036,5.521183930603846,1.4460616952397607,0.10907720660700626, 1782954122.324434, 1782954122.3109155,0.9606828403002985,apf_colreg,overtaking,-1.0,3.4478225679990393,15.612386381601778,14.995380239470192,0.17145141518518958,9.539738211207563,0.9144938112363443,3.7217417038910328,mr_webots_overtaking_large_ship_0_4_m_s.wbt,ekf_on_cluster_off,1,0,5.0
1782954122.451579,41.94055771827698,-197.3837832668487,200.0,0.2,0.09115664218316605,5.570564980917084,1.4503700024570136,0.009093110607519897,0.3774828359246769,1782954122.436139,None,None,None, None, 1782954122.3930693,1.0783368432991915,apf_colreg,overtaking,-1.0,1.6231326771664438,12.727537992675456,14.993253475191604,0.08840302102303266,9.20497822907435,0.9391810378920571,3.684448662035842,mr_webots_overtaking_large_ship_0_4_m_s.wbt,ekf_on_cluster_off,1,0,5.0
1782954122.551224,42.040202617645264,-200.0,199.94940367303474,0.2,0.0935241609456672,5.631902647438844,1.4560308283712828,0.014895333782590987,0.37871949228318336,1782954122.5191622,None,None,None, None, 1782954122.561238,0.9570022535000012,apf_colreg,overtaking,-1.0,1.337314524165361,8.896431846738041,14.989689398563435,-0.022615216284524564,9.22805839710157,0.9118151433797547,3.6731648255824636,mr_webots_overtaking_large_ship_0_4_m_s.wbt,ekf_on_cluster_off,1,0,5.0
1782954122.6512172,42.14019584655762,-200.0,195.23880408611018,0.2,0.09574730628763682,5.6998000009908765,1.4624727607680406,0.011479678281993594,0.3798034960607747,1782954122.6135902,None,None,None, None, 1782954122.6461933,1.0335426414874265,apf_colreg,overtaking,-1.0,1.203781303351782,7.996193830416745,14.985246489231653,-0.14175833189606468,9.266432863467204,0.9316753538912291,3.644094525508912,mr_webots_overtaking_large_ship_0_4_m_s.wbt,ekf_on_cluster_off,1,0,5.0
1782954122.7510073,42.239985942840576,-200.0,189.74089415977758,0.2,0.09857017341505346,5.768428308860532,1.4691489452489606,0.015630734624347307,0.381286470982051,1782954122.7084658,None,None,None, None, 1782954122.7344892,0.9482545914022084,apf_colreg,overtaking,-1.0,1.1340390251401387,8.158956697683703,14.980122302065562,-0.2727730114316227,9.33157759194042,0.9485202266100256,3.6374286627656494,mr_webots_overtaking_large_ship_0_4_m_s.wbt,ekf_on_cluster_off,1,0,5.0
1782954122.852027,42.34100556373596,-200.0,182.15217804814145,0.2,0.10378452970857366,5.836549088542167,1.4760023203591572,0.033313200472336206,0.38371359936996474,1782954122.8675394,None,None,None, None, 1782954122.8339262,1.0370453594758027,apf_colreg,overtaking,-1.0,1.120798845169141,8.727070100667758,14.973252196581225,-0.4418861484647687,9.392591262172086,0.9474426469158521,3.6149719817325336,mr_webots_overtaking_large_ship_0_4_m_s.wbt,ekf_on_cluster_off,1,0,5.0
1782954122.9516454,42.44062399864197,-200.0,175.33271160447305,0.2,0.10690317733356225,5.903750704735059,1.4832031728606765,0.004645889007934131,0.38411414810310474,1782954122.9556534,None,None,None, None, 1782954122.9135993,1.0174502015265472,apf_colreg,overtaking,-1.0,1.115525263234614,9.508090191556256,14.965966039125444,-0.5842358656119924,9.433546966319447,0.9580304800342258,3.599192402881109,mr_webots_overtaking_large_ship_0_4_m_s.wbt,ekf_on_cluster_off,1,0,5.0
1782954123.0509372,42.539915800094604,-200.0,168.66454452881365,0.2,0.10923382689318241,5.970094115295236,1.4905059949644937,-0.00043619749920835124,0.3840481379220884,1782954123.0188704,None,None,None, None, 1782954123.0468936,1.0106679150373699,apf_colreg,overtaking,-1.0,1.0891168136472433,10.821346636957085,14.958468734709594,-0.7160772649129452,9.49410862605853,0.9779901621119389,3.588299771537803,mr_webots_overtaking_large_ship_0_4_m_s.wbt,ekf_on_cluster_off,1,0,5.0
1782954123.1564147,42.64539337158203,-200.0,162.83118983952912,0.2,0.11006272608617526,6.0356122313108695,1.497867188382795,-0.013001851084474702,0.383056538092783,1782954123.1929507,None,None,None, None, 1782954123.126681,1.0072361846644688,apf_colreg,overtaking,-1.0,1.0358035618020576,12.54754951375381,14.951620020163954,-0.8262689583917684,9.535295862046768,0.997559952208208,3.559732029051633,mr_webots_overtaking_large_ship_0_4_m_s.wbt,ekf_on_cluster_off,1,0,5.0
1782954123.2514691,42.740447759628296,-200.0,156.43548142984773,0.2,0.11132760716793194,6.1004115969496695,1.5051796661600978,-0.0064897919756775335,0.3824217434938895,1782954123.2554753,None,None,None, None, 1782954123.221921,0.9239520461464336,apf_colreg,overtaking,-1.0,0.9836906899665364,15.278875257721095,14.94427743439659,-0.9422717389894641,9.594484504033362,1.0081831253564586,3.5510149654687466,mr_webots_overtaking_large_ship_0_4_m_s.wbt,ekf_on_cluster_off,1,0,5.0
1782954123.3507397,42.83971834182739,-200.0,183.95534579699745,0.2,0.1119352372673876,5.680218672120508,1.4638960592394201,-0.017995651836165936,0.38019460618361633,1782954123.3167105,5.673823350328155,1.4632540282271034,0.1126740925443217, 1782954123.32822, 1782954123.2981572,1.0130697160267845,apf_colreg,overtaking,-1.0,3.566520525133457,0.0,14.9799207185022,-0.40293610026124504,9.661740451384988,1.0417251514473884,3.539662548306584,mr_webots_overtaking_large_ship_0_4_m_s.wbt,ekf_on_cluster_off,1,0,5.0
1782954123.4523067,42.941285371780396,-200.0,182.29087923639162,0.2,0.1107119850170281,5.716213757730265,1.467989683184209,-0.028914673626274135,0.37750980377704313,1782954123.409563,None,None,None, None, 1782954123.3948157,0.9617971782078775,apf_colreg,overtaking,-1.0,0.21254935110330173,31.418534520821673,14.976763980947958,-0.43900154093652244,9.189070557325413,1.023442537664794,3.5144736846497087,mr_webots_overtaking_large_ship_0_4_m_s.wbt,ekf_on_cluster_off,1,0,5.0
1782954123.5622125,43.051191091537476,-200.0,180.21176319479667,0.2,0.10812251904542049,5.772229715273304,1.4742297181318236,-0.02789275844176004,0.3748933480886616,1782954123.5033672,None,None,None, None, 1782954123.494854,0.9808873117671008,apf_colreg,overtaking,-1.0,0.37431930981235634,13.030929703725457,14.972582215342527,-0.48328289176225336,9.22699916166681,1.0224927831334543,3.5033329411562586,mr_webots_overtaking_large_ship_0_4_m_s.wbt,ekf_on_cluster_off,1,0,5.0
1782954123.651495,43.14047360420227,-200.0,178.0098231620766,0.2,0.10499781042915121,5.836534032618802,1.4811949024997375,-0.0273676438114782,0.3722968206450018,1782954123.598243,None,None,None, None, 1782954123.6575012,1.0683190979692636,apf_colreg,overtaking,-1.0,0.3284626840910684,10.488994740813531,14.968473667341115,-0.5293151827038898,9.315993973326918,1.0371000655284368,3.48647910311168,mr_webots_overtaking_large_ship_0_4_m_s.wbt,ekf_on_cluster_off,1,0,5.0
1782954123.750678,43.23965668678284,-200.0,176.0621141892547,0.2,0.1015042171819905,5.902675613851857,1.488140827831458,-0.028880992607513714,0.3700796386728185,1782954123.6750126,None,None,None, None, 1782954123.7381713,0.9569853802296813,apf_colreg,overtaking,-1.0,0.34245602563769717,10.203298908973462,14.96512155892162,-0.5693323659848017,9.315993973326918,1.0371000655284368,3.48647910311168,mr_webots_overtaking_large_ship_0_4_m_s.wbt,ekf_on_cluster_off,1,0,5.0
1782954123.851758,43.340736627578735,-200.0,173.978757562267,0.2,0.09834389328271667,5.968975227942607,1.494865134876079,-0.024994356532252605,0.36652589423859655,1782954123.8171945,None,None,None, None, 1782954123.801672,1.0184653738120526,apf_colreg,overtaking,-1.0,0.23908748331360702,9.9368740626269,14.96217177618852,-0.6114621581785729,9.36326172176348,1.0544174718975294,3.4649484289537997,mr_webots_overtaking_large_ship_0_4_m_s.wbt,ekf_on_cluster_off,1,0,5.0
1782954123.952986,43.441964626312256,-200.0,171.87766382766455,0.2,0.09535534946809729,6.0351051573521115,1.5013746913502928,-0.024861701723586118,0.36454466573658567,1782954123.8968844,None,None,None, None, 1782954123.9424582,1.0396376747324332,apf_colreg,overtaking,-1.0,0.18252152515854012,10.162224827723845,14.959688931961985,-0.6532773429205694,9.416274171968473,1.0518461515076643,3.45223597311188,mr_webots_overtaking_large_ship_0_4_m_s.wbt,ekf_on_cluster_off,1,0,5.0
1782954124.0511358,43.540114402770996,-200.0,169.89018961870855,0.2,0.09235458602218866,6.101007730212617,1.5076779702946774,-0.02691099766980007,0.3612286934947784,1782954124.0201044,None,None,None, None, 1782954124.0040488,1.0827288597770384,apf_colreg,overtaking,-1.0,0.08513148166220548,10.666204924530891,14.957722254570598,-0.6922392163727755,9.462306078947893,1.0703647649265495,3.4281655532706132,mr_webots_overtaking_large_ship_0_4_m_s.wbt,ekf_on_cluster_off,1,0,5.0
1782954124.1514852,43.64046382904053,-200.0,168.66603230853116,0.2,0.0885335630668518,6.166686390011247,1.51376100037699,-0.03315598391505967,0.35868110879032544,1782954124.0969408,None,None,None, None, 1782954124.1299412,0.9571965092208701,apf_colreg,overtaking,-1.0,0.023422152300238384,11.657361079005959,14.956860453237075,-0.7159715088964873,9.521356306212754,1.0675249334602857,3.4183833899493186,mr_webots_overtaking_large_ship_0_4_m_s.wbt,ekf_on_cluster_off,1,0,5.0
1782954124.251964,43.74094271659851,-200.0,165.4563840584762,0.2,0.0874500705701219,6.232222095458695,1.5195783169174208,-0.01054444211429395,0.3576577058302126,1782954124.2563462,None,None,None, None, 1782954124.2105355,1.0196566962801883,apf_colreg,overtaking,-1.0,0.1637960683098668,13.014449072486883,14.954465886088332,-0.7772182855569145,9.572898172192916,1.1019837619709674,3.3935669141038836,mr_webots_overtaking_large_ship_0_4_m_s.wbt,ekf_on_cluster_off,1,0,5.0
1782954124.351117,43.84009552001953,-200.0,196.57181401206688,0.2,0.07815807846795707,5.837622433137345,1.4798007270156803,-0.03136902435720605,0.3538001115355987,1782954124.3169715,5.8315499476781065,1.4791991590257703,0.06572100923659452, 1782954124.332987, 1782954124.3339856,0.9635017777152005,apf_colreg,overtaking,-1.0,3.403641540917709,0.0,14.977984997608614,-0.10867907028148949,9.629418952293282,1.1069667156140732,3.380857976833456,mr_webots_overtaking_large_ship_0_4_m_s.wbt,ekf_on_cluster_off,1,0,5.0
1782954124.4525278,43.94150638580322,-200.0,196.73777090514636,0.2,0.07506454848962649,5.878443922622826,1.4829685166992626,-0.025391020430313643,0.3506133275125699,1782954124.4424798,None,None,None, None, 1782954124.3972836,1.0631519540288739,apf_colreg,overtaking,-1.0,0.7473939745802836,17.68434022923099,14.976900598582175,-0.10452512154373306,9.196036822391855,1.0747518834310963,3.354595699162853,mr_webots_overtaking_large_ship_0_4_m_s.wbt,ekf_on_cluster_off,1,0,5.0
1782954124.5513432,44.040321826934814,-200.0,196.2165989358626,0.2,0.07194654581796944,5.938649861829579,1.4874191772439467,-0.01837897972188425,0.3489444320355524,1782954124.5332844,None,None,None, None, 1782954124.5543504,1.0683037443561862,apf_colreg,overtaking,-1.0,0.10906736361938284,10.210562918186977,14.975438086326818,-0.11750643765798952,9.233749021096896,1.0680383800467526,3.3414568604558084,mr_webots_overtaking_large_ship_0_4_m_s.wbt,ekf_on_cluster_off,1,0,5.0
1782954124.651421,44.14039969444275,-200.0,195.88513366623954,0.2,0.06823667988022193,6.005974407349066,1.4921853393419298,-0.02368876099885978,0.3473174642019904,1782954124.6019654,None,None,None, None, 1782954124.6179872,0.9012369177697606,apf_colreg,overtaking,-1.0,0.05327849354549738,8.572919965086502,14.97425616513313,-0.12571736430957703,9.285926175947651,1.0646201882174553,3.3253088425971153,mr_webots_overtaking_large_ship_0_4_m_s.wbt,ekf_on_cluster_off,1,0,5.0
1782954124.7514536,44.240432262420654,-200.0,195.48355435600567,0.2,0.06480705427173147,6.074733324257638,1.4967829627845006,-0.019168823249059403,0.34551590822286105,1782954124.695949,None,None,None, None, 1782954124.7204301,0.9427648304415676,apf_colreg,overtaking,-1.0,0.08447964922733228,8.295046382347973,14.97345298071391,-0.13562624916130162,9.34786220276379,1.0773199585234303,3.3059863854161553,mr_webots_overtaking_large_ship_0_4_m_s.wbt,ekf_on_cluster_off,1,0,5.0
1782954124.8506417,44.33962035179138,-200.0,195.37078477274667,0.2,0.0610959521249608,6.1436772533178825,1.5011619263043734,-0.02236661694644111,0.34226908035171866,1782954124.841113,None,None,None, None, 1782954124.797045,1.0810532079675914,apf_colreg,overtaking,-1.0,0.08028860987636179,8.472814494942115,14.972977296280487,-0.13839795569426805,9.405794216304791,1.091077966465406,3.2955248167936997,mr_webots_overtaking_large_ship_0_4_m_s.wbt,ekf_on_cluster_off,1,0,5.0
1782954124.950716,44.43969464302063,-198.88501148281404,200.0,0.2,0.044848977761573004,6.212648707955347,1.5052804747379582,-0.13332729115326464,0.33420031225686747,1782954124.9016316,None,None,None, None, 1782954124.950716,0.9398330381440884,apf_colreg,overtaking,-1.0,0.12543845691441965,8.464139361932686,14.973303264627983,0.050103959160160194,9.405794216304791,1.091077966465406,3.2955248167936997,mr_webots_overtaking_large_ship_0_4_m_s.wbt,ekf_on_cluster_off,1,0,5.0
1782954125.0507083,44.53968691825867,-196.16821324901693,200.0,0.2,0.03787253612222846,6.282072913025462,1.5079635346339,-0.013788883233950569,0.33331735182526995,1782954124.9656658,None,None,None, None, 1782954125.0431933,1.088375425119444,apf_colreg,overtaking,-1.0,0.21131406546307346,8.920114903716062,14.972791706849861,0.11868750956405982,9.469675849301137,1.040303880740976,3.2654018585367335,mr_webots_overtaking_large_ship_0_4_m_s.wbt,ekf_on_cluster_off,1,0,5.0
1782954125.1505594,44.639538049697876,-194.3965542374386,200.0,0.2,0.03288105354026377,6.351264098141803,1.510306097394368,-0.013199646499960343,0.3310751606679991,1782954125.1355333,None,None,None, None, 1782954125.1052303,1.0662036263732018,apf_colreg,overtaking,-1.0,0.3183194568255001,9.859642366471455,14.972407361241817,0.16222421837225642,9.528748062214916,1.0211862290500402,3.2548028894606267,mr_webots_overtaking_large_ship_0_4_m_s.wbt,ekf_on_cluster_off,1,0,5.0
1782954125.2517116,44.74069023132324,-192.04485834218298,200.0,0.2,0.02726923034850497,6.420238047709825,1.5123740618130483,-0.027277603646557687,0.3288627067370154,1782954125.2166421,None,None,None, None, 1782954125.203131,1.0515386892933836,apf_colreg,overtaking,-1.0,0.45219719557960986,11.146484089934955,14.971744965639015,0.2186771507117422,9.58160491344817,1.0101046318529225,3.2395590645937804,mr_webots_overtaking_large_ship_0_4_m_s.wbt,ekf_on_cluster_off,1,0,5.0
1782954125.3508153,44.83979392051697,-178.03449433179085,200.0,0.2,0.027132900452190654,6.0074591275859195,1.4892914824714536,-0.0070998375583606966,0.3280877277822635,1782954125.3257966,6.001100217524026,1.4889645818934052,0.033370328850115705, 1782954125.336803, 1782954125.3112826,0.9939763522103912,apf_colreg,overtaking,-1.0,2.7273978258334024,73.21377374281529,14.966158395130087,0.5287208074457226,9.58160491344817,1.0101046318529225,3.2395590645937804,mr_webots_overtaking_large_ship_0_4_m_s.wbt,ekf_on_cluster_off,1,0,5.0
1782954125.459666,44.94864463806152,-176.09307581357945,200.0,0.2,0.023594645117106183,6.047222005656637,1.4902624101191568,-0.0063866957017265835,0.327518573437228,1782954125.4149122,None,None,None, None, 1782954125.3868854,1.0700138313383676,apf_colreg,overtaking,-1.0,0.5602292125892321,14.526187966304985,14.964280275286598,0.5686672740051257,9.199147096958347,0.9753185343676068,3.2072390226402154,mr_webots_overtaking_large_ship_0_4_m_s.wbt,ekf_on_cluster_off,1,0,5.0
1782954125.5971093,45.08608794212341,-176.27860084589108,200.0,0.2,0.02274444297296048,6.1047990182867755,1.4914687361615684,0.01754673690513583,0.32893261493281206,1782954125.4954994,None,None,None, None, 1782954125.4671762,0.9808015289306875,apf_colreg,overtaking,-1.0,0.7183463807853423,8.797135132510792,14.963953609890789,0.5648581654886398,9.22116324757374,0.9687512948275817,3.188718077623536,mr_webots_overtaking_large_ship_0_4_m_s.wbt,ekf_on_cluster_off,1,0,5.0
1782954125.6802044,45.169183015823364,-176.2924683438162,200.0,0.2,0.021525270162791103,6.169415671427713,1.4928332848665207,0.0028793474566730978,0.3294082625236776,1782954125.6606922,None,None,None, None, 1782954125.6606922,1.005957492010726,apf_colreg,overtaking,-1.0,0.7165404244971637,8.006374212093089,14.963592717107014,0.5645605315228686,9.22116324757374,0.9687512948275817,3.188718077623536,mr_webots_overtaking_large_ship_0_4_m_s.wbt,ekf_on_cluster_off,1,0,5.0
1782954125.7533343,45.24231290817261,-176.2766090022107,200.0,0.2,0.02031940770932165,6.235722199284068,1.4941492430514103,0.0028793474566730978,0.32998413201501225,1782954125.6606922,None,None,None, None, 1782954125.764853,0.9461508461827538,apf_colreg,overtaking,-1.0,0.8277748768103075,7.586877753095664,14.963256629224901,0.5648726460515343,9.321212021861841,0.9697696028093898,3.1637630493899973,mr_webots_overtaking_large_ship_0_4_m_s.wbt,ekf_on_cluster_off,1,0,5.0
1782954125.8600445,45.34902310371399,-177.97648778636378,200.0,0.2,0.02155041275848043,6.302341438626648,1.4953891877148067,0.024683775187043445,0.3328148392068175,1782954125.875066,None,None,None, None, 1782954125.907587,0.9252722658368638,apf_colreg,overtaking,-1.0,0.9645529631985702,7.702458013893033,14.964282819938404,0.5298592216391755,9.378536529960591,0.9518681913409353,3.1462949220167054,mr_webots_overtaking_large_ship_0_4_m_s.wbt,ekf_on_cluster_off,1,0,5.0
1782954125.9952004,45.48417901992798,-179.34433104804683,200.0,0.2,0.02222188697922628,6.3691869107996855,1.4967780305147826,0.012043087351880612,0.335365919462597,1782954125.9872005,None,None,None, None, 1782954125.907587,0.9252722658368638,apf_colreg,overtaking,-1.0,0.9629612316506642,7.6810216021515725,14.965085149366763,0.5013245864634994,9.378536529960591,0.9518681913409353,3.1462949220167054,mr_webots_overtaking_large_ship_0_4_m_s.wbt,ekf_on_cluster_off,1,0,5.0
1782954126.0511546,45.540133237838745,-180.7661904067482,200.0,0.2,0.022936853967228867,6.436212021421253,1.4982181056953863,0.012043087351880612,0.3377745369329731,1782954125.9872005,None,None,None, None, 1782954126.019324,0.9784890745744522,apf_colreg,overtaking,-1.0,1.1848040784274125,8.33450462319113,14.965753517982897,0.4713049054666971,9.466502158415809,0.9321279822337256,3.1139753206124534,mr_webots_overtaking_large_ship_0_4_m_s.wbt,ekf_on_cluster_off,1,0,5.0
1782954126.1536438,45.64262247085571,-182.91366860646374,200.0,0.2,0.024674779909721608,6.50341425501453,1.499715024804452,0.020457452262544654,0.3410151644060084,1782954126.1456087,None,None,None, None, 1782954126.0918593,1.0319076040856356,apf_colreg,overtaking,-1.0,1.3556950119274929,9.372848407486934,14.966932422357026,0.4252590876811162,9.534329724571318,0.9403958595606874,3.091045339652998,mr_webots_overtaking_large_ship_0_4_m_s.wbt,ekf_on_cluster_off,1,0,5.0
1782954126.251792,45.7407705783844,-189.18386315287196,200.0,0.2,0.03254127685051553,6.570867394735293,1.501366049540792,0.07093059297551707,0.3459536999068815,1782954126.2152336,None,None,None, None, 1782954126.2462907,0.9271885738183951,apf_colreg,overtaking,-1.0,1.6043258342156193,10.332697713469454,14.970049781510932,0.285437609933779,9.582935685371485,0.9162945835978201,3.0795726016730245,mr_webots_overtaking_large_ship_0_4_m_s.wbt,ekf_on_cluster_off,1,0,5.0
1782954126.3516536,45.84063220024109,-192.52089800728766,200.0,0.2,0.04365600707551886,6.155851225301361,1.4948000561785242,0.023791512068091984,0.3479368345322415,1782954126.2985883,6.149470151660527,1.4946819426283777,0.05595989959383996, 1782954126.342135, 1782954126.3261304,0.9012610787755126,apf_colreg,overtaking,-1.0,3.08899028604725,0.0,14.972623371270892,0.20737805151307143,9.641535777987961,0.9521242594740317,3.0663906710958124,mr_webots_overtaking_large_ship_0_4_m_s.wbt,ekf_on_cluster_off,1,0,5.0
1782954126.4535136,45.94249224662781,-200.0,197.27206104436667,0.2,0.06193468431985565,6.196552949232778,1.4966571167267677,0.17701840637251068,0.36158420080322096,1782954126.4625328,None,None,None, None, 1782954126.4057398,1.0173588916145782,apf_colreg,overtaking,-1.0,1.7741332534709746,15.286979110992936,14.973314227915662,-0.09109873272622515,9.224633097345986,0.9988767841647986,3.0415564341306682,mr_webots_overtaking_large_ship_0_4_m_s.wbt,ekf_on_cluster_off,1,0,5.0
1782954126.5532646,46.042243242263794,-200.0,188.5043379978156,0.2,0.0721453353505245,6.2567322452633505,1.5008910443253534,0.01965380480663734,0.36329110890452065,1782954126.5607777,None,None,None, None, 1782954126.5085645,0.97422520873552,apf_colreg,overtaking,-1.0,1.3700087757447197,10.67478910594873,14.969910439397367,-0.3010104194926351,9.224633097345986,0.9988767841647986,3.0415564341306682,mr_webots_overtaking_large_ship_0_4_m_s.wbt,ekf_on_cluster_off,1,0,5.0
1782954126.6516364,46.14061498641968,-200.0,180.9285011050434,0.2,0.07865255819312802,6.323170643746446,1.5060723094704676,0.01116642274651817,0.3643881530517105,1782954126.6686583,None,None,None, None, 1782954126.6270993,1.0028891961203839,apf_colreg,overtaking,-1.0,0.9794867205231145,8.73089108168705,14.965279923224719,-0.46783742221405333,9.281136074848735,1.0358212065199504,3.0316691960620625,mr_webots_overtaking_large_ship_0_4_m_s.wbt,ekf_on_cluster_off,1,0,5.0
1782954126.755407,46.244385719299316,-200.0,174.0000652855298,0.2,0.08327221482218079,6.390104134703159,1.5116329792177003,0.007196841889781187,0.3657419174766598,1782954126.748883,None,None,None, None, 1782954126.7192225,0.9451155775761104,apf_colreg,overtaking,-1.0,0.982468772253542,8.653344033462071,14.96027249146552,-0.6109560055964449,9.281136074848735,1.0358212065199504,3.0316691960620625,mr_webots_overtaking_large_ship_0_4_m_s.wbt,ekf_on_cluster_off,1,0,5.0
1782954126.858774,46.34775257110596,-200.0,167.34717789728583,0.2,0.08683906104542784,6.456390764362702,1.5174035376996198,0.00364601640918593,0.36602945813986565,1782954126.8277473,None,None,None, None, 1782954126.825753,1.0672599110518217,apf_colreg,overtaking,-1.0,0.7339949030642143,8.696391239787822,14.954787945332573,-0.7412511285880043,9.45129509183847,1.0863897840432524,2.9836472072325733,mr_webots_overtaking_large_ship_0_4_m_s.wbt,ekf_on_cluster_off,1,0,5.0
1782954126.9548373,46.44381594657898,-200.0,162.73295742796992,0.2,0.08738441945101459,6.5218856445111095,1.5233237196991372,-0.020972952044049975,0.3644078924185166,1782954126.9050643,None,None,None, None, 1782954126.9020638,0.9060396957194945,apf_colreg,overtaking,-1.0,0.5313334663905144,9.24868087552604,14.951223341458569,-0.828071540187155,9.45129509183847,1.0863897840432524,2.9836472072325733,mr_webots_overtaking_large_ship_0_4_m_s.wbt,ekf_on_cluster_off,1,0,5.0
1782954127.051097,46.5400755405426,200.0,200.0,0.2,0.08813275171641198,6.586793668614845,1.5291632719534913,-0.0114371418255113,0.36325978913506046,1782954127.005448,None,None,None, None, 1782954127.0124488,0.989201317030425,apf_colreg,overtaking,-1.0,0.34289184068055606,9.949339683756046,14.947313908458334,-0.9170639646504091,9.493439589254326,1.0979502632187508,2.956782654877679,mr_webots_overtaking_large_ship_0_4_m_s.wbt,ekf_on_cluster_off,1,0,5.0
1782954127.1523693,46.641347885131836,200.0,200.0,0.2,0.08108789627025846,6.632925191956414,1.53289036357699,-0.004608086058294635,0.36280674185581824,1782954127.1037638,None,None,None, None, 1782954127.1193068,1.0784246231179344,apf_colreg,overtaking,-1.0,0.08926490542460987,16.78365915123121,14.952060366065151,-0.8601970587048138,9.552255628342989,1.1083535282075259,2.946759647747766,mr_webots_overtaking_large_ship_0_4_m_s.wbt,ekf_on_cluster_off,1,0,5.0
1782954127.2515287,46.74050736427307,200.0,200.0,0.2,0.07820875628849129,6.673321484390975,1.5356657800995728,0.07002837128041092,0.37133215323675023,1782954127.225506,None,None,None, None, 1782954127.2365186,0.989624453973303,apf_colreg,overtaking,-1.0,0.23248751122680078,19.840747277037455,14.953361696846542,-0.854070968508748,9.552255628342989,1.1083535282075259,2.946759647747766,mr_webots_overtaking_large_ship_0_4_m_s.wbt,ekf_on_cluster_off,1,0,5.0
1782954127.351697,46.840675592422485,200.0,200.0,0.2,0.07615135584962202,6.711066332138507,1.5381639598053005,0.07425449030063759,0.3768724751186653,1782954127.3001187,None,None,None, None, 1782954127.3126428,1.0530142509211322,apf_colreg,overtaking,-1.0,0.03458438095635308,29.880679965442432,14.953927197695071,-0.8566320511837215,9.588048121656337,0.9985881474581053,2.918511054655463,mr_webots_overtaking_large_ship_0_4_m_s.wbt,ekf_on_cluster_off,1,0,5.0
1782954127.4515607,46.94053936004639,200.0,200.0,0.2,0.07975530393445283,6.304664119848568,1.5039470152641718,0.07993356611078914,0.38283748059407785,1782954127.4545684,6.299998225594752,1.5035617262234984,0.08846265653151697, 1782954127.354702, 1782954127.3902605,0.903358749821536,apf_colreg,overtaking,-1.0,2.9300178184828556,0.0,14.965801498451398,-0.455569649625704,9.595742749979312,0.9499925945273554,2.903261787203381,mr_webots_overtaking_large_ship_0_4_m_s.wbt,ekf_on_cluster_off,1,0,5.0
1782954127.5513759,47.04035449028015,200.0,200.0,0.2,0.07525815999396965,6.3018184535299895,1.5037519086830582,0.08618495755306363,0.39615901614114996,1782954127.5293124,None,None,None, None, 1782954127.5473528,1.0007582647683806,apf_colreg,overtaking,-1.0,2.9268825465450106,0.0,14.967700285101316,-0.3856468469164245,9.162715369850966,0.894013469357988,2.8962174062444257,mr_webots_overtaking_large_ship_0_4_m_s.wbt,ekf_on_cluster_off,1,0,5.0
1782954127.6509337,47.139912366867065,200.0,200.0,0.2,0.0737668145862576,6.306544985186649,1.5040567933838298,0.09217266243364695,0.4032612467093874,1782954127.606366,None,None,None, None, 1782954127.6214108,1.0751759165246904,apf_colreg,overtaking,-1.0,1.7638217451814964,19.867032511802492,14.968029273879585,-0.36738640016399415,9.14498368952043,0.8514742412701886,2.8911768942404588,mr_webots_overtaking_large_ship_0_4_m_s.wbt,ekf_on_cluster_off,1,0,5.0
1782954127.7511444,47.24012303352356,200.0,200.0,0.2,0.07355583186380457,6.318655195205493,1.5048258441921383,0.08931262169284515,0.41574332474531395,1782954127.746123,None,None,None, None, 1782954127.703903,1.0835438239279174,apf_colreg,overtaking,-1.0,1.7980624182449712,9.880591353331562,14.967567138233758,-0.37445069543061305,9.111309692427511,0.757160972906173,2.867461499497292,mr_webots_overtaking_large_ship_0_4_m_s.wbt,ekf_on_cluster_off,1,0,5.0
1782954127.850996,47.33997464179993,200.0,200.0,0.2,0.07318901511647162,6.3373737134439665,1.506013417818211,0.08103736427676879,0.4219702489668592,1782954127.8229632,None,None,None, None, 1782954127.8560014,1.0519231518877783,apf_colreg,overtaking,-1.0,1.7025266866092552,8.968536631425456,14.967234032981974,-0.3847372358950256,9.111309692427511,0.757160972906173,2.867461499497292,mr_webots_overtaking_large_ship_0_4_m_s.wbt,ekf_on_cluster_off,1,0,5.0
1782954127.9516034,47.440582036972046,200.0,200.0,0.2,0.07322827922514502,6.361431294565092,1.507524725657533,0.0837373890835578,0.4286477518498165,1782954127.9027066,None,None,None, None, 1782954127.9417987,1.0907232764346146,apf_colreg,overtaking,-1.0,1.7516304082718843,6.833440683366794,14.96658954263249,-0.4054412390154658,9.130030108913154,0.7491719021099564,2.8586578820258586,mr_webots_overtaking_large_ship_0_4_m_s.wbt,ekf_on_cluster_off,1,0,5.0
1782954128.0539055,47.54288411140442,200.0,200.0,0.2,0.07216434896109171,6.389403532808799,1.5092823334407204,0.07238722731497872,0.4389040748712978,1782954128.0443935,None,None,None, None, 1782954128.0082576,0.9375917146855638,apf_colreg,overtaking,-1.0,1.8266067521506464,5.733903528186252,14.966282184479718,-0.41292509852916126,9.134286840539632,0.7233903955325568,2.8443057665052547,mr_webots_overtaking_large_ship_0_4_m_s.wbt,ekf_on_cluster_off,1,0,5.0
1782954128.1510513,47.64002990722656,200.0,200.0,0.2,0.07178143932901149,6.420023552468757,1.5111590563017125,0.0811591771843149,0.44536265035876926,1782954128.1239727,None,None,None, None, 1782954128.1485403,1.039526576324464,apf_colreg,overtaking,-1.0,1.9251715640545508,5.096303410946873,14.965726660301312,-0.43214369231242156,9.148483919515355,0.6919913969093839,2.8398900056758967,mr_webots_overtaking_large_ship_0_4_m_s.wbt,ekf_on_cluster_off,1,0,5.0
1782954128.2512136,47.7401921749115,200.0,200.0,0.2,0.13813666759454335,6.452323098049206,1.5131296460916255,0.6694223917475042,0.4874862811230475,1782954128.186898,None,None,None, None, 1782954128.2250369,0.994566003559392,apf_colreg,overtaking,-1.0,1.921585646032362,4.903359812663914,14.901905711917422,-1.4498083303704288,9.163258644188083,0.6468631661423065,2.834497389691833,mr_webots_overtaking_large_ship_0_4_m_s.wbt,ekf_on_cluster_off,1,0,5.0
1782954128.3506103,47.83958888053894,-200.0,99.50607064500632,0.2,0.15847937223613306,6.485267719554345,1.5181483595189846,0.07980524026634399,0.4980727806334005,1782954128.3195522,None,None,None, None, 1782954128.3536155,1.0986428352975877,apf_colreg,overtaking,-1.0,1.900495422959832,5.0606953379035025,14.861762790115142,-1.8191228691609087,9.21510231600233,0.7963710991447568,2.825643721514945,mr_webots_overtaking_large_ship_0_4_m_s.wbt,ekf_on_cluster_off,1,0,5.0
1782954128.4579184,47.94689702987671,-200.0,58.03250850066118,0.2,0.1980744970882943,6.394093040106859,1.5134332087237288,0.0714046754015908,0.5038014243541787,1782954128.39978,6.392319621429684,1.5132683536174931,0.23543574287777336, 1782954128.36562, 1782954128.4293547,0.9404575473529424,apf_colreg,overtaking,-1.0,1.9072422065868795,5.524947914008825,14.787638507017201,-2.3440785330731755,9.247316551252455,0.8049533929200617,2.8164110058893757,mr_webots_overtaking_large_ship_0_4_m_s.wbt,ekf_on_cluster_off,1,0,5.0
1782954128.5506816,48.03966021537781,-200.0,26.982084742203693,0.2,0.2138670749612284,6.436273582550904,1.5225468003975062,-0.0024806867898876034,0.5034571490281748,1782954128.5385623,None,None,None, None, 1782954128.5065155,1.043188039512424,apf_colreg,overtaking,-1.0,1.6492739296889833,5.467712711460403,14.728465212013926,-2.6969719490303614,9.160266545586401,0.883583197416812,2.7939895573592746,mr_webots_overtaking_large_ship_0_4_m_s.wbt,ekf_on_cluster_off,1,0,5.0
1782954128.6508143,48.139792919158936,-200.0,-9.938072866094215,0.2,0.22494143106214115,6.482882453100968,1.5332984448795628,-0.016523355490912116,0.502353170268887,1782954128.6053755,None,None,None, None, 1782954128.6053755,0.9208447367436693,apf_colreg,overtaking,-1.0,1.440774682040559,5.901007661943987,14.672348020022895,-3.0008188739570816,9.210819230231374,0.9392450795484177,2.7864209997924263,mr_webots_overtaking_large_ship_0_4_m_s.wbt,ekf_on_cluster_off,1,0,5.0
1782954128.7510316,48.240010261535645,-200.0,38.734894815018734,0.2,0.1853900927074868,6.529996244845916,1.5446647323277314,-0.4757588766039875,0.43543857556018184,1782954128.7460237,None,None,None, None, 1782954128.6789014,0.9289621542030406,apf_colreg,overtaking,-1.0,1.356830897064659,6.601156226896942,14.758484981284251,-2.5680768620397423,9.258376943176131,0.9832485949359826,2.7796763846399672,mr_webots_overtaking_large_ship_0_4_m_s.wbt,ekf_on_cluster_off,1,0,5.0
1782954128.8513613,48.34033989906311,-200.0,46.431708366999594,0.2,0.1715103608268615,6.57996650147905,1.553617108758767,-0.05966940237628641,0.4301696399082845,1782954128.8343258,None,None,None, None, 1782954128.8483355,1.070328419093602,apf_colreg,overtaking,-1.0,1.2857899113162956,7.104822576264082,14.777861484457539,-2.4813950777371083,9.27540647166175,0.8940463083870045,2.7655965680204684,mr_webots_overtaking_large_ship_0_4_m_s.wbt,ekf_on_cluster_off,1,0,5.0
1782954128.9517481,48.44072675704956,-200.0,47.64324659624715,0.2,0.16275958553923026,6.631276072905372,1.5623974587589053,-0.06248014265611553,0.42469494980748407,1782954128.9219487,None,None,None, None, 1782954128.930949,1.0556467370475886,apf_colreg,overtaking,-1.0,1.2376483546312007,7.803368468621924,14.785391807898371,-2.4683303382270063,9.310263126844202,0.8967344078875994,2.7605818202935084,mr_webots_overtaking_large_ship_0_4_m_s.wbt,ekf_on_cluster_off,1,0,5.0
1782954129.065579,48.55455756187439,200.0,200.0,0.2,0.15706653774362012,6.683159693582695,1.5709749063983658,-0.05913215121160516,0.4204770351948,1782954128.993279,None,None,None, None, 1782954129.0070174,1.0431029106543976,apf_colreg,overtaking,-1.0,1.1120146399120823,9.151155718809322,14.786731062092816,-2.4977797373593713,9.365703854110649,0.9370190717421032,2.7465273406424475,mr_webots_overtaking_large_ship_0_4_m_s.wbt,ekf_on_cluster_off,1,0,5.0
1782954129.153755,48.642733573913574,200.0,200.0,0.2,0.14135917797598177,6.725610497045692,1.5772582214455797,-0.06104512646721622,0.4145965771456676,1782954129.0896087,None,None,None, None, 1782954129.1031196,1.0550318729135761,apf_colreg,overtaking,-1.0,0.9428438009227761,14.006271287316737,14.81641227799743,-2.3483686341475405,9.407031347997822,0.968254883608045,2.731523006831377,mr_webots_overtaking_large_ship_0_4_m_s.wbt,ekf_on_cluster_off,1,0,5.0
1782954129.250389,48.739367723464966,200.0,200.0,0.2,0.12759421772786014,6.7642838061403205,1.5821253417770578,0.0023613694898950116,0.4149714700220532,1782954129.2483695,None,None,None, None, 1782954129.2483695,0.9318267614232368,apf_colreg,overtaking,-1.0,0.9002253286468506,20.369306303659087,14.842092241909,-2.2088404733214464,9.427679057861154,0.9159368554764882,2.724565484132745,mr_webots_overtaking_large_ship_0_4_m_s.wbt,ekf_on_cluster_off,1,0,5.0
1782954129.3510187,48.83999729156494,200.0,200.0,0.2,0.11329393654582878,6.801102621626176,1.586220735614939,0.0023613694898950116,0.4154437439200322,1782954129.2483695,None,None,None, None, 1782954129.3197677,1.0434808703797176,apf_colreg,overtaking,-1.0,0.8871045270540574,22.029774671603274,14.868551963040256,-2.0507557738561157,9.427679057861154,0.9159368554764882,2.724565484132745,mr_webots_overtaking_large_ship_0_4_m_s.wbt,ekf_on_cluster_off,1,0,5.0
1782954129.4508128,48.939791440963745,-200.0,97.13640869151341,0.2,0.14193616729442352,6.513371580600167,1.5390859549046476,0.07592100947704247,0.4286287143835922,1782954129.4220364,6.509098692915789,1.5384178989546418,0.20860155697700122, 1782954129.369546, 1782954129.3878067,0.9553975594901302,apf_colreg,overtaking,-1.0,2.7429375028733345,0.0,14.86282326909594,-1.8517768065829472,9.434271149469229,0.8112440427793088,2.7078066334634094,mr_webots_overtaking_large_ship_0_4_m_s.wbt,ekf_on_cluster_off,1,0,5.0
1782954129.5507777,49.039756298065186,-200.0,91.24763958184872,0.2,0.14492937683755486,6.532028449488587,1.5417063631839825,0.061340288022432465,0.4334677379358074,1782954129.5009246,None,None,None, None, 1782954129.4708953,1.0296232153152058,apf_colreg,overtaking,-1.0,1.6393050582150073,47.33474494761968,14.853801935919432,-1.9303403651255246,9.151148120501336,0.8102686325634509,2.7025210505133366,mr_webots_overtaking_large_ship_0_4_m_s.wbt,ekf_on_cluster_off,1,0,5.0
1782954129.6739805,49.16295909881592,-200.0,79.83713145329344,0.2,0.1499801927973789,6.568467489434067,1.5472057538522237,0.0023139813248579965,0.4337985492851753,1782954129.6438866,None,None,None, None, 1782954129.6729813,0.9480438873282467,apf_colreg,overtaking,-1.0,1.322873129971192,13.841545392097155,14.836085837906275,-2.0781499243744257,9.155788052328225,0.799873519015079,2.6833932303048407,mr_webots_overtaking_large_ship_0_4_m_s.wbt,ekf_on_cluster_off,1,0,5.0
1782954129.759977,49.248955726623535,-200.0,64.16510541853482,0.2,0.1564403849705687,6.6156994618490135,1.5546641908886318,0.0023139813248579965,0.4342613455501469,1782954129.7724874,None,None,None, None, 1782954129.7824876,0.9537879793818198,apf_colreg,overtaking,-1.0,1.2628578111933646,10.644707837463056,14.81147767138593,-2.2726384171643783,9.155788052328225,0.799873519015079,2.6833932303048407,mr_webots_overtaking_large_ship_0_4_m_s.wbt,ekf_on_cluster_off,1,0,5.0
1782954129.8863606,49.37533926963806,-200.0,46.60782096748473,0.2,0.16284219148161938,6.666974892587891,1.5631706743464484,-0.007321813977817668,0.43331975415302615,1782954129.7724874,None,None,None, None, 1782954129.7824876,0.9537879793818198,apf_colreg,overtaking,-1.0,1.1963705277770338,9.434032395265923,14.783400126879865,-2.480244973855399,9.240689923042595,0.8493767724015103,2.6685044601542214,mr_webots_overtaking_large_ship_0_4_m_s.wbt,ekf_on_cluster_off,1,0,5.0
1782954129.9519358,49.44091439247131,-200.0,28.87545191937532,0.2,0.16835597496912924,6.7187084717697765,1.5721310214922282,-0.01947632824438621,0.43056607338258773,1782954129.9138734,None,None,None, None, 1782954129.9158728,0.9144494038987694,apf_colreg,overtaking,-1.0,1.108026658791767,9.535001082316073,14.754979222942076,-2.680410478655027,9.278104301818317,0.8802634915582747,2.654778306425505,mr_webots_overtaking_large_ship_0_4_m_s.wbt,ekf_on_cluster_off,1,0,5.0
1782954130.0528927,49.541871309280396,-200.0,31.00331749433199,0.2,0.1586951255164179,6.769639228578584,1.5812537237448931,-0.15541772113109295,0.4159592004258643,1782954130.007858,None,None,None, None, 1782954130.0088575,1.0140025646735669,apf_colreg,overtaking,-1.0,1.1446658137690382,9.610812758400526,14.766746487112552,-2.6583570878156477,9.278104301818317,0.8802634915582747,2.654778306425505,mr_webots_overtaking_large_ship_0_4_m_s.wbt,ekf_on_cluster_off,1,0,5.0
1782954130.1522577,49.641236305236816,200.0,200.0,0.2,0.1067124999487055,6.82054863560991,1.589581968222924,-0.4872463530584298,0.3726775743832366,1782954130.096687,None,None,None, None, 1782954130.0956872,0.935058961434487,apf_colreg,overtaking,-1.0,0.9759260094821512,11.872857577097818,14.878188616204694,-1.9982339832529492,9.39584077579587,0.9612937965363382,2.62892550222527,mr_webots_overtaking_large_ship_0_4_m_s.wbt,ekf_on_cluster_off,1,0,5.0
1782954130.255751,49.74472951889038,200.0,200.0,0.2,0.07087836657209386,6.86292668150527,1.593001533190773,-0.11569249172399448,0.35918661194889573,1782954130.2132976,None,None,None, None, 1782954130.2122967,1.0810877943018868,apf_colreg,overtaking,-1.0,1.2900194859542173,17.02821139961067,14.939208229974895,-1.5092080863435617,9.404892393870934,0.8206656623338591,2.6160593622614194,mr_webots_overtaking_large_ship_0_4_m_s.wbt,ekf_on_cluster_off,1,0,5.0
1782954130.4089723,49.897950887680054,200.0,200.0,0.2,0.0986659514570037,6.622968444070972,1.5628217532553117,0.014504179192110878,0.36114606268589144,1782954130.3483932,6.618266605586711,1.5622838079159682,0.19702225897680137, 1782954130.371903, 1782954130.3453922,1.0009387689697595,apf_colreg,overtaking,-1.0,2.672870264096915,0.0,14.911797078047279,-1.5242313671800565,9.404892393870934,0.8206656623338591,2.6160593622614194,mr_webots_overtaking_large_ship_0_4_m_s.wbt,ekf_on_cluster_off,1,0,5.0
1782954130.4570186,49.94599723815918,200.0,200.0,0.2,0.07639720865819881,6.633950366544581,1.5636674364716345,0.014504179192110878,0.3640468985243136,1782954130.3483932,None,None,None, None, 1782954130.3453922,1.0009387689697595,apf_colreg,overtaking,-1.0,2.672870264096915,0.0,14.942097981055642,-1.201390079151861,9.404892393870934,0.8206656623338591,2.6160593622614194,mr_webots_overtaking_large_ship_0_4_m_s.wbt,ekf_on_cluster_off,1,0,5.0
1782954130.5539744,50.04295301437378,-200.0,155.20086608806733,0.2,0.059711625667373744,6.651697269181207,1.5646809391473686,0.02407019547654993,0.36695811940699247,1782954130.4693403,None,None,None, None, 1782954130.4693403,1.0849912401365869,apf_colreg,overtaking,-1.0,2.0704799325423413,18.03183590664128,14.959631026750323,-0.965215566580758,9.162103886253167,0.7186296826981264,2.6013010436350883,mr_webots_overtaking_large_ship_0_4_m_s.wbt,ekf_on_cluster_off,1,0,5.0
1782954130.6541774,50.14315605163574,-200.0,146.34433298354566,0.2,0.0679983389927477,6.693020060591716,1.566834299228071,0.14485736453865783,0.3871365587053172,1782954130.608639,None,None,None, None, 1782954130.618152,0.9088878187241091,apf_colreg,overtaking,-1.0,1.5092985816333417,10.728254513833027,14.950342264161549,-1.117720095151265,9.162103886253167,0.7186296826981264,2.6013010436350883,mr_webots_overtaking_large_ship_0_4_m_s.wbt,ekf_on_cluster_off,1,0,5.0
1782954130.7508097,50.2397882938385,-200.0,135.81250171032954,0.2,0.07590190474845529,6.748362703408332,1.570814027549087,0.04086218187128647,0.39038879286034367,1782954130.753321,None,None,None, None, 1782954130.7022512,1.0596518780924957,apf_colreg,overtaking,-1.0,1.7269773049826769,5.605961286946579,14.938410618232705,-1.2897267069262925,9.128990263475123,0.6125459489671072,2.566974783093266,mr_webots_overtaking_large_ship_0_4_m_s.wbt,ekf_on_cluster_off,1,0,5.0
1782954130.8548822,50.34386086463928,-200.0,125.72568754434232,0.2,0.08195203364574699,6.808298943677365,1.575735158069116,0.00639774090158527,0.39123769812154163,1782954130.8209176,None,None,None, None, 1782954130.8360407,0.9427369738670524,apf_colreg,overtaking,-1.0,1.7589356392174398,4.781614980620429,14.927587374097971,-1.446413898267826,9.180204036819102,0.6465870062601656,2.5481634889043465,mr_webots_overtaking_large_ship_0_4_m_s.wbt,ekf_on_cluster_off,1,0,5.0
1782954130.9514058,50.44038438796997,-200.0,115.59467204499931,0.2,0.0872714721827526,6.868632670365057,1.5810634633103655,-0.0005151536260261826,0.3912036989726621,1782954130.8869157,None,None,None, None, 1782954130.9009416,0.9527803123665521,apf_colreg,overtaking,-1.0,1.7942977362736419,4.686364944411116,14.91678542463302,-1.5969076259655592,9.238896186945452,0.6702360499425695,2.5431573265367775,mr_webots_overtaking_large_ship_0_4_m_s.wbt,ekf_on_cluster_off,1,0,5.0
1782954131.0513213,50.54029989242554,-200.0,133.81671822868924,0.2,0.0639180813951447,6.928205335679194,1.586649351808501,-0.2548790436593794,0.351601076609107,1782954131.0422938,None,None,None, None, 1782954130.9971018,0.953369831699338,apf_colreg,overtaking,-1.0,1.8747710735175915,4.7452306156921225,14.948603226969189,-1.3224100073204088,9.295777525861347,0.6928227306222083,2.5319445559529488,mr_webots_overtaking_large_ship_0_4_m_s.wbt,ekf_on_cluster_off,1,0,5.0
1782954131.1513772,50.640355825424194,-200.0,136.31659344043638,0.2,0.05803393962942911,6.989281606589241,1.5902765517093869,-0.016711964086121068,0.34994548088756544,1782954131.1413603,None,None,None, None, 1782954131.0748668,1.0649498420814607,apf_colreg,overtaking,-1.0,1.9486394521879657,4.610368524289327,14.95528791122447,-1.2831003652265727,9.318275265235886,0.6291005825252034,2.507099313140329,mr_webots_overtaking_large_ship_0_4_m_s.wbt,ekf_on_cluster_off,1,0,5.0
1782954131.259103,50.74808168411255,-200.0,136.1798811713692,0.2,0.05505111042371708,7.050919848065092,1.5938082807917269,-0.020204481484773346,0.3478990751859568,1782954131.242645,None,None,None, None, 1782954131.280622,0.9463491446805603,apf_colreg,overtaking,-1.0,1.9398794871451024,4.616817594491869,14.958652371017875,-1.2855836896963284,9.318275265235886,0.6291005825252034,2.507099313140329,mr_webots_overtaking_large_ship_0_4_m_s.wbt,ekf_on_cluster_off,1,0,5.0
1782954131.380353,50.86933159828186,-200.0,140.57090932717705,0.2,0.047256252696630995,7.112682151768252,1.5972793174286188,-0.07698901252892085,0.341970359686379,1782954131.3196523,None,None,None, None, 1782954131.4223812,0.990677796186028,apf_colreg,overtaking,-1.0,1.9448777599590477,4.601580493548437,14.96819157208979,-1.21514474972812,9.521625704379208,0.6601168727039044,2.4796380323254965,mr_webots_overtaking_large_ship_0_4_m_s.wbt,ekf_on_cluster_off,1,0,5.0
1782954131.4711666,50.960145235061646,-200.0,95.63814064438739,0.2,0.09839508046633068,6.745219708098642,1.5896636905531996,-0.04657729626219248,0.3359157167229788,1782954131.4496436,6.740586119792572,1.5895500709420098,0.2052601956670186, 1782954131.386358, 1782954131.4223812,0.990677796186028,apf_colreg,overtaking,-1.0,2.5869666932618864,0.0,14.893799617323431,-1.8761109958887836,9.521625704379208,0.6601168727039044,2.4796380323254965,mr_webots_overtaking_large_ship_0_4_m_s.wbt,ekf_on_cluster_off,1,0,5.0
1782954131.551225,51.04020357131958,-200.0,104.00691282835317,0.2,0.08764979602205074,6.780117284967756,1.5931703354978772,-0.13893154058598328,0.32493254018261364,1782954131.5286982,None,None,None, None, 1782954131.496463,0.9055454279353533,apf_colreg,overtaking,-1.0,2.537265635524643,2.715780128415058,14.910986633957148,-1.7624443838411628,9.521625704379208,0.6601168727039044,2.4796380323254965,mr_webots_overtaking_large_ship_0_4_m_s.wbt,ekf_on_cluster_off,1,0,5.0
1782954131.654194,51.14317274093628,-200.0,105.92869760351547,0.2,0.08212558834012575,6.828521710456658,1.5973567929782675,-0.04127388923890597,0.32110662758954667,1782954131.621394,None,None,None, None, 1782954131.5942974,1.0682008555319362,apf_colreg,overtaking,-1.0,1.685420290288663,7.963883445515989,14.918096807576973,-1.7361977782463125,9.203840781607262,0.80460411888395,2.4522807092563714,mr_webots_overtaking_large_ship_0_4_m_s.wbt,ekf_on_cluster_off,1,0,5.0
1782954131.7514324,51.240411043167114,-200.0,103.58162727630902,0.2,0.08021875206593163,6.883547672437071,1.601933110727984,-0.025425218212511657,0.31797750957233084,1782954131.7444654,None,None,None, None, 1782954131.7604387,1.0535409018678223,apf_colreg,overtaking,-1.0,1.2121381944711853,8.220729047894691,14.91911040174223,-1.7693745658282296,9.264195447719251,0.8106932116313821,2.4431459351734715,mr_webots_overtaking_large_ship_0_4_m_s.wbt,ekf_on_cluster_off,1,0,5.0
1782954131.8506272,51.33960580825806,-200.0,106.4938492921549,0.2,0.07326630367469661,6.940736290731673,1.6066885543030942,-0.08620291631566604,0.31033547819370716,1782954131.833117,None,None,None, None, 1782954131.8506272,1.0481974333872295,apf_colreg,overtaking,-1.0,0.9360644982053373,8.416986918132688,14.929026983407141,-1.7294631406020633,9.299841284444291,0.8187146648171755,2.4356785997062236,mr_webots_overtaking_large_ship_0_4_m_s.wbt,ekf_on_cluster_off,1,0,5.0
1782954131.950728,51.439706563949585,200.0,200.0,0.2,0.06814441823213802,6.998834498382157,1.6110234427277241,-0.0556741734063604,0.30582063529647663,1782954131.914211,None,None,None, None, 1782954131.9427145,0.917816508145589,apf_colreg,overtaking,-1.0,0.688576538025874,9.199519872879705,14.936542340202914,-1.7108788571223492,9.36308857136457,0.8336861230695142,2.4129465662564127,mr_webots_overtaking_large_ship_0_4_m_s.wbt,ekf_on_cluster_off,1,0,5.0
1782954132.050833,51.53981161117554,200.0,200.0,0.2,0.05607072497171717,7.04343340927074,1.6136235591821038,-0.030108958638562736,0.30209869404166073,1782954132.0378268,None,None,None, None, 1782954132.048829,1.0311648793832084,apf_colreg,overtaking,-1.0,0.28551504164857694,14.133932605526464,14.956266900014825,-1.5640485606548848,9.40412224837222,0.8451835105459089,2.405755157825489,mr_webots_overtaking_large_ship_0_4_m_s.wbt,ekf_on_cluster_off,1,0,5.0
1782954132.1508083,51.63978695869446,200.0,200.0,0.2,0.050418810020496495,7.083184402749238,1.615265022270532,0.06418955125408086,0.3083227774477231,1782954132.134791,None,None,None, None, 1782954132.135798,0.9217957011653742,apf_colreg,overtaking,-1.0,0.17104481624241535,16.316712726027966,14.964851984622918,-1.5013558569999912,9.40412224837222,0.8451835105459089,2.405755157825489,mr_webots_overtaking_large_ship_0_4_m_s.wbt,ekf_on_cluster_off,1,0,5.0
1782954132.2507427,51.73972129821777,-200.0,125.25606979534886,0.2,0.046288353496217155,7.12062697841849,1.616644739934838,0.06770345138319026,0.3128528495899742,1782954132.2017014,None,None,None, None, 1782954132.2142253,1.0906272236037138,apf_colreg,overtaking,-1.0,0.12619696466112884,23.97957034224971,14.970875288618398,-1.4577991564757031,9.457208951318599,0.7610824159031946,2.3800271512762987,mr_webots_overtaking_large_ship_0_4_m_s.wbt,ekf_on_cluster_off,1,0,5.0
1782954132.3517013,51.84067988395691,-200.0,116.29156610839541,0.2,0.053153141661325835,7.172198652329439,1.6189396681075525,0.07443468297872197,0.31870456397723723,1782954132.2803168,None,None,None, None, 1782954132.2928388,0.962033491180586,apf_colreg,overtaking,-1.0,0.6637589770783119,17.032746192042037,14.96003363957216,-1.591279101916192,9.480455694941842,0.7291352014992161,2.3627628015341986,mr_webots_overtaking_large_ship_0_4_m_s.wbt,ekf_on_cluster_off,1,0,5.0
1782954132.4513881,51.94036674499512,-200.0,62.73896489414407,0.2,0.10267721687991047,6.881495040679567,1.6165430225827262,0.007727837753876908,0.31988224236159496,1782954132.4327111,6.877013961634711,1.6164693177602034,0.1871731325128767, 1782954132.398092, 1782954132.4523964,1.0734392744229264,apf_colreg,overtaking,-1.0,2.4798461409199177,0.0,14.865249957434308,-2.2985515616755405,9.51921418611125,0.7570984562941355,2.3454669348422357,mr_webots_overtaking_large_ship_0_4_m_s.wbt,ekf_on_cluster_off,1,0,5.0
1782954132.5514562,52.04043483734131,-200.0,49.09658695180712,0.2,0.11028734583833603,6.91490277401249,1.6202409092396453,-0.006757819165888618,0.31934262272624203,1782954132.5125623,None,None,None, None, 1782954132.5424206,0.9517133152808496,apf_colreg,overtaking,-1.0,0.06920430571102576,27.646138437174923,14.844041000766984,-2.4608097973552496,9.24932166761337,0.8762222967950997,2.3368151813471965,mr_webots_overtaking_large_ship_0_4_m_s.wbt,ekf_on_cluster_off,1,0,5.0
1782954132.6541162,52.14309477806091,-200.0,34.12527690443214,0.2,0.11716905387230847,6.958658812416174,1.6254597322266342,-0.014555697132168121,0.318156922591879,1782954132.5940218,None,None,None, None, 1782954132.618082,1.0550349214834862,apf_colreg,overtaking,-1.0,0.02435103144611222,13.609246690486218,14.821796381640008,-2.632441028422031,9.290459538710069,0.9184738356435421,2.319986229021474,mr_webots_overtaking_large_ship_0_4_m_s.wbt,ekf_on_cluster_off,1,0,5.0
1782954132.750933,52.2399115562439,-200.0,23.662338723913926,0.2,0.11957138227838425,7.006919310841846,1.6315744498033231,-0.055425554175219605,0.3096590725197305,1782954132.7473419,None,None,None, None, 1782954132.6977828,0.9897261147282831,apf_colreg,overtaking,-1.0,0.19615653019121396,11.05617304140919,14.809672358684807,-2.749327304874064,9.350538516115957,0.9546193207662989,2.313419891523783,mr_webots_overtaking_large_ship_0_4_m_s.wbt,ekf_on_cluster_off,1,0,5.0
1782954132.8512764,52.34025502204895,-200.0,15.622475660014649,0.2,0.11984218192749595,7.056572965147922,1.6379248146184358,-0.060601304707923874,0.30498626168908993,1782954132.8244493,None,None,None, None, 1782954132.856283,0.9798310951997254,apf_colreg,overtaking,-1.0,0.16139329079672113,10.763923942037936,14.802890838802929,-2.8377654119744644,9.350538516115957,0.9546193207662989,2.313419891523783,mr_webots_overtaking_large_ship_0_4_m_s.wbt,ekf_on_cluster_off,1,0,5.0
1782954132.951423,52.440401554107666,-200.0,8.73809577971706,0.2,0.11916903736559639,7.1063954877089275,1.6442736276136856,-0.061087255584237006,0.30028898638816454,1782954132.9013438,None,None,None, None, 1782954132.9188726,0.9876238893462601,apf_colreg,overtaking,-1.0,0.40574792817924227,10.23357462571776,14.798558544571952,-2.91259542418977,9.405014608388083,0.9806191443582438,2.308148770466692,mr_webots_overtaking_large_ship_0_4_m_s.wbt,ekf_on_cluster_off,1,0,5.0
1782954133.0510578,52.54003643989563,200.0,200.0,0.2,0.1170255085390709,7.155984128445463,1.65054378923899,-0.07069297283835858,0.29444748007431376,1782954132.983976,None,None,None, None, 1782954133.0024912,0.985786635961573,apf_colreg,overtaking,-1.0,0.7354232351604029,9.850861531816843,14.799030242959507,-2.9645180632849417,9.452801359090362,1.0304184337790594,2.2849049247913746,mr_webots_overtaking_large_ship_0_4_m_s.wbt,ekf_on_cluster_off,1,0,5.0
1782954133.1512382,52.64021682739258,200.0,200.0,0.2,0.10686694750647807,7.197709756458055,1.6551261799693258,-0.03101037166433931,0.289586745915259,1782954133.1407213,None,None,None, None, 1782954133.1407213,1.0174469513143145,apf_colreg,overtaking,-1.0,1.2173669758776893,10.002446758952736,14.824558927081526,-2.875363859615967,9.475263959918655,1.037187845906954,2.2798029923030576,mr_webots_overtaking_large_ship_0_4_m_s.wbt,ekf_on_cluster_off,1,0,5.0
1782954133.2513204,52.74029898643494,200.0,200.0,0.2,0.1084154893537894,7.236090319316374,1.6587151457266622,0.11818618233213675,0.298629841383745,1782954133.217237,None,None,None, None, 1782954133.2307508,1.0681365529823235,apf_colreg,overtaking,-1.0,1.5048811266560422,9.629128954871675,14.817161598565441,-2.9462873211026617,9.496144060223292,1.0164836848332068,2.269221244162123,mr_webots_overtaking_large_ship_0_4_m_s.wbt,ekf_on_cluster_off,1,0,5.0
1782954133.352266,52.8412446975708,200.0,200.0,0.2,0.10712810098523509,7.272755155850464,1.662306565457099,0.07095505937103196,0.3040702992591269,1782954133.3603895,None,None,None, None, 1782954133.3085935,1.089035450062233,apf_colreg,overtaking,-1.0,1.7706017074477665,9.257660944248574,14.818392362241571,-2.9747178971267134,9.552982714871954,1.0114659787256575,2.2569623293022225,mr_webots_overtaking_large_ship_0_4_m_s.wbt,ekf_on_cluster_off,1,0,5.0
1782954133.4510708,52.94004940986633,200.0,200.0,0.2,0.12404894801625113,6.993137112993626,1.6365084474758476,0.10062639072110123,0.3182710750469742,1782954133.4350355,6.988972543659197,1.6361223291625702,0.15310060565512007, 1782954133.399918, 1782954133.4350355,0.9852963570514801,apf_colreg,overtaking,-1.0,2.391105223405255,0.0,14.79228656147507,-2.882477660112537,9.573971812129676,0.9877242517269078,2.2514250641239837,mr_webots_overtaking_large_ship_0_4_m_s.wbt,ekf_on_cluster_off,1,0,5.0
1782954133.5510411,53.04001975059509,200.0,200.0,0.2,0.11996669761068478,6.999945576276856,1.6372876637455602,0.07548151067018441,0.3241191364151759,1782954133.5125122,None,None,None, None, 1782954133.5125122,1.0379704672931522,apf_colreg,overtaking,-1.0,2.777697000685228,0.0,14.796596124314128,-2.8405218530698884,9.148295943497397,0.9004232939343326,2.224731857511537,mr_webots_overtaking_large_ship_0_4_m_s.wbt,ekf_on_cluster_off,1,0,5.0
1782954133.6509717,53.13995027542114,200.0,200.0,0.2,0.11736050814608404,7.013954985832133,1.6388254896200576,0.07859445282664633,0.33060964201463405,1782954133.6699798,None,None,None, None, 1782954133.5981004,0.9321067670556837,apf_colreg,overtaking,-1.0,2.8504165690019962,0.0,14.803016161032271,-2.8206918415497704,9.142897329724235,0.8823066457818598,2.2204646659483678,mr_webots_overtaking_large_ship_0_4_m_s.wbt,ekf_on_cluster_off,1,0,5.0
1782954133.7583816,53.24736022949219,200.0,200.0,0.2,0.11743429099482242,7.034231052810706,1.6409946186422477,0.09559947158037418,0.33776864365772497,1782954133.7668917,None,None,None, None, 1782954133.6864996,0.9062399161124862,apf_colreg,overtaking,-1.0,2.9291544469020256,0.0,14.80107417281221,-2.849698902121939,9.151334309159331,0.8669302430790713,2.216479657291632,mr_webots_overtaking_large_ship_0_4_m_s.wbt,ekf_on_cluster_off,1,0,5.0
1782954133.8519647,53.340943336486816,-200.0,10.31035288262808,0.2,0.11838232585401763,7.05942610327504,1.6437074071627356,0.09274120465161208,0.35430063262340067,1782954133.8482392,None,None,None, None, 1782954133.787205,0.9266119410365652,apf_colreg,overtaking,-1.0,2.2268865783575915,5.64220955318803,14.798961990303756,-2.895483325695042,9.190527548962722,0.841723292748272,2.2059467595782927,mr_webots_overtaking_large_ship_0_4_m_s.wbt,ekf_on_cluster_off,1,0,5.0
1782954133.9505925,53.439571142196655,-200.0,-34.953574832492436,0.2,0.1319954705692787,7.096018151958303,1.6481973883923207,0.09274120465161208,0.3728488735537231,1782954133.9535995,None,None,None, None, 1782954133.881975,1.0424989968167853,apf_colreg,overtaking,-1.0,2.314559620583214,0.0,14.753610877364345,-3.1555905629140213,9.235086925216066,0.8297777222672785,2.1959844937878628,mr_webots_overtaking_large_ship_0_4_m_s.wbt,ekf_on_cluster_off,1,0,5.0
1782954134.05108,53.540058612823486,-200.0,-86.08408127572883,0.2,0.14692480774465685,7.138267213639263,1.654304821825486,0.04260126141480996,0.38140448414911005,1782954134.0490692,None,None,None, None, 1782954134.0816047,1.0483373358156909,apf_colreg,overtaking,-1.0,2.3250479294816313,0.0,14.697196295352704,-3.4562498055179445,9.304712084157481,0.8772403972931172,2.188778940367282,mr_webots_overtaking_large_ship_0_4_m_s.wbt,ekf_on_cluster_off,1,0,5.0
1782954134.1535697,53.64254832267761,-200.0,-103.78072725140618,0.2,0.1485166477245717,7.181727378498588,1.6613733076974102,-0.09633093247766823,0.37421695816435696,1782954134.123682,None,None,None, None, 1782954134.1619396,1.0006738390501209,apf_colreg,overtaking,-1.0,2.3089778602080058,0.0,14.681990617653646,-3.5736537640087054,9.34527523623295,0.9157694227587453,2.1726180220427644,mr_webots_overtaking_large_ship_0_4_m_s.wbt,ekf_on_cluster_off,1,0,5.0
1782954134.2616916,53.750670194625854,-200.0,-125.9474081473706,0.2,0.15296883104483494,7.225171232416308,1.6683349440986808,-0.04024153657932168,0.3698962859820389,1782954134.2310505,None,None,None, None, 1782954134.1619396,1.0006738390501209,apf_colreg,overtaking,-1.0,2.3089778602080058,0.0,14.656369350614154,-3.7313284603351597,9.34527523623295,0.9157694227587453,2.1726180220427644,mr_webots_overtaking_large_ship_0_4_m_s.wbt,ekf_on_cluster_off,1,0,5.0
1782954134.3511534,53.840131998062134,-200.0,-135.55049132541268,0.2,0.15172182909455006,7.267680828897273,1.6753632156271019,-0.09413444678985945,0.36211008663000843,1782954134.313764,None,None,None, None, 1782954134.2892528,1.0756803999660798,apf_colreg,overtaking,-1.0,2.3089778602080058,0.0,14.651385105548218,-3.8063746190396177,9.3945439170343,0.9564495913430299,2.161384607098843,mr_webots_overtaking_large_ship_0_4_m_s.wbt,ekf_on_cluster_off,1,0,5.0
1782954134.4515667,53.940545320510864,-200.0,-135.14901045531917,0.2,0.169705541216029,7.0868838960503036,1.6541633494868222,-0.0629657588379295,0.3567941591329022,1782954134.3981898,7.083945196369701,1.653793981310818,0.20281056237342468, 1782954134.406493, 1782954134.3811858,0.9952800955055349,apf_colreg,overtaking,-1.0,2.2437901005705463,0.0,14.612082163774819,-3.7929080075646677,9.3945439170343,0.9564495913430299,2.161384607098843,mr_webots_overtaking_large_ship_0_4_m_s.wbt,ekf_on_cluster_off,1,0,5.0
1782954134.558229,54.04720759391785,-200.0,-152.8505052447121,0.2,0.1753280326018752,7.111886798826113,1.6586932566175172,-0.05176399684829764,0.3508442856443437,1782954134.513132,None,None,None, None, 1782954134.5141308,0.97213766031046,apf_colreg,overtaking,-1.0,2.226769776984261,0.0,14.58226595043208,-3.935437776753685,9.212929504689638,0.9898963373400107,2.1544140414045807,mr_webots_overtaking_large_ship_0_4_m_s.wbt,ekf_on_cluster_off,1,0,5.0
1782954134.6503656,54.139344215393066,-200.0,-169.6740383824171,0.2,0.1804176684797041,7.1426771434818175,1.664478890772219,-0.05176399684829764,0.3404914862746842,1782954134.6545424,None,None,None, None, 1782954134.653542,0.9301166052496151,apf_colreg,overtaking,-1.0,2.226769776984261,0.0,14.551918937093879,-4.085959395692725,9.212929504689638,0.9898963373400107,2.1544140414045807,mr_webots_overtaking_large_ship_0_4_m_s.wbt,ekf_on_cluster_off,1,0,5.0
1782954134.7529447,54.241923332214355,200.0,200.0,0.2,0.18783877188515577,7.17639440226645,1.6710190213088638,-0.028542379229758854,0.3364552984151499,1782954134.772464,None,None,None, None, 1782954134.7659435,1.0251426660619496,apf_colreg,overtaking,-1.0,2.9394881831542095,0.0,14.508249620780674,-4.281436666416714,9.254377553752692,1.0439850702634474,2.1421945613993167,mr_webots_overtaking_large_ship_0_4_m_s.wbt,ekf_on_cluster_off,1,0,5.0
1782954134.854551,54.34352970123291,200.0,200.0,0.2,0.149522331955556,7.210351868393818,1.6773505775788977,-0.32095028062948805,0.29860833075399223,1782954134.864066,None,None,None, None, 1782954134.864066,0.9535674564619852,apf_colreg,overtaking,-1.0,2.9394881831542095,0.0,14.65224065746173,-3.8067896536399193,9.254377553752692,1.0439850702634474,2.1421945613993167,mr_webots_overtaking_large_ship_0_4_m_s.wbt,ekf_on_cluster_off,1,0,5.0
1782954134.9954846,54.48446321487427,200.0,200.0,0.2,0.1340594252967928,7.244718509449538,1.681716283103074,0.04571249576851759,0.307773762969676,1782954134.9729657,None,None,None, None, 1782954134.9739723,0.9862889983940906,apf_colreg,overtaking,-1.0,2.7349642430318584,0.0,14.702835731122406,-3.639558260479168,9.281003318020982,1.0119467865155216,2.119142803757159,mr_webots_overtaking_large_ship_0_4_m_s.wbt,ekf_on_cluster_off,1,0,5.0
1782954135.078102,54.56708073616028,200.0,200.0,0.2,0.14661665619922792,7.279186811904859,1.6857069939081537,0.2585879670544101,0.3288762546172258,1782954135.0545723,None,None,None, None, 1782954135.076103,1.097969671765262,apf_colreg,overtaking,-1.0,2.7349642430318584,0.0,14.651281559965224,-3.8765090149383914,9.281003318020982,1.0119467865155216,2.119142803757159,mr_webots_overtaking_large_ship_0_4_m_s.wbt,ekf_on_cluster_off,1,0,5.0
1782954135.1571438,54.646122455596924,200.0,200.0,0.2,0.14924599597953767,7.313603553940224,1.690514155916047,0.08380772999814469,0.3364638811122475,1782954135.1451085,None,None,None, None, 1782954135.076103,1.097969671765262,apf_colreg,overtaking,-1.0,2.9333969394246004,0.0,14.635248714767311,-3.977731639636934,9.33015671029824,1.0054792109325743,2.0974914738308432,mr_webots_overtaking_large_ship_0_4_m_s.wbt,ekf_on_cluster_off,1,0,5.0
1782954135.286249,54.775227546691895,200.0,200.0,0.2,0.15084959086766792,7.348037425751823,1.6953724029625215,0.08380772999814469,0.35322542711187643,1782954135.2902498,None,None,None, None, 1782954135.3052766,1.036147374296658,apf_colreg,overtaking,-1.0,2.9333969394246004,0.0,14.622378968848075,-4.065583631705614,9.425826697417108,0.9820634831669568,2.079980028203951,mr_webots_overtaking_large_ship_0_4_m_s.wbt,ekf_on_cluster_off,1,0,5.0
1782954135.3564758,54.845454454422,-200.0,-173.9270969432928,0.2,0.15207101649420793,7.3824801044074215,1.700264966171961,0.08521086066508365,0.3655930475834734,1782954135.2902498,None,None,None, None, 1782954135.3052766,1.036147374296658,apf_colreg,overtaking,-1.0,3.2535187683033184,0.0,14.61225417833612,-4.146389473824187,9.425826697417108,0.9820634831669568,2.079980028203951,mr_webots_overtaking_large_ship_0_4_m_s.wbt,ekf_on_cluster_off,1,0,5.0
1782954135.4661036,54.955082178115845,-200.0,-185.84458586546793,0.2,0.18568834607450724,7.172021327127183,1.6709896464718734,0.07641736320536796,0.3731779323405217,1782954135.4896297,7.168770036798568,1.6705277817455253,0.2235652575442462, 1782954135.421533, 1782954135.3975117,1.0313392728273876,apf_colreg,overtaking,-1.0,2.195405915045604,0.0,14.518501822358196,-4.249624601941329,9.425826697417108,0.9820634831669568,2.079980028203951,mr_webots_overtaking_large_ship_0_4_m_s.wbt,ekf_on_cluster_off,1,0,5.0
1782954135.559237,55.04821562767029,200.0,200.0,0.2,0.22586008809648658,7.1870879408748705,1.6740458903862996,0.26794822588559414,0.400005948969897,1782954135.5677526,None,None,None, None, 1782954135.5131447,0.9551847267357896,apf_colreg,overtaking,-1.0,2.7525238218337282,0.0,14.324964589098226,-4.873047663339194,9.170762805662477,0.9505214544129572,2.069220237920409,mr_webots_overtaking_large_ship_0_4_m_s.wbt,ekf_on_cluster_off,1,0,5.0
1782954135.6517816,55.14076018333435,200.0,200.0,0.2,0.23853132840359972,7.207929119288871,1.6790601415239612,0.024976149998800466,0.4039681869229404,1782954135.6482706,None,None,None, None, 1782954135.6197522,0.9599366838463432,apf_colreg,overtaking,-1.0,2.7525238218337282,0.0,14.249555862986131,-5.1198910380892375,9.170762805662477,0.9505214544129572,2.069220237920409,mr_webots_overtaking_large_ship_0_4_m_s.wbt,ekf_on_cluster_off,1,0,5.0
1782954135.7514665,55.240445137023926,200.0,200.0,0.2,0.2684376351632101,7.23330976476632,1.6851826699006685,0.29712112027774035,0.43194867732469083,1782954135.7424426,None,None,None, None, 1782954135.7124326,0.9405672904667826,apf_colreg,overtaking,-1.0,0.057764926013669025,14.81683583976784,14.073945212813346,-5.622136845464176,9.246612081308028,1.0602353893187937,2.0473192847430046,mr_webots_overtaking_large_ship_0_4_m_s.wbt,ekf_on_cluster_off,1,0,5.0
1782954135.8510048,55.33998346328735,-200.0,-200.0,0.2,0.27795326550465344,7.26161576325506,1.6930531731110436,0.06406193602284271,0.4372024292147134,1782954135.824453,None,None,None, None, 1782954135.7890306,1.0522622554374654,apf_colreg,overtaking,-1.0,3.1556541788172523,0.0,13.98772866157763,-5.865781268505503,9.240694359263333,1.0654585688696279,2.0394299082657583,mr_webots_overtaking_large_ship_0_4_m_s.wbt,ekf_on_cluster_off,1,0,5.0
1782954135.955423,55.44440174102783,-200.0,-200.0,0.2,0.2968114438158454,7.291828513274551,1.7020795699176585,0.07087675387637686,0.443680997359725,1782954135.9158592,None,None,None, None, 1782954135.8998222,1.0831149796604467,apf_colreg,overtaking,-1.0,3.248054729535655,0.0,13.846958983077004,-6.244070557732165,9.271648422553895,1.0837500990383886,2.036102449673355,mr_webots_overtaking_large_ship_0_4_m_s.wbt,ekf_on_cluster_off,1,0,5.0
1782954136.0538993,55.54287791252136,-200.0,-200.0,0.2,0.3152482102791895,7.323072484503708,1.7122456304702591,0.025469843557465472,0.4460893444787919,1782954136.010416,None,None,None, None, 1782954136.0789218,0.9668476142228656,apf_colreg,overtaking,-1.0,0.08976105806230959,11.419319228850874,13.696668523427387,-6.626828718517874,9.31332472840483,1.1293256531882876,2.026974790324336,mr_webots_overtaking_large_ship_0_4_m_s.wbt,ekf_on_cluster_off,1,0,5.0
1782954136.1777022,55.66668081283569,-200.0,-200.0,0.2,0.3201114672649604,7.354857803052764,1.723276741959777,-0.10200542617463226,0.43646847852163817,1782954136.1047332,None,None,None, None, 1782954136.1912172,1.0335524283001605,apf_colreg,overtaking,-1.0,0.05387128800771682,11.292849219386564,13.62490868122277,-6.835556263148768,9.31332472840483,1.1293256531882876,2.026974790324336,mr_webots_overtaking_large_ship_0_4_m_s.wbt,ekf_on_cluster_off,1,0,5.0
1782954136.2648814,55.753859996795654,-200.0,-200.0,0.2,0.32312876509317734,7.387094010662046,1.7344733988606622,-0.08211108831624345,0.42920311358695235,1782954136.1932154,None,None,None, None, 1782954136.1912172,1.0335524283001605,apf_colreg,overtaking,-1.0,3.140187876914183,0.0,13.559992568564669,-7.024876171574458,9.35746847740693,1.1948129398571656,2.018965502712513,mr_webots_overtaking_large_ship_0_4_m_s.wbt,ekf_on_cluster_off,1,0,5.0
1782954136.351237,55.8402156829834,-200.0,-200.0,0.2,0.326340201219654,7.41958160061791,1.7458070929705816,-0.0674122516187195,0.4215718090389071,1782954136.306419,None,None,None, None, 1782954136.3074188,0.9200507186623392,apf_colreg,overtaking,-1.0,3.140187876914183,0.0,13.496088704928365,-7.21420857062626,9.35746847740693,1.1948129398571656,2.018965502712513,mr_webots_overtaking_large_ship_0_4_m_s.wbt,ekf_on_cluster_off,1,0,5.0
1782954136.4528139,55.941792488098145,200.0,200.0,0.2,0.2943555074139548,7.255564302450666,1.6907028838288092,-0.0917146770453829,0.4134644168759255,1782954136.3948169,7.2529674383613765,1.6898234569596318,0.23249478239752364, 1782954136.435401, 1782954136.4553251,1.0286780031212852,apf_colreg,overtaking,-1.0,2.8515911164216856,0.0,13.904951840412867,-6.05843074429148,9.45414829165142,1.3038065832589971,1.99186927173418,mr_webots_overtaking_large_ship_0_4_m_s.wbt,ekf_on_cluster_off,1,0,5.0
1782954136.5516572,56.04063582420349,200.0,200.0,0.2,0.28484410918387904,7.272267810400298,1.6956638423880417,-0.036894071274350224,0.4077731491844659,1782954136.5490766,None,None,None, None, 1782954136.515908,0.9488400097658819,apf_colreg,overtaking,-1.0,2.730988282702828,0.0,13.944573287606389,-5.992167267024298,9.258393321268342,1.195681766493034,1.9907235787459967,mr_webots_overtaking_large_ship_0_4_m_s.wbt,ekf_on_cluster_off,1,0,5.0
1782954136.6513596,56.14033818244934,200.0,200.0,0.2,0.27815099015624345,7.294495491907233,1.701864300152053,0.05938698237914253,0.4124458749901734,1782954136.6277592,None,None,None, None, 1782954136.5882115,1.043460996053939,apf_colreg,overtaking,-1.0,2.718975101568743,0.0,13.944532930133064,-6.00474154386578,9.26040094174985,1.1765184478674913,1.9790174434117278,mr_webots_overtaking_large_ship_0_4_m_s.wbt,ekf_on_cluster_off,1,0,5.0
1782954136.7506483,56.23962688446045,200.0,200.0,0.2,0.2725594891699962,7.320841406473243,1.7090262351098577,0.05936113029902447,0.4172640388232836,1782954136.7089262,None,None,None, None, 1782954136.7386448,1.0538264867764708,apf_colreg,overtaking,-1.0,2.8343384636782747,0.0,13.960629993934704,-6.0079420699746,9.282401603250344,1.15874804544655,1.968047348649421,mr_webots_overtaking_large_ship_0_4_m_s.wbt,ekf_on_cluster_off,1,0,5.0
1782954136.851296,56.34027457237244,200.0,200.0,0.2,0.270000421583957,7.350029501777835,1.71678725247382,0.08135662047397837,0.4236317987342345,1782954136.787196,None,None,None, None, 1782954136.8382537,1.0328244133089732,apf_colreg,overtaking,-1.0,2.896063989272423,0.0,13.953253282436057,-6.071087909118292,9.312584773813727,1.1424387920573296,1.966269917584913,mr_webots_overtaking_large_ship_0_4_m_s.wbt,ekf_on_cluster_off,1,0,5.0
1782954136.9514349,56.44041347503662,-200.0,-200.0,0.2,0.2685432425764218,7.381030730769692,1.7249758859215427,0.08063628689457508,0.43624544520133146,1782954136.9436224,None,None,None, None, 1782954136.910556,0.9720226970305058,apf_colreg,overtaking,-1.0,2.524073881242603,0.0,13.921233901675894,-6.167963569126146,9.288076845916306,1.0783187687563087,1.9539530333380108,mr_webots_overtaking_large_ship_0_4_m_s.wbt,ekf_on_cluster_off,1,0,5.0
1782954137.055137,56.54411554336548,-200.0,-200.0,0.2,0.27995485497830697,7.4129991006805005,1.7339557619803445,0.060237281763419664,0.4407498016667745,1782954137.0183992,None,None,None, None, 1782954137.0656486,1.0884337445702739,apf_colreg,overtaking,-1.0,2.613426872556137,0.0,13.827654980885859,-6.440298286940342,9.348058798584757,1.1191973523173258,1.9448499786347542,mr_webots_overtaking_large_ship_0_4_m_s.wbt,ekf_on_cluster_off,1,0,5.0
1782954137.17828,56.667258739471436,-200.0,-200.0,0.2,0.2942249097609398,7.4454309797201805,1.7437582427837746,0.021730168772408038,0.4424728884795902,1782954137.2117498,None,None,None, None, 1782954137.1493065,1.0759402094664643,apf_colreg,overtaking,-1.0,2.637858076637304,0.0,13.702716809598801,-6.766475480924536,9.37984589461646,1.142309603577367,1.9438949739227145,mr_webots_overtaking_large_ship_0_4_m_s.wbt,ekf_on_cluster_off,1,0,5.0
1782954137.2563257,56.745304346084595,-200.0,-200.0,0.2,0.285721247002433,7.478060547523844,1.7542331629496641,-0.20093830133339255,0.4195546953101454,1782954137.2117498,None,None,None, None, 1782954137.2431083,1.0177658563427434,apf_colreg,overtaking,-1.0,2.637858076637304,0.0,13.725236847241584,-6.7865987852787875,9.37984589461646,1.142309603577367,1.9438949739227145,mr_webots_overtaking_large_ship_0_4_m_s.wbt,ekf_on_cluster_off,1,0,5.0
1782954137.3506188,56.83959746360779,-200.0,-200.0,0.2,0.28598264839653526,7.511076657563624,1.7642521071139077,-0.06570948260882868,0.4141834832777231,1782954137.2934916,None,None,None, None, 1782954137.3150113,1.01430587153191,apf_colreg,overtaking,-1.0,2.637858076637304,0.0,13.690373064284184,-6.921396252457918,9.37984589461646,1.142309603577367,1.9438949739227145,mr_webots_overtaking_large_ship_0_4_m_s.wbt,ekf_on_cluster_off,1,0,5.0
1782954137.451193,56.94017171859741,-200.0,-200.0,0.2,0.2685720736578564,7.331168018373613,1.709534102126912,-0.13957714335549082,0.39259332278171816,1782954137.4481742,7.328354481112502,1.7086778524011157,0.24827882961453085, 1782954137.43583, 1782954137.464704,0.9776484955690015,apf_colreg,overtaking,-1.0,1.997439544460497,0.0,13.954486221656797,-6.000252901632019,9.423449980778942,1.171631812656526,1.9294860524667172,mr_webots_overtaking_large_ship_0_4_m_s.wbt,ekf_on_cluster_off,1,0,5.0
1782954137.5512416,57.04022026062012,200.0,200.0,0.2,0.269535558385111,7.346490787523788,1.713885468093845,-0.08605662504362713,0.38690759573246525,1782954137.5142438,None,None,None, None, 1782954137.5312123,0.9864996413188618,apf_colreg,overtaking,-1.0,2.8618765193696585,0.0,13.95376012513168,-6.040073786860158,9.261696767761409,1.144523064884278,1.9145738708638365,mr_webots_overtaking_large_ship_0_4_m_s.wbt,ekf_on_cluster_off,1,0,5.0
1782954137.6504624,57.13944101333618,200.0,200.0,0.2,0.25434772388296717,7.367630699892036,1.71955648371661,-0.07739867554302347,0.38179756817238675,1782954137.6564693,None,None,None, None, 1782954137.614623,0.9068121693795949,apf_colreg,overtaking,-1.0,2.740739877089776,0.0,14.027054001208292,-5.898949418428065,9.267331185558767,1.153809324739119,1.9102557592805927,mr_webots_overtaking_large_ship_0_4_m_s.wbt,ekf_on_cluster_off,1,0,5.0
1782954137.7523205,57.24129915237427,200.0,200.0,0.2,0.2390740971581939,7.393323958883521,1.7258153384959312,-0.008062423736313414,0.380668872214848,1782954137.7202606,None,None,None, None, 1782954137.7533193,0.9437897818242674,apf_colreg,overtaking,-1.0,1.2744959911548241,5.241779503086721,14.093857424876731,-5.768637634683677,9.273972047739836,1.1376342945452205,1.8997595550370947,mr_webots_overtaking_large_ship_0_4_m_s.wbt,ekf_on_cluster_off,1,0,5.0
1782954137.8514702,57.34044885635376,200.0,200.0,0.2,0.23047431220057477,7.422222517741441,1.7323455843040863,0.06056061965621334,0.38524749499867655,1782954137.8575563,None,None,None, None, 1782954137.8294182,1.0535816384703771,apf_colreg,overtaking,-1.0,2.8113241183648428,0.0,14.125613139480748,-5.734721525095823,9.28780739528438,1.1044157284406577,1.8969003597217666,mr_webots_overtaking_large_ship_0_4_m_s.wbt,ekf_on_cluster_off,1,0,5.0
1782954137.9504828,57.43946146965027,200.0,200.0,0.2,0.2264734652002479,7.453187463912825,1.7391288403160872,0.08216310373071593,0.39688187968837463,1782954137.9374657,None,None,None, None, 1782954137.90843,0.9760899549236814,apf_colreg,overtaking,-1.0,2.8674606995564544,0.0,14.127261033611173,-5.773538221819328,9.318316380750407,1.0842901884375375,1.895456710201467,mr_webots_overtaking_large_ship_0_4_m_s.wbt,ekf_on_cluster_off,1,0,5.0
1782954138.0511453,57.54012393951416,-200.0,-200.0,0.2,0.2415745430635189,7.485419946631124,1.7461205316936668,0.23496206123936456,0.415773555332786,1782954138.0178688,None,None,None, None, 1782954137.9998336,1.0027509007274424,apf_colreg,overtaking,-1.0,2.961299017904042,0.0,14.048446509781307,-6.054715310603715,9.289135371075906,1.0445307226856877,1.8835000218763347,mr_webots_overtaking_large_ship_0_4_m_s.wbt,ekf_on_cluster_off,1,0,5.0
1782954138.15193,57.64090871810913,-200.0,-200.0,0.2,0.25833804429741153,7.518103321826356,1.754554254010941,0.06391807424337467,0.42085407960178345,1782954138.0973537,None,None,None, None, 1782954138.0973537,0.9661196633861865,apf_colreg,overtaking,-1.0,2.6142348487802414,0.0,13.928446511165529,-6.393086655334441,9.343269655969953,1.0682550941270679,1.8653590207315165,mr_webots_overtaking_large_ship_0_4_m_s.wbt,ekf_on_cluster_off,1,0,5.0
1782954138.267173,57.75615167617798,-200.0,-200.0,0.2,0.27468109844356764,7.551016082720763,1.7638429414346262,0.016092912420034133,0.42328897870732407,1782954138.2486563,None,None,None, None, 1782954138.2486563,0.9173320845906476,apf_colreg,overtaking,-1.0,2.6142348487802414,0.0,13.795192393483681,-6.74077338922323,9.343269655969953,1.0682550941270679,1.8653590207315165,mr_webots_overtaking_large_ship_0_4_m_s.wbt,ekf_on_cluster_off,1,0,5.0
1782954138.351619,57.84059762954712,-200.0,-200.0,0.2,0.2895291297852082,7.584001370728465,1.7737777725571382,-0.0055351594131043125,0.42281338540509034,1782954138.3345785,None,None,None, None, 1782954138.3345785,1.0355980232255038,apf_colreg,overtaking,-1.0,3.17312215619138,0.0,13.649477112741884,-7.093625685398737,9.430763875630216,1.1500035118102854,1.8544636880362908,mr_webots_overtaking_large_ship_0_4_m_s.wbt,ekf_on_cluster_off,1,0,5.0
1782954138.4503732,57.93935179710388,-200.0,-200.0,0.2,0.2812449909288891,7.616971275173398,1.7842345572953304,-0.20713442389310768,0.4051812220465156,1782954138.4197028,None,None,None, None, 1782954138.4297037,0.9195067414609773,apf_colreg,overtaking,-1.0,1.4424125950612114,10.94345982915357,13.669685664828386,-7.120732816749596,9.458937004014501,1.181751735178534,1.8485997154175464,mr_webots_overtaking_large_ship_0_4_m_s.wbt,ekf_on_cluster_off,1,0,5.0
1782954138.5512967,58.04027533531189,-200.0,-200.0,0.2,0.26969100504572735,7.415431439782927,1.7304343554347972,-0.08111652512110305,0.39834696357424093,1782954138.5813642,7.412957523991762,1.7297627323666305,0.25041845457138123, 1782954138.449216, 1782954138.5039551,1.061448451965944,apf_colreg,overtaking,-1.0,1.9368501978138875,0.0,13.915800305197756,-6.2479756562225495,9.24138064084646,1.1205215635625974,1.8389446933297304,mr_webots_overtaking_large_ship_0_4_m_s.wbt,ekf_on_cluster_off,1,0,5.0
1782954138.6504583,58.13943696022034,-200.0,-200.0,0.2,0.2728971341167642,7.43051021789336,1.7347638201757698,-0.08371327421627581,0.3918668003021658,1782954138.6539707,None,None,None, None, 1782954138.602878,0.9156193734144019,apf_colreg,overtaking,-1.0,3.0047695542425745,0.0,13.88340479349253,-6.348625980443785,9.24138064084646,1.1205215635625974,1.8389446933297304,mr_webots_overtaking_large_ship_0_4_m_s.wbt,ekf_on_cluster_off,1,0,5.0
1782954138.7512777,58.24025630950928,200.0,200.0,0.2,0.27808028986819083,7.4513408666078655,1.7408237034594176,-0.04917254697778318,0.38395543590795533,1782954138.742254,None,None,None, None, 1782954138.7452524,1.0020092706078434,apf_colreg,overtaking,-1.0,2.785181119545255,0.0,13.83797931064025,-6.4957822402569025,9.291611553628105,1.180992656099036,1.836865531471847,mr_webots_overtaking_large_ship_0_4_m_s.wbt,ekf_on_cluster_off,1,0,5.0
1782954138.8575177,58.34649634361267,200.0,200.0,0.2,0.2671817382105739,7.476668431964844,1.7479214332666135,-0.059766968639726144,0.37894218570651755,1782954138.826134,None,None,None, None, 1782954138.826134,0.9421810300003466,apf_colreg,overtaking,-1.0,0.731519688087332,13.941506600741302,13.886004487394324,-6.436645031187167,9.305084246708889,1.2122676828056622,1.8280028205333136,mr_webots_overtaking_large_ship_0_4_m_s.wbt,ekf_on_cluster_off,1,0,5.0
1782954138.9749858,58.46396446228027,200.0,200.0,0.2,0.25776872056649575,7.505257516783319,1.7553395743919518,0.02410284111569422,0.38185229800800013,1782954138.9468713,None,None,None, None, 1782954138.943874,1.0852143964953749,apf_colreg,overtaking,-1.0,0.7803743080456602,12.24576393626117,13.924760763217455,-6.402761040176579,9.305084246708889,1.2122676828056622,1.8280028205333136,mr_webots_overtaking_large_ship_0_4_m_s.wbt,ekf_on_cluster_off,1,0,5.0
1782954139.0960767,58.585055351257324,200.0,200.0,0.2,0.25183176692278986,7.535968679940618,1.7629643868358469,0.06163687929918986,0.38835250419725365,1782954139.1252294,None,None,None, None, 1782954139.0765636,0.9953658431880248,apf_colreg,overtaking,-1.0,0.7448305406673543,11.649883226773426,13.942021575617808,-6.419165177323829,9.335924512732946,1.1769309539798019,1.815206395847701,mr_webots_overtaking_large_ship_0_4_m_s.wbt,ekf_on_cluster_off,1,0,5.0
1782954139.217641,58.70661973953247,-200.0,-200.0,0.2,0.26734056494543124,7.567985993869419,1.7707435036682455,0.24349919101158943,0.40610320267912847,1782954139.2186418,None,None,None, None, 1782954139.1552587,1.0264241115314,apf_colreg,overtaking,-1.0,2.413423916960755,0.0,13.803265898085911,-6.757627692990071,9.349980120676339,1.15075665183806,1.7895643957739722,mr_webots_overtaking_large_ship_0_4_m_s.wbt,ekf_on_cluster_off,1,0,5.0
1782954139.3228495,58.81182813644409,-200.0,-200.0,0.2,0.2859158270427416,7.600421070634918,1.780011304777324,0.07983005470747227,0.4135603196249645,1782954139.3258493,None,None,None, None, 1782954139.2677038,0.9359694932418265,apf_colreg,overtaking,-1.0,2.413423916960755,0.0,13.646533337593322,-7.135223689509839,9.349980120676339,1.15075665183806,1.7895643957739722,mr_webots_overtaking_large_ship_0_4_m_s.wbt,ekf_on_cluster_off,1,0,5.0
1782954139.3855138,58.87449240684509,-200.0,-200.0,0.2,0.3059252931529901,7.633044458444308,1.790220951853561,0.04345719897910977,0.4182192588792831,1782954139.3258493,None,None,None, None, 1782954139.3699946,1.056061112050771,apf_colreg,overtaking,-1.0,2.413423916960755,0.0,13.46706638092278,-7.539842233775885,9.349980120676339,1.15075665183806,1.7895643957739722,mr_webots_overtaking_large_ship_0_4_m_s.wbt,ekf_on_cluster_off,1,0,5.0
1782954139.4711187,58.960097312927246,-200.0,-200.0,0.2,0.29858560063914924,7.490597367557607,1.7485644653868424,0.009002895475440937,0.41927040489756623,1782954139.4426057,7.48771802269399,1.7476984089288818,0.2493145143798019, 1782954139.452118, 1782954139.4826374,0.9909125866897872,apf_colreg,overtaking,-1.0,1.7079230232613618,24.331519889832748,13.669324800927765,-6.88856484821217,9.452162456864492,1.244082712715135,1.779174430512216,mr_webots_overtaking_large_ship_0_4_m_s.wbt,ekf_on_cluster_off,1,0,5.0
1782954139.5605638,59.04954242706299,-200.0,-200.0,0.2,0.31427772005993715,7.507918252398826,1.7542548111657676,-0.051499063736169505,0.41551614478071197,1782954139.5155053,None,None,None, None, 1782954139.5820837,1.0076848065112385,apf_colreg,overtaking,-1.0,1.0593983609649378,26.744820251348706,13.543094310448177,-7.167868162995906,9.452162456864492,1.244082712715135,1.779174430512216,mr_webots_overtaking_large_ship_0_4_m_s.wbt,ekf_on_cluster_off,1,0,5.0
1782954139.6511667,59.14014530181885,-200.0,-200.0,0.2,0.3141040473491455,7.530326505611438,1.7619437685618862,-0.16087655970440856,0.40383993826932485,1782954139.6616845,None,None,None, None, 1782954139.649159,0.9475211556714913,apf_colreg,overtaking,-1.0,2.6221913040049816,4.4118396523930015,13.500730959369848,-7.296177763312718,9.305483949130616,1.230947953413284,1.7624687333451634,mr_webots_overtaking_large_ship_0_4_m_s.wbt,ekf_on_cluster_off,1,0,5.0
1782954139.7574737,59.24645233154297,-200.0,-200.0,0.2,0.31939935068052405,7.556613665248184,1.770788306895976,-0.042096145599253496,0.39670928375401243,1782954139.7574737,None,None,None, None, 1782954139.760474,0.9110986031633003,apf_colreg,overtaking,-1.0,0.7062031139765508,8.949504894269516,13.457119010555603,-7.441566761468057,9.389083355572039,1.2743229418338113,1.7618700621641792,mr_webots_overtaking_large_ship_0_4_m_s.wbt,ekf_on_cluster_off,1,0,5.0
1782954139.8517678,59.34074640274048,-200.0,-200.0,0.2,0.3247773897018703,7.585435626674816,1.7807110300667492,-0.05134098361105903,0.392570550526123,1782954139.8380864,None,None,None, None, 1782954139.8592877,0.9981170095733018,apf_colreg,overtaking,-1.0,0.6444552206273736,8.697494309694218,13.381044803167592,-7.641545589333019,9.389083355572039,1.2743229418338113,1.7618700621641792,mr_webots_overtaking_large_ship_0_4_m_s.wbt,ekf_on_cluster_off,1,0,5.0
1782954139.9513829,59.44036149978638,200.0,200.0,0.2,0.2988530152331663,7.615851453340994,1.7913841215859438,-0.33408796882299185,0.36736872991805086,1782954139.913521,None,None,None, None, 1782954139.941363,1.0339094831693372,apf_colreg,overtaking,-1.0,0.7441748135321434,7.58370960640106,13.537392941067168,-7.431842439917566,9.423957637694041,1.3198344898516314,1.760190154640768,mr_webots_overtaking_large_ship_0_4_m_s.wbt,ekf_on_cluster_off,1,0,5.0
1782954140.0526602,59.54163885116577,200.0,200.0,0.2,0.27663820312123494,7.647829004784609,1.8007107804407512,-0.08019629613448997,0.3614013457144533,1782954140.072182,None,None,None, None, 1782954140.032125,0.9037249646597404,apf_colreg,overtaking,-1.0,0.9242794289608957,13.505674681564955,13.660869121205614,-7.260865531496102,9.406825125400385,1.2966210230994786,1.7506823624526902,mr_webots_overtaking_large_ship_0_4_m_s.wbt,ekf_on_cluster_off,1,0,5.0
1782954140.1519961,59.64097476005554,200.0,200.0,0.2,0.26360739235629516,7.6806475932246405,1.809338094665338,0.03563860928568888,0.36711673894879276,1782954140.1483016,None,None,None, None, 1782954140.1077774,0.9149324184241766,apf_colreg,overtaking,-1.0,0.5130874997828847,12.91436516435561,13.73478091402291,-7.189084613859187,9.420365478353574,1.2760051248362503,1.7462637629714832,mr_webots_overtaking_large_ship_0_4_m_s.wbt,ekf_on_cluster_off,1,0,5.0
1782954140.2511022,59.74008083343506,200.0,200.0,0.2,0.2556738190950579,7.713907927762113,1.8177005769579702,0.06246912450708276,0.372412810362393,1782954140.2330806,None,None,None, None, 1782954140.2045622,0.9092321618295923,apf_colreg,overtaking,-1.0,0.49304818758239455,12.78703341038602,13.768461107988603,-7.189083938264137,9.420365478353574,1.2760051248362503,1.7462637629714832,mr_webots_overtaking_large_ship_0_4_m_s.wbt,ekf_on_cluster_off,1,0,5.0
1782954140.3512166,59.840195178985596,200.0,200.0,0.2,0.25192298544908825,7.747419152109966,1.8259259135760966,0.08136352002760298,0.3800696994300846,1782954140.3271878,None,None,None, None, 1782954140.3171902,0.9646978196056278,apf_colreg,overtaking,-1.0,0.1599690487910943,8.85238144401448,13.774473216283422,-7.243359442807036,9.479016996364289,1.238282336721566,1.7222028406346068,mr_webots_overtaking_large_ship_0_4_m_s.wbt,ekf_on_cluster_off,1,0,5.0
1782954140.4512987,59.940277338027954,-200.0,-200.0,0.2,0.2503586733472976,7.781065131758884,1.8341216959001967,0.08521538597079531,0.3871226408425854,1782954140.4099538,None,None,None, None, 1782954140.450007,1.093014900913883,apf_colreg,overtaking,-1.0,1.0885270340750652,14.968673576098517,13.76599684027226,-7.3266589362194345,9.528522946159056,1.2087251998692237,1.7044223477002096,mr_webots_overtaking_large_ship_0_4_m_s.wbt,ekf_on_cluster_off,1,0,5.0
1782954140.552352,60.04133057594299,-200.0,-200.0,0.2,0.24995364478341156,7.572264410590225,1.7671042463686082,0.07338641642413163,0.3930398972764839,1782954140.5598671,7.569650728625695,1.7662871071958284,0.22575226411851634, 1782954140.463826, 1782954140.518176,0.9305515127008256,apf_colreg,overtaking,-1.0,1.8193226524991013,0.0,13.939122484342857,-6.448996801409629,9.489549610647963,1.1805944895491864,1.7083027263424713,mr_webots_overtaking_large_ship_0_4_m_s.wbt,ekf_on_cluster_off,1,0,5.0
1782954140.6510944,60.14007306098938,-200.0,-200.0,0.2,0.2612521051138495,7.58639486749238,1.7709198262110832,-0.0409046423661968,0.3871531667221043,1782954140.6344988,None,None,None, None, 1782954140.6114838,0.9235207083621422,apf_colreg,overtaking,-1.0,2.9718675349929105,0.0,13.853989629027417,-6.657195165382605,9.275775006469832,1.1232433793593246,1.7045377539129665,mr_webots_overtaking_large_ship_0_4_m_s.wbt,ekf_on_cluster_off,1,0,5.0
1782954140.751046,60.24002456665039,-200.0,-200.0,0.2,0.26838608072435055,7.6064422463623425,1.776581585732294,-0.06711552448489012,0.3813677445819625,1782954140.7206998,None,None,None, None, 1782954140.6871698,0.989296513418125,apf_colreg,overtaking,-1.0,2.7380158219101474,7.947812228916204,13.799236710693286,-6.821388926400039,9.35752758163885,1.180005424981709,1.6864686563614766,mr_webots_overtaking_large_ship_0_4_m_s.wbt,ekf_on_cluster_off,1,0,5.0
1782954140.8516397,60.3406183719635,-200.0,-200.0,0.2,0.27311683819703914,7.631094509718982,1.7837086558120547,-0.07049570778340326,0.37622677146162103,1782954140.7936258,None,None,None, None, 1782954140.842701,1.0084535525416845,apf_colreg,overtaking,-1.0,1.2152233154184238,10.868715162980214,13.744448849263945,-6.9809858401537594,9.372968130104733,1.2120189535039998,1.6792928777202158,mr_webots_overtaking_large_ship_0_4_m_s.wbt,ekf_on_cluster_off,1,0,5.0
1782954140.9505544,60.439532995224,200.0,200.0,0.2,0.23618231563899705,7.659013143258548,1.791903704393364,-0.4399835356587727,0.313349247270605,1782954140.9365346,None,None,None, None, 1782954140.9185128,0.9545125187999566,apf_colreg,overtaking,-1.0,1.115910252786679,9.417718265661653,13.968249838920993,-6.5793524693364995,9.374422408657006,1.2432810399951901,1.6760525403563193,mr_webots_overtaking_large_ship_0_4_m_s.wbt,ekf_on_cluster_off,1,0,5.0
1782954141.050531,60.539509534835815,200.0,200.0,0.2,0.21318427261340542,7.689650739592389,1.7986477182750926,-0.051046723608660596,0.3091662386114758,1782954141.0184793,None,None,None, None, 1782954140.9876132,1.0908641365040437,apf_colreg,overtaking,-1.0,1.138390623170177,8.657693249056457,14.099954131291156,-6.345437610685107,9.374422408657006,1.2432810399951901,1.6760525403563193,mr_webots_overtaking_large_ship_0_4_m_s.wbt,ekf_on_cluster_off,1,0,5.0
1782954141.1526797,60.641658306121826,200.0,200.0,0.2,0.19402349154834309,7.7218192816474,1.804915015160051,-0.008400739654871514,0.3082744968315954,1782954141.1246297,None,None,None, None, 1782954141.1546805,1.0597166600322876,apf_colreg,overtaking,-1.0,1.209722952819454,7.2585968605564135,14.2042656589058,-6.158857955135197,9.368677246302472,1.1574379772796053,1.6715020580218578,mr_webots_overtaking_large_ship_0_4_m_s.wbt,ekf_on_cluster_off,1,0,5.0
1782954141.251323,60.74030160903931,200.0,200.0,0.2,0.19098634472377019,7.754919148330335,1.8107440122088736,0.12524797731205622,0.31906283960391224,1782954141.2107656,None,None,None, None, 1782954141.2452903,1.0497109676561323,apf_colreg,overtaking,-1.0,1.2978321765472716,6.347338723669965,14.211810018271581,-6.192680363755304,9.386685676726355,1.1292422316767023,1.6663046344335872,mr_webots_overtaking_large_ship_0_4_m_s.wbt,ekf_on_cluster_off,1,0,5.0
1782954141.3514507,60.84042930603027,200.0,200.0,0.2,0.1879758065374237,7.7884971280233115,1.8167591162477366,0.07868564062990833,0.3261555902168371,1782954141.300906,None,None,None, None, 1782954141.3309343,1.068000997469629,apf_colreg,overtaking,-1.0,1.415997628819324,5.707723170455511,14.220989831903012,-6.227183125749889,9.424617304696277,1.1151296580730286,1.6439770980217379,mr_webots_overtaking_large_ship_0_4_m_s.wbt,ekf_on_cluster_off,1,0,5.0
1782954141.4506004,60.939579010009766,200.0,200.0,0.2,0.18999786291923082,7.8223729908852935,1.8227678073207767,0.11278051666318303,0.3425143021098108,1782954141.445955,None,None,None, None, 1782954141.403419,0.9225611056070625,apf_colreg,overtaking,-1.0,1.5238581753229032,5.184552953900004,14.198217956724154,-6.334309074279102,9.463157044258983,1.106154915743661,1.6467140871180794,mr_webots_overtaking_large_ship_0_4_m_s.wbt,ekf_on_cluster_off,1,0,5.0
1782954141.551174,61.04015254974365,-200.0,-200.0,0.2,0.20542319336570777,7.649057107722795,1.7832902674507043,0.18843321935388713,0.3574599627920398,1782954141.5252705,7.646385763531882,1.7827020339968653,0.2111259291147274, 1782954141.476642, 1782954141.561687,0.926802675401036,apf_colreg,overtaking,-1.0,1.8298982729404398,0.0,14.18366028706766,-6.029351246802138,9.514484145849513,1.1046324562904672,1.6372197433552405,mr_webots_overtaking_large_ship_0_4_m_s.wbt,ekf_on_cluster_off,1,0,5.0
1782954141.6510642,61.140042781829834,-200.0,-200.0,0.2,0.2225839259452796,7.665653117132925,1.7869292652973345,0.0637360489937331,0.3623664622835627,1782954141.602252,None,None,None, None, 1782954141.6345537,0.9526413685059523,apf_colreg,overtaking,-1.0,1.7196976183523671,3.2389945713149206,14.063151365751438,-6.324789359798608,9.275735994283748,1.054893751439933,1.6254319581129575,mr_webots_overtaking_large_ship_0_4_m_s.wbt,ekf_on_cluster_off,1,0,5.0
1782954141.7510574,61.24003601074219,-200.0,-200.0,0.2,0.2392306038047007,7.687732938319806,1.7923097863385995,0.0034070499022413546,0.3628427218029093,1782954141.7420385,None,None,None, None, 1782954141.715501,1.0328131305038788,apf_colreg,overtaking,-1.0,1.5923021546579117,4.371497112812783,13.943059581150333,-6.628377373999938,9.309381858152467,1.0870415801738866,1.6177760061143467,mr_webots_overtaking_large_ship_0_4_m_s.wbt,ekf_on_cluster_off,1,0,5.0
1782954141.8508859,61.33986449241638,-200.0,-200.0,0.2,0.24903383225026454,7.713889015429876,1.7991680850854173,-0.05930023165244684,0.3589711667285637,1782954141.8073258,None,None,None, None, 1782954141.7857983,1.0618860339031548,apf_colreg,overtaking,-1.0,1.4354326201167624,4.945534561444641,13.857304727976462,-6.856947537597559,9.32902427008915,1.1404550062695415,1.6091824100781957,mr_webots_overtaking_large_ship_0_4_m_s.wbt,ekf_on_cluster_off,1,0,5.0
1782954141.9538584,61.44283699989319,-200.0,-200.0,0.2,0.254545083451234,7.742868428981092,1.8070046136178224,-0.07420990462427152,0.3497699824414367,1782954141.9313145,None,None,None, None, 1782954141.9483218,1.0805876710354876,apf_colreg,overtaking,-1.0,1.314044144298173,5.360625920308974,13.79308852639392,-7.04116088210927,9.351145006789828,1.165251456225612,1.6063520757973948,mr_webots_overtaking_large_ship_0_4_m_s.wbt,ekf_on_cluster_off,1,0,5.0
1782954142.0513587,61.540337324142456,-200.0,-200.0,0.2,0.25775508211204967,7.77367386353845,1.8154596036696522,-0.07738039395286678,0.34492658653488195,1782954141.9939065,None,None,None, None, 1782954142.0129762,1.0828461891340817,apf_colreg,overtaking,-1.0,1.2326159938928019,6.895935434992823,13.759084819357577,-7.186211968184015,9.46838893803124,1.2166698693260267,1.5996516342422236,mr_webots_overtaking_large_ship_0_4_m_s.wbt,ekf_on_cluster_off,1,0,5.0
1782954142.1517332,61.64071178436279,-200.0,-200.0,0.2,0.1937835799418023,7.805602428533979,1.8242967800068108,-0.6654921927683103,0.2888891922139841,1782954142.1547408,None,None,None, None, 1782954142.0911188,1.0090606726294142,apf_colreg,overtaking,-1.0,1.3132859489620685,6.270054076107831,14.169617427898878,-6.409992673684014,9.46838893803124,1.2166698693260267,1.5996516342422236,mr_webots_overtaking_large_ship_0_4_m_s.wbt,ekf_on_cluster_off,1,0,5.0
1782954142.2538867,61.742865324020386,-200.0,-200.0,0.2,0.17434523827257384,7.83886447913915,1.8304065067803885,-0.07862704718202838,0.27640723770550574,1782954142.2368598,None,None,None, None, 1782954142.185266,1.081332278079644,apf_colreg,overtaking,-1.0,1.3235133717193859,6.1146615583371755,14.280619928702913,-6.2141724079755045,9.46838893803124,1.2166698693260267,1.5996516342422236,mr_webots_overtaking_large_ship_0_4_m_s.wbt,ekf_on_cluster_off,1,0,5.0
1782954142.350791,61.8397696018219,200.0,200.0,0.2,0.16748877355158434,7.872568596614946,1.8362961195048673,-0.0502393215703293,0.2714627723098297,1782954142.335278,None,None,None, None, 1782954142.342278,0.9681426703693546,apf_colreg,overtaking,-1.0,1.2844635249301675,6.3158790928080695,14.308885698923763,-6.198902828377241,9.43016910631871,1.1268738113588737,1.5832496719298161,mr_webots_overtaking_large_ship_0_4_m_s.wbt,ekf_on_cluster_off,1,0,5.0
1782954142.452624,61.94160270690918,-200.0,-200.0,0.2,0.15647211420628307,7.906601874347147,1.8416640183135868,-0.012728568304393706,0.27025602215520633,1782954142.4300845,None,None,None, None, 1782954142.4485972,1.077444541064783,apf_colreg,overtaking,-1.0,1.365611080328872,8.817648042607622,14.381403946522093,-6.100451873091851,9.570121690156643,1.1672169465458735,1.5742155355609155,mr_webots_overtaking_large_ship_0_4_m_s.wbt,ekf_on_cluster_off,1,0,5.0
1782954142.5513036,62.040282249450684,-200.0,-200.0,0.2,0.1564248794735295,7.7336093594325215,1.8013538652829981,-0.015344099989339662,0.26894150051238563,1782954142.515754,7.730874033416188,1.8007495541763203,0.1565325368907189, 1782954142.47713, 1782954142.5357716,1.0668083148961607,apf_colreg,overtaking,-1.0,1.809498951936414,0.0,14.440161203783644,-5.562007879009322,9.586230517947444,1.1557422737216325,1.5675031151806635,mr_webots_overtaking_large_ship_0_4_m_s.wbt,ekf_on_cluster_off,1,0,5.0
1782954142.7050257,62.19400429725647,200.0,200.0,0.2,0.16034236320079964,7.750375459219,1.804147578673116,-0.06052675294170651,0.2620607395620237,1782954142.7170331,None,None,None, None, 1782954142.6719785,0.9948676964884526,apf_colreg,overtaking,-1.0,2.344580951989427,19.632763665494874,14.408904706939666,-5.661721399838629,9.395131221732841,1.1481745619217256,1.5601935272986511,mr_webots_overtaking_large_ship_0_4_m_s.wbt,ekf_on_cluster_off,1,0,5.0
1782954142.8066902,62.295668840408325,200.0,200.0,0.2,0.131924850708491,7.772842352886658,1.8076403900106834,-0.22160878122119576,0.24264828745410735,1782954142.8142042,None,None,None, None, 1782954142.766123,0.9299855985855593,apf_colreg,overtaking,-1.0,1.2894301031412734,16.27495729660588,14.556346852080814,-5.299011424319969,9.376650648105084,1.109363737880073,1.5507309337073198,mr_webots_overtaking_large_ship_0_4_m_s.wbt,ekf_on_cluster_off,1,0,5.0
1782954142.8829587,62.37193727493286,200.0,200.0,0.2,0.11045063170839889,7.799728256363913,1.8106477671987697,-0.02118879770249402,0.2405893493476618,1782954142.9009967,None,None,None, None, 1782954142.8586657,1.0423534607500982,apf_colreg,overtaking,-1.0,1.1819329457095127,11.033716914568922,14.662974150788008,-5.0253772549332245,9.376650648105084,1.109363737880073,1.5507309337073198,mr_webots_overtaking_large_ship_0_4_m_s.wbt,ekf_on_cluster_off,1,0,5.0
1782954142.9551759,62.444154500961304,200.0,200.0,0.2,0.09722961115756518,7.829630460313958,1.8133568118502086,0.045367719540929094,0.24452692574063725,1782954142.9808612,None,None,None, None, 1782954142.9470465,1.0189753572072497,apf_colreg,overtaking,-1.0,1.233268731637692,8.306848520683198,14.71771818038106,-4.879140413413429,9.383649223653826,1.0674631175342202,1.541929734738327,mr_webots_overtaking_large_ship_0_4_m_s.wbt,ekf_on_cluster_off,1,0,5.0
1782954143.0513177,62.54029631614685,-200.0,-200.0,0.2,0.08921725345548655,7.86146888069667,1.8159111115717819,0.06490909524791971,0.2497108583048403,1782954143.0573246,None,None,None, None, 1782954143.0277479,0.9036208627319222,apf_colreg,overtaking,-1.0,1.3186958050821873,7.045133680483693,14.76668897733225,-4.777452658004631,9.419453838207485,1.0448118475245856,1.5299387224725174,mr_webots_overtaking_large_ship_0_4_m_s.wbt,ekf_on_cluster_off,1,0,5.0
1782954143.151551,62.64052963256836,-200.0,-200.0,0.2,0.09442327827596078,7.8944537939287125,1.818920821883749,0.032490345505273036,0.25520750252392127,1782954143.150039,None,None,None, None, 1782954143.1029904,1.0963993011327866,apf_colreg,overtaking,-1.0,1.411333028647044,6.238100184704677,14.740699983941838,-4.893460645358707,9.453329532599284,1.0259661512830165,1.5267817342607954,mr_webots_overtaking_large_ship_0_4_m_s.wbt,ekf_on_cluster_off,1,0,5.0
1782954143.2702773,62.75925588607788,-200.0,-200.0,0.2,0.10729289539818435,7.928101576672187,1.8224663731748179,0.032490345505273036,0.2617055716249759,1782954143.2802835,None,None,None, None, 1782954143.1745834,0.9163430175205299,apf_colreg,overtaking,-1.0,1.384500244316743,6.331222896731244,14.674735954864786,-5.129490150122618,9.453329532599284,1.0259661512830165,1.5267817342607954,mr_webots_overtaking_large_ship_0_4_m_s.wbt,ekf_on_cluster_off,1,0,5.0
1782954143.3531582,62.8421368598938,-200.0,-200.0,0.2,0.1118747864171555,7.962096242697005,1.8266529558768467,-0.0764192011764974,0.2517523914752531,1782954143.3591573,None,None,None, None, 1782954143.2922835,1.0367021488726127,apf_colreg,overtaking,-1.0,1.4050776079752452,7.043165601264903,14.646356334411454,-5.253793551058486,9.538650037512445,1.0918937301035538,1.5074107811956101,mr_webots_overtaking_large_ship_0_4_m_s.wbt,ekf_on_cluster_off,1,0,5.0
1782954143.452106,62.94108462333679,-200.0,-200.0,0.2,0.10397427631651737,7.996316261478173,1.830959911259219,-0.1714937809385102,0.22543086269970095,1782954143.4337673,None,None,None, None, 1782954143.38668,0.9064088014686291,apf_colreg,overtaking,-1.0,1.409937623811569,6.944582078214119,14.683927304156892,-5.195593159692036,9.538650037512445,1.0918937301035538,1.5074107811956101,mr_webots_overtaking_large_ship_0_4_m_s.wbt,ekf_on_cluster_off,1,0,5.0
1782954143.5520651,63.041043758392334,200.0,200.0,0.2,0.10498535138196803,7.81808877397893,1.8151439509378149,-0.08726886356952795,0.21905326947029552,1782954143.5068471,7.815280484026992,1.814883761547265,0.11189740049525998, 1782954143.488655, 1782954143.5414798,1.099767807417497,apf_colreg,overtaking,-1.0,1.6955453197413373,0.0,14.675584004824579,-5.023942743439076,9.531488395126061,1.1059851981383557,1.5038576093323954,mr_webots_overtaking_large_ship_0_4_m_s.wbt,ekf_on_cluster_off,1,0,5.0
1782954143.6527686,63.14174723625183,200.0,200.0,0.2,0.0884003015050862,7.834858200077628,1.8167871328437202,-0.09461058442752947,0.21287556037282993,1782954143.6557753,None,None,None, None, 1782954143.6198661,0.991020835972592,apf_colreg,overtaking,-1.0,1.4276491737651098,11.507214185711076,14.752535682664796,-4.8021537505720255,9.34180307288551,1.1057982808395546,1.4986535345697847,mr_webots_overtaking_large_ship_0_4_m_s.wbt,ekf_on_cluster_off,1,0,5.0
1782954143.7517905,63.240769147872925,200.0,200.0,0.2,0.07777638852211266,7.857409667965008,1.8184221227004955,0.052067745430071026,0.22194207771220203,1782954143.7462726,None,None,None, None, 1782954143.7482748,1.0449942839052486,apf_colreg,overtaking,-1.0,1.3106453990601779,10.170532514513981,14.801750202146394,-4.664660334399238,9.34180307288551,1.1057982808395546,1.4986535345697847,mr_webots_overtaking_large_ship_0_4_m_s.wbt,ekf_on_cluster_off,1,0,5.0
1782954143.8510528,63.34003138542175,200.0,200.0,0.2,0.06955766537642881,7.884314926011519,1.82012050671027,0.052388739399131426,0.2260658118767649,1782954143.8249867,None,None,None, None, 1782954143.8249867,1.0667459503457033,apf_colreg,overtaking,-1.0,1.1707280124554422,7.594251357140631,14.838071651446326,-4.56421209069804,9.352196177710027,1.0608208984619154,1.4805688180403958,mr_webots_overtaking_large_ship_0_4_m_s.wbt,ekf_on_cluster_off,1,0,5.0
1782954143.951377,63.4403555393219,200.0,200.0,0.2,0.06507476273168909,7.914235186553837,1.8217835808327905,0.07499511506047092,0.2317883254546454,1782954143.9012918,None,None,None, None, 1782954143.9193163,0.9499432078730651,apf_colreg,overtaking,-1.0,1.7597179028694778,5.942126495336116,14.854996264107783,-4.5230487850249625,9.378749473526126,1.0401470050350403,1.4692258314290396,mr_webots_overtaking_large_ship_0_4_m_s.wbt,ekf_on_cluster_off,1,0,5.0
1782954144.051162,63.5401406288147,-200.0,-200.0,0.2,0.12542159785352724,7.946102934041235,1.8234529183504733,0.6437933173205777,0.2812249680655039,1782954144.0541682,None,None,None, None, 1782954144.015632,0.9535476607078512,apf_colreg,overtaking,-1.0,1.1927000554761558,6.311126065940674,14.576422895566608,-5.409276248284683,9.429186964900316,1.0119224198011356,1.460112112704443,mr_webots_overtaking_large_ship_0_4_m_s.wbt,ekf_on_cluster_off,1,0,5.0
1782954144.1533492,63.64232778549194,-200.0,-200.0,0.2,0.15580262693144198,7.978815310539491,1.828497727240557,0.05506920491447685,0.28960797065659405,1782954144.1303082,None,None,None, None, 1782954144.0837545,0.9248245256921134,apf_colreg,overtaking,-1.0,1.0923478376961195,8.179954356415449,14.400431752318411,-5.915718634482203,9.530066733351713,1.1234659820623005,1.4574823415504061,mr_webots_overtaking_large_ship_0_4_m_s.wbt,ekf_on_cluster_off,1,0,5.0
1782954144.257495,63.74647355079651,-200.0,-200.0,0.2,0.18008284474759467,8.012045870959074,1.8345802697125895,0.02032808292277186,0.2909924822380863,1782954144.1984165,None,None,None, None, 1782954144.2425635,0.9380610899386896,apf_colreg,overtaking,-1.0,0.9027419417751019,11.88316184089052,14.24294040032359,-6.34433934647577,9.582958196101075,1.1679456032177205,1.453757542519939,mr_webots_overtaking_large_ship_0_4_m_s.wbt,ekf_on_cluster_off,1,0,5.0
1782954144.3508952,63.83987379074097,-200.0,-200.0,0.2,0.1815116400450878,8.045521054920995,1.8414585575655498,-0.16045382916891868,0.2760175326458908,1782954144.2917452,None,None,None, None, 1782954144.318291,0.994304103044123,apf_colreg,overtaking,-1.0,0.415743180744831,18.130380088051396,14.22014232869045,-6.457934808296129,9.61067357365586,1.2274041661595316,1.440657408468164,mr_webots_overtaking_large_ship_0_4_m_s.wbt,ekf_on_cluster_off,1,0,5.0
1782954144.4514916,63.94047021865845,-200.0,-200.0,0.2,0.18475515930550387,8.079299845465153,1.8481421167500762,-0.07702832641636835,0.26425371350348015,1782954144.4444659,None,None,None, None, 1782954144.3979378,0.9753841439619215,apf_colreg,overtaking,-1.0,0.224801250223297,22.57279456743251,14.185758221108484,-6.5942822247940995,9.625677784497253,1.2301696392005546,1.4311024777873378,mr_webots_overtaking_large_ship_0_4_m_s.wbt,ekf_on_cluster_off,1,0,5.0
1782954144.550922,64.03990054130554,200.0,200.0,0.2,0.16392380202436632,7.895930454346046,1.8256192780251772,-0.106864687919234,0.25592661746483647,1782954144.5223877,7.893060792680552,1.8252322830007899,0.12633600148962465, 1782954144.502353, 1782954144.5359063,0.9645149233453425,apf_colreg,overtaking,-1.0,1.6424013295325877,0.0,14.344724539426295,-6.0111213271711765,9.628215369176303,1.258171590044328,1.4257379843958662,mr_webots_overtaking_large_ship_0_4_m_s.wbt,ekf_on_cluster_off,1,0,5.0
1782954144.65157,64.14054870605469,200.0,200.0,0.2,0.151442602825254,7.9119851220624104,1.828175306030737,-0.0647790456463404,0.2509968322330096,1782954144.5984893,None,None,None, None, 1782954144.599995,0.9454400532747246,apf_colreg,overtaking,-1.0,1.6424013295325877,0.0,14.414187018064219,-5.8649396232756965,9.628215369176303,1.258171590044328,1.4257379843958662,mr_webots_overtaking_large_ship_0_4_m_s.wbt,ekf_on_cluster_off,1,0,5.0
1782954144.7503893,64.23936796188354,200.0,200.0,0.2,0.13490974169501238,7.9339228592324735,1.831206426258161,-0.024986978262275982,0.24901105951573813,1782954144.7523963,None,None,None, None, 1782954144.7543955,0.9825898412054801,apf_colreg,overtaking,-1.0,1.092574665594013,15.741910503299366,14.502896378875285,-5.667659651328472,9.40687140938485,1.191287938217663,1.4191368940179359,mr_webots_overtaking_large_ship_0_4_m_s.wbt,ekf_on_cluster_off,1,0,5.0
1782954144.8511925,64.3401710987091,200.0,200.0,0.2,0.13255723232273753,7.960361041687261,1.834342266964558,0.12612052495066484,0.2662904841027255,1782954144.8149688,None,None,None, None, 1782954144.8351674,0.9545659790254858,apf_colreg,overtaking,-1.0,0.32275418458133975,14.74555268538731,14.512274730284608,-5.674964300684495,9.414873381747945,1.1701085441229662,1.4175949514886426,mr_webots_overtaking_large_ship_0_4_m_s.wbt,ekf_on_cluster_off,1,0,5.0
1782954144.9533587,64.44233727455139,200.0,200.0,0.2,0.1292553535378901,7.989894515323734,1.8379149241390356,0.07041570491365283,0.272015399854749,1782954144.8962705,None,None,None, None, 1782954144.8962705,1.0363355780356571,apf_colreg,overtaking,-1.0,0.054088702478710976,12.317515474121357,14.528325651537818,-5.672263028727208,9.449128368875412,1.1539046163680724,1.396779450503803,mr_webots_overtaking_large_ship_0_4_m_s.wbt,ekf_on_cluster_off,1,0,5.0
1782954145.0536325,64.54261112213135,-200.0,-200.0,0.2,0.1274703374564331,8.02145336631114,1.8416345286859783,0.07908503959306842,0.2781154614916999,1782954145.0556326,None,None,None, None, 1782954145.0375733,1.0296431111653856,apf_colreg,overtaking,-1.0,0.3060562850561796,11.160084210309561,14.539000662188165,-5.689645520104966,9.47964270658506,1.1342883247169147,1.3990033428716366,mr_webots_overtaking_large_ship_0_4_m_s.wbt,ekf_on_cluster_off,1,0,5.0
1782954145.1506395,64.63961815834045,-200.0,-200.0,0.2,0.12913770304990205,8.054194180019719,1.8460020208775787,-0.025314402030613945,0.2741611906569651,1782954145.1296098,None,None,None, None, 1782954145.1021764,0.9491032015988213,apf_colreg,overtaking,-1.0,0.4757636679593093,11.042416132988873,14.526248189869865,-5.770738486018849,9.522271610807174,1.1257753452965376,1.3870051777159846,mr_webots_overtaking_large_ship_0_4_m_s.wbt,ekf_on_cluster_off,1,0,5.0
1782954145.253574,64.7425525188446,-200.0,-200.0,0.2,0.13317589624723908,8.087647424487155,1.8506873922364115,-0.04152546237881355,0.27044791117824285,1782954145.2190316,None,None,None, None, 1782954145.1834054,1.0698789431731093,apf_colreg,overtaking,-1.0,0.5626765927333757,11.308456992494426,14.497444861365082,-5.892080974836931,9.551348355057877,1.1400556761504017,1.3801578859945463,mr_webots_overtaking_large_ship_0_4_m_s.wbt,ekf_on_cluster_off,1,0,5.0
1782954145.3525093,64.84148788452148,-200.0,-200.0,0.2,0.1359596476576257,8.121505696833562,1.8556360336328832,-0.0670726543447604,0.26435230593461,1782954145.3099122,None,None,None, None, 1782954145.2728815,1.0853886150491694,apf_colreg,overtaking,-1.0,0.6001553540921087,12.031903142883207,14.474524529299025,-5.999161329148721,9.57689641707317,1.157053691656117,1.3719900618551317,mr_webots_overtaking_large_ship_0_4_m_s.wbt,ekf_on_cluster_off,1,0,5.0
1782954145.451117,64.94009566307068,200.0,200.0,0.2,0.07711871363035093,8.155599936537188,1.8607160962241869,-0.6102649660808575,0.21923452868313298,1782954145.4551244,None,None,None, None, 1782954145.443325,1.069559558057893,apf_colreg,overtaking,-1.0,0.6435266729512397,12.469870704929626,14.788622387404489,-5.21554200726461,9.584895898473837,1.1851091879288367,1.3680808113937222,mr_webots_overtaking_large_ship_0_4_m_s.wbt,ekf_on_cluster_off,1,0,5.0
1782954145.5514853,65.04046392440796,200.0,200.0,0.2,0.06554321571878602,7.982318001916457,1.8364405521692655,-0.047568736325209346,0.21190244265424654,1782954145.5379803,7.979573559260141,1.8360969154271474,0.09799799313047687, 1782954145.516462, 1782954145.531972,1.0177696508658771,apf_colreg,overtaking,-1.0,2.56722925678109,0.0,14.851387378527614,-4.722263746875243,9.551945962252828,1.0986257032360698,1.3616563181629728,mr_webots_overtaking_large_ship_0_4_m_s.wbt,ekf_on_cluster_off,1,0,5.0
1782954145.6516073,65.14058589935303,200.0,200.0,0.2,0.03841405140715908,7.999532135064632,1.8371501715916094,-0.007461906317068154,0.211200287955539,1782954145.632079,None,None,None, None, 1782954145.632079,1.0861505548403891,apf_colreg,overtaking,-1.0,1.058729634564499,14.111629539757947,14.971354604697638,-4.326525614735387,9.355928336763718,1.0606308783616007,1.3567975894708888,mr_webots_overtaking_large_ship_0_4_m_s.wbt,ekf_on_cluster_off,1,0,5.0
1782954145.751213,65.24019169807434,200.0,200.0,0.2,6.305992628379113,8.022427837290756,1.8375354025058597,0.057277132786108735,0.21542675813173565,1782954145.7058687,None,None,None, None, 1782954145.7058687,1.0714958705480737,apf_colreg,overtaking,-1.0,1.1822417864382633,6.879590290107745,15.037038881416336,-4.094967080055869,9.35955656762592,1.019277935510804,1.339815786632678,mr_webots_overtaking_large_ship_0_4_m_s.wbt,ekf_on_cluster_off,1,0,5.0
1782954145.8509407,65.33991932868958,-200.0,-140.9226041244295,0.2,6.297577783408713,8.049584226498082,1.8376797840262307,0.07476674875786557,0.22136201268163716,1782954145.7852523,None,None,None, None, 1782954145.7872503,0.9129153367625064,apf_colreg,overtaking,-1.0,1.2589170883886474,4.7911391966359425,15.07596269358686,-3.962315377633673,9.37994145354253,0.9933198714097295,1.336750027385552,mr_webots_overtaking_large_ship_0_4_m_s.wbt,ekf_on_cluster_off,1,0,5.0
1782954145.951588,65.4405665397644,-200.0,-158.74601784434762,0.2,0.024170967262164375,8.082620701369317,1.838185927197209,0.08162585316094764,0.23032103654636132,1782954145.8950095,None,None,None, None, 1782954145.8970065,0.9438908663756469,apf_colreg,overtaking,-1.0,1.2894596703177397,3.8421212645300504,15.038597976792847,-4.11394042347209,9.411042972362367,0.9765048494390409,1.3248556607958883,mr_webots_overtaking_large_ship_0_4_m_s.wbt,ekf_on_cluster_off,1,0,5.0
1782954146.0509958,65.53997445106506,-200.0,-169.38502023870765,0.2,0.02970507152032076,8.118506403079701,1.839460232446242,-0.04053564623820263,0.2274005843668123,1782954146.0540018,None,None,None, None, 1782954145.9910626,1.0503226096776663,apf_colreg,overtaking,-1.0,1.2625743336447357,3.7843821531263973,15.016547671333107,-4.21343698448234,9.411042972362367,0.9765048494390409,1.3248556607958883,mr_webots_overtaking_large_ship_0_4_m_s.wbt,ekf_on_cluster_off,1,0,5.0
1782954146.151516,65.64049458503723,-200.0,-180.50916925975037,0.2,0.0358060500368689,8.155498924059328,1.8410078503620522,-0.04021703601489374,0.22042549587851523,1782954146.1404922,None,None,None, None, 1782954146.076514,0.9864918770706613,apf_colreg,overtaking,-1.0,1.2825989426736013,3.6306892721476327,14.990611857014596,-4.32599296688867,9.478444981691341,1.01323571864502,1.3178976144428096,mr_webots_overtaking_large_ship_0_4_m_s.wbt,ekf_on_cluster_off,1,0,5.0
1782954146.2516096,65.74058818817139,-200.0,-144.98631863918416,0.2,0.012432222112218436,8.192526445326358,1.8428068903221486,-0.3054386188157649,0.19851626912282652,1782954146.2122226,None,None,None, None, 1782954146.2430975,0.9893276493396017,apf_colreg,overtaking,-1.0,1.3210085482928904,3.5324211145509716,15.085350536648068,-4.000221868362373,9.512527098068654,1.029740684136894,1.3121728229755736,mr_webots_overtaking_large_ship_0_4_m_s.wbt,ekf_on_cluster_off,1,0,5.0
1782954146.3533423,65.84232091903687,200.0,200.0,0.2,0.002416743832421719,8.23133440121247,1.8433555926388188,-0.10155678580659953,0.19090468693198465,1782954146.375006,None,None,None, None, 1782954146.3237703,1.0326509994459885,apf_colreg,overtaking,-1.0,1.295854868365751,3.428999406027251,15.114781871672953,-3.8665095182964855,9.49883485218134,1.0210594343029646,1.303350718784277,mr_webots_overtaking_large_ship_0_4_m_s.wbt,ekf_on_cluster_off,1,0,5.0
1782954146.4637902,65.95276880264282,200.0,200.0,0.2,6.268707007842683,8.2683007156489,1.8430196500568976,-0.06112379402369818,0.18553591771222697,1782954146.4657907,None,None,None, None, 1782954146.4282525,0.9557447553032568,apf_colreg,overtaking,-1.0,1.3185260115651025,3.403291023415078,15.176379645458304,-3.606150063486065,9.49883485218134,1.0210594343029646,1.303350718784277,mr_webots_overtaking_large_ship_0_4_m_s.wbt,ekf_on_cluster_off,1,0,5.0
1782954146.558925,66.04790353775024,200.0,200.0,0.2,6.294516858895288,8.071184366653723,1.8461543763904695,0.02988679381355713,0.19071810738574713,1782954146.5484,8.068106016907455,1.8462106901088955,0.08257180286388976, 1782954146.517852, 1782954146.5649247,0.979336995332149,apf_colreg,overtaking,-1.0,1.5115434093752549,0.0,15.076033185515367,-4.0508602917991565,9.52805904897822,0.9990067246308,1.289111704940949,mr_webots_overtaking_large_ship_0_4_m_s.wbt,ekf_on_cluster_off,1,0,5.0
1782954146.655488,66.14446663856506,200.0,200.0,0.2,6.27996389535154,8.087256660430207,1.846080807158931,0.02988679381355713,0.19669546614845856,1782954146.6660016,None,None,None, None, 1782954146.5649247,0.979336995332149,apf_colreg,overtaking,-1.0,2.4415330604296233,1.0128576260897046,15.133722485771612,-3.8258553605848666,9.52805904897822,0.9990067246308,1.289111704940949,mr_webots_overtaking_large_ship_0_4_m_s.wbt,ekf_on_cluster_off,1,0,5.0
1782954146.7555864,66.2445650100708,200.0,200.0,0.2,6.271555225472439,8.109238808588156,1.8456674843162917,0.06958986979783005,0.2104513940712229,1782954146.7460713,None,None,None, None, 1782954146.68001,0.976051989155734,apf_colreg,overtaking,-1.0,1.3781489036713483,3.550533237478663,15.165894984447423,-3.688946221199081,9.355111636735309,0.9987280556671972,1.274064917020213,mr_webots_overtaking_large_ship_0_4_m_s.wbt,ekf_on_cluster_off,1,0,5.0
1782954146.8709013,66.35987997055054,-200.0,-76.38272123510669,0.2,6.2610578100114775,8.135734506394892,1.8449938865991171,0.02261814402734825,0.2121702160714854,1782954146.8220644,None,None,None, None, 1782954146.8270664,1.008503923573863,apf_colreg,overtaking,-1.0,1.3239345196700472,3.5951238321904437,15.208965115546704,-3.5111824106716947,9.380319675746044,0.9781284106456093,1.2716213434364259,mr_webots_overtaking_large_ship_0_4_m_s.wbt,ekf_on_cluster_off,1,0,5.0
1782954146.955516,66.44449472427368,-200.0,-118.45693479410224,0.2,6.280619928426716,8.170867428688853,1.8442114309741129,0.17977301222889197,0.2288030292084369,1782954146.9145856,None,None,None, None, 1782954146.9431021,1.0638766206273769,apf_colreg,overtaking,-1.0,1.24143816523168,3.5397935193867225,15.1391062597574,-3.795176013768228,9.380319675746044,0.9781284106456093,1.2716213434364259,mr_webots_overtaking_large_ship_0_4_m_s.wbt,ekf_on_cluster_off,1,0,5.0
1782954147.0519269,66.54090547561646,-200.0,-142.81466322713504,0.2,0.009633747546677077,8.209777158579488,1.8446593351396923,-0.0025831420329034027,0.22861381945446657,1782954146.9878335,None,None,None, None, 1782954147.01638,1.0390106487524113,apf_colreg,overtaking,-1.0,1.2359401573423077,3.7762246306012086,15.093935114557073,-3.983449046599489,9.471378507968952,0.9782586199384654,1.2522616368415627,mr_webots_overtaking_large_ship_0_4_m_s.wbt,ekf_on_cluster_off,1,0,5.0
1782954147.15127,66.6402485370636,-200.0,-162.9028754263593,0.2,0.020295477831450432,8.24965492159512,1.8456278932462211,-0.0194650300286808,0.2268982967991292,1782954147.1572754,None,None,None, None, 1782954147.0941775,1.0598005482235962,apf_colreg,overtaking,-1.0,1.2034903055730115,4.3705534755290545,15.050845826426562,-4.157668123995591,9.516197797611818,0.9999569917712577,1.2473830481476433,mr_webots_overtaking_large_ship_0_4_m_s.wbt,ekf_on_cluster_off,1,0,5.0
1782954147.2534442,66.74242281913757,-200.0,-152.25446738086657,0.2,0.01264104936449139,8.289074073683617,1.8470046237505136,-0.18063319836530387,0.1965621723564298,1782954147.2439103,None,None,None, None, 1782954147.19692,0.9896282374699374,apf_colreg,overtaking,-1.0,1.1346823391947563,5.403070629889869,15.079011745979965,-4.064002463558549,9.544719414218608,1.0352175937957175,1.2353896730012008,mr_webots_overtaking_large_ship_0_4_m_s.wbt,ekf_on_cluster_off,1,0,5.0
1782954147.3516953,66.84067392349243,-200.0,-150.13471500621844,0.2,0.010766252987930741,8.328794857625834,1.8478199640033326,-0.07700812367994686,0.1901916349032616,1782954147.3266358,None,None,None, None, 1782954147.2649543,0.9103937290998234,apf_colreg,overtaking,-1.0,1.1352179441459185,5.359224268357835,15.086817130070429,-4.0467110185500035,9.544719414218608,1.0352175937957175,1.2353896730012008,mr_webots_overtaking_large_ship_0_4_m_s.wbt,ekf_on_cluster_off,1,0,5.0
1782954147.4534736,66.94245219230652,-200.0,-155.71898957371465,0.2,0.013179284632424097,8.368758993976076,1.8485882776325164,-0.043318804179046856,0.18541477640304993,1782954147.436908,None,None,None, None, 1782954147.4379117,1.0397216147611026,apf_colreg,overtaking,-1.0,1.0870609759301366,6.56964274523259,15.075226277958413,-4.095210291151815,9.577024469850137,1.024115363971128,1.2340725659615681,mr_webots_overtaking_large_ship_0_4_m_s.wbt,ekf_on_cluster_off,1,0,5.0
1782954147.5512507,67.04022932052612,200.0,200.0,0.2,0.0332753179422699,8.158727984938011,1.8554990910700808,-0.07210853334194814,0.18078613607351746,1782954147.501098,8.155428165571399,1.8555780531795831,0.07065601962367118, 1782954147.527702, 1782954147.515192,0.9266810928669378,apf_colreg,overtaking,-1.0,1.4584921119230607,0.0,14.979894965219618,-4.51123040648136,9.594254196882538,1.0512640097979393,1.2149793752174274,mr_webots_overtaking_large_ship_0_4_m_s.wbt,ekf_on_cluster_off,1,0,5.0
1782954147.6533697,67.14234828948975,-200.0,-176.16663752786525,0.2,0.0199574762151354,8.176469198689954,1.8559889171560109,-0.07831491603110807,0.17446338381930174,1782954147.6648808,None,None,None, None, 1782954147.6310227,1.0766203294268832,apf_colreg,overtaking,-1.0,0.4698806747398187,49.12339685374079,15.058060786809351,-4.297121768488907,9.491403829311674,1.1034453164353353,1.213884624460798,mr_webots_overtaking_large_ship_0_4_m_s.wbt,ekf_on_cluster_off,1,0,5.0
1782954147.7507837,67.23976230621338,-200.0,-182.70618873183167,0.2,0.02405563299454902,8.201037726640628,1.8565197080174336,0.02446949687539888,0.17815636486123146,1782954147.7327547,None,None,None, None, 1782954147.7220466,1.035410467969781,apf_colreg,overtaking,-1.0,0.37989183245847646,18.55667758284267,15.03959868970416,-4.365286146732661,9.483751671792048,1.0816348884253866,1.2000309805647273,mr_webots_overtaking_large_ship_0_4_m_s.wbt,ekf_on_cluster_off,1,0,5.0
1782954147.8506863,67.33966493606567,-200.0,-195.52240568965817,0.2,0.03282419125701694,8.230299552707322,1.857511591068578,-0.004041264410673466,0.17781126165543146,1782954147.8181496,None,None,None, None, 1782954147.7978747,1.0767024988494054,apf_colreg,overtaking,-1.0,0.3504723916100015,12.788837822640975,14.99846561418951,-4.511464089219594,9.490879675726589,1.085691478338009,1.1968948749346027,mr_webots_overtaking_large_ship_0_4_m_s.wbt,ekf_on_cluster_off,1,0,5.0
1782954147.9516592,67.44063782691956,-200.0,-200.0,0.2,0.04101279589730747,8.261994517839186,1.8589740462319282,-0.03498153291975423,0.17514671108429117,1782954147.8943198,None,None,None, None, 1782954147.9546597,1.0955100103982542,apf_colreg,overtaking,-1.0,0.2468867358928916,11.376290002183945,14.961108732421389,-4.653832333549506,9.522721087861262,1.104313715316582,1.1934094797343127,mr_webots_overtaking_large_ship_0_4_m_s.wbt,ekf_on_cluster_off,1,0,5.0
1782954148.0512114,67.54018998146057,-200.0,-200.0,0.2,0.04458735701982382,8.294947955438925,1.8607874921131544,-0.07916903211067701,0.16308272716367264,1782954148.0467024,None,None,None, None, 1782954148.0326855,0.9270602972472627,apf_colreg,overtaking,-1.0,0.019583627283190633,11.493392544301114,14.947141886281267,-4.730222900537155,9.57811189632414,1.1401177493815318,1.1780948171593884,mr_webots_overtaking_large_ship_0_4_m_s.wbt,ekf_on_cluster_off,1,0,5.0
1782954148.1508214,67.63980007171631,-200.0,-200.0,0.2,0.04619014812496037,8.328656738462252,1.862715051970062,-0.08360333282252214,0.157677427931314,1782954148.1113565,None,None,None, None, 1782954148.0962577,1.0537330171570267,apf_colreg,overtaking,-1.0,0.2518591645831138,11.834981036181826,14.941147234114114,-4.779218875927153,9.625301080448319,1.1614666606797093,1.1779862552754958,mr_webots_overtaking_large_ship_0_4_m_s.wbt,ekf_on_cluster_off,1,0,5.0
1782954148.2511616,67.74014019966125,-200.0,-200.0,0.2,0.041226278065465846,8.362808028896751,1.864690578016221,-0.13345399561182916,0.14733043385339473,1782954148.252605,None,None,None, None, 1782954148.253605,1.0688390248692896,apf_colreg,overtaking,-1.0,0.5688523560340366,11.230574863992885,14.964470915358923,-4.732383845349524,9.66139469888879,1.1939061842579604,1.161910484976124,mr_webots_overtaking_large_ship_0_4_m_s.wbt,ekf_on_cluster_off,1,0,5.0
1782954148.3512352,67.84021377563477,-200.0,-200.0,0.2,0.03865382831964433,8.397229687064215,1.866423339177703,-0.09227832587533527,0.13428900172286803,1782954148.330216,None,None,None, None, 1782954148.330216,0.9566377122112374,apf_colreg,overtaking,-1.0,0.798395791783233,10.124142714519621,14.975200532645093,-4.718641678391876,9.68054748931259,1.1992643471591244,1.1623257704504633,mr_webots_overtaking_large_ship_0_4_m_s.wbt,ekf_on_cluster_off,1,0,5.0
1782954148.4517386,67.9407172203064,-200.0,-200.0,0.2,0.036685453465390344,8.43180166581537,1.8680857594509583,-0.08913033107097076,0.12758050727767195,1782954148.405482,None,None,None, None, 1782954148.4547443,1.0959370492695337,apf_colreg,overtaking,-1.0,0.9407977488098577,8.673237072776255,14.98122414794343,-4.714687455235028,9.689517692487382,1.2150771391103719,1.154562367217257,mr_webots_overtaking_large_ship_0_4_m_s.wbt,ekf_on_cluster_off,1,0,5.0
1782954148.550911,68.0398895740509,-200.0,-175.0311850455942,0.2,0.012973895521817989,8.248803585588123,1.8624669830496112,-0.09570825952666041,0.11964637931020514,1782954148.4883811,8.245928975571948,1.862371529934284,6.255311954218756, 1782954148.529878, 1782954148.5413852,1.0160577659938839,apf_colreg,overtaking,-1.0,1.4104855327571253,0.0,15.080747393231462,-4.291236006970383,9.700362311352627,1.2220515088853534,1.1470243673632545,mr_webots_overtaking_large_ship_0_4_m_s.wbt,ekf_on_cluster_off,1,0,5.0
1782954148.6510139,68.13999247550964,200.0,200.0,0.2,0.015655417549910837,8.26658861479243,1.8628578191233114,-0.07764574200264211,0.10740652821552461,1782954148.6460183,None,None,None, None, 1782954148.6129797,0.9824916857084257,apf_colreg,overtaking,-1.0,1.23917348794798,5.16268769285464,15.0632956370227,-4.344562388358273,9.482129112942706,1.1985186608983736,1.1472104004316184,mr_webots_overtaking_large_ship_0_4_m_s.wbt,ekf_on_cluster_off,1,0,5.0
1782954148.7516701,68.24064874649048,200.0,200.0,0.2,-1.0761647409746663e-05,8.289946271571013,1.8630684390821075,-0.09005463055621149,0.10158923608373577,1782954148.7106156,None,None,None, None, 1782954148.7536786,0.9402131660029839,apf_colreg,overtaking,-1.0,0.7570826073430748,8.709029992114278,15.124662599425342,-4.1134906977152825,9.49641825348194,1.1883541406586435,1.133788646887164,mr_webots_overtaking_large_ship_0_4_m_s.wbt,ekf_on_cluster_off,1,0,5.0
1782954148.8508165,68.33979511260986,200.0,200.0,0.2,6.272640010836829,8.317436228803308,1.8626424326551017,0.037198820644079394,0.10430760407049453,1782954148.7836924,None,None,None, None, 1782954148.828114,0.9086466874252163,apf_colreg,overtaking,-1.0,0.5923386263028636,8.674310757930938,15.165382202462771,-3.9475419731515027,9.49641825348194,1.1883541406586435,1.133788646887164,mr_webots_overtaking_large_ship_0_4_m_s.wbt,ekf_on_cluster_off,1,0,5.0
1782954148.9508336,68.43981218338013,200.0,200.0,0.2,6.266164555899037,8.347746292766406,1.8618665913200763,0.06517396249124857,0.11355750268054172,1782954148.9256186,None,None,None, None, 1782954148.8925414,1.0155348562052835,apf_colreg,overtaking,-1.0,0.2632069180435509,8.459911768230487,15.189331115613594,-3.8374456346995727,9.516199761485167,1.1686587538558668,1.1239692363092655,mr_webots_overtaking_large_ship_0_4_m_s.wbt,ekf_on_cluster_off,1,0,5.0
1782954149.0510828,68.54006147384644,-200.0,-112.58652326305483,0.2,6.263132468024506,8.379862778361822,1.8608803476628726,0.08177656745676684,0.11953958848717024,1782954148.9987702,None,None,None, None, 1782954149.0285468,1.0754721595976546,apf_colreg,overtaking,-1.0,0.048588192811867964,8.260727046172265,15.206725573007386,-3.767006317225297,9.547404135958836,1.1533163580407946,1.1211139536448147,mr_webots_overtaking_large_ship_0_4_m_s.wbt,ekf_on_cluster_off,1,0,5.0
1782954149.1516635,68.6406421661377,-200.0,-134.06955437219304,0.2,6.274520377139732,8.417247185529694,1.8602354737209357,0.07950238890280371,0.12582484502524416,1782954149.1556652,None,None,None, None, 1782954149.1073768,0.9384711797868478,apf_colreg,overtaking,-1.0,0.17580256975350728,7.640042029975938,15.165445711882729,-3.9274954630405325,9.589159408985688,1.132898115887904,1.1077816222411427,mr_webots_overtaking_large_ship_0_4_m_s.wbt,ekf_on_cluster_off,1,0,5.0
1782954149.256097,68.74507570266724,-200.0,-158.884904783243,0.2,0.004980981869774928,8.456727139590733,1.8603602655489728,0.02961263297080866,0.13011669232446801,1782954149.2227607,None,None,None, None, 1782954149.1897035,0.9166449030504346,apf_colreg,overtaking,-1.0,0.29265354680771566,7.7612735827418735,15.111007688855945,-4.135084814846256,9.633073422393014,1.1374779371657922,1.1051069095006953,mr_webots_overtaking_large_ship_0_4_m_s.wbt,ekf_on_cluster_off,1,0,5.0
1782954149.3547382,68.8437168598175,-200.0,-170.8501782941029,0.2,0.011550708623962978,8.496150365047352,1.8611491919790317,-0.05719870190291737,0.12577984759751062,1782954149.2985814,None,None,None, None, 1782954149.2865791,0.9274680452622981,apf_colreg,overtaking,-1.0,0.3115955568440896,8.476070005629404,15.081949338611064,-4.247045987643531,9.669601465145243,1.1654665137146856,1.0975781851497883,mr_webots_overtaking_large_ship_0_4_m_s.wbt,ekf_on_cluster_off,1,0,5.0
1782954149.4508514,68.93983006477356,-200.0,-179.45920696662193,0.2,0.016341170638081548,8.534958551001553,1.862118926821164,-0.060359964340514674,0.12106081473135487,1782954149.4533622,None,None,None, None, 1782954149.4498441,1.0622580194241753,apf_colreg,overtaking,-1.0,0.2949726836340405,9.8034706524029,15.060158515371347,-4.334202829288881,9.703406588556316,1.1790015877281244,1.0861737154136082,mr_webots_overtaking_large_ship_0_4_m_s.wbt,ekf_on_cluster_off,1,0,5.0
1782954149.551014,69.03999257087708,-200.0,-151.10839796341097,0.2,-0.0022661033847248494,8.341828374729761,1.8625456485881682,-0.08048911560289154,0.10896888288762471,1782954149.5269935,8.338775091162404,1.862536728186787,6.2417120684835785, 1782954149.541989, 1782954149.5249844,1.0496634604542814,apf_colreg,overtaking,-1.0,1.3399181117391064,0.7544356491392988,15.133442213491016,-4.06812246828443,9.721041144894405,1.21323075622376,1.0750946946162712,mr_webots_overtaking_large_ship_0_4_m_s.wbt,ekf_on_cluster_off,1,0,5.0
1782954149.6537564,69.14273500442505,200.0,200.0,0.2,0.0022603351556383967,8.36237675037256,1.8627199514846926,-0.07826484207589128,0.10114750026728905,1782954149.6269283,None,None,None, None, 1782954149.6309311,0.9908382018679384,apf_colreg,overtaking,-1.0,0.05577809120729541,17.094997806209182,15.10570895860124,-4.1504080716930245,9.493808966873663,1.196352543992072,1.0745270991408455,mr_webots_overtaking_large_ship_0_4_m_s.wbt,ekf_on_cluster_off,1,0,5.0
1782954149.751632,69.24061059951782,-200.0,-144.974544787777,0.2,6.274065156217553,8.387836688136577,1.862631624043673,-0.05651625364645392,0.096164580539196,1782954149.7150962,None,None,None, None, 1782954149.7170978,0.988942406045805,apf_colreg,overtaking,-1.0,0.4369041041840532,9.748068804885218,15.105872091718727,-4.005559632803706,9.582341084019195,1.2156999674726554,1.0643631662017103,mr_webots_overtaking_large_ship_0_4_m_s.wbt,ekf_on_cluster_off,1,0,5.0
1782954149.8522756,69.34125423431396,-200.0,-143.98772926406153,0.2,6.273273905246573,8.419561686346503,1.8624039955611416,-0.024545885490581884,0.09357103395738205,1782954149.8207574,None,None,None, None, 1782954149.8257577,0.9439446185102744,apf_colreg,overtaking,-1.0,0.03327804346029237,7.531678953609225,15.09912948587486,-3.9950843768164317,9.591343097354605,1.2042765606040042,1.0580614668203834,mr_webots_overtaking_large_ship_0_4_m_s.wbt,ekf_on_cluster_off,1,0,5.0
1782954149.9563556,69.4453341960907,-200.0,-106.97048138127542,0.2,-0.028454631105887293,8.455369435492205,1.8623110051581362,-0.22973875821009065,0.07260749496444506,1782954149.9120069,None,None,None, None, 1782954149.9160144,0.9729124135176301,apf_colreg,overtaking,-1.0,0.1217196971551296,6.822301092878878,15.165598898877365,-3.7148039987000434,9.651243361820143,1.209834872369124,1.045670365663373,mr_webots_overtaking_large_ship_0_4_m_s.wbt,ekf_on_cluster_off,1,0,5.0
1782954150.0555274,69.54450607299805,-200.0,-84.84598723666055,0.2,6.245473415827003,8.495083994040167,1.8612319943494988,-0.09347828847799682,0.06397067365218416,1782954150.0044007,None,None,None, None, 1782954150.0044007,1.0312154112794574,apf_colreg,overtaking,-1.0,0.1743917575466311,6.04676620439173,15.188474686184868,-3.5633223039953563,9.672012916390516,1.203215692710322,1.044437444814106,mr_webots_overtaking_large_ship_0_4_m_s.wbt,ekf_on_cluster_off,1,0,5.0
1782954150.1656466,69.65462517738342,-200.0,-1.2666673418618843,0.2,6.214873455095589,8.537688873526445,1.8597653558834528,-0.29826326348336496,0.02528445130713068,1782954150.1341057,None,None,None, None, 1782954150.1215918,1.068057941406545,apf_colreg,overtaking,-1.0,0.28603088059014375,6.259148782339468,15.28197929280425,-3.0778680398219294,9.672012916390516,1.203215692710322,1.044437444814106,mr_webots_overtaking_large_ship_0_4_m_s.wbt,ekf_on_cluster_off,1,0,5.0
1782954150.2902958,69.77927446365356,-200.0,24.876935507802845,0.2,6.201908365041177,8.583935410417906,1.8563788443471667,-0.07792850007719207,0.01584226027943475,1782954150.2552705,None,None,None, None, 1782954150.2442222,0.9151267971300068,apf_colreg,overtaking,-1.0,0.464348658866556,7.1810068517839625,15.322557335784598,-2.8303825934865614,9.74020743146531,1.1808869912946571,1.0246394265459486,mr_webots_overtaking_large_ship_0_4_m_s.wbt,ekf_on_cluster_off,1,0,5.0
1782954150.3768847,69.86586332321167,-200.0,62.26738979368032,0.2,6.175871669953979,8.632933274494256,1.8523592559015754,-0.22559373240086228,6.280578575550688,1782954150.3370502,None,None,None, None, 1782954150.3300402,0.9881714673926624,apf_colreg,overtaking,-1.0,0.42308199334025504,6.517062280749432,15.369224211496007,-2.3825024635313587,9.74020743146531,1.1808869912946571,1.0246394265459486,mr_webots_overtaking_large_ship_0_4_m_s.wbt,ekf_on_cluster_off,1,0,5.0
1782954150.4620388,69.95101737976074,-200.0,80.22057643081914,0.2,6.165106793019981,8.684950473442818,1.8464884399693169,-0.05618251575179309,6.275609489065566,1782954150.4254956,None,None,None, None, 1782954150.4465022,1.0651830169603536,apf_colreg,overtaking,-1.0,0.40784379249418007,5.72988071126195,15.365209289264687,-2.147127992776827,9.74020743146531,1.1808869912946571,1.0246394265459486,mr_webots_overtaking_large_ship_0_4_m_s.wbt,ekf_on_cluster_off,1,0,5.0
1782954150.5513728,70.04035139083862,-200.0,80.7598167782305,0.2,6.1503414805258885,8.433536246243245,1.8574898295552078,-0.06604226396638749,6.269127943737221,1782954150.523638,8.429498309045204,1.857720996098823,6.138083815801047, 1782954150.543862, 1782954150.5318573,0.9085981569003063,apf_colreg,overtaking,-1.0,1.3178278668781254,0.0,15.433864146427378,-2.149453589333951,9.820052054851793,1.1568594849866323,1.0076302478958665,mr_webots_overtaking_large_ship_0_4_m_s.wbt,ekf_on_cluster_off,1,0,5.0
1782954150.6546934,70.14367198944092,-200.0,98.63576781293706,0.2,6.14222936261613,8.469724484052737,1.852678577106289,-0.09673653761394381,6.259319237659721,1782954150.625034,None,None,None, None, 1782954150.6465557,0.9235362345414964,apf_colreg,overtaking,-1.0,0.8889285229402303,6.783864587279021,15.430881993548697,-1.90121751611649,9.55176362595955,1.1624840605529474,0.999604268888335,mr_webots_overtaking_large_ship_0_4_m_s.wbt,ekf_on_cluster_off,1,0,5.0
1782954150.760522,70.24950051307678,-200.0,118.59319868444184,0.2,6.129218842873553,8.518219696600948,1.8457972540992007,-0.12987150463291872,6.246093492696341,1782954150.7268713,None,None,None, None, 1782954150.7358832,1.033115888268294,apf_colreg,overtaking,-1.0,0.7731080353934136,5.12430102041613,15.423961462582081,-1.6054897635323488,9.55176362595955,1.1624840605529474,0.999604268888335,mr_webots_overtaking_large_ship_0_4_m_s.wbt,ekf_on_cluster_off,1,0,5.0
1782954150.8532925,70.34227108955383,-200.0,129.19909411830378,0.2,6.12113045115502,8.573918688058301,1.8370145755781522,-0.05466673737484372,6.2410241133264925,1782954150.8196037,None,None,None, None, 1782954150.8286026,0.9678096917154061,apf_colreg,overtaking,-1.0,0.8426234168551991,3.091248887852039,15.365761715613123,-1.4338188550025848,9.610567387599279,1.1458321606689077,0.9823142480348515,mr_webots_overtaking_large_ship_0_4_m_s.wbt,ekf_on_cluster_off,1,0,5.0
1782954150.9508066,70.43978524208069,-200.0,140.58886838904857,0.2,6.114917388964966,8.632955350990262,1.8273051150974844,-0.04887422108532467,6.236793781614052,1782954150.9061592,None,None,None, None, 1782954150.9061592,0.9401247224961129,apf_colreg,overtaking,-1.0,0.7957403818516511,2.875409254408219,15.31649922359717,-1.2431195564594173,9.610567387599279,1.1458321606689077,0.9823142480348515,mr_webots_overtaking_large_ship_0_4_m_s.wbt,ekf_on_cluster_off,1,0,5.0
1782954151.0512834,70.54026198387146,-200.0,152.8636617118736,0.2,6.10891255336701,8.69386631832603,1.816939314186257,-0.05158992667779868,6.231922232496502,1782954151.0005875,None,None,None, None, 1782954151.0005875,0.9934873725193384,apf_colreg,overtaking,-1.0,0.8680586412703022,2.587386087595902,15.286175177099572,-1.028353365510137,9.716554063957055,1.1400400586964834,0.9533051461257152,mr_webots_overtaking_large_ship_0_4_m_s.wbt,ekf_on_cluster_off,1,0,5.0
1782954151.1588326,70.6478111743927,-200.0,174.34928182433478,0.2,6.103408096087232,8.756297008393789,1.8059174070621964,-0.04532257913204299,6.226611241286599,1782954151.1177695,None,None,None, None, 1782954151.1187696,0.9811742767916679,apf_colreg,overtaking,-1.0,0.6661171717838952,4.3672749532011945,15.405139328234604,-0.6218812417465136,9.79623720544219,1.1199260074180337,0.9446731342367152,mr_webots_overtaking_large_ship_0_4_m_s.wbt,ekf_on_cluster_off,1,0,5.0
1782954151.2508733,70.73985195159912,-200.0,191.86006922013593,0.2,6.087665422145358,8.821088047497533,1.7940696207011761,-0.1310889858187836,6.214220354490897,1782954151.2122922,None,None,None, None, 1782954151.2152925,0.9142295024400187,apf_colreg,overtaking,-1.0,0.6666343981174979,4.160025870313945,15.370276656534443,-0.22898973539536627,9.79623720544219,1.1199260074180337,0.9446731342367152,mr_webots_overtaking_large_ship_0_4_m_s.wbt,ekf_on_cluster_off,1,0,5.0
1782954151.3509834,70.83996200561523,-197.8222499311917,200.0,0.2,6.078851267041102,8.88789899988878,1.7804510995516534,-0.035214547546075246,6.210693697697129,1782954151.31244,None,None,None, None, 1782954151.3134403,0.9507500833248446,apf_colreg,overtaking,-1.0,0.655324660929363,4.012749323565439,15.322454468499817,0.07900744493036527,9.79623720544219,1.1199260074180337,0.9446731342367152,mr_webots_overtaking_large_ship_0_4_m_s.wbt,ekf_on_cluster_off,1,0,5.0
1782954151.4516351,70.94061374664307,-185.8939620239744,200.0,0.2,6.07128518270611,8.955620049197847,1.7661008680581984,-0.032512309949577184,6.207721680228255,1782954151.403852,None,None,None, None, 1782954151.403852,1.0782505215259481,apf_colreg,overtaking,-1.0,0.6793555818672672,4.757209770250822,15.261524830451046,0.3668927973699452,9.893041020302462,1.0948718441017036,0.9112838636649506,mr_webots_overtaking_large_ship_0_4_m_s.wbt,ekf_on_cluster_off,1,0,5.0
1782954151.55068,71.03965854644775,-143.747768495883,200.0,0.2,6.030691243688352,9.022119553468187,1.7514977648307868,-0.3251727329915627,6.18202675585746,1782954151.4828713,None,None,None, None, 1782954151.5039,0.9956208728678115,apf_colreg,overtaking,-1.0,0.7105856040722147,4.79325001493598,15.171946645019757,1.1784475896098066,9.893041020302462,1.0948718441017036,0.9112838636649506,mr_webots_overtaking_large_ship_0_4_m_s.wbt,ekf_on_cluster_off,1,0,5.0
1782954151.6761453,71.16512393951416,-194.14690189902288,200.0,0.2,6.030279313434593,8.58136978675004,1.8328049387554084,-0.01273911379098391,6.1807319798447775,1782954151.5845091,8.576078393071837,1.8338407902545053,6.0603678801086165, 1782954151.554984, 1782954151.593514,1.0995615595691384,apf_colreg,overtaking,-1.0,1.1816860191030119,0.0,15.515914068695805,0.17439757868563444,9.970344657119076,1.0291770370168074,0.8814287519125222,mr_webots_overtaking_large_ship_0_4_m_s.wbt,ekf_on_cluster_off,1,0,5.0
1782954151.7513905,71.24036908149719,-180.83771891615496,200.0,0.2,6.018538027012481,8.618084828841061,1.8229230079769352,-0.00894361751771666,6.179521122273086,1782954151.719897,None,None,None, None, 1782954151.7016633,1.085431828439241,apf_colreg,overtaking,-1.0,1.1816860191030119,0.0,15.464831241617286,0.48545029198836964,9.970344657119076,1.0291770370168074,0.8814287519125222,mr_webots_overtaking_large_ship_0_4_m_s.wbt,ekf_on_cluster_off,1,0,5.0
1782954151.85114,71.3401186466217,-167.75222255196948,200.0,0.2,6.012086931027701,8.673177126675341,1.8076099307513083,-0.0003164156089838033,6.179491823209927,1782954151.8124938,None,None,None, None, 1782954151.8095064,0.9127988119402617,apf_colreg,overtaking,-1.0,0.7030367480805616,3.7389601676920123,15.373937054125031,0.7540395140378848,9.524413003501323,1.1063360594700853,0.8495449808747688,mr_webots_overtaking_large_ship_0_4_m_s.wbt,ekf_on_cluster_off,1,0,5.0
1782954151.9517844,71.44076299667358,-153.511864647675,200.0,0.2,6.008031515247532,8.73442245445047,1.7902765794195297,0.0033362361877751017,6.179808669497313,1782954151.907465,None,None,None, None, 1782954151.888427,0.908725331129878,apf_colreg,overtaking,-1.0,0.6572318950717754,2.7026273061964803,15.284836551713152,1.0166537221160423,9.576953270569541,1.0911470488495603,0.8457254446484629,mr_webots_overtaking_large_ship_0_4_m_s.wbt,ekf_on_cluster_off,1,0,5.0
1782954152.0529058,71.54188442230225,-139.68365346520912,200.0,0.2,6.006884112462182,8.79581851608096,1.772669814902021,0.02365227880386626,6.181973372846598,1782954151.998987,None,None,None, None, 1782954151.962465,0.9290551786135886,apf_colreg,overtaking,-1.0,0.6488557636819712,2.4372925360455597,15.199135916029416,1.248638456103519,9.619539755288772,1.0761598216681338,0.8176181808553956,mr_webots_overtaking_large_ship_0_4_m_s.wbt,ekf_on_cluster_off,1,0,5.0
1782954152.1538138,71.64279246330261,-125.03130540790366,200.0,0.2,6.006367093798513,8.856023465278103,1.755373191995397,0.022957603870472455,6.184140393870434,1782954152.0933793,None,None,None, None, 1782954152.1563208,0.9940136350691503,apf_colreg,overtaking,-1.0,0.65539415777309,2.44515135620286,15.122790771636874,1.4760634779492907,9.67623864951931,1.0583233780898125,0.8074198271519833,mr_webots_overtaking_large_ship_0_4_m_s.wbt,ekf_on_cluster_off,1,0,5.0
1782954152.251013,71.73999166488647,-108.6734267547922,200.0,0.2,6.00486735520471,8.914737809360204,1.7384629742356656,0.01477974058196948,6.185602890144348,1782954152.192332,None,None,None, None, 1782954152.2354913,0.9453360788232449,apf_colreg,overtaking,-1.0,0.6715635824614496,2.507515831039217,15.041511729059145,1.7112285948067054,9.717317856041275,1.0400814175119872,0.8025641579833009,mr_webots_overtaking_large_ship_0_4_m_s.wbt,ekf_on_cluster_off,1,0,5.0
1782954152.350873,71.83985161781311,-95.29936613175022,200.0,0.2,6.006691711188443,8.971788685046025,1.7218837792925008,0.05088285593599835,6.19300754387895,1782954152.3378556,None,None,None, None, 1782954152.305824,0.9672334025766656,apf_colreg,overtaking,-1.0,0.6899329084769421,2.589312076139949,14.963841212689204,1.8895711626128922,9.746448115508924,1.0218295726636333,0.7777606747341524,mr_webots_overtaking_large_ship_0_4_m_s.wbt,ekf_on_cluster_off,1,0,5.0
1782954152.452156,71.9411346912384,-81.6084558642567,200.0,0.2,6.008772720099554,9.027492591035934,1.705843082869115,0.04817615469753062,6.196001726425183,1782954152.4000063,None,None,None, None, 1782954152.4301171,0.9259409578723969,apf_colreg,overtaking,-1.0,0.7117583230862753,2.8564003659066644,14.90046501332998,2.0641021193455638,9.80311058167752,1.0071320705480535,0.7700146117651062,mr_webots_overtaking_large_ship_0_4_m_s.wbt,ekf_on_cluster_off,1,0,5.0
1782954152.5528781,72.04185676574707,-89.73103347399734,200.0,0.2,6.029199921319599,9.081911723488396,1.6902865705181283,0.21092843879397916,6.222921918615708,1782954152.5276334,None,None,None, None, 1782954152.5578766,0.9743590031390993,apf_colreg,overtaking,-1.0,0.7261229779092072,3.1664477271416267,14.873592553278346,1.953219731018458,9.838787569746845,0.9926067918503785,0.7579162685391169,mr_webots_overtaking_large_ship_0_4_m_s.wbt,ekf_on_cluster_off,1,0,5.0
1782954152.6526625,72.14164113998413,-198.04726628660154,200.0,0.2,6.059632871406023,8.734700113504553,1.798742683984579,0.0596817878467922,6.227355780457062,1782954152.6019251,8.729519548394686,1.8003214844655835,6.100048632064129, 1782954152.556876, 1782954152.6189294,0.9198641820073551,apf_colreg,overtaking,-1.0,1.0399361115676142,0.0,15.320576853966358,0.07315682966520587,9.896200997617617,1.0014024924371365,0.7469124937142674,mr_webots_overtaking_large_ship_0_4_m_s.wbt,ekf_on_cluster_off,1,0,5.0
1782954152.7543998,72.24337840080261,-198.53988553857218,200.0,0.2,6.069769578195046,8.77168435759796,1.7904852231796582,0.06480909383528966,6.231557899017542,1782954152.6667635,None,None,None, None, 1782954152.6832814,1.0628718579768783,apf_colreg,overtaking,-1.0,0.9255085029666272,3.732582700829891,15.301925872685208,0.06023885012477681,9.896200997617617,1.0014024924371365,0.7469124937142674,mr_webots_overtaking_large_ship_0_4_m_s.wbt,ekf_on_cluster_off,1,0,5.0
1782954152.8506873,72.33966588973999,-198.22400872188052,200.0,0.2,6.07727156877345,8.829421154631099,1.7782526503440037,0.028811106491198564,6.2364390012312505,1782954152.836181,None,None,None, None, 1782954152.836181,1.0183290339264925,apf_colreg,overtaking,-1.0,0.6320281946127457,2.909177492601009,15.228450106248173,0.0681452763850734,9.560305737424313,1.131296930284498,0.7374294797246113,mr_webots_overtaking_large_ship_0_4_m_s.wbt,ekf_on_cluster_off,1,0,5.0
1782954152.9516752,72.44065380096436,-196.95297055408022,200.0,0.2,6.083640086743252,8.895413926247533,1.764713852749603,0.028483194598106887,6.238630350522688,1782954152.9131157,None,None,None, None, 1782954152.8999722,0.9436078477145503,apf_colreg,overtaking,-1.0,0.5419659326146131,2.3732014021931693,15.147498588785098,0.10026572254552413,9.60273712128408,1.1298517885166257,0.7176713192163727,mr_webots_overtaking_large_ship_0_4_m_s.wbt,ekf_on_cluster_off,1,0,5.0
1782954153.0554786,72.54445719718933,-193.6733012118832,200.0,0.2,6.088917045085363,8.963093603141413,1.751232881940874,0.023968967983572793,6.240494617049246,1782954153.061478,None,None,None, None, 1782954153.061478,0.92893675534418,apf_colreg,overtaking,-1.0,0.5026654110045916,2.2824243809867193,15.09240932558472,0.18118684133400276,9.665199949276246,1.1174834714028503,0.7113153599385131,mr_webots_overtaking_large_ship_0_4_m_s.wbt,ekf_on_cluster_off,1,0,5.0
1782954153.1518395,72.64081811904907,-190.04415767062508,200.0,0.2,6.092884918787971,9.030725374994525,1.7380862957506622,0.017496467213758336,6.242943423485506,1782954153.1308541,None,None,None, None, 1782954153.1308541,1.0152891188562365,apf_colreg,overtaking,-1.0,0.46637453474446106,2.2661446149697726,15.024937874880397,0.2665376398049517,9.70911642470871,1.1156969617264614,0.6886774210026416,mr_webots_overtaking_large_ship_0_4_m_s.wbt,ekf_on_cluster_off,1,0,5.0
1782954153.2557483,72.74472689628601,-185.08398666461048,200.0,0.2,6.096194443794023,9.097997041866703,1.7252339289508782,0.017572377690989367,6.2443546713845794,1782954153.2111647,None,None,None, None, 1782954153.2101645,1.0591704966170097,apf_colreg,overtaking,-1.0,0.43814690226028313,2.411033975175588,14.980375072127003,0.3781162197795549,9.774700401396279,1.1062489154270387,0.6829235729803848,mr_webots_overtaking_large_ship_0_4_m_s.wbt,ekf_on_cluster_off,1,0,5.0
1782954153.3514926,72.8404712677002,-179.86104341325344,200.0,0.2,6.0992940487151905,9.164724137525027,1.712673397211617,0.02027756334059079,6.246152412502269,1782954153.2998214,None,None,None, None, 1782954153.2933092,0.9258202573544057,apf_colreg,overtaking,-1.0,0.40945840872857225,2.664197588898283,14.937559871133171,0.4895474309284076,9.837528418440307,1.0978896607301252,0.6770618497400959,mr_webots_overtaking_large_ship_0_4_m_s.wbt,ekf_on_cluster_off,1,0,5.0
1782954153.4513292,72.94030785560608,-175.58364020344482,200.0,0.2,6.102326000717125,9.23085761876625,1.7004088803314445,0.022770728318552032,6.248154120644456,1782954153.3877285,None,None,None, None, 1782954153.4498138,0.9284464945421889,apf_colreg,overtaking,-1.0,0.38685488204675417,2.9274978267378358,14.86789713647543,0.5753345523490685,9.880285993147405,1.0904373815090198,0.6545386228353928,mr_webots_overtaking_large_ship_0_4_m_s.wbt,ekf_on_cluster_off,1,0,5.0
1782954153.5513303,73.04030895233154,-169.48667438542614,200.0,0.2,6.104494156289748,9.2964899156785,1.6884241901203723,0.01724580204384073,6.2498900064331036,1782954153.488384,None,None,None, None, 1782954153.5242894,0.9285165995046745,apf_colreg,overtaking,-1.0,0.3559239425236402,3.4640459570584503,14.827571489465,0.6940068371287769,9.946734836903723,1.080797199491644,0.6513893037919729,mr_webots_overtaking_large_ship_0_4_m_s.wbt,ekf_on_cluster_off,1,0,5.0
1782954153.651115,73.14009356498718,-200.0,174.25964410138369,0.2,6.119893193293996,8.88113468956237,1.7736596656680388,0.02702767239222562,6.2542746159107425,1782954153.6506107,8.874792366719019,1.7749403993008381,6.144047507340411, 1782954153.567548, 1782954153.5913308,1.0684798104231465,apf_colreg,overtaking,-1.0,0.9279500096272515,0.0,15.134932079708525,-0.6128016356141099,9.946734836903723,1.080797199491644,0.6513893037919729,mr_webots_overtaking_large_ship_0_4_m_s.wbt,ekf_on_cluster_off,1,0,5.0
1782954153.7513762,73.24035477638245,-200.0,174.61430363185644,0.2,6.123946377631755,8.916938414551701,1.7678333428558712,0.020861382949313355,6.255645936066774,1782954153.7163455,None,None,None, None, 1782954153.728351,1.0138372143407195,apf_colreg,overtaking,-1.0,0.29673147255028764,4.563150711673514,15.07247403622807,-0.6030616588899109,9.544974062627656,1.176136983100935,0.6265141210906076,mr_webots_overtaking_large_ship_0_4_m_s.wbt,ekf_on_cluster_off,1,0,5.0
1782954153.8527179,73.3416965007782,-200.0,174.54448196452913,0.2,6.129238453243696,8.971854666584516,1.7591766243710527,0.02405808341394813,6.257457176542875,1782954153.8557174,None,None,None, None, 1782954153.8061438,1.0464679624232762,apf_colreg,overtaking,-1.0,0.35466151716436817,2.4609696445172826,15.01153564652403,-0.6020389285855545,9.590181772651333,1.1738747099975564,0.6188712018129144,mr_webots_overtaking_large_ship_0_4_m_s.wbt,ekf_on_cluster_off,1,0,5.0
1782954153.952343,73.44132161140442,-200.0,167.15936426811007,0.2,6.142421650826369,9.03499708632195,1.749605361012847,0.09303764447871439,6.263419561159645,1782954153.9583423,None,None,None, None, 1782954153.968861,1.0190987852881557,apf_colreg,overtaking,-1.0,0.336665470888944,2.105176337885064,14.923658806467166,-0.7432958897342061,9.687510261304963,1.177703716420479,0.6033040452583536,mr_webots_overtaking_large_ship_0_4_m_s.wbt,ekf_on_cluster_off,1,0,5.0
1782954154.0790906,73.56806921958923,-200.0,167.8329664714828,0.2,6.148410363459241,9.099651550094862,1.7408988497404962,-0.002388461455353053,6.262911151289325,1782954154.0685782,None,None,None, None, 1782954153.968861,1.0190987852881557,apf_colreg,overtaking,-1.0,0.337449963315085,2.0687817042464762,14.893476581984196,-0.7289294906942576,9.687510261304963,1.177703716420479,0.6033040452583536,mr_webots_overtaking_large_ship_0_4_m_s.wbt,ekf_on_cluster_off,1,0,5.0
1782954154.1524754,73.64145398139954,-200.0,177.0397105080362,0.2,6.14307405138889,9.164674297332521,1.7324014016419245,-0.08643461331202897,6.257021391115135,1782954154.1367195,None,None,None, None, 1782954154.0901046,0.9568519812467534,apf_colreg,overtaking,-1.0,0.3457864184476097,2.0522287698001507,14.86740677523582,-0.5456797719867623,9.687510261304963,1.177703716420479,0.6033040452583536,mr_webots_overtaking_large_ship_0_4_m_s.wbt,ekf_on_cluster_off,1,0,5.0
1782954154.2510784,73.74005699157715,-200.0,181.9192523790402,0.2,6.14117393685241,9.230598134655823,1.7231038093809103,-0.0172000463376108,6.25546764728619,1782954154.2270532,None,None,None, None, 1782954154.1990185,1.0373954720442207,apf_colreg,overtaking,-1.0,0.3122921199839615,2.1662154552641417,14.795907525994904,-0.44160195276283076,9.802369934277833,1.175309576891915,0.5847470079950239,mr_webots_overtaking_large_ship_0_4_m_s.wbt,ekf_on_cluster_off,1,0,5.0
1782954154.353569,73.84254765510559,-200.0,188.36767979331944,0.2,6.1386206281760485,9.297182377358224,1.7135840076171134,-0.02258583363358722,6.253385582520635,1782954154.3192377,None,None,None, None, 1782954154.3357456,1.0427639777291928,apf_colreg,overtaking,-1.0,0.2883422157083584,2.4211836395258057,14.748340440280144,-0.299628548978883,9.864611429985022,1.166800754782872,0.5806697584280562,mr_webots_overtaking_large_ship_0_4_m_s.wbt,ekf_on_cluster_off,1,0,5.0
1782954154.4508188,73.93979740142822,-200.0,199.29202250381252,0.2,6.129093276540562,9.364527521545487,1.703749072107172,-0.08073066225723814,6.248067060879161,1782954154.3851175,None,None,None, None, 1782954154.4041457,1.0333796464490705,apf_colreg,overtaking,-1.0,0.29704411274440135,2.381870714195218,14.710838368728087,-0.038932911774273826,9.864611429985022,1.166800754782872,0.5806697584280562,mr_webots_overtaking_large_ship_0_4_m_s.wbt,ekf_on_cluster_off,1,0,5.0
1782954154.5511496,74.04012823104858,-196.30752717948909,200.0,0.2,6.123942843339969,9.433043433624198,1.69286260169911,-0.01883692976015133,6.246584058833284,1782954154.5561588,None,None,None, None, 1782954154.554156,1.043691307935597,apf_colreg,overtaking,-1.0,0.26122922995392195,2.88359201423837,14.601394398818424,0.11236712504128121,9.970109340365466,1.1515036230744689,0.5623559694578318,mr_webots_overtaking_large_ship_0_4_m_s.wbt,ekf_on_cluster_off,1,0,5.0
1782954154.650927,74.13990569114685,-200.0,176.65985540869318,0.2,6.127412166803372,9.044492502360875,1.7516243733272607,-0.021595406424082732,6.242954656209536,1782954154.6319096,9.038458431219484,1.7525479428879098,6.143361493023877, 1782954154.5818, 1782954154.6319096,0.9782645433696178,apf_colreg,overtaking,-1.0,0.7999181101072318,0.0,14.906919444703517,-0.5549151818260896,10.03621853213082,1.1439660149960271,0.55887015661465,mr_webots_overtaking_large_ship_0_4_m_s.wbt,ekf_on_cluster_off,1,0,5.0
1782954154.7516565,74.24063515663147,-200.0,182.87418377186876,0.2,6.123266033835938,9.085915496356993,1.7450599842740946,-0.028835354494695976,6.240309571995226,1782954154.7236402,None,None,None, None, 1782954154.7266426,0.9491852707181643,apf_colreg,overtaking,-1.0,0.13111932265544882,4.87320946329673,14.839871708184845,-0.4224968401246354,9.621005265338622,1.2123352110376533,0.5509415541330952,mr_webots_overtaking_large_ship_0_4_m_s.wbt,ekf_on_cluster_off,1,0,5.0
1782954154.851779,74.3407576084137,-200.0,185.7014460519491,0.2,6.119799953418527,9.144505325660663,1.7355356569288674,-0.022264471708743502,6.23831498128995,1782954154.8132265,None,None,None, None, 1782954154.8457482,0.9845800076814847,apf_colreg,overtaking,-1.0,0.28474481943407715,2.5422535663101042,14.708288720975004,-0.3578014395537217,9.699667447303947,1.2029670239745611,0.5437314054875121,mr_webots_overtaking_large_ship_0_4_m_s.wbt,ekf_on_cluster_off,1,0,5.0
1782954154.9522688,74.44124746322632,-200.0,191.16665358696403,0.2,6.116455730552561,9.209712236893306,1.7247197682568824,-0.022736748111068544,6.236339732586002,1782954154.9001012,None,None,None, None, 1782954154.9141326,0.9413189395897799,apf_colreg,overtaking,-1.0,0.3157292711196272,2.092324157219015,14.627944276435208,-0.23389594308543415,9.733229508687597,1.2003822364618206,0.5408215898570252,mr_webots_overtaking_large_ship_0_4_m_s.wbt,ekf_on_cluster_off,1,0,5.0
1782954155.0511997,74.5401782989502,-198.32951481820626,200.0,0.2,6.104765049900995,9.276916786499857,1.7133342398635918,-0.09771982269265739,6.22690844952575,1782954154.9966147,None,None,None, None, 1782954155.0216672,1.0349507495355215,apf_colreg,overtaking,-1.0,0.3257231747146024,2.0167827346372027,14.566876246043476,0.06256975134952203,9.733229508687597,1.2003822364618206,0.5408215898570252,mr_webots_overtaking_large_ship_0_4_m_s.wbt,ekf_on_cluster_off,1,0,5.0
1782954155.20512,74.6940987110138,-190.28958902024243,200.0,0.2,6.0986813999658605,9.345041590733853,1.7007242895646355,-0.017926825563219458,6.224597753453787,1782954155.1255107,None,None,None, None, 1782954155.1395187,1.0997587762108958,apf_colreg,overtaking,-1.0,0.33725789549626345,1.9500929809664753,14.442668394209402,0.2507072665423973,9.8133836841975,1.1815330093305092,0.5326272806262434,mr_webots_overtaking_large_ship_0_4_m_s.wbt,ekf_on_cluster_off,1,0,5.0
1782954155.265153,74.75413155555725,-176.72968303542868,200.0,0.2,6.091351604996242,9.412398699179802,1.6879045305656826,-0.03737490345448845,6.220575894034474,1782954155.2331192,None,None,None, None, 1782954155.2441258,1.0810057432893905,apf_colreg,overtaking,-1.0,0.33688706433389454,1.9689247647579464,14.400023122978673,0.5346650528062167,9.8133836841975,1.1815330093305092,0.5326272806262434,mr_webots_overtaking_large_ship_0_4_m_s.wbt,ekf_on_cluster_off,1,0,5.0
1782954155.351813,74.84079170227051,-168.47569069381254,200.0,0.2,6.086344965818534,9.478146912639021,1.6748390736618877,-0.010929821625706836,6.21971633655306,1782954155.3117626,None,None,None, None, 1782954155.338771,1.069556362304196,apf_colreg,overtaking,-1.0,0.34881838428276096,2.1537304165940268,14.208427731270968,0.683638439616451,9.913578802544457,1.157273234036552,0.5215372930127045,mr_webots_overtaking_large_ship_0_4_m_s.wbt,ekf_on_cluster_off,1,0,5.0
1782954155.4507656,74.93974423408508,-155.697192276798,200.0,0.2,6.082023655778481,9.542778716395464,1.6616830247468855,-0.007732352570299693,6.2189786951929,1782954155.4071593,None,None,None, None, 1782954155.4191396,0.9675136092345935,apf_colreg,overtaking,-1.0,0.3569130458003653,2.556675643075658,14.125525437769385,0.9030742835367827,9.974210793943241,1.1425933900548215,0.5191183454996372,mr_webots_overtaking_large_ship_0_4_m_s.wbt,ekf_on_cluster_off,1,0,5.0
1782954155.5555382,75.0445168018341,-142.70965754428283,200.0,0.2,6.078142398287103,9.60594663507263,1.6485314813903695,-0.0028667945936181063,6.218772998793076,1782954155.5585382,None,None,None, None, 1782954155.5134776,1.0592306953367452,apf_colreg,overtaking,-1.0,0.36252676973745684,3.1458294754002054,14.022467484699755,1.1053298370622713,10.022830982271566,1.1311050995695655,0.5152250038233119,mr_webots_overtaking_large_ship_0_4_m_s.wbt,ekf_on_cluster_off,1,0,5.0
1782954155.651313,75.14029169082642,-197.4228108865216,200.0,0.2,6.09211651449046,9.207940136907725,1.7271466456857623,0.021093733875508305,6.222356702223939,1782954155.648805,9.201869210781572,1.7283580562918068,6.121717561416526, 1782954155.590089, 1782954155.6107647,0.9076392729245597,apf_colreg,overtaking,-1.0,0.6966574421549194,0.0,14.526048088881574,0.08469401494544293,10.022830982271566,1.1311050995695655,0.5152250038233119,mr_webots_overtaking_large_ship_0_4_m_s.wbt,ekf_on_cluster_off,1,0,5.0
1782954155.7534652,75.24244379997253,-195.7594284860868,200.0,0.2,6.091971333479262,9.245501693070295,1.7198215813200033,0.016596298454057072,6.223445532796805,1782954155.7144117,None,None,None, None, 1782954155.693888,0.9004818827703877,apf_colreg,overtaking,-1.0,0.3702701731832626,3.5026713388467954,14.353540149533783,0.12348627022084191,9.645210069259715,1.2091339321842238,0.5096276345471139,mr_webots_overtaking_large_ship_0_4_m_s.wbt,ekf_on_cluster_off,1,0,5.0
1782954155.8512082,75.34018683433533,-199.51904985000226,200.0,0.2,6.093515471529415,9.30333028319206,1.7086082149805435,0.018401827437987416,6.224809235765656,1782954155.7885187,None,None,None, None, 1782954155.8500836,0.9101743372283728,apf_colreg,overtaking,-1.0,0.4087046728359539,1.573979528158208,14.03294945788484,0.03163991857402504,9.669486637390397,1.2032089319586798,0.5044342225003979,mr_webots_overtaking_large_ship_0_4_m_s.wbt,ekf_on_cluster_off,1,0,5.0
1782954155.951359,75.44033765792847,-200.0,200.0,0.2,6.095895038467171,9.3696076553831,1.6959227244051007,0.01746432062006854,6.227241776011936,1782954155.927805,None,None,None, None, 1782954155.9117813,1.0748289574692635,apf_colreg,overtaking,-1.0,0.4153509464086203,1.2791213867456652,13.80001543418856,-0.019237109465404245,9.733096003014209,1.1922667160251839,0.5019894602741025,mr_webots_overtaking_large_ship_0_4_m_s.wbt,ekf_on_cluster_off,1,0,5.0
1782954156.0512414,75.54022002220154,-198.2310498842311,200.0,0.2,6.099543403712533,9.437773227587286,1.6830754766254898,0.02501586460664884,6.2288329774409235,1782954156.054247,None,None,None, None, 1782954155.9914126,0.9273062192874,apf_colreg,overtaking,-1.0,0.41448871618352007,1.2508036160148066,13.734010749107759,0.06129341767910024,9.733096003014209,1.1922667160251839,0.5019894602741025,mr_webots_overtaking_large_ship_0_4_m_s.wbt,ekf_on_cluster_off,1,0,5.0
1782954156.1505542,75.63953280448914,-198.38692238864948,200.0,0.2,6.102262428636111,9.506073084608108,1.6704941455506805,0.012660803021011793,6.230426465802944,1782954156.1172726,None,None,None, None, 1782954156.1470406,0.9079412335370731,apf_colreg,overtaking,-1.0,0.41858509495901497,1.198772644550618,13.45478044419233,0.056477306248994275,9.814798546510831,1.1785099618930843,0.4963058814440388,mr_webots_overtaking_large_ship_0_4_m_s.wbt,ekf_on_cluster_off,1,0,5.0
1782954156.2506497,75.73962831497192,-194.2244608350031,200.0,0.2,6.104404349160496,9.57443204226998,1.6580768946351903,0.009433528726947235,6.231368544769248,1782954156.2171376,None,None,None, None, 1782954156.2241395,0.9005067948346291,apf_colreg,overtaking,-1.0,0.42010356213756944,1.2793469294770798,13.348574831801566,0.14835882276474965,9.89102880386584,1.166198033990326,0.49424766436723466,mr_webots_overtaking_large_ship_0_4_m_s.wbt,ekf_on_cluster_off,1,0,5.0
1782954156.3538861,75.8428647518158,-188.7864058967984,200.0,0.2,6.1065270936985465,9.642365431476545,1.6458572208102353,0.012578140894240884,6.232326327465754,1782954156.2932842,None,None,None, None, 1782954156.3047976,1.0274721090561172,apf_colreg,overtaking,-1.0,0.420064867667724,1.446823558860311,13.282896350398552,0.2613632012935323,9.959754934206188,1.1555753858883429,0.4922076844332658,mr_webots_overtaking_large_ship_0_4_m_s.wbt,ekf_on_cluster_off,1,0,5.0
1782954156.4511163,75.94009494781494,-187.5304543806345,200.0,0.2,6.108535718364622,9.709679228372249,1.6338745150454344,0.013979678579395338,6.234203121606242,1782954156.4275358,None,None,None, None, 1782954156.445056,0.9061919673886629,apf_colreg,overtaking,-1.0,0.4208486403196471,1.5972873195386148,13.004896988773007,0.2807317891184491,10.005555191423774,1.1483334339463873,0.48675315128974145,mr_webots_overtaking_large_ship_0_4_m_s.wbt,ekf_on_cluster_off,1,0,5.0
1782954156.5512235,76.0402021408081,-182.5783199253483,200.0,0.2,6.110567887739151,9.77678947623204,1.6220559377045873,0.015401094197137932,6.235512046292782,1782954156.5125248,None,None,None, None, 1782954156.5339127,1.0897921675113904,apf_colreg,overtaking,-1.0,0.4208128112916719,1.9144086457260991,12.897484705553826,0.37271026881917013,10.071101517038043,1.1378709611909414,0.48476847769410264,mr_webots_overtaking_large_ship_0_4_m_s.wbt,ekf_on_cluster_off,1,0,5.0
1782954156.651419,76.14039754867554,-200.0,165.15323312323667,0.2,6.128542417992391,9.360448478419658,1.7036671251759135,0.07689086990117472,6.245845217543659,1782954156.6469123,9.35407048209968,1.7048981878298741,6.146139342951603, 1782954156.599827, 1782954156.604835,0.9276502835820093,apf_colreg,overtaking,-1.0,0.5829395597630811,0.0,13.43859808035968,-0.7035810032043797,10.122394484394494,1.129259759645647,0.48165374320777765,mr_webots_overtaking_large_ship_0_4_m_s.wbt,ekf_on_cluster_off,1,0,5.0
1782954156.7523026,76.24128127098083,-200.0,164.00485451253786,0.2,6.13538294613334,9.396588487218764,1.6982020578886847,0.020640271419392626,6.247479199334766,1782954156.726077,None,None,None, None, 1782954156.780841,1.0384462135898571,apf_colreg,overtaking,-1.0,0.4204264311241856,3.650566949043103,13.262975921771421,-0.7135318524784067,9.674079984700942,1.224844363377234,0.4774648269861176,mr_webots_overtaking_large_ship_0_4_m_s.wbt,ekf_on_cluster_off,1,0,5.0
1782954156.851431,76.34040951728821,-200.0,158.31602009922003,0.2,6.141004361842012,9.450710541409043,1.6904010037849106,0.010053777931360508,6.2482963583501885,1782954156.8073559,None,None,None, None, 1782954156.8554368,0.9371426973266698,apf_colreg,overtaking,-1.0,0.4202793199451771,1.960810714595697,13.088597774435428,-0.7957063475748773,9.674079984700942,1.224844363377234,0.4774648269861176,mr_webots_overtaking_large_ship_0_4_m_s.wbt,ekf_on_cluster_off,1,0,5.0
1782954156.9514186,76.44039726257324,-200.0,146.8132948670874,0.2,6.144145183548492,9.512088552433289,1.6818948007786965,-0.009809786238856233,6.246932541389847,1782954156.946382,None,None,None, None, 1782954156.9202855,1.0271327022003074,apf_colreg,overtaking,-1.0,0.4112343084445744,1.3944833859217713,12.777826712538506,-0.9485270056974748,9.76176790728222,1.216121935904356,0.475674424134732,mr_webots_overtaking_large_ship_0_4_m_s.wbt,ekf_on_cluster_off,1,0,5.0
1782954157.0514317,76.54041028022766,-200.0,142.9514196837701,0.2,6.14648420856842,9.574391589148458,1.6734278271842804,-0.01142257052044185,6.2461329186423065,1782954157.0163858,None,None,None, None, 1782954157.0014863,0.9812769355840698,apf_colreg,overtaking,-1.0,0.4038496086614775,1.233703816872798,12.495637813562631,-0.9816285019356084,9.812703343141925,1.2123830895261856,0.4715273431104368,mr_webots_overtaking_large_ship_0_4_m_s.wbt,ekf_on_cluster_off,1,0,5.0
1782954157.1513996,76.64037823677063,-200.0,147.41400510144405,0.2,6.147216566435762,9.6365632231375,1.6651138459832815,-0.02341717132704434,6.243709439408615,1782954157.1198773,None,None,None, None, 1782954157.1083643,0.9910429553068775,apf_colreg,overtaking,-1.0,0.3980572246803742,1.2244928072633785,12.399236967715362,-0.9119831558773948,9.874274110197371,1.206133734272172,0.4701016446415235,mr_webots_overtaking_large_ship_0_4_m_s.wbt,ekf_on_cluster_off,1,0,5.0
1782954157.2526772,76.7416558265686,-200.0,166.64391122331503,0.2,6.132635693629382,9.699108230903262,1.656749150383252,-0.1534134571512044,6.230955465161406,1782954157.203012,None,None,None, None, 1782954157.21014,0.9279619989716824,apf_colreg,overtaking,-1.0,0.40420332548651045,1.1961845567622813,12.32106487520008,-0.6217792891925873,9.874274110197371,1.206133734272172,0.4701016446415235,mr_webots_overtaking_large_ship_0_4_m_s.wbt,ekf_on_cluster_off,1,0,5.0
1782954157.3510063,76.83998489379883,-200.0,167.28342944843385,0.2,6.125444470632735,9.763366761916432,1.6467829509768883,-0.03808511606955049,6.228026783093656,1782954157.3595264,None,None,None, None, 1782954157.3615222,1.00639471798039,apf_colreg,overtaking,-1.0,0.3962809188945907,1.2128081947110627,11.819728495350716,-0.5868232214516436,9.976571863443684,1.1920287973808068,0.4654197432861888,mr_webots_overtaking_large_ship_0_4_m_s.wbt,ekf_on_cluster_off,1,0,5.0
1782954157.4512815,76.94026017189026,-200.0,177.6402183561724,0.2,6.1196478851040395,9.828012678680883,1.6363643570381825,-0.03549416242786385,6.2222332591820875,1782954157.443135,None,None,None, None, 1782954157.452289,1.0877781147307333,apf_colreg,overtaking,-1.0,0.3901014502337606,1.3704859503888747,11.650849773773174,-0.4179648399424476,10.036759368101995,1.1817432845103053,0.46417928831330335,mr_webots_overtaking_large_ship_0_4_m_s.wbt,ekf_on_cluster_off,1,0,5.0
1782954157.5511644,77.04014301300049,-200.0,182.82398677791323,0.2,6.114192789440884,9.893722568042195,1.6254099775941633,-0.03549416242786385,6.2151344266965145,1782954157.5551748,None,None,None, None, 1782954157.5701942,0.9110560980796875,apf_colreg,overtaking,-1.0,0.3800680713389484,1.5700476611413992,11.322815274598181,-0.3231870850130756,10.095102974320337,1.1746160621070292,0.46073648332902745,mr_webots_overtaking_large_ship_0_4_m_s.wbt,ekf_on_cluster_off,1,0,5.0
1782954157.6528397,77.1418182849884,-200.0,175.8804254304795,0.2,6.113669035104109,9.52217117303758,1.6813806972272236,-0.02796293977098284,6.209710542917866,1782954157.637102,9.51638734247797,1.6822709708496943,6.121489015430267, 1782954157.602224, 1782954157.6558402,1.0193492796836312,apf_colreg,overtaking,-1.0,0.5164639625783719,0.0,12.364381683976942,-0.47345697109753093,10.1581383103266,1.164236092389738,0.4593012446893442,mr_webots_overtaking_large_ship_0_4_m_s.wbt,ekf_on_cluster_off,1,0,5.0
1782954157.7521667,77.24114537239075,-200.0,189.59609813167458,0.2,6.104044925622219,9.563691660454767,1.6742296366619627,-0.09297448777836931,6.200937681400053,1782954157.7314596,None,None,None, None, 1782954157.754165,1.0468144897202796,apf_colreg,overtaking,-1.0,0.24047532322988374,7.125152023507595,12.261867111916894,-0.22601762242004053,10.1581383103266,1.164236092389738,0.4593012446893442,mr_webots_overtaking_large_ship_0_4_m_s.wbt,ekf_on_cluster_off,1,0,5.0
1782954157.8597944,77.34877300262451,-200.0,174.24435372350968,0.2,6.095439448319007,9.62285267713365,1.6632782802147874,-0.04699239426656379,6.196905725941056,1782954157.8172598,None,None,None, None, 1782954157.8467767,0.9094498692464006,apf_colreg,overtaking,-1.0,0.37846477736931183,1.3736325257765523,11.22340008739739,-0.45465791376513653,9.79794070594126,1.2185765764242584,0.45372738615404173,mr_webots_overtaking_large_ship_0_4_m_s.wbt,ekf_on_cluster_off,1,0,5.0
1782954157.9564462,77.44542479515076,-200.0,173.8815938371475,0.2,6.090386289451257,9.686781693498276,1.6509356427224038,-0.0213182522281295,6.195230788807027,1782954157.9879682,None,None,None, None, 1782954157.9534464,1.0633767628452144,apf_colreg,overtaking,-1.0,0.3876533094152969,1.0635697949386276,10.830464109202971,-0.4440248532615181,9.896420280996276,1.198664788436219,0.4523036346030683,mr_webots_overtaking_large_ship_0_4_m_s.wbt,ekf_on_cluster_off,1,0,5.0
1782954158.065315,77.55429363250732,-200.0,185.68749547017111,0.2,6.086480795630213,9.751700388107734,1.638165568950157,-0.023847216472267802,6.193033501565393,1782954158.0783105,None,None,None, None, 1782954158.032206,1.0038879726539718,apf_colreg,overtaking,-1.0,0.3876453546139904,1.0446354387684322,10.722135035047991,-0.2610543106535044,9.896420280996276,1.198664788436219,0.4523036346030683,mr_webots_overtaking_large_ship_0_4_m_s.wbt,ekf_on_cluster_off,1,0,5.0
1782954158.1514513,77.6404299736023,-200.0,198.386918734916,0.2,6.079236835514873,9.817966945347248,1.6248800478682597,-0.055856237294010035,6.1879873215545595,1782954158.1564574,None,None,None, None, 1782954158.113372,1.0606378769496545,apf_colreg,overtaking,-1.0,0.3888568377182131,1.0152994987596755,10.572445774296655,-0.04437858691561836,9.896420280996276,1.198664788436219,0.4523036346030683,mr_webots_overtaking_large_ship_0_4_m_s.wbt,ekf_on_cluster_off,1,0,5.0
1782954158.252595,77.74157357215881,-198.40998526071868,200.0,0.2,6.070319578323865,9.885693276063888,1.6106737229055543,-0.05742545770895565,6.178756307487906,1782954158.2390583,None,None,None, None, 1782954158.2280586,0.9025420129250328,apf_colreg,overtaking,-1.0,0.39105560633896674,0.9382606950813659,9.80394839881834,0.040767390005951754,10.011576117791638,1.1770053464823627,0.44618206869012533,mr_webots_overtaking_large_ship_0_4_m_s.wbt,ekf_on_cluster_off,1,0,5.0
1782954158.3512924,77.84027099609375,-180.77373744829444,200.0,0.2,6.0649090991805465,9.953509827137244,1.5957394082476437,-0.017899927104555156,6.1771324314734715,1782954158.329778,None,None,None, None, 1782954158.3177779,0.9538758583959097,apf_colreg,overtaking,-1.0,0.39034475990153944,0.9373816507891002,9.726292161040242,0.3061983330840885,10.011576117791638,1.1770053464823627,0.44618206869012533,mr_webots_overtaking_large_ship_0_4_m_s.wbt,ekf_on_cluster_off,1,0,5.0
1782954158.4513767,77.94035530090332,-164.05551397878878,200.0,0.2,6.0597982542858695,10.019431734068874,1.5808709829495964,-0.01786713467232726,6.175709788376824,1782954158.4094014,None,None,None, None, 1782954158.4094014,0.9117724284779211,apf_colreg,overtaking,-1.0,0.38566461634438126,1.1238016217650033,9.294873651300792,0.49946306812696584,10.135966664430525,1.1526477749168043,0.4389839473249428,mr_webots_overtaking_large_ship_0_4_m_s.wbt,ekf_on_cluster_off,1,0,5.0
1782954158.5539298,78.04290843009949,-132.86283694594215,200.0,0.2,6.054841563318857,10.083349858027653,1.5660810463098738,-0.013159660593695065,6.174742224964194,1782954158.4829264,None,None,None, None, 1782954158.4999435,0.9711212089559095,apf_colreg,overtaking,-1.0,0.38568787714880254,1.439964336496814,9.119076205674181,0.8159176752346404,10.194241828032244,1.1387130667291385,0.4368880077650285,mr_webots_overtaking_large_ship_0_4_m_s.wbt,ekf_on_cluster_off,1,0,5.0
1782954158.6507785,78.13975715637207,-188.6279996456557,200.0,0.2,6.064060673222963,9.686885558980311,1.652437217007977,0.023411288461047303,6.176861875853679,1782954158.6812909,9.680848020295068,1.6537682910276414,6.08517626873682, 1782954158.604211, 1782954158.5914712,0.9809106400445826,apf_colreg,overtaking,-1.0,0.4575846200419573,0.0,10.510391494256787,0.20935523609225637,10.249258596121674,1.1289120599691767,0.4308732153229734,mr_webots_overtaking_large_ship_0_4_m_s.wbt,ekf_on_cluster_off,1,0,5.0
1782954158.7510755,78.2400541305542,-178.50859127109808,200.0,0.2,6.062954848587049,9.722764236172843,1.6443652167419227,0.013713969639568153,6.179269990779893,1782954158.7490618,None,None,None, None, 1782954158.6892946,0.9939563076136766,apf_colreg,overtaking,-1.0,0.4464659899366405,10.14310603586663,10.393647361632455,0.3603305957744123,10.249258596121674,1.1289120599691767,0.4308732153229734,mr_webots_overtaking_large_ship_0_4_m_s.wbt,ekf_on_cluster_off,1,0,5.0
1782954158.8517144,78.34069299697876,-200.0,-70.49964094151078,0.2,6.067023764025203,9.777655528430646,1.6319936121786824,0.054533400618819165,6.183311826846991,1782954158.8231785,None,None,None, None, 1782954158.8537128,1.0567186118219447,apf_colreg,overtaking,-1.0,0.3774982555094557,1.1524410047941422,6.306518530018513,-1.4399106977825857,9.873595542383,1.215378967729471,0.42433843068477634,mr_webots_overtaking_large_ship_0_4_m_s.wbt,ekf_on_cluster_off,1,0,5.0
1782954158.9517431,78.4407217502594,-200.0,-184.3867681851544,0.2,6.075430789059334,9.826362982728227,1.6216880680209895,0.011666171913410297,6.184402223341069,1782954158.916645,None,None,None, None, 1782954158.9396682,1.0597769762521794,apf_colreg,overtaking,-1.0,0.37463848485770807,0.9883503218220187,4.855714306472301,-1.4157129866125082,9.929261311822621,1.2061941705409076,0.4194307802050121,mr_webots_overtaking_large_ship_0_4_m_s.wbt,ekf_on_cluster_off,1,0,5.0
1782954159.05367,78.54264855384827,-200.0,-194.5696071166974,0.2,6.085775647639465,9.868285961975637,1.6133988053149497,-0.009194996127551787,6.183651129473468,1782954159.1000726,None,None,None, None, 1782954159.0163589,1.072285729867779,apf_colreg,overtaking,-1.0,0.37034178824572417,1.0462878343670392,4.018816840659728,-1.2054767546588367,9.97868297167518,1.1992787975274988,0.417737441983325,mr_webots_overtaking_large_ship_0_4_m_s.wbt,ekf_on_cluster_off,1,0,5.0
1782954159.1843567,78.673335313797,-200.0,-200.0,0.2,6.094767747544552,9.906830992407725,1.606269066945665,-0.03481887667927917,6.180108569703065,1782954159.2048752,None,None,None, None, 1782954159.2138758,0.9251761276669828,apf_colreg,overtaking,-1.0,0.37655014084302146,1.1101829100303056,2.9925627719302748,-1.081391065003987,9.97868297167518,1.1992787975274988,0.417737441983325,mr_webots_overtaking_large_ship_0_4_m_s.wbt,ekf_on_cluster_off,1,0,5.0
1782954159.2530322,78.74201083183289,-200.0,-200.0,0.2,6.099806667523713,9.943440005963376,1.599841633456771,-0.0692962077243858,6.172846146375085,1782954159.2048752,None,None,None, None, 1782954159.2138758,0.9251761276669828,apf_colreg,overtaking,-1.0,0.38027856199004134,0.9725965994430349,2.02302488309346,-0.7561193935566681,9.97868297167518,1.1992787975274988,0.417737441983325,mr_webots_overtaking_large_ship_0_4_m_s.wbt,ekf_on_cluster_off,1,0,5.0
1782954159.3508613,78.83983993530273,-200.0,-42.14547494614046,0.2,6.103450128322171,9.97902461029424,1.5937297926936242,-0.07025267017023921,6.167397386431185,1782954159.3568678,None,None,None, None, 1782954159.3089595,1.0196291006399592,apf_colreg,overtaking,-1.0,0.3707565571204594,1.0282343713310482,2.019384336123043,-0.4375817711216783,10.079562965490632,1.1914636470870328,0.4140680691997708,mr_webots_overtaking_large_ship_0_4_m_s.wbt,ekf_on_cluster_off,1,0,5.0
1782954159.452251,78.94122958183289,-200.0,122.46942820687583,0.2,6.105047417720937,10.020491880278026,1.5866288571322098,-0.0636298031175879,6.158599466711728,1782954159.420702,None,None,None, None, 1782954159.3929403,0.9441924003995477,apf_colreg,overtaking,-1.0,0.36643027261920413,0.907760488368931,1.3909313696767827,-0.13938030231373588,10.122460361871328,1.187607450915125,0.41349748952554866,mr_webots_overtaking_large_ship_0_4_m_s.wbt,ekf_on_cluster_off,1,0,5.0
1782954159.5515454,79.04052400588989,200.0,200.0,0.2,6.1022051615780395,10.073409403031436,1.5774064117926168,-0.06778073956853903,6.153377382883785,1782954159.4977458,None,None,None, None, 1782954159.5625517,0.9932596183730958,apf_colreg,overtaking,-1.0,0.3656322705772864,0.6450727856038234,0.25269790385938196,0.34607824848064084,10.166724090437077,1.184967430268675,0.41159282087839916,mr_webots_overtaking_large_ship_0_4_m_s.wbt,ekf_on_cluster_off,1,0,5.0
1782954159.6506605,79.13963913917542,-200.0,-200.0,0.2,6.067617032753285,9.804736005522445,1.6290966119538457,-0.05875090185982267,6.1488347153209535,1782954159.6561732,9.800625921584812,1.6298867573291314,6.027335822353266, 1782954159.619602, 1782954159.643146,0.9185262834801682,apf_colreg,overtaking,-1.0,0.4232657046522674,0.0,6.195893357160266,-1.970220883760219,10.219733788826344,1.1762541771495296,0.4105083189802818,mr_webots_overtaking_large_ship_0_4_m_s.wbt,ekf_on_cluster_off,1,0,5.0
1782954159.7513433,79.24032187461853,-161.91406854163466,200.0,0.2,6.06422590395157,9.818319527256293,1.6261437587337042,-0.05511640032019076,6.140858042201132,1782954159.7197907,None,None,None, None, 1782954159.7197907,1.0458896622488036,apf_colreg,overtaking,-1.0,0.20154956432842824,8.608912161367977,8.080644575639301,0.4557413630098166,9.927635638374056,1.227157674132963,0.40815950305116444,mr_webots_overtaking_large_ship_0_4_m_s.wbt,ekf_on_cluster_off,1,0,5.0
1782954159.8507922,79.3397707939148,-200.0,-200.0,0.2,6.055625982513616,9.85629904792913,1.6175774770987639,-0.05694984820022709,6.135621914428671,1782954159.8117335,None,None,None, None, 1782954159.8127334,0.9717362921338817,apf_colreg,overtaking,-1.0,0.34114757461110135,1.1706446767853569,3.2600980808162507,-1.5419154055644784,9.941528051320144,1.2270815289526098,0.4061191062965517,mr_webots_overtaking_large_ship_0_4_m_s.wbt,ekf_on_cluster_off,1,0,5.0
1782954159.9507182,79.43969678878784,-200.0,-200.0,0.2,6.051855041761625,9.892417801742747,1.6093829465068001,-0.07465620312708707,6.128518199162535,1782954159.9068859,None,None,None, None, 1782954159.9183958,1.024915280082362,apf_colreg,overtaking,-1.0,0.3399716043225049,1.2352760613883353,2.1796071680384084,-1.463062290717832,9.941528051320144,1.2270815289526098,0.4061191062965517,mr_webots_overtaking_large_ship_0_4_m_s.wbt,ekf_on_cluster_off,1,0,5.0
1782954160.051162,79.5401406288147,-200.0,-200.0,0.2,6.012849110245441,9.92755726322142,1.6013892435228745,-0.4193632283717183,6.093882646922289,1782954159.9894767,None,None,None, None, 1782954160.0009859,1.0185616566305793,apf_colreg,overtaking,-1.0,0.3429633755963077,1.1226874794497512,1.3766476154279326,-0.9472235792118111,10.021627392794414,1.214181671400397,0.4018161209543882,mr_webots_overtaking_large_ship_0_4_m_s.wbt,ekf_on_cluster_off,1,0,5.0
1782954160.151354,79.64033269882202,-200.0,-200.0,0.2,5.9998388590877285,9.961683767674486,1.5917624556730203,-0.08015124614838888,6.0830338708900475,1782954160.1248305,None,None,None, None, 1782954160.1563597,0.9801291927008279,apf_colreg,overtaking,-1.0,0.33341952978253486,0.9962659307337743,0.008328897430279536,-0.708055802114564,10.044248863111639,1.2025571534285988,0.4009169549789386,mr_webots_overtaking_large_ship_0_4_m_s.wbt,ekf_on_cluster_off,1,0,5.0
1782954160.2506819,79.7396605014801,-200.0,-200.0,0.2,5.99305748979684,9.99545720637585,1.5820232744982237,-0.08065119944878438,6.076720997196621,1782954160.2031043,None,None,None, None, 1782954160.2196338,1.0484460635472213,apf_colreg,overtaking,-1.0,0.33695795465201717,0.9028066574542484,-1.3992339171297972,-0.36856647547838683,10.073744850992226,1.193071814054914,0.4000484288597148,mr_webots_overtaking_large_ship_0_4_m_s.wbt,ekf_on_cluster_off,1,0,5.0
1782954160.3520224,79.84100103378296,-200.0,-200.0,0.2,5.988570120491837,10.029043186874308,1.5722303236184652,-0.0892725545866867,6.067680475549691,1782954160.304373,None,None,None, None, 1782954160.304373,0.9847158818145726,apf_colreg,overtaking,-1.0,0.3369345644474849,0.9020165776189303,-2.371164021034921,-0.09719149287206452,10.111672199914453,1.1867497057307943,0.3978457459569826,mr_webots_overtaking_large_ship_0_4_m_s.wbt,ekf_on_cluster_off,1,0,5.0
1782954160.4508698,79.93984842300415,200.0,200.0,0.2,5.985177386769345,10.062516935654743,1.562368287274226,-0.09209363283731255,6.055488900065372,1782954160.4367554,None,None,None, None, 1782954160.4397564,0.9381752978990519,apf_colreg,overtaking,-1.0,0.3360675938652762,0.9738562738179648,-3.0381249204966965,0.2269943896253448,10.14601290501331,1.177853016064315,0.396963706264851,mr_webots_overtaking_large_ship_0_4_m_s.wbt,ekf_on_cluster_off,1,0,5.0
1782954160.5528305,80.04180908203125,200.0,200.0,0.2,5.975233073973713,10.09575059950457,1.5518792392236476,-0.028787963389000214,6.053569464110908,1782954160.5034304,None,None,None, None, 1782954160.5034304,0.9877800688780618,apf_colreg,overtaking,-1.0,0.3326685481016236,1.1434440130475392,-3.8393741636748624,0.4836414676809886,10.177836770053883,1.171719002448916,0.39276856876272287,mr_webots_overtaking_large_ship_0_4_m_s.wbt,ekf_on_cluster_off,1,0,5.0
1782954160.6512415,80.14022016525269,-200.0,-200.0,0.2,5.953868601168262,9.902293607146307,1.6029111123035507,0.04219617477841883,6.0573647117951035,1782954160.7472932,9.899302324775322,1.6037304128180638,5.92615480764179, 1782954160.621412, 1782954160.7462883,1.0136819278028713,apf_colreg,overtaking,-1.0,0.46661306648739087,0.0,2.0039112311933422,-2.3339213280001854,9.986009744074655,1.2155071447288874,0.3903942528895725,mr_webots_overtaking_large_ship_0_4_m_s.wbt,ekf_on_cluster_off,1,0,5.0
1782954160.8219194,80.31089806556702,-200.0,-200.0,0.2,5.959587733249816,9.916354984547038,1.598147832743802,0.030494626996692937,6.062058442807189,1782954160.8319192,None,None,None, None, 1782954160.8289204,1.0667152476269326,apf_colreg,overtaking,-1.0,0.3320918149774417,2.5709848475287234,0.6271807418369582,-1.2101791254098844,9.981418035560898,1.2155043441916604,0.38805668467435195,mr_webots_overtaking_large_ship_0_4_m_s.wbt,ekf_on_cluster_off,1,0,5.0
1782954160.9435039,80.43248248100281,13.72043572032076,200.0,0.2,5.964408198913288,9.936349197395124,1.591685230984646,-0.05993405453631531,6.052638689758042,1782954160.9044619,None,None,None, None, 1782954160.9054608,1.0110141841945928,apf_colreg,overtaking,-1.0,0.33280063507075763,1.5428442836881622,6.6424002082612805,1.3676797819551805,9.998683223986797,1.2166641112204641,0.3836922122371963,mr_webots_overtaking_large_ship_0_4_m_s.wbt,ekf_on_cluster_off,1,0,5.0
1782954160.9760764,80.46505498886108,120.65825389942952,200.0,0.2,5.955957173463579,9.967732848565426,1.5812504344336435,-0.05993405453631531,6.040651878850778,1782954160.9044619,None,None,None, None, 1782954160.9054608,1.0110141841945928,apf_colreg,overtaking,-1.0,0.3354782077467709,1.028767571378962,6.491404574237649,1.6346619198545822,9.998683223986797,1.2166641112204641,0.3836922122371963,mr_webots_overtaking_large_ship_0_4_m_s.wbt,ekf_on_cluster_off,1,0,5.0
1782954161.0513268,80.54030537605286,200.0,200.0,0.2,5.915243852222883,10.00323034118406,1.568783919600067,-0.284911192176626,5.999283924503454,1782954161.0496578,None,None,None, None, 1782954161.0431483,0.9138521576906202,apf_colreg,overtaking,-1.0,0.3419643681820611,0.852570374876856,6.0132528238409995,2.2285507315855977,10.046647427615119,1.2018246642338597,0.3825320604460488,mr_webots_overtaking_large_ship_0_4_m_s.wbt,ekf_on_cluster_off,1,0,5.0
1782954161.1516373,80.640615940094,200.0,200.0,0.2,5.898067985224585,10.036776808524166,1.5548616085529283,0.04845777007690919,6.003570462661582,1782954161.138117,None,None,None, None, 1782954161.123601,1.0934721321806848,apf_colreg,overtaking,-1.0,0.34154643852146793,0.8405546183007299,5.319335386928892,2.514976350464372,10.065068851946519,1.1897157408147738,0.37693785382582423,mr_webots_overtaking_large_ship_0_4_m_s.wbt,ekf_on_cluster_off,1,0,5.0
1782954161.2508874,80.73986601829529,200.0,200.0,0.2,5.886934167280894,10.069518390751693,1.5408248158064302,0.05622662119479834,6.007037908419359,1782954161.1997862,None,None,None, None, 1782954161.1997862,0.9459345121956099,apf_colreg,overtaking,-1.0,0.34228365660745325,0.8710916400537936,4.947610996433177,2.7953019449734198,10.0917141121141,1.1769539842332655,0.37422041633453784,mr_webots_overtaking_large_ship_0_4_m_s.wbt,ekf_on_cluster_off,1,0,5.0
1782954161.351133,80.84011173248291,200.0,200.0,0.2,5.880780032149974,10.10180057850473,1.5266834655349513,0.0738011309683954,6.012953571145245,1782954161.354145,None,None,None, None, 1782954161.3450394,1.0190032565125833,apf_colreg,overtaking,-1.0,0.34310989160320027,0.9122519296644911,4.5339597838234456,3.0552780707126823,10.117068654767635,1.164569552090653,0.37133034288659744,mr_webots_overtaking_large_ship_0_4_m_s.wbt,ekf_on_cluster_off,1,0,5.0
1782954161.4514894,80.94046807289124,200.0,200.0,0.2,5.8732365716422095,10.133842708676097,1.5125057787427187,0.042011109216264435,6.019584755434694,1782954161.4377866,None,None,None, None, 1782954161.4347804,1.0498268069180896,apf_colreg,overtaking,-1.0,0.34065963582532255,0.9369148976331316,3.601052250292479,3.2824876102027947,10.141579747029072,1.1559449570088993,0.3632842119781986,mr_webots_overtaking_large_ship_0_4_m_s.wbt,ekf_on_cluster_off,1,0,5.0
1782954161.55139,81.04036855697632,200.0,200.0,0.2,5.866232476723034,10.16567222409315,1.498134879094564,0.04631085807046597,6.023686127148467,1782954161.5263484,None,None,None, None, 1782954161.5253482,0.9685317729652956,apf_colreg,overtaking,-1.0,0.3418567312304167,1.0112711501660838,3.130401094082258,3.5882385024757806,10.166633536615487,1.143384114766595,0.3607529562913855,mr_webots_overtaking_large_ship_0_4_m_s.wbt,ekf_on_cluster_off,1,0,5.0
1782954161.6510534,81.14003205299377,200.0,200.0,0.2,5.905353308458792,9.984343062265769,1.5738217954757077,0.14071385014421584,6.0360947197567505,1782954161.6145315,9.981529916155043,1.5750137116370913,5.9731176933673105, 1782954161.634531, 1782954161.6215315,1.0685349207673083,apf_colreg,overtaking,-1.0,0.3635334341256155,0.0,3.816272975477369,2.032039522735708,10.166633536615487,1.143384114766595,0.3607529562913855,mr_webots_overtaking_large_ship_0_4_m_s.wbt,ekf_on_cluster_off,1,0,5.0
1782954161.75645,81.2454285621643,200.0,200.0,0.2,5.9354209912695675,9.998463906710015,1.5680554146929588,0.4463476217795429,6.067148855294369,1782954161.7614584,None,None,None, None, 1782954161.7153764,1.0303559168386491,apf_colreg,overtaking,-1.0,0.3411924807059332,2.0879574005658545,3.6298018325844272,1.7959252996016684,10.010927603913137,1.2159321378725585,0.3556994527438394,mr_webots_overtaking_large_ship_0_4_m_s.wbt,ekf_on_cluster_off,1,0,5.0
1782954161.865602,81.35458064079285,200.0,200.0,0.2,5.9478095247808245,10.018565653306217,1.5608706129686682,0.07863837012682859,6.073231769189187,1782954161.871117,None,None,None, None, 1782954161.8721206,0.9145485049870694,apf_colreg,overtaking,-1.0,0.3246965152519424,1.337233267093841,2.8219536937071106,1.8665698550030303,10.028452531293174,1.2157462749948624,0.3499602257928546,mr_webots_overtaking_large_ship_0_4_m_s.wbt,ekf_on_cluster_off,1,0,5.0
1782954162.007872,81.49685072898865,200.0,200.0,0.2,5.94890707621044,10.043138646933805,1.552230860306281,0.03423626395694334,6.080897018379304,1782954161.985351,None,None,None, None, 1782954161.993358,1.0517711426915768,apf_colreg,overtaking,-1.0,0.3188530754310602,1.1174376859623052,2.727498219179111,1.9277414742920866,10.057353307995632,1.2079832645818203,0.34915342876970057,mr_webots_overtaking_large_ship_0_4_m_s.wbt,ekf_on_cluster_off,1,0,5.0
1782954162.105206,81.5941846370697,200.0,200.0,0.2,5.946630634946611,10.070794978939018,1.5423655607759315,0.048296109476344204,6.08521106600007,1782954162.074676,None,None,None, None, 1782954161.993358,1.0517711426915768,apf_colreg,overtaking,-1.0,0.31967785174895125,0.9810896337256039,2.6352508346968193,2.0821302118230722,10.057353307995632,1.2079832645818203,0.34915342876970057,mr_webots_overtaking_large_ship_0_4_m_s.wbt,ekf_on_cluster_off,1,0,5.0
1782954162.1507647,81.63974332809448,200.0,200.0,0.2,5.942425855521361,10.100447881446028,1.5316302344462274,0.048296109476344204,6.094870287895338,1782954162.1547737,None,None,None, None, 1782954162.1432564,0.982813170480074,apf_colreg,overtaking,-1.0,0.3199910092787316,0.8447409728644927,1.8165912503740809,2.3855994331602135,10.11933281985896,1.185273690441037,0.34474373425006427,mr_webots_overtaking_large_ship_0_4_m_s.wbt,ekf_on_cluster_off,1,0,5.0
1782954162.2551212,81.74409985542297,200.0,200.0,0.2,5.943384635880719,10.13130781723138,1.520265437144268,0.10301628679761615,6.103121652988285,1782954162.2656271,None,None,None, None, 1782954162.241095,1.01450286941693,apf_colreg,overtaking,-1.0,0.3166003270697634,0.9276800478418846,1.7659528663269057,2.519353009723045,10.11933281985896,1.185273690441037,0.34474373425006427,mr_webots_overtaking_large_ship_0_4_m_s.wbt,ekf_on_cluster_off,1,0,5.0
1782954162.3542278,81.84320640563965,200.0,200.0,0.2,5.944248817237514,10.16295546881507,1.5086997206058614,0.0892729342312158,6.113017864276166,1782954162.36274,None,None,None, None, 1782954162.328184,1.0133301482452954,apf_colreg,overtaking,-1.0,0.31662131087016404,0.9033694614276307,1.7137513022213422,2.6542604269517263,10.11933281985896,1.185273690441037,0.34474373425006427,mr_webots_overtaking_large_ship_0_4_m_s.wbt,ekf_on_cluster_off,1,0,5.0
1782954162.4809403,81.96991896629333,200.0,200.0,0.2,5.9447710227694905,10.195061060842821,1.4970073929402463,0.08372960658584443,6.12874205899022,1782954162.4534245,None,None,None, None, 1782954162.442038,0.9060245018017947,apf_colreg,overtaking,-1.0,0.30696170215974306,1.0769970212792737,0.2905473730243593,2.8614487148087466,10.172452302290313,1.1714329898949116,0.33497003754185906,mr_webots_overtaking_large_ship_0_4_m_s.wbt,ekf_on_cluster_off,1,0,5.0
1782954162.5565271,82.04550576210022,200.0,200.0,0.2,5.9452513799294975,10.227428850204042,1.48523548520574,0.08372960658584443,6.145487980307388,1782954162.560527,None,None,None, None, 1782954162.442038,0.9060245018017947,apf_colreg,overtaking,-1.0,0.2962120054026519,1.5449822915762916,-1.1925307116851362,3.27313413890019,10.224276289085921,1.1562870815641197,0.32674684031110446,mr_webots_overtaking_large_ship_0_4_m_s.wbt,ekf_on_cluster_off,1,0,5.0
1782954162.6522741,82.14125275611877,200.0,200.0,0.2,5.991910768389938,10.045985047269404,1.5542070674901414,0.07964844627643007,6.154018538579927,1782954162.6612737,10.043159200437325,1.5552739772688762,6.081663636610399, 1782954162.646756, 1782954162.5909412,0.9361321499041396,apf_colreg,overtaking,-1.0,0.32825905194540744,0.0,-0.6991720486874862,1.6157047684182793,10.224276289085921,1.1562870815641197,0.32674684031110446,mr_webots_overtaking_large_ship_0_4_m_s.wbt,ekf_on_cluster_off,1,0,5.0
1782954162.7506528,82.23963141441345,200.0,200.0,0.2,6.007672622860958,10.06058397955677,1.5496642180237385,0.2962376495225942,6.208710328638306,1782954162.7451484,None,None,None, None, 1782954162.7651658,1.0537215393567045,apf_colreg,overtaking,-1.0,0.2562393903877291,5.049512936158842,-1.1913892336913794,1.7609375196077481,10.048919419204655,1.2290829263634684,0.3238169751763492,mr_webots_overtaking_large_ship_0_4_m_s.wbt,ekf_on_cluster_off,1,0,5.0
1782954162.85343,82.34240865707397,200.0,200.0,0.2,6.016627861686684,10.081140518625999,1.5438113284142023,0.10706061828792386,6.219322268695316,1782954162.8442693,None,None,None, None, 1782954162.8755891,0.9629131801678477,apf_colreg,overtaking,-1.0,0.2831288981133599,2.3158157733187306,-1.152527537459607,1.742021811272588,10.048919419204655,1.2290829263634684,0.3238169751763492,mr_webots_overtaking_large_ship_0_4_m_s.wbt,ekf_on_cluster_off,1,0,5.0
1782954162.9522555,82.44123411178589,200.0,200.0,0.2,6.058940957644741,10.10625316239568,1.5368201383300284,0.4412871601235798,6.254379119173721,1782954162.9237115,None,None,None, None, 1782954162.9512537,1.0448276559554694,apf_colreg,overtaking,-1.0,0.2791463575194774,1.2780991331375877,-2.4064272452927558,1.7142052162626538,10.082978478916338,1.226070658650878,0.3158128718316924,mr_webots_overtaking_large_ship_0_4_m_s.wbt,ekf_on_cluster_off,1,0,5.0
1782954163.2903538,82.77933239936829,200.0,200.0,0.2,6.07466491920734,10.134912488826235,1.530492149084385,0.0863127845669891,0.0013718137253979634,1782954163.273347,None,None,None, None, 1782954163.273347,1.0051207083395952,apf_colreg,overtaking,-1.0,0.2655673144930005,1.071723512398031,-5.358131364495435,2.5493462619278215,10.140599649848285,1.2250968387156311,0.3020975918511661,mr_webots_overtaking_large_ship_0_4_m_s.wbt,ekf_on_cluster_off,1,0,5.0
1782954163.390937,82.87991571426392,200.0,200.0,0.2,6.087238017232849,10.165729665680738,1.5239356416200742,0.12181163260340497,0.013134729275087378,1782954163.3699133,None,None,None, None, 1782954163.3699133,0.9550631702580726,apf_colreg,overtaking,-1.0,0.26892958912017995,0.8997663372552528,-6.005331949604719,2.9322270876635805,10.127094359964408,1.2294014799618842,0.2997308748279714,mr_webots_overtaking_large_ship_0_4_m_s.wbt,ekf_on_cluster_off,1,0,5.0
1782954163.490866,82.97984457015991,200.0,200.0,0.2,6.092711067603011,10.197923648918671,1.517412853907615,0.07962602342320328,0.02061369838597873,1782954163.4638395,None,None,None, None, 1782954163.4638395,1.0273378239590194,apf_colreg,overtaking,-1.0,0.2712405492229586,0.8332737641675529,-6.0371928895783515,2.933051238288386,10.127094359964408,1.2294014799618842,0.2997308748279714,mr_webots_overtaking_large_ship_0_4_m_s.wbt,ekf_on_cluster_off,1,0,5.0
1782954163.591406,83.08038473129272,200.0,200.0,0.2,6.097235968140305,10.230928602108865,1.5108029301298096,0.09552257615146477,0.028352219883963227,1782954163.544852,None,None,None, None, 1782954163.5433466,0.9283817878191065,apf_colreg,overtaking,-1.0,0.26593789283014413,0.8870221491785794,-7.617820955781287,3.5107289565881716,10.190061484677313,1.2223068548779716,0.2927439448123007,mr_webots_overtaking_large_ship_0_4_m_s.wbt,ekf_on_cluster_off,1,0,5.0
1782954163.6910474,83.18002605438232,200.0,200.0,0.2,6.141987460485479,10.130573497369186,1.5369828926571347,0.09234939036189359,0.03638779594323217,1782954163.6318648,10.12762126386176,1.53770562829023,6.2277431229397635, 1782954163.661502, 1782954163.64899,0.9258685098358314,apf_colreg,overtaking,-1.0,0.11428186838977558,6.572600121810838,-7.9846538817823145,2.9682407974594227,10.219152224282496,1.2180375269632815,0.2908997388752103,mr_webots_overtaking_large_ship_0_4_m_s.wbt,ekf_on_cluster_off,1,0,5.0
1782954163.791143,83.28012156486511,200.0,200.0,0.2,6.1943647064514415,10.151644317686364,1.533799888819977,0.6694205799152791,0.12390763428673382,1782954163.7626045,None,None,None, None, 1782954163.7886336,0.9335130163285595,apf_colreg,overtaking,-1.0,0.2306875359849545,2.1772712105532808,-8.736388411431077,2.9148789033183498,10.119006250835673,1.248929667033011,0.28735145002780893,mr_webots_overtaking_large_ship_0_4_m_s.wbt,ekf_on_cluster_off,1,0,5.0
1782954163.8942702,83.38324880599976,200.0,200.0,0.2,6.216771863727262,10.177536327339979,1.5318620622701762,0.08374114635864227,0.12994336803768147,1782954163.8346806,None,None,None, None, 1782954163.8542233,1.0030001676810743,apf_colreg,overtaking,-1.0,0.2508818335263011,1.2908178098584289,-9.481049219254079,3.4663301154540704,10.15243912169339,1.247759799089451,0.28495162867420337,mr_webots_overtaking_large_ship_0_4_m_s.wbt,ekf_on_cluster_off,1,0,5.0
1782954163.9911125,83.4800910949707,200.0,200.0,0.2,6.228434492651784,10.206743116457965,1.5299962719550484,0.08640704296168984,0.14198750083682848,1782954163.9740689,None,None,None, None, 1782954163.992424,1.019210979991394,apf_colreg,overtaking,-1.0,0.25542226016820385,1.069347572606525,-9.765614718336158,3.3788753983269393,10.183711478950752,1.2466873965009453,0.2833311305834543,mr_webots_overtaking_large_ship_0_4_m_s.wbt,ekf_on_cluster_off,1,0,5.0
1782954164.091585,83.58056354522705,200.0,200.0,0.2,6.233987556913927,10.23813636929147,1.5281685451588372,0.07864900575400974,0.14701767215668218,1782954164.038026,None,None,None, None, 1782954164.0695505,1.0359134962789478,apf_colreg,overtaking,-1.0,0.25881799704001407,0.90852671023549,-10.775672321128624,4.469174189563935,10.206294170199408,1.2485438844466832,0.279175336087681,mr_webots_overtaking_large_ship_0_4_m_s.wbt,ekf_on_cluster_off,1,0,5.0
1782954164.191129,83.68010759353638,200.0,200.0,0.2,6.236621304346978,10.270898500304812,1.526327833860723,0.07875148202408616,0.15336393566717288,1782954164.118612,None,None,None, None, 1782954164.1316633,0.9878661231694755,apf_colreg,overtaking,-1.0,0.25756970702400744,0.9366889241546711,-11.341826935547116,4.805700950048131,10.236803996191634,1.2488949420742446,0.27793997200134524,mr_webots_overtaking_large_ship_0_4_m_s.wbt,ekf_on_cluster_off,1,0,5.0
1782954164.2912097,83.78018832206726,200.0,200.0,0.2,6.266485301293173,10.304488254421909,1.5244662399231892,0.33445137967304844,0.20774574352581665,1782954164.281212,None,None,None, None, 1782954164.289211,0.9702561800316978,apf_colreg,overtaking,-1.0,0.25078001935360617,1.1975922016958456,-11.430003529530682,4.348597249179473,10.271741186290347,1.2475476823364537,0.2763661683224511,mr_webots_overtaking_large_ship_0_4_m_s.wbt,ekf_on_cluster_off,1,0,5.0
1782954164.390974,83.87995266914368,200.0,200.0,0.2,6.276135793794947,10.338574095841194,1.5239160252203838,0.08115976700183287,0.21461977167163063,1782954164.3659096,None,None,None, None, 1782954164.3669105,1.0311460521374838,apf_colreg,overtaking,-1.0,0.24605131533254082,1.4462828168121171,-12.424118303695325,5.561618364576679,10.305208977355374,1.2496266517119239,0.2731342486978077,mr_webots_overtaking_large_ship_0_4_m_s.wbt,ekf_on_cluster_off,1,0,5.0
1782954164.4915497,83.98052835464478,200.0,200.0,0.2,6.281512689188914,10.372943666931882,1.5235117264671079,0.08362032567962456,0.22006546467800056,1782954164.493824,None,None,None, None, 1782954164.458534,0.952016189559197,apf_colreg,overtaking,-1.0,0.249235155503201,1.360918149159777,-12.42451010289641,5.480120452942612,10.305208977355374,1.2496266517119239,0.2731342486978077,mr_webots_overtaking_large_ship_0_4_m_s.wbt,ekf_on_cluster_off,1,0,5.0
1782954164.5922134,84.08119201660156,200.0,200.0,0.2,6.325706949443072,10.40748465581541,1.5231975288787787,0.446439918925637,0.28261680744071616,1782954164.571145,None,None,None, None, 1782954164.539356,0.9779722396402692,apf_colreg,overtaking,-1.0,0.22534726683592454,2.5862525554931697,-12.431082367580867,4.849111753938277,10.360296310180335,1.250004461318913,0.27192394408726106,mr_webots_overtaking_large_ship_0_4_m_s.wbt,ekf_on_cluster_off,1,0,5.0
1782954164.6913452,84.18032383918762,200.0,200.0,0.2,0.06896705134234912,10.217526573393666,1.532066235927757,0.08639643030829568,0.2892364901387004,1782954164.647765,10.214424123425868,1.5321657085652098,0.0919776685319551, 1782954164.676837, 1782954164.6953516,0.9548133981236209,apf_colreg,overtaking,-1.0,0.2629045888813667,0.5902901895145991,-13.226791874331521,5.377182092105185,10.400346487083654,1.2524646363694838,0.2691021963195705,mr_webots_overtaking_large_ship_0_4_m_s.wbt,ekf_on_cluster_off,1,0,5.0
1782954164.7915542,84.28053283691406,-200.0,-200.0,0.2,0.07568114698679487,10.233119222011016,1.5331177766369999,0.09234335075850655,0.2965430630090087,1782954164.8070698,None,None,None, None, 1782954164.7945619,0.9583164564633313,apf_colreg,overtaking,-1.0,0.2789574271193734,0.9898908219601226,-11.720521970745681,-1.4752338082785714,10.22503041955392,1.2643354768079076,0.2657430042796679,mr_webots_overtaking_large_ship_0_4_m_s.wbt,ekf_on_cluster_off,1,0,5.0
1782954164.891167,84.38014554977417,200.0,200.0,0.2,0.09253979529330351,10.25467844342246,1.534994810795018,0.057592830429465926,0.30528291739177,1782954164.8786414,None,None,None, None, 1782954164.8674715,1.0458579106060188,apf_colreg,overtaking,-1.0,0.12388370195623212,10.426753489824687,2.5976814044039944,3.5758024578587317,10.22503041955392,1.2643354768079076,0.2657430042796679,mr_webots_overtaking_large_ship_0_4_m_s.wbt,ekf_on_cluster_off,1,0,5.0
1782954164.9941201,84.48309874534607,200.0,200.0,0.2,0.09749630186026513,10.280817997093475,1.5374206884571546,0.04636492300804176,0.30821381047715035,1782954164.941855,None,None,None, None, 1782954164.9428556,0.9169700090508776,apf_colreg,overtaking,-1.0,0.25442611383968633,1.7009689231016034,-37.433072212689964,12.853231649023463,10.250331122388163,1.266556759215206,0.2649541205195325,mr_webots_overtaking_large_ship_0_4_m_s.wbt,ekf_on_cluster_off,1,0,5.0
1782954165.091087,84.58006572723389,200.0,200.0,0.2,0.10821892409947431,10.310191211537862,1.5401030373158655,0.1508569268106734,0.33049920184042,1782954165.0895803,None,None,None, None, 1782954165.0895803,0.9333868626171681,apf_colreg,overtaking,-1.0,0.2643863392344689,0.6366623621202792,-13.074939538621425,6.8071411015463985,10.27418450981172,1.2696340757790097,0.26447971715265617,mr_webots_overtaking_large_ship_0_4_m_s.wbt,ekf_on_cluster_off,1,0,5.0
1782954165.1935215,84.68250012397766,200.0,200.0,0.2,0.10681171081899404,10.341634438637158,1.5433406137744938,0.03207108002696728,0.3336558638708243,1782954165.1880074,None,None,None, None, 1782954165.187006,0.9905572935910715,apf_colreg,overtaking,-1.0,0.2674845229943872,0.32869183474894265,-13.088646192371797,7.249034707611949,10.30428569745392,1.272192202173841,0.2627581108219627,mr_webots_overtaking_large_ship_0_4_m_s.wbt,ekf_on_cluster_off,1,0,5.0
1782954165.2918444,84.78082299232483,200.0,200.0,0.2,0.10165363897944797,10.374408727180214,1.5465237530344613,0.03207108002696728,0.34007007987621773,1782954165.3103576,None,None,None, None, 1782954165.187006,0.9905572935910715,apf_colreg,overtaking,-1.0,0.26826669425384186,0.20578210081367043,-13.1697244277014,7.286006280591828,10.348704108376248,1.2800546301161075,0.262209462858594,mr_webots_overtaking_large_ship_0_4_m_s.wbt,ekf_on_cluster_off,1,0,5.0
1782954165.394246,84.88322472572327,200.0,200.0,0.2,0.09973754962225563,10.407994778640447,1.5495319460429382,0.07813586113756948,0.3496300193568589,1782954165.4037602,None,None,None, None, 1782954165.4182725,1.022791123406975,apf_colreg,overtaking,-1.0,0.2674232062086502,0.1321041043227642,-13.312597113031124,8.325463791806053,10.348704108376248,1.2800546301161075,0.262209462858594,mr_webots_overtaking_large_ship_0_4_m_s.wbt,ekf_on_cluster_off,1,0,5.0
1782954165.4961348,84.98511338233948,200.0,200.0,0.2,0.09967479723091488,10.442045740456171,1.5525373946957992,0.08916470412766146,0.36619478730036004,1782954165.4961348,None,None,None, None, 1782954165.5530005,0.9841085687583854,apf_colreg,overtaking,-1.0,0.2675285037409366,0.09691181154071965,-13.017814472394651,9.518756800906022,10.407130591116067,1.2881534688014058,0.2604255340488111,mr_webots_overtaking_large_ship_0_4_m_s.wbt,ekf_on_cluster_off,1,0,5.0
1782954165.6010525,85.09003114700317,200.0,200.0,0.2,0.10068105085841168,10.476360559529123,1.5555908938178549,0.0923147324677332,0.37435394659666127,1782954165.584519,None,None,None, None, 1782954165.5530005,0.9841085687583854,apf_colreg,overtaking,-1.0,0.26695433025925247,0.16386230714670116,-13.03392229198733,9.463408973334317,10.407130591116067,1.2881534688014058,0.2604255340488111,mr_webots_overtaking_large_ship_0_4_m_s.wbt,ekf_on_cluster_off,1,0,5.0
1782954165.6936889,85.18266749382019,-200.0,-200.0,0.2,0.14330247217582762,10.299227031006033,1.538712017062836,0.0923147324677332,0.3928168930902079,1782954165.6966865,10.296431909395578,1.5384478318156556,0.2234648951273268, 1782954165.679172, 1782954165.666166,0.9902114773927313,apf_colreg,overtaking,-1.0,0.2687202699289204,0.0,-14.76296124778587,-3.9494723047471334,10.442472238941145,1.2919208229072812,0.25995561620780544,mr_webots_overtaking_large_ship_0_4_m_s.wbt,ekf_on_cluster_off,1,0,5.0
1782954165.8263695,85.31534814834595,-200.0,-200.0,0.2,0.16285976692687737,10.315958213683965,1.5412410698995958,0.13401655852288386,0.4078492083934068,1782954165.6966865,None,None,None, None, 1782954165.7833169,0.9416009874494448,apf_colreg,overtaking,-1.0,0.2632611402810543,0.5554645148388311,-16.323268423653694,-1.530387977041558,10.442472238941145,1.2919208229072812,0.25995561620780544,mr_webots_overtaking_large_ship_0_4_m_s.wbt,ekf_on_cluster_off,1,0,5.0
1782954165.891449,85.38042759895325,200.0,200.0,0.2,0.18275659283968607,10.338256598791673,1.5453024987133586,0.027443049412158384,0.4115728045625348,1782954165.832371,None,None,None, None, 1782954165.8679109,0.9173351714938515,apf_colreg,overtaking,-1.0,0.2674232915617448,0.6254828210736928,-42.26281647263061,17.55325728439532,10.278800488493903,1.2759162811367786,0.2593471433006994,mr_webots_overtaking_large_ship_0_4_m_s.wbt,ekf_on_cluster_off,1,0,5.0
1782954165.9910958,85.48007440567017,200.0,200.0,0.2,0.2032896180956939,10.364787441152117,1.5502618418864254,0.17494887370128034,0.43890343561774825,1782954165.9885917,None,None,None, None, 1782954165.9665747,0.9795201920190224,apf_colreg,overtaking,-1.0,0.2684812958829492,0.0,-42.507227439081845,21.123252947343286,10.278800488493903,1.2759162811367786,0.2593471433006994,mr_webots_overtaking_large_ship_0_4_m_s.wbt,ekf_on_cluster_off,1,0,5.0
1782954166.0972183,85.58619689941406,200.0,200.0,0.2,0.22234190480509225,10.394142186387057,1.5563090694135155,0.17494887370128034,0.4738932103580043,1782954166.102734,None,None,None, None, 1782954166.0726993,1.0498607438736212,apf_colreg,overtaking,-1.0,0.2684812958829492,0.0,-11.942774002983258,9.434624984679665,10.360614150917325,1.2863807887728058,0.2607102130306417,mr_webots_overtaking_large_ship_0_4_m_s.wbt,ekf_on_cluster_off,1,0,5.0
1782954166.191725,85.68070363998413,200.0,200.0,0.2,0.22638232447771653,10.425256833428136,1.5633016195341973,0.04649354818656441,0.4792000963651276,1782954166.2177486,None,None,None, None, 1782954166.2072334,1.0516097960590822,apf_colreg,overtaking,-1.0,0.27140126107911594,0.0,-10.432369308331666,9.374242262010217,10.360614150917325,1.2863807887728058,0.2607102130306417,mr_webots_overtaking_large_ship_0_4_m_s.wbt,ekf_on_cluster_off,1,0,5.0
1782954166.2913947,85.78037333488464,200.0,200.0,0.2,0.2409277619264003,10.457552858701655,1.5704993815510675,0.1849247419413646,0.5004691329111114,1782954166.2177486,None,None,None, None, 1782954166.2868812,0.9381152219910275,apf_colreg,overtaking,-1.0,0.27140126107911594,0.0,-10.449208611673036,9.049691960307454,10.360614150917325,1.2863807887728058,0.2607102130306417,mr_webots_overtaking_large_ship_0_4_m_s.wbt,ekf_on_cluster_off,1,0,5.0
1782954166.3968112,85.88578987121582,200.0,200.0,0.2,0.24698770749454976,10.490404594741133,1.5784113335915348,0.0891135118075914,0.5093064959180237,1782954166.3169184,None,None,None, None, 1782954166.379703,0.920305833799895,apf_colreg,overtaking,-1.0,0.2734879263351213,0.0,-8.649920325683816,9.892177063875806,10.416887648375534,1.3009225661135773,0.26120269103071125,mr_webots_overtaking_large_ship_0_4_m_s.wbt,ekf_on_cluster_off,1,0,5.0
1782954166.4976318,85.98661041259766,200.0,200.0,0.2,0.25056136599117007,10.52363597435221,1.5865384011620796,0.08628009334193987,0.5184452694232561,1782954166.5291646,None,None,None, None, 1782954166.4725947,0.9817230518116216,apf_colreg,overtaking,-1.0,0.27550432691977267,0.0,-8.077205641503312,9.38549331570708,10.451868949885146,1.306804197305607,0.26146384447482696,mr_webots_overtaking_large_ship_0_4_m_s.wbt,ekf_on_cluster_off,1,0,5.0
1782954166.5943131,86.08329176902771,200.0,200.0,0.2,0.28631961115486226,10.557089741379185,1.5947944374428222,0.38111365394179375,0.5589676899917585,1782954166.6208591,None,None,None, None, 1782954166.5527456,0.9099532764920498,apf_colreg,overtaking,-1.0,0.27550432691977267,0.0,-8.37067972620011,8.81231333422619,10.451868949885146,1.306804197305607,0.26146384447482696,mr_webots_overtaking_large_ship_0_4_m_s.wbt,ekf_on_cluster_off,1,0,5.0
1782954166.6998587,86.18883728981018,-200.0,-200.0,0.2,0.30900684006798473,10.376790186674459,1.5548503453736728,0.06690249325682901,0.5651022869103677,1782954166.7165976,10.373971476159506,1.5541927882006894,0.3339330386158572, 1782954166.69235, 1782954166.6446679,0.9350434626743281,apf_colreg,overtaking,-1.0,0.2598887620701647,0.0,-18.219436357435356,-0.968482737417868,10.51262455033727,1.3218568865834395,0.2623456101668821,mr_webots_overtaking_large_ship_0_4_m_s.wbt,ekf_on_cluster_off,1,0,5.0
1782954166.7981033,86.2870819568634,200.0,200.0,0.2,0.33029317259706026,10.392198800268398,1.559981291628311,0.08514238283908027,0.5732536833478529,1782954166.8026268,None,None,None, None, 1782954166.7361813,1.0362780778498115,apf_colreg,overtaking,-1.0,0.25834297155914665,0.0,-36.18281829568821,20.730043057757577,10.329850881004607,1.27928990948602,0.26279046173431275,mr_webots_overtaking_large_ship_0_4_m_s.wbt,ekf_on_cluster_off,1,0,5.0
1782954166.9116554,86.40063405036926,200.0,200.0,0.2,0.32556463015168957,10.41311270958738,1.5671933154171738,-0.0642802659303068,0.5677236976347452,1782954166.9196978,None,None,None, None, 1782954166.8646176,0.9417514783056268,apf_colreg,overtaking,-1.0,0.2630455774274005,0.0,-32.37750531967354,22.12040655316889,10.329850881004607,1.27928990948602,0.26279046173431275,mr_webots_overtaking_large_ship_0_4_m_s.wbt,ekf_on_cluster_off,1,0,5.0
1782954166.990874,86.4798526763916,200.0,200.0,0.2,0.3167846138799519,10.438413995142389,1.5754548557146373,0.005001776913469139,0.568309260226202,1782954167.0129328,None,None,None, None, 1782954166.9677505,0.9160907868434974,apf_colreg,overtaking,-1.0,0.28620804704180336,0.0,-2.6943671467157406,8.295003201358023,10.364257654887725,1.287237021788966,0.26727236775600893,mr_webots_overtaking_large_ship_0_4_m_s.wbt,ekf_on_cluster_off,1,0,5.0
1782954167.0912495,86.58022809028625,200.0,200.0,0.2,0.34471343408722455,10.46680346358725,1.5843420958789864,0.36565201683854354,0.6024008318187268,1782954167.0129328,None,None,None, None, 1782954167.0616105,1.0025780763582894,apf_colreg,overtaking,-1.0,0.28620804704180336,0.0,-3.105085569082214,7.9190924142982775,10.364257654887725,1.287237021788966,0.26727236775600893,mr_webots_overtaking_large_ship_0_4_m_s.wbt,ekf_on_cluster_off,1,0,5.0
1782954167.1960182,86.68499684333801,200.0,200.0,0.2,0.35218145973799125,10.49670504356763,1.5950569848556562,0.07211330942720413,0.6090241328663697,1782954167.1047785,None,None,None, None, 1782954167.148952,0.956977157081692,apf_colreg,overtaking,-1.0,0.28620804704180336,0.0,-3.1526059159360056,7.658330540999283,10.364257654887725,1.287237021788966,0.26727236775600893,mr_webots_overtaking_large_ship_0_4_m_s.wbt,ekf_on_cluster_off,1,0,5.0
1782954167.290936,86.77991461753845,200.0,200.0,0.2,0.38798475467741106,10.527757915119155,1.6062680391330817,0.3634152219122558,0.6719030595878233,1782954167.2778008,None,None,None, None, 1782954167.3079638,1.0078566594086027,apf_colreg,overtaking,-1.0,0.29266939712874707,0.0,-1.7656421445326451,6.630948179061036,10.439092616986912,1.3074414632563316,0.27022972796169836,mr_webots_overtaking_large_ship_0_4_m_s.wbt,ekf_on_cluster_off,1,0,5.0
1782954167.3926327,86.88161134719849,200.0,200.0,0.2,0.400973686959621,10.558932562381598,1.6191322273705602,0.08899780516555922,0.678197977853847,1782954167.348532,None,None,None, None, 1782954167.3810978,0.9734220411688616,apf_colreg,overtaking,-1.0,0.2968940480354558,0.0,-0.23170878747199364,5.99973052474144,10.470705666085475,1.3155366759020264,0.2718794338576678,mr_webots_overtaking_large_ship_0_4_m_s.wbt,ekf_on_cluster_off,1,0,5.0
1782954167.4908824,86.97986102104187,200.0,200.0,0.2,0.40890197738411416,10.59041924010307,1.632373386982052,0.09222402779903388,0.686188388587587,1782954167.4351733,None,None,None, None, 1782954167.4598207,1.0421357327744658,apf_colreg,overtaking,-1.0,0.2990450056135157,0.0,0.650427154919381,5.508172914560267,10.497824941399962,1.327026310093837,0.27270546697737036,mr_webots_overtaking_large_ship_0_4_m_s.wbt,ekf_on_cluster_off,1,0,5.0
1782954167.5925195,87.08149814605713,200.0,200.0,0.2,0.4541301098979671,10.622080709036597,1.64586414658136,0.44552907209088416,0.7197046388612354,1782954167.5104012,None,None,None, None, 1782954167.5369277,0.9119838035019663,apf_colreg,overtaking,-1.0,0.301044261575375,0.0,0.8741311798821414,4.822571636817508,10.523828837315136,1.3399401798861488,0.2735227237712999,mr_webots_overtaking_large_ship_0_4_m_s.wbt,ekf_on_cluster_off,1,0,5.0
1782954167.6908197,87.17979836463928,200.0,200.0,0.2,0.46464445170292723,10.652980070038577,1.6611972990674744,0.043128482675926255,0.7247798064716205,1782954167.6280768,None,None,None, None, 1782954167.6606307,0.9489066676981167,apf_colreg,overtaking,-1.0,0.3046565519679819,0.0,2.1088325001062227,3.5293726039854336,10.568378273792858,1.348267947479899,0.2751616328636945,mr_webots_overtaking_large_ship_0_4_m_s.wbt,ekf_on_cluster_off,1,0,5.0
1782954167.7998009,87.2887794971466,200.0,200.0,0.2,0.46565019796760104,10.45551379911419,1.5805982603772293,0.172968745905567,0.7382755456643014,1782954167.8113153,10.453106644279789,1.5795866245948156,0.4359147660157161, 1782954167.699072, 1782954167.8143141,1.0423285501061603,apf_colreg,overtaking,-1.0,0.25438649541091063,0.0,-32.302967803568485,14.540019696776456,10.597373115082341,1.3633632801559428,0.2763401456448767,mr_webots_overtaking_large_ship_0_4_m_s.wbt,ekf_on_cluster_off,1,0,5.0
1782954167.897578,87.38655662536621,200.0,200.0,0.2,0.4654017897364892,10.469129856413623,1.5873890146647112,0.03347790296611725,0.7417979017111809,1782954167.9100966,None,None,None, None, 1782954167.926607,1.0154238601021108,apf_colreg,overtaking,-1.0,0.25554264136242383,0.0,-32.03463777385613,17.124408362868664,10.597373115082341,1.3633632801559428,0.2763401456448767,mr_webots_overtaking_large_ship_0_4_m_s.wbt,ekf_on_cluster_off,1,0,5.0
1782954167.9962013,87.48517990112305,200.0,200.0,0.2,0.4643979222852252,10.48825650326105,1.596790280034123,0.0744169321544175,0.7491489065294501,1782954168.0103197,None,None,None, None, 1782954167.926607,1.0154238601021108,apf_colreg,overtaking,-1.0,0.2657372543901605,0.0,-14.832983300857219,15.719681201241912,10.394117302600476,1.2855724625133929,0.2793908341657621,mr_webots_overtaking_large_ship_0_4_m_s.wbt,ekf_on_cluster_off,1,0,5.0
1782954168.090702,87.57968068122864,200.0,200.0,0.2,0.46458873424362235,10.511637735944328,1.6082162200074046,0.08865972966279136,0.758034656327135,1782954168.0103197,None,None,None, None, 1782954168.031255,0.9312626239796764,apf_colreg,overtaking,-1.0,0.3188605730551227,0.0,5.9098958577972684,2.6810541192587696,10.402299152505492,1.2942982957585656,0.28144653899989025,mr_webots_overtaking_large_ship_0_4_m_s.wbt,ekf_on_cluster_off,1,0,5.0
1782954168.1941817,87.6831603050232,200.0,200.0,0.2,0.4651475209365108,10.538004085921898,1.6211035850801645,0.08749637839304761,0.7660838648700711,1782954168.1023145,None,None,None, None, 1782954168.1143126,1.0835637338738713,apf_colreg,overtaking,-1.0,0.3188605730551227,0.0,5.798573544139669,2.5522414861326794,10.402299152505492,1.2942982957585656,0.28144653899989025,mr_webots_overtaking_large_ship_0_4_m_s.wbt,ekf_on_cluster_off,1,0,5.0
1782954168.2928436,87.78182220458984,200.0,200.0,0.2,0.46553539777621367,10.566321439954464,1.6349605006234895,0.08375603071135744,0.7763771822763987,1782954168.225211,None,None,None, None, 1782954168.225211,1.06582599165044,apf_colreg,overtaking,-1.0,0.3220188815245416,0.0,5.909988063930135,2.3683079229159967,10.441068031631161,1.314181843484314,0.2827271880281411,mr_webots_overtaking_large_ship_0_4_m_s.wbt,ekf_on_cluster_off,1,0,5.0
1782954168.391516,87.88049459457397,171.3289226653625,200.0,0.2,0.46136019258820943,10.595851941110563,1.6494176828099867,0.04304403856517058,0.782976194595547,1782954168.3785193,None,None,None, None, 1782954168.3153622,1.0713026414395355,apf_colreg,overtaking,-1.0,0.3276468739845739,0.0,6.486602821034361,1.8287746564514071,10.462497043152041,1.3257282704255768,0.28647743806726883,mr_webots_overtaking_large_ship_0_4_m_s.wbt,ekf_on_cluster_off,1,0,5.0
1782954168.4938786,87.98285722732544,45.11202994297374,200.0,0.2,0.4616503394796875,10.627544757054519,1.6647224710845205,0.09119269568409821,0.790256014255214,1782954168.4583483,None,None,None, None, 1782954168.4958792,0.9797570364387316,apf_colreg,overtaking,-1.0,0.3306507772936085,0.0,6.92568420841806,1.5088541505902437,10.481457893198222,1.3421721760921856,0.2876344034804934,mr_webots_overtaking_large_ship_0_4_m_s.wbt,ekf_on_cluster_off,1,0,5.0
1782954168.5915537,88.08053231239319,-101.84873491806081,200.0,0.2,0.49892295127510716,10.664839472557423,1.682889536197321,0.39339481480789706,0.8202155383932791,1782954168.5345047,None,None,None, None, 1782954168.5672998,0.9341023440792471,apf_colreg,overtaking,-1.0,0.33482440425333776,0.0,6.606886897684648,0.7942948004090731,10.508107490138077,1.3549265572182405,0.2895696985328193,mr_webots_overtaking_large_ship_0_4_m_s.wbt,ekf_on_cluster_off,1,0,5.0
1782954168.6921015,88.18108010292053,-200.0,157.60650070115864,0.2,0.5146513921471382,10.710090677316991,1.7080253849477858,0.07674222271055507,0.8266756527629829,1782954168.6960995,None,None,None, None, 1782954168.6585321,1.0642529407310035,apf_colreg,overtaking,-1.0,0.34204157929336676,0.0,7.152388777944861,-0.4409375429361564,10.548894881337432,1.3650463183401254,0.29389009404165084,mr_webots_overtaking_large_ship_0_4_m_s.wbt,ekf_on_cluster_off,1,0,5.0
1782954168.791323,88.28030157089233,200.0,200.0,0.2,0.5408153881745388,10.528701484259178,1.6143378807336282,0.06468065573066992,0.8372599196023444,1782954168.782323,10.525685905340799,1.6127389203722575,0.5616871902366452, 1782954168.704116, 1782954168.7596936,1.0103121844311138,apf_colreg,overtaking,-1.0,0.2582480023072105,0.0,-24.056954717392642,30.2505963112698,10.590682108366165,1.389008535447517,0.2964700516646276,mr_webots_overtaking_large_ship_0_4_m_s.wbt,ekf_on_cluster_off,1,0,5.0
1782954168.891261,88.38023972511292,-200.0,95.81043522086173,0.2,0.5485337092138888,10.556250691843106,1.6308521035898664,0.09426862595803001,0.8446296455423072,1782954168.8605008,None,None,None, None, 1782954168.8339531,1.0455329270803353,apf_colreg,overtaking,-1.0,0.3555294484790587,0.0,8.435703512999268,-1.06128038812209,10.40976913794546,1.2840223421720123,0.3022121731706165,mr_webots_overtaking_large_ship_0_4_m_s.wbt,ekf_on_cluster_off,1,0,5.0
1782954168.9921815,88.4811601638794,-200.0,-135.34140007779837,0.2,0.5610397926168841,10.595543417211871,1.6552384750223346,0.05597699824599081,0.8504041739506142,1782954168.9636598,None,None,None, None, 1782954168.9269145,1.0909120172472708,apf_colreg,overtaking,-1.0,0.3644690915928047,0.0,8.952134896593858,-2.3246915391884757,10.42804569404611,1.2965983731282498,0.30753482352372646,mr_webots_overtaking_large_ship_0_4_m_s.wbt,ekf_on_cluster_off,1,0,5.0
1782954169.1076746,88.59665322303772,-200.0,-200.0,0.2,0.5763892188786698,10.632197803862146,1.6789467221829675,0.02908710260909178,0.8531700778599172,1782954169.0587502,None,None,None, None, 1782954169.0252242,0.9140003678775726,apf_colreg,overtaking,-1.0,0.3644690915928047,0.0,8.61360593204084,-2.7301394067479343,10.42804569404611,1.2965983731282498,0.30753482352372646,mr_webots_overtaking_large_ship_0_4_m_s.wbt,ekf_on_cluster_off,1,0,5.0
1782954169.2231777,88.71215629577637,-200.0,-200.0,0.2,0.5812439717930911,10.664801968337928,1.7009114618776455,-0.09167605508875434,0.8432032479839111,1782954169.167468,None,None,None, None, 1782954169.1319432,1.0913843950430673,apf_colreg,overtaking,-1.0,0.3831777360873142,0.0,9.239276772569415,-4.246925972370681,10.503451008995768,1.3296488788656304,0.3192803378653266,mr_webots_overtaking_large_ship_0_4_m_s.wbt,ekf_on_cluster_off,1,0,5.0
1782954169.3088152,88.79779386520386,-200.0,-200.0,0.2,0.5862134117594167,10.69563708546796,1.7217632598535895,-0.06182269130130367,0.8376220983066688,1782954169.2577448,None,None,None, None, 1782954169.2426956,1.0431499202972911,apf_colreg,overtaking,-1.0,0.3879349581924796,0.0,9.15739292345058,-4.886680056921305,10.536618341312963,1.3440760209977427,0.3232351306698095,mr_webots_overtaking_large_ship_0_4_m_s.wbt,ekf_on_cluster_off,1,0,5.0
1782954169.392434,88.88141250610352,-200.0,-200.0,0.2,0.58862184111482,10.725475272543044,1.7421383582373346,-0.07940674731391725,0.8282792482512283,1782954169.375403,None,None,None, None, 1782954169.3343437,0.9291617201352703,apf_colreg,overtaking,-1.0,0.3879349581924796,0.0,9.024878511759008,-5.1912078494409455,10.536618341312963,1.3440760209977427,0.3232351306698095,mr_webots_overtaking_large_ship_0_4_m_s.wbt,ekf_on_cluster_off,1,0,5.0
1782954169.4944768,88.9834554195404,-200.0,-200.0,0.2,0.5893824423419466,10.75479678401248,1.762223488668992,-0.08561940812981676,0.8194559442528574,1782954169.4784555,None,None,None, None, 1782954169.4321449,1.0803513146380406,apf_colreg,overtaking,-1.0,0.3879349581924796,0.0,8.911669931552971,-5.474830986154885,10.536618341312963,1.3440760209977427,0.3232351306698095,mr_webots_overtaking_large_ship_0_4_m_s.wbt,ekf_on_cluster_off,1,0,5.0
1782954169.598613,89.0875916481018,-200.0,-200.0,0.2,0.5915453595660545,10.78385049239312,1.782125327893642,-0.06683029851188231,0.8132320629550496,1782954169.5715852,None,None,None, None, 1782954169.5160332,1.079115943441669,apf_colreg,overtaking,-1.0,0.4086500825171664,0.0,9.300652681171666,-6.921555334335665,10.618645293860906,1.377963888592888,0.3381288433265997,mr_webots_overtaking_large_ship_0_4_m_s.wbt,ekf_on_cluster_off,1,0,5.0
1782954169.694119,89.18309760093689,-200.0,-200.0,0.2,0.592363690082829,10.812704341957334,1.8019973052244564,-0.08112768093099157,0.8057287799343743,1782954169.6640725,None,None,None, None, 1782954169.6886015,0.9687200039041048,apf_colreg,overtaking,-1.0,0.4086500825171664,0.0,9.184220649816265,-7.197388348613045,10.618645293860906,1.377963888592888,0.3381288433265997,mr_webots_overtaking_large_ship_0_4_m_s.wbt,ekf_on_cluster_off,1,0,5.0
1782954169.792539,89.28151750564575,-200.0,-200.0,0.2,0.569607032595446,10.616238040550337,1.66779790532212,-0.04056135412646578,0.8005590617137507,1782954169.7915268,10.613263968653998,1.6657640337562436,0.5164054338636266, 1782954169.706635, 1782954169.6886015,0.9687200039041048,apf_colreg,overtaking,-1.0,0.33275648445626166,2.8681693729472513,9.501961286432842,-4.509450183153374,10.680121186028789,1.39928652284573,0.3513822111173202,mr_webots_overtaking_large_ship_0_4_m_s.wbt,ekf_on_cluster_off,1,0,5.0
1782954169.912802,89.40178060531616,-200.0,-200.0,0.2,0.5586952275304521,10.625303059581318,1.6737639708486831,-0.2680825520490363,0.7702002420729227,1782954169.904771,None,None,None, None, 1782954169.9248004,1.0939440446051345,apf_colreg,overtaking,-1.0,0.3670286118640002,3.7734686836228057,9.208835839821232,-4.032788878276259,10.680121186028789,1.39928652284573,0.3513822111173202,mr_webots_overtaking_large_ship_0_4_m_s.wbt,ekf_on_cluster_off,1,0,5.0
1782954169.9944053,89.48338389396667,-200.0,-200.0,0.2,0.5357214927716171,10.640240938204213,1.6831877444047878,-0.2680825520490363,0.7165837316631154,1782954169.904771,None,None,None, None, 1782954169.9248004,1.0939440446051345,apf_colreg,overtaking,-1.0,0.44755711040581786,0.0,11.070824283418991,-6.445854969453589,10.473828179788786,1.2542834132096452,0.36366788555195445,mr_webots_overtaking_large_ship_0_4_m_s.wbt,ekf_on_cluster_off,1,0,5.0
1782954170.0915341,89.5805127620697,-200.0,-200.0,0.2,0.5280775098989726,10.660250017115345,1.6950558491355956,-0.06864934731880627,0.7073278385039756,1782954170.0395997,None,None,None, None, 1782954170.0456011,1.0453276202797388,apf_colreg,overtaking,-1.0,0.44755711040581786,0.0,11.06718437987842,-6.493454444733234,10.473828179788786,1.2542834132096452,0.36366788555195445,mr_webots_overtaking_large_ship_0_4_m_s.wbt,ekf_on_cluster_off,1,0,5.0
1782954170.1929624,89.68194103240967,-200.0,-200.0,0.2,0.5119304296572377,10.68387314292923,1.7090052088496424,-0.19145445060048363,0.6929698410908335,1782954170.208698,None,None,None, None, 1782954170.1524215,1.0036239049310107,apf_colreg,overtaking,-1.0,0.46127473832416127,0.0,10.450208195362642,-5.963625243571895,10.51451486610773,1.2636511997124644,0.3766037492598571,mr_webots_overtaking_large_ship_0_4_m_s.wbt,ekf_on_cluster_off,1,0,5.0
1782954170.2912662,89.78024482727051,-200.0,-200.0,0.2,0.5058973339147773,10.710225337489504,1.7239298587303207,-0.08116877631767952,0.6853315303767402,1782954170.2943676,None,None,None, None, 1782954170.2544267,0.9839687995023867,apf_colreg,overtaking,-1.0,0.46915889519730763,0.0,10.563659451063003,-6.248813111687088,10.525515108771557,1.275876483235428,0.3804183715305387,mr_webots_overtaking_large_ship_0_4_m_s.wbt,ekf_on_cluster_off,1,0,5.0
1782954170.391474,89.88045263290405,-200.0,-200.0,0.2,0.5021750944665211,10.738209026852719,1.7396825082610592,-0.08635754274615214,0.6709730867040496,1782954170.3749654,None,None,None, None, 1782954170.332447,1.063033154061965,apf_colreg,overtaking,-1.0,0.47900599719158704,0.0,10.417824169992645,-6.530976279575975,10.564804226465915,1.2777857792070628,0.3896631521738233,mr_webots_overtaking_large_ship_0_4_m_s.wbt,ekf_on_cluster_off,1,0,5.0
1782954170.4906373,89.97961592674255,-200.0,-200.0,0.2,0.5017822601920812,10.767201956907954,1.755923062245452,-0.06856843325678653,0.665271235300026,1782954170.458121,None,None,None, None, 1782954170.4846408,0.9799334266033408,apf_colreg,overtaking,-1.0,0.4834637647177893,0.0,10.327687673200183,-6.783828751993893,10.595589019264208,1.2896542487686182,0.39328757213046894,mr_webots_overtaking_large_ship_0_4_m_s.wbt,ekf_on_cluster_off,1,0,5.0
1782954170.592996,90.08197450637817,-200.0,-200.0,0.2,0.5003715033147106,10.79675571151057,1.772524017581338,-0.08926079380909104,0.656806588432279,1782954170.5529516,None,None,None, None, 1782954170.5649512,0.9508554665760321,apf_colreg,overtaking,-1.0,0.4834637647177893,0.0,10.239881433816075,-6.961124300499317,10.639256729087322,1.3007733142661733,0.4026907087792438,mr_webots_overtaking_large_ship_0_4_m_s.wbt,ekf_on_cluster_off,1,0,5.0
1782954170.6917567,90.18073534965515,-200.0,-200.0,0.2,0.4995680703193735,10.826670915399006,1.7892727476366965,-0.08363645119064675,0.6506011098569232,1782954170.6271474,None,None,None, None, 1782954170.6371548,1.098038297659597,apf_colreg,overtaking,-1.0,0.4967835599501092,0.0,10.238241461999197,-7.365796096731275,10.639256729087322,1.3007733142661733,0.4026907087792438,mr_webots_overtaking_large_ship_0_4_m_s.wbt,ekf_on_cluster_off,1,0,5.0
1782954170.7909439,90.27992248535156,-200.0,-200.0,0.2,0.45538104725272993,10.6903261628885,1.7084401951815222,-0.08919725391593666,0.6369719747037141,1782954170.7799451,10.688127646737748,1.707150214434118,0.3730085987634713, 1782954170.7132, 1782954170.7172046,1.0756817364373583,apf_colreg,overtaking,-1.0,0.5018225970185085,0.0,11.073384591479762,-5.913194821897247,10.67687413685545,1.3119043781957214,0.4069118511345391,mr_webots_overtaking_large_ship_0_4_m_s.wbt,ekf_on_cluster_off,1,0,5.0
1782954170.8906128,90.37959146499634,-200.0,-200.0,0.2,0.44986376465158384,10.707136311740566,1.7168802476303768,-0.17857296257608518,0.6250771270366591,1782954170.8465557,None,None,None, None, 1782954170.8570647,1.007494813471606,apf_colreg,overtaking,-1.0,0.5062572346353221,0.0,11.089052884521468,-6.011416151818757,10.520766609957692,1.232457837375103,0.4106862036724436,mr_webots_overtaking_large_ship_0_4_m_s.wbt,ekf_on_cluster_off,1,0,5.0
1782954170.9909866,90.47996520996094,-200.0,-200.0,0.2,0.44800048795938063,10.72881213001771,1.7275181478156363,-0.08105076192854888,0.6176715103486637,1782954170.9379258,None,None,None, None, 1782954170.9484396,0.9465498682081602,apf_colreg,overtaking,-1.0,0.5203264025547792,0.0,11.141449767350647,-6.309600165315103,10.535076692671979,1.2280351666448033,0.4208457360829877,mr_webots_overtaking_large_ship_0_4_m_s.wbt,ekf_on_cluster_off,1,0,5.0
1782954171.0937674,90.58274602890015,-200.0,-200.0,0.2,0.44708636807280355,10.753995561103796,1.7398830524589428,-0.08263548672627075,0.6109943613374331,1782954171.0967665,None,None,None, None, 1782954171.034742,0.9407582440050761,apf_colreg,overtaking,-1.0,0.5240015551048487,0.0,11.049486933540177,-6.4892870792042565,10.56461003047314,1.2335660611621777,0.4246190049817881,mr_webots_overtaking_large_ship_0_4_m_s.wbt,ekf_on_cluster_off,1,0,5.0
1782954171.1911075,90.68008613586426,-200.0,-200.0,0.2,0.38224510605396167,10.781547347392436,1.7534144868314798,-0.6700584129558579,0.5164253628992144,1782954171.1598637,None,None,None, None, 1782954171.1786025,1.0319295964262822,apf_colreg,overtaking,-1.0,0.5281210194369361,0.0,11.654598331677638,-5.9921869487863235,10.593469223460877,1.241640423708049,0.428417584806301,mr_webots_overtaking_large_ship_0_4_m_s.wbt,ekf_on_cluster_off,1,0,5.0
1782954171.2926128,90.78159141540527,-200.0,-200.0,0.2,0.3600578554227886,10.811686461443152,1.765049970807713,-0.08925112084436068,0.5079184579782081,1782954171.255178,None,None,None, None, 1782954171.279703,1.0109772554943828,apf_colreg,overtaking,-1.0,0.539648941335226,0.0,11.84420043415966,-5.986431106479344,10.584850762126118,1.258191790340928,0.4377377966997679,mr_webots_overtaking_large_ship_0_4_m_s.wbt,ekf_on_cluster_off,1,0,5.0
1782954171.39144,90.88041853904724,-200.0,-200.0,0.2,0.3480120647956348,10.842886110637641,1.776700351186573,-0.0863473530611028,0.4998858334332442,1782954171.3482049,None,None,None, None, 1782954171.3614016,0.9556576039181152,apf_colreg,overtaking,-1.0,0.5436147482686151,0.0,11.886626409185315,-6.00717298057855,10.61106677071884,1.2688402533050938,0.4416209786886562,mr_webots_overtaking_large_ship_0_4_m_s.wbt,ekf_on_cluster_off,1,0,5.0
1782954171.4950824,90.98406100273132,-200.0,-200.0,0.2,0.34230904778531407,10.874721754193509,1.7883712886332725,-0.07656850868145491,0.4932007589269301,1782954171.4355133,None,None,None, None, 1782954171.4355133,1.0163140556996566,apf_colreg,overtaking,-1.0,0.5553640550372555,0.0,11.894205297305632,-6.182270594608339,10.644571150008936,1.2678460890568455,0.45064750864548464,mr_webots_overtaking_large_ship_0_4_m_s.wbt,ekf_on_cluster_off,1,0,5.0
1782954171.6423104,91.13128900527954,-200.0,-200.0,0.2,0.3379704343908539,10.906923712813143,1.800100541349979,-0.09196862513376204,0.48601461373690863,1782954171.5136502,None,None,None, None, 1782954171.5156512,1.0199754866917907,apf_colreg,overtaking,-1.0,0.5553640550372555,0.0,11.869204676340338,-6.261517724194424,10.644571150008936,1.2678460890568455,0.45064750864548464,mr_webots_overtaking_large_ship_0_4_m_s.wbt,ekf_on_cluster_off,1,0,5.0
1782954171.6920042,91.18098282814026,-200.0,-200.0,0.2,0.3356662329307918,10.939363749022261,1.8118052117374221,-0.08373984028478285,0.47427601353181154,1782954171.6538296,None,None,None, None, 1782954171.6548307,1.0703017660995586,apf_colreg,overtaking,-1.0,0.5553640550372555,0.0,11.94343813381984,-6.53677140539693,10.721602381482723,1.2821904743905699,0.46230161247089274,mr_webots_overtaking_large_ship_0_4_m_s.wbt,ekf_on_cluster_off,1,0,5.0
1782954171.7916355,91.28061413764954,-200.0,-200.0,0.2,0.2970872563904943,10.770895070878147,1.7401684823476318,-0.08932057111166801,0.4661730271990568,1782954171.7445476,10.768239851341889,1.7390677548442952,0.22692902668157622, 1782954171.72554, 1782954171.7325406,1.0020943177778656,apf_colreg,overtaking,-1.0,0.5732317650157932,0.0,12.433612450807868,-5.050772020058521,10.721602381482723,1.2821904743905699,0.46230161247089274,mr_webots_overtaking_large_ship_0_4_m_s.wbt,ekf_on_cluster_off,1,0,5.0
1782954171.8909214,91.3798999786377,-200.0,-200.0,0.2,0.29831091953212635,10.786590610426185,1.745136625778834,-0.09920799143624219,0.45244518799099465,1782954171.882922,None,None,None, None, 1782954171.882922,1.0710480895124066,apf_colreg,overtaking,-1.0,0.5797938950900762,0.0,12.411365422400884,-5.1844959887208075,10.536623486129958,1.2104540154983408,0.4675188180981624,mr_webots_overtaking_large_ship_0_4_m_s.wbt,ekf_on_cluster_off,1,0,5.0
1782954171.9912782,91.48025679588318,-200.0,-200.0,0.2,0.2830302893102077,10.807857420617486,1.7518938774039434,-0.24305473734502786,0.4346769376293774,1782954171.9560258,None,None,None, None, 1782954171.9530208,0.9855287204853718,apf_colreg,overtaking,-1.0,0.5834142378847438,0.0,12.51473490837557,-5.110027301940485,10.556860747681592,1.2104429489219748,0.47111145939095106,mr_webots_overtaking_large_ship_0_4_m_s.wbt,ekf_on_cluster_off,1,0,5.0
1782954172.0930386,91.58201718330383,-200.0,-200.0,0.2,0.27733807815746925,10.833518628241034,1.7594528664804212,-0.08372496270922172,0.4278963858779859,1782954172.0370119,None,None,None, None, 1782954172.0850232,0.9108737549262834,apf_colreg,overtaking,-1.0,0.5951942656932967,0.0,12.5791232880811,-5.22725333168187,10.571449882425028,1.2084413918696133,0.48095818282939273,mr_webots_overtaking_large_ship_0_4_m_s.wbt,ekf_on_cluster_off,1,0,5.0
1782954172.1911004,91.68007898330688,-200.0,-200.0,0.2,0.26881544853556133,10.862156939953783,1.7678145170965345,-0.13349938282170404,0.40834574567610316,1782954172.1834593,None,None,None, None, 1782954172.1814597,0.9569365043293852,apf_colreg,overtaking,-1.0,0.5978682896408504,0.0,12.592204482844368,-5.246000293157802,10.603601848537155,1.2114645171373584,0.4849867288968031,mr_webots_overtaking_large_ship_0_4_m_s.wbt,ekf_on_cluster_off,1,0,5.0
1782954172.2908666,91.77984523773193,-200.0,-200.0,0.2,0.26712356627149797,10.892787950700711,1.776466890220504,-0.06687832157099304,0.4025679986805264,1782954172.2698512,None,None,None, None, 1782954172.2728598,0.9421722860737862,apf_colreg,overtaking,-1.0,0.5978682896408504,0.0,12.574215059939629,-5.331775867344082,10.603601848537155,1.2114645171373584,0.4849867288968031,mr_webots_overtaking_large_ship_0_4_m_s.wbt,ekf_on_cluster_off,1,0,5.0
1782954172.390939,91.87991762161255,-200.0,-200.0,0.2,0.2652945718823233,10.924597016455094,1.7854819206663264,-0.08692413702237776,0.3938685469960792,1782954172.3699322,None,None,None, None, 1782954172.375933,1.0259320348873773,apf_colreg,overtaking,-1.0,0.6114460069459058,0.0,12.594978459980466,-5.52599128853042,10.666566451342986,1.2143311024494128,0.49794086405570287,mr_webots_overtaking_large_ship_0_4_m_s.wbt,ekf_on_cluster_off,1,0,5.0
1782954172.4951115,91.98409008979797,-200.0,-200.0,0.2,0.264221098395158,10.957125018052201,1.7946558897629765,-0.08360040080151435,0.3871687814276761,1782954172.4500725,None,None,None, None, 1782954172.4895978,1.0709833840271794,apf_colreg,overtaking,-1.0,0.6150355172638641,0.0,12.561380544121807,-5.658458334063824,10.709659171847955,1.2184463949892186,0.5018721046484985,mr_webots_overtaking_large_ship_0_4_m_s.wbt,ekf_on_cluster_off,1,0,5.0
1782954172.5923634,92.08134198188782,-200.0,-200.0,0.2,0.2512595578766167,10.990072629996112,1.803925300178205,-0.19139654674248618,0.3684744725028721,1782954172.6324036,None,None,None, None, 1782954172.5703318,1.0098333257006913,apf_colreg,overtaking,-1.0,0.6150355172638641,0.0,12.637101778431852,-5.608698344431386,10.709659171847955,1.2184463949892186,0.5018721046484985,mr_webots_overtaking_large_ship_0_4_m_s.wbt,ekf_on_cluster_off,1,0,5.0
1782954172.7044086,92.19338726997375,-200.0,-200.0,0.2,0.23465905734448866,11.023408730736133,1.8126917400761635,-0.1914031031031341,0.3522706863078409,1782954172.7279599,None,None,None, None, 1782954172.6592655,0.993750395210537,apf_colreg,overtaking,-1.0,0.6150355172638641,0.0,12.79094106964195,-5.604664510741112,10.780428447666292,1.2306940947516063,0.5150324196355343,mr_webots_overtaking_large_ship_0_4_m_s.wbt,ekf_on_cluster_off,1,0,5.0
1782954172.797304,92.28628253936768,-200.0,-200.0,0.2,0.1827345307216226,10.846236499057595,1.7585872876203823,-0.08621888621116844,0.34403193207296745,1782954172.8243253,10.843452498741508,1.757764833020778,0.09559132404851667, 1782954172.739465, 1782954172.7414777,1.0124523296609527,apf_colreg,overtaking,-1.0,0.6301769963360455,0.0,13.194255956099466,-4.1357785089477925,10.780428447666292,1.2306940947516063,0.5150324196355343,mr_webots_overtaking_large_ship_0_4_m_s.wbt,ekf_on_cluster_off,1,0,5.0
1782954172.8929603,92.38193893432617,-200.0,-200.0,0.2,0.18608833321988583,10.862173739598365,1.761640311579993,-0.041039404080285974,0.3400771513566449,1782954172.89896,None,None,None, None, 1782954172.8353324,1.0982252455081656,apf_colreg,overtaking,-1.0,0.6301769963360455,0.0,13.162634535690692,-4.218506654958942,10.780428447666292,1.2306940947516063,0.5150324196355343,mr_webots_overtaking_large_ship_0_4_m_s.wbt,ekf_on_cluster_off,1,0,5.0
1782954172.995026,92.48400473594666,-200.0,-200.0,0.2,0.1876916185341129,10.883875596621179,1.7659540682336847,-0.08351594516838934,0.3271600188756201,1782954172.978992,None,None,None, None, 1782954172.9194205,1.0875883250606777,apf_colreg,overtaking,-1.0,0.6416590915179201,0.0,13.153138192964352,-4.3783779475091915,10.605097445871849,1.174898172809459,0.5283527530717416,mr_webots_overtaking_large_ship_0_4_m_s.wbt,ekf_on_cluster_off,1,0,5.0
1782954173.0911553,92.58013391494751,-200.0,-200.0,0.2,0.18784703066567165,10.909973482678753,1.771190291175466,-0.08929080695449759,0.3205879552180159,1782954173.052595,None,None,None, None, 1782954173.066607,1.056660334282563,apf_colreg,overtaking,-1.0,0.6416590915179201,0.0,13.142650728108919,-4.449822991893105,10.605097445871849,1.174898172809459,0.5283527530717416,mr_webots_overtaking_large_ship_0_4_m_s.wbt,ekf_on_cluster_off,1,0,5.0
1782954173.1910975,92.68007612228394,-200.0,-200.0,0.2,0.16779121542967898,10.939139437171125,1.777042687565115,-0.26723992051584156,0.30069882006987597,1782954173.1976092,None,None,None, None, 1782954173.1340556,0.9941573783023593,apf_colreg,overtaking,-1.0,0.6495560393097268,0.0,13.279102780285168,-4.301564032619897,10.66217440646522,1.1737931699038648,0.5371016275604152,mr_webots_overtaking_large_ship_0_4_m_s.wbt,ekf_on_cluster_off,1,0,5.0
1782954173.2909253,92.77990388870239,-200.0,-200.0,0.2,0.16378473794799892,10.97045259689557,1.78244008933114,-0.05911436631146034,0.2929035053884882,1782954173.2588875,None,None,None, None, 1782954173.2884183,0.9347423008402514,apf_colreg,overtaking,-1.0,0.6683058273641304,0.0,13.406564517542591,-4.403333322775267,10.666792621851323,1.171492783634741,0.5454096033177704,mr_webots_overtaking_large_ship_0_4_m_s.wbt,ekf_on_cluster_off,1,0,5.0
1782954173.3914373,92.88041591644287,-200.0,-200.0,0.2,0.160304164610231,11.002997686136817,1.7880680528760569,-0.08917326895217864,0.28650584022800324,1782954173.3939502,None,None,None, None, 1782954173.3486555,0.9137928184162383,apf_colreg,overtaking,-1.0,0.670898680521054,0.0,13.4147621860218,-4.443151085910667,10.702876167160378,1.173115644578279,0.5488571482427848,mr_webots_overtaking_large_ship_0_4_m_s.wbt,ekf_on_cluster_off,1,0,5.0
1782954173.494124,92.98310256004333,-200.0,-200.0,0.2,0.15969289250697066,11.036292997807127,1.7937478225351262,-0.07223982840295964,0.2769723379980525,1782954173.462602,None,None,None, None, 1782954173.4851213,0.9197160506043631,apf_colreg,overtaking,-1.0,0.6795909261046077,0.0,13.416092012285095,-4.556734076940027,10.744262318375158,1.1666206101493901,0.5581754366337568,mr_webots_overtaking_large_ship_0_4_m_s.wbt,ekf_on_cluster_off,1,0,5.0
1782954173.592885,93.08186364173889,-200.0,-200.0,0.2,0.15825553849015095,11.070016331752058,1.7995255289283087,-0.08927380610575396,0.2707074269751572,1782954173.596884,None,None,None, None, 1782954173.548291,1.0782038149280004,apf_colreg,overtaking,-1.0,0.6820058397628506,0.0,13.41270000132463,-4.626585763145911,10.78271470732291,1.1679357205834702,0.56188788536615,mr_webots_overtaking_large_ship_0_4_m_s.wbt,ekf_on_cluster_off,1,0,5.0
1782954173.6920643,93.18104290962219,-200.0,-200.0,0.2,0.12891404920811877,11.103997268811117,1.8052977473177076,-0.3352093015220893,0.2253670615298263,1782954173.6680381,None,None,None, None, 1782954173.616245,0.9845045120139847,apf_colreg,overtaking,-1.0,0.6867610558529921,0.0,13.59555724590443,-4.312568434455717,10.818266611455927,1.1681431457678648,0.5662896537060232,mr_webots_overtaking_large_ship_0_4_m_s.wbt,ekf_on_cluster_off,1,0,5.0
1782954173.7913656,93.280344247818,-200.0,-6.4099231055567465,0.2,0.06145748015415815,10.931880034353247,1.7674013203447594,-0.08093889189989228,0.21806053064862066,1782954173.7583103,10.92915376710361,1.766842081906155,6.232696935999293, 1782954173.752301, 1782954173.8124042,1.0460946515590257,apf_colreg,overtaking,-1.0,0.692539199397499,0.0,13.890777423783728,-2.8232497565012764,10.612228477288276,1.1527301456113586,0.5735174495856344,mr_webots_overtaking_large_ship_0_4_m_s.wbt,ekf_on_cluster_off,1,0,5.0
1782954173.8940313,93.3830099105835,-200.0,7.297285493158329,0.2,0.0552269037265726,10.956449846044825,1.7689632805543773,-0.09233123133198876,0.21089412996922222,1782954173.8359265,None,None,None, None, 1782954173.9020789,0.9250629811483874,apf_colreg,overtaking,-1.0,0.692539199397499,0.0,13.91866956639641,-2.7541938327590376,10.612228477288276,1.1527301456113586,0.5735174495856344,mr_webots_overtaking_large_ship_0_4_m_s.wbt,ekf_on_cluster_off,1,0,5.0
1782954173.9910517,93.48003029823303,-200.0,10.325709435598435,0.2,0.05142149871665696,10.992628753773648,1.7710640283058412,-0.06492043381653594,0.20521084617092772,1782954173.9945588,None,None,None, None, 1782954173.9604948,1.0516453891845172,apf_colreg,overtaking,-1.0,0.692539199397499,0.0,13.933388464404915,-2.7259716493874357,10.612228477288276,1.1527301456113586,0.5735174495856344,mr_webots_overtaking_large_ship_0_4_m_s.wbt,ekf_on_cluster_off,1,0,5.0
1782954174.0915031,93.58048176765442,-200.0,11.181051000548411,0.2,0.04526914419759914,11.036151470195737,1.7734885249502312,-0.09500410073220555,0.19102038237342533,1782954174.0728357,None,None,None, None, 1782954174.084989,0.9011402448025103,apf_colreg,overtaking,-1.0,0.7087056258666677,0.0,14.017422908351035,-2.7335329327905216,10.666122986954722,1.1426245538838835,0.587049258037164,mr_webots_overtaking_large_ship_0_4_m_s.wbt,ekf_on_cluster_off,1,0,5.0
1782954174.191346,93.68032455444336,-200.0,12.368643606315164,0.2,0.04147045522351646,11.083420720004293,1.7758083757194836,-0.06582085143618484,0.18614890958388083,1782954174.1468468,None,None,None, None, 1782954174.1468468,1.036346954235494,apf_colreg,overtaking,-1.0,0.7162291864059552,0.0,14.069362685800114,-2.731263014750353,10.701068197884227,1.1420755600933015,0.5910275701758002,mr_webots_overtaking_large_ship_0_4_m_s.wbt,ekf_on_cluster_off,1,0,5.0
1782954174.2914336,93.78041219711304,-200.0,13.627028322334848,0.2,0.03764412761955321,11.13236972028048,1.7780693364270155,-0.07173782500770182,0.1762437867864488,1782954174.2849207,None,None,None, None, 1782954174.240888,0.9611733327420209,apf_colreg,overtaking,-1.0,0.720158626162022,0.0,14.088553332430397,-2.7218016054461724,10.750071879872344,1.1395662222601952,0.596858618371368,mr_webots_overtaking_large_ship_0_4_m_s.wbt,ekf_on_cluster_off,1,0,5.0
1782954174.3911572,93.88013577461243,-200.0,14.468780176942245,0.2,0.03390920310930272,11.182052961616215,1.7801851255022285,-0.07164694342285362,0.17175657731691127,1782954174.3475502,None,None,None, None, 1782954174.3636153,0.9268120080794453,apf_colreg,overtaking,-1.0,0.7223776961892598,0.0,14.085762726757938,-2.7124252997012928,10.81142177232819,1.1350357227739205,0.6057873900772321,mr_webots_overtaking_large_ship_0_4_m_s.wbt,ekf_on_cluster_off,1,0,5.0
1782954174.4930294,93.98200798034668,-200.0,41.627820332432165,0.2,0.008011979030811828,11.232061522890625,1.782133277269363,-0.268243365117336,0.13874009264423257,1782954174.4706342,None,None,None, None, 1782954174.4295268,1.057320221795242,apf_colreg,overtaking,-1.0,0.7311714687165161,0.0,14.401021943556762,-2.4730726194114663,10.850396527923735,1.1342919383275283,0.6099976246537983,mr_webots_overtaking_large_ship_0_4_m_s.wbt,ekf_on_cluster_off,1,0,5.0
1782954174.5914207,94.08039927482605,-200.0,53.326003811858044,0.2,-0.0023829472144129616,11.283567398712073,1.7823721788417064,-0.06595951687204292,0.13308339678791378,1782954174.5563943,None,None,None, None, 1782954174.5042741,1.0137881962857893,apf_colreg,overtaking,-1.0,0.7369615642538008,0.0,14.436948569481604,-2.343990249429872,10.89082650418838,1.1357491743092039,0.621461943213971,mr_webots_overtaking_large_ship_0_4_m_s.wbt,ekf_on_cluster_off,1,0,5.0
1782954174.6908083,94.17978692054749,-200.0,62.57370785825329,0.2,6.273281792772745,11.33628137037565,1.7822518480771237,-0.067094266208995,0.12818323092368392,1782954174.6952806,None,None,None, None, 1782954174.6592722,0.9631888577209673,apf_colreg,overtaking,-1.0,0.7384848871070642,0.0,14.469981820068961,-2.239421026193023,10.940755603487277,1.1366021458518418,0.6257067449566337,mr_webots_overtaking_large_ship_0_4_m_s.wbt,ekf_on_cluster_off,1,0,5.0
1782954174.790706,94.27968454360962,-200.0,157.5213930891075,0.2,6.211208989440351,11.040402643675803,1.7612590078219932,-0.14250566223902725,0.10833842837299666,1782954174.7686846,11.035785709537903,1.7609875710587568,6.120101603863197, 1782954174.756172, 1782954174.7403345,0.911025175871413,apf_colreg,overtaking,-1.0,0.6947734014585204,2.659758426389637,14.360065408534012,-0.8867529484414698,10.98372757150507,1.1331949353919417,0.6305824288517458,mr_webots_overtaking_large_ship_0_4_m_s.wbt,ekf_on_cluster_off,1,0,5.0
1782954174.8914409,94.38041949272156,-200.0,160.92386742896056,0.2,6.201964406367791,11.07836104529706,1.7583887265004106,-0.059609261882071364,0.10331862356405425,1782954174.8528965,None,None,None, None, 1782954174.8212564,1.072436292825425,apf_colreg,overtaking,-1.0,0.7563502637632539,0.0,14.580887648886776,-0.8401289116639798,10.629935259001378,1.128067293655149,0.6397055715366098,mr_webots_overtaking_large_ship_0_4_m_s.wbt,ekf_on_cluster_off,1,0,5.0
1782954174.9920323,94.48101091384888,-200.0,171.3482213952168,0.2,6.1945008905173315,11.133359363774632,1.7537576736541531,-0.046614318863245525,0.0996970624177824,1782954174.9305885,None,None,None, None, 1782954174.974833,0.9396063155659633,apf_colreg,overtaking,-1.0,0.762365381804926,0.0,14.543776329185704,-0.6452828621430555,10.667172425278416,1.1243524449745588,0.6436672968784163,mr_webots_overtaking_large_ship_0_4_m_s.wbt,ekf_on_cluster_off,1,0,5.0
1782954175.09642,94.58539867401123,-200.0,183.35184650159178,0.2,6.187082130991391,11.196511363257269,1.7479985733636383,-0.04985727264944819,0.09581047401251798,1782954175.0994227,None,None,None, None, 1782954175.0588627,1.0935086671931407,apf_colreg,overtaking,-1.0,0.7706402931526338,0.0,14.439152956757823,-0.40108749348932715,10.719212530545674,1.1166280478610522,0.6541539414143028,mr_webots_overtaking_large_ship_0_4_m_s.wbt,ekf_on_cluster_off,1,0,5.0
1782954175.1938214,94.68280005455017,-200.0,192.32509375475124,0.2,6.181709957745078,11.262992492777762,1.7414177673803444,-0.02787790739163112,0.09133954467125498,1782954175.1689181,None,None,None, None, 1782954175.146867,0.9017078558677194,apf_colreg,overtaking,-1.0,0.7767930046039728,0.0,14.389733520579135,-0.20378321116511522,10.774363081157334,1.111953624313915,0.6582438914968901,mr_webots_overtaking_large_ship_0_4_m_s.wbt,ekf_on_cluster_off,1,0,5.0
1782954175.293823,94.7828016281128,-200.0,198.94255260340657,0.2,6.176413640285938,11.331034524472766,1.7343390352565873,-0.030161781881220946,0.08915765540244928,1782954175.2412577,None,None,None, None, 1782954175.2988214,1.0383509948174545,apf_colreg,overtaking,-1.0,0.7836775914309573,0.0,14.417142208164698,-0.04682000437759193,10.832768761467992,1.104862146079009,0.6635028194596551,mr_webots_overtaking_large_ship_0_4_m_s.wbt,ekf_on_cluster_off,1,0,5.0
1782954175.3909235,94.87990212440491,-187.14452672037976,200.0,0.2,6.159197817948068,11.400011559981658,1.726782539215728,-0.13499531553814906,0.07806624770105197,1782954175.323419,None,None,None, None, 1782954175.3744996,0.9616484389311206,apf_colreg,overtaking,-1.0,0.7836775914309573,0.0,14.402806636722328,0.3192926551603952,10.832768761467992,1.104862146079009,0.6635028194596551,mr_webots_overtaking_large_ship_0_4_m_s.wbt,ekf_on_cluster_off,1,0,5.0
1782954175.4908922,94.97987079620361,-178.81794130690423,200.0,0.2,6.1501864154483865,11.46766132508506,1.717854339995391,-0.024020754919646267,0.0744279340656045,1782954175.4748845,None,None,None, None, 1782954175.4577532,1.0982598108134647,apf_colreg,overtaking,-1.0,0.7950882945540321,0.0,14.527011607405473,0.49735676942593443,10.914106467884864,1.0996884352750849,0.6727511971126919,mr_webots_overtaking_large_ship_0_4_m_s.wbt,ekf_on_cluster_off,1,0,5.0
1782954175.5915675,95.08054614067078,-171.20705839690987,200.0,0.2,6.143720210344055,11.534212509717175,1.7085668011858948,-0.013718374443242014,0.07319121772178921,1782954175.5650349,None,None,None, None, 1782954175.5284834,1.0416326565725285,apf_colreg,overtaking,-1.0,0.7998098234203325,0.0,14.619243138942348,0.6513496103849619,10.972235021521675,1.0942983120614558,0.6767222690111977,mr_webots_overtaking_large_ship_0_4_m_s.wbt,ekf_on_cluster_off,1,0,5.0
1782954175.6917205,95.18069911003113,-161.46517390481156,200.0,0.2,6.138961741826982,11.59978079005911,1.6990486934930908,-0.006130292550979965,0.072657140444215,1782954175.6521559,None,None,None, None, 1782954175.6326368,0.9446743530510844,apf_colreg,overtaking,-1.0,0.8099885232662505,0.0,14.632472386664183,0.8333613250658845,11.02156516824271,1.0885964899365166,0.685775174997187,mr_webots_overtaking_large_ship_0_4_m_s.wbt,ekf_on_cluster_off,1,0,5.0
1782954175.8025174,95.29149603843689,-162.44082276844594,200.0,0.2,6.111960740921732,11.18932019479961,1.7345802483963726,-0.0010101802154224833,0.07257772325014082,1782954175.850057,11.183048470198598,1.735176739484336,6.067272710622914, 1782954175.756316, 1782954175.8055162,1.0943523263045019,apf_colreg,overtaking,-1.0,0.6878458599348622,3.826826363375538,14.684171358116162,0.818603169264275,11.082334651081329,1.0816521053941344,0.6893181892313254,mr_webots_overtaking_large_ship_0_4_m_s.wbt,ekf_on_cluster_off,1,0,5.0
1782954175.8906822,95.37966084480286,-157.0059374004361,200.0,0.2,6.108934763160816,11.224491001168463,1.7283591288677065,0.01263100557613616,0.07408440205163422,1782954175.850057,None,None,None, None, 1782954175.87509,1.0773764818598288,apf_colreg,overtaking,-1.0,0.8126302917735877,0.0,14.693484696576219,0.9164317664108221,11.082334651081329,1.0816521053941344,0.6893181892313254,mr_webots_overtaking_large_ship_0_4_m_s.wbt,ekf_on_cluster_off,1,0,5.0
1782954175.9923909,95.48136949539185,-148.80499747742596,200.0,0.2,6.106822920284745,11.27718595426056,1.718910451982067,0.010217287841606729,0.07497007731412438,1782954175.9367409,None,None,None, None, 1782954175.9727676,0.9445206196594285,apf_colreg,overtaking,-1.0,0.8299145318056997,0.0,14.716658629654415,1.059112137200188,10.650983614213512,1.13483087197191,0.7006911797748153,mr_webots_overtaking_large_ship_0_4_m_s.wbt,ekf_on_cluster_off,1,0,5.0
1782954176.0929952,95.58197379112244,-135.33455673913264,200.0,0.2,6.1062670864526485,11.336896126162948,1.7080724803039242,0.022856321251333803,0.0768603281004423,1782954176.0194423,None,None,None, None, 1782954176.0514772,1.0262535311081487,apf_colreg,overtaking,-1.0,0.8403608362728614,0.0,14.611348047391623,1.268960016447294,10.691722477334213,1.1279940602569558,0.7038053687362463,mr_webots_overtaking_large_ship_0_4_m_s.wbt,ekf_on_cluster_off,1,0,5.0
1782954176.1935282,95.68250679969788,-120.8734707207004,200.0,0.2,6.105436336037158,11.397436434005236,1.6970525274544404,0.018331450930500877,0.07837374760995094,1782954176.2080448,None,None,None, None, 1782954176.1304255,1.0531875008649165,apf_colreg,overtaking,-1.0,0.8406163173459622,0.0,14.515231982530013,1.4778402816352276,10.74925103088101,1.1215892083078025,0.7071840904426157,mr_webots_overtaking_large_ship_0_4_m_s.wbt,ekf_on_cluster_off,1,0,5.0
1782954176.29137,95.78034853935242,-120.37892375312971,200.0,0.2,6.114339115706562,11.456943504760183,1.6861322433871608,0.1098358846658658,0.09002116391112601,1782954176.2998424,None,None,None, None, 1782954176.2371612,0.9910637204144199,apf_colreg,overtaking,-1.0,0.8475796375009811,0.0,14.518719584572569,1.4853927838230314,10.796607145867211,1.1194843959242697,0.7136052595857892,mr_webots_overtaking_large_ship_0_4_m_s.wbt,ekf_on_cluster_off,1,0,5.0
1782954176.3952744,95.88425302505493,-123.0774022339326,200.0,0.2,6.1213148375363575,11.516291785521204,1.6759922498131772,0.06504917702314289,0.10138634217674873,1782954176.3827615,None,None,None, None, 1782954176.4187894,1.08367210591351,apf_colreg,overtaking,-1.0,0.8567173342139958,0.0,14.592380899002581,1.4532792783120527,10.848370416652168,1.1068875398007327,0.7170987119183764,mr_webots_overtaking_large_ship_0_4_m_s.wbt,ekf_on_cluster_off,1,0,5.0
1782954176.4989421,95.9879207611084,-116.81492059965574,200.0,0.2,6.122864705632673,11.575859405966542,1.6662458052444578,0.01614145928753963,0.10326166754335073,1782954176.4989421,None,None,None, None, 1782954176.5104566,0.9293697052940644,apf_colreg,overtaking,-1.0,0.8636057522156417,0.0,14.598887249057917,1.5453286559645276,10.926121991127555,1.0957664059030754,0.721333544301933,mr_webots_overtaking_large_ship_0_4_m_s.wbt,ekf_on_cluster_off,1,0,5.0
1782954176.6000845,96.08906316757202,-113.8804845318958,200.0,0.2,6.128388161449189,11.634949328626666,1.6565418829752563,0.06757704361719323,0.1090808151021655,1782954176.5850534,None,None,None, None, 1782954176.606335,1.0616874414729918,apf_colreg,overtaking,-1.0,0.8636057522156417,0.0,14.581800309467894,1.5855272076499274,10.926121991127555,1.0957664059030754,0.721333544301933,mr_webots_overtaking_large_ship_0_4_m_s.wbt,ekf_on_cluster_off,1,0,5.0
1782954176.6914823,96.1804609298706,-112.04476279856652,200.0,0.2,6.134671472562548,11.693744982867894,1.6472711854105953,0.06757704361719323,0.12259622382560414,1782954176.6994903,None,None,None, None, 1782954176.7261548,0.9969771952379456,apf_colreg,overtaking,-1.0,0.8636057522156417,0.0,14.566419991563897,1.6098676716026796,11.024558277856581,1.086743002186532,0.731587170523429,mr_webots_overtaking_large_ship_0_4_m_s.wbt,ekf_on_cluster_off,1,0,5.0
1782954176.7921112,96.28108978271484,-165.57372748398708,200.0,0.2,6.1345765483868435,11.33277867989628,1.7046797169029317,0.053533711955200895,0.13311777137770858,1782954176.781594,11.327237176858297,1.7055546882440327,6.124686420474246, 1782954176.760713, 1782954176.803638,0.9340692374231664,apf_colreg,overtaking,-1.0,0.7359703943926026,74.58388463228314,14.855471084348299,0.7698683053980391,11.024558277856581,1.086743002186532,0.731587170523429,mr_webots_overtaking_large_ship_0_4_m_s.wbt,ekf_on_cluster_off,1,0,5.0
1782954176.8953524,96.3843309879303,-167.11118109917146,200.0,0.2,6.139708450592852,11.36848273321938,1.6993410815396146,0.05398597041248474,0.1379022884054918,1782954176.8702192,None,None,None, None, 1782954176.9038641,1.0089251486293334,apf_colreg,overtaking,-1.0,0.8873647575419545,0.0,14.875792600101406,0.7418285591334124,10.639479788553954,1.1517012863900242,0.7345171606867491,mr_webots_overtaking_large_ship_0_4_m_s.wbt,ekf_on_cluster_off,1,0,5.0
1782954177.007649,96.49662756919861,-164.89943001834368,200.0,0.2,6.144990007669031,11.422668477782723,1.6915688842415975,0.04238886930437496,0.14143103233366758,1782954176.9534662,None,None,None, None, 1782954176.966493,1.0190772840420923,apf_colreg,overtaking,-1.0,0.8962398429946009,0.0,14.854321392799001,0.7824547286589425,10.661369057952822,1.1551046232025783,0.7425849938315292,mr_webots_overtaking_large_ship_0_4_m_s.wbt,ekf_on_cluster_off,1,0,5.0
1782954177.0946639,96.58364248275757,-159.61683884955173,200.0,0.2,6.149770127163323,11.48470380995467,1.6829982166451742,0.036949170912505824,0.1444881387886589,1782954177.0362043,None,None,None, None, 1782954177.044206,0.94067718160038,apf_colreg,overtaking,-1.0,0.8967892948958512,0.0,14.787659289022514,0.8756718361409721,10.714684736233421,1.1490946890047193,0.7458190817213655,mr_webots_overtaking_large_ship_0_4_m_s.wbt,ekf_on_cluster_off,1,0,5.0
1782954177.192485,96.6814637184143,-164.88663884255942,200.0,0.2,6.161295851207281,11.548370988429976,1.6744818783302122,0.10159315673021686,0.15379006939706863,1782954177.127765,None,None,None, None, 1782954177.125767,0.9408959630605767,apf_colreg,overtaking,-1.0,0.9219803836859419,0.0,14.820715274223549,0.7809233153686259,10.747492184635872,1.1469688186097267,0.7544719706121681,mr_webots_overtaking_large_ship_0_4_m_s.wbt,ekf_on_cluster_off,1,0,5.0
1782954177.2916548,96.78063344955444,-165.2367123189435,200.0,0.2,6.168633602372517,11.612996580782895,1.6667622057726437,0.042015782909240414,0.16002222928147522,1782954177.276094,None,None,None, None, 1782954177.276094,1.075187870003015,apf_colreg,overtaking,-1.0,0.9232827874147872,0.0,14.809490225045979,0.773793955661648,10.817031563027196,1.1335032265107956,0.7579449709334524,mr_webots_overtaking_large_ship_0_4_m_s.wbt,ekf_on_cluster_off,1,0,5.0
1782954177.3914633,96.880441904068,-168.22898071334905,200.0,0.2,6.177378071097751,11.677869490302541,1.6594272868981434,0.0625300219300851,0.16560916654409738,1782954177.365442,None,None,None, None, 1782954177.3464086,0.9112749426524341,apf_colreg,overtaking,-1.0,0.9356372593681316,0.0,14.823850783392706,0.7179667788409985,10.868164669479828,1.1275416630957613,0.7645588401970449,mr_webots_overtaking_large_ship_0_4_m_s.wbt,ekf_on_cluster_off,1,0,5.0
1782954177.4935338,96.98251247406006,-169.36090038339844,200.0,0.2,6.183141361420987,11.743139380835228,1.652650537823833,0.03290978711348389,0.1679277888091907,1782954177.435896,None,None,None, None, 1782954177.4965353,0.9932171771066761,apf_colreg,overtaking,-1.0,0.9498646248264931,0.0,14.839968154063556,0.6970129050228726,10.91888338282597,1.1198760468966167,0.7708608008409934,mr_webots_overtaking_large_ship_0_4_m_s.wbt,ekf_on_cluster_off,1,0,5.0
1782954177.5920517,97.08103036880493,-171.4305945774561,200.0,0.2,6.189387119984887,11.808617367134028,1.6461704602231535,0.04444439214126651,0.17402328639661183,1782954177.5730448,None,None,None, None, 1782954177.563039,1.0416405430953097,apf_colreg,overtaking,-1.0,0.9695968318455951,0.0,14.861407388245722,0.6577617332382255,10.960848500482076,1.1154858507572645,0.7746279744289474,mr_webots_overtaking_large_ship_0_4_m_s.wbt,ekf_on_cluster_off,1,0,5.0
1782954177.6916838,97.18066239356995,-172.38826189118697,200.0,0.2,6.194405530719118,11.874374915719267,1.640079598607791,0.03329291752706568,0.17710667451209086,1782954177.6656587,None,None,None, None, 1782954177.6506522,0.9145069242528939,apf_colreg,overtaking,-1.0,0.9844653503931198,0.0,14.87761810199183,0.6396233590210514,11.009174709136369,1.1138895439993588,0.785156326972736,mr_webots_overtaking_large_ship_0_4_m_s.wbt,ekf_on_cluster_off,1,0,5.0
1782954177.7931912,97.28216981887817,-200.0,200.0,0.2,6.195561468256809,11.491208587847705,1.6818636872030193,0.03520280725020182,0.17990323159964924,1782954177.7451,11.485277379343811,1.682492126004681,6.188372075372007, 1782954177.774153, 1782954177.7325864,1.0080496813201234,apf_colreg,overtaking,-1.0,0.5142561491976058,56.366146417222346,15.025950536638984,-0.021010759590399886,10.661748233515512,1.1530740783024815,0.7886659073916998,mr_webots_overtaking_large_ship_0_4_m_s.wbt,ekf_on_cluster_off,1,0,5.0
1782954177.894217,97.38319563865662,-200.0,198.45400772749093,0.2,6.200491410532813,11.53400513397683,1.678188600826486,0.03064759578316246,0.18233364946316322,1782954177.912601,None,None,None, None, 1782954177.8962166,1.0992020830310134,apf_colreg,overtaking,-1.0,0.9839238692302843,0.0,15.030794897694125,-0.06137391112003954,10.681471456626555,1.1520355344923021,0.7963193860294584,mr_webots_overtaking_large_ship_0_4_m_s.wbt,ekf_on_cluster_off,1,0,5.0
1782954177.9908643,97.47984290122986,-200.0,190.8402397447096,0.2,6.221051567346018,11.595327278506884,1.673251021899933,0.18064033433727372,0.19826592828758574,1782954177.912601,None,None,None, None, 1782954177.9658377,0.9113071410686043,apf_colreg,overtaking,-1.0,1.0025788875007964,0.0,14.969163715523603,-0.2470013526966266,10.681471456626555,1.1520355344923021,0.7963193860294584,mr_webots_overtaking_large_ship_0_4_m_s.wbt,ekf_on_cluster_off,1,0,5.0
1782954178.0915282,97.58050680160522,-200.0,185.78912847029224,0.2,6.23121905795662,11.662408719211232,1.6696789341453844,0.01697167099133935,0.2010053151467969,1782954178.0740104,None,None,None, None, 1782954178.0434334,1.025537890974084,apf_colreg,overtaking,-1.0,1.0303336795092382,0.0,14.968783727278389,-0.36218854362816266,10.719083097160562,1.1366153810749375,0.8065310658323287,mr_webots_overtaking_large_ship_0_4_m_s.wbt,ekf_on_cluster_off,1,0,5.0
1782954178.1917453,97.68072390556335,-200.0,183.078231452023,0.2,6.238179555981588,11.730099247065583,1.6665662804376398,0.013861952819565877,0.2021040150639439,1782954178.1532705,None,None,None, None, 1782954178.1262195,1.025490735414931,apf_colreg,overtaking,-1.0,1.0277668250081708,0.0,14.956302642962793,-0.4213919955365437,10.797553530863931,1.1236631703297641,0.8110136898303807,mr_webots_overtaking_large_ship_0_4_m_s.wbt,ekf_on_cluster_off,1,0,5.0
1782954178.2929127,97.78189134597778,-200.0,180.6850317455899,0.2,6.242805291408918,11.797614778815472,1.6638258221470776,0.006190376678392674,0.20257163800124298,1782954178.2288108,None,None,None, None, 1782954178.2198105,1.0109133479398529,apf_colreg,overtaking,-1.0,1.0406135515908972,0.0,14.964731873448162,-0.4729972146666359,10.851102336394828,1.119905082663087,0.824661995233089,mr_webots_overtaking_large_ship_0_4_m_s.wbt,ekf_on_cluster_off,1,0,5.0
1782954178.3911338,97.88011240959167,-200.0,179.60945731387304,0.2,6.245893659403094,11.864861059383477,1.6613364709231568,0.0011171480849186146,0.20274850323221263,1782954178.3871293,None,None,None, None, 1782954178.375599,0.917233815728332,apf_colreg,overtaking,-1.0,1.0466213198407524,0.0,14.966180324691756,-0.4957867601807564,10.917724453389575,1.1137703252492674,0.830028253284025,mr_webots_overtaking_large_ship_0_4_m_s.wbt,ekf_on_cluster_off,1,0,5.0
1782954178.4906473,97.97962594032288,-200.0,181.25074785711334,0.2,6.244951094093612,11.931957913293525,1.6590111505400582,-0.02880081228558384,0.19998321451733542,1782954178.4831436,None,None,None, None, 1782954178.4649851,1.0651616715205514,apf_colreg,overtaking,-1.0,1.0536918118542848,0.0,14.971670559013596,-0.4611652804874691,10.981977905549847,1.109208398891282,0.8376944269019269,mr_webots_overtaking_large_ship_0_4_m_s.wbt,ekf_on_cluster_off,1,0,5.0
1782954178.5913801,98.0803587436676,-200.0,182.03371989229353,0.2,6.2447511174545545,11.999196331329006,1.6565054850254128,-0.009327777014572282,0.1992629795185937,1782954178.5603576,None,None,None, None, 1782954178.542821,1.029126495300869,apf_colreg,overtaking,-1.0,1.0735407722413903,0.0,14.98183971924345,-0.4446896705870085,11.02889549897546,1.1077367088000738,0.8532498078612241,mr_webots_overtaking_large_ship_0_4_m_s.wbt,ekf_on_cluster_off,1,0,5.0
1782954178.6964374,98.18541598320007,-200.0,183.56174026650322,0.2,6.244118335858122,12.066540408219145,1.6539737927736837,-0.012139110171108754,0.19807150541537616,1782954178.6585093,None,None,None, None, 1782954178.7009466,0.9232835336533438,apf_colreg,overtaking,-1.0,1.0842359126747252,0.0,14.98585065826326,-0.41169850349432036,11.086501065957629,1.1052901527231112,0.8583954458090091,mr_webots_overtaking_large_ship_0_4_m_s.wbt,ekf_on_cluster_off,1,0,5.0
1782954178.7908392,98.27981781959534,-200.0,190.1438350778733,0.2,6.21858130601985,11.66349184771321,1.6666298466650924,-0.13222559073448722,0.18914777611057854,1782954178.7980566,11.6572769993957,1.6668313001993007,6.1972979125228465, 1782954178.788837, 1782954178.7738147,1.081345366583296,apf_colreg,overtaking,-1.0,0.6106480171742157,8.606223863633987,15.060240210331013,-0.26483594465494775,11.134600873511463,1.0980197924588448,0.8719591326633136,mr_webots_overtaking_large_ship_0_4_m_s.wbt,ekf_on_cluster_off,1,0,5.0
1782954178.8913002,98.38027882575989,-200.0,195.53835452812734,0.2,6.211784708409249,11.704574572896847,1.6637785448640416,-0.018637910971657897,0.186150844832288,1782954178.8867955,None,None,None, None, 1782954178.85607,0.9984530232552458,apf_colreg,overtaking,-1.0,1.119948758620494,0.0,15.06434565995174,-0.1350909782779306,10.68031881772758,1.1400765662037435,0.8774465083018937,mr_webots_overtaking_large_ship_0_4_m_s.wbt,ekf_on_cluster_off,1,0,5.0
1782954178.9951682,98.4841468334198,-198.06850645003323,200.0,0.2,6.203644227923602,11.76476108682162,1.659287799036413,-0.05046745268394567,0.18144003634827152,1782954178.980139,None,None,None, None, 1782954178.9996743,1.0499432301012255,apf_colreg,overtaking,-1.0,1.1285171797491524,0.0,15.042522277957868,0.07128693119724083,10.722723382658941,1.1379832164345394,0.8835406410594541,mr_webots_overtaking_large_ship_0_4_m_s.wbt,ekf_on_cluster_off,1,0,5.0
1782954179.091065,98.58004355430603,-192.04045924178772,200.0,0.2,6.198823246428052,11.832217426731177,1.6536554830776264,-0.012222404185280186,0.18033493017838004,1782954179.0705554,None,None,None, None, 1782954179.0885603,0.9564265477836659,apf_colreg,overtaking,-1.0,1.1572932474868063,0.0,15.031145673398203,0.21964942714957125,10.753948832223648,1.1406442017524776,0.9039896010490968,mr_webots_overtaking_large_ship_0_4_m_s.wbt,ekf_on_cluster_off,1,0,5.0
1782954179.1989586,98.68793725967407,-186.04307667916746,200.0,0.2,6.194483742032331,11.90047964932415,1.6476891148771369,-0.01632526246125514,0.17898828705675426,1782954179.1530437,None,None,None, None, 1782954179.1855628,1.0022241136826462,apf_colreg,overtaking,-1.0,1.170145224477175,0.0,15.02340288557452,0.35783318724493896,10.812167616887079,1.1390459372805681,0.910392787681039,mr_webots_overtaking_large_ship_0_4_m_s.wbt,ekf_on_cluster_off,1,0,5.0
1782954179.291557,98.78053569793701,-180.2163867089985,200.0,0.2,6.190798635848012,11.968200766052034,1.6414806269300755,-0.011430489550482311,0.1780740749598022,1782954179.233024,None,None,None, None, 1782954179.2685144,0.9519122840284897,apf_colreg,overtaking,-1.0,1.1865931273288426,0.0,15.016687246901494,0.48460835560833804,10.859476062443758,1.1359403978136278,0.9217250830054008,mr_webots_overtaking_large_ship_0_4_m_s.wbt,ekf_on_cluster_off,1,0,5.0
1782954179.3958402,98.88481879234314,-172.39533335585816,200.0,0.2,6.185628752371199,12.035210651182668,1.6350900691939412,-0.025004271503651497,0.17617258249487378,1782954179.3090706,None,None,None, None, 1782954179.3658075,1.0430547720544403,apf_colreg,overtaking,-1.0,1.1865931273288426,0.0,15.003631736060274,0.6449000615293521,10.859476062443758,1.1359403978136278,0.9217250830054008,mr_webots_overtaking_large_ship_0_4_m_s.wbt,ekf_on_cluster_off,1,0,5.0
1782954179.491346,98.98032450675964,-165.72468646574467,200.0,0.2,6.18280918667116,12.101271313770305,1.6283898475825094,0.0022146019134212176,0.17654524647690575,1782954179.4773464,None,None,None, None, 1782954179.4533157,1.0710171965864999,apf_colreg,overtaking,-1.0,1.1865931273288426,0.0,14.990004205943366,0.773975395749849,10.859476062443758,1.1359403978136278,0.9217250830054008,mr_webots_overtaking_large_ship_0_4_m_s.wbt,ekf_on_cluster_off,1,0,5.0
1782954179.5960402,99.08501887321472,-160.95816464598423,200.0,0.2,6.182264670393914,12.166498192767444,1.62161573578347,0.01901815430150965,0.1780216900936176,1782954179.5549798,None,None,None, None, 1782954179.5379584,1.0045632111707863,apf_colreg,overtaking,-1.0,1.2011573210634185,0.0,14.980723440860954,0.862536063083061,11.016262528007493,1.1279547236548966,0.9372987245944756,mr_webots_overtaking_large_ship_0_4_m_s.wbt,ekf_on_cluster_off,1,0,5.0
1782954179.691684,99.18066263198853,-158.10261736198203,200.0,0.2,6.184481739938099,12.231115258860655,1.6149171254122212,0.037709500435430324,0.18118263922417405,1782954179.7147446,None,None,None, None, 1782954179.6976907,1.0064813843242015,apf_colreg,overtaking,-1.0,1.2065639323729707,0.0,14.971357922663486,0.9140230276701962,11.075486970296076,1.123637737243379,0.9475175096677264,mr_webots_overtaking_large_ship_0_4_m_s.wbt,ekf_on_cluster_off,1,0,5.0
1782954179.7907147,99.27969336509705,-200.0,146.38041441299853,0.2,6.208264079462617,12.295364366254013,1.608468456430451,0.21970440553761003,0.21422695069528697,1782954179.789207,None,None,None, None, 1782954179.7751994,1.0555519065638466,track,none,0.0,nan,nan,14.971357922663486,0.9140230276701962,11.136261226191717,1.1211214982514215,0.9574352377143385,mr_webots_overtaking_large_ship_0_4_m_s.wbt,ekf_on_cluster_off,1,0,5.0
1782954179.892032,99.38101053237915,-200.0,138.5032542774566,0.2,6.2103439517703585,11.820544809987087,1.6520114329013866,0.013888134444340144,0.2155500588863505,1782954179.884476,11.814874919846897,1.6525134713460128,6.194911150327689, 1782954179.792723, 1782954179.867955,0.9398106482874795,track,none,0.0,nan,nan,14.971357922663486,0.9140230276701962,11.211804454824579,1.0926888538252473,0.9757684272916074,mr_webots_overtaking_large_ship_0_4_m_s.wbt,ekf_on_cluster_off,1,0,5.0
1782954179.9962425,99.48522114753723,-200.0,134.87552556129148,0.2,6.219658248165146,11.8498210222005,1.6501166107050222,0.003924004462850055,0.21592384233815728,1782954179.9797316,None,None,None, None, 1782954179.950672,1.037393965296785,track,none,0.0,nan,nan,14.971357922663486,0.9140230276701962,10.688622774010236,1.140085526460585,0.9870823560257894,mr_webots_overtaking_large_ship_0_4_m_s.wbt,ekf_on_cluster_off,1,0,5.0
1782954180.0907524,99.57973098754883,-200.0,133.23024775130062,0.2,6.224563809299086,11.897449018612157,1.64741741160375,-0.01950366924205895,0.2142842392538911,1782954180.063798,None,None,None, None, 1782954180.038368,1.0264891198144237,track,none,0.0,nan,nan,14.971357922663486,0.9140230276701962,10.740578707647277,1.124380435532613,1.0075013946631344,mr_webots_overtaking_large_ship_0_4_m_s.wbt,ekf_on_cluster_off,1,0,5.0
1782954180.191473,99.68045163154602,-200.0,132.5681381844966,0.2,6.227301940216297,11.954490911755478,1.6443744539384761,-0.02122176123441412,0.2123285482780121,1782954180.155953,None,None,None, None, 1782954180.1679533,1.0409325949045138,track,none,0.0,nan,nan,14.971357922663486,0.9140230276701962,10.789807112923029,1.1129422789341323,1.013356913212808,mr_webots_overtaking_large_ship_0_4_m_s.wbt,ekf_on_cluster_off,1,0,5.0
1782954180.2908077,99.7797863483429,-200.0,133.4781418814051,0.2,6.226406173502777,12.014752259275488,1.6412710270458062,-0.04484253911934192,0.20830887815206658,1782954180.2455926,None,None,None, None, 1782954180.2546272,0.9344713058495091,track,none,0.0,nan,nan,14.971357922663486,0.9140230276701962,10.833573400544196,1.1062379124482449,1.0235657090923578,mr_webots_overtaking_large_ship_0_4_m_s.wbt,ekf_on_cluster_off,1,0,5.0
1782954180.3908422,99.87982082366943,-200.0,142.54612653396072,0.2,6.206118989973587,12.07595164891363,1.637974464079143,-0.2060255908179973,0.19001229254552932,1782954180.3344,None,None,None, None, 1782954180.3404014,0.9093762575099353,track,none,0.0,nan,nan,14.971357922663486,0.9140230276701962,10.833573400544196,1.1062379124482449,1.0235657090923578,mr_webots_overtaking_large_ship_0_4_m_s.wbt,ekf_on_cluster_off,1,0,5.0
1782954180.4919772,99.9809558391571,-200.0,146.9904318906401,0.2,6.197191344450116,12.138065524967375,1.6328879926200264,-0.04325517444845328,0.18360773186576598,1782954180.4824646,None,None,None, None, 1782954180.4969766,1.063009574381107,track,none,0.0,nan,nan,14.971357922663486,0.9140230276701962,10.833573400544196,1.1062379124482449,1.0235657090923578,mr_webots_overtaking_large_ship_0_4_m_s.wbt,ekf_on_cluster_off,1,0,5.0
1782954180.591741,100.08071970939636,-200.0,151.77744442904336,0.2,6.187317454142165,12.200787519489356,1.6273387741733512,-0.0701204070421616,0.17710292220579985,1782954180.5752308,None,None,None, None, 1782954180.5892372,1.0612001347540567,track,none,0.0,nan,nan,14.971357922663486,0.9140230276701962,10.954715905326639,1.1151535597167122,1.046982255908589,mr_webots_overtaking_large_ship_0_4_m_s.wbt,ekf_on_cluster_off,1,0,5.0
1782954180.6908906,100.17986917495728,-200.0,155.22612701679574,0.2,6.180872362542192,12.264036041683445,1.6211144544269143,-0.03986223939973829,0.17416903073020418,1782954180.6488316,None,None,None, None, 1782954180.6823866,1.077373119498622,track,none,0.0,nan,nan,14.971357922663486,0.9140230276701962,11.004774485823893,1.1065780597324268,1.0703964244657511,mr_webots_overtaking_large_ship_0_4_m_s.wbt,ekf_on_cluster_off,1,0,5.0
1782954180.7915168,100.28049540519714,-200.0,158.32490454009,0.2,6.175321594081167,12.327701617339184,1.6145064942846652,-0.040489136478134555,0.17084327362695798,1782954180.7940283,None,None,None, None, 1782954180.7584708,1.0622468656419146,track,none,0.0,nan,nan,14.971357922663486,0.9140230276701962,11.051140903603459,1.1028669109697011,1.0775640340537969,mr_webots_overtaking_large_ship_0_4_m_s.wbt,ekf_on_cluster_off,1,0,5.0
1782954180.8972027,100.3861813545227,-200.0,160.17390155558314,0.2,6.161589601295184,11.975249780723919,1.6372904723325714,-0.061209641035980686,0.16232429427677383,1782954180.8701482,11.96988536058535,1.637673777202132,6.149788535051122, 1782954180.795034, 1782954180.8621492,0.9359945148582306,track,none,0.0,nan,nan,14.971357922663486,0.9140230276701962,11.106521184400169,1.0890397485968228,1.0949197100414854,mr_webots_overtaking_large_ship_0_4_m_s.wbt,ekf_on_cluster_off,1,0,5.0
1782954180.9908752,100.4798538684845,-200.0,162.79929646352807,0.2,6.156461102413275,12.015626411775221,1.6323017173680494,-0.040301480965398415,0.15930128732914967,1782954180.945158,None,None,None, None, 1782954180.94816,1.0728222662132905,track,none,0.0,nan,nan,14.971357922663486,0.9140230276701962,10.715155450195828,1.128925938432606,1.092325033718571,mr_webots_overtaking_large_ship_0_4_m_s.wbt,ekf_on_cluster_off,1,0,5.0
1782954181.092157,100.58113551139832,-200.0,170.1225905429386,0.2,6.138923601891292,12.071874198083611,1.6250828683481373,-0.1649198082454398,0.13730256374660565,1782954181.0785484,None,None,None, None, 1782954181.0951564,1.057949078008628,track,none,0.0,nan,nan,14.971357922663486,0.9140230276701962,10.775994275432915,1.123289106029742,1.0993205695472406,mr_webots_overtaking_large_ship_0_4_m_s.wbt,ekf_on_cluster_off,1,0,5.0
1782954181.1949823,100.68396091461182,-200.0,174.5542965939598,0.2,6.129779001861189,12.1349046842933,1.6155393345944402,-0.03307480907980772,0.13430049717806822,1782954181.1693144,None,None,None, None, 1782954181.1848335,0.9995720907459834,track,none,0.0,nan,nan,14.971357922663486,0.9140230276701962,10.822166850960631,1.1270704955127762,1.1173191077998714,mr_webots_overtaking_large_ship_0_4_m_s.wbt,ekf_on_cluster_off,1,0,5.0
1782954181.291023,100.78000164031982,-200.0,178.42643050765616,0.2,6.122176722043305,12.200053665183761,1.6052291358468098,-0.04010636187407076,0.13060372168324264,1782954181.2614887,None,None,None, None, 1782954181.2900236,1.074734886789472,track,none,0.0,nan,nan,14.971357922663486,0.9140230276701962,10.860838408514903,1.1278137521573324,1.1417305236619517,mr_webots_overtaking_large_ship_0_4_m_s.wbt,ekf_on_cluster_off,1,0,5.0
1782954181.3942835,100.88326215744019,-67.78083565693524,200.0,0.2,6.110400997997578,12.265945410676622,1.59434691717669,-0.08456252490591286,0.1248179996904401,1782954181.397284,None,None,None, None, 1782954181.3607502,0.9186889920986214,apf_colreg,overtaking,-1.0,1.3806058065454299,0.0,14.83513644467539,2.231281312335753,10.927247311256966,1.1149822161812322,1.1577616342314054,mr_webots_overtaking_large_ship_0_4_m_s.wbt,ekf_on_cluster_off,1,0,5.0
1782954181.4939613,100.98293995857239,-200.0,-200.0,0.2,6.1004475748251075,12.322637119023964,1.5839208397289992,-0.017623506012143946,0.12221780917670838,1782954181.4774492,None,None,None, None, 1782954181.4438605,1.0459134910161014,apf_avoid,none,0.0,nan,nan,12.73714046564491,-5.3656865556264535,10.976869948745257,1.1164121340836046,1.1619645400102037,mr_webots_overtaking_large_ship_0_4_m_s.wbt,ekf_on_cluster_off,1,0,5.0
1782954181.59077,101.07974863052368,-200.0,-200.0,0.2,6.0985942179364345,12.366416203030028,1.575954479362383,-0.03757330317065102,0.11923842815069775,1782954181.5567443,None,None,None, None, 1782954181.5892658,1.0705428637703374,apf_avoid,none,0.0,nan,nan,12.728054746502092,-5.240267588428942,11.015563141113914,1.11728221182559,1.168630782251861,mr_webots_overtaking_large_ship_0_4_m_s.wbt,ekf_on_cluster_off,1,0,5.0
1782954181.691017,101.1799955368042,-24.47206150083187,200.0,0.2,6.0973313828484645,12.40551210106809,1.5689873910958063,-0.07432524531314312,0.11268192458308883,1782954181.644958,None,None,None, None, 1782954181.660981,0.9701841131329748,apf_colreg,overtaking,-1.0,1.4077529292128892,0.0,14.740318064058723,2.7273754968322548,11.065756632009482,1.0852525685971643,1.193893679795504,mr_webots_overtaking_large_ship_0_4_m_s.wbt,ekf_on_cluster_off,1,0,5.0
1782954181.7915752,101.28055381774902,12.043795293074847,200.0,0.2,6.085483073416543,12.45075909159913,1.56030363029853,-0.07577797531662614,0.10642774983576345,1782954181.727491,None,None,None, None, 1782954181.7420075,1.0435228272366472,apf_colreg,overtaking,-1.0,1.4077529292128892,0.0,14.680138134053568,3.0136631543801293,11.065756632009482,1.0852525685971643,1.193893679795504,mr_webots_overtaking_large_ship_0_4_m_s.wbt,ekf_on_cluster_off,1,0,5.0
1782954181.8911562,101.38013482093811,-43.08352647702485,200.0,0.2,6.069997488400276,12.111750301276082,1.6174157805562321,-0.12437214352546355,0.09314203734428302,1782954181.8343132,12.106657531492793,1.6183002507903634,6.085068263735332, 1782954181.801292, 1782954181.8463218,1.0946120100246763,apf_colreg,overtaking,-1.0,0.5893076781248726,15.3062995159315,14.815799705752271,2.52723602192939,11.142007336956674,1.0763215603147924,1.1827756542245584,mr_webots_overtaking_large_ship_0_4_m_s.wbt,ekf_on_cluster_off,1,0,5.0
1782954181.9907925,101.47977113723755,-20.598787524021045,200.0,0.2,6.056020677591682,12.13078711101252,1.6129850921420417,0.03132651238242069,0.0955504114638743,1782954181.9947984,None,None,None, None, 1782954181.9297063,1.051471298565711,apf_colreg,overtaking,-1.0,1.3697709049837352,26.403276362298627,14.773255593900137,2.7768481686061097,11.142007336956674,1.0763215603147924,1.1827756542245584,mr_webots_overtaking_large_ship_0_4_m_s.wbt,ekf_on_cluster_off,1,0,5.0
1782954182.091082,101.58006072044373,3.385205991232762,200.0,0.2,6.048649046093168,12.163001439793112,1.605123343048888,0.04680185551352914,0.10375879944828681,1782954182.0865788,None,None,None, None, 1782954182.0093083,0.9297569321291639,apf_colreg,overtaking,-1.0,1.4315247399140658,0.0,14.72844122645562,2.977514791021246,10.768801373903655,1.1771547960362687,1.217454256406968,mr_webots_overtaking_large_ship_0_4_m_s.wbt,ekf_on_cluster_off,1,0,5.0
1782954182.1907842,101.679762840271,33.526689156134005,200.0,0.2,6.046509857269249,12.203124511045399,1.595104396216569,0.06935342775740866,0.10984052524826254,1782954182.1742706,None,None,None, None, 1782954182.1742706,0.9921219221371438,apf_colreg,overtaking,-1.0,1.4474020383994977,0.0,14.687217236234426,3.133309999658695,10.77860110086358,1.192191042807423,1.2229710665457725,mr_webots_overtaking_large_ship_0_4_m_s.wbt,ekf_on_cluster_off,1,0,5.0
1782954182.2913442,101.78032279014587,-200.0,-200.0,0.2,6.046130558464427,12.246807383371461,1.5841778815315046,0.06618671767105978,0.1141550373163709,1782954182.2394576,None,None,None, None, 1782954182.2394576,1.0690815961134372,apf_avoid,none,0.0,nan,nan,13.010445172775256,-4.66951797779459,10.813666951326706,1.2080268794790385,1.2283385106048188,mr_webots_overtaking_large_ship_0_4_m_s.wbt,ekf_on_cluster_off,1,0,5.0
1782954182.3931115,101.88209009170532,-200.0,-200.0,0.2,6.058872269706993,12.285701084281497,1.5750479459601077,0.06277062308041227,0.1193276412158274,1782954182.3971136,None,None,None, None, 1782954182.3875995,1.0141226289398022,apf_avoid,none,0.0,nan,nan,12.923492195359254,-4.719194122128808,10.840554196735912,1.2116886330592935,1.2453839530548703,mr_webots_overtaking_large_ship_0_4_m_s.wbt,ekf_on_cluster_off,1,0,5.0
1782954182.4909875,101.97996616363525,-200.0,-200.0,0.2,6.063572193196483,12.322431797617172,1.5672185735323028,-0.06983282636467798,0.10839113808650257,1782954182.4784722,None,None,None, None, 1782954182.4653294,0.9813184715269397,apf_avoid,none,0.0,nan,nan,12.878996308250626,-4.680543975769287,10.882288339431083,1.177644797225437,1.2468003089154664,mr_webots_overtaking_large_ship_0_4_m_s.wbt,ekf_on_cluster_off,1,0,5.0
1782954182.5911436,102.08012223243713,-200.0,-200.0,0.2,6.0671027244444415,12.357976277785113,1.5597716866652607,-0.06977796030762941,0.10150857524722622,1782954182.5771074,None,None,None, None, 1782954182.539061,0.9004898222629723,apf_avoid,none,0.0,nan,nan,12.841634826469505,-4.631426199894097,10.93293498564152,1.154248567728868,1.2578951069189899,mr_webots_overtaking_large_ship_0_4_m_s.wbt,ekf_on_cluster_off,1,0,5.0
1782954182.6909637,102.17994236946106,-200.0,-200.0,0.2,6.028600147203312,12.392886117576053,1.5525629629766757,-0.4356024829369577,0.05910635982996006,1782954182.674449,None,None,None, None, 1782954182.6949692,0.9196181934438616,apf_avoid,none,0.0,nan,nan,12.9867941049944,-4.042986991759298,10.967304611920541,1.12140210982124,1.2685756686103573,mr_webots_overtaking_large_ship_0_4_m_s.wbt,ekf_on_cluster_off,1,0,5.0
1782954182.7911284,102.28010702133179,186.0252948602538,200.0,0.2,6.017123892953997,12.426993856577374,1.5435881808247336,-0.0804927599218669,0.05374730080242619,1782954182.741027,None,None,None, None, 1782954182.7646167,1.0437665388983721,apf_colreg,overtaking,-1.0,1.474249811449142,0.0,14.379657236065833,4.211047329875374,10.98811707471451,1.1435540519278382,1.2813368217741958,mr_webots_overtaking_large_ship_0_4_m_s.wbt,ekf_on_cluster_off,1,0,5.0
1782954182.8907344,102.37971305847168,84.00642133189022,200.0,0.2,6.02344988782855,12.218915324619342,1.5977663663908712,-0.06832487306207798,0.04837297954530664,1782954182.8987439,12.215712572981769,1.598612041958216,6.071587468522621, 1782954182.815678, 1782954182.8712187,1.0182780268283584,apf_colreg,overtaking,-1.0,1.485513156142548,3.6029262868192045,14.627140669560637,3.426125543965677,11.005196622167151,1.1438016128132227,1.2908536581438275,mr_webots_overtaking_large_ship_0_4_m_s.wbt,ekf_on_cluster_off,1,0,5.0
1782954183.0068672,102.49584579467773,136.627375646619,200.0,0.2,6.003458023089624,12.237456175987582,1.5925241042431741,-0.030730840974945547,0.04594344815867203,1782954182.8987439,None,None,None, None, 1782954183.013867,0.9031627702714422,apf_colreg,overtaking,-1.0,1.5021672705949551,0.0,14.533629739245198,3.7845017737556246,10.774821178976547,1.193201832474702,1.297546186248694,mr_webots_overtaking_large_ship_0_4_m_s.wbt,ekf_on_cluster_off,1,0,5.0
1782954183.0920098,102.58098840713501,169.92962710446375,200.0,0.2,5.991497697723911,12.263866657615825,1.5844538440347105,0.046745083201425605,0.05200341866159122,1782954183.1390443,None,None,None, None, 1782954183.105523,1.0194754213033919,apf_colreg,overtaking,-1.0,1.5021672705949551,0.0,14.45173787979074,4.060374282674168,10.774821178976547,1.193201832474702,1.297546186248694,mr_webots_overtaking_large_ship_0_4_m_s.wbt,ekf_on_cluster_off,1,0,5.0
1782954183.1917422,102.68072080612183,176.0226294035294,200.0,0.2,5.996176807673748,12.29434597946079,1.5748082344223082,0.17422946756516,0.07128395558521465,1782954183.1390443,None,None,None, None, 1782954183.1767118,0.931718587608419,apf_colreg,overtaking,-1.0,1.5021672705949551,0.0,14.4271179415031,4.115563547442056,10.827560836681448,1.241624184236494,1.3148594000994478,mr_webots_overtaking_large_ship_0_4_m_s.wbt,ekf_on_cluster_off,1,0,5.0
1782954183.291082,102.78006052970886,-200.0,-178.68819032786288,0.2,5.996631060806355,12.327268379959797,1.5647798481745439,0.0757779684980247,0.07912452791352712,1782954183.242512,None,None,None, None, 1782954183.2520237,1.0206421352863762,apf_avoid,none,0.0,nan,nan,13.154276979066012,-3.778159334226148,10.827560836681448,1.241624184236494,1.3148594000994478,mr_webots_overtaking_large_ship_0_4_m_s.wbt,ekf_on_cluster_off,1,0,5.0
1782954183.3981764,102.88715505599976,-200.0,-186.44164722148943,0.2,6.01008584880075,12.361589481705543,1.5549025025943624,0.07040539823749466,0.08439550243181523,1782954183.4249473,None,None,None, None, 1782954183.339896,0.9901175256135099,apf_avoid,none,0.0,nan,nan,13.067620344740673,-3.831153298142319,10.84736786352668,1.2573890605283233,1.3151823302884984,mr_webots_overtaking_large_ship_0_4_m_s.wbt,ekf_on_cluster_off,1,0,5.0
1782954183.4960618,102.98504042625427,-200.0,-177.75847805800754,0.2,6.0114597970206916,12.39643435659881,1.545676327819963,-0.09913671214199568,0.07373144386314655,1782954183.4249473,None,None,None, None, 1782954183.4659982,1.0492393336063244,apf_avoid,none,0.0,nan,nan,13.030152952440986,-3.733564340891136,10.84736786352668,1.2573890605283233,1.3151823302884984,mr_webots_overtaking_large_ship_0_4_m_s.wbt,ekf_on_cluster_off,1,0,5.0
1782954183.5918877,103.08086633682251,-200.0,-169.25594153967307,0.2,6.0136244315067895,12.431877120915939,1.5362374012946682,-0.069220869606163,0.06794259567604896,1782954183.508576,None,None,None, None, 1782954183.5371184,0.9335663233222922,apf_avoid,none,0.0,nan,nan,12.989363003912354,-3.643486214476427,10.912362964399755,1.2099430779448634,1.3404544184528158,mr_webots_overtaking_large_ship_0_4_m_s.wbt,ekf_on_cluster_off,1,0,5.0
1782954183.704355,103.19333362579346,-200.0,-155.27169380386226,0.2,6.0130832166060255,12.468084711741382,1.52666156308656,-0.0892075402884092,0.05912630091229052,1782954183.607405,None,None,None, None, 1782954183.615405,1.0085025814836532,apf_avoid,none,0.0,nan,nan,12.95811646015629,-3.516483150615995,10.952099733429044,1.1865363968887106,1.3336916954376001,mr_webots_overtaking_large_ship_0_4_m_s.wbt,ekf_on_cluster_off,1,0,5.0
1782954183.7914796,103.2804582118988,200.0,200.0,0.2,6.01220245496972,12.505332894271698,1.5167373778180264,-0.08199789838198887,0.049124357613735035,1782954183.729383,None,None,None, None, 1782954183.728382,0.9688524967441758,apf_colreg,overtaking,-1.0,1.524300610250048,0.0,14.249440416555583,4.616052212071982,11.000279860352757,1.1398620960341623,1.3557459342545242,mr_webots_overtaking_large_ship_0_4_m_s.wbt,ekf_on_cluster_off,1,0,5.0
1782954183.8914397,103.38041830062866,-200.0,-200.0,0.2,6.035894107313901,12.311310366421528,1.5795140210337668,0.1278301142752481,0.06894561046062835,1782954183.8844423,12.30827994021954,1.5804763764596788,6.064247510762714, 1782954183.829731, 1782954183.8643682,0.9424155490778808,apf_avoid,none,0.0,nan,nan,13.042721023368138,-4.477309114157663,11.022083810574493,1.1277696963228778,1.3474265152373148,mr_webots_overtaking_large_ship_0_4_m_s.wbt,ekf_on_cluster_off,1,0,5.0
1782954183.9909885,103.47996711730957,-200.0,-200.0,0.2,6.047377240812349,12.326920318531712,1.5757407698563086,0.005338398364358707,0.06950636385327125,1782954183.9894838,None,None,None, None, 1782954183.9624703,0.9106608142239226,apf_avoid,none,0.0,nan,nan,12.9789886823116,-4.5790871517211285,10.822267935392672,1.153939463672365,1.3723633955704166,mr_webots_overtaking_large_ship_0_4_m_s.wbt,ekf_on_cluster_off,1,0,5.0
1782954184.0911837,103.58016228675842,-200.0,-200.0,0.2,6.058975052404648,12.34837828615577,1.5708996757443594,-0.021674454912990294,0.0677578726754752,1782954184.0701544,None,None,None, None, 1782954184.0516443,1.0120304408077332,apf_avoid,none,0.0,nan,nan,12.911017023642886,-4.667944701417462,10.84274516376988,1.1257305871555643,1.3753904486022526,mr_webots_overtaking_large_ship_0_4_m_s.wbt,ekf_on_cluster_off,1,0,5.0
1782954184.1908886,103.67986726760864,49.116248595331776,200.0,0.2,6.065824412721189,12.374326063216476,1.565386188272406,-0.06617223709781528,0.061326126052766224,1782954184.1673515,None,None,None, None, 1782954184.1262817,1.0470682526724138,apf_colreg,overtaking,-1.0,1.5746318122983332,0.0,14.64394545286852,3.21378982174108,10.858560849510718,1.0877890645265282,1.3789533949849335,mr_webots_overtaking_large_ship_0_4_m_s.wbt,ekf_on_cluster_off,1,0,5.0
1782954184.2934568,103.7824354171753,83.5122999870199,200.0,0.2,6.058996825928215,12.409503379251632,1.5575896604970687,-0.05615818779214209,0.055902125668590937,1782954184.2639358,None,None,None, None, 1782954184.2999632,0.9188836856981584,apf_colreg,overtaking,-1.0,1.5686662941493,0.0,14.592875033564537,3.414875234268491,10.918661090166287,1.0671225812131704,1.3949460833210132,mr_webots_overtaking_large_ship_0_4_m_s.wbt,ekf_on_cluster_off,1,0,5.0
1782954184.393247,103.88222551345825,125.68414526893422,200.0,0.2,6.047954801553138,12.449128865688621,1.548175894545004,-0.027032331079237963,0.05395405051134398,1782954184.3360004,None,None,None, None, 1782954184.3661516,1.0149013532764972,apf_colreg,overtaking,-1.0,1.5769359971055956,0.0,14.520547110288804,3.694725727960579,10.928011544409975,1.0642108603984426,1.3950202198860013,mr_webots_overtaking_large_ship_0_4_m_s.wbt,ekf_on_cluster_off,1,0,5.0
1782954184.4955077,103.98448634147644,154.72143638809672,200.0,0.2,6.041303589507557,12.489405922868624,1.5379716392285623,0.04151558173131208,0.057744720509427236,1782954184.520538,None,None,None, None, 1782954184.4669602,1.0469063421475022,apf_colreg,overtaking,-1.0,1.5769359971055956,0.0,14.459108515918757,3.918871238744868,10.965191557584918,1.0871803098483788,1.4119542941954966,mr_webots_overtaking_large_ship_0_4_m_s.wbt,ekf_on_cluster_off,1,0,5.0
1782954184.5913339,104.08031249046326,176.87480948614143,200.0,0.2,6.036610704129151,12.528748728258973,1.5277357733653179,0.0560440500015621,0.06296973452378118,1782954184.520538,None,None,None, None, 1782954184.5513055,1.0474939487273325,apf_colreg,overtaking,-1.0,1.591648454722789,0.0,14.401349784328264,4.117135327069832,10.965191557584918,1.0871803098483788,1.4119542941954966,mr_webots_overtaking_large_ship_0_4_m_s.wbt,ekf_on_cluster_off,1,0,5.0
1782954184.6942134,104.18319201469421,-200.0,-178.19485595508712,0.2,6.034926636457277,12.566572657265784,1.5177185147001806,0.07960032905376249,0.07502115553516851,1782954184.6719372,None,None,None, None, 1782954184.6240458,0.9625474440473787,apf_avoid,none,0.0,nan,nan,12.849652391679788,-3.6859760215315833,10.992291578322993,1.111628654785675,1.4065120218112988,mr_webots_overtaking_large_ship_0_4_m_s.wbt,ekf_on_cluster_off,1,0,5.0
1782954184.7912772,104.28025579452515,-200.0,-181.53225985897134,0.2,6.045035660983102,12.603736010033996,1.5084771940425554,0.05451800111590591,0.07948197497099571,1782954184.75376,None,None,None, None, 1782954184.783634,1.0048497441123703,apf_avoid,none,0.0,nan,nan,12.783393894720444,-3.6989364879650295,11.033573243388103,1.1321602793378882,1.4168152431633443,mr_webots_overtaking_large_ship_0_4_m_s.wbt,ekf_on_cluster_off,1,0,5.0
1782954184.8907936,104.3797721862793,-200.0,-200.0,0.2,6.065930155792581,12.405981561900774,1.5589860793757804,0.021150131372557425,0.08109058960852177,1782954184.829817,12.402884585355299,1.5597645078841278,6.080588923920598, 1782954184.842326, 1782954184.8596597,0.9836974326429364,apf_avoid,none,0.0,nan,nan,12.84485527168256,-4.606392503000251,11.056041747538783,1.1078722863409534,1.4344931318157494,mr_webots_overtaking_large_ship_0_4_m_s.wbt,ekf_on_cluster_off,1,0,5.0
1782954184.9920812,104.48105978965759,-200.0,-200.0,0.2,6.074844342335437,12.422322818511404,1.555650325657594,-0.09140545341160403,0.06768409874967987,1782954184.9764876,None,None,None, None, 1782954184.9264781,1.0033233335100349,apf_avoid,none,0.0,nan,nan,12.79431378731545,-4.6782823531594016,10.865266616691729,1.1139788442575442,1.45009396015132,mr_webots_overtaking_large_ship_0_4_m_s.wbt,ekf_on_cluster_off,1,0,5.0
1782954185.091383,104.58036160469055,-200.0,-200.0,0.2,6.080161877147836,12.444380946644868,1.5512876743273059,-0.07570503415044466,0.06199112820764057,1782954185.051687,None,None,None, None, 1782954185.0773845,1.0846198136643974,apf_avoid,none,0.0,nan,nan,12.757820660861896,-4.6907004660824425,10.891183197518876,1.0650553672537015,1.4425447815443482,mr_webots_overtaking_large_ship_0_4_m_s.wbt,ekf_on_cluster_off,1,0,5.0
1782954185.1909072,104.67988586425781,-200.0,-200.0,0.2,6.083861242229335,12.47076991750884,1.5461902345130822,-0.07261709964225108,0.05630472458961474,1782954185.194143,None,None,None, None, 1782954185.1419992,0.9702795478876319,apf_avoid,none,0.0,nan,nan,12.72725952742121,-4.672909418826355,10.925235911128427,1.0437516799575983,1.4585387598840878,mr_webots_overtaking_large_ship_0_4_m_s.wbt,ekf_on_cluster_off,1,0,5.0
1782954185.2933197,104.78229832649231,56.083327342182855,200.0,0.2,6.084708008890733,12.500165005376092,1.5406143860902843,-0.09028960917836651,0.04350078202559741,1782954185.2718034,None,None,None, None, 1782954185.2818098,0.9833577994898601,apf_colreg,overtaking,-1.0,1.6423243054924013,0.0,14.62162812416593,3.2501960263643026,10.932760524181132,0.9959510008939819,1.4644394378393568,mr_webots_overtaking_large_ship_0_4_m_s.wbt,ekf_on_cluster_off,1,0,5.0
1782954185.3910537,104.8800323009491,97.6978991315737,200.0,0.2,6.074186299808616,12.537416060797252,1.532990852968124,-0.06753575435636412,0.03866000771675382,1782954185.3434806,None,None,None, None, 1782954185.3484805,1.0109909068705012,apf_colreg,overtaking,-1.0,1.6373134476093563,0.0,14.561216754328251,3.5021159676588773,10.972969880972038,0.9810444127447618,1.4797991674672768,mr_webots_overtaking_large_ship_0_4_m_s.wbt,ekf_on_cluster_off,1,0,5.0
1782954185.4919107,104.98088932037354,142.5815059809572,200.0,0.2,6.060168126406765,12.577708609884338,1.523975957387304,-0.03804913228353703,0.035663814901719146,1782954185.4959042,None,None,None, None, 1782954185.4883258,1.0140417022437846,apf_colreg,overtaking,-1.0,1.6559837614087485,0.0,14.479820573981522,3.8194289083695603,10.991936892939469,0.9835956163459403,1.4873784857404286,mr_webots_overtaking_large_ship_0_4_m_s.wbt,ekf_on_cluster_off,1,0,5.0
1782954185.5912588,105.08023738861084,168.74987288119019,200.0,0.2,6.053515872280425,12.617638013562225,1.5143006124030065,0.05462685185504823,0.04402278453984945,1782954185.5752454,None,None,None, None, 1782954185.5607166,0.9970299702015522,apf_colreg,overtaking,-1.0,1.6511795282201465,0.0,14.419591625586701,4.039666407339061,11.048272430734336,1.0032644258560344,1.4974636530384566,mr_webots_overtaking_large_ship_0_4_m_s.wbt,ekf_on_cluster_off,1,0,5.0
1782954185.6917458,105.18072438240051,187.39518925537047,200.0,0.2,6.049273392806208,12.656218065370767,1.5047367095606456,0.06473349406851468,0.04801859196852572,1782954185.6369724,None,None,None, None, 1782954185.6837337,1.0921439491252256,apf_colreg,overtaking,-1.0,1.6511795282201465,0.0,14.36723545368471,4.22315991564188,11.048272430734336,1.0032644258560344,1.4974636530384566,mr_webots_overtaking_large_ship_0_4_m_s.wbt,ekf_on_cluster_off,1,0,5.0
1782954185.7909102,105.27988886833191,96.02033694788035,200.0,0.2,6.108341441546355,12.693196337728285,1.4954345380950254,0.6166951965209717,0.12596283274947556,1782954185.7633626,None,None,None, None, 1782954185.747835,1.040988195478079,apf_colreg,overtaking,-1.0,1.6535649913935389,0.0,14.560902368881091,3.4905902245923697,11.074213558780553,1.0304553528776215,1.5040002909094243,mr_webots_overtaking_large_ship_0_4_m_s.wbt,ekf_on_cluster_off,1,0,5.0
1782954185.891406,105.38038468360901,-200.0,-200.0,0.2,6.104430047289812,12.500660557698328,1.5368254484793797,0.07890672824797658,0.13385451394196285,1782954185.8633754,12.497578419231852,1.5374608435635142,6.060129261319891, 1782954185.854867, 1782954185.8878987,1.0996438014952683,apf_avoid,none,0.0,nan,nan,12.606811587865593,-4.813884667177588,11.125146226604935,0.9544411322169895,1.5151306287639514,mr_webots_overtaking_large_ship_0_4_m_s.wbt,ekf_on_cluster_off,1,0,5.0
1782954185.9943123,105.48329091072083,-200.0,-200.0,0.2,6.1292852925643535,12.520578181816457,1.5335884243344053,0.062253780566003156,0.1385302889287941,1782954185.9983127,None,None,None, None, 1782954185.9797766,0.9587709806215368,apf_avoid,none,0.0,nan,nan,12.476828905578602,-5.0841269627694246,10.90918691557264,1.0090606620454514,1.5071069259414487,mr_webots_overtaking_large_ship_0_4_m_s.wbt,ekf_on_cluster_off,1,0,5.0
1782954186.0907905,105.57976913452148,-200.0,-200.0,0.2,6.143809174917094,12.545521573030582,1.5302342715499249,-0.05466464540918866,0.1311634520232239,1782954186.073248,None,None,None, None, 1782954186.0652404,1.0997843716759452,apf_avoid,none,0.0,nan,nan,12.395616614114298,-5.221615213379955,10.92945080571678,0.9942329208410177,1.5093391860259888,mr_webots_overtaking_large_ship_0_4_m_s.wbt,ekf_on_cluster_off,1,0,5.0
1782954186.190422,105.67940068244934,-200.0,-200.0,0.2,6.152116537807171,12.574056856129786,1.5267209883807122,-0.07033284842053057,0.12566916776278791,1782954186.1513662,None,None,None, None, 1782954186.1388555,1.0569931120222313,apf_avoid,none,0.0,nan,nan,12.345842401039038,-5.279127801184,10.959233217190004,0.929731907231805,1.5197081037344813,mr_webots_overtaking_large_ship_0_4_m_s.wbt,ekf_on_cluster_off,1,0,5.0
1782954186.2907748,105.77975344657898,-200.0,-200.0,0.2,6.160739445597446,12.604980363589053,1.5230980773680094,-0.0405880556600698,0.12049801073755263,1782954186.278772,None,None,None, None, 1782954186.278772,0.9096571556093855,apf_avoid,none,0.0,nan,nan,12.294110014867664,-5.338642064853451,11.005659158757926,0.9064474846698471,1.5335050887383381,mr_webots_overtaking_large_ship_0_4_m_s.wbt,ekf_on_cluster_off,1,0,5.0
1782954186.3916533,105.88063192367554,-200.0,-200.0,0.2,6.144777620142759,12.6374200142096,1.5195778508901205,-0.2578211369915145,0.10158825632977422,1782954186.3521166,None,None,None, None, 1782954186.3756387,1.0873658657077052,apf_avoid,none,0.0,nan,nan,12.371441016867646,-5.096408574288422,11.035549000302536,0.8833560574215029,1.550402608783344,mr_webots_overtaking_large_ship_0_4_m_s.wbt,ekf_on_cluster_off,1,0,5.0
1782954186.4943833,105.9833619594574,-200.0,-200.0,0.2,6.1376694673762815,12.670674382692305,1.5151320138629116,-0.10627810165242686,0.0925957383030087,1782954186.4367297,None,None,None, None, 1782954186.4367297,0.9525698151934573,apf_avoid,none,0.0,nan,nan,12.39897365837083,-4.951157421999203,11.072559462953945,0.8791467900427218,1.5475514456102888,mr_webots_overtaking_large_ship_0_4_m_s.wbt,ekf_on_cluster_off,1,0,5.0
1782954186.591212,106.08019065856934,-7.238777965965125,200.0,0.2,6.133974211524546,12.704433064055628,1.5104232536472249,-0.08620796782026574,0.08361277508817855,1782954186.5409307,None,None,None, None, 1782954186.5419319,0.9172812540725185,apf_colreg,overtaking,-1.0,1.734718242697364,0.0,14.68798839350264,2.907057076108453,11.103926613696036,0.8423139186932811,1.563703441275829,mr_webots_overtaking_large_ship_0_4_m_s.wbt,ekf_on_cluster_off,1,0,5.0
1782954186.6949747,106.18395328521729,39.22278843797029,200.0,0.2,6.122849370419673,12.746176563417098,1.503924730053308,-0.05819821379734483,0.07744283787290547,1782954186.6469467,None,None,None, None, 1782954186.6314325,0.955170246194018,apf_colreg,overtaking,-1.0,1.734718242697364,0.0,14.637334375377236,3.154995170939795,11.12952458159426,0.8528613618118097,1.5716224062331559,mr_webots_overtaking_large_ship_0_4_m_s.wbt,ekf_on_cluster_off,1,0,5.0
1782954186.8353283,106.32430696487427,90.15260357184029,200.0,0.2,6.109191270587003,12.790813407625855,1.4962002493210123,-0.0362849681019341,0.07386439927008688,1782954186.844335,None,None,None, None, 1782954186.843335,1.0016597218346066,apf_colreg,overtaking,-1.0,1.7565205767004908,0.0,14.571286002175523,3.453556740866947,11.134897881687927,0.8543955242602274,1.582234920894187,mr_webots_overtaking_large_ship_0_4_m_s.wbt,ekf_on_cluster_off,1,0,5.0
1782954186.900414,106.38939261436462,142.49037636945667,200.0,0.2,6.067817181611331,12.581470044476248,1.517266040126899,0.030269956921123352,0.07685410224917837,1782954186.844335,12.578120522135302,1.51765537778556,6.004616554077872, 1782954186.870343, 1782954186.843335,1.0016597218346066,apf_colreg,overtaking,-1.0,1.7565205767004908,0.0,14.469984142434901,3.816073799071165,11.134897881687927,0.8543955242602274,1.582234920894187,mr_webots_overtaking_large_ship_0_4_m_s.wbt,ekf_on_cluster_off,1,0,5.0
1782954186.9912584,106.48023700714111,-200.0,-200.0,0.2,6.056598646684233,12.60533600396067,1.5117052264731403,0.03832527763932806,0.0800210539000398,1782954187.0027804,None,None,None, None, 1782954187.0363066,0.9117003269796056,apf_avoid,none,0.0,nan,nan,12.749196943492462,-3.887391883156388,10.903234469195652,1.002235125731893,1.6023477245048772,mr_webots_overtaking_large_ship_0_4_m_s.wbt,ekf_on_cluster_off,1,0,5.0
1782954187.095417,106.58439564704895,-200.0,-200.0,0.2,6.065579290498309,12.632937846166703,1.505417842555393,0.06326243881191297,0.08942374409438617,1782954187.0755985,None,None,None, None, 1782954187.0363066,0.9117003269796056,apf_avoid,none,0.0,nan,nan,12.696125805253237,-3.921921160487409,10.903234469195652,1.002235125731893,1.6023477245048772,mr_webots_overtaking_large_ship_0_4_m_s.wbt,ekf_on_cluster_off,1,0,5.0
1782954187.1910949,106.68007349967957,-200.0,-200.0,0.2,6.078967198193403,12.663147928836093,1.4991255476305538,0.018004798638830834,0.09109136384136039,1782954187.1682193,None,None,None, None, 1782954187.1434815,0.9083990844535053,apf_avoid,none,0.0,nan,nan,12.625894134908581,-4.011439152269235,10.903234469195652,1.002235125731893,1.6023477245048772,mr_webots_overtaking_large_ship_0_4_m_s.wbt,ekf_on_cluster_off,1,0,5.0
1782954187.29339,106.78236865997314,-200.0,-200.0,0.2,6.084412927730135,12.695037358086747,1.4930369964685701,-0.07883699597502823,0.08509977289826809,1782954187.244219,None,None,None, None, 1782954187.2762709,1.0778590657185352,apf_avoid,none,0.0,nan,nan,12.5882321476344,-4.002543878350915,10.9631667114134,0.9736191335274753,1.5994498286255707,mr_webots_overtaking_large_ship_0_4_m_s.wbt,ekf_on_cluster_off,1,0,5.0
1782954187.3903532,106.8793318271637,-200.0,-200.0,0.2,6.09307389168628,12.727905947047526,1.4868732817995631,-0.028979013909219493,0.08109726244344455,1782954187.3823366,None,None,None, None, 1782954187.3823366,1.0308203273138674,apf_avoid,none,0.0,nan,nan,12.537952852394671,-4.032733986856197,10.995423396693255,0.9349469272067523,1.6156126288797517,mr_webots_overtaking_large_ship_0_4_m_s.wbt,ekf_on_cluster_off,1,0,5.0
1782954187.4945545,106.98353314399719,-200.0,-200.0,0.2,6.096721817854367,12.761396096947257,1.4809227435648242,-0.07892705697316847,0.07465499316375519,1782954187.4639597,None,None,None, None, 1782954187.4479268,1.0331574992251251,apf_avoid,none,0.0,nan,nan,12.508817530209207,-4.002428488792644,11.01807562974727,0.8949517303991384,1.6301006354422984,mr_webots_overtaking_large_ship_0_4_m_s.wbt,ekf_on_cluster_off,1,0,5.0
1782954187.5942044,107.08318305015564,149.56772998755014,200.0,0.2,6.098684735368194,12.795228808114214,1.4749841318765327,-0.08067832530532565,0.06778302143767605,1782954187.549137,None,None,None, None, 1782954187.5351336,1.0016876795338192,apf_colreg,overtaking,-1.0,1.8338291875266541,0.0,14.47114065570515,3.8766334506293254,11.052884002485458,0.8354573734438024,1.6314286436210093,mr_webots_overtaking_large_ship_0_4_m_s.wbt,ekf_on_cluster_off,1,0,5.0
1782954187.701975,107.19095373153687,178.13066397185074,200.0,0.2,6.08731183729949,12.83166897468219,1.468037787200303,-0.07084765440349962,0.06224869031049227,1782954187.7059677,None,None,None, None, 1782954187.6838405,0.9859977843951081,apf_colreg,overtaking,-1.0,1.825223958713532,0.0,14.403984997992106,4.131160474007155,11.101651953404463,0.8187665200216039,1.6491703703167953,mr_webots_overtaking_large_ship_0_4_m_s.wbt,ekf_on_cluster_off,1,0,5.0
1782954187.7906263,107.2796049118042,200.0,200.0,0.2,6.071770037818866,12.868094042280447,1.4603244223534682,-0.03926311234064749,0.059158109768738074,1782954187.813184,None,None,None, None, 1782954187.7670784,1.0827975531721792,apf_colreg,overtaking,-1.0,1.8368235399820436,0.0,14.31252759748276,4.453194067426159,11.116212302734265,0.8368869760618216,1.659983304914814,mr_webots_overtaking_large_ship_0_4_m_s.wbt,ekf_on_cluster_off,1,0,5.0
1782954187.8910701,107.38004875183105,200.0,200.0,0.2,6.037995725800414,12.67233332270872,1.492263367687822,0.07816377551122708,0.07362641711515465,1782954187.8910701,12.66928292609718,1.4927931394714256,5.9837838090677815, 1782954187.873553, 1782954187.8452423,0.9365679150561432,apf_colreg,overtaking,-1.0,1.8439141426342347,0.0,14.259807696718886,4.555158087885106,11.137936564597627,0.8566865476583636,1.66456075686227,mr_webots_overtaking_large_ship_0_4_m_s.wbt,ekf_on_cluster_off,1,0,5.0
1782954187.9911587,107.48013734817505,200.0,200.0,0.2,6.029461375598311,12.687886088859514,1.4881364252792246,0.07525024936839582,0.07934880712009866,1782954187.967115,None,None,None, None, 1782954187.9866545,1.0198278339372413,apf_colreg,overtaking,-1.0,1.8349777194865793,0.0,14.222346956355304,4.701764130159766,10.912362813108924,0.9836910119716485,1.6739272264484062,mr_webots_overtaking_large_ship_0_4_m_s.wbt,ekf_on_cluster_off,1,0,5.0
1782954188.0923793,107.58135795593262,200.0,200.0,0.2,6.0262434076763745,12.709128107581193,1.4823363963784773,0.09397316278209342,0.08867150595967468,1782954188.066321,None,None,None, None, 1782954188.09638,0.9977304123228976,apf_colreg,overtaking,-1.0,1.8349777194865793,0.0,14.184180337808662,4.821156196826115,10.912362813108924,0.9836910119716485,1.6739272264484062,mr_webots_overtaking_large_ship_0_4_m_s.wbt,ekf_on_cluster_off,1,0,5.0
1782954188.1919973,107.68097591400146,-200.0,-89.46915435201402,0.2,6.024375114553842,12.734719668244963,1.475301280543661,0.08210902911915026,0.09473076792374772,1782954188.1401162,None,None,None, None, 1782954188.1578531,1.0602435774205803,apf_avoid,none,0.0,nan,nan,12.746702767689229,-3.0171310020601894,10.905129912174852,1.034165543942633,1.6826549287125216,mr_webots_overtaking_large_ship_0_4_m_s.wbt,ekf_on_cluster_off,1,0,5.0
1782954188.2909887,107.77996730804443,-200.0,-104.26904846925476,0.2,6.0386348912160654,12.768319238183015,1.466540417293948,0.09925413709890267,0.10875594175989325,1782954188.281422,None,None,None, None, 1782954188.302859,1.0603054846888251,apf_avoid,none,0.0,nan,nan,12.674809309444214,-3.0880806940485446,10.954205491626238,1.0280189918594387,1.702307878934752,mr_webots_overtaking_large_ship_0_4_m_s.wbt,ekf_on_cluster_off,1,0,5.0
1782954188.3914676,107.88044619560242,-200.0,-105.18945296959623,0.2,6.047041324096031,12.806498346046649,1.4575256363140248,-0.025525129455891773,0.10668769804860478,1782954188.3624496,None,None,None, None, 1782954188.3729606,1.0730378695629421,apf_avoid,none,0.0,nan,nan,12.620984288528508,-3.0805805006858775,10.954205491626238,1.0280189918594387,1.702307878934752,mr_webots_overtaking_large_ship_0_4_m_s.wbt,ekf_on_cluster_off,1,0,5.0
1782954188.49043,107.97940874099731,-200.0,-100.15429485619795,0.2,6.053013435537457,12.847086335698194,1.4482896008642634,-0.043641698137670284,0.10342424524952458,1782954188.437228,None,None,None, None, 1782954188.437228,0.9946282921752791,apf_avoid,none,0.0,nan,nan,12.574968754877714,-3.0389971222301346,10.989646835900896,0.9993112870324119,1.7116875534887037,mr_webots_overtaking_large_ship_0_4_m_s.wbt,ekf_on_cluster_off,1,0,5.0
1782954188.5904517,108.07943034172058,-200.0,-85.14066240408536,0.2,6.054862557931973,12.88907139778173,1.4389569853434283,-0.07195275219393182,0.09305825888135645,1782954188.5812945,None,None,None, None, 1782954188.5812945,0.9654967116732518,apf_avoid,none,0.0,nan,nan,12.541866807417422,-2.944069241190445,11.016051018240201,0.9371813104090527,1.7169956437101697,mr_webots_overtaking_large_ship_0_4_m_s.wbt,ekf_on_cluster_off,1,0,5.0
1782954188.690894,108.17987251281738,-200.0,-79.12397466847868,0.2,6.054953627037534,12.932234741616632,1.4293621179174258,-0.07271113970890619,0.08754531984547137,1782954188.6571143,None,None,None, None, 1782954188.6571143,0.9755598211174856,apf_avoid,none,0.0,nan,nan,12.340683494139043,-2.8638257776746907,11.07008294949938,0.9139852405174149,1.7290377918503503,mr_webots_overtaking_large_ship_0_4_m_s.wbt,ekf_on_cluster_off,1,0,5.0
1782954188.79155,108.28052854537964,-200.0,-74.67697058585351,0.2,6.053758041088841,12.976132736839634,1.4195576007565291,-0.07540512817756127,0.08163897696464285,1782954188.7354424,None,None,None, None, 1782954188.7364411,0.9194870155430296,apf_avoid,none,0.0,nan,nan,12.079999480036442,-2.7798585006065344,11.095192113485737,0.88726926216834,1.7415000653774517,mr_webots_overtaking_large_ship_0_4_m_s.wbt,ekf_on_cluster_off,1,0,5.0
1782954188.8917434,108.38072204589844,200.0,200.0,0.2,6.023539667649156,12.769494186881255,1.4647048980291772,-0.07541683169496692,0.075396286032922,1782954188.893753,12.766179250770413,1.4654332054290995,5.96899840245588, 1782954188.873716, 1782954188.8182182,1.0677208362210648,apf_colreg,overtaking,-1.0,1.9286051659795111,0.0,14.100063417401262,5.081309448426924,11.14642165997459,0.8451278247631592,1.7495193613775197,mr_webots_overtaking_large_ship_0_4_m_s.wbt,ekf_on_cluster_off,1,0,5.0
1782954188.9915009,108.48047947883606,200.0,200.0,0.2,6.012109629397143,12.790473751007951,1.4589658985112415,-0.03742601881413775,0.06971625085705704,1782954188.9699852,None,None,None, None, 1782954188.9835029,0.9844511865319766,apf_colreg,overtaking,-1.0,1.9382124959983027,0.0,14.017385996657758,5.314113131919738,10.913550847499211,0.9212677798325937,1.7632950651106223,mr_webots_overtaking_large_ship_0_4_m_s.wbt,ekf_on_cluster_off,1,0,5.0
1782954189.091477,108.58045554161072,200.0,200.0,0.2,6.032544778040057,12.8157564685376,1.4515635345303926,0.3373670789363389,0.08985698915322736,1782954189.029685,None,None,None, None, 1782954189.045835,1.0428611552827305,apf_colreg,overtaking,-1.0,1.953441875562516,0.0,14.094109825946772,5.1202450540222575,10.907333335726682,0.9666693462641177,1.7658575656214262,mr_webots_overtaking_large_ship_0_4_m_s.wbt,ekf_on_cluster_off,1,0,5.0
1782954189.1917083,108.6806869506836,200.0,200.0,0.2,6.038861592278581,12.844379837611802,1.4441751874332232,0.0766792081008264,0.1022808079429763,1782954189.1917083,None,None,None, None, 1782954189.1245892,0.9002116021858565,apf_colreg,overtaking,-1.0,1.9578759513772293,0.0,14.097850686680186,5.125098022270935,10.947394441730339,0.8978145633949982,1.7587738607451067,mr_webots_overtaking_large_ship_0_4_m_s.wbt,ekf_on_cluster_off,1,0,5.0
1782954189.2913902,108.78036880493164,-200.0,-131.4323623986208,0.2,6.07873655521265,12.875050402658948,1.436325203281247,0.41565601988173634,0.13331757739094227,1782954189.2663777,None,None,None, None, 1782954189.275385,0.9261735308344698,apf_avoid,none,0.0,nan,nan,12.461066511903317,-3.2091257089797804,10.95731039376287,0.9314712605014863,1.7843756423149466,mr_webots_overtaking_large_ship_0_4_m_s.wbt,ekf_on_cluster_off,1,0,5.0
1782954189.3909297,108.87990832328796,-200.0,-170.26884703456165,0.2,6.104822013910677,12.910725279461797,1.4296907427203789,0.07035787583972622,0.13896467095213016,1782954189.34664,None,None,None, None, 1782954189.3704095,0.9684574236322057,apf_avoid,none,0.0,nan,nan,12.299769918927634,-3.4586358007837834,11.012913087714564,0.8585724156711426,1.7948377398085837,mr_webots_overtaking_large_ship_0_4_m_s.wbt,ekf_on_cluster_off,1,0,5.0
1782954189.4914904,108.98046898841858,-200.0,197.84305859955214,0.2,6.126962745948863,12.947413543379671,1.4238898068096388,0.028885913000050892,0.14175423221106218,1782954189.4432118,None,None,None, None, 1782954189.4548283,1.0549994328417076,track,none,0.0,nan,nan,12.299769918927634,-3.4586358007837834,11.012913087714564,0.8585724156711426,1.7948377398085837,mr_webots_overtaking_large_ship_0_4_m_s.wbt,ekf_on_cluster_off,1,0,5.0
1782954189.593178,109.08215665817261,-200.0,195.66402209099996,0.2,6.138225973319036,13.005303046455595,1.4155262675270688,0.0014377327652767818,0.1419619177777954,1782954189.5876653,None,None,None, None, 1782954189.533732,0.9582252852930474,track,none,0.0,nan,nan,12.299769918927634,-3.4586358007837834,11.085915849894114,0.7815148896002042,1.7993201645964048,mr_webots_overtaking_large_ship_0_4_m_s.wbt,ekf_on_cluster_off,1,0,5.0
1782954189.6924374,109.18141603469849,-200.0,194.94689680715413,0.2,6.144399316161028,13.071580821624956,1.406325790174014,0.0006758376088957094,0.14200785416312467,1782954189.6556349,None,None,None, None, 1782954189.6859255,1.0950153491521055,track,none,0.0,nan,nan,12.299769918927634,-3.4586358007837834,11.114450447602447,0.751490370858579,1.8195621894088911,mr_webots_overtaking_large_ship_0_4_m_s.wbt,ekf_on_cluster_off,1,0,5.0
1782954189.791574,109.28055262565613,-200.0,194.98333787291887,0.2,6.147860949099618,13.139656634113567,1.397092410138173,0.0001652900338526307,0.14202121788291697,1782954189.736485,None,None,None, None, 1782954189.7640371,0.9003611330175743,track,none,0.0,nan,nan,12.299769918927634,-3.4586358007837834,11.181596077565622,0.726921844267264,1.8252223184889294,mr_webots_overtaking_large_ship_0_4_m_s.wbt,ekf_on_cluster_off,1,0,5.0
1782954189.8907893,109.37976789474487,-197.53665071739331,200.0,0.2,6.100252836133054,12.882301455402569,1.431800121168649,-0.002861539809765568,0.1416372658253026,1782954189.8706617,12.877999417471685,1.4323793347870026,6.005434007788089, 1782954189.884787, 1782954189.8400369,0.9467880813466236,track,none,0.0,nan,nan,12.299769918927634,-3.4586358007837834,11.24296483589523,0.7198687575945327,1.8426337367093801,mr_webots_overtaking_large_ship_0_4_m_s.wbt,ekf_on_cluster_off,1,0,5.0
1782954189.9914644,109.48044300079346,-196.6551541250902,200.0,0.2,6.100828399497767,12.936342750497175,1.4218456020110466,-0.0028838358626292826,0.14140868786222233,1782954189.9499235,None,None,None, None, 1782954189.919886,1.0617756211366258,track,none,0.0,nan,nan,12.299769918927634,-3.4586358007837834,10.940043870178126,0.844305363236563,1.8580493051812317,mr_webots_overtaking_large_ship_0_4_m_s.wbt,ekf_on_cluster_off,1,0,5.0
1782954190.0959973,109.58497595787048,-195.36863562899453,200.0,0.2,6.1007435819537745,13.0012600142798,1.409885233698276,-0.002409704586756574,0.14121407494398308,1782954190.0306857,None,None,None, None, 1782954190.098998,0.9271386662921013,track,none,0.0,nan,nan,12.299769918927634,-3.4586358007837834,10.991827778357928,0.828639355009158,1.8613688772881256,mr_webots_overtaking_large_ship_0_4_m_s.wbt,ekf_on_cluster_off,1,0,5.0
1782954190.1907642,109.67974281311035,-193.9682839344375,200.0,0.2,6.100515528682018,13.068723685169399,1.3974247189954951,-0.0003876653454223348,0.14117318217199948,1782954190.1361704,None,None,None, None, 1782954190.1892593,1.079151487470387,track,none,0.0,nan,nan,12.299769918927634,-3.4586358007837834,11.044684746413374,0.8254744841143671,1.8834600747914023,mr_webots_overtaking_large_ship_0_4_m_s.wbt,ekf_on_cluster_off,1,0,5.0
1782954190.2914233,109.78040194511414,-192.51921635404162,200.0,0.2,6.100224196212942,13.136446386671516,1.3848887732708732,0.0003589488746531169,0.14120248162515617,1782954190.217796,None,None,None, None, 1782954190.2789164,0.930650373768313,track,none,0.0,nan,nan,12.299769918927634,-3.4586358007837834,11.088679974822885,0.8183818981434698,1.8908987166100035,mr_webots_overtaking_large_ship_0_4_m_s.wbt,ekf_on_cluster_off,1,0,5.0
1782954190.4253025,109.91428112983704,-191.2956853627676,200.0,0.2,6.100794963763895,13.204047020067723,1.3723469489761726,0.008965001719699259,0.14299541186162254,1782954190.4177883,None,None,None, None, 1782954190.4197896,0.9696861822087389,track,none,0.0,nan,nan,12.299769918927634,-3.4586358007837834,11.088679974822885,0.8183818981434698,1.8908987166100035,mr_webots_overtaking_large_ship_0_4_m_s.wbt,ekf_on_cluster_off,1,0,5.0
1782954190.4946055,109.98358416557312,-190.13008152714974,200.0,0.2,6.101588618967049,13.27151054981794,1.359887015617062,0.008965001719699259,0.14478841220556238,1782954190.4177883,None,None,None, None, 1782954190.4197896,0.9696861822087389,track,none,0.0,nan,nan,12.299769918927634,-3.4586358007837834,11.195455234604077,0.8005338411453755,1.9417859074790473,mr_webots_overtaking_large_ship_0_4_m_s.wbt,ekf_on_cluster_off,1,0,5.0
1782954190.5953648,110.08434343338013,-188.88164983405994,200.0,0.2,6.102118680784694,13.338839708650148,1.3475127843362316,0.005947076310661039,0.14537626942605086,1782954190.5166364,None,None,None, None, 1782954190.6088803,0.974905939022103,track,none,0.0,nan,nan,12.299769918927634,-3.4586358007837834,11.195455234604077,0.8005338411453755,1.9417859074790473,mr_webots_overtaking_large_ship_0_4_m_s.wbt,ekf_on_cluster_off,1,0,5.0
1782954190.6915019,110.18048048019409,-188.6450105290925,200.0,0.2,6.106082174034202,13.406020329910639,1.3351937547947728,0.037239885683994,0.14991097565004627,1782954190.6384065,None,None,None, None, 1782954190.712528,1.019323597837947,track,none,0.0,nan,nan,12.299769918927634,-3.4586358007837834,11.269818796014766,0.7798354039799434,1.9506845122339327,mr_webots_overtaking_large_ship_0_4_m_s.wbt,ekf_on_cluster_off,1,0,5.0
1782954190.793653,110.2826316356659,-187.87093721598387,200.0,0.2,6.108109505041937,13.47321525731515,1.3232297032627045,0.011007154946105189,0.15091965291042844,1782954190.7300448,None,None,None, None, 1782954190.712528,1.019323597837947,track,none,0.0,nan,nan,12.299769918927634,-3.4586358007837834,11.269818796014766,0.7798354039799434,1.9506845122339327,mr_webots_overtaking_large_ship_0_4_m_s.wbt,ekf_on_cluster_off,1,0,5.0
1782954190.892674,110.38165259361267,-187.2987576862165,200.0,0.2,6.110786935113832,13.54033994548013,1.3113867498003913,0.020231293656909666,0.15287483629629328,1782954190.8266864,None,None,None, None, 1782954190.8246882,0.9219152133966679,track,none,0.0,nan,nan,12.299769918927634,-3.4586358007837834,11.397493003954404,0.765657624306915,1.9807950945456545,mr_webots_overtaking_large_ship_0_4_m_s.wbt,ekf_on_cluster_off,1,0,5.0
1782954190.9909587,110.47993731498718,-186.92097191252995,200.0,0.2,6.080869581793186,13.044346493077825,1.3857096265410667,0.04768861214466334,0.16056555142009168,1782954190.9879558,13.038413051665708,1.3866154967636113,6.014329473360862, 1782954190.901499, 1782954190.9180238,0.9018972185922711,track,none,0.0,nan,nan,12.299769918927634,-3.4586358007837834,11.397493003954404,0.765657624306915,1.9807950945456545,mr_webots_overtaking_large_ship_0_4_m_s.wbt,ekf_on_cluster_off,1,0,5.0
1782954191.0915735,110.58055210113525,-186.85408580003494,200.0,0.2,6.083366853585344,13.079186503019383,1.3786185184728872,0.009169225687557353,0.16137337510721467,1782954191.0760574,None,None,None, None, 1782954191.0760574,1.0018178228339516,track,none,0.0,nan,nan,12.299769918927634,-3.4586358007837834,10.902214011335278,0.8856183250905936,2.003258717633849,mr_webots_overtaking_large_ship_0_4_m_s.wbt,ekf_on_cluster_off,1,0,5.0
1782954191.1905136,110.67949223518372,-186.22239354167496,200.0,0.2,6.0855735968419395,13.134537389063377,1.367446839059518,0.015406166880725077,0.16258768535601076,1782954191.1548772,None,None,None, None, 1782954191.1548772,0.9815752148187044,track,none,0.0,nan,nan,12.299769918927634,-3.4586358007837834,10.917987802014766,0.8953372254297758,2.005183158171143,mr_webots_overtaking_large_ship_0_4_m_s.wbt,ekf_on_cluster_off,1,0,5.0
1782954191.292059,110.78103756904602,-185.44709415317803,200.0,0.2,6.087954532290563,13.198612429363331,1.354645875183465,0.018641597093218148,0.16414104807537347,1782954191.238205,None,None,None, None, 1782954191.238205,1.0689236785641416,track,none,0.0,nan,nan,12.299769918927634,-3.4586358007837834,10.967182789771703,0.8740330851688971,2.040552297486579,mr_webots_overtaking_large_ship_0_4_m_s.wbt,ekf_on_cluster_off,1,0,5.0
1782954191.3957698,110.8847484588623,-184.62822838064568,200.0,0.2,6.090313730699085,13.26474646781394,1.3415956265698838,0.01821841315097403,0.16545074150010092,1782954191.3100934,None,None,None, None, 1782954191.3241172,0.9855621088343669,track,none,0.0,nan,nan,0.0,0.0,11.011532431965058,0.8932701691767733,2.0735188488015837,mr_webots_overtaking_large_ship_0_4_m_s.wbt,ekf_on_cluster_off,1,0,5.0
1782954191.4906619,110.9796404838562,-183.92644373661713,200.0,0.2,6.093037425310248,13.331179536868397,1.328644900504841,0.021753190478028768,0.1690953296793728,1782954191.477636,None,None,None, None, 1782954191.477636,0.914012301857275,track,none,0.0,nan,nan,0.0,0.0,11.070978210814852,0.8714783511631217,2.0827886195692167,mr_webots_overtaking_large_ship_0_4_m_s.wbt,ekf_on_cluster_off,1,0,5.0
1782954191.591292,111.08027052879333,-183.2011115051979,200.0,0.2,6.095631512156655,13.39761922020334,1.3158863702186636,0.019779066315762702,0.17078931174650025,1782954191.5632813,None,None,None, None, 1782954191.5617838,0.9006199116880382,track,none,0.0,nan,nan,0.0,0.0,11.116086091887487,0.8745164664795656,2.1067443127666414,mr_webots_overtaking_large_ship_0_4_m_s.wbt,ekf_on_cluster_off,1,0,5.0
1782954191.6920307,111.18100929260254,-182.39925487602716,200.0,0.2,6.097931024849776,13.464011433626574,1.3033110778196004,0.01757884706596076,0.1724176890530898,1782954191.655914,None,None,None, None, 1782954191.6388717,1.0904037813801624,track,none,0.0,nan,nan,0.0,0.0,11.160478195980794,0.8649221394588209,2.107522299012465,mr_webots_overtaking_large_ship_0_4_m_s.wbt,ekf_on_cluster_off,1,0,5.0
1782954191.798349,111.28732752799988,-181.74897313705625,200.0,0.2,6.100672019749501,13.530335162392923,1.290896111733531,0.022618124979985388,0.17408719445063098,1782954191.7297268,None,None,None, None, 1782954191.8008595,0.9618775509965554,track,none,0.0,nan,nan,0.0,0.0,11.219791460770212,0.8434663315779692,2.1166949185548187,mr_webots_overtaking_large_ship_0_4_m_s.wbt,ekf_on_cluster_off,1,0,5.0
1782954191.898094,111.38707256317139,-181.6184233613882,200.0,0.2,6.1049969005696925,13.596611515907764,1.278684606345692,0.035811292171294744,0.17747986780826108,1782954191.8244643,None,None,None, None, 1782954191.9005995,0.9638414099386328,track,none,0.0,nan,nan,0.0,0.0,11.219791460770212,0.8434663315779692,2.1166949185548187,mr_webots_overtaking_large_ship_0_4_m_s.wbt,ekf_on_cluster_off,1,0,5.0
1782954191.9911954,111.48017406463623,-184.11598620793868,200.0,0.2,6.08854069220656,13.208352969718941,1.3418941395151849,0.024802076452251992,0.17997635233652634,1782954191.9251206,13.202497874511955,1.3428613551430864,6.050560542561295, 1782954191.912606, 1782954191.981196,1.0572702711304842,track,none,0.0,nan,nan,0.0,0.0,11.28894728478524,0.8334525893268723,2.1480719051312396,mr_webots_overtaking_large_ship_0_4_m_s.wbt,ekf_on_cluster_off,1,0,5.0
1782954192.0906603,111.5796389579773,-184.1581752209721,200.0,0.2,6.091755841680921,13.249031467388654,1.333906262661717,0.026369157842285086,0.18299281187352848,1782954192.039514,None,None,None, None, 1782954192.0636234,1.0724787759402736,track,none,0.0,nan,nan,0.0,0.0,10.899018154134428,0.9490526812028838,2.1392750075011917,mr_webots_overtaking_large_ship_0_4_m_s.wbt,ekf_on_cluster_off,1,0,5.0
1782954192.1938803,111.68285894393921,-183.85658908516703,200.0,0.2,6.095115289118967,13.307215976311848,1.3226803801572729,0.02510340005530748,0.18515733541149854,1782954192.1257384,None,None,None, None, 1782954192.1482608,0.9939849428235179,track,none,0.0,nan,nan,0.0,0.0,10.923092956532708,0.9425973252874712,2.1478780826087824,mr_webots_overtaking_large_ship_0_4_m_s.wbt,ekf_on_cluster_off,1,0,5.0
1782954192.2912974,111.78027606010437,-183.40222498817778,200.0,0.2,6.098393010416682,13.37193792498707,1.310417614989845,0.023590699088027325,0.18902747637557263,1782954192.289792,None,None,None, None, 1782954192.2306776,1.0640245186957764,track,none,0.0,nan,nan,0.0,0.0,10.988191641374744,0.9380695733220791,2.198729797696285,mr_webots_overtaking_large_ship_0_4_m_s.wbt,ekf_on_cluster_off,1,0,5.0
1782954192.3950744,111.88405299186707,-183.1240979997292,200.0,0.2,6.1022692952229045,13.438092707926772,1.298101958007507,0.029328614763416857,0.1917715099451824,1782954192.3833537,None,None,None, None, 1782954192.3263388,1.0822818407367045,track,none,0.0,nan,nan,0.0,0.0,11.030099256664764,0.9274488697534945,2.211971101821132,mr_webots_overtaking_large_ship_0_4_m_s.wbt,ekf_on_cluster_off,1,0,5.0
1782954192.4911869,111.98016548156738,-182.73687639582974,200.0,0.2,6.105716283209759,13.504507489017765,1.286016139805561,0.023714798538396725,0.19360455249196687,1782954192.460649,None,None,None, None, 1782954192.4911869,1.0746087913618072,track,none,0.0,nan,nan,0.0,0.0,11.05451767003161,0.9121442533285428,2.234532087945627,mr_webots_overtaking_large_ship_0_4_m_s.wbt,ekf_on_cluster_off,1,0,5.0
1782954192.5911195,112.08009815216064,-182.37783533055054,200.0,0.2,6.109178359908838,13.570956009091184,1.2741504797368393,0.024877420163487905,0.196003869222317,1782954192.5570946,None,None,None, None, 1782954192.570093,1.0487849512763088,track,none,0.0,nan,nan,0.0,0.0,11.12588408717539,0.9058765487450015,2.2434966718234577,mr_webots_overtaking_large_ship_0_4_m_s.wbt,ekf_on_cluster_off,1,0,5.0
1782954192.69078,112.17975854873657,-181.95884418240766,200.0,0.2,6.11236800311338,13.637406750761576,1.2625185282419622,0.022729494375403846,0.19835990807003373,1782954192.6607502,None,None,None, None, 1782954192.6712658,0.9488791667223553,track,none,0.0,nan,nan,0.0,0.0,11.165752109619987,0.9102538624082169,2.268426869550081,mr_webots_overtaking_large_ship_0_4_m_s.wbt,ekf_on_cluster_off,1,0,5.0
1782954192.790847,112.27982568740845,-181.58139145152393,200.0,0.2,6.115617352014199,13.70384355781309,1.2510985729017676,0.024189985501649913,0.19994683258496576,1782954192.7263527,None,None,None, None, 1782954192.7403612,1.0647747837828052,track,none,0.0,nan,nan,0.0,0.0,11.22421520328373,0.8877818915673772,2.270005535685493,mr_webots_overtaking_large_ship_0_4_m_s.wbt,ekf_on_cluster_off,1,0,5.0
1782954192.8915462,112.38052487373352,-187.2520210671486,200.0,0.2,6.138518298265064,13.770269993866725,1.2399009059261203,0.19766082278803238,0.2313140007657557,1782954192.8850446,None,None,None, None, 1782954192.8104017,1.0815201964625893,track,none,0.0,nan,nan,0.0,0.0,11.291257177879213,0.8836359831768293,2.2929897108020247,mr_webots_overtaking_large_ship_0_4_m_s.wbt,ekf_on_cluster_off,1,0,5.0
1782954192.9907887,112.47976732254028,-191.9083946342146,200.0,0.2,6.129263801792169,13.37344112116862,1.3044290179843077,0.026726074385582544,0.23336439968629555,1782954192.9617636,13.367312364421407,1.3054034980309772,6.0928787919818275, 1782954192.927702, 1782954192.9762847,0.9588733577010679,track,none,0.0,nan,nan,0.0,0.0,11.342670218038316,0.8301566104960424,2.3094240975315166,mr_webots_overtaking_large_ship_0_4_m_s.wbt,ekf_on_cluster_off,1,0,5.0
1782954193.0913138,112.58029246330261,-193.36501185938894,200.0,0.2,6.136835784731283,13.414742323478677,1.2982247959582747,0.02557227827788617,0.23571696412627455,1782954193.0537603,None,None,None, None, 1782954193.05276,0.9828692341922574,track,none,0.0,nan,nan,0.0,0.0,10.895740107148256,0.9372158165246889,2.3137902226085107,mr_webots_overtaking_large_ship_0_4_m_s.wbt,ekf_on_cluster_off,1,0,5.0
1782954193.1951296,112.6841082572937,-196.1582908339861,200.0,0.2,6.150331129974963,13.474522069747637,1.2896168011272113,0.10097977909358008,0.24320823469302416,1782954193.1981308,None,None,None, None, 1782954193.2046444,1.072696474262908,track,none,0.0,nan,nan,0.0,0.0,10.938837415938899,0.9253510929485125,2.3414591081139107,mr_webots_overtaking_large_ship_0_4_m_s.wbt,ekf_on_cluster_off,1,0,5.0
1782954193.2911747,112.78015327453613,-197.11832568779027,200.0,0.2,6.15724897792331,13.541462863439795,1.2810596750573717,0.014755920346255929,0.24521026812587107,1782954193.2636228,None,None,None, None, 1782954193.2756624,1.0283344119249702,track,none,0.0,nan,nan,0.0,0.0,10.938837415938899,0.9253510929485125,2.3414591081139107,mr_webots_overtaking_large_ship_0_4_m_s.wbt,ekf_on_cluster_off,1,0,5.0
1782954193.3919597,112.88093829154968,-197.60517617650322,200.0,0.2,6.162384000453375,13.609987820196281,1.2726293340609391,0.01775752486561443,0.24653552953302205,1782954193.3382537,None,None,None, None, 1782954193.3743913,0.9730598320073628,track,none,0.0,nan,nan,0.0,0.0,11.100981291935833,0.8763375759923809,2.3640834096209233,mr_webots_overtaking_large_ship_0_4_m_s.wbt,ekf_on_cluster_off,1,0,5.0
1782954193.4949548,112.9839334487915,-199.85690698874782,200.0,0.2,6.174191943784128,13.678834459322534,1.2644465568309684,0.0861673912490091,0.25327536909807563,1782954193.4969547,None,None,None, None, 1782954193.4804363,1.019594154745131,track,none,0.0,nan,nan,0.0,0.0,11.100981291935833,0.8763375759923809,2.3640834096209233,mr_webots_overtaking_large_ship_0_4_m_s.wbt,ekf_on_cluster_off,1,0,5.0
1782954193.59104,113.08001852035522,-200.0,200.0,0.2,6.1799695860734225,13.748074192166042,1.2572072617210823,0.013822498978239171,0.25543190822921136,1782954193.5724883,None,None,None, None, 1782954193.5534406,1.0962086541453309,track,none,0.0,nan,nan,0.0,0.0,11.150481955181382,0.8298590103702262,2.364000242258224,mr_webots_overtaking_large_ship_0_4_m_s.wbt,ekf_on_cluster_off,1,0,5.0
1782954193.6911755,113.1801540851593,-200.0,200.0,0.2,6.184236547606094,13.81740011421909,1.250245294446346,0.013661076121775962,0.2564924930686282,1782954193.6501238,None,None,None, None, 1782954193.6941824,0.9985200792133083,track,none,0.0,nan,nan,0.0,0.0,11.200421999148068,0.8177647111121623,2.3970880442241467,mr_webots_overtaking_large_ship_0_4_m_s.wbt,ekf_on_cluster_off,1,0,5.0
1782954193.7932649,113.28224349021912,-200.0,200.0,0.2,6.188846734372226,13.886758556700425,1.24351535086147,0.023701797973309572,0.2583087306794007,1782954193.7267525,None,None,None, None, 1782954193.7762356,0.944686197075164,track,none,0.0,nan,nan,0.0,0.0,11.25568240522823,0.8110636762092295,2.399905463726453,mr_webots_overtaking_large_ship_0_4_m_s.wbt,ekf_on_cluster_off,1,0,5.0
1782954193.900109,113.38908767700195,-200.0,199.9809335286303,0.2,6.191960453488295,13.956148703815893,1.2370997277731135,0.011087646509527224,0.25924619012592165,1782954193.9021156,None,None,None, None, 1782954193.9100454,1.0413930198255834,track,none,0.0,nan,nan,0.0,0.0,11.25568240522823,0.8110636762092295,2.399905463726453,mr_webots_overtaking_large_ship_0_4_m_s.wbt,ekf_on_cluster_off,1,0,5.0
1782954193.9909003,113.4798789024353,-200.0,200.0,0.2,6.171045858740636,13.531218677548994,1.275436110228538,0.03846038154888519,0.2659033335191913,1782954193.9843934,13.524689933794846,1.2760248051624623,6.119910279846256, 1782954193.931296, 1782954193.989394,0.925272189589426,track,none,0.0,nan,nan,0.0,0.0,11.364737565171485,0.7717329198161845,2.455396515642619,mr_webots_overtaking_large_ship_0_4_m_s.wbt,ekf_on_cluster_off,1,0,5.0
1782954194.0920837,113.58106231689453,-200.0,200.0,0.2,6.174506975515829,13.572524491831203,1.2708795365976986,0.010879627496488518,0.2668678668401092,1782954194.0730484,None,None,None, None, 1782954194.0730484,1.0444595825614815,track,none,0.0,nan,nan,0.0,0.0,10.892175829614375,0.8952276701063618,2.444848846387394,mr_webots_overtaking_large_ship_0_4_m_s.wbt,ekf_on_cluster_off,1,0,5.0
1782954194.191229,113.6802077293396,-200.0,200.0,0.2,6.180009755556081,13.633203671201567,1.2643603290744423,0.03831229791695172,0.2695546211555805,1782954194.143176,None,None,None, None, 1782954194.143176,1.0584058767169409,track,none,0.0,nan,nan,0.0,0.0,10.924117043235329,0.877993963518721,2.4759073973080175,mr_webots_overtaking_large_ship_0_4_m_s.wbt,ekf_on_cluster_off,1,0,5.0
1782954194.3133116,113.80229020118713,-200.0,200.0,0.2,6.183117206414924,13.700929588018134,1.2575141889931345,0.007811983670597429,0.2700959203504492,1782954194.3173141,None,None,None, None, 1782954194.215986,0.941407993783131,track,none,0.0,nan,nan,0.0,0.0,10.970911599404605,0.8482436602236477,2.536966265086943,mr_webots_overtaking_large_ship_0_4_m_s.wbt,ekf_on_cluster_off,1,0,5.0
1782954194.3909326,113.87991118431091,-200.0,199.95564994594258,0.2,6.186687406866326,13.770050401335466,1.250686788319161,0.019276481663025858,0.2734682190966616,1782954194.3874106,None,None,None, None, 1782954194.3363502,0.9973216502528441,track,none,0.0,nan,nan,0.0,0.0,11.039082790324324,0.8534695939577112,2.5420931248563874,mr_webots_overtaking_large_ship_0_4_m_s.wbt,ekf_on_cluster_off,1,0,5.0
1782954194.4917781,113.98075675964355,-200.0,200.0,0.2,6.188940458926066,13.839389552487086,1.2440897706886567,0.007155430135221528,0.27397496220743894,1782954194.45823,None,None,None, None, 1782954194.474261,0.940844310147444,track,none,0.0,nan,nan,0.0,0.0,11.07296064877754,0.8444337305697484,2.5614759980282593,mr_webots_overtaking_large_ship_0_4_m_s.wbt,ekf_on_cluster_off,1,0,5.0
1782954194.5934052,114.08238387107849,-200.0,200.0,0.2,6.190609907212847,13.90877177577191,1.2376129698815852,0.00576771872833096,0.2744242519826946,1782954194.5361273,None,None,None, None, 1782954194.5562189,0.9869551162953933,track,none,0.0,nan,nan,0.0,0.0,11.07296064877754,0.8444337305697484,2.5614759980282593,mr_webots_overtaking_large_ship_0_4_m_s.wbt,ekf_on_cluster_off,1,0,5.0
1782954194.694244,114.18322253227234,-200.0,200.0,0.2,6.191956278398862,13.978167237173889,1.2312300492445516,0.005331943856615574,0.2751151780914415,1782954194.6657097,None,None,None, None, 1782954194.6952417,0.9379758508071706,track,none,0.0,nan,nan,0.0,0.0,11.168388819456478,0.8264986629268254,2.573642257405021,mr_webots_overtaking_large_ship_0_4_m_s.wbt,ekf_on_cluster_off,1,0,5.0
1782954194.7909465,114.27992510795593,-200.0,171.5062777316648,0.2,6.193122561470723,14.047570870592955,1.224927785041686,0.005154490729684876,0.275517664991144,1782954194.7437944,None,None,None, None, 1782954194.7874424,1.0596670859794306,track,none,0.0,nan,nan,0.0,0.0,11.221920971623792,0.8314691267865407,2.604942135761105,mr_webots_overtaking_large_ship_0_4_m_s.wbt,ekf_on_cluster_off,1,0,5.0
1782954194.890596,114.37957453727722,-200.0,168.61921755485974,0.2,6.194766871220952,14.113972659823759,1.2190433110467822,0.0017107202252325143,0.2757508314122234,1782954194.8800917,None,None,None, None, 1782954194.851541,1.089714870554858,track,none,0.0,nan,nan,0.0,0.0,11.282357731509236,0.8197571147985244,2.616757535838488,mr_webots_overtaking_large_ship_0_4_m_s.wbt,ekf_on_cluster_off,1,0,5.0
1782954194.9925773,114.4815559387207,-197.25670301923674,200.0,0.2,6.17089223158046,13.702719899980236,1.2476891959676488,-0.04245558265654933,0.27299752224062784,1782954194.9449432,13.696421163559156,1.2481425074936703,6.130664092952489, 1782954194.931427, 1782954194.9960914,0.9206719284084482,track,none,0.0,nan,nan,0.0,0.0,11.34005437869175,0.8064499928384256,2.6245216692691407,mr_webots_overtaking_large_ship_0_4_m_s.wbt,ekf_on_cluster_off,1,0,5.0
1782954195.0965145,114.58549308776855,-196.2140904502066,200.0,0.2,6.168779928134018,13.742304267683933,1.2431941486072837,-0.013861895425469842,0.27211502239655694,1782954195.10203,None,None,None, None, 1782954195.1030302,0.9929947661949178,track,none,0.0,nan,nan,0.0,0.0,10.885403550129405,0.9005135388103109,2.650082647768853,mr_webots_overtaking_large_ship_0_4_m_s.wbt,ekf_on_cluster_off,1,0,5.0
1782954195.1945558,114.6835343837738,-194.82283581254194,200.0,0.2,6.166385600292591,13.801667725594847,1.2363049204467131,-0.012636183311279393,0.27093451062401774,1782954195.2010796,None,None,None, None, 1782954195.203079,0.954240825329401,track,none,0.0,nan,nan,0.0,0.0,10.918933561215974,0.9006330960949335,2.6606945514477065,mr_webots_overtaking_large_ship_0_4_m_s.wbt,ekf_on_cluster_off,1,0,5.0
1782954195.2906318,114.77961039543152,-191.8057990089538,200.0,0.2,6.158697574615892,13.86838589994155,1.2283871309088283,-0.06061703009685061,0.26493041996879674,1782954195.2946422,None,None,None, None, 1782954195.2761164,1.0565405144444762,track,none,0.0,nan,nan,0.0,0.0,10.955757056592649,0.8971706056328524,2.689456239909567,mr_webots_overtaking_large_ship_0_4_m_s.wbt,ekf_on_cluster_off,1,0,5.0
1782954195.3935752,114.88255381584167,-189.7192931788591,200.0,0.2,6.1548641282766665,13.936243959825934,1.219655096732975,-0.00617040387289599,0.2639183219944886,1782954195.3651042,None,None,None, None, 1782954195.3651042,1.024613989930465,track,none,0.0,nan,nan,0.0,0.0,11.014133922524945,0.9137994830993569,2.699578389612717,mr_webots_overtaking_large_ship_0_4_m_s.wbt,ekf_on_cluster_off,1,0,5.0
1782954195.491082,114.98006057739258,-200.0,185.80762738188074,0.2,6.152342285564266,14.004043644911782,1.210733008637277,-0.002558724733863274,0.26363825223042453,1782954195.474561,None,None,None, None, 1782954195.462073,0.9889539208401035,track,none,0.0,nan,nan,0.0,0.0,11.014133922524945,0.9137994830993569,2.699578389612717,mr_webots_overtaking_large_ship_0_4_m_s.wbt,ekf_on_cluster_off,1,0,5.0
1782954195.5907333,115.0797119140625,-200.0,184.8864664209301,0.2,6.151235458863209,14.071415847597253,1.2018066739703457,-0.0029632730216472294,0.2633844373958446,1782954195.5602145,None,None,None, None, 1782954195.548197,1.0907694964611971,track,none,0.0,nan,nan,0.0,0.0,11.111854682340867,0.906861026047305,2.735747911722512,mr_webots_overtaking_large_ship_0_4_m_s.wbt,ekf_on_cluster_off,1,0,5.0
1782954195.693844,115.18282270431519,-200.0,183.6836739883025,0.2,6.150602375158867,14.138625832646195,1.1928864974237503,-0.00550501600837248,0.26288884336529805,1782954195.6502404,None,None,None, None, 1782954195.6342232,1.0721241652764466,track,none,0.0,nan,nan,0.0,0.0,11.169921673725662,0.8979218289917558,2.7463838568912835,mr_webots_overtaking_large_ship_0_4_m_s.wbt,ekf_on_cluster_off,1,0,5.0
1782954195.7949078,115.2838864326477,-200.0,182.23082208496274,0.2,6.150055445391429,14.205683242444536,1.1839727023787532,-0.008127765713154435,0.2622452597288027,1782954195.7294238,None,None,None, None, 1782954195.8034194,0.9225767023749954,track,none,0.0,nan,nan,0.0,0.0,11.227866673505158,0.8886097145236312,2.75702348383961,mr_webots_overtaking_large_ship_0_4_m_s.wbt,ekf_on_cluster_off,1,0,5.0
1782954195.8911166,115.38009524345398,-200.0,180.64359872913698,0.2,6.148777169723566,14.272562114708485,1.1750572062898925,-0.01588123917902068,0.2600189198402501,1782954195.8696105,None,None,None, None, 1782954195.889617,0.9972613342177538,track,none,0.0,nan,nan,0.0,0.0,11.267710253668536,0.8781201467164517,2.7859498923822383,mr_webots_overtaking_large_ship_0_4_m_s.wbt,ekf_on_cluster_off,1,0,5.0
1782954195.997413,115.48639154434204,-184.67678417550104,200.0,0.2,6.136820638968875,13.860262090953006,1.2224457763350787,-0.016299376769885087,0.25900032148828556,1782954195.9321036,13.853936237704636,1.2231903184873005,6.116655165574895, 1782954195.945636, 1782954195.9797847,1.062434638323516,track,none,0.0,nan,nan,0.0,0.0,11.267710253668536,0.8781201467164517,2.7859498923822383,mr_webots_overtaking_large_ship_0_4_m_s.wbt,ekf_on_cluster_off,1,0,5.0
1782954196.0920544,115.5810329914093,-183.0909257842245,200.0,0.2,6.133919561670639,13.899069292828196,1.2166817449873975,-0.01882571321764917,0.2571677976196051,1782954196.0294452,None,None,None, None, 1782954196.0489724,0.9135514962873283,track,none,0.0,nan,nan,0.0,0.0,10.876065032887738,0.9591354640773763,2.7967515659157947,mr_webots_overtaking_large_ship_0_4_m_s.wbt,ekf_on_cluster_off,1,0,5.0
1782954196.1912756,115.68025422096252,-181.10474117402086,200.0,0.2,6.130986517078883,13.95644853251656,1.2079347289942604,-0.009313721595159901,0.2562106744644888,1782954196.13221,None,None,None, None, 1782954196.1362185,1.0963373804210073,track,none,0.0,nan,nan,0.0,0.0,10.904804749304269,0.9422858331119623,2.826793515925324,mr_webots_overtaking_large_ship_0_4_m_s.wbt,ekf_on_cluster_off,1,0,5.0
1782954196.2937455,115.78272414207458,-200.0,192.4839762451615,0.2,6.1284479434545975,14.020931253343749,1.1978990532632459,-0.004539988546156398,0.2557753899610432,1782954196.228088,None,None,None, None, 1782954196.2957458,0.9508113838590828,track,none,0.0,nan,nan,0.0,0.0,10.904804749304269,0.9422858331119623,2.826793515925324,mr_webots_overtaking_large_ship_0_4_m_s.wbt,ekf_on_cluster_off,1,0,5.0
1782954196.3965116,115.88549017906189,-200.0,192.0822989688179,0.2,6.1273012964907165,14.08825842729506,1.1873245122117844,-0.0017791834592553943,0.25563809268095244,1782954196.3052566,None,None,None, None, 1782954196.3985121,1.0464874464997682,track,none,0.0,nan,nan,0.0,0.0,11.002471750933625,0.9372398089068518,2.8513484850006545,mr_webots_overtaking_large_ship_0_4_m_s.wbt,ekf_on_cluster_off,1,0,5.0
1782954196.4948938,115.98387241363525,-200.0,191.5291404094736,0.2,6.126414670570174,14.156023832805108,1.1766527434145218,-0.005461933614377584,0.2550357686714404,1782954196.4978955,None,None,None, None, 1782954196.4646502,1.0485746266009406,track,none,0.0,nan,nan,0.0,0.0,11.051155356407001,0.9269415500243933,2.872468759130942,mr_webots_overtaking_large_ship_0_4_m_s.wbt,ekf_on_cluster_off,1,0,5.0
1782954196.5924397,116.08141827583313,-200.0,190.81544698570738,0.2,6.125729515726293,14.223789865046415,1.1659411219918676,-0.0065843150034159215,0.2544934701669543,1782954196.5944417,None,None,None, None, 1782954196.5468533,0.990214100456421,track,none,0.0,nan,nan,0.0,0.0,11.10997557720369,0.9174434181636273,2.8831839422494836,mr_webots_overtaking_large_ship_0_4_m_s.wbt,ekf_on_cluster_off,1,0,5.0
1782954196.7683625,116.25734114646912,-200.0,190.03487541950832,0.2,6.124612428772192,14.29147327682855,1.1551950227592427,-0.009135048747228022,0.2528965424186455,1782954196.6727087,None,None,None, None, 1782954196.6611993,1.0951490192954396,track,none,0.0,nan,nan,0.0,0.0,11.153172906236971,0.9060450034074694,2.910892068049005,mr_webots_overtaking_large_ship_0_4_m_s.wbt,ekf_on_cluster_off,1,0,5.0
1782954196.799875,116.2888536453247,-200.0,189.14401711570895,0.2,6.1230882145715455,14.359050390836194,1.1443883942226025,-0.012764745497779114,0.25139467535787824,1782954196.7903662,None,None,None, None, 1782954196.7903662,1.0735654873430236,track,none,0.0,nan,nan,0.0,0.0,11.153172906236971,0.9060450034074694,2.910892068049005,mr_webots_overtaking_large_ship_0_4_m_s.wbt,ekf_on_cluster_off,1,0,5.0
1782954196.8907602,116.37973880767822,-200.0,187.97534002893883,0.2,6.121692176578287,14.426502324786167,1.1334963177467499,-0.012764745497779114,0.2488417262583224,1782954196.7903662,None,None,None, None, 1782954196.881254,1.0587134460009615,track,none,0.0,nan,nan,0.0,0.0,11.264142328387011,0.8912312136026924,2.9377734743038744,mr_webots_overtaking_large_ship_0_4_m_s.wbt,ekf_on_cluster_off,1,0,5.0
1782954196.99285,116.4818286895752,-200.0,196.8150271326242,0.2,6.108768926507098,14.026630706413888,1.1937006444858946,-0.07569341377243323,0.24063655214933655,1782954196.8987663,14.020460763041083,1.1946405648805198,6.100304002759696, 1782954196.959819, 1782954196.9978535,1.019825679892216,track,none,0.0,nan,nan,0.0,0.0,11.31261186189148,0.8826579102117811,2.9611387137502296,mr_webots_overtaking_large_ship_0_4_m_s.wbt,ekf_on_cluster_off,1,0,5.0
1782954197.0931594,116.58213806152344,-200.0,197.50407651671577,0.2,6.1042060295137235,14.068220334196333,1.1862438904845138,-0.014362055070410912,0.23895729966141954,1782954197.0156891,None,None,None, None, 1782954196.9978535,1.019825679892216,track,none,0.0,nan,nan,0.0,0.0,11.31261186189148,0.8826579102117811,2.9611387137502296,mr_webots_overtaking_large_ship_0_4_m_s.wbt,ekf_on_cluster_off,1,0,5.0
1782954197.1914926,116.6804711818695,-200.0,198.23461445396003,0.2,6.099116186240947,14.128307885355913,1.1752442521489321,-0.030049177325263923,0.23587319798387982,1782954197.1183243,None,None,None, None, 1782954197.1163247,1.0492019682857119,track,none,0.0,nan,nan,0.0,0.0,11.31261186189148,0.8826579102117811,2.9611387137502296,mr_webots_overtaking_large_ship_0_4_m_s.wbt,ekf_on_cluster_off,1,0,5.0
1782954197.291719,116.78069758415222,-200.0,198.69515974288848,0.2,6.095593404862725,14.195023113816367,1.1626679331795042,-0.013299355096695525,0.2347071123513314,1782954197.2060041,None,None,None, None, 1782954197.2010052,1.0562877077150943,track,none,0.0,nan,nan,0.0,0.0,10.958510101017756,0.9782122971076549,2.997984751483217,mr_webots_overtaking_large_ship_0_4_m_s.wbt,ekf_on_cluster_off,1,0,5.0
1782954197.3921633,116.88114190101624,-200.0,199.80576566716292,0.2,6.088511976438345,14.263070671019618,1.1496319918588327,-0.050730410281023125,0.22533431423087033,1782954197.3907611,None,None,None, None, 1782954197.3112392,1.0448315011561273,track,none,0.0,nan,nan,0.0,0.0,11.016281165539496,0.9761171137270596,3.008476889629957,mr_webots_overtaking_large_ship_0_4_m_s.wbt,ekf_on_cluster_off,1,0,5.0
1782954197.4923599,116.98133850097656,-200.0,200.0,0.2,6.0851872387357755,14.331326959916812,1.1359648743174517,-0.006395260728793421,0.2247710018207041,1782954197.478844,None,None,None, None, 1782954197.4963553,1.0766697842098685,track,none,0.0,nan,nan,0.0,0.0,11.0698318303722,0.9860122036813931,3.0220544682917754,mr_webots_overtaking_large_ship_0_4_m_s.wbt,ekf_on_cluster_off,1,0,5.0
1782954197.5950038,117.08398246765137,-200.0,200.0,0.2,6.082489630159702,14.399618143336161,1.122133865317437,-0.009738536067297644,0.22395669956703576,1782954197.5624604,None,None,None, None, 1782954197.5884924,0.93406067337084,track,none,0.0,nan,nan,0.0,0.0,11.118340821320169,0.9813937508573227,3.04486812211656,mr_webots_overtaking_large_ship_0_4_m_s.wbt,ekf_on_cluster_off,1,0,5.0
1782954197.698229,117.18720769882202,-200.0,200.0,0.2,6.080110629168821,14.46788730837616,1.1081481969206202,-0.010507700742749098,0.22319374146232965,1782954197.6350698,None,None,None, None, 1782954197.5884924,0.93406067337084,track,none,0.0,nan,nan,0.0,0.0,11.17695522037308,0.975208566200974,3.055598748055296,mr_webots_overtaking_large_ship_0_4_m_s.wbt,ekf_on_cluster_off,1,0,5.0
1782954197.792982,117.2819607257843,-199.90041472748374,200.0,0.2,6.078097785793978,14.536127516462187,1.0940144400826526,-0.008921926800719227,0.2223797607986923,1782954197.7263036,None,None,None, None, 1782954197.792982,0.9241265547567294,track,none,0.0,nan,nan,0.0,0.0,11.217888140175004,0.9675356361275879,3.0833736534032914,mr_webots_overtaking_large_ship_0_4_m_s.wbt,ekf_on_cluster_off,1,0,5.0
1782954197.8919077,117.38088631629944,-199.38435058302395,200.0,0.2,6.076279684621305,14.60433118721092,1.0797574153210618,-0.008539016354617549,0.22163421252627527,1782954197.8136144,None,None,None, None, 1782954197.881974,0.9598735640642653,track,none,0.0,nan,nan,0.0,0.0,11.278883785882128,0.9588485931173971,3.094218272835714,mr_webots_overtaking_large_ship_0_4_m_s.wbt,ekf_on_cluster_off,1,0,5.0
1782954197.9904041,117.47938275337219,-199.40920895870838,200.0,0.2,6.077543780080409,14.175810466387077,1.1651712960501779,-0.002869473612334486,0.22138256274226661,1782954197.9013133,14.169251258586307,1.1664890594734965,6.082088608387578, 1782954197.960843, 1782954197.966881,0.9853090341073641,track,none,0.0,nan,nan,0.0,0.0,11.33962523333711,0.9496872080393537,3.103530867240979,mr_webots_overtaking_large_ship_0_4_m_s.wbt,ekf_on_cluster_off,1,0,5.0
1782954198.091426,117.58040452003479,-199.0803650785775,200.0,0.2,6.0761505405984,14.215371801129033,1.1568942280109162,-0.008060428766567885,0.2199832841740805,1782954198.0749118,None,None,None, None, 1782954198.0431883,0.9195154902434212,track,none,0.0,nan,nan,0.0,0.0,10.861073681368657,1.0333460219825679,3.133070819241401,mr_webots_overtaking_large_ship_0_4_m_s.wbt,ekf_on_cluster_off,1,0,5.0
1782954198.1922085,117.68118715286255,-198.69269736220053,200.0,0.2,6.074859684863979,14.274443277792146,1.1444442733368945,-0.0060558028640059535,0.21942764894530875,1782954198.1666644,None,None,None, None, 1782954198.1182528,1.0343981845494379,track,none,0.0,nan,nan,0.0,0.0,10.941416530841074,1.020795701819631,3.1439459062803348,mr_webots_overtaking_large_ship_0_4_m_s.wbt,ekf_on_cluster_off,1,0,5.0
1782954198.291382,117.78036069869995,-197.88062364251545,200.0,0.2,6.0716760228831275,14.340735026788893,1.1303846883679611,-0.024078485939811378,0.21728701772909392,1782954198.2555666,None,None,None, None, 1782954198.288873,0.990642192794766,track,none,0.0,nan,nan,0.0,0.0,10.954497533585192,1.0158749615355942,3.16108149375257,mr_webots_overtaking_large_ship_0_4_m_s.wbt,ekf_on_cluster_off,1,0,5.0
1782954198.3935573,117.88253593444824,-197.18381014817976,200.0,0.2,6.069927632311015,14.408348844048199,1.115766458804952,-0.004271699710491845,0.2169434040516105,1782954198.3360062,None,None,None, None, 1782954198.3538373,0.956876584382114,track,none,0.0,nan,nan,0.0,0.0,10.954497533585192,1.0158749615355942,3.16108149375257,mr_webots_overtaking_large_ship_0_4_m_s.wbt,ekf_on_cluster_off,1,0,5.0
1782954198.4944444,117.98342299461365,-196.4160815909581,200.0,0.2,6.068541344092299,14.476071047277951,1.1010273217337279,-0.0041544350246622095,0.21665847345254818,1782954198.4964445,None,None,None, None, 1782954198.464782,1.0807829195666905,track,none,0.0,nan,nan,0.0,0.0,11.037516201969291,1.0066632790730403,3.1844982771170365,mr_webots_overtaking_large_ship_0_4_m_s.wbt,ekf_on_cluster_off,1,0,5.0
1782954198.5906684,118.07964706420898,-195.5101748441775,200.0,0.2,6.067455114862336,14.54371045912654,1.0862202270742358,-0.0028896682261049674,0.21618169139553423,1782954198.5695863,None,None,None, None, 1782954198.5555634,1.092045015116998,track,none,0.0,nan,nan,0.0,0.0,11.095808459877594,0.9958718634814295,3.1954468009404993,mr_webots_overtaking_large_ship_0_4_m_s.wbt,ekf_on_cluster_off,1,0,5.0
1782954198.708548,118.19752669334412,0.0,0.0,0.2,6.0666717671365875,14.611229196502828,1.071370250388597,-0.0010616858133410201,0.21609640780435854,1782954198.6499147,None,None,None, None, 1782954198.635403,0.942450921095112,arrived,none,0.0,nan,nan,0.0,0.0,11.137645925835153,0.9828019496355974,3.225162001460272,mr_webots_overtaking_large_ship_0_4_m_s.wbt,ekf_on_cluster_off,1,0,5.0
1782954198.7943,118.28327870368958,0.0,0.0,0.2,6.066233805075239,14.649701623570206,1.062889692973215,-0.0004270301819412284,0.2160561954521135,1782954198.7440822,None,None,None, None, 1782954198.729076,1.0190944440606424,arrived,none,0.0,nan,nan,0.0,0.0,11.190517376278164,0.9705828122891883,3.2361323370696784,mr_webots_overtaking_large_ship_0_4_m_s.wbt,ekf_on_cluster_off,1,0,5.0
1782954198.8915884,118.38056707382202,0.0,0.0,0.2,6.065964540563066,14.678742118937816,1.0564807562694867,-0.000415211903076949,0.2159980665340791,1782954198.8840804,None,None,None, None, 1782954198.8840804,0.9633150294098674,arrived,none,0.0,nan,nan,0.0,0.0,11.216946774727106,0.9633070812221258,3.2470429584287164,mr_webots_overtaking_large_ship_0_4_m_s.wbt,ekf_on_cluster_off,1,0,5.0
1782954198.992962,118.4819405078888,0.0,0.0,0.2,6.069146400340225,14.333590800881375,1.132702220667694,-0.0003838613579068073,0.21597242665522265,1782954198.950875,14.32871978937157,1.1337779192118798,6.0756054899662555, 1782954198.975398, 1782954198.9628832,0.904271679056129,arrived,none,0.0,nan,nan,0.0,0.0,11.227936146169105,0.9573738610872892,3.263190948959289,mr_webots_overtaking_large_ship_0_4_m_s.wbt,ekf_on_cluster_off,1,0,5.0
1782954199.0916042,118.58058285713196,0.0,0.0,0.2,6.069181862944915,14.316880709300325,1.136334468185894,-0.0004136556133560939,0.21593965801762524,1782954199.0300922,None,None,None, None, 1782954199.0508544,0.9404054752873577,arrived,none,0.0,nan,nan,0.0,0.0,10.866059212381174,1.0247408033786618,3.2688758450013746,mr_webots_overtaking_large_ship_0_4_m_s.wbt,ekf_on_cluster_off,1,0,5.0
1782954199.190642,118.67962074279785,0.0,0.0,0.2,6.069046808799693,14.301948449044358,1.139579716625534,-0.0019331199600233398,0.21576839572647394,1782954199.118686,None,None,None, None, 1782954199.1552577,1.0033861429400373,arrived,none,0.0,nan,nan,0.0,0.0,10.866059212381174,1.0247408033786618,3.2688758450013746,mr_webots_overtaking_large_ship_0_4_m_s.wbt,ekf_on_cluster_off,1,0,5.0
1782954199.290875,118.7798535823822,0.0,0.0,0.2,6.068907562218595,14.288436632589466,1.1425197258161717,-0.00034106832025685726,0.21571495661761983,1782954199.2753675,None,None,None, None, 1782954199.2266934,1.045478365932111,arrived,none,0.0,nan,nan,0.0,0.0,10.818282992113632,1.03127033417549,3.284871263183809,mr_webots_overtaking_large_ship_0_4_m_s.wbt,ekf_on_cluster_off,1,0,5.0
1782954199.3916337,118.88061237335205,0.0,0.0,0.2,6.068927851842018,14.276087419949908,1.1452071446088774,-0.0005392053014066021,0.21566999524569402,1782954199.358752,None,None,None, None, 1782954199.3186042,0.9613365028907934,arrived,none,0.0,nan,nan,0.0,0.0,10.798898607294078,1.0344849236676328,3.290251123695165,mr_webots_overtaking_large_ship_0_4_m_s.wbt,ekf_on_cluster_off,1,0,5.0
1782954199.4912262,118.98020482063293,0.0,0.0,0.2,6.068958021675232,14.264709250776324,1.1476830044577244,-0.000333450158916625,0.21564108210835456,1782954199.445461,None,None,None, None, 1782954199.4922328,0.9049588186356269,arrived,none,0.0,nan,nan,0.0,0.0,10.779004448179412,1.0368052965193997,3.297542686238794,mr_webots_overtaking_large_ship_0_4_m_s.wbt,ekf_on_cluster_off,1,0,5.0
1782954199.591844,119.08082270622253,0.0,0.0,0.2,6.068971829088469,14.254155389543639,1.149979163572644,-0.0003343142999967584,0.21561532957789892,1782954199.522492,None,None,None, None, 1782954199.5773323,0.9138337609650369,arrived,none,0.0,nan,nan,0.0,0.0,10.764262839766479,1.0391143059178254,3.3003967678901436,mr_webots_overtaking_large_ship_0_4_m_s.wbt,ekf_on_cluster_off,1,0,5.0
1782954199.691385,119.18036365509033,0.0,0.0,0.2,6.068979953381999,14.244310750803352,1.1521208777757737,-0.00030715053863799365,0.21559049187836857,1782954199.6918902,None,None,None, None, 1782954199.666855,1.0531162460480288,arrived,none,0.0,nan,nan,0.0,0.0,10.748641066712734,1.0411254541429609,3.305337497728839,mr_webots_overtaking_large_ship_0_4_m_s.wbt,ekf_on_cluster_off,1,0,5.0
1782954199.7922812,119.28125977516174,0.0,0.0,0.2,6.068952579051632,14.235083224729623,1.1541282597854754,-0.0005683063403355648,0.21549556151848862,1782954199.7703977,None,None,None, None, 1782954199.7643974,1.0465624015938837,arrived,none,0.0,nan,nan,0.0,0.0,10.73406650828101,1.0431225081413713,3.3096615062312944,mr_webots_overtaking_large_ship_0_4_m_s.wbt,ekf_on_cluster_off,1,0,5.0
1782954199.8930192,119.38199782371521,0.0,0.0,0.2,6.068967284884465,14.226397931569402,1.1560179319273236,-0.00027452052647440026,0.21547255183375288,1782954199.8542154,None,None,None, None, 1782954199.8322377,1.0120932628947208,arrived,none,0.0,nan,nan,0.0,0.0,10.73406650828101,1.0431225081413713,3.3096615062312944,mr_webots_overtaking_large_ship_0_4_m_s.wbt,ekf_on_cluster_off,1,0,5.0
1782954199.9916356,119.48061418533325,0.0,0.0,0.2,6.070860945210414,14.377516394706602,1.1236139986483114,-0.0028444108316174853,0.21528526156652114,1782954199.9936442,14.379620596773789,1.1231624611104214,6.075052792768838, 1782954199.986549, 1782954199.972235,1.0520770062486335,arrived,none,0.0,nan,nan,0.0,0.0,10.738182567177335,1.0685258671007618,3.31265950666243,mr_webots_overtaking_large_ship_0_4_m_s.wbt,ekf_on_cluster_off,1,0,5.0
1782954200.091391,119.58036971092224,0.0,0.0,0.2,6.070702495080501,14.387069886606888,1.1215533033741991,-0.0002897882602327359,0.21524287160160802,1782954200.0663395,None,None,None, None, 1782954200.0663395,0.9948127112705899,arrived,none,0.0,nan,nan,0.0,0.0,10.884408617522,1.0291651759607134,3.3189505655291174,mr_webots_overtaking_large_ship_0_4_m_s.wbt,ekf_on_cluster_off,1,0,5.0
1782954200.2058702,119.69484877586365,0.0,0.0,0.2,6.0707628388031685,14.396042342024574,1.1196175909608486,-0.0001675845965608481,0.21522474113352635,1782954200.1745265,None,None,None, None, 1782954200.1858404,1.0442552467317368,arrived,none,0.0,nan,nan,0.0,0.0,10.89224907678511,1.0275859427441434,3.3205078849612146,mr_webots_overtaking_large_ship_0_4_m_s.wbt,ekf_on_cluster_off,1,0,5.0
1782954200.2923758,119.78135442733765,0.0,0.0,0.2,6.0707878729777995,14.404502472564172,1.1177929414944416,-0.00024065981010515622,0.21520095896591723,1782954200.2733471,None,None,None, None, 1782954200.2773507,0.9377026451392886,arrived,none,0.0,nan,nan,0.0,0.0,10.89224907678511,1.0275859427441434,3.3205078849612146,mr_webots_overtaking_large_ship_0_4_m_s.wbt,ekf_on_cluster_off,1,0,5.0
1782954200.3960567,119.88503527641296,0.0,0.0,0.2,6.070812109332085,14.412507064261453,1.1160667506585726,-0.00012985569492529142,0.2151864287210162,1782954200.3852425,None,None,None, None, 1782954200.3852425,1.0596402361099615,arrived,none,0.0,nan,nan,0.0,0.0,10.90353694952451,1.0232056604911546,3.3265575377269267,mr_webots_overtaking_large_ship_0_4_m_s.wbt,ekf_on_cluster_off,1,0,5.0
1782954200.4927962,119.98177480697632,0.0,0.0,0.2,6.070812885760225,14.420103857023095,1.114428694375573,-0.0002327747012439437,0.2151688558933428,1782954200.4607353,None,None,None, None, 1782954200.4617374,0.9163638723883232,arrived,none,0.0,nan,nan,0.0,0.0,10.910102039090384,1.0213273454783642,3.327961957664607,mr_webots_overtaking_large_ship_0_4_m_s.wbt,ekf_on_cluster_off,1,0,5.0
1782954200.5929728,120.081951379776,0.0,0.0,0.2,6.07081097500089,14.42733330957009,1.1128698515962205,-0.00023908632296531092,0.2151500572838431,1782954200.5393622,None,None,None, None, 1782954200.5393622,1.0666691852110655,arrived,none,0.0,nan,nan,0.0,0.0,10.913598023293147,1.0194718409352481,3.332163896525491,mr_webots_overtaking_large_ship_0_4_m_s.wbt,ekf_on_cluster_off,1,0,5.0
1782954200.6936345,120.18261313438416,0.0,0.0,0.2,6.070807359961813,14.434230084164545,1.1113827283448696,-0.00024723381645124713,0.2151301213907138,1782954200.619998,None,None,None, None, 1782954200.620996,0.9383208868421259,arrived,none,0.0,nan,nan,0.0,0.0,10.920078091508133,1.0178242742576167,3.333169657646884,mr_webots_overtaking_large_ship_0_4_m_s.wbt,ekf_on_cluster_off,1,0,5.0
1782954200.7915206,120.28049921989441,0.0,0.0,0.2,6.070773621024058,14.440824091251775,1.1099608646648045,-0.0005128987696561911,0.21504702399414194,1782954200.7820132,None,None,None, None, 1782954200.7925284,1.0252600111889243,arrived,none,0.0,nan,nan,0.0,0.0,10.92520843029143,1.016153969235353,3.335460212978921,mr_webots_overtaking_large_ship_0_4_m_s.wbt,ekf_on_cluster_off,1,0,5.0
1782954200.8906834,120.37966203689575,0.0,0.0,0.2,6.0707875627340515,14.447141287026113,1.1085984666742394,-0.0001993204647205133,0.21503185288087018,1782954200.8581274,None,None,None, None, 1782954200.8681264,0.9849825432731132,arrived,none,0.0,nan,nan,0.0,0.0,10.929294764045103,1.0147566867219058,3.337991077511156,mr_webots_overtaking_large_ship_0_4_m_s.wbt,ekf_on_cluster_off,1,0,5.0
1782954200.9957101,120.4846887588501,0.0,0.0,0.2,6.072093569836645,14.402323780998627,1.1184211520946177,-0.0005800588350111056,0.21498536662321036,1782954200.938268,14.401651793997667,1.1185681500766886,6.074677062590999, 1782954200.988692, 1782954200.9826958,1.0916101151917303,arrived,none,0.0,nan,nan,0.0,0.0,10.885956206745576,1.01904536628125,3.339752690548557,mr_webots_overtaking_large_ship_0_4_m_s.wbt,ekf_on_cluster_off,1,0,5.0
1782954201.091948,120.58092665672302,0.0,0.0,0.2,6.07205970384584,14.402323780998627,1.1184211520946177,-0.0006714750332592097,0.21492688897286033,1782954201.0253563,None,None,None, None, 1782954201.0764332,1.0925988852945532,arrived,none,0.0,nan,nan,0.0,0.0,10.885956206745576,1.01904536628125,3.339752690548557,mr_webots_overtaking_large_ship_0_4_m_s.wbt,ekf_on_cluster_off,1,0,5.0
1782954201.192085,120.68106365203857,0.0,0.0,0.2,6.072058678158217,14.402323780998627,1.1184211520946177,-0.0004422505433039595,0.2148914571917307,1782954201.1054733,None,None,None, None, 1782954201.1870766,1.0031418482242498,arrived,none,0.0,nan,nan,0.0,0.0,10.883440559155291,1.0190951583363874,3.342068156707482,mr_webots_overtaking_large_ship_0_4_m_s.wbt,ekf_on_cluster_off,1,0,5.0
1782954201.29878,120.7877585887909,0.0,0.0,0.2,6.0720781228674054,14.402323780998627,1.1184211520946177,-0.0002266949008898389,0.214866829013733,1782954201.2141135,None,None,None, None, 1782954201.274257,0.9522711038797138,arrived,none,0.0,nan,nan,0.0,0.0,10.88143156407018,1.0190554915351255,3.3439287311101293,mr_webots_overtaking_large_ship_0_4_m_s.wbt,ekf_on_cluster_off,1,0,5.0
1782954201.393955,120.88293361663818,0.0,0.0,0.2,6.072040842947102,14.402323780998627,1.1184211520946177,-0.0006504411127573885,0.21480068143480638,1782954201.31581,None,None,None, None, 1782954201.3513627,1.042474655514871,arrived,none,0.0,nan,nan,0.0,0.0,10.879640684951342,1.018931554169306,3.3456269463662953,mr_webots_overtaking_large_ship_0_4_m_s.wbt,ekf_on_cluster_off,1,0,5.0
1782954201.4912252,120.98020386695862,0.0,0.0,0.2,6.072065087074915,14.402323780998627,1.1184211520946177,-0.00021089046038918907,0.21477913440650212,1782954201.4179816,None,None,None, None, 1782954201.431505,1.0575193624987,arrived,none,0.0,nan,nan,0.0,0.0,10.879640684951342,1.018931554169306,3.3456269463662953,mr_webots_overtaking_large_ship_0_4_m_s.wbt,ekf_on_cluster_off,1,0,5.0
1782954201.5949202,121.0838987827301,0.0,0.0,0.2,6.072079325136917,14.402323780998627,1.1184211520946177,-0.0001871366066944452,0.21474703129345207,1782954201.5895307,None,None,None, None, 1782954201.5172706,1.0232112883432491,arrived,none,0.0,nan,nan,0.0,0.0,10.875441715330899,1.0188733127248892,3.349509262547143,mr_webots_overtaking_large_ship_0_4_m_s.wbt,ekf_on_cluster_off,1,0,5.0
1782954201.690923,121.17990159988403,0.0,0.0,0.2,6.072070995399605,14.402323780998627,1.1184211520946177,-0.00031690894322294546,0.21472188207711948,1782954201.6688886,None,None,None, None, 1782954201.686922,0.9806643255486442,arrived,none,0.0,nan,nan,0.0,0.0,10.874185075521181,1.0187754425385795,3.3506863072658377,mr_webots_overtaking_large_ship_0_4_m_s.wbt,ekf_on_cluster_off,1,0,5.0
1782954201.7905934,121.27957201004028,0.0,0.0,0.2,6.072073329530624,14.402323780998627,1.1184211520946177,-0.00023732639918555034,0.2147003620823607,1782954201.7595654,None,None,None, None, 1782954201.7780876,1.0198572325161828,arrived,none,0.0,nan,nan,0.0,0.0,10.87130066419818,1.0187355085702026,3.353360346844979,mr_webots_overtaking_large_ship_0_4_m_s.wbt,ekf_on_cluster_off,1,0,5.0
