epoch [s],elapsed [s],x [m],y [m],z [m],roll [deg],pitch [deg],yaw [deg],broadcast
1782924614.4675188,0.17403578758239746,-5.1343308888970764e-05,1.00000000065566,0.026592209866554986,0.0,0.0,359.9999999077535,False
1782924614.5476668,0.2541837692260742,-4.24890212528143e-05,1.0000000005298666,0.02759038205725486,0.0,0.0,359.9999999077611,False
1782924614.6247625,0.3312795162200928,-3.560759075265859e-05,1.0000000004159524,0.028610839788267766,0.0,0.0,359.9999999077871,False
1782924614.6983514,0.40486836433410645,-3.7808469251316624e-05,1.0000000003476583,0.029977532338399806,0.0,0.0,359.9999999078063,False
1782924614.7648733,0.4713902473449707,-4.544552155002495e-05,1.000000000433947,0.02957496843982367,0.0,0.0,359.9999999077873,False
1782924614.8559797,0.5624966621398926,-5.411334753208478e-05,1.000000000550445,0.02881359535474782,0.0,0.0,359.999999907783,False
1782924614.9206839,0.6272008419036865,-6.181383678490436e-05,1.0000000006712382,0.027858093305393013,0.0,0.0,359.99999990779986,False
1782924614.9990835,0.7056005001068115,-6.421612749434329e-05,1.000000000819684,0.025724166890712576,0.0,0.0,359.99999990783886,False
1782924615.0758445,0.7823615074157715,-5.753253673790074e-05,1.0000000007556038,0.02582914166326226,0.0,0.0,359.9999999078213,False
1782924615.1373703,0.8438873291015625,-5.1008471840766976e-05,1.0000000006755752,0.026207911800336468,0.0,0.0,359.99999990781214,False
1782924615.2235997,0.9301166534423828,-3.591365579179082e-05,1.0000000004274603,0.02806078235838062,0.0,0.0,359.9999999078449,False
1782924615.2941523,1.000669240951538,-3.5287346638777574e-05,1.0000000003287242,0.02952424324326481,0.0,0.0,359.9999999078715,False
1782924615.3704226,1.076939582824707,-4.0373725167738766e-05,1.0000000003585254,0.029775984344629303,0.0,0.0,359.9999999078595,False
1782924615.4639282,1.170445203781128,-4.929943984876349e-05,1.0000000004556278,0.02954219856360118,0.0,0.0,359.99999990784306,False
1782924615.5737772,1.2802941799163818,-6.65215853207148e-05,1.0000000008003043,0.026787389478704224,0.0,0.0,359.99999990789695,False
1782924615.6357949,1.3423118591308594,-6.465589702363632e-05,1.000000000817188,0.026284916021238596,0.0,0.0,359.999999907899,False
1782924615.7185986,1.4251155853271484,-5.945703619894672e-05,1.0000000007904266,0.025949596969522017,0.0,0.0,359.9999999078879,False
1782924615.8262193,1.5327363014221191,-3.634249593836047e-05,1.0000000004438419,0.027599973177017748,0.0,0.0,359.9999999079051,False
1782924615.9046474,1.6111643314361572,-3.508253754111054e-05,1.0000000003707954,0.028422309966286165,0.0,0.0,359.9999999079239,False
1782924615.983297,1.6898140907287598,-3.73609666405288e-05,1.000000000343192,0.02910457888081685,0.0,0.0,359.9999999079278,False
1782924616.0594366,1.765953540802002,-5.8016399072761465e-05,1.000000000557681,0.029153959888974512,0.0,0.0,359.99999990790934,False
1782924616.1365294,1.8430464267730713,-6.313636949251152e-05,1.0000000006638943,0.02850384893904682,0.0,0.0,359.9999999079277,False
1782924616.20214,1.9086570739746094,-6.515134885972877e-05,1.0000000007356042,0.02787900880953648,0.0,0.0,359.99999990794487,False
1782924616.2780354,1.9845523834228516,-6.460659636341752e-05,1.0000000007924514,0.02710430789703447,0.0,0.0,359.9999999079577,False
1782924616.3571103,2.063627243041992,-4.636091295413453e-05,1.0000000006615024,0.02617970311356854,0.0,0.0,359.9999999079378,False
1782924616.5962217,2.302738666534424,-4.2245003379415596e-05,1.000000000360456,0.029028773616283858,0.0,0.0,359.9999999079848,False
1782924616.6892622,2.3957791328430176,0.0002548893814302391,1.0000000004705796,0.02942189542329383,0.0,0.0,359.99999990798153,False
1782924616.7817912,2.4883081912994385,0.002228259265525386,1.0000000005872065,0.029095752393077535,0.0,0.0,359.99999990799796,False
1782924616.8901377,2.5966546535491943,0.01620336701948269,1.0000000007468337,0.027044421531337317,0.0,0.0,359.9999999089924,False
1782924617.0017986,2.70831561088562,0.024526709951737065,1.0000000006724128,0.02660357526498531,0.0,0.0,359.99999991150264,False
1782924617.1330478,2.839564800262451,0.050883849040836635,1.0000000003332863,0.02756237284995208,0.0,0.0,359.99999992146854,False
1782924617.2197201,2.926237106323242,0.058343743908746096,1.000000000300104,0.027981431173721722,0.0,0.0,359.9999999221603,False
1782924617.296057,3.0025739669799805,0.06593718060883501,1.000000000307771,0.02830357069359837,0.0,0.0,359.99999992141613,False
1782924617.3750231,3.081540107727051,0.09084629992209543,1.0000000005054221,0.02833904908011394,0.0,0.0,359.9999999126727,False
1782924617.4510844,3.1576013565063477,0.09874147495712095,1.0000000005591432,0.028109341226963666,0.0,0.0,359.9999999101298,False
1782924617.529213,3.235729932785034,0.10665567423338505,1.0000000005813348,0.027851240437083674,0.0,0.0,359.99999990875926,False
1782924617.6085835,3.3151004314422607,0.13355541757519457,1.0000000004001157,0.027368924519652282,0.0,0.0,359.9999999143218,False
1782924617.6871488,3.3936657905578613,0.14145064607740807,1.0000000003107523,0.02741399045349211,0.0,0.0,359.9999999174223,False
1782924617.7578723,3.4643893241882324,0.14934402971610036,1.0000000002350289,0.027523814617484887,0.0,0.0,359.999999919992,False
1782924617.825321,3.5318379402160645,0.15724192762310402,1.0000000001864864,0.027667959430526676,0.0,0.0,359.99999992150407,False
1782924617.9031806,3.6096975803375244,0.18100889501530976,1.0000000002380478,0.02800772742083526,0.0,0.0,359.9999999184166,False
1782924617.980335,3.686851978302002,0.18895882908242237,1.0000000002977474,0.028028869746093074,0.0,0.0,359.99999991570667,False
1782924618.055454,3.7619709968566895,0.19638143942353195,1.0000000489609626,0.028001468833287496,0.0,0.0,0.07417329215357286,False
1782924618.116151,3.8226680755615234,0.2161105404901456,1.0000080170050571,0.0277541536884982,0.0,0.0,0.9172159757467979,False
1782924618.19663,3.903146982192993,0.22148308717852938,1.000017386856255,0.027688517409417333,0.0,0.0,1.2722197187825275,False
1782924618.2753866,3.981903553009033,0.22661212771308784,1.0000326302679114,0.027651236208295384,0.0,0.0,1.641287969081043,False
1782924618.3510504,4.057567358016968,0.23154483729459657,1.0000552142763453,0.02764672508498091,0.0,0.0,2.017573704946509,False
1782924618.413949,4.120465993881226,0.24459151305599147,1.000168796733921,0.027768829479677525,0.0,0.0,3.0855183911905666,False
1782924618.4997907,4.206307649612427,0.24993136929614174,1.0002449970604153,0.02783906760503493,0.0,0.0,3.545484369036949,False
1782924618.59173,4.2982470989227295,0.25429706763646603,1.0003231272297628,0.02788417679617837,0.0,0.0,3.9291707291546145,False
1782924618.6642416,4.370758533477783,0.2628487298926039,1.000523450167853,0.027909154470557473,0.0,0.0,4.69709559735565,False
1782924618.7269194,4.433436393737793,0.27121923844640783,1.0007884915911578,0.027850541718189858,0.0,0.0,5.465285952535186,False
1782924618.8117504,4.518267393112183,0.2753529220078379,1.000947287249973,0.027806059062634638,0.0,0.0,5.849351589677735,False
1782924618.9024892,4.60900616645813,0.28679124153188595,1.001492183609461,0.027717715078724108,0.0,0.0,6.92437834201475,False
1782924619.0093062,4.715823173522949,0.29406409480573814,1.0019250707015062,0.02772690111263539,0.0,0.0,7.615232972131257,False
1782924619.0932913,4.7998082637786865,0.29808398638537253,1.0021948484409122,0.02775228035816958,0.0,0.0,7.999024957132025,False
1782924619.18593,4.892446994781494,0.31087251326919524,1.0032045346086935,0.027848711601113987,0.0,0.0,9.227413005415707,False
1782924619.272011,4.978528022766113,0.31564471829073315,1.0036424446604093,0.027862599231271514,0.0,0.0,9.6881977117183,False
1782924619.334789,5.041306018829346,0.3196135245764781,1.0040326983457755,0.027859420138968385,0.0,0.0,10.072224809486409,False
1782924619.4087012,5.115218162536621,0.3322705756131749,1.0054392914162222,0.02779116729993494,0.0,0.0,11.301096950269402,False
1782924619.4884324,5.194949388504028,0.33621353056657877,1.0059289264780538,0.02776930280355357,0.0,0.0,11.685052110584591,False
1782924619.5652885,5.27180552482605,0.34015093823422504,1.0064427181201898,0.027755080237521563,0.0,0.0,12.068964847917698,False
1782924619.6290746,5.335591554641724,0.34565426507854397,1.0072029032994445,0.027751866125828025,0.0,0.0,12.606386704904898,False
1782924619.7064207,5.412937641143799,0.35663046449163965,1.0088677281378757,0.02779246571116498,0.0,0.0,13.681190631430775,False
1782924619.7832007,5.489717721939087,0.36054097609205477,1.009509376267458,0.027811250039953054,0.0,0.0,14.06508582611022,False
1782924619.8779683,5.584485292434692,0.3652270283994591,1.0103122725196645,0.027828428731853986,0.0,0.0,14.525802788507649,False
1782924619.9537418,5.660258769989014,0.3776875505408138,1.0126298032599537,0.027824382157848482,0.0,0.0,15.754546364290245,False
1782924620.0474184,5.75393533706665,0.3823463273046536,1.013565298936779,0.027808112105909052,0.0,0.0,16.215331707148646,False
1782924620.11554,5.822057008743286,0.38544774472990506,1.0142091341511514,0.02779636086935274,0.0,0.0,16.522508078339897,False
1782924620.2076526,5.914169549942017,0.392412471200256,1.015716820115589,0.027775876789482998,0.0,0.0,17.21359886979914,False
1782924620.2859552,5.992472171783447,0.40243822897541354,1.0180390835814248,0.02777629324622027,0.0,0.0,18.21173029752772,False
1782924620.3622534,6.068770408630371,0.4055145874110319,1.018788007085525,0.027783139200535562,0.0,0.0,18.51883998816509,False
1782924620.433466,6.1399829387664795,0.4093542605984077,1.0197469238027557,0.02779386937631234,0.0,0.0,18.902734501476903,False
1782924620.5166016,6.223118543624878,0.42235954029241485,1.0231964195109797,0.02782008336606008,0.0,0.0,20.208100134525843,False
1782924620.6114938,6.3180108070373535,0.42693058653560534,1.0244836393592347,0.027818604210404226,0.0,0.0,20.668857985327772,False
1782924620.6865983,6.393115282058716,0.43073184819739574,1.0255840761015969,0.02781318515974308,0.0,0.0,21.052827115555274,False
1782924620.746898,6.4534149169921875,0.43982421839814306,1.028327849846287,0.027793786626565075,0.0,0.0,21.97432571637443,False
1782924620.829656,6.536172866821289,0.4466138498537551,1.0304805969721247,0.027784118578323976,0.0,0.0,22.66540033837147,False
1782924620.9047785,6.611295461654663,0.4503744557293524,1.0317116252395495,0.027783174317272216,0.0,0.0,23.049314083156062,False
1782924620.9699633,6.676480293273926,0.45337693128800605,1.0327144439160132,0.027784789465919696,0.0,0.0,23.356440282477774,True
1782924621.0459309,6.752447843551636,0.4653318198640865,1.0368852739262466,0.02780284253539275,0.0,0.0,24.584960289591205,False
1782924621.1089125,6.815429449081421,0.46830641112738025,1.0379677670448066,0.02780702618078715,0.0,0.0,24.892104229925454,False
1782924621.2013223,6.907839298248291,0.4712751941304038,1.0390661288259453,0.02780992954744894,0.0,0.0,25.199254997729987,False
1782924621.2793996,6.985916614532471,0.47497787828549554,1.0404613567188181,0.02781132861609828,0.0,0.0,25.58320155811279,False
1782924621.3552127,7.061729669570923,0.4882286448988869,1.045688249471157,0.02779944711423093,0.0,0.0,26.965427561361196,False
1782924621.421311,7.127827882766724,0.4911559213790563,1.0468929582834055,0.027795744132073533,0.0,0.0,27.272580897312597,False
1782924621.4997096,7.206226587295532,0.49480586232488893,1.048420816451534,0.02779210287160279,0.0,0.0,27.656515164414163,False
1782924621.5756912,7.282208204269409,0.5049702162464618,1.052828163517779,0.027791438689020457,0.0,0.0,28.731497130833652,False
1782924621.6380565,7.344573497772217,0.509300704089665,1.054775119744483,0.02779500715197224,0.0,0.0,29.19219932220203,False
1782924621.7018418,7.408358812332153,0.512178946041726,1.0560923730853344,0.027797936939092757,0.0,0.0,29.499336604697202,False
1782924621.7773411,7.483858108520508,0.5157667691024039,1.0577605738881461,0.027801517292184826,0.0,0.0,29.883262965947736,False
1782924621.8554807,7.561997652053833,0.5271715592565086,1.063259576496862,0.027805873400804853,0.0,0.0,31.111865817729075,False
1782924621.9346135,7.641130447387695,0.5307111468643412,1.0650279826780669,0.02780435694829635,0.0,0.0,31.495811133943363,False
1782924622.0143697,7.720886707305908,0.534238824401308,1.0668200461650466,0.02780191887738329,0.0,0.0,31.87975571935254,False
1782924622.1081836,7.814700603485107,0.5426556579850181,1.0712170240022736,0.02779568276280524,0.0,0.0,32.80120848166222,False
1782924622.241514,7.948030948638916,0.5496149097848022,1.0749840661073302,0.027793834957044697,0.0,0.0,33.56906652895018,False
1782924622.3262818,8.032798767089844,0.5565230277514808,1.0788439393053317,0.02779612076234145,0.0,0.0,34.33691615282996,False
1782924622.4213934,8.127910375595093,0.5626956200238449,1.0823966495479407,0.027799865750302827,0.0,0.0,35.02798521255103,False
1782924622.5207634,8.227280378341675,0.5728889397500603,1.0884792790811249,0.027803182891764897,0.0,0.0,35.343902710664615,False
1782924622.610489,8.31700587272644,0.5782822737333588,1.0917963272828135,0.027802058868948848,0.0,0.0,35.05513504727534,False
1782924622.6839538,8.390470743179321,0.5816409678472338,1.0938901730772015,0.027800627369532246,0.0,0.0,34.76995349773891,False
1782924622.7874157,8.493932723999023,0.5930096951377024,1.1010971898054491,0.02779626214120441,0.0,0.0,34.65307197408821,False
1782924622.850847,8.557363986968994,0.5956749079584909,1.1028097212065797,0.027796074864477858,0.0,0.0,34.82333623580885,False
1782924622.9180427,8.6245596408844,0.5990010780436883,1.104959241825118,0.02779641018439476,0.0,0.0,35.103497405881285,False
1782924622.9907486,8.697265625,0.6089393762734348,1.1114720045814566,0.027799642414840467,0.0,0.0,36.15555195605502,False
1782924623.0685935,8.775110483169556,0.6115780520040102,1.1132265948417284,0.027800485801833308,0.0,0.0,36.45639065848595,False
1782924623.1307673,8.837284326553345,0.6142113104960889,1.1149893600581517,0.02780110294324262,0.0,0.0,36.75991611022381,False
1782924623.2010586,8.907575607299805,0.6240330535489476,1.1216778996639791,0.027800770602620692,0.0,0.0,37.90747131478411,False
1782924623.2796044,8.986121416091919,0.6272867563576024,1.1239366076731645,0.0277999322222356,0.0,0.0,38.29110740399688,False
1782924623.3484933,9.055010318756104,0.6305295694825842,1.1262107242958728,0.027799001538754264,0.0,0.0,38.67489313750282,False
1782924623.410423,9.116940021514893,0.6376233303498215,1.1312700389592096,0.027797525032624632,0.0,0.0,39.51942861725296,False
1782924623.475225,9.181741952896118,0.6433836241906695,1.1354691301208502,0.027797527572432233,0.0,0.0,40.21047975516183,False
1782924623.5570252,9.263542175292969,0.6465659564446258,1.1378258582085898,0.02779798702348639,0.0,0.0,40.59440460388589,False
1782924623.6286936,9.33521056175232,0.6497351311525731,1.1401999791729072,0.027798641598596498,0.0,0.0,40.978332147078326,False
1782924623.6984756,9.404992580413818,0.6566594752392347,1.1454853142307149,0.027800055106339656,0.0,0.0,41.822979568818226,False
1782924623.771337,9.477854013442993,0.6622741774480735,1.1498744115891617,0.027800484606524987,0.0,0.0,42.514060073620556,False
1782924623.8314352,9.537952184677124,0.6647545060127245,1.151844057627204,0.027800386116106548,0.0,0.0,42.821207891680054,False
1782924623.908014,9.61453104019165,0.6678415731500309,1.1543226228167085,0.0278000503679955,0.0,0.0,43.20514293296054,False
1782924623.9887054,9.6952223777771,0.6776178120646109,1.1623781999926173,0.02779847705124209,0.0,0.0,44.433732263597534,False
1782924624.0697548,9.77627182006836,0.6806400479499998,1.164934581854615,0.02779819926056323,0.0,0.0,44.817664781050986,False
1782924624.145856,9.852372884750366,0.6836462644169801,1.1675096054888916,0.027798131384399693,0.0,0.0,45.20159662999311,False
1782924624.220481,9.926997900009155,0.6854422177161494,1.1690635756019265,0.02779819211901638,0.0,0.0,45.43195553823361,False
1782924624.2988384,10.00535535812378,0.6966781410477553,1.1790613958952587,0.02779950758735851,0.0,0.0,46.8908968410404,False
1782924624.391317,10.09783387184143,0.7001755766887379,1.1822745060402755,0.027799821678639536,0.0,0.0,47.351616935508694,False
1782924624.472116,10.178632974624634,0.7030778382775351,1.1849799064880568,0.027799910761060056,0.0,0.0,47.72598859318108,False
1782924624.5417225,10.248239517211914,0.710039221370281,1.19162354012205,0.027799464934069464,0.0,0.0,48.556050241168016,False
1782924624.624407,10.330924034118652,0.7153245576093692,1.1968263427473291,0.027798767625010937,0.0,0.0,49.144468770819906,False
1782924624.6912227,10.39773964881897,0.7179152405573346,1.1994601204163196,0.02779824900209882,0.0,0.0,49.380167762858385,False
1782924624.7640836,10.470600605010986,0.7214361654515751,1.2031229747558398,0.027797344508751768,0.0,0.0,49.64780718810769,False
1782924624.8413498,10.547866821289062,0.7343465377018611,1.217129812428229,0.02779268731824519,0.0,0.0,50.366075181594,False
1782924624.9264064,10.632923364639282,0.7387332747925549,1.222041776823128,0.027790956561405372,0.0,0.0,50.56162879293787,False
1782924625.014529,10.721045970916748,0.7442012632556394,1.228255364886835,0.027788846070039258,0.0,0.0,50.76475247542505,False
1782924625.0925186,10.799035549163818,0.7592320495693627,1.2457361392324735,0.027785812452048638,0.0,0.0,51.09472824904242,False
1782924625.2035475,10.910064458847046,0.7638147340196565,1.2511514097162977,0.02778658986173019,0.0,0.0,51.11093969155726,False
1782924625.273936,10.98045301437378,0.7724726664360234,1.2614528843321633,0.02779119542714189,0.0,0.0,50.93843557111045,False
1782924625.3614204,11.06793737411499,0.7824749308185098,1.273419091366609,0.027800191979318527,0.0,0.0,50.285859606260715,False
1782924625.442916,11.149432897567749,0.7860181935306261,1.2776643249434734,0.02780280486961383,0.0,0.0,49.95867802159109,False
1782924625.529283,11.23580002784729,0.7893870448422684,1.281698885113962,0.027804352261040544,0.0,0.0,49.6042204831424,False
1782924625.6294708,11.33598780632019,0.8009812934849216,1.2955003240577865,0.027800336957378862,0.0,0.0,48.32445160673499,False
1782924625.7346156,11.441132545471191,0.8063577383469949,1.30177905263224,0.027795763154465195,0.0,0.0,47.97908596124538,False
1782924625.8407896,11.547306537628174,0.8160278423408304,1.3128941108734906,0.0277883128025792,0.0,0.0,47.58813855933353,False
1782924625.9649203,11.67143726348877,0.8296631443621938,1.3282858570115719,0.027782280968647342,0.0,0.0,47.22460946064375,False
1782924626.0535712,11.760088205337524,0.8367812605589717,1.3362196045725065,0.02778148210832476,0.0,0.0,47.07650428511392,False
1782924626.1408536,11.847370624542236,0.8520138805586881,1.3530482740545544,0.027789617430854913,0.0,0.0,46.84209702421151,False
1782924626.2340634,11.940580368041992,0.8552450733072781,1.3566048720007384,0.027794171108448684,0.0,0.0,46.82866546283577,False
1782924626.3301811,12.03669810295105,0.8688914697608647,1.3715691023259748,0.027809784133348833,0.0,0.0,47.43389771965313,False
1782924626.4251392,12.131656169891357,0.8727994165112732,1.3758454384463887,0.02780940577869611,0.0,0.0,47.83088904332023,False
1782924626.5307245,12.237241506576538,0.8765735807605198,1.3799785576215389,0.027806420928522122,0.0,0.0,48.2627000391517,False
1782924626.628734,12.335251092910767,0.887296775028346,1.3917838556356805,0.02779332369623556,0.0,0.0,49.537236686430305,False
1782924626.7316568,12.438173770904541,0.8912893082365975,1.3962204544140873,0.027791533879731652,0.0,0.0,49.856105851364255,False
1782924626.8185296,12.525046586990356,0.896869343200034,1.4024704017336516,0.02779406211292531,0.0,0.0,50.09851667227296,False
1782924626.9036522,12.610169172286987,0.9034171624984075,1.4098769911064162,0.027800923343329228,0.0,0.0,49.76516466195263,False
1782924626.975929,12.682446002960205,0.9061109137737768,1.4129418005727092,0.027803231607945553,0.0,0.0,49.47820805933802,False
1782924627.0561595,12.762676477432251,0.9087900436285392,1.4159962457201127,0.027804540461969326,0.0,0.0,49.146277650486084,False
1782924627.1333752,12.839892148971558,0.9173014420214823,1.4257058810855505,0.027801457435113544,0.0,0.0,47.965953086770135,False
1782924627.2428048,12.949321746826172,0.9199516584478286,1.4287202898684173,0.02779922101542495,0.0,0.0,47.58499070853291,False
1782924627.3331723,13.039689302444458,0.9263132156990439,1.4359151850896055,0.027795238455253182,0.0,0.0,46.665951724328515,False
1782924627.4264593,13.132976293563843,0.9321621828175932,1.4424587470924097,0.02779562560587325,0.0,0.0,45.82175072140354,False
1782924627.506597,13.213114023208618,0.9348306185798729,1.4454157375030765,0.027796960301978625,0.0,0.0,45.43788683732674,False
1782924627.6185265,13.325043439865112,0.9450499440743053,1.4565453591150483,0.02780216854887577,0.0,0.0,43.97901219943775,True
1782924627.6983485,13.404865503311157,0.9477641397050857,1.4594442515424944,0.027802335461812825,0.0,0.0,43.595079080714534,False
1782924627.7843466,13.490863561630249,0.951036740288231,1.4629054153497318,0.02780168941041829,0.0,0.0,43.134356266365536,False
1782924627.8532786,13.559795618057251,0.9548774737482254,1.4669184664272046,0.02780013037188636,0.0,0.0,42.59684559115313,False
1782924627.9245033,13.631020307540894,0.9620793703908709,1.4742966014904608,0.027797214023656956,0.0,0.0,41.59861861263044,False
1782924628.003705,13.710222005844116,0.9648744239751343,1.4771074419944015,0.02779674656188239,0.0,0.0,41.21468853930731,False
1782924628.087342,13.793859004974365,0.9676839148247875,1.4799028243528876,0.0277967929225145,0.0,0.0,40.83075978112355,False
1782924628.1754706,13.881987571716309,0.977921456536231,1.489833431945708,0.02779967820847784,0.0,0.0,39.44861489764571,False
1782924628.2518494,13.958366394042969,0.980800330436938,1.492553805876032,0.02780045269531581,0.0,0.0,39.06468269054717,False
1782924628.3144515,14.020968437194824,0.9831146169493423,1.4947178133451036,0.027800845733145427,0.0,0.0,38.75753572261911,False
1782924628.3950794,14.101596355438232,0.9860215524577798,1.497407239626184,0.027800991765727437,0.0,0.0,38.373600788506266,False
1782924628.471668,14.178184986114502,0.9960231427669459,1.5064185726535633,0.027799213137566996,0.0,0.0,37.0682195389919,False
1782924628.5332453,14.239762306213379,0.9984031092599951,1.5085083946001434,0.027798648233636977,0.0,0.0,36.76107212545423,False
1782924628.6272814,14.3337984085083,1.0019921492660535,1.5116208686276174,0.027798005054752693,0.0,0.0,36.30035244936713,False
1782924628.6945426,14.401059627532959,1.00560410182057,1.514706311466807,0.02779774302730458,0.0,0.0,35.83963433601791,False
1782924628.7667978,14.473314762115479,1.0141209596577552,1.5217986391288425,0.027798607890378375,0.0,0.0,34.76462775570791,False
1782924628.8433604,14.549877405166626,1.0171927866517756,1.5242947038842654,0.02779916905651445,0.0,0.0,34.3806961625324,False
1782924628.9060504,14.61256742477417,1.019661604028279,1.5262773718684957,0.02779958847678691,0.0,0.0,34.07355025391901,False
1782924628.9747815,14.68129849433899,1.0265026455879902,1.5316639522315711,0.027800206339564332,0.0,0.0,33.2288959167783,False
1782924629.050081,14.756597995758057,1.0321559668027582,1.5359984784349932,0.027799945956590685,0.0,0.0,32.537812932690294,False
1782924629.1276402,14.834157228469849,1.035318335075017,1.538377918344221,0.027799578884055296,0.0,0.0,32.1538779155605,False
1782924629.20662,14.913136959075928,1.0384960445746203,1.5407367163304821,0.02779915370442194,0.0,0.0,31.769943311272254,False
1782924629.288764,14.995280981063843,1.0487666787082104,1.5481444733683531,0.027798336697972784,0.0,0.0,30.54135696715564,False
1782924629.4159372,15.122454166412354,1.0533083154998988,1.5513172634580639,0.027798479594050227,0.0,0.0,30.003852002434403,False
1782924629.493521,15.200037956237793,1.0591900268210124,1.5553348442486488,0.027798987949634663,0.0,0.0,29.31277406126409,False
1782924629.5868616,15.293378591537476,1.0671055163213843,1.560582433757187,0.02779964481974623,0.0,0.0,28.39133461425737,False
1782924629.677011,15.383527994155884,1.0710941587683562,1.5631589671795885,0.027799758010349812,0.0,0.0,27.93061378165882,False
1782924629.7416227,15.448139667510986,1.0771151222547355,1.5669641260195977,0.027799593393603845,0.0,0.0,27.23953179531672,False
1782924629.820784,15.52730107307434,1.084534988768725,1.5715168277628089,0.0277990845044945,0.0,0.0,26.394876410790495,False
1782924629.9194436,15.6259605884552,1.0886099467465735,1.5739542769138914,0.027798835330358478,0.0,0.0,25.93415600407707,False
1782924629.9915273,15.698044300079346,1.0913373150807888,1.575561147452874,0.027798727924949137,0.0,0.0,25.637044328150903,False
1782924630.059722,15.766238927841187,1.102328456576811,1.5818482594861816,0.027798887532017296,0.0,0.0,25.435302832614198,False
1782924630.153083,15.859600067138672,1.1064798442722763,1.5841546152727208,0.027799105327601742,0.0,0.0,25.676642570810774,False
1782924630.225575,15.93209195137024,1.1099492919970633,1.5860595293920285,0.02779928252215933,0.0,0.0,25.961822218017705,False
1782924630.2892723,15.995789289474487,1.1203976095890895,1.5917074605519907,0.027799485016554992,0.0,0.0,27.019190197451433,False
1782924630.3692043,16.075721263885498,1.123889232743044,1.593575950463811,0.0277994134103754,0.0,0.0,27.396125562956136,False
1782924630.441736,16.148252964019775,1.126684268815816,1.595068245311692,0.027799320098017364,0.0,0.0,27.644649681021484,False
1782924630.5244691,16.23098611831665,1.1301794225146862,1.596931914349465,0.027799181266251662,0.0,0.0,27.794811560138957,False
1782924630.6335359,16.340052843093872,1.1441706963084306,1.6043736088848437,0.02779888171177746,0.0,0.0,27.202632810856883,False
1782924630.7166626,16.423179626464844,1.1476725779885069,1.6062275773762151,0.02779893283869561,0.0,0.0,26.871153612384468,False
1782924630.7937942,16.500311136245728,1.1511771860536244,1.6080766641986652,0.027799021813878215,0.0,0.0,26.51436546873169,False
1782924630.8696866,16.57620358467102,1.1624173804026328,1.6139459612899192,0.027799315813318022,0.0,0.0,25.310359687684294,False
1782924630.9488149,16.65533185005188,1.16593994664223,1.6157607609981466,0.02779934519696068,0.0,0.0,24.927922628661367,False
1782924631.0239267,16.730443716049194,1.1694681379909049,1.6175644254441952,0.027799332042419623,0.0,0.0,24.6003408010422,False
1782924631.102035,16.808552026748657,1.1807971183413426,1.6232584916237103,0.027799111989832898,0.0,0.0,24.573079474025835,False
1782924631.1858084,16.892325401306152,1.1836374783163384,1.6246657647360043,0.027799055838494326,0.0,0.0,24.749476982102564,False
1782924631.2625906,16.969107627868652,1.1871913376497405,1.6264181204656103,0.02779900694173674,0.0,0.0,25.034844389879762,False
1782924631.3367317,17.043248653411865,1.1978664645793582,1.6316492581722881,0.027799043529207153,0.0,0.0,26.09241359195787,False
1782924631.4000444,17.106561422348022,1.2014261572979639,1.6333908402333346,0.02779910087482407,0.0,0.0,26.440465929380178,False
1782924631.47696,17.18347692489624,1.2049850811852736,1.6351342076241762,0.02779916213131356,0.0,0.0,26.620246476445953,False
1782924631.5512938,17.257810831069946,1.2085428473001187,1.6368801097370271,0.027799214785215822,0.0,0.0,26.659317618820005,False
1782924631.6314144,17.337931394577026,1.2199218506243223,1.6424798390000117,0.027799240260692096,0.0,0.0,26.04282935434679,False
1782924631.708018,17.41453504562378,1.223477876736578,1.6442298118610155,0.027799203998873204,0.0,0.0,25.711056239106757,False
1782924631.7897305,17.49624752998352,1.2270351314154002,1.6459773462157707,0.027799158276973532,0.0,0.0,25.354109866076882,False
1782924631.8657727,17.57228970527649,1.2355817483260074,1.6501525645135262,0.027799066913364708,0.0,0.0,24.45489276206824,False
1782924631.9284034,17.634920358657837,1.2420044494321814,1.6532573060961635,0.02779905761944927,0.0,0.0,23.76751323290918,False
1782924632.0061216,17.71263861656189,1.2455787126604276,1.6549691753326716,0.027799076799100902,0.0,0.0,23.413202590874807,False
1782924632.0847256,17.791242599487305,1.2491578652559192,1.6566705134499398,0.02779910769386268,0.0,0.0,23.229731564797465,False
1782924632.178698,17.885215044021606,1.258485882110294,1.661045974219895,0.027799191505301333,0.0,0.0,23.37454339214936,False
1782924632.257833,17.96434998512268,1.2642391032637172,1.6637108746900033,0.02779921024147827,0.0,0.0,23.797514246031163,False
1782924632.3309784,18.037495374679565,1.2678381052344565,1.6653696326945666,0.027799203674548235,0.0,0.0,24.037416556703217,False
1782924632.4063308,18.112847805023193,1.2779232635170723,1.669997877141949,0.027799138301896058,0.0,0.0,23.960652944186197,False
1782924632.4749732,18.181490182876587,1.282248977295385,1.6719741181449668,0.027799110072708657,0.0,0.0,23.67040951217186,False
1782924632.5510182,18.257535219192505,1.2858559457915775,1.6736162253735176,0.02779909531570129,0.0,0.0,23.360409856513897,False
1782924632.6288543,18.335371255874634,1.289465444826969,1.6752527691833645,0.027799091112659612,0.0,0.0,23.015397498993902,False
1782924632.726102,18.432619094848633,1.3010387953378608,1.680437967979575,0.027799136444955037,0.0,0.0,21.878120715480033,False
1782924632.8568208,18.563337802886963,1.3061156872787996,1.6826753363899083,0.027799163510411187,0.0,0.0,21.707208345587905,False
1782924632.9771125,18.683629512786865,1.3148378791772855,1.6864669264419536,0.02779918197870478,0.0,0.0,21.985256974041437,False
1782924633.0845852,18.791102170944214,1.3243056441657521,1.6905317355661724,0.027799154765031992,0.0,0.0,22.792986567242977,False
1782924633.1652577,18.871774673461914,1.3345078693753119,1.6948963631545892,0.027799117124945982,0.0,0.0,23.83238138474887,False
1782924633.25193,18.958446979522705,1.3388780200500066,1.6967724563162343,0.027799112547287057,0.0,0.0,24.159626702799148,False
1782924633.3438964,19.050413370132446,1.3519724453695696,1.702438351979836,0.027799142457596966,0.0,0.0,23.9266655972924,False
1782924633.4255743,19.132091283798218,1.355607869139076,1.7040197941032595,0.027799152817388883,0.0,0.0,23.664817334155174,False
1782924633.4971573,19.20367431640625,1.359246832287922,1.70560358321667,0.027799157697969867,0.0,0.0,23.434616909631057,False
1782924633.558958,19.265475034713745,1.3665314736806982,1.7087711834292838,0.02779915090733353,0.0,0.0,23.048671199042577,False
1782924633.6213984,19.32791543006897,1.3730939632814307,1.7116161161738923,0.027799132086161034,0.0,0.0,22.76108241473147,False
1782924633.700758,19.407274961471558,1.3767440587253843,1.7131932969985046,0.027799120049870715,0.0,0.0,22.631917453829825,False
1782924633.776684,19.483201026916504,1.3804153798656367,1.7147750733347318,0.027799098205013778,0.0,0.0,22.553983118897907,False
1782924633.851022,19.557538986206055,1.3929024338431812,1.7201265673248753,0.027799067338771362,0.0,0.0,23.05957935639762,False
1782924633.9149506,19.62146759033203,1.3958343799524842,1.7213800425336336,0.02779907661307606,0.0,0.0,23.25513223418787,False
1782924633.995891,19.70240807533264,1.3994962245875204,1.7229461927680714,0.027799095404468337,0.0,0.0,23.358302773613108,True
1782924634.0850074,19.791524410247803,1.403888116917458,1.7248261999129355,0.027799123561749326,0.0,0.0,23.40581078850194,False
1782924634.1483514,19.854868412017822,1.4156760571588496,1.7298813084916629,0.027799132221712743,0.0,0.0,23.303314924629586,False
1782924634.2121756,19.918692588806152,1.4178970721582635,1.7308346611052445,0.02779911936016739,0.0,0.0,23.23363974190386,False
1782924634.2767813,19.983298301696777,1.4208531857414,1.7321034507715802,0.027799101941967618,0.0,0.0,23.08102425064264,False
1782924634.3530798,20.05959677696228,1.42454119392033,1.7336854123911742,0.027799081733075423,0.0,0.0,22.81617167141342,False
1782924634.4299514,20.136468410491943,1.4370441622859942,1.7390206005797197,0.02779907135891703,0.0,0.0,21.631341219568665,False
1782924634.5060697,20.212586641311646,1.4407168730065456,1.740572936432406,0.02779909110539278,0.0,0.0,21.254023290476603,False
1782924634.5708525,20.277369499206543,1.4436550588769381,1.7418079288218864,0.02779911178113274,0.0,0.0,20.94968939220182,False
1782924634.6469896,20.353506565093994,1.4495334203830756,1.7442576362072821,0.027799155494820836,0.0,0.0,20.62511630310082,False
1782924634.7109222,20.417439222335815,1.459094632107401,1.7481826048415385,0.027799192953455787,0.0,0.0,20.8335661902201,False
1782924634.7882502,20.49476718902588,1.4627746450458028,1.7496775252837937,0.02779918951857472,0.0,0.0,21.093554678815778,False
1782924634.8680205,20.57453751564026,1.4664554494299011,1.7511670543187612,0.027799177359664196,0.0,0.0,21.40955328864931,False
1782924634.934615,20.64113187789917,1.4701364804337944,1.7526531280130844,0.02779915950063054,0.0,0.0,21.62573171434909,False
1782924635.0083663,20.71488332748413,1.4819149427631002,1.7573959077030346,0.027799107997185744,0.0,0.0,21.41506609979484,False
1782924635.0996985,20.806215524673462,1.485596192232484,1.7588732546816306,0.027799104205984627,0.0,0.0,21.141765482289532,False
1782924635.1943867,20.900903701782227,1.488541911368012,1.760052367619463,0.027799106622959417,0.0,0.0,20.88547499259406,False
1782924635.2716446,20.978161573410034,1.5025776678970941,1.7656126739912408,0.027799138273039998,0.0,0.0,20.095523808209283,False
1782924635.334504,21.04102087020874,1.5055432856811688,1.766773210478176,0.02779914053258184,0.0,0.0,20.010513352546518,False
1782924635.4161453,21.12266230583191,1.5092551656511244,1.7682185778150443,0.02779913859704273,0.0,0.0,19.943352085878644,False
1782924635.490828,21.19734501838684,1.5151945403228464,1.7705159148190919,0.027799131469612638,0.0,0.0,20.076185829490672,False
1782924635.5724623,21.278979301452637,1.52484359643754,1.7742198550626833,0.02779912231081183,0.0,0.0,20.785627249802815,False
1782924635.649095,21.35561203956604,1.528554503103538,1.7756406977185062,0.0277991226245493,0.0,0.0,21.07739405089716,False
1782924635.7268362,21.433353185653687,1.532271628246184,1.7770647106360167,0.027799121321181643,0.0,0.0,21.30603232747371,False
1782924635.806936,21.513453006744385,1.5442902495085864,1.7816866012052626,0.027799045840660452,0.0,0.0,21.621357023660348,False
1782924635.880317,21.586833953857422,1.5480517219451064,1.783139688053929,0.027799022397713435,0.0,0.0,21.774158840920666,False
1782924635.9750745,21.681591510772705,1.5525506041492172,1.7848826310608683,0.027799011947800895,0.0,0.0,22.0770916908623,False
1782924636.0361967,21.742713689804077,1.564481689047015,1.789547885792362,0.027799085061651574,0.0,0.0,23.18190808029261,False
1782924636.1157181,21.822235107421875,1.568192693947426,1.7910174143972373,0.02779912611843951,0.0,0.0,23.502196951150268,False
1782924636.2071524,21.91366934776306,1.5711568706561279,1.7921990922117035,0.02779915708223265,0.0,0.0,23.635006692009874,False
1782924636.303832,22.01034903526306,1.5748721233428906,1.7936908279693435,0.02779917817394069,0.0,0.0,23.73355330449758,False
1782924636.3771596,22.08367657661438,1.5852618293061294,1.7979194888007466,0.027799155666117355,0.0,0.0,23.867399853823123,False
1782924636.4644551,22.170972108840942,1.5911778312702738,1.8003609508460336,0.02779911083687338,0.0,0.0,23.88720876569553,False
1782924636.5501435,22.25666046142578,1.595622882561334,1.8022098904020791,0.02779906834687263,0.0,0.0,23.846145945899753,False
1782924636.6312625,22.33777952194214,1.6045219862778959,1.8059428153707504,0.02779901086095732,0.0,0.0,23.97378574648144,False
1782924636.7269886,22.433505535125732,1.6111584683607314,1.8087524076681538,0.027799041196752597,0.0,0.0,24.44489562048576,False
1782924636.8052418,22.51175880432129,1.6148334316290613,1.8103198292171392,0.027799079216662435,0.0,0.0,24.77837106075977,False
1782924636.8930264,22.59954333305359,1.6272688511393072,1.8157052319781941,0.027799209667284788,0.0,0.0,26.03622774064139,False
1782924636.974374,22.680891036987305,1.6309090124342274,1.8173107125916366,0.027799221583251207,0.0,0.0,26.417655707339076,False
1782924637.0484555,22.754972457885742,1.6345411820170865,1.8189280112203245,0.027799216435141872,0.0,0.0,26.80034142815794,False
1782924637.110288,22.816804885864258,1.6374410758909876,1.820231022091853,0.02779920159349389,0.0,0.0,27.106959106630466,False
1782924637.1911693,22.89768624305725,1.6497056307165179,1.8258703952847848,0.02779910248429125,0.0,0.0,28.411687871391113,False
1782924637.267641,22.97415804862976,1.6532936369062161,1.8275631619186372,0.02779908567868629,0.0,0.0,28.795586647736492,False
1782924637.3437598,23.05027675628662,1.6561574937744297,1.828929344039581,0.027799081281604937,0.0,0.0,29.10271808967081,False
1782924637.4221497,23.128666639328003,1.6597289461681661,1.830652492972017,0.027799087236110888,0.0,0.0,29.486640515888457,False
1782924637.4878454,23.19436240196228,1.6717994316770095,1.836645450882582,0.02779916059331224,0.0,0.0,30.792000987819257,False
1782924637.5656257,23.2721426486969,1.6753273707578802,1.8384491546135413,0.0277991790802242,0.0,0.0,31.175932862990326,False
1782924637.6256485,23.332165479660034,1.6781421735371471,1.8399059807984506,0.02779918785200745,0.0,0.0,31.48307861951855,False
1782924637.7030704,23.409587383270264,1.681651053062691,1.841744581443255,0.027799190021403842,0.0,0.0,31.86701102621771,False
1782924637.7825134,23.489030361175537,1.6934983901461418,1.848144925584,0.027799142981743803,0.0,0.0,33.172382127187305,False
1782924637.861796,23.568312883377075,1.6969576713772307,1.8500720169308171,0.027799126184393834,0.0,0.0,33.556314935763595,False
1782924637.9389114,23.64542841911316,1.7004051009941898,1.8520196870563437,0.027799114314195253,0.0,0.0,33.94024777499788,False
1782924638.0047827,23.711299657821655,1.7031543713406665,1.8535927262892595,0.0277991097608943,0.0,0.0,34.24739406682618,False
1782924638.092796,23.799313068389893,1.715427775310873,1.8608367678569078,0.02779913920201622,0.0,0.0,35.62955268516128,False
1782924638.1770597,23.88357663154602,1.7188190892462465,1.8629054976612334,0.027799144989813066,0.0,0.0,35.89725742707947,False
1782924638.2516885,23.958205461502075,1.7222201122266025,1.8650112702698143,0.027799131905910972,0.0,0.0,36.049730328833476,False
1782924638.326663,24.033179998397827,1.729022151563705,1.8693080845996883,0.027799068178395826,0.0,0.0,36.19763224951069,False
1782924638.4133873,24.119904279708862,1.7371272996221765,1.8745563098387623,0.027799001022206397,0.0,0.0,36.21877337154099,False
1782924638.4858243,24.192341327667236,1.7404805628601876,1.8767629256344514,0.027798996135245096,0.0,0.0,36.09393316233836,False
1782924638.5632162,24.2697331905365,1.7438190047059074,1.8789771904094201,0.027799011778959267,0.0,0.0,35.86891299846286,False
1782924638.6369681,24.343485116958618,1.7544305602859003,1.8860996174568228,0.02779915781341845,0.0,0.0,34.80559689141291,False
1782924638.714821,24.421338081359863,1.757732662435231,1.8883315117422592,0.02779920296626771,0.0,0.0,34.44941874234481,False
1782924638.7928896,24.499406576156616,1.761034777443584,1.8905660310019734,0.027799230087016152,0.0,0.0,34.179937170627845,False
1782924638.8528032,24.559320211410522,1.7676327341494487,1.8950305646613015,0.027799223643107107,0.0,0.0,33.5458382149294,False
1782924638.9170506,24.623567581176758,1.774227903759345,1.899479427582437,0.027799156610568202,0.0,0.0,32.81400603408747,False
1782924639.0029001,24.70941710472107,1.777528666856572,1.9016957212286405,0.027799117240092965,0.0,0.0,32.43749148905405,False
1782924639.0746167,24.7811336517334,1.7808516784314992,1.903916883857036,0.02779907182588292,0.0,0.0,32.07829027025738,False
1782924639.1343648,24.840881824493408,1.7862196590289725,1.9074795467503627,0.027798999132358015,0.0,0.0,31.526206447691553,False
1782924639.2169735,24.923490524291992,1.7943709335798674,1.9128201944808803,0.02779893632813204,0.0,0.0,30.715985833621144,False
1782924639.3117294,25.01824641227722,1.7984871127231932,1.9154816957872896,0.02779893275103698,0.0,0.0,30.31719118322754,False
1782924639.392482,25.0989990234375,1.8019333916168587,1.9176906255235302,0.027798943444613124,0.0,0.0,29.993647718516325,False
1782924639.467409,25.17392587661743,1.8129229280949402,1.9246223161306852,0.02779909802870477,0.0,0.0,29.882210617480382,False
1782924639.5437353,25.25025224685669,1.8163459231349641,1.9267505143834684,0.027799158165206887,0.0,0.0,30.09347939490571,False
1782924639.6251364,25.331653356552124,1.8197653090620212,1.9288654293526948,0.02779920926190645,0.0,0.0,30.378918913084977,False
1782924639.7147768,25.42129373550415,1.8320451050953819,1.9364102702191193,0.027799233587660687,0.0,0.0,31.662178282964103,False
1782924639.8132682,25.519785165786743,1.836126256640601,1.9389146747118022,0.02779918795167103,0.0,0.0,32.11770182721905,False
1782924639.9074702,25.61398720741272,1.8402001712006542,1.9414199108871706,0.027799133768537314,0.0,0.0,32.57616680883405,False
1782924640.0430744,25.74959135055542,1.8530440655126703,1.9493922656967124,0.02779905832184818,0.0,0.0,34.03350497220802,False
1782924640.1342204,25.840737342834473,1.857079149202984,1.9519311264214265,0.027799083005980264,0.0,0.0,34.49415245076838,False
1782924640.2375348,25.94405174255371,1.8611028135351453,1.9544837794295866,0.027799121607712647,0.0,0.0,34.95483903112174,False
1782924640.3435214,26.05003833770752,1.8724344106827575,1.9618055814402287,0.02779920574015305,0.0,0.0,36.26018292264893,True
1782924640.4276676,26.13418459892273,1.8764072496823982,1.9644255334732286,0.027799203070792075,0.0,0.0,36.66530152189648,False
1782924640.5238857,26.23040270805359,1.8875868334192383,1.9719545897283262,0.02779912908889722,0.0,0.0,36.65516914285114,False
1782924640.6214027,26.327919721603394,1.8915097426480787,1.974643736616657,0.02779910536981271,0.0,0.0,36.35349410097285,False
1782924640.7067752,26.413292169570923,1.8986817066310895,1.979602270514334,0.02779909647101101,0.0,0.0,35.85266810986214,False
1782924640.8000815,26.506598472595215,1.9058362890710496,1.984585760855396,0.02779912866684236,0.0,0.0,35.98736128415622,False
1782924640.8948636,26.601380586624146,1.9090830989484864,1.9868585382879291,0.027799148014515412,0.0,0.0,36.21896909229981,False
1782924640.9743526,26.680869579315186,1.9200893124888707,1.9946323121802838,0.02779917854175657,0.0,0.0,37.364421981278845,False
1782924641.0520396,26.758556604385376,1.9233139668887735,1.9969359878711168,0.02779917182164553,0.0,0.0,37.739385249463446,False
1782924641.1828673,26.889384269714355,1.9278166542797763,2.0001772750980797,0.02779915423245958,0.0,0.0,38.141187803994306,False
1782924641.2675972,26.974114179611206,1.9399683990503114,2.009069757283271,0.027799115510937535,0.0,0.0,37.85403146050602,False
1782924641.3450003,27.051517248153687,1.9431530756192592,2.0114278324905235,0.027799117006328596,0.0,0.0,37.55664958077301,False
1782924641.43627,27.142786979675293,1.9463345982701705,2.01379031289291,0.027799123480592224,0.0,0.0,37.21874425936278,False
1782924641.5179274,27.22444438934326,1.9552370743130056,2.0204139493378914,0.027799152163997143,0.0,0.0,36.18453973905465,False
1782924641.5982618,27.304778814315796,1.960964864404937,2.0246660992155254,0.027799162872233937,0.0,0.0,35.498373970696875,False
1782924641.6990218,27.40553879737854,1.964789182583579,2.0274931121005215,0.02779916247428654,0.0,0.0,35.04880147019298,False
1782924641.7858074,27.492324352264404,1.9718173727258221,2.0326528215068587,0.027799149003672436,0.0,0.0,34.76546948623037,False
1782924641.8644671,27.57098412513733,1.9782253657647568,2.0373177598370327,0.027799133505828667,0.0,0.0,35.04076957831193,False
1782924641.9384117,27.644928693771362,1.9814342900502546,2.039643511930138,0.027799128589221733,0.0,0.0,35.31377018532873,False
1782924641.9999123,27.70642924308777,1.9878567218834688,2.0442889469818954,0.027799128250640064,0.0,0.0,35.99014549865076,False
1782924642.0640206,27.770537614822388,1.9936358917494452,2.048471517976824,0.02779913705170008,0.0,0.0,36.65845620773659,False
1782924642.157005,27.863522052764893,1.9974848464800248,2.0512652342586857,0.02779914459646025,0.0,0.0,36.98380323675493,False
1782924642.2353141,27.94183111190796,2.000048332945903,2.053131124651279,0.027799149065574395,0.0,0.0,37.06834108956127,False
1782924642.3285887,28.03510570526123,2.0115617091041207,2.0615582516369235,0.027799152027026385,0.0,0.0,36.52280054407082,False
1782924642.40642,28.112936973571777,2.0147564234280972,2.063903911666602,0.027799147952039284,0.0,0.0,36.19828489856647,False
1782924642.486335,28.192852020263672,2.017951504684331,2.066249115473203,0.027799143092271963,0.0,0.0,35.845271477752355,False
1782924642.5553596,28.261876583099365,2.0269085446147446,2.072800941796223,0.027799133608699192,0.0,0.0,34.79726624858228,False
1782924642.6424837,28.349000692367554,2.031397941840584,2.0760617477617846,0.02779913410232714,0.0,0.0,34.2625726607528,False
1782924642.7201273,28.426644325256348,2.0346108762952073,2.0783821361770465,0.02779913654442535,0.0,0.0,33.93510149630166,False
1782924642.7958012,28.502318143844604,2.03782965552399,2.0806942395507604,0.027799140070658583,0.0,0.0,33.7829288809732,False
1782924642.8811858,28.587702751159668,2.048814179372501,2.0884976887466045,0.02779914972886835,0.0,0.0,34.19147481217295,False
1782924642.9703362,28.67685317993164,2.052701961043962,2.0912365331880927,0.02779914950079774,0.0,0.0,34.5644907314184,False
1782924643.0504973,28.757014274597168,2.0559438592403567,2.0935160662088093,0.027799147771547204,0.0,0.0,34.91266752462975,False
1782924643.1342728,28.840789794921875,2.066317470130626,2.1008119162382006,0.027799139098165993,0.0,0.0,35.53297721273048,False
1782924643.221196,28.92771291732788,2.069557054595807,2.103095108786656,0.027799137477401484,0.0,0.0,35.44335878150964,False
1782924643.2980614,29.004578351974487,2.0727959072491706,2.1053794012044915,0.027799136981238697,0.0,0.0,35.24547803733033,False
1782924643.3997319,29.10624885559082,2.0831642363596945,2.112683736511025,0.027799141681964148,0.0,0.0,34.216355775652225,False
1782924643.488441,29.194957971572876,2.086408839463926,2.114959935223328,0.027799143842354507,0.0,0.0,33.84579811863388,False
1782924643.5901132,29.296630144119263,2.0935611208639804,2.1199470202307817,0.027799146798760412,0.0,0.0,33.01164345136569,False
1782924643.6741278,29.38064479827881,2.1013937559307987,2.12534302278222,0.027799145701512137,0.0,0.0,32.09255578062159,False
1782924643.7579246,29.464441537857056,2.1046687694810067,2.1275742800468773,0.02779914428980956,0.0,0.0,31.708896120187035,False
1782924643.858234,29.564750909805298,2.111241972964534,2.132001617384443,0.027799141443874707,0.0,0.0,30.94123604337143,False
1782924643.9350963,29.641613245010376,2.120502292559599,2.138110629029571,0.02779914065166426,0.0,0.0,29.86628560543499,False
1782924644.029094,29.735610961914062,2.123827293002168,2.140264562635073,0.027799141490086225,0.0,0.0,29.482358883402277,False
1782924644.1194382,29.825955152511597,2.1278302997553094,2.1428285452215414,0.02779914294967456,0.0,0.0,29.02164362992675,False
1782924644.2145636,29.921080589294434,2.1318479098256335,2.145368982381642,0.027799144494495005,0.0,0.0,28.5609266808217,False
1782924644.2923038,29.998820781707764,2.139928387003212,2.1503756740230657,0.027799146310649708,0.0,0.0,27.63949064894743,False
1782924644.3940756,30.100592613220215,2.149434328092827,2.1560847590391847,0.027799145218816726,0.0,0.0,26.564480435799126,False
1782924644.4692109,30.17572784423828,2.1528502982587803,2.1580876708609433,0.027799144367117716,0.0,0.0,26.180547996399742,False
1782924644.5510912,30.25760817527771,2.157660452509746,2.1608632604435596,0.02779913755080642,0.0,0.0,25.708226493732194,False
1782924644.6207123,30.327229261398315,2.1674128850923635,2.1663311439259125,0.027799085279413497,0.0,0.0,25.12732311596871,False
1782924644.707711,30.414227962493896,2.170948029853253,2.1682631566557786,0.027799050960722268,0.0,0.0,25.111868393314385,False
1782924644.8219683,30.52848529815674,2.176612700946844,2.1713144554537984,0.02779901638812573,0.0,0.0,25.326338991792188,False
1782924644.9010344,30.607551336288452,2.1879373432816673,2.177292574421001,0.027799063133179,0.0,0.0,26.31514264289103,False
1782924644.978184,30.684700965881348,2.1914747960210548,2.179138502296253,0.027799101838285985,0.0,0.0,26.682622164031336,False
1782924645.0602696,30.766786575317383,2.195010871530959,2.180978478654579,0.027799142487058053,0.0,0.0,27.058276750012755,False
1782924645.152991,30.85950803756714,2.2063105877629843,2.1868528958536295,0.027799213101152843,0.0,0.0,28.279495221859246,False
1782924645.2270284,30.933545351028442,2.2084255650875555,2.187955724016591,0.027799210042822216,0.0,0.0,28.480669942291826,False
1782924645.302703,31.009219884872437,2.21757374198174,2.192751457331463,0.027799152290392447,0.0,0.0,28.67110078610831,False
1782924645.3828864,31.0894033908844,2.2245950481265626,2.1964578190356767,0.02779910209375068,0.0,0.0,28.275008974081793,False
1782924645.4626658,31.169182777404785,2.2281026345095842,2.1983138638446387,0.027799089338599387,0.0,0.0,27.96842418579408,False
1782924645.5392635,31.24578046798706,2.231609425424725,2.200169859482733,0.027799087961404855,0.0,0.0,27.625321722073856,False
1782924645.6955135,31.40203046798706,2.24564693672198,2.2075624395407725,0.027799157503793113,0.0,0.0,26.12902993701452,False
1782924645.777697,31.484214067459106,2.2498666832183276,2.2097610572542408,0.027799176300077583,0.0,0.0,25.669795981316142,False
1782924645.8518531,31.558370113372803,2.2605196792944033,2.215234595495607,0.027799124712261935,0.0,0.0,24.984563845995613,False
1782924645.918635,31.625151872634888,2.2641047851974396,2.2170504767758348,0.02779908110592629,0.0,0.0,24.91392630345192,False
1782924645.9977763,31.704293251037598,2.2676875353726125,2.2188535093504766,0.027799045186888888,0.0,0.0,24.966904981405893,False
1782924646.0740266,31.780543565750122,2.270551854093825,2.220287461502757,0.027799026122216405,0.0,0.0,25.09318468331127,False
1782924646.1554997,31.862016677856445,2.2834237848356604,2.2266771821942175,0.027799078997304785,0.0,0.0,26.196291973099473,False
1782924646.24577,31.952286958694458,2.286993702564318,2.22844297280391,0.02779912237587553,0.0,0.0,26.475978223431987,False
1782924646.3125975,32.01911449432373,2.289847516458732,2.229855181252695,0.02779915707370767,0.0,0.0,26.57761131533395,False
1782924646.4047718,32.11128878593445,2.3019587308039884,2.235856947799952,0.027799223508036718,0.0,0.0,26.145048877970407,False
1782924646.484133,32.19064998626709,2.30480614847737,2.2372674530163046,0.027799212885566568,0.0,0.0,25.900688105928186,False
1782924646.5623007,32.26881766319275,2.3083654612554114,2.239027926775816,0.02779918863232917,0.0,0.0,25.561257777202982,False
1782924646.6518202,32.35833716392517,2.321191558537259,2.2453211405151565,0.027799089738635305,0.0,0.0,24.22132415496936,False
1782924646.7152073,32.42172431945801,2.324046850244988,2.246706049500672,0.02779908244432837,0.0,0.0,23.915800281489442,False
1782924646.796412,32.50292897224426,2.3276196083487646,2.2484282858848554,0.027799084791549612,0.0,0.0,23.53295820184411,False
1782924646.8751178,32.581634759902954,2.3390855267608095,2.2538612133516867,0.027799148664257516,0.0,0.0,22.30534093461539,False
1782924646.952276,32.6587929725647,2.342680583551169,2.2555311112890104,0.027799169774043845,0.0,0.0,21.921467723921303,False
1782924647.0163713,32.722888231277466,2.3455611730757786,2.2568564478934507,0.027799181761849028,0.0,0.0,21.614347282049188,False
1782924647.1079316,32.814448595047,2.34988999459311,2.2588259074153925,0.027799188772843823,0.0,0.0,21.153648273033042,True
1782924647.2257726,32.932289600372314,2.362937521764284,2.264589892198835,0.027799143853719586,0.0,0.0,19.77150738670265,False
1782924647.3294728,33.03598976135254,2.3680376476732676,2.2667686423165216,0.027799121605595976,0.0,0.0,19.23400342722325,False
1782924647.4214184,33.1279354095459,2.3760828774540337,2.270116454831622,0.027799109891233686,0.0,0.0,18.3893532071344,False
1782924647.5279102,33.23442721366882,2.3841663923843277,2.2733673690054137,0.02779912941906458,0.0,0.0,17.54470227242911,False
1782924647.6235552,33.33007216453552,2.38933058025162,2.27538379839367,0.027799148709473875,0.0,0.0,17.00719684549903,False
1782924647.6921527,33.398669719696045,2.3997060043266933,2.2792903425057647,0.027799170688492334,0.0,0.0,15.932185400517113,False
1782924647.7871795,33.493696451187134,2.4049171226355663,2.2811788398594355,0.027799166509843657,0.0,0.0,15.394679438856459,False
1782924647.8929226,33.59943962097168,2.4101436896209423,2.283023191040207,0.027799154485564602,0.0,0.0,14.857173367577044,False
1782924648.0087862,33.71530318260193,2.4228999958013673,2.287314685302336,0.02779912618279723,0.0,0.0,13.55180120797102,False
1782924648.110692,33.817209005355835,2.428178055432036,2.2890030952653375,0.027799125744306877,0.0,0.0,13.014294942406176,False
1782924648.203308,33.90982508659363,2.440296034512116,2.2926865205549216,0.027799146514535054,0.0,0.0,11.785708966171757,False
1782924648.2976792,34.00419616699219,2.444859016082463,2.2940039632238016,0.027799154745723798,0.0,0.0,11.324989127791547,False
1782924648.373532,34.08004903793335,2.4486690690072774,2.295074956018411,0.027799158981566634,0.0,0.0,10.94105588896799,False
1782924648.4461749,34.15269184112549,2.459372666604544,2.2979426571447443,0.027799154757857412,0.0,0.0,9.866042669695526,False
1782924648.5298066,34.236323595047,2.4639753712389396,2.2991120854624905,0.027799147925345633,0.0,0.0,9.405322676810332,False
1782924648.626579,34.33309602737427,2.4685869928581106,2.3002455025737514,0.02779914092403448,0.0,0.0,8.944602673200155,False
1782924648.7169619,34.423478841781616,2.4801533924837,2.302920444055021,0.02779913399693979,0.0,0.0,7.792802639726346,False
1782924648.80792,34.51443696022034,2.4855684348951215,2.304090725384953,0.027799137602572563,0.0,0.0,7.255295938184298,False
1782924648.889243,34.595759868621826,2.48944276339843,2.304896074425296,0.027799141844762256,0.0,0.0,6.871362566143539,False
1782924648.9689176,34.675434589385986,2.5010962427123493,2.307158545722342,0.027799153057184653,0.0,0.0,5.719562360400355,False
1782924649.0466785,34.7531955242157,2.504990363741008,2.3078613001132937,0.027799153935822656,0.0,0.0,5.3356289297282835,False
1782924649.1552215,34.861738443374634,2.5120111168962094,2.309061209873078,0.02779915118546726,0.0,0.0,4.644548730646981,False
1782924649.258069,34.96458601951599,2.5239054821649374,2.3108854723582333,0.02779904733701656,0.0,0.0,3.5086318701605683,False
1782924649.3414922,35.048009157180786,2.5279794262630975,2.3114471069620577,0.027798958579036945,0.0,0.0,3.136540881581278,False
1782924649.430209,35.13672590255737,2.5429733690624046,2.3132581352939865,0.02779864707994892,0.0,0.0,1.803713857990339,False
1782924649.5113902,35.217907190322876,2.547213672864129,2.3137002239587794,0.02779860857867043,0.0,0.0,1.4347170050903255,False
1782924649.606486,35.313003063201904,2.5523365968037584,2.314194630698028,0.027798601177520657,0.0,0.0,0.9923714420104631,False
1782924649.6842508,35.39076781272888,2.566137531057352,2.3153168267297017,0.027798715595493663,0.0,0.0,359.81368740367594,False
1782924649.7551155,35.46163249015808,2.5705152768002946,2.315608032096267,0.02779873081634459,0.0,0.0,359.44934747966283,False
1782924649.8357694,35.54228639602661,2.574971810386729,2.3158697714666743,0.0277986833143093,0.0,0.0,359.09131931913504,False
1782924649.9155838,35.622100830078125,2.590753455390144,2.3165266719550357,0.02779804912579681,0.0,0.0,357.90783264928285,False
1782924649.9958484,35.70236539840698,2.59553354708157,2.316649510710633,0.027797827302872398,0.0,0.0,357.56363599330155,False
1782924650.0696154,35.776132345199585,2.6003617379648363,2.3167398833093804,0.0277976444156986,0.0,0.0,357.2204478022022,False
1782924650.1469097,35.853426694869995,2.6052324481461286,2.3167976298200967,0.02779752158705256,0.0,0.0,356.87815471768124,False
1782924650.2385259,35.945042848587036,2.6220462596469636,2.3167491762561663,0.02779757743977771,0.0,0.0,355.71955363176335,False
1782924650.2999227,36.00643968582153,2.626043393230368,2.316683137882527,0.027797656978815116,0.0,0.0,355.44748311514354,False
1782924650.3683314,36.07484841346741,2.630052787399841,2.316596351336483,0.027797736086351024,0.0,0.0,355.17565839172306,False
1782924650.4404902,36.14700722694397,2.635080046106436,2.3164587331903777,0.027797816098793417,0.0,0.0,354.836239047629,False
1782924650.5222974,36.228814363479614,2.651257380990483,2.315802048764384,0.02779780194852181,0.0,0.0,353.7521677837086,False
1782924650.6004462,36.306963205337524,2.6563358715729533,2.315529446839745,0.027797719828961297,0.0,0.0,353.414143105906,False
1782924650.677719,36.384236097335815,2.6614237053365715,2.3152248157958875,0.027797623042767335,0.0,0.0,353.0764816144079,False
1782924650.754819,36.46133589744568,2.677757274379578,2.314035318929947,0.02779740055319094,0.0,0.0,351.9982490322499,False
1782924650.8159351,36.52245211601257,2.6818749257329633,2.3136835330400687,0.027797368128878015,0.0,0.0,351.73222985542225,False
1782924650.8984916,36.605008602142334,2.686058700996516,2.313302078621829,0.02779729146523919,0.0,0.0,351.4731149632942,False
1782924650.962464,36.668981075286865,2.6924594880476365,2.3126728651949673,0.02779707942090113,0.0,0.0,351.094912923293,False
1782924651.022961,36.729477882385254,2.707874868501777,2.310946917745221,0.027796244289925855,0.0,0.0,350.24161509600384,False
1782924651.09666,36.80317687988281,2.7134993739962496,2.310248352209731,0.027795928999926927,0.0,0.0,349.9419375699458,False
1782924651.1973414,36.90385842323303,2.7180359703227395,2.3096593117126534,0.02779570587095171,0.0,0.0,349.70381803795436,False
1782924651.3033814,37.00989842414856,2.7387911891800956,2.306684988428505,0.027795258135062454,0.0,0.0,348.6483312822165,False
1782924651.3860562,37.092573165893555,2.7457899749590187,2.305583354408319,0.02779532031545906,0.0,0.0,348.2994317616173,False
1782924651.45846,37.164977073669434,2.7516395843152934,2.3046258234225316,0.027795416545168462,0.0,0.0,348.0091424722481,False
1782924651.5574243,37.263941287994385,2.7695222241281767,2.3014846544089984,0.02779528978965057,0.0,0.0,347.1707373680631,False
1782924651.6735861,37.38010311126709,2.7792602514200166,2.299643433855181,0.027794860228736618,0.0,0.0,346.7400752772237,False
1782924651.7865229,37.49303984642029,2.7899787182187636,2.297529982517092,0.027794775251111823,0.0,0.0,346.21928658302386,False
1782924651.8881552,37.594672203063965,2.799593246631414,2.2955885336546937,0.027796513578593467,0.0,0.0,345.5859533017325,False
1782924651.9889712,37.6954882144928,2.809382970610756,2.2935522347153863,0.02779927942478924,0.0,0.0,344.8360617564997,False
1782924652.1229424,37.82945942878723,2.8229491723189652,2.290595558906897,0.027801344609314042,0.0,0.0,343.68952033401746,False
1782924652.2367482,37.943265199661255,2.8340202235002914,2.2880355997957946,0.027799908185987685,0.0,0.0,342.691908979135,False
1782924652.338197,38.04471397399902,2.8438774731444463,2.2856240377729455,0.02779791901846222,0.0,0.0,341.77056518109913,False
1782924652.4600937,38.16661071777344,2.854288158519413,2.2829252534072872,0.027797516798654557,0.0,0.0,340.7723629755964,False
1782924652.5492523,38.2557692527771,2.8637208118379482,2.2803337758222257,0.027798866368992536,0.0,0.0,339.85093261460844,False
1782924652.6518035,38.358320474624634,2.868387526540087,2.278997429605917,0.027799658802769984,0.0,0.0,339.3902146306605,False
1782924652.7419662,38.44848322868347,2.8753362091220955,2.2769385257102424,0.02780037753853237,0.0,0.0,338.69913419836325,False
1782924652.8361635,38.542680501937866,2.886041291924414,2.2735992254034487,0.027799862524088285,0.0,0.0,337.62411549799555,False
1782924652.922437,38.62895393371582,2.890595389467118,2.272115247733486,0.027799257875574888,0.0,0.0,337.16339345894386,False
1782924653.028466,38.73498296737671,2.904150658371843,2.2674666464675077,0.02779815963240083,0.0,0.0,335.8368315741522,False
1782924653.1111667,38.817683696746826,2.907889503612283,2.266122426896844,0.02779828398621304,0.0,0.0,335.6841173640554,False
1782924653.2375352,38.94405221939087,2.911617888886833,2.264756156101627,0.027798569555624736,0.0,0.0,335.6673416716676,False
1782924653.3401897,39.046706676483154,2.927186889123588,2.258821158447879,0.02779986627340506,0.0,0.0,336.6702572111358,False
1782924653.4188335,39.12535047531128,2.930878771925989,2.257374501175693,0.027799872387508154,0.0,0.0,337.0301851485235,False
1782924653.5145137,39.221030712127686,2.9353046677484658,2.2556286327765473,0.027799690217364236,0.0,0.0,337.47717966332647,False
1782924653.5957816,39.3022985458374,2.9448855528624605,2.251826978131191,0.027798960318422116,0.0,0.0,338.1792223178747,False
1782924653.6668334,39.373350381851196,2.950779446710781,2.2494835200719474,0.027798636696960522,0.0,0.0,338.14331773873806,False
1782924653.742265,39.448781967163086,2.9544625707629613,2.248017782685025,0.0277985762765783,0.0,0.0,337.969494462646,False
1782924653.8206334,39.52715039253235,2.9581449089847576,2.246550297781027,0.027798633313112348,0.0,0.0,337.7092049893131,False
1782924653.901756,39.60827302932739,2.9699173632935376,2.2418283214965586,0.027799267153407446,0.0,0.0,336.60434550791274,False
1782924653.9813209,39.68783783912659,2.9728563668350465,2.240638051347323,0.02779941585807999,0.0,0.0,336.3039666047233,False
1782924654.0534482,39.75996518135071,2.9765269651808604,2.239142744773859,0.027799537573824477,0.0,0.0,335.92459945959433,False
1782924654.1214204,39.82793736457825,2.9875126515834984,2.2345957818385327,0.02779939225278531,0.0,0.0,334.77677374070004,False
1782924654.1966162,39.903133153915405,2.9904343521777292,2.23336522877407,0.027799262037418695,0.0,0.0,334.46986663663336,True
1782924654.2757936,39.98231053352356,2.994081189673869,2.2318150134546193,0.02779909124253068,0.0,0.0,334.08609500832455,False
1782924654.3406126,40.04712963104248,2.9984490789560456,2.2299360342897216,0.02779892002985778,0.0,0.0,333.62546718488744,False
1782924654.4306374,40.13715434074402,3.010047462683794,2.2248164738480494,0.0277988868272801,0.0,0.0,332.3969489875055,False
1782924654.5265362,40.23305320739746,3.014376575326629,2.2228527285937814,0.02779901963043075,0.0,0.0,331.9362357631234,False
1782924654.6139057,40.320422649383545,3.0186937231040467,2.220863608419709,0.027799175276945615,0.0,0.0,331.47551980989374,False
1782924654.6965299,40.40304684638977,3.0301435868831716,2.2154295792233385,0.02779938996625732,0.0,0.0,330.24693809964003,False
1782924654.7721012,40.478618144989014,3.0337019236995566,2.2136913693169458,0.02779935535519481,0.0,0.0,329.8630054744919,False
1782924654.8487842,40.55530118942261,3.037250383019214,2.2119335365906427,0.027799281333184555,0.0,0.0,329.4790727045943,False
1782924654.9278653,40.634382247924805,3.0485360868546,2.2061737114203726,0.02779899918315648,0.0,0.0,328.25048792693804,False
1782924655.0071507,40.71366763114929,3.0520402990914355,2.2043308937036423,0.027798961311958442,0.0,0.0,327.8665553476508,False
1782924655.0977898,40.804306745529175,3.056230608532969,2.202092155378837,0.027798967770094662,0.0,0.0,327.4058363124948,False
1782924655.177532,40.88404893875122,3.0631777071775006,2.1982940011534513,0.02779907855650125,0.0,0.0,326.63797114225366,False
1782924655.2717094,40.97822642326355,3.0721377647033563,2.1932301205391367,0.02779925223609617,0.0,0.0,325.6397456349391,False
1782924655.349923,41.0564398765564,3.0748780096346264,2.191643089267002,0.027799279122826585,0.0,0.0,325.33259910312006,False
1782924655.4275398,41.13405680656433,3.0789732743170357,2.1892369253080237,0.027799283686052643,0.0,0.0,324.87187915137616,False
1782924655.5145845,41.22110152244568,3.0904753656216535,2.1822520588889054,0.027799130744133586,0.0,0.0,323.56650564181706,False
1782924655.6588857,41.365402698516846,3.096510103366504,2.178447974220994,0.027799047658458104,0.0,0.0,322.8765783337826,False
1782924655.7551882,41.46170520782471,3.103956405530753,2.173603152396313,0.027798941213121,0.0,0.0,322.04828261404816,False
1782924655.8424113,41.54892826080322,3.112187767797038,2.168049543140598,0.02779881728516881,0.0,0.0,321.1551825493162,False
1782924655.9450035,41.65152049064636,3.116939091288602,2.164759640415607,0.02779882721924821,0.0,0.0,320.6257946767725,False
1782924656.0535393,41.760056257247925,3.12886111220923,2.156234765687941,0.02779914035416849,0.0,0.0,319.2481469026735,False
1782924656.1632447,41.86976170539856,3.1327555156685025,2.1533611513012634,0.0277992425092623,0.0,0.0,318.7876515336449,False
1782924656.2668726,41.973389625549316,3.1372550623083852,2.149983485141504,0.027799304404411994,0.0,0.0,318.2502511805448,False
1782924656.347981,42.054497957229614,3.14737714045204,2.142149473460921,0.02779919632305193,0.0,0.0,317.0217205612952,False
1782924656.4420562,42.14857316017151,3.151143700572413,2.139143964490451,0.027799094413756123,0.0,0.0,316.5650987284812,False
1782924656.525993,42.23251008987427,3.1543249659010826,2.136558861744667,0.027798967658511912,0.0,0.0,316.19278471568185,False
1782924656.6525786,42.35909557342529,3.166500742966104,2.1263073545188416,0.027798614338645472,0.0,0.0,314.78003101618043,False
1782924656.7332094,42.43972635269165,3.170234312996272,2.1230657812177625,0.027798730294122557,0.0,0.0,314.3219500277112,False
1782924656.8315682,42.53808522224426,3.173917513602467,2.119820271095908,0.02779892620428041,0.0,0.0,313.86237137905005,False
1782924656.9283118,42.63482880592346,3.1843702116612547,2.1102953090253505,0.027799204422447547,0.0,0.0,312.60217113636276,False
1782924657.0166771,42.72319412231445,3.1889018734078576,2.105900774321966,0.027798214499149387,0.0,0.0,312.29146712783484,False
1782924657.1210916,42.827608585357666,3.2015270509843408,2.093157101891289,0.027793229741450775,0.0,0.0,311.59896783896374,False
1782924657.2350314,42.941548347473145,3.2087414758465513,2.0856248296360858,0.027790208634262497,0.0,0.0,311.2616746333609,False
1782924657.3432329,43.04974985122681,3.2152797899583496,2.0786655443887425,0.027788126873173516,0.0,0.0,310.99215944865927,False
1782924657.458279,43.164795875549316,3.234038813635513,2.0581028702695314,0.027786120526656317,0.0,0.0,310.4409258931575,False
1782924657.5691247,43.275641679763794,3.241136492587081,2.0501388645958527,0.02778643271178576,0.0,0.0,310.29983549290756,False
1782924657.6625607,43.36907768249512,3.2579818889329304,2.0309518711142394,0.027788981862362803,0.0,0.0,310.1635671882427,False
1782924657.7563555,43.46287250518799,3.2638691602928196,2.0241672274851292,0.027789854843339557,0.0,0.0,310.1728740327663,False
1782924657.847886,43.55440306663513,3.269854669862465,2.0172344698151807,0.027790186790012838,0.0,0.0,310.1820866609947,False
1782924657.9491618,43.65567874908447,3.288124981409469,1.9959244533941218,0.027788065371399665,0.0,0.0,310.20916733848475,False
1782924658.031886,43.73840308189392,3.2932392012010157,1.989931655019932,0.027786713033649758,0.0,0.0,310.2165139386024,False
1782924658.1045814,43.81109833717346,3.298355142491482,1.9839284498618421,0.027785228296950647,0.0,0.0,310.22459019607163,False
1782924658.2146616,43.921178579330444,3.306489505674906,1.9743700838993425,0.027783334238771697,0.0,0.0,310.25077882508265,False
1782924658.3271086,44.03362560272217,3.3224596542895375,1.9555790664229855,0.027784947449485217,0.0,0.0,310.4000405349125,False
1782924658.4529097,44.15942668914795,3.331259702086763,1.945227201360578,0.027789100608454177,0.0,0.0,310.5576054656666,False
1782924658.5471103,44.25362730026245,3.348234122785609,1.925321028106214,0.027796462817991835,0.0,0.0,311.0942308495335,False
1782924658.6228685,44.32938551902771,3.352895130740304,1.919883467882474,0.027796543782653036,0.0,0.0,311.2722542721174,False
1782924658.7019897,44.408506631851196,3.357699544372649,1.9143000913009285,0.02779524028280735,0.0,0.0,311.42749461372716,False
1782924658.809845,44.516361951828,3.3757678642373876,1.8934983028465964,0.027784871254317774,0.0,0.0,311.8581291211533,False
1782924658.8890553,44.59557223320007,3.3809152283181727,1.8876262421285577,0.027782450298899745,0.0,0.0,311.95383514381683,False
1782924658.9654891,44.672006130218506,3.3860958449983456,1.881738839179494,0.027780935343899194,0.0,0.0,312.04222552476995,False
1782924659.0257416,44.732258558273315,3.4007286997453967,1.865223896490933,0.027782070283830916,0.0,0.0,312.2589391600208,False
1782924659.1092968,44.81581377983093,3.407042809604616,1.8581459080941567,0.027784296808456115,0.0,0.0,312.3408548629678,False
1782924659.197028,44.903544902801514,3.4112605302254253,1.8534328561347326,0.027785954557964024,0.0,0.0,312.39318403697695,False
1782924659.2647893,44.97130632400513,3.4165253912371596,1.8475654005618156,0.027787942836922926,0.0,0.0,312.4596736057628,False
1782924659.3405464,45.04706335067749,3.434222831939185,1.8279623848676378,0.027791294887433142,0.0,0.0,312.7380777468367,False
1782924659.4193563,45.12587332725525,3.4393868719677023,1.8222775742659763,0.027790959920371422,0.0,0.0,312.83567026341245,False
1782924659.498192,45.20470905303955,3.4445393852280666,1.8166220140524858,0.02779020249811329,0.0,0.0,312.93966102906643,False
1782924659.6129858,45.31950283050537,3.4639509841998892,1.795473338421198,0.027787554314445233,0.0,0.0,313.4074919099708,False
1782924659.6813898,45.38790678977966,3.4690146670737625,1.7900011488763565,0.027787650298254623,0.0,0.0,313.5495855960644,False
1782924659.7785246,45.48504161834717,3.4751252594271786,1.7834260756317877,0.02778810881489115,0.0,0.0,313.71913509801163,False
1782924659.8522196,45.55873656272888,3.4861636379283953,1.7716229626199964,0.02779004670148476,0.0,0.0,313.8995550584054,False
1782924659.9356327,45.642149686813354,3.4978092684270408,1.759261064719053,0.02779292956713289,0.0,0.0,313.8398723272265,False
1782924660.0433385,45.749855518341064,3.504579010816246,1.7521077216558747,0.02779396842881351,0.0,0.0,313.7114793445501,False
1782924660.1166973,45.823214292526245,3.5115812028736326,1.7447238347279381,0.0277937014147644,0.0,0.0,313.57673501855413,False
1782924660.2162974,45.92281436920166,3.5259498115066874,1.7295798019619366,0.027789984979887612,0.0,0.0,313.37746771276835,False
1782924660.3242455,46.03076243400574,3.53237526792048,1.7228045092287825,0.02779016195975753,0.0,0.0,313.5015668202327,False
1782924660.4021428,46.108659744262695,3.5452385100850856,1.7092537367491418,0.027797250146795214,0.0,0.0,314.3447299958031,False
1782924660.4971616,46.203678607940674,3.5496682244881814,1.704604458776297,0.027800336667522556,0.0,0.0,314.7510237951297,False
1782924660.5936987,46.30021572113037,3.5543931209721538,1.699681301769442,0.02780197664756603,0.0,0.0,315.1035337519767,False
1782924660.7173676,46.42388463020325,3.571273128135813,1.682404442988395,0.027795131707063256,0.0,0.0,316.00297711407853,False
1782924660.8173368,46.52385377883911,3.5768683523502856,1.67677042588533,0.027791365825707983,0.0,0.0,316.26257906338753,False
1782924660.936219,46.642735958099365,3.583677519887582,1.6699431428723048,0.02778954670578647,0.0,0.0,316.54578500820236,False
1782924661.0356388,46.74215579032898,3.5975736916360646,1.6561944554140298,0.027795887271219108,0.0,0.0,316.96877294887236,False
1782924661.1337924,46.840309381484985,3.604291335577893,1.6496830474011666,0.027797798833183448,0.0,0.0,317.08845249992214,False
1782924661.2290385,46.93555545806885,3.610156788712389,1.644039209128813,0.027798009381649513,0.0,0.0,317.22671667060683,False
1782924661.3534718,47.05998873710632,3.6242517331902304,1.6305458794849672,0.02779761302227189,0.0,0.0,318.22029172596933,False
1782924661.4447594,47.15127635002136,3.6289176911926333,1.6261301600808984,0.027797098168055135,0.0,0.0,318.61979947167947,False
1782924661.521275,47.22779202461243,3.6436911224330752,1.6124799482793055,0.027794097199241762,0.0,0.0,319.42230661676103,False
1782924661.6172137,47.32373070716858,3.6492687898571496,1.6074333749127772,0.027793290213531087,0.0,0.0,319.53529114599894,True
1782924661.7134025,47.41991949081421,3.655194934230432,1.6021316762554205,0.027792267808065815,0.0,0.0,319.6520977002298,False
1782924661.7860823,47.49259924888611,3.6696096235010462,1.589417260916891,0.02778985181761601,0.0,0.0,319.9275705642078,False
1782924661.8682468,47.574763774871826,3.6760623414068587,1.5837662790224032,0.027791527147546666,0.0,0.0,319.815060179483,False
1782924661.9480128,47.65452980995178,3.6805380141727095,1.579861785588896,0.027793535129658414,0.0,0.0,319.64330988062363,False
1782924662.0363314,47.74284839630127,3.6985852715713143,1.5642239027486637,0.02779659692547457,0.0,0.0,319.05050020752867,False
1782924662.1167502,47.823267221450806,3.703943616835181,1.5595852776615418,0.027795625151326633,0.0,0.0,318.89467066733687,False
1782924662.1914465,47.897963523864746,3.709417217838528,1.5548409810138766,0.02779373960275609,0.0,0.0,318.74742267527296,False
1782924662.2768888,47.98340582847595,3.7150074513266067,1.5499864761594142,0.027791083747398596,0.0,0.0,318.6129599599261,False
1782924662.349792,48.05630898475647,3.7332754173431764,1.5340421402327096,0.02778253618203945,0.0,0.0,318.2962008041934,False
1782924662.4236958,48.13021278381348,3.739023083434071,1.5289981420172385,0.027781434808006846,0.0,0.0,318.2288314122981,False
1782924662.5043926,48.210909605026245,3.7447243015402294,1.5239826751164947,0.02778165179729544,0.0,0.0,318.18351164165813,False
1782924662.5984166,48.30493354797363,3.7634992118637873,1.5073949321655606,0.027790712662337118,0.0,0.0,318.2711979130697,False
1782924662.678175,48.38469195365906,3.768848943468022,1.5026549142183736,0.02779412312147798,0.0,0.0,318.37540457887815,False
1782924662.7997663,48.50628328323364,3.7751034750993875,1.4971116085744007,0.027797560520297995,0.0,0.0,318.5572437484946,False
1782924662.8819563,48.588473320007324,3.792819850118991,1.4814473062741749,0.027799375739586556,0.0,0.0,319.3923621931063,False
1782924662.9547958,48.66131281852722,3.79738541844381,1.4774289903036206,0.02779812187811187,0.0,0.0,319.55720328515264,False
1782924663.0547922,48.7613091468811,3.8028613702326806,1.4726290004169402,0.027796172779783777,0.0,0.0,319.64178667168323,False
1782924663.1296287,48.836145639419556,3.820407200538512,1.4574171360043284,0.027788948268893745,0.0,0.0,319.7710516033063,False
1782924663.2065206,48.91303753852844,3.8259078285285195,1.452684114514921,0.027787175356815397,0.0,0.0,319.7811821469512,False
1782924663.2999082,49.00642514228821,3.8326097942603488,1.4469334720169418,0.027785383201546512,0.0,0.0,319.78378297931346,False
1782924663.3806593,49.08717632293701,3.848616350186856,1.433240004863425,0.02779048033690822,0.0,0.0,320.2837971488834,False
1782924663.4547226,49.16123962402344,3.8530846083367813,1.4294308850204565,0.027794352818083738,0.0,0.0,320.4381464857032,False
1782924663.533333,49.23985004425049,3.857317270058408,1.4258296306102516,0.02779847658567921,0.0,0.0,320.54933444294215,False
1782924663.6213784,49.327895402908325,3.8637753840998523,1.420352356553032,0.027803871848321598,0.0,0.0,320.9138273736553,False
1782924663.7221484,49.42866539955139,3.874276953919641,1.4115050867294432,0.027805585568986234,0.0,0.0,321.85206192965194,False
1782924663.814566,49.52108287811279,3.8792780590410554,1.4073304912343907,0.027802752086881304,0.0,0.0,322.3684550820388,False
1782924663.8898327,49.59634971618652,3.8861875349965955,1.4016160282962877,0.02779737136055884,0.0,0.0,323.1255837887918,False
1782924663.979025,49.68554186820984,3.8935599788396864,1.3956025285785396,0.027794006389084976,0.0,0.0,323.96744566292244,False
1782924664.118927,49.825443983078,3.8998535045254124,1.3905801464702048,0.027794643749520166,0.0,0.0,324.6092268445271,False
1782924664.195498,49.90201497077942,3.907478114774427,1.384652568674084,0.02779738612562316,0.0,0.0,325.26955263465294,False
1782924664.3081536,50.014670610427856,3.9178762185164206,1.3767860519230388,0.027800135257670496,0.0,0.0,326.12579683488497,False
1782924664.3965137,50.10303068161011,3.922744941955322,1.3731782198814522,0.02780020992100533,0.0,0.0,326.529778077057,False
1782924664.472769,50.17928600311279,3.93564652169161,1.3638321950488175,0.027797819542489884,0.0,0.0,327.6388741974689,False
1782924664.5651567,50.27167367935181,3.9404889314472014,1.3604082771032298,0.027796855120044664,0.0,0.0,327.91108341804534,False
1782924664.6621988,50.36871576309204,3.944481830606459,1.3576152640654087,0.027796417594884878,0.0,0.0,327.98696365464644,False
1782924664.7568471,50.463364124298096,3.9580398752619654,1.3482733596886756,0.02779846535982651,0.0,0.0,327.33109603701257,False
1782924664.8503332,50.55685019493103,3.9623663757462313,1.3453292352822666,0.02779967843899504,0.0,0.0,326.9251045087344,False
1782924664.9551225,50.66163945198059,3.9666257667274682,1.3424412697631403,0.027800616936315414,0.0,0.0,326.48900744200415,False
1782924665.0388293,50.74534630775452,3.9729124059594803,1.3381879200052686,0.027801042472679015,0.0,0.0,325.8115984866865,False
1782924665.123522,50.83003902435303,3.9821071489777795,1.3319531679864167,0.027799467651402076,0.0,0.0,324.8579127669706,False
1782924665.2221508,50.92866778373718,3.986185866500446,1.3291626508513572,0.02779814769088719,0.0,0.0,324.5574995623178,False
1782924665.3298573,51.03637433052063,4.004330771579579,1.3165329830989747,0.027792020841051375,0.0,0.0,323.6150108528832,False
1782924665.4983475,51.204864501953125,4.023229975327947,1.3030226088431756,0.027787828936136863,0.0,0.0,322.9850138655639,False
1782924665.6060185,51.312535524368286,4.03490788034885,1.294550969711145,0.027790148409400996,0.0,0.0,322.9267823093444,False
1782924665.7096758,51.41619277000427,4.041401855102306,1.2898223176724084,0.027794924225480532,0.0,0.0,323.1813694036744,False
1782924665.783862,51.490379095077515,4.057584702073818,1.2779625292981427,0.02780139738069356,0.0,0.0,323.82127346643716,False
1782924665.855656,51.56217288970947,4.063020696831446,1.273975797038368,0.027800543636718127,0.0,0.0,324.010817649324,False
1782924665.9220572,51.62857413291931,4.067292928609853,1.270845358470529,0.027799119432538547,0.0,0.0,324.12753279891103,False
1782924665.9973235,51.703840494155884,4.072254163991872,1.2672121835269885,0.02779729662499032,0.0,0.0,324.18178416245337,False
1782924666.0590856,51.765602588653564,4.085419144881641,1.2575894291510312,0.027794558695209137,0.0,0.0,324.86530730203924,False
1782924666.1390476,51.84556460380554,4.089426050911535,1.2546711392141976,0.02779513796730724,0.0,0.0,325.20609545044084,False
1782924666.2156389,51.92215585708618,4.092538091295168,1.2524105810939856,0.02779608607352053,0.0,0.0,325.494375896045,False
1782924666.2860289,51.99254584312439,4.095581052365245,1.2502066021154792,0.02779732431560937,0.0,0.0,325.7905688722057,False
1782924666.3865144,52.09303140640259,4.109372282748296,1.2403304245607631,0.027802164144058495,0.0,0.0,327.2357560190694,False
1782924666.4499583,52.15647530555725,4.112180022659217,1.2383487386099319,0.027802196510619527,0.0,0.0,327.4978076879677,False
1782924666.5249014,52.23141837120056,4.115671319077358,1.2359016263321214,0.02780166939246029,0.0,0.0,327.7359174586153,False
1782924666.5884364,52.29495334625244,4.12684868414161,1.228199086870762,0.027797901243825238,0.0,0.0,328.01478081808176,False
1782924666.653067,52.35958409309387,4.129662999129146,1.2262895421217783,0.027797120702905093,0.0,0.0,328.12659824053355,False
1782924666.7318914,52.43840837478638,4.1331886795528305,1.2239127009347592,0.027796538107038322,0.0,0.0,328.34908143273225,False
1782924666.8089745,52.5154914855957,4.136705510443218,1.2215580856752246,0.02779647270234358,0.0,0.0,328.6388130370424,False
1782924666.8915858,52.59810280799866,4.148522026633919,1.213772197588528,0.02779913492406001,0.0,0.0,329.8445908849592,False
1782924666.9662573,52.67277431488037,4.152447501082573,1.2112650244979328,0.027799697498499944,0.0,0.0,330.12293739109214,False
1782924667.042179,52.748696088790894,4.156891499857281,1.2084838829656797,0.027799509529097825,0.0,0.0,330.3225045271218,False
1782924667.105991,52.81250786781311,4.16808623118336,1.2016521541555194,0.02779601519166145,0.0,0.0,330.5961649568111,False
1782924667.1893196,52.89583659172058,4.17709058591297,1.1962779965078971,0.027791415403010927,0.0,0.0,330.6985491867609,False
1782924667.2588553,52.96537232398987,4.182709613952419,1.1929561073780908,0.02778896767144775,0.0,0.0,330.78564748175205,False
1782924667.3229837,53.02950072288513,4.186904187963542,1.1904825609850773,0.02778829270087278,0.0,0.0,330.9328254613006,False
1782924667.3996377,53.106154680252075,4.202678115340485,1.1812483898261836,0.02779626717983737,0.0,0.0,332.00147668448017,False
1782924667.4632668,53.1697838306427,4.206069817360244,1.179283561480289,0.027799240474451793,0.0,0.0,332.2967159809397,False
1782924667.5310192,53.23753619194031,4.209379457647383,1.1773758651520345,0.027801919576261987,0.0,0.0,332.59697509857415,False
1782924667.6061294,53.31264638900757,4.21342005261502,1.1750613370888519,0.027804410434536814,0.0,0.0,332.97625289875066,False
1782924667.6867876,53.39330458641052,4.226585851322878,1.1676532806202045,0.02780310806298832,0.0,0.0,334.26741935535284,False
1782924667.7684193,53.47493624687195,4.23034153799995,1.165583516174726,0.027800627079132827,0.0,0.0,334.4846384763332,False
1782924667.8477163,53.55423331260681,4.234061267457489,1.1635539426849604,0.02779804820296435,0.0,0.0,334.5529729559811,False
1782924667.923387,53.62990403175354,4.245789780881886,1.1572734095429116,0.027794275656750436,0.0,0.0,334.00332379556687,False
1782924667.9971125,53.70362949371338,4.249414679614315,1.1553608864722225,0.02779512615026985,0.0,0.0,333.67961687458967,False
1782924668.0988839,53.80540084838867,4.253745454651886,1.1530874422494548,0.0277970732592522,0.0,0.0,333.25438032376854,False
1782924668.2192476,53.92576456069946,4.2609241350548155,1.1493347027026446,0.027800843891744986,0.0,0.0,332.5074344452317,False
1782924668.3099527,54.01646971702576,4.270194347946246,1.1444890798037757,0.027802790839965945,0.0,0.0,331.5150272422379,False
1782924668.4168315,54.12334847450256,4.276591149597376,1.1411266500042687,0.02780129756360716,0.0,0.0,330.841192902875,True
1782924668.5037591,54.21027612686157,4.28733015076671,1.1354113160991723,0.027797130242460017,0.0,0.0,329.83874078249164,False
1782924668.5870185,54.293535470962524,4.291611372373687,1.1331028875592575,0.027796297993142757,0.0,0.0,329.6705601982908,False
1782924668.6648324,54.3713493347168,4.295159991328653,1.1311762415576767,0.02779626829364198,0.0,0.0,329.67770338567897,False
1782924668.7332568,54.43977379798889,4.303619812181756,1.126539746827321,0.027798213634162985,0.0,0.0,329.54522717090236,False
1782924668.8220701,54.528587102890015,4.309922482284288,1.1230473015890872,0.027800223487278425,0.0,0.0,329.0720388899034,False
1782924668.9159312,54.622448205947876,4.314106540209093,1.1207084144108828,0.02780110668221119,0.0,0.0,328.667853268584,False
1782924669.0159945,54.722511529922485,4.325885780760318,1.1140152671660932,0.027800253512843997,0.0,0.0,327.40346058859217,False
1782924669.1096854,54.81620240211487,4.329328704159826,1.11202343620469,0.027799381541305793,0.0,0.0,327.03171269977094,False
1782924669.213896,54.92041301727295,4.334816742256967,1.108810966345297,0.027798099494978912,0.0,0.0,326.75918160814246,False
1782924669.29375,55.000267028808594,4.345045902543254,1.1027081098555955,0.027797659764898935,0.0,0.0,327.12737024097356,False
1782924669.4019446,55.10846161842346,4.349799154978727,1.099832983471584,0.027798382370837187,0.0,0.0,327.5554575405352,False
1782924669.4741292,55.18064618110657,4.353189304647657,1.097772705422877,0.027799049461737658,0.0,0.0,327.9037084309706,False
1782924669.5702834,55.27680039405823,4.36470314027338,1.0907538430196997,0.027800416278961355,0.0,0.0,329.1759743243727,False
1782924669.662798,55.36931490898132,4.3687680978122945,1.088280500035075,0.0278002270171754,0.0,0.0,329.54522520365384,False
1782924669.7382286,55.4447455406189,4.372157867761775,1.0862237590665507,0.02779984224710436,0.0,0.0,329.6675353622968,False
1782924669.8194206,55.52593755722046,4.383019232829257,1.0796682000526299,0.027798388538597868,0.0,0.0,329.2442893329711,False
1782924669.8955479,55.60206484794617,4.386448722692672,1.077604575285961,0.027798174448067488,0.0,0.0,328.9424292605009,False
1782924669.9710655,55.67758250236511,4.390462111345651,1.0751883710674,0.02779774675402976,0.0,0.0,328.68227835178357,False
1782924670.0425127,55.74902963638306,4.4036301997381875,1.067218337142064,0.02779430613700429,0.0,0.0,328.1961076160944,False
1782924670.1109216,55.81743860244751,4.4118014139983615,1.062236261615789,0.02779076306474652,0.0,0.0,328.0001182213732,False
1782924670.1906953,55.897212266922,4.417902309288439,1.0584989872504966,0.027787819714723657,0.0,0.0,327.88142236893856,False
1782924670.2677808,55.974297761917114,4.4240764829651855,1.0547030986762012,0.02778515398323016,0.0,0.0,327.78953282910385,False
1782924670.3297186,56.03623557090759,4.442683796071754,1.0431867659200962,0.027782681605775336,0.0,0.0,327.67235472361887,False
1782924670.3913198,56.09783673286438,4.447653451663076,1.0400938866672147,0.027783804573537796,0.0,0.0,327.6774605844732,False
1782924670.454954,56.161470890045166,4.452616455390844,1.0369994387578618,0.02778560603183568,0.0,0.0,327.6987959447993,False
1782924670.5340364,56.24055337905884,4.458730900525055,1.0331811677590412,0.027788690043146966,0.0,0.0,327.760941536587,False
1782924670.6138225,56.32033944129944,4.47711235678307,1.0216887241316048,0.027799823254829412,0.0,0.0,328.302289751742,False
1782924670.6924775,56.39899444580078,4.482581418619729,1.0182745418194286,0.027801623887832135,0.0,0.0,328.5459161599845,False
1782924670.7521353,56.45865225791931,4.486856942334937,1.0156101908930553,0.02780213408814963,0.0,0.0,328.75978161098567,False
1782924670.8319983,56.53851532936096,4.492072097652452,1.012367983020796,0.027801679648207386,0.0,0.0,329.0469497448786,False
1782924670.9531693,56.65968632698059,4.512157337981368,1.0000211731916262,0.027794111821858005,0.0,0.0,330.267613621062,False
1782924671.0155451,56.72206211090088,4.516489514571085,0.9974104073299116,0.027792495030439155,0.0,0.0,330.464616088166,False
1782924671.094362,56.80087900161743,4.5221962190831935,0.9940040128005673,0.02779069979617685,0.0,0.0,330.6781589322915,False
1782924671.1644733,56.87099027633667,4.542155199455128,0.9823327980522655,0.02778667164382124,0.0,0.0,331.1767639077057,False
1782924671.2509735,56.95749044418335,4.549937440159297,0.9778615989534608,0.027785907379792855,0.0,0.0,331.3358616522914,False
1782924671.3301036,57.03662061691284,4.556350379667695,0.9742029072803439,0.027785902464097498,0.0,0.0,331.48436094048316,False
1782924671.442556,57.149072885513306,4.578654429253594,0.9616529540436173,0.027790758041922405,0.0,0.0,332.16673885890674,False
1782924671.5304139,57.23693084716797,4.5858069657495015,0.9576888517996128,0.027793378881113457,0.0,0.0,332.4423926796053,False
1782924671.6128983,57.31941533088684,4.5916670922945615,0.9544650122874163,0.027795408893709683,0.0,0.0,332.6867714959741,False
1782924671.691843,57.39836001396179,4.610809624397826,0.9441237488546984,0.0277966860013656,0.0,0.0,333.41817344563185,False
1782924671.7855263,57.492043256759644,4.618076742786646,0.9402725785768585,0.027795147256388292,0.0,0.0,333.68514826022727,False
1782924671.8656769,57.57219386100769,4.624105741580503,0.9371069989236396,0.027793542964968918,0.0,0.0,333.91344917230873,False
1782924671.963003,57.669519901275635,4.633949024095814,0.9320046909496994,0.027790741817726422,0.0,0.0,334.25352607869013,False
1782924672.0511036,57.75762057304382,4.653750753909957,0.921989172811018,0.027786040822002166,0.0,0.0,334.7052248524032,False
1782924672.130709,57.837225914001465,4.660537487106135,0.9186182604264398,0.027785333202713387,0.0,0.0,334.8177409073568,False
1782924672.2229612,57.92947816848755,4.668657708194031,0.9146183621226196,0.027785311183342754,0.0,0.0,334.96193499286517,False
1782924672.33365,58.04016709327698,4.6916657676585745,0.9034507086747389,0.027791755210013383,0.0,0.0,335.63135749202144,False
1782924672.4359615,58.142478466033936,4.70014482777649,0.8994016632931036,0.027795029610467648,0.0,0.0,335.9114279142165,False
1782924672.5070279,58.213544845581055,4.707809403757849,0.8957599275636503,0.027798574569847707,0.0,0.0,335.95128231059874,False
1782924672.5891156,58.2956326007843,4.721394911603234,0.8893465903308356,0.027802974818463777,0.0,0.0,335.3888274943971,False
1782924672.6661572,58.372674226760864,4.726378485321441,0.8870095901827616,0.027802801282151544,0.0,0.0,335.16370381803085,False
1782924672.7675347,58.47405171394348,4.7328194610776615,0.8839959036796213,0.027801162606814964,0.0,0.0,334.9789319297378,False
1782924672.8639805,58.57049751281738,4.752277846575687,0.8748907706037178,0.027791452936322656,0.0,0.0,334.8703938557146,False
1782924672.9655766,58.672093629837036,4.7606054309815855,0.870991502694765,0.027787405285902223,0.0,0.0,334.97348946307216,False
1782924673.061624,58.76814103126526,4.766524412236603,0.8682210219110504,0.027785664149299217,0.0,0.0,335.00489788318083,False
1782924673.15077,58.85728693008423,4.784706951738668,0.8597131120874876,0.0277961350931985,0.0,0.0,335.13833009322207,False
1782924673.2509868,58.95750379562378,4.7892208259621745,0.8576021977857483,0.027800992085583152,0.0,0.0,335.3996894428623,False
1782924673.3534276,59.05994462966919,4.800340642749576,0.8524189292610287,0.027808623463745966,0.0,0.0,336.2834159774311,False
1782924673.4498491,59.15636610984802,4.809253633207063,0.8483013037786113,0.027805763941870815,0.0,0.0,337.1094081623,False
1782924673.5421817,59.248698711395264,4.813199881306468,0.8464945508499873,0.027802373046984203,0.0,0.0,337.49074457211583,False
1782924673.6376574,59.3441743850708,4.827056570424496,0.8402608382642056,0.027792283284640566,0.0,0.0,338.870524021061,False
1782924673.7441845,59.45070147514343,4.83159501533073,0.8382644819080245,0.02779243408446629,0.0,0.0,339.33111088567773,False
1782924673.8379292,59.54444622993469,4.836108832765129,0.8363046597490941,0.02779444593038359,0.0,0.0,339.7917629871068,False
1782924673.9308002,59.637317180633545,4.848072248517112,0.8312467566127426,0.02780262777759968,0.0,0.0,341.02028836606763,False
1782924674.0177572,59.72427415847778,4.851799022524424,0.8297145695368279,0.02780404266913888,0.0,0.0,341.4042207842493,False
1782924674.1005228,59.807039737701416,4.863717615432181,0.8249629759501013,0.027801655939925715,0.0,0.0,342.63282679371355,False
1782924674.20619,59.91270709037781,4.868190317665565,0.8232403968402128,0.027799160463079477,0.0,0.0,343.093553197889,False
1782924674.2948325,60.001349449157715,4.87341400331881,0.8212717020191451,0.02779658027615209,0.0,0.0,343.631061786836,False
1782924674.3899567,60.096473693847656,4.883136755137271,0.8177334842549019,0.02779538731298971,0.0,0.0,344.6292762732781,False
1782924674.5029817,60.20949864387512,4.889887941800301,0.815374671205093,0.027797438296916454,0.0,0.0,345.3203435470033,False
1782924674.6111634,60.31768035888672,4.901936619228938,0.8113672601267212,0.027801763508701356,0.0,0.0,346.5489222361117,False
1782924674.6998665,60.4063835144043,4.908741894834391,0.8092191857313872,0.027802017394159162,0.0,0.0,347.2400083813574,False
1782924674.775277,60.48179388046265,4.9125315148302935,0.8080592142151599,0.02780133960376251,0.0,0.0,347.62394653889663,False
1782924674.8662672,60.572784185409546,4.918608210425816,0.8062533051998566,0.027799553362306523,0.0,0.0,348.2382465027043,False
1782924674.9780025,60.68451952934265,4.929281592857973,0.8032426151499281,0.027797001485335225,0.0,0.0,349.3132609780281,False
1782924675.0675402,60.774057149887085,4.933870935807552,0.802011171012033,0.027796895952361518,0.0,0.0,349.7739773466643,False
1782924675.157639,60.864156007766724,4.942307581935492,0.7998460994035949,0.02779822872060609,0.0,0.0,350.61862234073317,False
1782924675.2634504,60.96996736526489,4.9515438888177155,0.7976219221899509,0.027800267261804002,0.0,0.0,351.54005822224644,False
1782924675.3428566,61.049373626708984,4.955402064443503,0.7967378931223439,0.027800751960473588,0.0,0.0,351.92399239700325,False
1782924675.4340947,61.14061164855957,4.968560425739778,0.7939215622339545,0.027799882849977215,0.0,0.0,353.2293746369097,True
1782924675.5052812,61.21179819107056,4.972441906804119,0.793149232381987,0.02779919035007914,0.0,0.0,353.61331011525414,False
1782924675.6028905,61.309407472610474,4.977106145222371,0.7922562136527789,0.02779842977050936,0.0,0.0,354.0740313082247,False
1782924675.67959,61.386106967926025,4.99035752083552,0.7899270182777668,0.027798044728130994,0.0,0.0,355.37940029285403,False
1782924675.774241,61.48075795173645,4.995046359310556,0.7891762049808251,0.027798553272519306,0.0,0.0,355.840117833056,False
1782924675.8508854,61.55740237236023,4.9989581338819455,0.7885790330512027,0.027799077287734068,0.0,0.0,356.2240496348358,False
1782924675.9466217,61.653138637542725,5.013071103192438,0.7866445165938395,0.02780014093225708,0.0,0.0,357.60621088088084,False
1782924676.0226836,61.72920060157776,5.016999153736224,0.7861671353128863,0.027799995697917336,0.0,0.0,357.9901459610298,False
1782924676.0973463,61.803863286972046,5.020930271825889,0.785715904481947,0.02779969218090744,0.0,0.0,358.37408108141824,False
1782924676.177698,61.884214878082275,5.024077259805008,0.7853737710185253,0.02779938374196418,0.0,0.0,358.68122897973205,False
1782924676.257823,61.96433997154236,5.037470585580065,0.7841070244779716,0.027798400603412876,0.0,0.0,359.9866033174182,False
1782924676.348317,62.05483388900757,5.042203983287188,0.7837324827992008,0.027798431158316976,0.0,0.0,0.4473221761208172,False
1782924676.4255326,62.132049560546875,5.0462102127276465,0.783450043436697,0.027798577722006206,0.0,0.0,0.7830059497798869,False
1782924676.5089595,62.215476512908936,5.061183699144375,0.782710621970161,0.02779856156763925,0.0,0.0,0.9703892046164583,False
1782924676.5958683,62.302385330200195,5.066707637030406,0.782521404860358,0.027798273928534244,0.0,0.0,0.7648796538235554,False
1782924676.6757245,62.38224148750305,5.07130792021851,0.782385107253877,0.02779800291363597,0.0,0.0,0.5123333730478768,False
1782924676.739042,62.44555902481079,5.075837969259178,0.7822639665176564,0.027797827540375682,0.0,0.0,0.33941761979025253,False
1782924676.8139246,62.52044153213501,5.0889300386224905,0.7819698187161814,0.027798385924401602,0.0,0.0,0.5954557603017051,False
1782924676.8945947,62.60111165046692,5.093177020978556,0.781892991963102,0.027798878858459698,0.0,0.0,0.8726557573619618,False
1782924677.0008934,62.70741033554077,5.098218930072763,0.7818156351147031,0.027799510343063556,0.0,0.0,1.2679930023094395,False
1782924677.0933425,62.79985952377319,5.113075034415212,0.7816940245028932,0.027800193404972376,0.0,0.0,2.6017053046773326,False
1782924677.1826568,62.88917374610901,5.116334935508318,0.781692311642196,0.02779998293975822,0.0,0.0,2.906985594876835,False
1782924677.2524362,62.95895314216614,5.120393995228975,0.7817044760064514,0.027799593273445417,0.0,0.0,3.2896650411955846,False
1782924677.3155658,63.022082805633545,5.130882093946031,0.7818157763089926,0.027798527043179283,0.0,0.0,4.286851677499295,False
1782924677.3901749,63.096691846847534,5.136499269043682,0.7819266483807388,0.027798282223751174,0.0,0.0,4.824230028747013,False
1782924677.4718072,63.1783242225647,5.139701624238275,0.7820069023648881,0.027798299447990997,0.0,0.0,5.131342349257167,False
1782924677.5434954,63.25001239776611,5.143697991556104,0.7821250427872924,0.027798468001958558,0.0,0.0,5.5152513314416725,False
1782924677.623266,63.32978296279907,5.157109455191232,0.7827101691234645,0.0277990688259692,0.0,0.0,6.082889261868478,False
1782924677.701039,63.40755605697632,5.1615550940049175,0.7829640402810748,0.027798992753754935,0.0,0.0,6.018533206638813,False
1782924677.782614,63.48913097381592,5.166066495510838,0.7832434100254994,0.02779875938413932,0.0,0.0,5.85966349200337,False
1782924677.8548875,63.56140446662903,5.172483535456011,0.7836710962325156,0.027798217396138164,0.0,0.0,5.521059798057302,False
1782924677.9245138,63.631030797958374,5.184638817279273,0.7845436641392879,0.027797221711115268,0.0,0.0,4.709904692325626,False
1782924678.0357344,63.7422513961792,5.191205448229746,0.7850301188528187,0.027797144584105093,0.0,0.0,4.283723658765927,False
1782924678.1290915,63.83560848236084,5.199435474257352,0.7856403964589985,0.027797803807755175,0.0,0.0,3.961784615111987,False
1782924678.2286713,63.93518829345703,5.210372862646802,0.7864395006100268,0.027799077329119404,0.0,0.0,3.2554767838486938,False
1782924678.3001494,64.00666642189026,5.214923179553198,0.7867628657630654,0.02779944966979341,0.0,0.0,2.914723104201837,False
1782924678.3978271,64.10434412956238,5.224005025136181,0.7873824841561448,0.027799579234487577,0.0,0.0,2.204897768230328,False
1782924678.5012252,64.20774221420288,5.236650447950541,0.7881676940075328,0.02779866301673335,0.0,0.0,1.1867838805230315,False
1782924678.5861144,64.29263138771057,5.24116107412357,0.7884201682351419,0.02779827499924231,0.0,0.0,0.8225895991969943,False
1782924678.6679373,64.37445425987244,5.255860683992766,0.7891134157093304,0.027797652423218695,0.0,0.0,359.6799871389471,False
1782924678.7475793,64.45409631729126,5.260529468419832,0.7892893269900148,0.027797723785523042,0.0,0.0,359.3268584457057,False
1782924678.827172,64.53368902206421,5.265250688149588,0.7894435556310416,0.02779786738154039,0.0,0.0,358.977111322876,False
1782924678.933473,64.63999009132385,5.283512924827225,0.7898152438487483,0.027798335853170698,0.0,0.0,357.65786273991387,False
1782924679.0128226,64.71933960914612,5.288372866729807,0.7898535040040122,0.027798308180219545,0.0,0.0,357.31088267900384,False
1782924679.103657,64.81017398834229,5.293121173688325,0.7898721574715548,0.027798325473025146,0.0,0.0,356.9495506965212,False
1782924679.2443628,64.9508798122406,5.304931098552103,0.7898349828814634,0.02779869253047318,0.0,0.0,355.97180483020725,False
1782924679.3401732,65.0466902256012,5.315416621203344,0.7896808207189715,0.027799135432262635,0.0,0.0,355.06074799516887,False
1782924679.423694,65.13021087646484,5.324047672262065,0.7894512225947602,0.027799251259801285,0.0,0.0,354.3088254779691,False
1782924679.509546,65.21606302261353,5.334472453037485,0.7890337828314906,0.02779893717857901,0.0,0.0,353.42115830822223,False
1782924679.5847867,65.29130363464355,5.3389152437111616,0.7888038570520897,0.02779867902718988,0.0,0.0,353.06179728506095,False
1782924679.6678252,65.37434220314026,5.343470525926446,0.7885330271676932,0.027798357750539703,0.0,0.0,352.71168894086196,False
1782924679.7567677,65.46328473091125,5.359767137495618,0.7872918185659583,0.027797247976235735,0.0,0.0,351.56583179312713,False
1782924679.835094,65.54161095619202,5.364789958567463,0.7868285524231763,0.027797009314711477,0.0,0.0,351.2401887900637,False
1782924679.94214,65.64865708351135,5.372111946761053,0.7860830857447174,0.027796636730592413,0.0,0.0,350.8057758944352,False
1782924680.0240185,65.73053550720215,5.389905693956692,0.7839684540599839,0.02779557803693366,0.0,0.0,349.8692080584239,False
1782924680.1083724,65.81488943099976,5.395626854734027,0.7832108060115345,0.02779532281227295,0.0,0.0,349.57919709107773,False
1782924680.1938174,65.90033435821533,5.402646290604518,0.7822295643879443,0.02779499910350647,0.0,0.0,349.2429589524938,False
1782924680.2752297,65.98174667358398,5.423193359560761,0.7790194879263642,0.02779238879475064,0.0,0.0,348.52181891165486,False
1782924680.3476384,66.05415534973145,5.430077240994382,0.7778509777028734,0.027791087063600152,0.0,0.0,348.33702578373004,False
1782924680.4254024,66.13191938400269,5.437148135377691,0.7766098530341031,0.027789632277857308,0.0,0.0,348.17013699857483,False
1782924680.504278,66.2107949256897,5.462191098822393,0.7719390142011322,0.027785163409599682,0.0,0.0,347.7121370750773,False
1782924680.56725,66.27376699447632,5.46803251330488,0.7708020652675676,0.027785068652252862,0.0,0.0,347.5960462238898,False
1782924680.6294935,66.3360104560852,5.473819200896543,0.7696602287887532,0.027785479390609123,0.0,0.0,347.47189666678537,False
1782924680.704881,66.41139793395996,5.48102488043344,0.7682160813775443,0.027786533581458005,0.0,0.0,347.3119550479927,False
1782924680.7705052,66.47702217102051,5.504258866922382,0.7633892434634141,0.027790924753884092,0.0,0.0,346.81885543718005,False
1782924680.8506484,66.5571653842926,5.511596174023137,0.7618128416796702,0.02779171421335894,0.0,0.0,346.6747133126643,False
1782924680.9093575,66.61587452888489,5.517515613679231,0.7605232769871099,0.027791871357245604,0.0,0.0,346.56722471308467,False
1782924680.9895313,66.69604825973511,5.5249768720232355,0.7588760651449488,0.027791421201601937,0.0,0.0,346.44678806385986,False
1782924681.0646505,66.77116751670837,5.548601941912603,0.7535221396722102,0.027787994502470135,0.0,0.0,346.03379879166306,False
1782924681.164341,66.87085795402527,5.55742128115034,0.7514704255143223,0.02778686686118977,0.0,0.0,345.87308523002525,False
1782924681.237209,66.94372606277466,5.564827686518489,0.7497244727482253,0.027786223007013656,0.0,0.0,345.7471122509078,False
1782924681.3043861,67.0109031200409,5.587385950102339,0.7442836208943118,0.027786152679125212,0.0,0.0,345.4274621141478,False
1782924681.3776648,67.0841817855835,5.594987862656429,0.7424115788171228,0.027786492147430817,0.0,0.0,345.33897124018506,False
1782924681.4534607,67.15997767448425,5.602596082490429,0.7405205366359517,0.02778683925127231,0.0,0.0,345.25945108380574,False
1782924681.5200486,67.22656559944153,5.608667285866947,0.738999865321085,0.027787086001312862,0.0,0.0,345.2040146230944,False
1782924681.5989084,67.30542540550232,5.632704064629291,0.7328894252245546,0.027787681656429815,0.0,0.0,345.06921767256796,False
1782924681.6732304,67.37974739074707,5.638542157427709,0.7313874173579277,0.027788064755008283,0.0,0.0,345.07400288500645,False
1782924681.7350163,67.44153332710266,5.644221396030392,0.7299215593834059,0.027788821688546583,0.0,0.0,345.11171806908123,False
1782924681.8022149,67.50873184204102,5.659412941791272,0.7259828121457005,0.027792005928636943,0.0,0.0,345.3479875517119,False
1782924681.8798225,67.58633947372437,5.67178051180746,0.7227695197518805,0.027794303329611164,0.0,0.0,345.617759430171,False
1782924681.9534302,67.65994715690613,5.67860789481147,0.7209990381008513,0.027795057769997734,0.0,0.0,345.7914550347179,True
1782924682.066808,67.77332496643066,5.686846013776112,0.7188709862531285,0.02779509769057729,0.0,0.0,346.00524508004355,False
1782924682.1656897,67.87220668792725,5.710926675516195,0.7127191992472302,0.027792451899543765,0.0,0.0,346.7662566284703,False
1782924682.2699327,67.97644972801208,5.718749843216372,0.7107386887058068,0.027794287961172344,0.0,0.0,347.2423538388146,False
1782924682.3491058,68.05562281608582,5.727968953431083,0.7084272004752442,0.0277980945479589,0.0,0.0,347.61540435124874,False
1782924682.4408464,68.14736342430115,5.740184776995466,0.7054137018068257,0.027802519774656545,0.0,0.0,347.64861131939773,False
1782924682.5469108,68.25342774391174,5.745532714892431,0.7041127378358155,0.027803098388203683,0.0,0.0,347.86430301876544,False
1782924682.6543176,68.36083459854126,5.758392537556223,0.7010402529956995,0.027800550343024366,0.0,0.0,348.8106885355469,False
1782924682.7472057,68.45372271537781,5.764210279656578,0.6996839967846427,0.027798560570347956,0.0,0.0,349.32803556485106,False
1782924682.8349853,68.54150223731995,5.778032384011829,0.6965753259466809,0.027796576895391726,0.0,0.0,350.6222202824031,False
1782924683.0047445,68.711261510849,5.786828810145724,0.6946972066940925,0.027798210633333095,0.0,0.0,351.46595920290406,False
1782924683.1077318,68.81424880027771,5.797931936712449,0.6924563774130323,0.027800723612848202,0.0,0.0,352.5407523994277,False
1782924683.2189784,68.92549538612366,5.805037379690947,0.691105193024922,0.02780103111463814,0.0,0.0,353.2318088224177,False
1782924683.3071382,69.01365518569946,5.809766013807858,0.6902438719147698,0.02780054497324641,0.0,0.0,353.6925256159034,False
1782924683.3923607,69.09887766838074,5.823145643652156,0.6879785372594049,0.027798145594910752,0.0,0.0,354.9978980657618,False
1782924683.4692776,69.17579460144043,5.827078863229766,0.6873624330517697,0.027797756317144526,0.0,0.0,355.3818296496124,False
1782924683.5454693,69.2519862651825,5.831012188578737,0.6867695286956095,0.027797672911429105,0.0,0.0,355.765760393873,False
1782924683.6372073,69.34372425079346,5.84360366341307,0.6850305377243392,0.027799029751387736,0.0,0.0,356.9943380823065,False
1782924683.7374325,69.44394946098328,5.8491161956400886,0.6843467394411885,0.027799783715386724,0.0,0.0,357.5318430111794,False
1782924683.825411,69.53192806243896,5.853843490552015,0.6837984709241502,0.02780017995538403,0.0,0.0,357.9925631211962,False
1782924683.919841,69.62635803222656,5.867249692342462,0.6824371979549804,0.02779961406480665,0.0,0.0,359.29794119767394,False
1782924684.0164998,69.7230167388916,5.8719855954931965,0.6820253173541216,0.02779907978550422,0.0,0.0,359.75866249277465,False
1782924684.1030905,69.80960750579834,5.876723629626822,0.6816495607851781,0.02779861285730747,0.0,0.0,0.21938282575961135,False
1782924684.1967876,69.90330457687378,5.8893677783582365,0.6808255588859381,0.02779843875768169,0.0,0.0,1.447966136522139,False
1782924684.2588842,69.96540117263794,5.892530679607987,0.680660280942297,0.027798643347430565,0.0,0.0,1.755111616192546,False
1782924684.3369997,70.04351663589478,5.896485185882563,0.6804767168990792,0.027798968145212898,0.0,0.0,2.1390436968846966,False
1782924684.415122,70.1216390132904,5.909144736188338,0.6800620988764924,0.027799767900389558,0.0,0.0,3.367629835218603,False
1782924684.4999468,70.20646381378174,5.913101947065581,0.6799867570935241,0.02779977627314121,0.0,0.0,3.7515640462251607,False
1782924684.5741434,70.28066039085388,5.917059429157314,0.6799373329584955,0.027799658181189908,0.0,0.0,4.135498474005551,False
1782924684.6480525,70.35456943511963,5.9202255074971255,0.6799164864725669,0.027799494416799797,0.0,0.0,4.4426460174152,False
1782924684.7264411,70.43295812606812,5.934471630900767,0.6800288784094624,0.027798710582213823,0.0,0.0,5.82480756254007,False
1782924684.820034,70.52655100822449,5.939219023323794,0.680141507002207,0.027798657828038253,0.0,0.0,6.285526987604501,False
1782924684.8963902,70.60290718078613,5.943174331803414,0.6802641317467734,0.02779872396698412,0.0,0.0,6.669459619376807,False
1782924684.9580195,70.66453647613525,5.955033872843418,0.6807891296686004,0.02779924948261628,0.0,0.0,7.821258009033905,False
1782924685.0406814,70.74719834327698,5.958984362424674,0.6810165546616253,0.027799405583493104,0.0,0.0,8.20519136152682,False
1782924685.1157312,70.82224822044373,5.962933222672042,0.6812702107794815,0.02779949773895009,0.0,0.0,8.589125036381322,False
1782924685.1999357,70.90645265579224,5.966091022293195,0.6814920267774208,0.027799515841190184,0.0,0.0,8.896272162999683,False
1782924685.2777624,70.98427939414978,5.9802844789669605,0.6826980424481528,0.027799131905796578,0.0,0.0,10.278434586389695,False
1782924685.3504288,71.05694580078125,5.984221552906782,0.683093401647325,0.02779899767616619,0.0,0.0,10.662368241874312,False
1782924685.4308321,71.13734912872314,5.988155886966966,0.6835149936452634,0.027798903233941706,0.0,0.0,11.046301650696075,False
1782924685.49779,71.20430707931519,5.996800917374573,0.6845347930240665,0.02779889496665817,0.0,0.0,11.890954498291578,False
1782924685.5912368,71.29775381088257,6.004646231959823,0.6855719256394893,0.02779908051078455,0.0,0.0,12.658820586281866,False
1782924685.662358,71.36887502670288,6.008563505738097,0.6861297549178629,0.027799192010408702,0.0,0.0,13.04275381104747,False
1782924685.727476,71.43399286270142,6.01169458154713,0.6865948488192922,0.02779926924318209,0.0,0.0,13.349900524477532,False
1782924685.808153,71.51466989517212,6.024192637846274,0.6886223898475924,0.027799329011110974,0.0,0.0,14.578488408771436,False
1782924685.8999777,71.60649466514587,6.028867782412809,0.6894515686502299,0.027799249832941148,0.0,0.0,15.039209024661854,False
1782924685.977077,71.68359398841858,6.032758545796302,0.6901711885398699,0.027799165533437187,0.0,0.0,15.423142797191034,False
1782924686.0461872,71.75270414352417,6.043626033269853,0.6923243723655428,0.027798991035324946,0.0,0.0,16.498156667701657,False
1782924686.1317165,71.83823347091675,6.049044162177199,0.6934772068620905,0.027798991819392837,0.0,0.0,17.035663259892164,False
1782924686.2254019,71.93191885948181,6.052907519692359,0.6943317105253068,0.027799029231089074,0.0,0.0,17.419596490030926,False
1782924686.3131332,72.01965022087097,6.060616636621436,0.6961181870493386,0.02779915174841419,0.0,0.0,18.187463067550002,False
1782924686.3977659,72.10428285598755,6.069834962846513,0.6983979435764566,0.027799261242978098,0.0,0.0,19.108903473420114,False
1782924686.5106149,72.21713185310364,6.075195002766748,0.6997961017649915,0.02779926293031584,0.0,0.0,19.646410616778404,False
1782924686.5982149,72.30473184585571,6.082828937528556,0.70188048965233,0.027799192744753756,0.0,0.0,20.414278038107547,False
1782924686.6811955,72.3877124786377,6.091951779443304,0.7045164254811412,0.027799083710334915,0.0,0.0,21.33571867894253,False
1782924686.779659,72.48617601394653,6.0964970150338695,0.7058892932075878,0.027799055539132252,0.0,0.0,21.796438829277708,False
1782924686.8563154,72.56283235549927,6.108563311809436,0.7097256607941725,0.027799106952283444,0.0,0.0,22.282550272188303,False
1782924686.9471357,72.65365266799927,6.112318876365766,0.7109725400336492,0.02779914401686493,0.0,0.0,22.153343393373714,False
1782924687.0404096,72.7469265460968,6.116817661764152,0.7124939082775291,0.02779918410987967,0.0,0.0,21.87025547987922,False
1782924687.1346138,72.84113073348999,6.1295308977750285,0.7169138746339268,0.02779920105755539,0.0,0.0,20.709328392726114,False
1782924687.2197838,72.92630076408386,6.131771197511406,0.7177050793814458,0.02779918838626179,0.0,0.0,20.49447036560844,False
1782924687.3199735,73.0264904499054,6.1429668836499856,0.721685280553891,0.027799109519826816,0.0,0.0,20.281286747922756,False
1782924687.403628,73.1101450920105,6.148188811252801,0.7235538309832166,0.02779909069686753,0.0,0.0,20.553226869448466,False
1782924687.4846163,73.19113326072693,6.156388833913267,0.7265092902302653,0.027799103915760685,0.0,0.0,21.242352418935628,False
1782924687.5784216,73.28493857383728,6.16457720833695,0.729498779845648,0.027799148372667337,0.0,0.0,22.050147449818216,False
1782924687.6640804,73.37059736251831,6.169036744395948,0.7311483157342492,0.027799170092112333,0.0,0.0,22.50502176938677,False
1782924687.7382562,73.44477319717407,6.175714688345318,0.7336528668661733,0.0277991837138582,0.0,0.0,23.19290301720806,False
1782924687.8362248,73.5427417755127,6.185331740146299,0.7373450552695661,0.027799159725922284,0.0,0.0,24.190061388686413,False
1782924687.9386702,73.64518713951111,6.189757120063723,0.7390824549153264,0.027799140476287267,0.0,0.0,24.595063305557762,False
1782924688.0256438,73.73216080665588,6.20004842602914,0.7432214457790535,0.027799113074579763,0.0,0.0,24.688645294005997,False
1782924688.1188843,73.82540130615234,6.206642265557621,0.7459364022864065,0.027799119724129902,0.0,0.0,24.28305969949509,False
1782924688.2305398,73.93705677986145,6.210300170980683,0.7474581048508045,0.027799129835181617,0.0,0.0,23.9674959474977,False
1782924688.3215985,74.02811551094055,6.219800726485172,0.7514407938450304,0.027799158329813008,0.0,0.0,23.02967889015857,False
1782924688.4162383,74.12275528907776,6.227106549330786,0.7545120680091054,0.02779916527880572,0.0,0.0,22.270943773657333,False
1782924688.4983866,74.2049036026001,6.230760908486948,0.7560447832421338,0.02779916185925747,0.0,0.0,21.888526517550428,False
1782924688.5627224,74.26923942565918,6.2402725184778305,0.7600060146425847,0.027799140782013457,0.0,0.0,20.891562444626626,False
1782924688.6362631,74.34278011322021,6.245402910969725,0.7621178345514025,0.02779913046311659,0.0,0.0,20.354212534398854,False
1782924688.7125573,74.4190742969513,6.24907219152807,0.763614580330783,0.0277991265561585,0.0,0.0,19.970328587644527,False
1782924688.7780666,74.48458361625671,6.2520107612941915,0.764804056433052,0.02779912601813764,0.0,0.0,19.66320400359779,False
1782924688.8535287,74.56004571914673,6.268000326075695,0.7709713275326069,0.027796579204888393,0.0,0.0,18.695569984029646,False
1782924688.9315228,74.6380398273468,6.272477876449407,0.7726331062249309,0.027795305080045598,0.0,0.0,18.512797729700473,True
1782924688.9956527,74.70216965675354,6.277138025394945,0.7743406923727549,0.027793869744185108,0.0,0.0,18.337603222532152,False
1782924689.0633142,74.76983118057251,6.2831520387866915,0.7765153092768272,0.0277920329388085,0.0,0.0,18.12385222065325,False
1782924689.141211,74.84772801399231,6.302051253288156,0.7831626720504602,0.027788309330665863,0.0,0.0,17.503100074607897,False
1782924689.2173831,74.92390012741089,6.3083840186341975,0.7853370632380633,0.027788470954574113,0.0,0.0,17.27917095621007,False
1782924689.3143725,75.02088952064514,6.315352230624266,0.7877167977236267,0.027790823725733473,0.0,0.0,16.9239554576575,False
1782924689.3885076,75.09502458572388,6.332613505687028,0.7935238488276858,0.027802219375273097,0.0,0.0,15.698922313073654,False
1782924689.4802039,75.1867208480835,6.338148412926287,0.7953467291356077,0.027804612139314958,0.0,0.0,15.24311737540454,False
1782924689.5583794,75.26489639282227,6.342614398630607,0.7967992702893448,0.027805171286220526,0.0,0.0,14.861072895674077,False
1782924689.6298134,75.33633041381836,6.3537699936255825,0.8003431081595341,0.02780134484254038,0.0,0.0,13.86440025633978,False
1782924689.7308455,75.43736243247986,6.3612203922328145,0.802632215498766,0.02779713015693993,0.0,0.0,13.173532256529105,False
1782924689.807498,75.51401495933533,6.365292252088172,0.8038538559254457,0.027795432372247915,0.0,0.0,12.789643894210156,False
1782924689.8842936,75.59081053733826,6.371732570368549,0.8057405673595517,0.0277945651499061,0.0,0.0,12.175388505896217,False
1782924689.9659488,75.67246580123901,6.382059374931357,0.8086419396838198,0.027797656547958335,0.0,0.0,11.177194035053189,False
1782924690.034072,75.74058890342712,6.385342117748912,0.80952118697609,0.027799036459653204,0.0,0.0,10.886112759332423,False
1782924690.129076,75.8355929851532,6.390703395060018,0.8108918309192085,0.02780056816448789,0.0,0.0,10.489505583592457,False
1782924690.2285254,75.93504238128662,6.405359681043341,0.8144645502358809,0.027800928779985686,0.0,0.0,9.238899828415295,False
1782924690.3102198,76.01673674583435,6.409529917996668,0.8154325582308825,0.027800031291585866,0.0,0.0,8.857860216406005,False
1782924690.4056413,76.11215829849243,6.423425437054512,0.8184839170815988,0.027797212089808856,0.0,0.0,7.555088211950898,False
1782924690.4815762,76.1880931854248,6.427453872243243,0.8193157030473267,0.027797102686429098,0.0,0.0,7.171291938526068,False
1782924690.5662997,76.27281665802002,6.430663275524001,0.8199607016590387,0.027797311271589267,0.0,0.0,6.864204961678583,False
1782924690.6464298,76.35294675827026,6.44023787676218,0.821789638948769,0.027798963856458962,0.0,0.0,5.942834481314863,False
1782924690.7451522,76.451669216156,6.449758492798328,0.8234634239762797,0.027800481650733202,0.0,0.0,5.02140738747892,False
1782924690.822243,76.52875995635986,6.453715518320691,0.8241158315435115,0.0278006589757115,0.0,0.0,4.6374737963160095,False
1782924690.9186208,76.62513780593872,6.467146385392715,0.8261381155067864,0.0277993001874462,0.0,0.0,3.3320937448934402,False
1782924690.9954073,76.70192432403564,6.471093165864659,0.8266755347747573,0.027798715755393427,0.0,0.0,2.948159317366069,False
1782924691.1050918,76.81160879135132,6.476617918516479,0.8273842017423588,0.027798135121202324,0.0,0.0,2.410652771220325,False
1782924691.2002282,76.9067451953888,6.485300213747785,0.8283947745323542,0.027798125487136494,0.0,0.0,1.5660026825610516,False
1782924691.2841482,76.99066519737244,6.493985484889624,0.8292792918992258,0.02779899062538564,0.0,0.0,0.7213530406175024,False
1782924691.3577302,77.06424713134766,6.497144813307038,0.8295696402752125,0.027799353672497112,0.0,0.0,0.414207088570961,False
1782924691.426448,77.13296508789062,6.504255604278193,0.8301618094175336,0.027799932396883786,0.0,0.0,359.72312688607457,False
1782924691.4990654,77.2055823802948,6.513741678666537,0.8308195187116267,0.0277998446636203,0.0,0.0,358.8016836951041,False
1782924691.5778167,77.2843337059021,6.517695807242652,0.8310490151381695,0.027799558517670808,0.0,0.0,358.41774882918816,False
1782924691.6551044,77.3616213798523,6.520859721901177,0.8312137194618248,0.027799282524695525,0.0,0.0,358.11060114619426,False
1782924691.7361128,77.44262981414795,6.53431126682353,0.831726082187368,0.027798483737243803,0.0,0.0,356.8052272889535,False
1782924691.8152356,77.52175259590149,6.538268690967291,0.8318188876490439,0.02779852003952827,0.0,0.0,356.42129481234304,False
1782924691.8935351,77.60005211830139,6.542226383950185,0.8318853485353559,0.027798678075301765,0.0,0.0,356.03736246711077,False
1782924691.9645011,77.67101812362671,6.549350469040327,0.8319385446602535,0.027799130218030974,0.0,0.0,355.34628385413174,False
1782924692.06577,77.77228689193726,6.559639847443585,0.8318644740531186,0.027799623645997938,0.0,0.0,354.34805693386534,False
1782924692.138156,77.8446729183197,6.563596499366557,0.8317884691594357,0.02779964492242073,0.0,0.0,353.9641228121155,False
1782924692.2155178,77.922034740448,6.566761332330262,0.8317086528163107,0.027799588148179847,0.0,0.0,353.6569753720871,False
1782924692.3110523,78.01756930351257,6.580204992482397,0.8311808660356508,0.027798979526725623,0.0,0.0,352.351599421601,False
1782924692.3869672,78.0934841632843,6.584156252232011,0.8309675342999097,0.02779883739898531,0.0,0.0,351.9676659495028,False
1782924692.4478898,78.15440678596497,6.594421807708662,0.830289316347673,0.027798820855119324,0.0,0.0,350.96944013129274,False
1782924692.5343819,78.24089884757996,6.600732532381468,0.8297832860491793,0.027799024932334934,0.0,0.0,350.3551475082337,False
1782924692.6374042,78.3439211845398,6.606249653677531,0.829285131181701,0.02779923558390575,0.0,0.0,349.8176411117456,False
1782924692.716231,78.42274808883667,6.610187456038923,0.8288976807723385,0.02779935527943935,0.0,0.0,349.4337076699333,False
1782924692.8140554,78.52057242393494,6.623554776132683,0.8273834305694486,0.02779934858862282,0.0,0.0,348.128332525343,False
1782924692.8982768,78.60479378700256,6.628263928099516,0.826776418507219,0.02779922088107377,0.0,0.0,347.6676118024297,False
1782924692.9633508,78.66986775398254,6.631400581343562,0.8263507369259868,0.02779912779939809,0.0,0.0,347.360464760697,False
1782924693.0450127,78.75152969360352,6.6376668087355934,0.8254490078313874,0.027798976328258805,0.0,0.0,346.7461710374761,False
1782924693.1246195,78.83113646507263,6.647827704404456,0.8238406883281845,0.02779895213036677,0.0,0.0,345.74794461604256,False
1782924693.205849,78.91236591339111,6.65016843850824,0.8234444327641898,0.02779898673738473,0.0,0.0,345.5175847371423,False
1782924693.2986329,79.0051498413086,6.658737047790723,0.8219111063634483,0.027799170302922244,0.0,0.0,344.6729316474417,False
1782924693.3976398,79.1041567325592,6.668833099515865,0.8199364705395538,0.027799310535444707,0.0,0.0,343.67470444077316,False
1782924693.4802563,79.1867733001709,6.672706796583579,0.8191302272982577,0.0277993054790901,0.0,0.0,343.2907706913688,False
1782924693.5780199,79.2845368385315,6.6804375508941005,0.8174399910238132,0.02779921050951787,0.0,0.0,342.52290312725523,False
1782924693.6482885,79.35480546951294,6.68968352072093,0.8152752254700276,0.027799062047111953,0.0,0.0,341.6014624110937,False
1782924693.7263122,79.43282914161682,6.693525518164785,0.814329417852233,0.027799027292791406,0.0,0.0,341.21752896337847,False
1782924693.7981224,79.50463938713074,6.699659302298097,0.8127627111755618,0.027799026297226186,0.0,0.0,340.7331565391581,False
1782924693.898132,79.60464906692505,6.708829590700724,0.81029520491319,0.027799122779679133,0.0,0.0,340.71867478223993,False
1782924693.9759564,79.6824734210968,6.713402716361545,0.8090152727691208,0.027799181278659553,0.0,0.0,340.96001425543375,False
1782924694.046577,79.753093957901,6.72253117748936,0.8063853202968085,0.02779923971281586,0.0,0.0,341.71644017457146,False
1782924694.122601,79.82911801338196,6.728608013443799,0.8045954222352198,0.027799217186142,0.0,0.0,342.3025609502341,False
1782924694.211722,79.91823887825012,6.732404077119616,0.8034676064382071,0.027799184468150183,0.0,0.0,342.67949584069845,False
1782924694.2907567,79.99727368354797,6.73771753550893,0.8018823014569433,0.027799130975607444,0.0,0.0,343.1570310431973,False
1782924694.3647478,80.07126474380493,6.748345056630662,0.7987056130918211,0.027799070172741788,0.0,0.0,343.2465932184866,False
1782924694.4434204,80.14993739128113,6.752140885398332,0.7975700567327018,0.027799075765723217,0.0,0.0,343.0533118301351,False
1782924694.521325,80.22784209251404,6.75593643554746,0.7964327993743813,0.02779909423748812,0.0,0.0,342.7797648883019,False
1782924694.6064897,80.31300663948059,6.768075167816851,0.7927668330666925,0.027799179192069104,0.0,0.0,341.66008199507024,False
1782924694.6799006,80.3864176273346,6.771864587195679,0.7916077405567041,0.02779919396617398,0.0,0.0,341.28308910232255,False
1782924694.7390027,80.44551968574524,6.774894205566344,0.7906742125725504,0.02779919765918915,0.0,0.0,340.9788940922066,False
1782924694.8038254,80.51034235954285,6.777921869283741,0.7897344287886165,0.027799194048029753,0.0,0.0,340.6734384200288,False
1782924694.881152,80.58766889572144,6.790008648920126,0.7859011587235637,0.027799135039435804,0.0,0.0,339.44687443219954,False
1782924694.9583607,80.66487765312195,6.793776554486955,0.7846754087541781,0.02779911673684737,0.0,0.0,339.0630645484384,False
1782924695.0201216,80.72663855552673,6.796787279651455,0.7836841879171866,0.02779910682243947,0.0,0.0,338.75597096510444,False
1782924695.0947711,80.80128812789917,6.806547862080413,0.7803926090653286,0.027799111748021306,0.0,0.0,337.7578070735487,False
1782924695.197393,80.90390992164612,6.813281279495114,0.7780464662777244,0.027799139122615984,0.0,0.0,337.0667383076003,False
1782924695.2875495,80.9940664768219,6.817758362821702,0.7764498256187172,0.02779915803805607,0.0,0.0,336.6060220118919,False
1782924695.3566754,81.06319236755371,6.822225395441633,0.774826158340172,0.027799171209181107,0.0,0.0,336.1453044764492,False
1782924695.428893,81.13541007041931,6.832606826249353,0.7709284406394348,0.027799167071029494,0.0,0.0,335.0702948354681,True
1782924695.507205,81.21372199058533,6.836299551459459,0.7694982196428214,0.02779915607971839,0.0,0.0,334.6863624787096,False
1782924695.5865571,81.29307413101196,6.839984823866084,0.7680470265322898,0.02779914308475186,0.0,0.0,334.3118185780188,False
1782924695.6488426,81.35535955429077,6.851079382913733,0.7635279340427662,0.02779906246762592,0.0,0.0,334.012207059536,False
1782924695.7083673,81.41488432884216,6.8540477500212855,0.7622836878280342,0.02779903577575101,0.0,0.0,334.1009816768506,False
1782924695.795381,81.50189805030823,6.857770349755996,0.760705165327903,0.027798998068530548,0.0,0.0,334.26750494878235,False
1782924695.87289,81.57940697669983,6.861496402753881,0.7591080859478933,0.027798964763652564,0.0,0.0,334.4543479619541,False
1782924695.9459684,81.65248537063599,6.873366787511912,0.7539367744475978,0.02779897785504569,0.0,0.0,335.0397724626212,False
1782924696.0226939,81.72921085357666,6.877060051939755,0.7523090513388679,0.02779902080076433,0.0,0.0,335.2149987768285,False
1782924696.1025176,81.80903458595276,6.880748170562614,0.7506775880852177,0.027799073325793507,0.0,0.0,335.3843915801005,False
1782924696.2090843,81.91560125350952,6.890379905696078,0.746398413185973,0.027799153189779314,0.0,0.0,335.8820678242472,False
1782924696.2902012,81.99671816825867,6.89855499019536,0.7427606413496652,0.027799117356410462,0.0,0.0,336.3284433441909,False
1782924696.3674955,82.07401251792908,6.903002867924284,0.7407843017021459,0.02779907737587093,0.0,0.0,336.4214390317803,False
1782924696.4491897,82.15570664405823,6.906696011466205,0.7391456809623749,0.027799050029644133,0.0,0.0,336.3589175532955,False
1782924696.546213,82.25272989273071,6.919183603692859,0.7336092669934788,0.027799070043084212,0.0,0.0,335.467474709262,False
1782924696.6351862,82.34170317649841,6.923569728513636,0.7316582144994592,0.02779911598073697,0.0,0.0,335.03707774850056,False
1782924696.7303364,82.43685340881348,6.927945595368159,0.7297034072180694,0.027799164716840647,0.0,0.0,334.5897499429838,False
1782924696.8491678,82.55568480491638,6.941011715612973,0.7237879308726162,0.027799212538610955,0.0,0.0,333.2170639148282,False
1782924696.9351017,82.6416187286377,6.945346043813586,0.721790902817322,0.0277991859635449,0.0,0.0,332.75682035882267,False
1782924697.0551693,82.76168632507324,6.958281631737434,0.71569652946959,0.027799088338610067,0.0,0.0,331.3750002561798,False
1782924697.1772857,82.88380265235901,6.962569739416996,0.7136254027453586,0.027799080910565228,0.0,0.0,330.91429941886645,False
1782924697.2797208,82.98623776435852,6.97110779216837,0.7094159407231025,0.02779911528463403,0.0,0.0,329.99287435429534,False
1782924697.3830762,83.08959317207336,6.9795920452338125,0.7051101118980136,0.02779917091742256,0.0,0.0,329.07144003367495,False
1782924697.4638078,83.17032480239868,6.985216597163876,0.7021827115082621,0.027799189211912267,0.0,0.0,328.4571489793084,False
1782924697.5499332,83.25645017623901,6.996435907833391,0.6961544241587018,0.02779912482782691,0.0,0.0,327.7700460047066,False
1782924697.6404757,83.34699273109436,7.00064406289724,0.693829598110196,0.02779907284943291,0.0,0.0,327.8529770095344,False
1782924697.7239466,83.43046355247498,7.004140661512149,0.6918758986208223,0.027799036350312598,0.0,0.0,328.0390960764558,False
1782924697.8157728,83.5222897529602,7.015375079310028,0.6854920661668275,0.027798951719090147,0.0,0.0,328.9672313716342,False
1782924697.8970249,83.6035418510437,7.018896932455666,0.6834687530794877,0.027798949821648135,0.0,0.0,329.3016388458503,False
1782924697.9694011,83.6759181022644,7.0245445395688675,0.680214000628313,0.027798969719777307,0.0,0.0,329.8409187067462,False
1782924698.0805945,83.78711152076721,7.035205817341155,0.674068154544721,0.027799009562794855,0.0,0.0,330.78958504684255,False
1782924698.1963103,83.90282726287842,7.039481571381324,0.6716125408776271,0.027799017716263377,0.0,0.0,331.04372885266827,False
1782924698.2860396,83.99255657196045,7.047965091525897,0.6667637842095145,0.027799074430045544,0.0,0.0,330.9559719096967,False
1782924698.3821626,84.08867955207825,7.056384462012415,0.6619732567742423,0.027799159125617538,0.0,0.0,330.30923685824797,False
1782924698.4748142,84.18133115768433,7.059877508122078,0.6599864488282936,0.02779918931551168,0.0,0.0,329.96259000825194,False
1782924698.5630255,84.26954245567322,7.07238502713082,0.652836673425424,0.027799194687487885,0.0,0.0,328.61555023245637,False
1782924698.6432233,84.34974026679993,7.07584068048381,0.650843232348238,0.02779916890946802,0.0,0.0,328.2331963331297,False
1782924698.7538946,84.4604115486145,7.079976494451098,0.6484426850393036,0.027799133484576077,0.0,0.0,327.77336494037104,False
1782924698.8483846,84.55490159988403,7.092308677899272,0.641164163085759,0.027799084666049082,0.0,0.0,326.39183430710995,False
1782924698.9457557,84.65227270126343,7.096392868294018,0.6387060567999866,0.027799099692475678,0.0,0.0,325.93114823836714,False
1782924699.0379846,84.74450159072876,7.101816544717683,0.6353995415945434,0.02779913423037684,0.0,0.0,325.4933912955142,False
1782924699.1096432,84.81616020202637,7.11192170199292,0.6291113289831423,0.02779918430213907,0.0,0.0,325.6554138702445,False
1782924699.208281,84.91479802131653,7.1152772224644645,0.6269921459120622,0.02779918349158376,0.0,0.0,325.9121947615426,False
1782924699.2857873,84.99230432510376,7.120669255339349,0.6235628630308654,0.027799141494973107,0.0,0.0,326.40159490146976,False
1782924699.393089,85.09960603713989,7.1314512166983635,0.6166616575665166,0.027799045902766863,0.0,0.0,327.5467362949909,False
1782924699.4636366,85.17015361785889,7.134138954247711,0.6149402033177266,0.027799043952460342,0.0,0.0,327.8494175493923,False
1782924699.5724103,85.27892732620239,7.137496951089653,0.6127924200551126,0.02779905641898483,0.0,0.0,328.23034265735373,False
1782924699.6694722,85.37598919868469,7.146900987390829,0.6068122049798584,0.027799145349759757,0.0,0.0,329.3027909610552,False
1782924699.7864301,85.49294710159302,7.154304330950744,0.6021602879676429,0.02779920120390786,0.0,0.0,330.1471067415434,False
1782924699.8887746,85.59529161453247,7.163160817240908,0.5966878395933075,0.027799138197103754,0.0,0.0,331.0693487238579,False
1782924699.9519498,85.65846681594849,7.1693888178917575,0.592909900330249,0.02779902169331821,0.0,0.0,331.67945424335704,False
1782924700.032483,85.73900008201599,7.172868446075242,0.590825337005918,0.027798964070604133,0.0,0.0,332.0347340607034,False
1782924700.1368134,85.84333038330078,7.181251161556283,0.5858831819886318,0.027798923581597426,0.0,0.0,332.6175966855564,False
1782924700.230645,85.93716192245483,7.188921801161074,0.5814530872570073,0.027799047876554534,0.0,0.0,332.4649982942081,False
1782924700.3241923,86.0307092666626,7.193102593137607,0.5790692747489571,0.027799146280386988,0.0,0.0,332.1716607027587,False
1782924700.4000256,86.10654258728027,7.204241374899235,0.5727841079356601,0.027799304062808314,0.0,0.0,331.07560683144834,False
1782924700.4840329,86.19054985046387,7.20841266011542,0.5704418161153021,0.027799284277313808,0.0,0.0,330.6245561284805,False
1782924700.5584173,86.26493430137634,7.211885305216058,0.568491552771941,0.027799238369247636,0.0,0.0,330.2443487257204,False
1782924700.6210525,86.3275694847107,7.215365840314272,0.566533996870545,0.027799169336811792,0.0,0.0,329.8766292528917,False
1782924700.694253,86.40076994895935,7.225919891514536,0.5605591803747813,0.027798908450771015,0.0,0.0,328.88570928780854,False
1782924700.757444,86.46396088600159,7.228737921951677,0.5589505692502501,0.02779887198737632,0.0,0.0,328.7322458075857,False
1782924700.8358557,86.54237270355225,7.232245390527215,0.5569397754740802,0.02779886929578077,0.0,0.0,328.669778387147,False
1782924700.89696,86.60347700119019,7.237827558881361,0.5537208251214792,0.027798954847103,0.0,0.0,328.8277325172926,False
1782924700.9640422,86.67055916786194,7.245458483411392,0.549292730072579,0.027799167031076186,0.0,0.0,329.4238603674962,False
1782924701.0543168,86.76083374023438,7.2496062680299325,0.5468793513881336,0.02779926835543652,0.0,0.0,329.8396678884472,False
1782924701.1331654,86.83968234062195,7.253057860924486,0.5448712076180863,0.027799319421116023,0.0,0.0,330.2058565851413,False
1782924701.2112002,86.91771721839905,7.264780935995621,0.5380811716879201,0.027799220626056696,0.0,0.0,331.14425185017024,False
1782924701.2903864,86.99690341949463,7.268229397127101,0.536098107193192,0.0277991445649803,0.0,0.0,331.13369498618334,False
1782924701.3670726,87.07358956336975,7.271678667430738,0.5341209008801705,0.02779907339816581,0.0,0.0,331.0026375155361,False
1782924701.4297206,87.13623762130737,7.274451381117176,0.5325353964212794,0.027799020802657236,0.0,0.0,330.8451741031456,False
1782924701.508636,87.2151529788971,7.285703782828283,0.5261174249595114,0.027798887599168126,0.0,0.0,330.0463962394555,False
1782924701.585948,87.29246497154236,7.289250895749235,0.524093172583057,0.027798887465219222,0.0,0.0,329.7886642898438,False
1782924701.6488483,87.35536527633667,7.2920808201938305,0.5224759925855922,0.02779890983580239,0.0,0.0,329.61004762278924,False
1782924701.7111728,87.41768980026245,7.298435525359231,0.5188340936621791,0.027799002837928452,0.0,0.0,329.334341818491,False
1782924701.7919762,87.49849319458008,7.306221524082823,0.5143481889693198,0.027799096587579813,0.0,0.0,329.24630559169657,False
1782924701.8660994,87.57261633872986,7.309748658546044,0.5123080774989656,0.027799124347850496,0.0,0.0,329.3415882524127,False
1782924701.927862,87.6343789100647,7.312558456572325,0.5106801919125841,0.02779914148237772,0.0,0.0,329.4962637583987,False
1782924702.013022,87.71953892707825,7.323722941904921,0.5042056347630557,0.027799157291700738,0.0,0.0,330.50587929462296,False
1782924702.0849109,87.79142785072327,7.327196062206684,0.502196295376123,0.027799149406314193,0.0,0.0,330.87496594999783,False
1782924702.1476383,87.85415530204773,7.329971670139192,0.5005945495535042,0.027799141385936827,0.0,0.0,331.17576257470205,False
1782924702.2121909,87.91870784759521,7.332749573705937,0.49899625380003393,0.02779913070359022,0.0,0.0,331.4734086603285,True
1782924702.3232508,88.02976775169373,7.344736500925613,0.4921774323561564,0.02779899179997602,0.0,0.0,332.5776541512581,False
1782924702.402108,88.10862493515015,7.34828068156449,0.4901885737713085,0.027798964353176466,0.0,0.0,332.9209552613153,False
1782924702.4792802,88.18579721450806,7.351110189309535,0.48861051916314135,0.027798961538500526,0.0,0.0,333.21038807035376,False
1782924702.5741696,88.28068661689758,7.358170440973439,0.48471500603627643,0.027799023843489673,0.0,0.0,333.9601432496423,False
1782924702.6645818,88.37109875679016,7.3673414180179675,0.47975654279412383,0.027799171980459166,0.0,0.0,334.9533396016852,False
1782924702.7603743,88.46689128875732,7.372991385187803,0.4767655369181909,0.02779923187108219,0.0,0.0,335.5669736502332,False
1782924702.8838878,88.59040474891663,7.385035565216548,0.47056756264391053,0.027799186577598018,0.0,0.0,336.8720533880031,False
1782924702.9775846,88.68410158157349,7.38930291933574,0.46843291977333285,0.027799137850759638,0.0,0.0,337.3327551687854,False
1782924703.0563266,88.7628436088562,7.400130488824069,0.46317514233804774,0.027798994420453367,0.0,0.0,338.39562027307136,False
1782924703.1492324,88.8557493686676,7.404521622990219,0.4611071589160328,0.027798957644605323,0.0,0.0,338.7521821596169,False
1782924703.2511468,88.95766377449036,7.41037407573068,0.45840292474032535,0.02779897403200363,0.0,0.0,338.88973980438726,False
1782924703.3386853,89.04520225524902,7.420627470258854,0.45379071278247557,0.027799118267869665,0.0,0.0,338.40927352469686,False
1782924703.42911,89.1356270313263,7.42505030597567,0.45184023531233614,0.027799167060393117,0.0,0.0,338.03175352907573,False
1782924703.5344012,89.24091815948486,7.4369238626473075,0.4466687926455859,0.02779913139334002,0.0,0.0,336.91346754551773,False
1782924703.612483,89.31900000572205,7.441402304368141,0.44472886788463184,0.02779906387632621,0.0,0.0,336.49147663304745,False
1782924703.6963742,89.40289115905762,7.444398516237243,0.44343077230376027,0.02779901135466041,0.0,0.0,336.228037941708,False
1782924703.769589,89.47610592842102,7.452602058728995,0.43986748032835377,0.027798934709179168,0.0,0.0,335.66006266078693,False
1782924703.849698,89.5562150478363,7.460007408509878,0.436630923626358,0.027798990366752534,0.0,0.0,335.2764306880603,False
1782924703.9485545,89.6550714969635,7.464437089681741,0.43468289426636064,0.02779906227036939,0.0,0.0,335.1123301166554,False
1782924704.0271857,89.73370265960693,7.47695717972028,0.4291264479432764,0.02779922262623742,0.0,0.0,335.39254353893176,False
1782924704.1012886,89.80780553817749,7.480617470826185,0.42749207774510395,0.027799233510550064,0.0,0.0,335.68068827897673,False
1782924704.1659274,89.87244439125061,7.4835407752754,0.4261856614678644,0.027799226772672405,0.0,0.0,335.94429718536884,False
1782924704.29158,89.99809694290161,7.49754607771301,0.41994522446784927,0.027799004950596527,0.0,0.0,337.0454959330045,False
1782924704.3691297,90.07564663887024,7.501254003085369,0.4183048132578515,0.02779894757170482,0.0,0.0,337.2050800817199,False
1782924704.4303637,90.13688063621521,7.504212588311332,0.4170003997195215,0.02779892548507772,0.0,0.0,337.233212410062,False
1782924704.5141559,90.22067284584045,7.507902721019679,0.41537882032509466,0.027798930522204165,0.0,0.0,337.1561549682247,False
1782924704.5920064,90.29852342605591,7.519664376116947,0.41023611566191276,0.027799130186322688,0.0,0.0,336.3180987735999,False
1782924704.6697345,90.3762514591217,7.523327565076256,0.4086360822066257,0.027799205345244733,0.0,0.0,336.1321745939861,False
1782924704.7627678,90.46928477287292,7.527716558671405,0.406716869500639,0.02779927015612072,0.0,0.0,336.09460576996923,False
1782924704.837485,90.54400205612183,7.5393938019457885,0.4016038791371109,0.027799237721826946,0.0,0.0,336.75678559755306,False
1782924704.9007995,90.60731649398804,7.542309644719361,0.40032910486544127,0.027799193119154263,0.0,0.0,337.0240680798702,False
1782924704.979976,90.68649291992188,7.54595395388662,0.39873944298895786,0.02779913260233548,0.0,0.0,337.3803158062139,False
1782924705.045171,90.75168800354004,7.550327604380056,0.39683919910129234,0.027799069250990936,0.0,0.0,337.8251598924892,False
1782924705.1204433,90.82696032524109,7.5605423699893715,0.39244858046607056,0.027799035090913686,0.0,0.0,338.88966281454054,False
1782924705.1966667,90.90318369865417,7.564195922066182,0.39089903063747367,0.027799064742984735,0.0,0.0,339.2679207538521,False
1782924705.2904809,90.99699783325195,7.568584531850975,0.38905501892213196,0.027799117093055718,0.0,0.0,339.6208958862601,False
1782924705.352127,91.05864405632019,7.579581953413298,0.38451958948607795,0.02779922546919453,0.0,0.0,339.65756247540594,False
1782924705.4168513,91.12336826324463,7.582520405509011,0.38332598517685385,0.027799231319184787,0.0,0.0,339.4908234128324,False
1782924705.4935417,91.20005869865417,7.586196087822951,0.3818410243796029,0.027799222169684574,0.0,0.0,339.21368273520164,False
1782924705.5542579,91.26077485084534,7.589138267543432,0.3806574420503776,0.02779920371213267,0.0,0.0,338.95548441730466,False
1782924705.6190007,91.32551765441895,7.600177294090911,0.3762350577966551,0.02779910480669886,0.0,0.0,337.8642402657099,False
1782924705.696169,91.40268588066101,7.603856573562217,0.37476028219239665,0.02779908339846937,0.0,0.0,337.49474532924717,False
1782924705.7611465,91.46766352653503,7.606799040448496,0.3735781960799392,0.027799075898458928,0.0,0.0,337.3095127142484,False
1782924705.847839,91.55435609817505,7.610475606942847,0.37209696654175156,0.027799079258371613,0.0,0.0,337.21603445032963,False
1782924705.9171987,91.62371563911438,7.622964860847341,0.36703422822759163,0.027799155924031337,0.0,0.0,337.7666435778342,False
1782924705.9960415,91.70255851745605,7.626636715697573,0.365541704472501,0.027799177471233904,0.0,0.0,338.0908449898497,False
1782924706.0887287,91.79524564743042,7.630309026549963,0.3640503307081141,0.027799190350926078,0.0,0.0,338.4436872436172,False
1782924706.15487,91.86138701438904,7.634717316994107,0.3622644957875429,0.027799191884892445,0.0,0.0,338.88652855186774,False
1782924706.2279067,91.93442368507385,7.645065004067723,0.3581092315053069,0.027799118888450398,0.0,0.0,339.7063666525689,False
1782924706.3220434,92.02856040000916,7.649553008295155,0.35632835226536835,0.02779905488668497,0.0,0.0,339.83061308993337,False
1782924706.398877,92.10539388656616,7.653289278322062,0.3548550804663397,0.02779901495430928,0.0,0.0,339.79854189136915,False
1782924706.4684637,92.17498064041138,7.662980974352165,0.35106458799486423,0.027799007501746204,0.0,0.0,339.2270733285605,False
1782924706.5743263,92.28084325790405,7.669674916003377,0.3484600473036172,0.027799078799885118,0.0,0.0,338.61293453186454,False
1782924706.651119,92.35763597488403,7.677098385095918,0.34556865820655647,0.027799178482710185,0.0,0.0,338.2229504279565,False
1782924706.7253664,92.43188333511353,7.685988841991027,0.34209272093883014,0.027799237374841322,0.0,0.0,338.46354015968257,False
1782924706.8050714,92.51158833503723,7.6896893510975675,0.34064367028530257,0.027799230627262222,0.0,0.0,338.7283222701493,False
1782924706.8849084,92.59142541885376,7.693388709781497,0.33919589138561823,0.02779920791408647,0.0,0.0,339.0472026670484,False
1782924706.9527318,92.65924882888794,7.702267033479463,0.3357350421983433,0.027799124557742846,0.0,0.0,339.9130701204574,False
1782924707.0220757,92.72859263420105,7.708189639434012,0.3334463962442351,0.02779908340908979,0.0,0.0,340.518491472102,False
1782924707.107378,92.81389498710632,7.71189417698251,0.3320265295825541,0.027799074402794263,0.0,0.0,340.9002474003926,False
1782924707.1986022,92.90511918067932,7.71560162096006,0.3306162893460851,0.027799079608845645,0.0,0.0,341.28309598815827,False
1782924707.273247,92.97976398468018,7.726746032210305,0.3264546752598032,0.027799148960494385,0.0,0.0,342.43394972229135,False
1782924707.3483617,93.05487871170044,7.731960212614252,0.3245536730388338,0.02779918020174411,0.0,0.0,342.9713710181902,False
1782924707.4305,93.13701701164246,7.735690540042668,0.3232137620486157,0.02779919217407732,0.0,0.0,343.35527729566905,False
1782924707.5008435,93.20736050605774,7.744664965164121,0.32006406654532404,0.02779917868742245,0.0,0.0,344.27669263241836,False
1782924707.5931382,93.2996551990509,7.751417022822612,0.3177675302235646,0.02779914400934642,0.0,0.0,344.9677663256061,False
1782924707.6958318,93.40234875679016,7.75668714135314,0.316021441334117,0.027799115859504092,0.0,0.0,345.5045506961724,False
1782924707.7632627,93.46977972984314,7.767800673245371,0.3125106704277618,0.027798776904290688,0.0,0.0,346.52931946570493,False
1782924707.8327832,93.53930020332336,7.77279014052832,0.3110066451647323,0.027798544527857794,0.0,0.0,346.95901020368234,False
1782924707.9284697,93.63498663902283,7.777876879938593,0.3095154260581245,0.02779832245417087,0.0,0.0,347.3875466900071,False
1782924708.0015924,93.7081093788147,7.787389187842878,0.3068350962849425,0.027798082786594295,0.0,0.0,348.1731889232271,False
1782924708.0702069,93.77672386169434,7.795306071614385,0.304708025825176,0.02779810956202465,0.0,0.0,348.81630332238404,False
1782924708.130789,93.83730602264404,7.798874727840608,0.3037805523039202,0.027798158298497914,0.0,0.0,349.0997759065342,False
1782924708.2177508,93.92426776885986,7.803400003928771,0.30263342103061364,0.02779820805726563,0.0,0.0,349.45013445037154,False
1782924708.2903657,93.99688267707825,7.818303189461793,0.2990743474889654,0.02779809679396898,0.0,0.0,350.5543242141921,False
1782924708.368059,94.0745759010315,7.823111474834181,0.2979968747226209,0.027797934960422276,0.0,0.0,350.8913539918685,False
1782924708.4524276,94.158944606781,7.828012718712121,0.2969340193306984,0.027797706043228804,0.0,0.0,351.223181316216,False
1782924708.533189,94.23970603942871,7.845179204159297,0.2934703646996992,0.027796905030973873,0.0,0.0,352.33608310607985,False
1782924708.617422,94.32393908500671,7.851368746840461,0.29231398120162366,0.0277967762728817,0.0,0.0,352.72679467468856,False
1782924708.691722,94.39823889732361,7.856566860240279,0.2913790592739592,0.02779675556685178,0.0,0.0,353.0517071162695,True
1782924708.7714767,94.47799372673035,7.861796068811294,0.29047122225498284,0.02779680335842419,0.0,0.0,353.37616160814423,False
1782924708.8466475,94.5531644821167,7.879741131546663,0.2875973419957834,0.02779717075358302,0.0,0.0,354.47840740903786,False
1782924708.9096792,94.6161961555481,7.883990600180052,0.2869703398755611,0.027797229897278612,0.0,0.0,354.7377436184433,False
1782924708.973315,94.67983198165894,7.888246648299282,0.2863625187843323,0.027797261531057566,0.0,0.0,354.9972206361777,False
1782924709.0351048,94.74162173271179,7.89250757157836,0.28577404125915595,0.02779726477196012,0.0,0.0,355.25690820993844,False
1782924709.1136913,94.82020831108093,7.910650416623822,0.2834904388297262,0.027797073360766287,0.0,0.0,356.362691647604,False
1782924709.1903768,94.89689373970032,7.9159935728037745,0.28288598789990477,0.027797011829234962,0.0,0.0,356.6883750613367,False
1782924709.2720957,94.9786126613617,7.920269026809226,0.2824244800145504,0.027796979250415767,0.0,0.0,356.94911679801305,False
1782924709.3468182,95.05333518981934,7.925662258924638,0.2818727352750124,0.027796914113332714,0.0,0.0,357.269512464414,False
1782924709.425042,95.13155889511108,7.94443180130333,0.28021080371781465,0.02779644633674063,0.0,0.0,358.3268025932715,False
1782924709.5037973,95.21031427383423,7.950036622235475,0.279788111018347,0.02779629935014684,0.0,0.0,358.6343410550247,False
1782924709.5982666,95.30478358268738,7.956797285787909,0.2793215303892872,0.027796156420503794,0.0,0.0,359.0025084261579,False
1782924709.6742952,95.38081216812134,7.974963058262703,0.2782962396460415,0.027796055537860014,0.0,0.0,359.98140132802047,False
1782924709.7518458,95.45836281776428,7.980703866960954,0.2780415450268016,0.027796058028724688,0.0,0.0,0.2826183214145956,False
1782924709.8316643,95.53818130493164,7.98634412245198,0.2778173446360896,0.02779620907589679,0.0,0.0,0.5984362159293202,False
1782924709.9049094,95.61142635345459,7.993748905156365,0.27754840140656206,0.02779704051213345,0.0,0.0,1.0914491727961646,False
1782924709.9734292,95.67994618415833,8.006440746236203,0.27717411188912977,0.02779932232297782,0.0,0.0,2.0664389723571777,False
1782924710.0664923,95.77300930023193,8.011063259961801,0.27707113760797475,0.02780000379693469,0.0,0.0,2.4480709064804267,False
1782924710.1409028,95.84741973876953,8.015579873014161,0.27699042546596464,0.027800402909244983,0.0,0.0,2.8308570501392634,False
1782924710.218438,95.92495489120483,8.026087821420989,0.2768872428942745,0.027800102167392683,0.0,0.0,3.751375123911599,False
1782924710.3005846,96.00710153579712,8.032898784452428,0.276889890727544,0.027799257780797896,0.0,0.0,4.365527160826077,False
1782924710.4127588,96.11927580833435,8.042085799080148,0.27698832814561386,0.02779822278093641,0.0,0.0,5.210125915964524,False
1782924710.499907,96.20642399787903,8.05275514774974,0.27724908505935864,0.02779820687122651,0.0,0.0,6.208335927460662,False
1782924710.5809731,96.28749012947083,8.056007717087976,0.27736136442883474,0.027798466809943728,0.0,0.0,6.515480022700144,False
1782924710.6717043,96.37822127342224,8.06167290736281,0.2775946695248613,0.02779905674236612,0.0,0.0,7.052983697609107,False
1782924710.752057,96.45857405662537,8.073722265945706,0.27825459928827145,0.027799935617707144,0.0,0.0,8.204783079145031,False
1782924710.826286,96.53280305862427,8.077717169604481,0.2785236802580183,0.027799920237075462,0.0,0.0,8.588717514573409,False
1782924710.9309852,96.63750219345093,8.082499535436751,0.27887933204168935,0.0277997002024935,0.0,0.0,9.049439125672409,False
1782924711.0361357,96.74265265464783,8.096784080238008,0.2801627377144737,0.027798661133781277,0.0,0.0,10.431601596034428,False
1782924711.111062,96.8175790309906,8.100737760564911,0.2805773176951554,0.02779853646136231,0.0,0.0,10.81553448543029,False
1782924711.2251198,96.93163681030273,8.109416772161998,0.28157893125973416,0.027798702926606435,0.0,0.0,11.660185841146621,False
1782924711.3421237,97.04864072799683,8.121212252381353,0.28314412514770204,0.027799394407215645,0.0,0.0,12.811984137341822,False
1782924711.4342995,97.14081645011902,8.12591811006481,0.28383484726643815,0.027799570262660923,0.0,0.0,13.27270443625332,False
1782924711.5501075,97.25662446022034,8.139213044796689,0.2859930333739077,0.027799358037357162,0.0,0.0,14.57808048909221,False
1782924711.6407685,97.3472855091095,8.143891550756443,0.2868258120765366,0.027799134688886836,0.0,0.0,15.038801302454159,False
1782924711.7088754,97.41539239883423,8.151672413559686,0.2882962026144681,0.02779884216798874,0.0,0.0,15.806668398562778,False
1782924711.796532,97.50304889678955,8.16020638116014,0.2900325926119689,0.027798825844151758,0.0,0.0,16.651321027539574,False
1782924711.8802736,97.58679056167603,8.16407645299114,0.2908630287019643,0.027798923493799046,0.0,0.0,17.035253902784564,False
1782924711.950358,97.65687489509583,8.169484744146995,0.2920688230333501,0.027799115102517907,0.0,0.0,17.57276009385206,False
1782924712.032589,97.73910593986511,8.180265499808332,0.2946313306315266,0.02779940306976212,0.0,0.0,18.647773744210895,False
1782924712.11653,97.82304692268372,8.184103691589712,0.29559519181994043,0.027799411862036515,0.0,0.0,19.03170758285496,False
1782924712.206804,97.913321018219,8.189466023257456,0.2969875522456868,0.027799336390672537,0.0,0.0,19.56921509797409,False
1782924712.2816317,97.98814868927002,8.200911067728535,0.3001395160023016,0.027799034843952696,0.0,0.0,20.721016429734544,False
1782924712.360651,98.06716799736023,8.204711656655384,0.3012410428785564,0.02779896737115306,0.0,0.0,21.104949877035168,False
1782924712.4576366,98.16415357589722,8.208504758299847,0.30236793688659735,0.027798940565253023,0.0,0.0,21.488883169047217,False
1782924712.535924,98.24244093894958,8.219837484194716,0.3059003725628244,0.027799084582190475,0.0,0.0,22.640682718574592,False
1782924712.6071036,98.31362056732178,8.225101259077572,0.30762647913145785,0.027799197008311134,0.0,0.0,23.178189371767886,False
1782924712.673763,98.38028001785278,8.228101782484323,0.30863493132196756,0.027799249378808115,0.0,0.0,23.48533615000605,False
1782924712.7783751,98.48489212989807,8.232592321372538,0.3101776821722991,0.027799295343688406,0.0,0.0,23.946056477735358,False
1782924712.8501139,98.55663084983826,8.240792672674745,0.31309839779883936,0.027799261346651994,0.0,0.0,24.298773189309433,False
1782924712.9604619,98.66697883605957,8.249694998608408,0.31640722547362726,0.027799120632272068,0.0,0.0,23.97321257798548,False
1782924713.0447001,98.75121712684631,8.254132556974675,0.3181002862779652,0.027799059518282418,0.0,0.0,23.62473344460767,False
1782924713.14884,98.8553569316864,8.265937893593591,0.32269859024012604,0.027799052100622685,0.0,0.0,22.480481928660712,False
1782924713.2346406,98.941157579422,8.270430474136488,0.32447082979911157,0.027799057011362014,0.0,0.0,22.105993175551614,False
1782924713.3169115,99.023428440094,8.274324950283004,0.32601297385545797,0.027798969507311123,0.0,0.0,21.959525253442465,False
1782924713.4196677,99.12618470191956,8.28739843709904,0.3312061371216248,0.02779881082908658,0.0,0.0,22.37362081871187,False
1782924713.5131345,99.21965146064758,8.291944531592263,0.3330209338640147,0.02779884492547665,0.0,0.0,22.747473762711838,False
1782924713.6121106,99.31862759590149,8.299465075249845,0.3360428459096386,0.027799004524214133,0.0,0.0,23.461875826627256,False
1782924713.689357,99.3958740234375,8.309157003459637,0.33999169594590284,0.027799253450639806,0.0,0.0,24.444780597867766,False
1782924713.7836182,99.4901351928711,8.313623995965532,0.341839891598172,0.027799299934710565,0.0,0.0,24.901154907230996,False
1782924713.8540628,99.56057977676392,8.319637616309768,0.3443644421704649,0.027799223202328333,0.0,0.0,25.5033466795456,False
1782924713.9358604,99.6423773765564,8.32871302647682,0.34825936258429646,0.027798936070080126,0.0,0.0,26.406431941033457,False
1782924714.0150783,99.721595287323,8.332454651853114,0.3498947299489566,0.027798854992029477,0.0,0.0,26.787769900548074,False
1782924714.108829,99.81534600257874,8.33986800968443,0.35319137926356664,0.02779884955426177,0.0,0.0,27.553701263508415,False
1782924714.1899714,99.89648842811584,8.34865996627178,0.35720817334826227,0.027799073861852056,0.0,0.0,28.474621922906834,False
1782924714.262682,99.96919894218445,8.352294099019598,0.35890529545340194,0.027799186881620072,0.0,0.0,28.858494317115486,False
1782924714.3408806,100.04739761352539,8.35603183198672,0.3606840183156361,0.027799199769098004,0.0,0.0,29.226267061687327,False
1782924714.4215426,100.12805962562561,8.36965395965398,0.36744400102482927,0.02779831633669279,0.0,0.0,30.417836141484337,False
1782924714.5229082,100.22942519187927,8.374295277753284,0.3698101957957398,0.027798217894627695,0.0,0.0,30.86909244338788,False
1782924714.6260538,100.3325707912445,8.379598374365864,0.3725554956110109,0.027798356230709805,0.0,0.0,31.40207433816429,False
1782924714.7048123,100.41132926940918,8.39137378270084,0.3788288099474516,0.027799264325929097,0.0,0.0,32.62821793332009,False
1782924714.7838252,100.49034214019775,8.394975381278694,0.38080077227996123,0.027799508291289715,0.0,0.0,33.01200387918057,False
1782924714.854828,100.56134486198425,8.39854622545573,0.38278219239925304,0.027799652035594397,0.0,0.0,33.3958641237223,False
1782924714.9186423,100.62515926361084,8.406314441628219,0.38718803977581967,0.027799555378911094,0.0,0.0,34.23953754058304,False
1782924714.9953496,100.7018666267395,8.41259433027612,0.39084998160307927,0.02779918453139834,0.0,0.0,34.900344633919204,False
1782924715.0579822,100.76449918746948,8.415363061487664,0.39249366715707806,0.027799008253418193,0.0,0.0,35.05943663516976,False
1782924715.1222217,100.82873868942261,8.418118419822028,0.3941469282906551,0.02779885849485553,0.0,0.0,35.12430852807701,False
1782924715.1903808,100.89689779281616,8.422911320097832,0.39706237138870654,0.027798710367090352,0.0,0.0,35.04285430181764,False
1782924715.2619832,100.9685001373291,8.432408893209914,0.4029652772597179,0.027798914232201932,0.0,0.0,34.321180890512245,False
1782924715.3411107,101.04762768745422,8.435779815768484,0.4050908446719391,0.027799086636129375,0.0,0.0,33.973018693463665,True
1782924715.4228098,101.12932682037354,8.439275400822725,0.40731106977119,0.02779916466960984,0.0,0.0,33.6434576746872,False
1782924715.4921615,101.19867849349976,8.44810697053,0.41298336693279625,0.027798271942226907,0.0,0.0,33.30562325011005,False
1782924715.5629294,101.26944637298584,8.455401057157406,0.4176897165733446,0.027797361180585674,0.0,0.0,33.42515407863551,False
1782924715.642239,101.3487560749054,8.459461006539541,0.4203170922041197,0.027796930925269546,0.0,0.0,33.61689472302789,False
1782924715.7154481,101.4219651222229,8.463559641376618,0.4229772147976076,0.02779660447173132,0.0,0.0,33.86587691552059,False
1782924715.7984686,101.50498557090759,8.47696508326321,0.4317551537800174,0.027796700204171045,0.0,0.0,34.83581056100384,False
1782924715.892968,101.59948492050171,8.482129392662484,0.43517968621774633,0.02779706195345306,0.0,0.0,35.21718278842067,False
1782924715.9683042,101.67482113838196,8.486530759374162,0.438122629661417,0.02779730159975765,0.0,0.0,35.52904896089078,False
1782924716.043013,101.74953007698059,8.494716288113692,0.44366207365470195,0.02779725834695103,0.0,0.0,36.06975148556892,False
1782924716.1365724,101.84308934211731,8.507101103967313,0.4522165963926053,0.027795854855948682,0.0,0.0,36.80579880853642,False
1782924716.220281,101.92679786682129,8.512120756649173,0.4557487403683462,0.027794871261487813,0.0,0.0,37.06195070361137,False
1782924716.2942295,102.00074648857117,8.529146134692036,0.46799622573276994,0.027791121094587794,0.0,0.0,37.78158425153719,False
1782924716.3776796,102.0841965675354,8.534533802331593,0.47194458180903653,0.02779050496107423,0.0,0.0,38.00743957892609,False
1782924716.4637392,102.1702561378479,8.541009537557631,0.47673525001722095,0.02779030244977101,0.0,0.0,38.2790149893337,False
1782924716.5321126,102.23862957954407,8.546448527165177,0.4807984243857509,0.027790464838744488,0.0,0.0,38.49922726848784,False
1782924716.610887,102.31740403175354,8.562988210285544,0.4933720571513488,0.027791650206716277,0.0,0.0,39.09294426980676,False
1782924716.7025814,102.40909838676453,8.56935896394254,0.4982871426397092,0.02779269425412841,0.0,0.0,39.19331228851806,False
1782924716.7955906,102.50210762023926,8.575438427709209,0.5030063822444703,0.02779420113915081,0.0,0.0,39.17011321422101,False
1782924716.8745584,102.58107542991638,8.58302488459771,0.5089256376473443,0.027796780185032788,0.0,0.0,38.93080286666058,False
1782924716.9664445,102.67296147346497,8.594972009358749,0.518286690481717,0.027800894555372532,0.0,0.0,38.09898887454098,False
1782924717.0415783,102.74809527397156,8.598918767409906,0.5213817439047839,0.027801567028069574,0.0,0.0,37.742027376627945,False
1782924717.11023,102.81674695014954,8.60347705264611,0.5249528175163842,0.02780161558994257,0.0,0.0,37.29676478098913,False
1782924717.197911,102.9044280052185,8.614971260034816,0.5339110325941263,0.0277989415601369,0.0,0.0,36.078814464268305,False
1782924717.2904708,102.99698781967163,8.619140572505472,0.5371311292382511,0.027797824773443676,0.0,0.0,35.62452032541012,False
1782924717.3679643,103.07448124885559,8.623055001638159,0.5401106074506529,0.027796833094918576,0.0,0.0,35.33388560859706,False
1782924717.429366,103.13588309288025,8.628996538174686,0.5445747615222614,0.027795633549618844,0.0,0.0,34.95965196083146,False
1782924717.5049498,103.2114667892456,8.640578332260313,0.5531260843105076,0.027794727319077867,0.0,0.0,34.221470161876105,False
1782924717.5996935,103.3062105178833,8.646080718751445,0.5571221015821715,0.02779484043489217,0.0,0.0,33.87061316238359,False
1782924717.6644182,103.3709352016449,8.648845434723206,0.5591145465442203,0.02779501049452834,0.0,0.0,33.69193873423926,False
1782924717.739605,103.44612193107605,8.659800479545103,0.5669143136125754,0.027796352974322893,0.0,0.0,32.94287557709351,False
1782924717.8021262,103.50864315032959,8.667920394113802,0.5725915226566374,0.027797480026110686,0.0,0.0,32.361631414563355,False
1782924717.8838341,103.59035110473633,8.67247224721454,0.5757292743717807,0.027797832804331395,0.0,0.0,32.043903273544984,False
1782924717.956534,103.66305088996887,8.677076027732342,0.5788685787817839,0.027797896471541534,0.0,0.0,31.73115417866096,False
1782924718.0352716,103.74178862571716,8.69211503651998,0.5888879716250132,0.027796560614491567,0.0,0.0,30.74825032467598,False
1782924718.1126308,103.81914782524109,8.696891019968286,0.5919962799507936,0.027795994039642304,0.0,0.0,30.443430123624612,False
1782924718.177793,103.88431000709534,8.700732910540934,0.5944714687889777,0.0277956143986077,0.0,0.0,30.1998621608539,False
1782924718.2538164,103.96033334732056,8.705558235978176,0.5975488002108182,0.027795295657219984,0.0,0.0,29.895481646129117,False
1782924718.3319972,104.03851413726807,8.721427134679574,0.607414375111261,0.027795190507151037,0.0,0.0,29.255720239347873,False
1782924718.4076667,104.1141836643219,8.726571127412178,0.610534100529139,0.027795205494817798,0.0,0.0,29.22045970758154,False
1782924718.4913454,104.19786238670349,8.731783356355486,0.6136639256760757,0.027795153002999545,0.0,0.0,29.24752732954519,False
1782924718.5625296,104.26904654502869,8.748825563945799,0.6237382861814068,0.02779426030916335,0.0,0.0,29.681655269440707,False
1782924718.642966,104.34948301315308,8.754241210173177,0.6269077831245966,0.027793867488925955,0.0,0.0,29.889232917272622,False
1782924718.7212443,104.42776131629944,8.759724166410404,0.6301093446074097,0.02779347648081468,0.0,0.0,30.109842088713552,False
1782924718.7859223,104.49243927001953,8.76417365697159,0.6327051711722469,0.027793172530240714,0.0,0.0,30.28914666858148,False
1782924718.8650079,104.57152485847473,8.783736907652305,0.6441469700596367,0.027792034139083016,0.0,0.0,31.029659410130296,False
1782924718.9404812,104.64699816703796,8.78963742635499,0.6476198978846709,0.027791769251377968,0.0,0.0,31.239752349491997,False
1782924719.002961,104.70947790145874,8.794422802196765,0.6504476146315276,0.027791503303283675,0.0,0.0,31.40078531658983,False
1782924719.077597,104.78411388397217,8.81039669402882,0.659970590155046,0.027790064894551755,0.0,0.0,31.872099780390545,False
1782924719.1461768,104.85269379615784,8.819198463182776,0.665276693821311,0.027789070603785843,0.0,0.0,32.09892573695629,False
1782924719.223749,104.9302659034729,8.825583612107582,0.6691535293207672,0.027788285226038593,0.0,0.0,32.245706877875435,False
1782924719.3019214,105.00843834877014,8.832042341904014,0.673098387676616,0.0277874923003591,0.0,0.0,32.379866477860276,False
1782924719.4065757,105.11309266090393,8.854644094425412,0.6870653949667535,0.02778840636840287,0.0,0.0,32.953296176629934,False
1782924719.5083563,105.21487331390381,8.863303007818093,0.6924906415213462,0.02778980128311451,0.0,0.0,33.19366405476621,False
1782924719.5971434,105.30366039276123,8.870777213979158,0.6972113377141834,0.027790800297172884,0.0,0.0,33.39000071900994,False
1782924719.6814158,105.38793277740479,8.89116627933048,0.710271618035543,0.027790234394277285,0.0,0.0,33.82927612881304,False
1782924719.766033,105.47254991531372,8.89887135280531,0.7152714485324844,0.027788957972381012,0.0,0.0,33.95576577557805,False
1782924719.8570454,105.56356239318848,8.906489510303825,0.7202449601048064,0.02778773438477586,0.0,0.0,34.04247141930488,False
1782924719.9457045,105.65222144126892,8.922349755718843,0.7306781719514733,0.027787843007684568,0.0,0.0,34.030056420410745,False
1782924720.045132,105.75164890289307,8.932870064840731,0.7376436579042296,0.02779059600716631,0.0,0.0,33.846277671631164,False
1782924720.1436038,105.85012078285217,8.93955267801918,0.7420772259971397,0.027793493409043836,0.0,0.0,33.627635373737604,False
1782924720.2509084,105.95742535591125,8.958561117588303,0.7546714717652669,0.027800208755326992,0.0,0.0,32.70991783854047,False
1782924720.3549385,106.06145548820496,8.966040417469934,0.759589969843467,0.027799510102771322,0.0,0.0,32.35455436900823,False
1782924720.434115,106.1406319141388,8.986415148125102,0.7727886172256283,0.02778898022638567,0.0,0.0,31.76852476435062,False
1782924720.5277865,106.23430347442627,8.992757401406669,0.7768436360799794,0.027785442477890648,0.0,0.0,31.636683514915777,False
1782924720.615221,106.32173800468445,9.000481201460065,0.7817513242836635,0.027782121025729068,0.0,0.0,31.492607833707936,False
1782924720.7017052,106.40822219848633,9.013432979113512,0.7899123818914511,0.027780374051866834,0.0,0.0,31.260896861641292,False
1782924720.805279,106.51179599761963,9.030224015846906,0.80037332710356,0.027785098788020123,0.0,0.0,30.94415471914005,False
1782924720.904509,106.61102604866028,9.036586447788592,0.8043040598734185,0.027788135059245385,0.0,0.0,30.80387624264714,False
1782924721.0407076,106.74722456932068,9.047796413379253,0.8111858195042643,0.027793518181616995,0.0,0.0,30.506021967167953,False
1782924721.140343,106.8468599319458,9.06604527536061,0.8222524003403754,0.027797019403439642,0.0,0.0,29.922980709215654,False
1782924721.2215,106.92801690101624,9.078048223488908,0.8294253279120278,0.027794862398807036,0.0,0.0,29.501071267672724,False
1782924721.2955794,107.00209641456604,9.091160985913074,0.8371538854740915,0.027791255345131903,0.0,0.0,29.019003992649363,False
1782924721.407492,107.11400890350342,9.099518400012425,0.8420157378280164,0.02778972406119096,0.0,0.0,28.712586335916388,False
1782924721.4886014,107.19511842727661,9.113213050980223,0.8498577927030548,0.027788522012303925,0.0,0.0,28.352293668451022,False
1782924721.5744767,107.28099370002747,9.127447701792349,0.8578647419498482,0.0277882531821041,0.0,0.0,28.121622325327113,False
1782924721.6696637,107.37618064880371,9.135355461838284,0.8622596339495671,0.027788089171880838,0.0,0.0,28.031471018889928,False
1782924721.7417805,107.44829750061035,9.143342060293946,0.8666651884618638,0.027787731859920298,0.0,0.0,27.947857578848627,False
1782924721.8253274,107.5318443775177,9.163476623050114,0.8776467494946474,0.027786661254135755,0.0,0.0,27.70789447596484,False
1782924721.913044,107.61956095695496,9.171568378685322,0.8820150799771449,0.02778659752469312,0.0,0.0,27.601002861353955,False
1782924721.9917307,107.69824767112732,9.178314554624812,0.8856387583568918,0.027786844406935615,0.0,0.0,27.50667026641016,True
1782924722.0694387,107.77595567703247,9.199866089637194,0.8971077643663569,0.027788932230351705,0.0,0.0,27.16902351664591,False
1782924722.1461391,107.85265612602234,9.206591298976036,0.9006533630282829,0.027789549045064307,0.0,0.0,27.05382308619672,False
1782924722.2108428,107.91735982894897,9.211960583030264,0.9034727145043822,0.0277899036818676,0.0,0.0,26.957601139777243,False
1782924722.2889488,107.99546575546265,9.233351714459275,0.9146013310681859,0.02778977698503461,0.0,0.0,26.54019498582461,False
1782924722.3473263,108.0538432598114,9.238690448504833,0.9173518180373581,0.02778945862223321,0.0,0.0,26.43011903600161,False
1782924722.4114273,108.11794424057007,9.244043221594298,0.9200980358869826,0.027789085189148997,0.0,0.0,26.32056297339459,False
1782924722.477568,108.18408489227295,9.249460392767945,0.922864642569973,0.027788588693131295,0.0,0.0,26.219202835854144,False
1782924722.5521095,108.25862646102905,9.27144244175541,0.9339686958763381,0.02778676418001135,0.0,0.0,25.85626273398393,False
1782924722.6315248,108.33804178237915,9.278370706454913,0.9374296533372761,0.027786464099378103,0.0,0.0,25.75170364111338,False
1782924722.7072067,108.4137237071991,9.285315976109981,0.9408813044254789,0.02778631957628216,0.0,0.0,25.650022490925505,False
1782924722.7738018,108.48031878471375,9.29226910050975,0.9443195493458592,0.02778633294044614,0.0,0.0,25.549838361404607,False
1782924722.8483596,108.55487656593323,9.313121752485507,0.9545311757271637,0.02778716588392774,0.0,0.0,25.247837897702833,False
1782924722.9245567,108.63107371330261,9.320071390118251,0.9579019962695118,0.02778757687129056,0.0,0.0,25.14592846422933,False
1782924722.9881623,108.6946792602539,9.325592560434853,0.9605691279412476,0.027787989942987996,0.0,0.0,25.05819860259549,False
1782924723.0529852,108.75950217247009,9.33994930213395,0.9674839552083593,0.027794113901792865,0.0,0.0,24.472833893578095,False
1782924723.1283083,108.83482527732849,9.348181131729222,0.9714278584360503,0.027799778606603574,0.0,0.0,23.922694696249682,False
1782924723.2049398,108.911456823349,9.352976238527686,0.9737129463209022,0.02780262273015295,0.0,0.0,23.55513633258736,False
1782924723.283898,108.99041509628296,9.35756783641713,0.9758895968872284,0.027804390936710385,0.0,0.0,23.17945920833438,False
1782924723.3655472,109.07206416130066,9.372125372788435,0.9826875996039606,0.027801600832630034,0.0,0.0,21.8815412215653,False
1782924723.4540026,109.16051959991455,9.376192419374197,0.9845510950824601,0.02779929939524836,0.0,0.0,21.49798989767629,False
1782924723.5308056,109.23732256889343,9.380192661162836,0.9863656742504529,0.027797145671195782,0.0,0.0,21.1142472723292,False
1782924723.614504,109.32102108001709,9.393442812397808,0.9922283235510015,0.027795247398257478,0.0,0.0,19.809064507558567,False
1782924723.700735,109.40725207328796,9.397269436158078,0.993874703891387,0.02779647003396796,0.0,0.0,19.42514838345756,False
1782924723.7701163,109.476633310318,9.400315407670318,0.9951690794223561,0.02779776976599399,0.0,0.0,19.118011358361777,False
1782924723.8405046,109.54702162742615,9.412408448437535,1.0001595404691628,0.027802144517181483,0.0,0.0,17.88943636287581,False
1782924723.9257867,109.6323037147522,9.416169187377173,1.0016612253984076,0.02780236080167302,0.0,0.0,17.505500037203326,False
1782924724.0170453,109.72356224060059,9.420676474379755,1.0034285714573512,0.02780175679054133,0.0,0.0,17.044774565869385,False
1782924724.1064255,109.81294250488281,9.430435122298265,1.0071314385072707,0.02779866944047542,0.0,0.0,16.04653815727153,False
1782924724.2057264,109.91224336624146,9.437947655165122,1.0098648079201396,0.027796877720372724,0.0,0.0,15.278803664826043,False
1782924724.2950933,110.00161027908325,9.44248596621923,1.0114640872727456,0.02779669262810099,0.0,0.0,14.8209755161822,False
1782924724.3756719,110.08218884468079,9.45096960296439,1.0143415517413683,0.027797938191791063,0.0,0.0,13.993415973533068,False
1782924724.4762998,110.18281674385071,9.458965121916211,1.0169156798032937,0.027799596737396477,0.0,0.0,13.2592686694177,False
1782924724.5735064,110.28002333641052,9.467298861115012,1.0194590850864444,0.027800268893160146,0.0,0.0,12.5405409096661,False
1782924724.6681073,110.37462425231934,9.478468288729387,1.0226699159167225,0.02779914875748552,0.0,0.0,11.609451673713117,False
1782924724.7636693,110.47018623352051,9.482820799441184,1.023864843889646,0.027798434912583755,0.0,0.0,11.249726692414947,False
1782924724.868297,110.57481408119202,9.494991852782306,1.0270541655178764,0.027797239460623627,0.0,0.0,10.228466785028848,False
1782924724.950929,110.65744590759277,9.501073388700846,1.0285635841741965,0.027797426448995036,0.0,0.0,9.715602469548363,False
1782924725.0305474,110.73706436157227,9.516037775152366,1.0320270842796813,0.027798959342314383,0.0,0.0,8.483655696222664,False
1782924725.1154542,110.82197117805481,9.52048294842462,1.0329889399210133,0.027799280266901077,0.0,0.0,8.122606825127766,False
1782924725.2221217,110.92863869667053,9.526727327536308,1.0342898314476796,0.027799411699268698,0.0,0.0,7.616877585934075,False
1782924725.333115,111.03963208198547,9.542872650652708,1.0373854412523673,0.027798403149887324,0.0,0.0,6.315644837016745,False
1782924725.4192543,111.1257712841034,9.548320190988168,1.0383409664889534,0.027797989017477005,0.0,0.0,5.887205608726418,False
1782924725.50298,111.20949697494507,9.554018157669283,1.0392795237069998,0.027797547830145663,0.0,0.0,5.482987868519913,False
1782924725.579926,111.28644299507141,9.568068096230908,1.0413667426961255,0.027796758772773333,0.0,0.0,4.579154161851083,False
1782924725.6576114,111.36412835121155,9.573299026880964,1.0420697568576132,0.02779658302139302,0.0,0.0,4.265109833565891,False
1782924725.7628818,111.46939873695374,9.581901977713393,1.0431446117994632,0.027796342784628725,0.0,0.0,3.7734589111641386,False
1782924725.8528051,111.55932211875916,9.597494977126173,1.0448592628653366,0.027795964064827205,0.0,0.0,2.932317652703659,False
1782924725.938538,111.64505505561829,9.60890156700842,1.0459415858370709,0.027795772222895285,0.0,0.0,2.3366675186821944,False
1782924726.0078006,111.71431756019592,9.621591318575275,1.046988068840332,0.027795721513368146,0.0,0.0,1.6821123915411431,False
1782924726.0909169,111.79743385314941,9.627446977589644,1.0474147586834965,0.02779568125459806,0.0,0.0,1.3909804976972395,False
1782924726.1858757,111.89239263534546,9.634574949341628,1.0478864987914611,0.027795551108909432,0.0,0.0,1.049483477772545,False
1782924726.2599094,111.96642637252808,9.654022141303214,1.0489234755241759,0.02779482869314205,0.0,0.0,0.16581776291289738,False
1782924726.3361619,112.04267883300781,9.660301014445023,1.0491805651465436,0.027794427394893097,0.0,0.0,359.9075777550574,False
1782924726.4325056,112.13902258872986,9.668217750958064,1.0494449696121209,0.027793478263781746,0.0,0.0,359.63790164006264,False
1782924726.5077748,112.21429181098938,9.690891142763187,1.04990466778527,0.02778916175834498,0.0,0.0,359.0667033338954,False
1782924726.5900042,112.29652118682861,9.69826026538688,1.0499774951287142,0.02778776197949112,0.0,0.0,358.9142831705029,False
1782924726.6670542,112.37357115745544,9.705713169140758,1.050018812774305,0.027786580804915945,0.0,0.0,358.77028841517205,False
1782924726.7478967,112.45441365242004,9.716255331014644,1.0500265117257583,0.027785510170804214,0.0,0.0,358.5806376093333,False
1782924726.8419492,112.54846620559692,9.739119008817156,1.0498635394181508,0.027785953221933137,0.0,0.0,358.20920555605255,False
1782924726.933196,112.63971304893494,9.746793177370398,1.049759733707489,0.027786718055182385,0.0,0.0,358.0933150288953,False
1782924727.0128403,112.71935725212097,9.754487685138958,1.0496331119421016,0.02778755913220731,0.0,0.0,357.9808560688752,False
1782924727.090805,112.79732203483582,9.779226741640988,1.0490857243527074,0.02778906412405641,0.0,0.0,357.64265413980934,False
1782924727.182614,112.88913106918335,9.788552825680405,1.04882822883585,0.027788776098771045,0.0,0.0,357.52541531157596,False
1782924727.2635393,112.9700562953949,9.793224729781235,1.0486894941180995,0.027788469835003892,0.0,0.0,357.4687495017798,False
1782924727.341159,113.04767608642578,9.80102586626843,1.0484439067469666,0.027787786093929272,0.0,0.0,357.37751877998966,False
1782924727.4212778,113.12779474258423,9.81825951434297,1.0478429349294467,0.0277860648805649,0.0,0.0,357.1943302787568,False
1782924727.512179,113.21869587898254,9.835580427766162,1.0471647147812881,0.027785039729243073,0.0,0.0,357.0385751932857,False
1782924727.6085372,113.31505417823792,9.846611810648577,1.0466981217947928,0.027785086589903366,0.0,0.0,356.95289331894537,False
1782924727.7006774,113.40719437599182,9.870208996856782,1.045620820982156,0.027786549628026024,0.0,0.0,356.806022175968,False
1782924727.7755885,113.48210549354553,9.879632718923375,1.0451638541285961,0.02778721864589887,0.0,0.0,356.76029180536466,False
1782924727.8564718,113.56298875808716,9.885906466643407,1.044852162237473,0.02778758012957899,0.0,0.0,356.73434212118536,False
1782924727.9528527,113.65936970710754,9.914034857250126,1.0433921149181042,0.027787914158112204,0.0,0.0,356.6683405734574,False
1782924728.0252864,113.73180341720581,9.921828106409802,1.042972564780023,0.027787679636075785,0.0,0.0,356.6644779124193,False
1782924728.109739,113.81625604629517,9.929612718973086,1.0425484210465885,0.027787398269607314,0.0,0.0,356.6673177632097,False
1782924728.1895282,113.8960452079773,9.94204657338548,1.0418624958861002,0.0277870123594288,0.0,0.0,356.6870530285104,False
1782924728.2616036,113.96812057495117,9.960655475362184,1.0408231598083773,0.027786901468825415,0.0,0.0,356.7524383733844,False
1782924728.3400772,114.04659414291382,9.966850778509432,1.0404755299352493,0.02778700640583234,0.0,0.0,356.7833134391199,False
1782924728.482951,114.1894679069519,9.983888217827053,1.0395206834494355,0.02778747765569016,0.0,0.0,356.88765328031076,False
1782924728.555082,114.26159906387329,10.007134965320946,1.0382340061715747,0.027787868255032513,0.0,0.0,357.0664673332372,False
1782924728.6322262,114.33874320983887,10.014884835519412,1.0378125328146899,0.02778782304489154,0.0,0.0,357.13387499357947,True
1782924728.7117035,114.41822052001953,10.02263495609693,1.0373960140141705,0.0277876951201784,0.0,0.0,357.2045099488417,False
1782924728.8087454,114.51526236534119,10.045888144911075,1.0361826958676137,0.02778714821602615,0.0,0.0,357.4320194851709,False
1782924728.8924048,114.59892177581787,10.056747791658347,1.0356380362645137,0.027786999187334054,0.0,0.0,357.54353262221605,False
1782924728.9667182,114.67323517799377,10.062955786623412,1.035333741327696,0.027786978324667533,0.0,0.0,357.6083021894023,False
1782924729.0804873,114.78700423240662,10.075375774590173,1.0347414083442104,0.027787070180540524,0.0,0.0,357.7397583416191,False
1782924729.1633928,114.86990976333618,10.09867305327252,1.0336938955024162,0.027787433163334613,0.0,0.0,357.99160836310864,False
1782924729.2426307,114.94914770126343,10.106442443966037,1.0333641304695678,0.027787503928516068,0.0,0.0,358.0765141979731,False
1782924729.3181028,115.02461981773376,10.12822756593622,1.0324945839809223,0.027787372474848082,0.0,0.0,358.3122407453386,False
1782924729.3977315,115.10424852371216,10.139134733043061,1.0320904832468574,0.027787181634778075,0.0,0.0,358.42854263034735,False
1782924729.4757614,115.1822783946991,10.145378918475178,1.031868732989078,0.027787049919684604,0.0,0.0,358.49341463677456,False
1782924729.5770686,115.28358554840088,10.156328821809899,1.0314967790221854,0.027786810675751065,0.0,0.0,358.603289424151,False
1782924729.6624436,115.36896061897278,10.18143665895906,1.030724125024016,0.02778644464184949,0.0,0.0,358.8380360382033,False
1782924729.7253292,115.43184614181519,10.187727066452961,1.0305476781726315,0.027786408643904293,0.0,0.0,358.8933152070764,False
1782924729.8065298,115.5130467414856,10.195601041831925,1.0303362695052751,0.027786378770017637,0.0,0.0,358.959899778558,False
1782924729.8864355,115.5929524898529,10.220865413407054,1.0297262955469082,0.02778632083284737,0.0,0.0,359.15438239813886,False
1782924729.9604452,115.66696214675903,10.228772954809633,1.0295557943054974,0.027786308142934965,0.0,0.0,359.2102544340147,False
1782924730.0355961,115.74211311340332,10.236685536093706,1.0293944512112967,0.027786293648785414,0.0,0.0,359.2639232058915,False
1782924730.125334,115.8318510055542,10.257282625602857,1.0290159010853193,0.027786239444303976,0.0,0.0,359.39290666899325,False
1782924730.2100508,115.9165678024292,10.271552788148787,1.0287866261946799,0.027786212986480745,0.0,0.0,359.47438466757274,False
1782924730.2902853,115.99680233001709,10.279475115554664,1.028670230537187,0.027786224553175993,0.0,0.0,359.5161713363908,False
1782924730.3639255,116.07044243812561,10.287389297272153,1.028561333279386,0.027786265266503834,0.0,0.0,359.55486812304275,False
1782924730.4308438,116.13736081123352,10.31266119116966,1.0282593108128382,0.027786566908570853,0.0,0.0,359.65641113597275,False
1782924730.506981,116.21349787712097,10.320548178391254,1.0281780802087281,0.027786680481922586,0.0,0.0,359.68154261979254,False
1782924730.5882328,116.29474973678589,10.328435863662058,1.0281024286288207,0.027786773659051058,0.0,0.0,359.7042450528969,False
1782924730.7549973,116.46151423454285,10.361543147726513,1.0278374171282476,0.027786795545945542,0.0,0.0,359.770166662706,False
1782924730.8477688,116.55428576469421,10.370995627725124,1.0277747918093367,0.02778668830053029,0.0,0.0,359.7802221479444,False
1782924730.9254227,116.63193964958191,10.396177542517558,1.0276287498132788,0.027786462588230355,0.0,0.0,359.7853642715584,False
1782924731.002621,116.70913791656494,10.40404277281981,1.0275878906830493,0.027786472570516113,0.0,0.0,359.78056490386194,False
1782924731.0807052,116.78722214698792,10.411907063463614,1.0275486202955424,0.027786533165811974,0.0,0.0,359.7727447340406,False
1782924731.1528406,116.85935759544373,10.426061604132817,1.0274806587347591,0.02778673506327695,0.0,0.0,359.7511872233274,False
1782924731.2235596,116.9300765991211,10.444933641993162,1.0273919976821835,0.027786989713721105,0.0,0.0,359.70802775443246,False
1782924731.3021715,117.00868844985962,10.452796876765106,1.0273545458274682,0.027787020808318512,0.0,0.0,359.6854216314504,False
1782924731.378667,117.08518409729004,10.46065995920608,1.027316221298305,0.02778699006509447,0.0,0.0,359.66023803960604,False
1782924731.4468393,117.15335631370544,10.476385381609045,1.027235427552701,0.027786777325814676,0.0,0.0,359.6025725500428,False
1782924731.5173552,117.22387218475342,10.493685315063802,1.0271371773296452,0.027786495870574905,0.0,0.0,359.52926224595063,False
1782924731.6090133,117.31553030014038,10.503137818585758,1.027078024793783,0.027786383833661544,0.0,0.0,359.4876718111748,False
1782924731.6977208,117.40423774719238,10.51102395633405,1.0270252264754542,0.027786334744430378,0.0,0.0,359.4528160781274,False
1782924731.8033876,117.50990462303162,10.539475363951214,1.0268051345458977,0.02778637447967762,0.0,0.0,359.33007650035205,False
1782924731.8785427,117.58505964279175,10.54738824671955,1.0267350274123246,0.027786382935827365,0.0,0.0,359.2967988639744,False
1782924731.9661953,117.6727123260498,10.555305732156825,1.026660802490391,0.027786362074746433,0.0,0.0,359.2642029121744,False
1782924732.052126,117.75864291191101,10.582253289565676,1.026377001824945,0.027786135989777604,0.0,0.0,359.159704159279,False
1782924732.1520836,117.85860061645508,10.5901824150208,1.0262842920615396,0.027786088762520998,0.0,0.0,359.1308081105502,False
1782924732.2559128,117.9624297618866,10.60127891188594,1.026147604530557,0.02778609506256203,0.0,0.0,359.0924874863936,False
1782924732.3416412,118.04815816879272,10.628208852688577,1.025783159804639,0.027786405345242845,0.0,0.0,359.0101515759822,False
1782924732.4201128,118.12662982940674,10.63612201442101,1.0256676545714203,0.027786517188521865,0.0,0.0,358.98942341332304,False
1782924732.5132341,118.21975111961365,10.645614939901318,1.0255243435302381,0.0277866144207243,0.0,0.0,358.9666168439086,False
1782924732.6124156,118.31893253326416,10.667757690248195,1.0251713304696053,0.027786598023442164,0.0,0.0,358.9217239665678,False
1782924732.7168157,118.42333269119263,10.681988496445495,1.024931910128559,0.027786451210084964,0.0,0.0,358.89877466182173,False
1782924734.3378925,120.04440951347351,10.953437420226086,1.0202001652615966,0.027786648029406186,0.0,0.0,359.4918198547714,False
1782924734.414462,120.12097907066345,10.961318821451673,1.0201051262522685,0.027786719802762202,0.0,0.0,359.53156814401154,False
1782924734.4937718,120.20028877258301,10.969199615022777,1.020014682159005,0.02778676150854607,0.0,0.0,359.5722936845222,False
1782924734.5733125,120.27982950210571,10.994494051093554,1.019757112391599,0.027786491074208847,0.0,0.0,359.6955026585631,False
1782924734.6635804,120.37009739875793,11.003999464768643,1.0196734640356877,0.027786292999382286,0.0,0.0,359.7385542515216,False
1782924734.7388759,120.44539284706116,11.01192488343718,1.019609207877565,0.027786129994336474,0.0,0.0,359.77325954500265,False
1782924734.8210466,120.52756357192993,11.03888634207309,1.019427395394821,0.027785866196483874,0.0,0.0,359.88411467279144,False
1782924734.902478,120.60899496078491,11.046818580069216,1.0193844889973758,0.027785915740452256,0.0,0.0,359.9148196569976,False
1782924735.1959124,120.9024293422699,11.0928023574504,1.0192250812002863,0.027786631786380078,0.0,0.0,0.0722648218327261,False
1782924735.2739213,120.98043823242188,11.10072557498108,1.0192120813657426,0.02778664363101111,0.0,0.0,0.09546728169792008,False
1782924735.344645,121.05116200447083,11.114985837226513,1.019198511464358,0.027786521489935788,0.0,0.0,0.13460157851220209,False
1782924735.415995,121.1225118637085,11.130826204170624,1.0191974329631492,0.027786278784896576,0.0,0.0,0.17398046678522938,False
1782924735.5087097,121.21522665023804,11.140323727232587,1.019203401595183,0.027786167909330674,0.0,0.0,0.1948228113165201,False
1782924735.6086748,121.31519174575806,11.167216786430066,1.019244632247915,0.027786254238049417,0.0,0.0,0.2425890111496695,False
1782924735.6990912,121.40560817718506,11.17670068760367,1.0192668721674607,0.02778641535175016,0.0,0.0,0.25489775904119066,False
1782924735.7777112,121.48422813415527,11.186179848454024,1.0192926166144523,0.027786593506947215,0.0,0.0,0.2644297911068115,False
1782924735.8662443,121.57276129722595,11.21142527987188,1.0193755804106848,0.027786873817924485,0.0,0.0,0.27308488526675034,False
1782924735.9573495,121.66386651992798,11.220884508030204,1.0194108967051116,0.02778684382284218,0.0,0.0,0.26986555841521076,False
1782924736.0393481,121.74586510658264,11.228765399428315,1.0194415659479912,0.02778677089325578,0.0,0.0,0.26450604539118655,False
1782924736.1195922,121.8261091709137,11.253977675882126,1.0195438851205314,0.027786483084340848,0.0,0.0,0.23131399728013288,False
1782924736.2262783,121.93279528617859,11.261855331000813,1.0195761107509846,0.027786444929244678,0.0,0.0,0.2160753584319871,False
1782924736.3033185,122.00983548164368,11.291804018664592,1.019692532827293,0.027786579545849302,0.0,0.0,0.14092515483175297,False
1782924736.3806007,122.08711767196655,11.299691063117256,1.0197202604829114,0.02778662680898911,0.0,0.0,0.1175871860663096,False
1782924736.456902,122.163419008255,11.307579423398606,1.0197462533662502,0.027786652338752743,0.0,0.0,0.09289571515893238,False
1782924736.5225706,122.22908759117126,11.313891856404327,1.0197656311475654,0.027786649448305105,0.0,0.0,0.07235105705294684,False
1782924736.6141477,122.32066464424133,11.342324997271303,1.0198340589110735,0.027786400402895782,0.0,0.0,359.9748956313843,False
1782924736.6946821,122.40119910240173,11.350227334551105,1.0198468108324519,0.027786321408166424,0.0,0.0,359.9464867921534,False
1782924736.7682307,122.47474765777588,11.35813059012057,1.0198565319887498,0.027786267674702138,0.0,0.0,359.91754621598034,False
1782924736.830329,122.53684592247009,11.383443972816039,1.019865687794624,0.027786282809258468,0.0,0.0,359.82482735581436,False
1782924736.8924618,122.59897875785828,11.389776703558327,1.01986246839033,0.02778631865068703,0.0,0.0,359.801823426016,False
1782924736.9606242,122.66714119911194,11.396112637102364,1.0198569569277351,0.02778635098235989,0.0,0.0,359.77919020838635,False
1782924737.2229686,122.9294855594635,11.437343082660103,1.0197641650445386,0.027786210370662943,0.0,0.0,359.6418455685703,True
1782924737.3037405,123.01025748252869,11.445276039200785,1.0197350070814888,0.027786141770236396,0.0,0.0,359.6171804570523,False
1782924737.3806717,123.08718872070312,11.473837760585852,1.0196005572764608,0.027786098077287668,0.0,0.0,359.5324423201628,False
1782924737.456568,123.16308498382568,11.481764367691344,1.0195552729533832,0.02778617441579451,0.0,0.0,359.5110411411306,False
1782924737.520339,123.22685599327087,11.488099317954457,1.0195166764372625,0.02778626397692962,0.0,0.0,359.4953585829022,False
1782924737.5975091,123.30402612686157,11.508665313555161,1.0193772837756214,0.027786588492964618,0.0,0.0,359.4523844949155,False
1782924737.6728146,123.37933158874512,11.522885811728589,1.0192692451407832,0.02778673461346234,0.0,0.0,359.4305894872853,False
1782924737.7367089,123.4432258605957,11.529203512745028,1.0192184887858158,0.027786758048102298,0.0,0.0,359.42292490578,False
1782924737.81509,123.52160692214966,11.537098646885706,1.0191528796247173,0.027786750861564537,0.0,0.0,359.4151310980177,False
1782924737.8821986,123.58871555328369,11.554452479083658,1.0190011547479527,0.02778664945042065,0.0,0.0,359.4065445599478,False
1782924737.9578483,123.66436529159546,11.568640782839003,1.0188708325397247,0.027786545863570822,0.0,0.0,359.4083453845106,False
1782924738.0329409,123.73945784568787,11.57651909434926,1.018796631304109,0.02778651214162791,0.0,0.0,359.4130045494917,False
1782924738.1159303,123.82244729995728,11.584392685717761,1.0187215179800186,0.027786512045964037,0.0,0.0,359.4206865805621,False
1782924738.1945012,123.9010181427002,11.607996944030111,1.018493684806575,0.027786690616226947,0.0,0.0,359.461422007711,False
1782924738.267026,123.97354292869568,11.615862035283905,1.0184179833116247,0.02778677657983035,0.0,0.0,359.48067940453797,False
1782924738.3452072,124.05172419548035,11.62372638129721,1.0183429667989543,0.027786851511845113,0.0,0.0,359.50263768473525,False
1782924738.4330816,124.13959860801697,11.648889433088735,1.0181115624135384,0.027786887054894197,0.0,0.0,359.5898664642715,False
1782924738.5236409,124.23015785217285,11.658326461103533,1.0180298176696936,0.02778680873990441,0.0,0.0,359.6284915554931,False
1782924738.619489,124.32600593566895,11.667777970719218,1.0179516325834916,0.0277866724036807,0.0,0.0,359.66794700922605,False
1782924738.7271817,124.4336986541748,11.685145743998543,1.0178191671293495,0.027786350403097505,0.0,0.0,359.73944630482197,False
1782924738.8164685,124.52298545837402,11.704131551904181,1.0176930714324353,0.027786084878330404,0.0,0.0,359.8151109468829,False
1782924738.8888123,124.59532928466797,11.71363744783996,1.017637843571554,0.027786021824725102,0.0,0.0,359.8512546720923,False
1782924738.974712,124.68122887611389,11.727905410437149,1.01756518697703,0.02778602675319999,0.0,0.0,359.9034632297899,False
1782924739.0473814,124.75389838218689,11.745352569489105,1.0174932326564765,0.027786153401815138,0.0,0.0,359.9642707941364,False
1782924739.107873,124.81438994407654,11.75487098884132,1.0174618064431749,0.027786245050043346,0.0,0.0,359.9960831663059,False
1782924739.190982,124.89749908447266,11.76280018785336,1.0174398027765899,0.027786323354811765,0.0,0.0,0.02140571072484803,False
1782924739.2885387,124.99505567550659,11.789744949491222,1.0173926717912474,0.02778647281966398,0.0,0.0,0.09922727503804964,False
1782924739.3574934,125.06401038169861,11.797664281549888,1.0173866352780307,0.027786470815320923,0.0,0.0,0.1193782108641865,False
1782924739.4224598,125.12897682189941,11.803996976345124,1.017384240774478,0.027786459257578517,0.0,0.0,0.13438023139065375,False
1782924739.5007505,125.20726752281189,11.811909728973234,1.0173841872306124,0.027786437552780544,0.0,0.0,0.15170269891442656,False
1782924739.576259,125.28277587890625,11.837198264864286,1.0174042609609681,0.0277864308427604,0.0,0.0,0.19371138433825866,False
1782924739.6521688,125.35868573188782,11.843515730884226,1.0174136408619499,0.027786454031916385,0.0,0.0,0.2010831176546922,False
1782924739.733529,125.44004607200623,11.85141116779571,1.0174275306851903,0.027786495734528148,0.0,0.0,0.20858865618181557,False
1782924739.806542,125.51305890083313,11.878248819833503,1.0174900010473635,0.027786645209138067,0.0,0.0,0.2200970663475293,False
1782924739.8690915,125.57560849189758,11.884559933984516,1.0175074670273498,0.02778666203725643,0.0,0.0,0.21928712524575658,False
1782924739.9314053,125.6379222869873,11.890868819809091,1.0175257322960307,0.027786667954065487,0.0,0.0,0.21691345583304492,False
1782924739.996166,125.70268297195435,11.897175965228731,1.0175446682204519,0.02778666214748916,0.0,0.0,0.2129817831724498,False
1782924740.0731356,125.77965259552002,11.922393647603426,1.0176243748365297,0.027786575721240978,0.0,0.0,0.18193057879407076,False
1782924740.1487882,125.85530519485474,11.930272100822005,1.0176496016002117,0.02778655888223781,0.0,0.0,0.16733307823701782,False
1782924740.2318144,125.93833136558533,11.938150070891433,1.0176744789464447,0.027786559476884267,0.0,0.0,0.15049356744543863,False
1782924740.3042932,126.01081013679504,11.963358120700198,1.0177483159336356,0.027786658922041397,0.0,0.0,0.08230652310191384,False
1782924740.3819203,126.08843731880188,11.971235453133774,1.0177685207012261,0.027786692498176793,0.0,0.0,0.056798521835191025,False
1782924740.445338,126.15185499191284,11.977537275972713,1.0177833536506093,0.027786709142462684,0.0,0.0,0.03504833340117054,False
1782924740.5243793,126.23089623451233,11.985414486866716,1.0177999932926047,0.027786712445615952,0.0,0.0,0.006251534228619775,False
1782924740.60001,126.30652689933777,12.012197363281032,1.0178372067527994,0.027786599621373358,0.0,0.0,359.89622787763517,False
1782924740.6801083,126.38662528991699,12.020082359435262,1.017841404438618,0.027786542578422373,0.0,0.0,359.86174736293054,False
1782924740.7561326,126.46264958381653,12.027973325952352,1.0178420993644435,0.027786484061217868,0.0,0.0,359.82705452896226,False
1782924740.821638,126.52815508842468,12.04219296935546,1.017833904986332,0.027786388060016532,0.0,0.0,359.764969213905,False
1782924740.8983276,126.60484457015991,12.059594823212755,1.0178063481191926,0.027786297393926355,0.0,0.0,359.6907370076204,False
1782924740.9766517,126.68316864967346,12.067509233824863,1.0177871848486968,0.027786267372068782,0.0,0.0,359.657539224405,False
1782924741.038792,126.7453088760376,12.073841970884171,1.017768804267054,0.027786248334709537,0.0,0.0,359.63120767239036,False
1782924741.11768,126.8241970539093,12.099194318707836,1.017667671901497,0.02778619731941464,0.0,0.0,359.5301821983395,False
1782924741.1952558,126.90177273750305,12.107123292208891,1.0176269709662644,0.027786195224660942,0.0,0.0,359.5003104879358,False
1782924741.2729008,126.97941780090332,12.115053954697762,1.0175819736861973,0.02778620293049417,0.0,0.0,359.471180732572,False
1782924741.3344836,127.04100060462952,12.121399386496794,1.0175429087738448,0.027786215012845693,0.0,0.0,359.4483867703561,False
1782924741.3962817,127.10279870033264,12.14519554300707,1.0173726392281888,0.027786276121552458,0.0,0.0,359.36713471108095,False
1782924741.4606996,127.16721653938293,12.151534557404771,1.0173211119971943,0.02778630124026211,0.0,0.0,359.3475110455053,False
1782924741.5390325,127.24554944038391,12.15945354846747,1.0172532164929577,0.027786336696824027,0.0,0.0,359.32452202780905,False
1782924741.6117618,127.31827878952026,12.175280915528528,1.0171062175926846,0.027786409945594674,0.0,0.0,359.2834341910514,False
1782924741.6809628,127.38747978210449,12.191100219394269,1.0169451628302664,0.02778647869748262,0.0,0.0,359.2485009574962,False
1782924741.758468,127.46498489379883,12.19900567194232,1.0168597763453417,0.027786513329237556,0.0,0.0,359.23359075021506,False
1782924741.8329525,127.53946948051453,12.206905298030819,1.0167714234934615,0.027786552274999623,0.0,0.0,359.220929399319,False
1782924741.894115,127.60063195228577,12.230571588620602,1.016490626814165,0.027786661437585385,0.0,0.0,359.19814737544255,False
1782924741.9567628,127.66327977180481,12.236877716657464,1.016412290742544,0.027786676028180038,0.0,0.0,359.1958406611742,False
1782924742.0209653,127.72748231887817,12.24318156948547,1.0163327555395383,0.027786685182164456,0.0,0.0,359.1952478869454,False
1782924742.1131186,127.81963562965393,12.25263123050912,1.016211545270068,0.027786696692255697,0.0,0.0,359.1980210786403,False
1782924742.1935053,127.90002226829529,12.277809387726217,1.0158806917379475,0.02778672824451852,0.0,0.0,359.2266599244534,False
1782924742.2709274,127.9774444103241,12.285674193625308,1.015776238326367,0.0277867414623169,0.0,0.0,359.24178432698784,False
1782924742.3480132,128.0545301437378,12.293538170847013,1.0156718711060717,0.027786754598753072,0.0,0.0,359.2597363996052,False
1782924742.4263241,128.1328411102295,12.318699724848836,1.0153426092138065,0.02778676404651727,0.0,0.0,359.33514780626945,False
1782924742.5057864,128.21230340003967,12.326562115624176,1.0152424875176356,0.02778675037796157,0.0,0.0,359.36395524102807,False
1782924742.5822587,128.28877568244934,12.334424323182283,1.0151443003855214,0.02778673029853274,0.0,0.0,359.39506432446194,False
1782924742.6517498,128.35826683044434,12.345440462229902,1.0150106489773356,0.027786677176731747,0.0,0.0,359.44092700676515,False
1782924742.7352245,128.44174146652222,12.36908033795415,1.0147429328412243,0.027786514757296262,0.0,0.0,359.5449392213369,False
1782924742.7972803,128.50379729270935,12.37538883683761,1.0146765850206532,0.027786478253050993,0.0,0.0,359.57384393195406,False
1782924742.877091,128.5836079120636,12.3817005996188,1.014612581015641,0.027786444308748857,0.0,0.0,359.6028939186709,False
1782924742.9534342,128.65995121002197,12.389594402278158,1.0145360322186372,0.02778640719209652,0.0,0.0,359.63930078760393,False
1782924743.0327625,128.7392795085907,12.41487273507186,1.0143187812784322,0.027786357352217315,0.0,0.0,359.756440017047,False
1782924743.1270177,128.83353471755981,12.424356065523524,1.0142488267690055,0.027786368380715524,0.0,0.0,359.8005913738566,False
1782924743.2050874,128.91160440444946,12.432260294536595,1.014195532273607,0.027786385927922996,0.0,0.0,359.83739437056494,False
1782924743.2760139,128.98253083229065,12.45124605448989,1.014086604390026,0.027786409613685187,0.0,0.0,359.92381179440514,True
1782924743.3425958,129.04911279678345,12.463911128159623,1.0140291226716094,0.02778639829853221,0.0,0.0,359.97994449193783,False
1782924743.4212842,129.12780117988586,12.471829677366316,1.0139993936847158,0.027786375645159473,0.0,0.0,0.014338222088975703,False
1782924743.505832,129.21234893798828,12.497194467382094,1.013936194972111,0.027786215613135903,0.0,0.0,0.11813842610858863,False
1782924743.5798857,129.28640270233154,12.505125452433091,1.013926292923254,0.02778616419970125,0.0,0.0,0.14877738436933563,False
1782924743.656589,129.36310601234436,12.513054926287555,1.0139209746414595,0.027786131863329767,0.0,0.0,0.17827236926278103,False
1782924743.7222219,129.42873883247375,12.519396542752933,1.0139199652792825,0.02778612579391608,0.0,0.0,0.20091041129673445,False
1782924743.8028343,129.50935125350952,12.544752259957766,1.0139437306954233,0.02778627090915409,0.0,0.0,0.2835161671194136,False
1782924743.875066,129.5815830230713,12.552670209994691,1.0139598654444986,0.027786358234258835,0.0,0.0,0.306351523643907,False
1782924743.9555209,129.66203784942627,12.559002088892107,1.0139755975207083,0.027786431747756475,0.0,0.0,0.32343313147633684,False
1782924744.0277696,129.73428654670715,12.570079205799976,1.0140089265295613,0.027786544080493084,0.0,0.0,0.3508844972334796,False
1782924744.093003,129.79952001571655,12.593806698479119,1.0141033310366439,0.027786598940308257,0.0,0.0,0.39978775335292266,False
1782924744.1785536,129.88507056236267,12.601710991782856,1.014141118652115,0.027786560386602294,0.0,0.0,0.4127624657809919,False
1782924744.2483666,129.95488357543945,12.609611563993328,1.014181744604493,0.027786509104812115,0.0,0.0,0.4237735930558512,False
1782924744.3099315,130.01644849777222,12.633284484015348,1.0143184782250256,0.02778643120513463,0.0,0.0,0.44283014696739387,False
1782924744.3757968,130.08231377601624,12.639591484936808,1.014358141512981,0.027786454604135438,0.0,0.0,0.4441602519440356,False
1782924744.437514,130.14403104782104,12.645897121231414,1.0143989089982295,0.027786498451017726,0.0,0.0,0.44392406643391746,False
1782924744.5177257,130.22424268722534,12.653777799705251,1.0144512127182468,0.02778657630796969,0.0,0.0,0.4414289877921148,False
1782924744.5945075,130.30102443695068,12.680566313281831,1.0146365649955897,0.027786837372987632,0.0,0.0,0.4148652754630576,False
1782924744.6748521,130.38136911392212,12.688444411299555,1.0146921316538484,0.027786848896967743,0.0,0.0,0.4018557920036176,False
1782924744.749952,130.45646905899048,12.696322214488532,1.0147476348445628,0.027786815137352816,0.0,0.0,0.3865650604335988,False
1782924744.813178,130.51969504356384,12.702624237918958,1.0147917870083218,0.02778675880377645,0.0,0.0,0.3727284780624828,False
1782924744.890422,130.59693908691406,12.729405769957374,1.0149731875081607,0.02778643817907535,0.0,0.0,0.2988490709256418,False
1782924744.953308,130.65982508659363,12.735706967726127,1.0150135579908253,0.027786401474719242,0.0,0.0,0.2781288817411646,False
1782924745.018072,130.7245888710022,12.742009211930604,1.0150527377987244,0.027786393030614764,0.0,0.0,0.2563687428998907,False
1782924745.0936906,130.80020761489868,12.749890474071004,1.0150998251890337,0.027786418388525927,0.0,0.0,0.228098552950471,False
1782924745.1850145,130.89153146743774,12.775126665687015,1.0152334537535568,0.02778664452572329,0.0,0.0,0.13026659920665545,False
1782924745.2637198,130.97023677825928,12.783015894995877,1.0152690168527043,0.02778669284390386,0.0,0.0,0.09758995700493732,False
1782924745.3265066,131.03302359580994,12.789327789200154,1.0152950842338628,0.027786704531879577,0.0,0.0,0.07079058158067215,False
1782924745.3902397,131.09675669670105,12.812999261000671,1.0153722365579367,0.027786540675958944,0.0,0.0,359.965538582605,False
1782924745.453657,131.16017389297485,12.819311838056093,1.0153869096204904,0.02778647200578789,0.0,0.0,359.9363145109421,False
1782924745.5299506,131.23646759986877,12.827204371177844,1.0154015229086446,0.02778639505218602,0.0,0.0,359.89940570905225,False
1782924745.591825,131.2983419895172,12.833521321870276,1.0154101379748532,0.027786347464318625,0.0,0.0,359.86985355686323,False
1782924745.653543,131.36005997657776,12.858824234609393,1.0154160159358125,0.02778631339714863,0.0,0.0,359.75463696580266,False
1782924745.7177875,131.42430448532104,12.865156666244065,1.0154101447754338,0.02778633173311151,0.0,0.0,359.72672442633603,False
1782924745.801745,131.5082619190216,12.873076824203096,1.015398603892982,0.027786347032540546,0.0,0.0,359.69281769555795,False
1782924745.8744352,131.580952167511,12.880997580621182,1.0153824114052223,0.027786352077259584,0.0,0.0,359.66039529706165,False
1782924745.9385684,131.64508533477783,12.903174978027405,1.0153126716689305,0.02778628743062294,0.0,0.0,359.5772176541276,False
1782924746.024326,131.7308430671692,12.914262140791294,1.0152646969003225,0.02778624388274415,0.0,0.0,359.5396234058257,False
1782924746.093417,131.79993391036987,12.922177235415566,1.0152253160777396,0.027786239801437726,0.0,0.0,359.51485509495075,False
1782924746.1550543,131.86157131195068,12.92850497641989,1.0151908577379656,0.027786263888089545,0.0,0.0,359.4966007636318,False
1782924746.2280416,131.93455862998962,12.937990249501036,1.0151344287089608,0.027786346803513516,0.0,0.0,359.4719106678215,False
1782924746.31176,132.01827692985535,12.961682696223567,1.0149703202919262,0.027786676774240154,0.0,0.0,359.4237946071304,False
1782924746.377953,132.08447003364563,12.966416872865135,1.0149339198299214,0.027786737353149626,0.0,0.0,359.41674576698256,False
1782924746.454417,132.16093397140503,12.974304135689097,1.014870887111893,0.02778681312044988,0.0,0.0,359.4070353673771,False
1782924746.5625033,132.26902031898499,13.001103359638984,1.0146376508760362,0.027786740291942336,0.0,0.0,359.3926347866524,False
1782924746.6376965,132.34421348571777,13.008984177122686,1.0145645558383138,0.027786642150720815,0.0,0.0,359.39355578630193,False
1782924746.70866,132.41517686843872,13.02317620677586,1.0144292528945733,0.02778645372179271,0.0,0.0,359.3998312682372,False
1782924746.7804103,132.48692727088928,13.04052872033424,1.0142594797297833,0.027786340638344377,0.0,0.0,359.4154779984124,False
1782924746.8561196,132.56263661384583,13.048417651469261,1.0141814508729246,0.027786354227551758,0.0,0.0,359.4254377456272,False
1782924746.92053,132.62704706192017,13.054729227283461,1.0141189009734306,0.02778639055772201,0.0,0.0,359.4346607129145,False
1782924746.99814,132.7046570777893,13.07997803455655,1.0138703816464205,0.027786610916812976,0.0,0.0,359.4823300326571,False
1782924747.0752711,132.78178811073303,13.08786879663127,1.013794170496397,0.027786652005566386,0.0,0.0,359.50061782132013,False
1782924747.1568913,132.86340832710266,13.095759681156716,1.01371908407182,0.027786663536093322,0.0,0.0,359.5204399050685,False
1782924747.2240229,132.9305398464203,13.102072441640146,1.0136599875252315,0.027786651337719705,0.0,0.0,359.5373683542972,False
1782924747.2941544,133.00067138671875,13.128901821273757,1.0134213504657281,0.027786486849853867,0.0,0.0,359.61927404777043,False
1782924747.3572626,133.06377959251404,13.133636425495228,1.013381770974999,0.02778646100656711,0.0,0.0,359.63529640156827,False
1782924747.4337196,133.14023661613464,13.141527449169027,1.0133177782355247,0.027786433248919228,0.0,0.0,359.66297145478495,False
1782924747.4981732,133.2046902179718,13.15730962076796,1.0131979187888633,0.027786444839332507,0.0,0.0,359.7217619220774,False
1782924747.5587764,133.26529335975647,13.171513781702355,1.013100367137574,0.0277865111964463,0.0,0.0,359.7782930817362,False
1782924747.6378796,133.34439659118652,13.179408611900953,1.01305079629824,0.027786544137306867,0.0,0.0,359.81057602170944,False
1782924747.6997392,133.40625619888306,13.18572990156262,1.0130136523635644,0.027786551518494667,0.0,0.0,359.8362111900446,False
1782924747.7713702,133.4778871536255,13.203129657987747,1.0129236422824526,0.027786476785210075,0.0,0.0,359.9058932211455,False
1782924747.8414905,133.54800748825073,13.217383362703824,1.0128638067830555,0.02778631931140141,0.0,0.0,359.9610147462656,False
1782924747.920328,133.6268448829651,13.225308286381738,1.0128360826143932,0.02778621473124248,0.0,0.0,359.9905535148119,False
1782924747.9965737,133.7030906677246,13.233236013083422,1.0128123337273567,0.027786118472265014,0.0,0.0,0.019366478094349635,False
1782924748.066264,133.77278089523315,13.25385595693025,1.012769165638307,0.027786005665707558,0.0,0.0,0.09112797481273122,False
1782924748.1373734,133.8438904285431,13.263375154217826,1.0127582117529192,0.02778604345143714,0.0,0.0,0.12282480434285337,False
1782924748.2152846,133.92180156707764,13.269721813736224,1.0127540133065764,0.02778609603135538,0.0,0.0,0.14349046729314943,False
1782924748.276026,133.98254299163818,13.276068820518184,1.0127522718763322,0.02778616314560552,0.0,0.0,0.16379878863486375,False
1782924748.354635,134.06115198135376,13.303046372458553,1.0127716791715027,0.02778641194277671,0.0,0.0,0.24639464758940616,False
1782924748.4189935,134.12551045417786,13.309393342679783,1.012782393990529,0.027786424642384573,0.0,0.0,0.2648665963808092,False
1782924748.4932632,134.19978022575378,13.317323672190726,1.0127989714284686,0.027786413938706612,0.0,0.0,0.2870100860999218,False
1782924748.5532582,134.25977516174316,13.328421565507487,1.0128279897533263,0.02778635746624238,0.0,0.0,0.3163139107543589,False
1782924748.6233525,134.3298695087433,13.34743419727976,1.0128928350118689,0.027786246528816578,0.0,0.0,0.36151743015576815,False
1782924748.698458,134.40497493743896,13.355349278624878,1.012925180368395,0.027786240725537988,0.0,0.0,0.3779028930998321,False
1782924748.7736034,134.48012042045593,13.36326166153416,1.0129604835942705,0.02778626902968239,0.0,0.0,0.3928496374831236,False
1782924748.8367522,134.54326915740967,13.383826563124178,1.0130651319606334,0.027786461725921665,0.0,0.0,0.4252281751381695,False
1782924748.9144325,134.62094950675964,13.39489661197312,1.013128476182994,0.02778657279212815,0.0,0.0,0.43877238018157594,False
1782924748.9790347,134.68555164337158,13.401219013550548,1.0131666292048782,0.02778662122799267,0.0,0.0,0.44491816288147656,False
1782924749.056676,134.76319289207458,13.409119065292431,1.0132161561909134,0.027786654729288773,0.0,0.0,0.4509090981264007,True
1782924749.132283,134.8387999534607,13.435964256047798,1.0133973550934234,0.027786534744729998,0.0,0.0,0.4574252971603366,False
1782924749.2109282,134.9174451828003,13.440700184199839,1.013430978258641,0.02778649608772818,0.0,0.0,0.45636784701528094,False
1782924749.2882934,134.9948103427887,13.448592659376681,1.0134878259781055,0.027786441184325886,0.0,0.0,0.4531150497789876,False
1782924749.3498988,135.0564157962799,13.47382588869487,1.0136738837610715,0.027786495277594567,0.0,0.0,0.42695545672334606,False
1782924749.4305093,135.13702630996704,13.481706718408203,1.0137324238978727,0.02778657707442208,0.0,0.0,0.41382887128414836,False
1782924749.5087447,135.21526169776917,13.489586472007028,1.0137906980074711,0.027786667353603887,0.0,0.0,0.3984236857729048,False
1782924749.5990982,135.30561518669128,13.497465680916891,1.0138484323029922,0.027786747571434903,0.0,0.0,0.3808222832005787,False
1782924749.6668267,135.37334370613098,13.524273986402331,1.0140371242770747,0.027786720768844315,0.0,0.0,0.3091762001745749,False
1782924749.7441623,135.45067930221558,13.532162396367859,1.014089330344512,0.02778662410893844,0.0,0.0,0.28498652059528,False
1782924749.8375058,135.5440227985382,13.540051539914842,1.014139588057187,0.02778651081922388,0.0,0.0,0.2594778641094081,False
1782924749.9321125,135.63862943649292,13.549519107346251,1.01419699472568,0.027786383155304194,0.0,0.0,0.22720506999301907,False
1782924750.031804,135.7383210659027,13.576345875638959,1.0143392436496244,0.027786317769601696,0.0,0.0,0.12673472555114032,False
1782924750.1455894,135.85210633277893,13.588973767919773,1.0143940685061252,0.02778645335402852,0.0,0.0,0.07565249056957175,False
1782924750.243184,135.94970107078552,13.59371169231593,1.0144124008820545,0.0277865109396615,0.0,0.0,0.056236453060369326,False
1782924750.3188171,136.02533411979675,13.622156334119257,1.0144946502396972,0.027786651428624156,0.0,0.0,359.9373463850682,False
1782924750.4109786,136.1174955368042,13.631641279078648,1.0145108496235091,0.02778657269376849,0.0,0.0,359.89689184757856,False
1782924750.4764588,136.18297576904297,13.637964941369312,1.0145183759869214,0.027786494081280817,0.0,0.0,359.8697164853157,False
1782924750.540462,136.2469789981842,13.653774711691351,1.0145254109496573,0.02778628500966166,0.0,0.0,359.8011115296959,False
1782924750.6130786,136.31959557533264,13.67116820749463,1.0145131187302148,0.027786190136021238,0.0,0.0,359.7249406415126,False
1782924750.6750214,136.38153839111328,13.677499679102556,1.0145032882589546,0.027786198890045584,0.0,0.0,359.6979520195926,False
1782924750.7528462,136.4593632221222,13.685419492369153,1.0144869250295696,0.027786234369569687,0.0,0.0,359.6650679887993,False
1782924750.8190067,136.52552366256714,13.701264149846835,1.0144406777949715,0.02778635152173426,0.0,0.0,359.60302135250305,False
1782924750.8936212,136.60013818740845,13.717107078834443,1.0143767087290554,0.027786425128489663,0.0,0.0,359.54646991199746,False
1782924750.9551063,136.6616232395172,13.723441534590414,1.0143463049371644,0.02778642642372238,0.0,0.0,359.52559310920105,False
1782924751.0188067,136.725323677063,13.729772517186817,1.0143132430542874,0.027786416758193926,0.0,0.0,359.5060020891818,False
1782924751.09091,136.79742693901062,13.751894126013397,1.0141777632814195,0.02778641418977387,0.0,0.0,359.45014217774724,False
1782924751.2022245,136.9087414741516,13.761360273785256,1.014110986217039,0.027786476109620102,0.0,0.0,359.43267135385605,False
1782924751.273118,136.97963500022888,13.770826722369502,1.0140394547656975,0.02778657054667101,0.0,0.0,359.41823563927716,False
1782924751.3463995,137.05291652679443,13.797657242364192,1.0138145440891417,0.027786801879879593,0.0,0.0,359.3916681692756,False
1782924751.4260561,137.13257312774658,13.805547254034197,1.0137431841284372,0.02778679230902957,0.0,0.0,359.38821939023535,False
1782924751.5026722,137.20918917655945,13.813433530249373,1.013669943945945,0.027786736276755108,0.0,0.0,359.38722290408384,False
1782924751.5803344,137.2868514060974,13.838653379515492,1.0134260348269484,0.02778639464211087,0.0,0.0,359.40043078128605,False
1782924751.67284,137.37935709953308,13.848107015147122,1.013332160713291,0.027786324019946042,0.0,0.0,359.41174606466814,False
1782924751.7489874,137.45550441741943,13.855984323895855,1.0132535086531715,0.02778633405029966,0.0,0.0,359.4237632697935,False
1782924751.8254018,137.53191876411438,13.881190877077257,1.0130028721190782,0.027786730316176858,0.0,0.0,359.4774185046762,False
1782924751.9095716,137.61608862876892,13.889069281636317,1.012925969198464,0.02778686993029244,0.0,0.0,359.498564365003,False
1782924751.9831583,137.68967533111572,13.896954890240298,1.012850205362501,0.027786943127903307,0.0,0.0,359.52068765725494,False
1782924752.063267,137.76978397369385,13.904846505554188,1.0127758685313022,0.027786927973447652,0.0,0.0,359.5436100096404,False
1782924752.1403997,137.84691667556763,13.93170185040479,1.0125372041486926,0.027786325527730263,0.0,0.0,359.6271155119059,False
1782924752.2339854,137.94050240516663,13.938023347832212,1.0124848431490114,0.027786154753240703,0.0,0.0,359.6479280791901,False
1782924752.29908,138.0055968761444,13.945925857648925,1.0124217189442106,0.0277859928855321,0.0,0.0,359.67452180409765,False
1782924752.3801258,138.08664274215698,13.971217614884115,1.0122388670726337,0.027786113971070156,0.0,0.0,359.76362160844246,False
1782924752.453791,138.1603078842163,13.977541454026632,1.0121980903225207,0.027786277977858393,0.0,0.0,359.78677665581387,False
1782924752.5324051,138.23892211914062,13.985446754737369,1.012150086755292,0.027786505766647776,0.0,0.0,359.816176685108,False
1782924752.6100905,138.31660747528076,14.012344904828,1.0120129142874668,0.027786857382016254,0.0,0.0,359.91699396873696,False
1782924752.6743076,138.38082456588745,14.018683302600275,1.0119867335785295,0.027786758655127728,0.0,0.0,359.9397306466953,False
1782924752.7509313,138.45744824409485,14.026609471024136,1.0119573589645559,0.02778655203023471,0.0,0.0,359.9675451911708,False
1782924752.8355184,138.54203534126282,14.039296019481228,1.0119181456673472,0.02778612940301675,0.0,0.0,0.0107208654536573,False
1782924752.9226599,138.62917685508728,14.061504442858695,1.0118725152622317,0.027785662467377605,0.0,0.0,0.08265631707235972,False
1782924753.005937,138.71245408058167,14.069436721210158,1.0118632311304723,0.027785695417860624,0.0,0.0,0.1072420648829375,False
1782924753.079511,138.7860279083252,14.07736599253526,1.0118575722629857,0.027785843280289883,0.0,0.0,0.13079034896156547,False
1782924753.1416576,138.84817457199097,14.097972574031274,1.0118593831885594,0.02778649728533614,0.0,0.0,0.1871175082568752,False
1782924753.231186,138.93770289421082,14.10431156403214,1.0118645878248138,0.02778667598839489,0.0,0.0,0.20310138220339868,False
1782924753.3034348,139.00995182991028,14.124910841917787,1.0118957904430845,0.027786837591090387,0.0,0.0,0.25095986181422625,False
1782924753.378282,139.0847990512848,14.139170036104339,1.0119294888121568,0.027786555038233837,0.0,0.0,0.2806214838825874,False
1782924753.4580572,139.16457414627075,14.14708595769892,1.0119521904693507,0.027786341784811312,0.0,0.0,0.2952062298769124,False
1782924753.5528686,139.2593855857849,14.159732478426207,1.0119939835620837,0.027786086082140702,0.0,0.0,0.31372562047428876,False
1782924753.6302352,139.3367521762848,14.179467656634484,1.0120677468540735,0.027791543482722048,0.0,0.0,0.33586738147048467,False
1782924753.7125545,139.41907143592834,14.184972171033188,1.0120884098890879,0.027796612433006965,0.0,0.0,0.3432231185977701,False
1782924753.7877076,139.49422454833984,14.19174721947882,1.0121138104755232,0.027803687260935413,0.0,0.0,0.3530697803254038,False
1782924753.8746424,139.58115935325623,14.20374447297637,1.0121588938716963,0.02780936212055076,0.0,0.0,0.37295527059521333,False
1782924753.952985,139.65950202941895,14.207195406153762,1.012171940146727,0.027807453898369406,0.0,0.0,0.37942228470842737,False
1782924754.016128,139.72264504432678,14.209800663969295,1.012181817373936,0.027804908075601275,0.0,0.0,0.3845054161533451,False
1782924754.094778,139.80129504203796,14.219038122227028,1.012216882744575,0.02779362356146682,0.0,0.0,0.40380882398148665,False
1782924754.1784275,139.88494443893433,14.221585493048691,1.0122265003015858,0.02779220820872767,0.0,0.0,0.4096129432520818,False
1782924754.2484503,139.95496726036072,14.223993876596614,1.0122355470979956,0.02779244558946653,0.0,0.0,0.4153779523317987,False
1782924754.3135288,140.0200457572937,14.226277597512963,1.0122440822283578,0.027794201662455612,0.0,0.0,0.42106475956598083,False
1782924754.3936646,140.10018157958984,14.232924641739782,1.0122688435996974,0.02780397890657554,0.0,0.0,0.4384280570484297,False
1782924754.467069,140.17358589172363,14.234842472652652,1.0122760361088616,0.027806030541568202,0.0,0.0,0.44365130732151037,False
1782924754.5422442,140.248761177063,14.236699760522791,1.012283047598753,0.02780678990716851,0.0,0.0,0.44884134940173764,False
1782924754.6126552,140.31917214393616,14.241600587822585,1.0123017396983383,0.027802172469052394,0.0,0.0,0.46301342179661475,False
1782924754.70002,140.40653705596924,14.243882274722708,1.0123104544278583,0.02779810869491422,0.0,0.0,0.4698151238743889,False
1782924754.777157,140.48367404937744,14.24544149459768,1.0123163734048304,0.027795682448429903,0.0,0.0,0.4745898696782256,False
1782924754.8547492,140.56126618385315,14.246943177685225,1.0123220298164712,0.027794213432863497,0.0,0.0,0.47933248061109945,False
1782924754.938105,140.64462208747864,14.251145124481862,1.0123376322726683,0.027796941082758545,0.0,0.0,0.49326171814549613,False
1782924755.0089505,140.71546745300293,14.252466098940184,1.0123425184091874,0.027799485043095176,0.0,0.0,0.497747000970646,False
1782924755.0734267,140.7799437046051,14.253501555911543,1.0123463662061905,0.027801571366950856,0.0,0.0,0.5012859233323126,False
1782924755.1350338,140.84155082702637,14.256759952666474,1.0123586596161065,0.027805530036058655,0.0,0.0,0.5126359465117819,False
1782924755.2116387,140.91815567016602,14.258449896126127,1.012365143625396,0.02780469296858114,0.0,0.0,0.5186344315374672,False
1782924755.288818,140.99533486366272,14.259625398535043,1.0123696690494566,0.027802927572305285,0.0,0.0,0.5228376281106095,True
1782924755.369855,141.07637190818787,14.260771305786378,1.0123740686775398,0.02780060110199233,0.0,0.0,0.5269751432916122,False
1782924755.4474957,141.1540126800537,14.264430358926967,1.0123878438104954,0.0277948881406705,0.0,0.0,0.5407766935358579,False
1782924755.524696,141.23121309280396,14.265442415216246,1.0123915710757354,0.02779518425228255,0.0,0.0,0.5447598088196666,False
1782924755.6028693,141.30938625335693,14.266432232388548,1.0123952049772456,0.027796452964430566,0.0,0.0,0.5486847112307565,False
1782924755.6820827,141.38859963417053,14.269498182841746,1.0124066149435176,0.02780308994797601,0.0,0.0,0.5609376938000212,False
1782924755.7588346,141.4653515815735,14.270432785184198,1.0124101796077272,0.027804407159243004,0.0,0.0,0.5647175052790139,False
1782924755.8380935,141.5446105003357,14.271355705729295,1.0124137341611041,0.027804799670351016,0.0,0.0,0.5684620882346835,False
1782924755.898307,141.6048240661621,14.272083949286571,1.0124165519135997,0.027804396403009437,0.0,0.0,0.5714234698608174,False
1782924755.9802809,141.68679785728455,14.274878650105517,1.0124272691322924,0.02779865431699627,0.0,0.0,0.5829910254801202,False
1782924756.0565007,141.76301765441895,14.275708205497786,1.0124303719961745,0.027796858866649742,0.0,0.0,0.5865574167715022,False
1782924756.1224113,141.828928232193,14.276357483362338,1.0124327713252397,0.02779589434937965,0.0,0.0,0.5893946934351773,False
1782924756.2039979,141.91051483154297,14.2782449696211,1.012439674180241,0.02779642599565457,0.0,0.0,0.5977561925310819,False
1782924756.275842,141.98235893249512,14.279622717646838,1.0124447666178693,0.0277995534232247,0.0,0.0,0.6038824890348562,False
1782924756.3541515,142.06066846847534,14.280379922762217,1.0124476204650041,0.027801529734119132,0.0,0.0,0.6072591768675305,False
1782924756.419131,142.125648021698,14.280981936581762,1.0124499200352155,0.027802882980786026,0.0,0.0,0.6099507559153764,False
1782924756.478989,142.1855058670044,14.282173057187997,1.0124545293332252,0.0278042777508795,0.0,0.0,0.6152806670188798,False
1782924756.5418053,142.24832224845886,14.283908638173624,1.0124612531677304,0.027802333084939422,0.0,0.0,0.6231009076528589,False
1782924756.606396,142.312912940979,14.284468960024796,1.0124633895810797,0.027800907813395902,0.0,0.0,0.6256721908758214,False
1782924756.6859958,142.39251279830933,14.285155312547465,1.0124659693178124,0.02779900568430673,0.0,0.0,0.6288755961577406,False
1782924756.757308,142.4638249874115,14.28609137269755,1.012469421617342,0.027796809809218646,0.0,0.0,0.6333344504684875,False
1782924756.8440118,142.55052876472473,14.288028142668317,1.0124764791314569,0.027796853716361765,0.0,0.0,0.6426895302183451,False
1782924756.9201038,142.62662076950073,14.288662619147885,1.0124788315385158,0.027798318955343456,0.0,0.0,0.6457527778762553,False
1782924757.0147378,142.72125482559204,14.289420468865876,1.0124816947112987,0.027800476569865992,0.0,0.0,0.6494131317665178,False
1782924757.106986,142.81350302696228,14.291535643685492,1.0124899076746736,0.02780389403586347,0.0,0.0,0.6596285630182931,False
1782924757.2150352,142.9215521812439,14.292259941108641,1.0124927114754192,0.027803077904905247,0.0,0.0,0.6631574151332734,False
1782924757.2791357,142.9856526851654,14.293083778419495,1.012495839155461,0.02780103782012319,0.0,0.0,0.6672442787774011,False
1782924757.3568244,143.06334137916565,14.29455477948549,1.0125012377162572,0.027796986366694663,0.0,0.0,0.6747658336269908,False
1782924757.4370146,143.14353156089783,14.295105446910418,1.0125032288692795,0.027796296647250245,0.0,0.0,0.6776154235436458,False
1782924757.5074904,143.2140073776245,14.295651533389167,1.012505215428915,0.02779637184447926,0.0,0.0,0.6804389223119128,False
1782924757.5877285,143.2942454814911,14.297386629826915,1.0125117516499975,0.0278005745709823,0.0,0.0,0.6893740498262397,False
1782924757.6658847,143.37240171432495,14.297925148833215,1.0125138506523488,0.027802117148819465,0.0,0.0,0.6921374075149906,False
1782924757.7434824,143.44999933242798,14.298459366704336,1.012515945173335,0.02780320811301932,0.0,0.0,0.694877072784607,False
1782924757.8066509,143.51316785812378,14.300016337763402,1.012521951519353,0.027802300264398214,0.0,0.0,0.7029707622775311,False
1782924757.882277,143.58879399299622,14.300516417817288,1.012523811968364,0.027800839780569984,0.0,0.0,0.7056464172285131,False
1782924757.9618683,143.6683852672577,14.301007553184352,1.0125256053423575,0.02779922230295716,0.0,0.0,0.7083094753077017,False
1782924758.0229704,143.72948741912842,14.301395170161534,1.0125270049461097,0.02779803895395061,0.0,0.0,0.7104260972445806,False
1782924758.0871089,143.793625831604,14.302826622501566,1.0125322112973125,0.027796766301420438,0.0,0.0,0.7182437712466542,False
1782924758.1497803,143.85629725456238,14.303206459008821,1.0125336369494957,0.027797465185444376,0.0,0.0,0.7203073555625268,False
1782924758.2415268,143.9480438232422,14.303681078788514,1.0125354524342958,0.02779878779533129,0.0,0.0,0.7228806153852151,False
1782924758.3193126,144.02582955360413,14.305370169438804,1.0125420659320254,0.02780327241107265,0.0,0.0,0.7320102127291497,False
1782924758.380367,144.08688402175903,14.305735728616767,1.0125434789367613,0.027803378340270513,0.0,0.0,0.7340071897520932,False
1782924758.444436,144.1509530544281,14.306096184135994,1.012544850698857,0.027803037362431202,0.0,0.0,0.7359977355598872,False
