epoch [s],elapsed [s],x [m],y [m],z [m],roll [deg],pitch [deg],yaw [deg],broadcast
1782043601.5001123,0.583756685256958,-8.407529447793159e-05,1.0000000010326966,0.03179115893368817,0.0,0.0,359.99999990761364,False
1782043601.59523,0.6788744926452637,-2.2186142288381297e-05,1.0000000002387848,0.03997656139387711,0.0,0.0,359.9999999075514,False
1782043601.659032,0.7426764965057373,9.561819495981293e-06,0.9999999998138441,0.036883434222675045,0.0,0.0,359.9999999079417,False
1782043601.7193625,0.8030068874359131,6.390109595420004e-06,0.999999999854483,0.03084685515748857,0.0,0.0,359.99999990789325,False
1782043601.7926767,0.8763210773468018,-3.133294850115638e-05,1.0000000003379903,0.02194947512305042,0.0,0.0,359.9999999075039,False
1782043601.8639715,0.9476158618927002,-8.333509728274063e-05,1.0000000010042776,0.017809050737249255,0.0,0.0,359.99999990760625,False
1782043601.9265723,1.0102167129516602,-0.00010200538875857666,1.000000001255611,0.01970165540896944,0.0,0.0,359.9999999078325,False
1782043601.992527,1.0761713981628418,-9.751505587364729e-05,1.0000000012148706,0.02454325180568544,0.0,0.0,359.9999999077824,False
1782043602.052332,1.1359763145446777,-7.302779526805381e-05,1.0000000009110819,0.030099986925989086,0.0,0.0,359.99999990754435,False
1782043602.115375,1.199019432067871,-3.173006115123732e-05,1.0000000003591345,0.03473215525870091,0.0,0.0,359.99999990751024,False
1782043602.1789696,1.2626140117645264,-9.393218258378638e-06,1.0000000000434135,0.03455330746257468,0.0,0.0,359.9999999077045,False
1782043602.242841,1.3264853954315186,-5.685378090204738e-06,0.999999999981934,0.031235221609226493,0.0,0.0,359.9999999077592,False
1782043602.3066478,1.3902921676635742,-2.180846256657224e-05,1.0000000001914144,0.026699858065340837,0.0,0.0,359.9999999075958,False
1782043602.3691835,1.4528279304504395,-5.810943855129689e-05,1.0000000006666394,0.022252804290827037,0.0,0.0,359.99999990748836,False
1782043602.4321961,1.5158405303955078,-8.449097586367435e-05,1.0000000010257661,0.021435661656188938,0.0,0.0,359.99999990764815,False
1782043602.4914641,1.575108528137207,-9.128461811307666e-05,1.0000000011324124,0.022997982868204807,0.0,0.0,359.9999999077309,False
1782043602.5564094,1.6400537490844727,-8.235283665328395e-05,1.000000001036035,0.026410818087137987,0.0,0.0,359.99999990764934,False
1782043602.6171525,1.7007968425750732,-5.6233498541227786e-05,1.0000000007013985,0.030572089700986592,0.0,0.0,359.9999999075047,False
1782043602.6791246,1.7627689838409424,-2.842545704396888e-05,1.0000000003138674,0.03292167298170233,0.0,0.0,359.9999999075636,False
1782043602.741745,1.8253893852233887,-1.4892383392338824e-05,1.0000000001081335,0.03242906546516295,0.0,0.0,359.9999999076848,False
1782043602.809016,1.89266037940979,-1.723646402976942e-05,1.0000000001229852,0.029872350334716923,0.0,0.0,359.9999999076727,False
1782043602.8758953,1.9595396518707275,-3.7308816071395026e-05,1.000000000379478,0.02617640468821153,0.0,0.0,359.999999907544,False
1782043602.9428241,2.026468515396118,-6.678941304139608e-05,1.0000000007740615,0.02335325812814143,0.0,0.0,359.99999990755583,False
1782043603.194862,2.278506278991699,-6.0549761985914645e-05,1.0000000007639405,0.028734503737441967,0.0,0.0,359.9999999075585,False
1782043603.2911773,2.374821662902832,3.0865096134596896e-05,1.0000000001889413,0.03168615481094898,0.0,0.0,359.9999999076799,False
1782043603.3570385,2.440682888031006,0.0017737416337355425,1.000000000061367,0.030015359357997727,0.0,0.0,359.9959915106591,False
1782043603.4340422,2.517686605453491,0.0063243201858863675,0.9999989509544099,0.02653327191338574,0.0,0.0,359.75080878395477,False
1782043603.5044148,2.588059186935425,0.01158431139757551,0.9999906195736411,0.02448537339053942,0.0,0.0,359.29843346409143,False
1782043603.5803318,2.6639761924743652,0.016336250026950876,0.9999720241782244,0.024440621781364486,0.0,0.0,358.87418673367785,False
1782043603.6533952,2.737039566040039,0.022351143680374632,0.9999295117367295,0.025918983924735243,0.0,0.0,358.35731115269533,False
1782043603.7332265,2.816870927810669,0.028843842917724467,0.9998566619777827,0.02811703750742113,0.0,0.0,357.8240257435747,False
1782043603.8219137,2.9055581092834473,0.040166724990089,0.9996556129245678,0.030360877774793835,0.0,0.0,356.93787100860175,False
1782043603.9052749,2.988919258117676,0.04839944965320448,0.9994454401977415,0.0298456090700099,0.0,0.0,356.33099652923454,False
1782043603.9753764,3.059020757675171,0.05680957524293979,0.9991438201145955,0.028391191060415058,0.0,0.0,355.9522007483246,False
1782043604.0603387,3.1439831256866455,0.06982002282207361,0.9985465337248838,0.0264897263162426,0.0,0.0,355.7030786460051,False
1782043604.1430726,3.226716995239258,0.08214650233852064,0.9978869344669759,0.026078504980763122,0.0,0.0,355.71525832592056,False
1782043604.264307,3.3479514122009277,0.09342421094963715,0.9972285806314544,0.026830997849738133,0.0,0.0,355.9016200230248,False
1782043604.3852546,3.4688990116119385,0.11824738953645243,0.9956898101645434,0.02882038031007387,0.0,0.0,356.56330962991655,False
1782043604.4791598,3.5628042221069336,0.13305222049342166,0.9947756393037848,0.028698015971650555,0.0,0.0,357.0214532738489,False
1782043604.6516628,3.735307216644287,0.15208566170756646,0.9936611319649042,0.027639336286156217,0.0,0.0,357.6319161422381,False
1782043604.7621067,3.8457510471343994,0.1751838809355051,0.9924567691135618,0.027138745421227736,0.0,0.0,358.39460865744127,False
1782043604.8991058,3.982750177383423,0.193871352267381,0.9916337430489748,0.02772173558835251,0.0,0.0,359.06401707053556,False
1782043604.9967468,4.08039116859436,0.21373605767945741,0.9909399275911454,0.02821603884124254,0.0,0.0,359.799614600642,False
1782043605.166643,4.250287294387817,0.23585654748117166,0.9904084924584375,0.027917449077321254,0.0,0.0,0.678236633264778,False
1782043605.2587707,4.34241509437561,0.2525188470729482,0.9901949753177913,0.027571624262915255,0.0,0.0,1.368145809647989,False
1782043605.3315613,4.415205717086792,0.2655393343285646,0.9901579493304887,0.027533902609845298,0.0,0.0,1.867352814938665,False
1782043605.4337559,4.51740026473999,0.2775995236159502,0.9902297080635617,0.027664707033093892,0.0,0.0,2.279865160248366,False
1782043605.5331962,4.616840600967407,0.29259154998388576,0.9904502931853674,0.027873067135008384,0.0,0.0,2.7634497184636957,False
1782043605.6274269,4.711071252822876,0.31055672988233973,0.990896182419131,0.02795734726397419,0.0,0.0,3.316780972345679,False
1782043605.7118955,4.795539855957031,0.3245226109539839,0.9913739684823359,0.027875851163255264,0.0,0.0,3.730376596719826,False
1782043605.8376694,4.921313762664795,0.3424899722542856,0.9921421255097254,0.02772872069662307,0.0,0.0,4.13934035972204,False
1782043605.9198985,5.003542900085449,0.3582919930165209,0.9929067594717418,0.027697319977635394,0.0,0.0,3.9102296618885695,False
1782043606.0013096,5.084954023361206,0.36729514563369636,0.9933722842659045,0.027743763585405444,0.0,0.0,3.5115423385950586,False
1782043606.0818217,5.165466070175171,0.3770337429166027,0.99388785858966,0.027815978816233825,0.0,0.0,2.9541287015918467,False
1782043606.163369,5.247013330459595,0.3886574182983957,0.9944971129872717,0.027869473412295086,0.0,0.0,2.225822681302682,False
1782043606.2376032,5.321247577667236,0.3994888039114866,0.9950195015519553,0.027858360782851015,0.0,0.0,1.7774848351068608,False
1782043606.3148155,5.3984599113464355,0.41022927868727577,0.9954862671271948,0.0278175464066269,0.0,0.0,1.4739967396256093,False
1782043606.3979683,5.481612682342529,0.42457351833507667,0.9960382113107996,0.0277626635250266,0.0,0.0,1.1658053851618195,False
1782043606.4939556,5.577600002288818,0.44406115446198685,0.9966711049080285,0.027739376129702748,0.0,0.0,0.835551630109957,False
1782043606.590205,5.67384934425354,0.4563484834650617,0.9970066940918951,0.027755896719566592,0.0,0.0,0.6640467684948108,False
1782043606.6573696,5.741014003753662,0.47159686135755685,0.9973648724307105,0.02778974979730637,0.0,0.0,0.436005098845612,False
1782043606.7296274,5.813271760940552,0.4850161958810054,0.9976468688139607,0.027817787975848725,0.0,0.0,359.96402080469323,False
1782043606.8050163,5.888660669326782,0.4952133370309791,0.9978218446723517,0.027824395203124196,0.0,0.0,359.5292427726447,False
1782043606.8814433,5.965087652206421,0.5063168999943554,0.9979385684659149,0.027814792953571036,0.0,0.0,359.2103258730479,False
1782043606.976823,6.060467481613159,0.5225176654373564,0.9979937374044229,0.027788928591316018,0.0,0.0,358.88896622469707,False
1782043607.051579,6.135223388671875,0.5392143911058211,0.9979335951219234,0.027769768028226158,0.0,0.0,358.6598691131419,False
1782043607.1288912,6.212535619735718,0.5514717150176535,0.9978261862864486,0.027767527461949198,0.0,0.0,358.53780960288566,False
1782043607.2219987,6.305643081665039,0.5667666480672027,0.9976294676942739,0.027776920689847325,0.0,0.0,358.44040949817,False
1782043607.3061264,6.389770746231079,0.5820231526996851,0.9973751032502741,0.027790923360665826,0.0,0.0,358.3994152294118,False
1782043607.4062495,6.489893913269043,0.6003011021424243,0.997011449896076,0.027800709406143164,0.0,0.0,358.4228753263046,False
1782043607.4907897,6.574434041976929,0.6155324901025563,0.9966747209393437,0.027798853493625833,0.0,0.0,358.4999779970092,False
1782043607.5822525,6.665896892547607,0.6321903806564894,0.996288775327197,0.02779026474512263,0.0,0.0,358.65129585654705,False
1782043607.6777425,6.761386871337891,0.6502236182737552,0.995870778805846,0.027782265388207054,0.0,0.0,358.88895085234753,False
1782043607.7548363,6.838480710983276,0.6666318579243823,0.9955092165902906,0.027782034512076274,0.0,0.0,359.1601120351991,False
1782043607.827473,6.911117315292358,0.6784812741713778,0.9952689008495808,0.027785865843346424,0.0,0.0,359.3767832534416,False
1782043607.9024823,6.986126661300659,0.689410233946142,0.9950611379422739,0.027792535595273674,0.0,0.0,359.41165503627946,False
1782043607.9824276,7.0660719871521,0.7017770611822133,0.9948391517827102,0.027801173613636394,0.0,0.0,359.1149093008843,False
1782043608.0621228,7.1457672119140625,0.7133062568805421,0.9946356054617581,0.027805385565612895,0.0,0.0,358.5768437104055,False
1782043608.1375482,7.2211925983428955,0.7221505244467451,0.9944699523330327,0.027804372187663583,0.0,0.0,358.06997671118796,False
1782043608.2126317,7.296276092529297,0.7318305347954294,0.9942660189497807,0.02779996324554,0.0,0.0,357.4702074908372,True
1782043608.2952216,7.378865957260132,0.7436489989473353,0.9939595489917217,0.02779404453525966,0.0,0.0,356.7642696959539,False
1782043608.3673713,7.4510157108306885,0.7534182280510922,0.9936196518676244,0.027790807468696187,0.0,0.0,356.4327667173835,False
1782043608.4534507,7.537095069885254,0.7635416002267079,0.9932087082093972,0.027789766642341437,0.0,0.0,356.1196805345385,False
1782043608.5332603,7.6169047355651855,0.77753633453825,0.9925794252068334,0.027793793626673557,0.0,0.0,355.42388758687866,False
1782043608.6106968,7.69434118270874,0.7878852323940149,0.9920381310305165,0.027797725209477486,0.0,0.0,354.9649508263575,False
1782043608.7218235,7.805467844009399,0.8024947869363004,0.9911334960735679,0.027798916311770117,0.0,0.0,354.75048859766747,False
1782043608.7914119,7.875056266784668,0.8144084378137727,0.9903166372727495,0.027797222980563602,0.0,0.0,354.6258012333086,False
1782043608.8606591,7.944303512573242,0.823426809438345,0.9896643945370253,0.02779584221156146,0.0,0.0,354.3556276556942,False
1782043608.9289384,8.012582778930664,0.8312583890203419,0.9890670301274701,0.027795082339259976,0.0,0.0,354.29027681431853,False
1782043608.990058,8.073702335357666,0.8389613603400788,0.988455515813136,0.02779520471223184,0.0,0.0,354.40566872289065,False
1782043609.0701866,8.153831005096436,0.8506535178161057,0.9874964213065497,0.027797127420441752,0.0,0.0,354.89991632004495,False
1782043609.140668,8.22431230545044,0.8588269404094208,0.9868164958522003,0.027798974020183453,0.0,0.0,355.39915895247407,False
1782043609.2147803,8.29842472076416,0.8662438968704979,0.986203445351704,0.027799724649052598,0.0,0.0,355.8276712116637,False
1782043609.2743015,8.357945919036865,0.8750772489501611,0.985490181050667,0.027799092873583595,0.0,0.0,356.30038892461795,False
1782043609.3595126,8.443156957626343,0.887623387757661,0.9845251672671335,0.027796351281646106,0.0,0.0,356.93989592365705,False
1782043609.4278123,8.511456727981567,0.8957675344770388,0.9839365878951355,0.02779447654568992,0.0,0.0,357.3442840051684,False
1782043609.490279,8.573923349380493,0.9040041636407625,0.9833764289141094,0.027793245939850966,0.0,0.0,357.7468387690315,False
1782043609.5699668,8.653611183166504,0.9158825168532264,0.9826368442022072,0.027793165255067667,0.0,0.0,358.320517659028,False
1782043609.638885,8.722529411315918,0.9266413088469936,0.9820418822613196,0.02779445121273096,0.0,0.0,358.8369622783197,False
1782043609.7088604,8.792504787445068,0.9350523048145546,0.9816298240775317,0.02779568056510172,0.0,0.0,359.23719053791854,False
1782043609.7771807,8.860825061798096,0.9447038444687257,0.9812168724277877,0.027796656463764814,0.0,0.0,359.6931551699655,False
1782043609.8648174,8.948461771011353,0.9580260276719654,0.9807555254186984,0.027796651450063277,0.0,0.0,0.31839378229641735,False
1782043609.9423754,9.026019811630249,0.9689617559993977,0.9804737299446322,0.027795722046039018,0.0,0.0,0.8285132238306934,False
1782043610.0160406,9.099684953689575,0.9787298671234279,0.9802983264177233,0.02779473254319216,0.0,0.0,1.278091603201081,False
1782043610.1099842,9.193628549575806,0.9910226452060509,0.9801818598117137,0.027793944800267426,0.0,0.0,1.8332430733134264,False
1782043610.1877708,9.27141523361206,1.0047166802599092,0.9801919027537169,0.027793890718111097,0.0,0.0,2.4277139797064535,False
1782043610.2702765,9.353920936584473,1.018045625888108,0.9803634389001175,0.02779311988247302,0.0,0.0,2.872166608803243,False
1782043610.3430543,9.426698684692383,1.029257549254933,0.980615781163761,0.027791634628494315,0.0,0.0,3.175732232239039,False
1782043610.4254622,9.509106636047363,1.0423013947351323,0.9810155359042221,0.027789285539891052,0.0,0.0,3.4760703083792737,False
1782043610.5001924,9.583836793899536,1.054765572278875,0.9814699050511191,0.02778891585682372,0.0,0.0,3.5988448861434885,False
1782043610.595485,9.679129362106323,1.0691223802504826,0.9820630959187997,0.02779236361797107,0.0,0.0,3.419941487854837,False
1782043610.7272909,9.810935258865356,1.0922357926944004,0.9831729845279287,0.027794270274485246,0.0,0.0,3.1506090551526995,False
1782043610.8068764,9.890520811080933,1.1057731187987139,0.9838579297557668,0.02779178296688249,0.0,0.0,2.993005203827161,False
1782043610.8965366,9.980180978775024,1.1209906962080673,0.9846338031844604,0.02778656552562314,0.0,0.0,2.8112180736722414,False
1782043610.975008,10.058652400970459,1.133174984803385,0.9852499297497701,0.027782863163986857,0.0,0.0,2.6538380569908564,False
1782043611.0790925,10.162736892700195,1.1559437646047372,0.9863666783632526,0.027783143046855207,0.0,0.0,2.3247667751316827,False
1782043611.1540208,10.237665176391602,1.1725636612496513,0.9871368489330803,0.027788811207061895,0.0,0.0,2.0553083843742534,False
1782043611.2339597,10.317604064941406,1.1861334991550936,0.9877282203753515,0.02779313091461178,0.0,0.0,1.821857121025427,False
1782043611.3194947,10.403139114379883,1.1998577703598332,0.9882850061931947,0.02779409239474959,0.0,0.0,1.6039872527831749,False
1782043611.400106,10.483750343322754,1.2168069556143084,0.9889120421655653,0.02779034396202854,0.0,0.0,1.3615607661535656,False
1782043611.5030122,10.58665657043457,1.2354501343703357,0.9895239343763799,0.027784321891253645,0.0,0.0,1.124453699348868,False
1782043611.5801077,10.66375207901001,1.2476323518308796,0.9898837505690418,0.0277828484045028,0.0,0.0,1.0202042168892806,False
1782043611.6540291,10.73767352104187,1.2609966056094228,0.9902597595111006,0.0277888139854065,0.0,0.0,1.228758753318193,False
1782043611.727596,10.811240434646606,1.2718371932542414,0.9905553737987027,0.027797928699126284,0.0,0.0,1.674852894455737,False
1782043611.816466,10.900110483169556,1.2819984804173203,0.9908358633778709,0.02780528123108368,0.0,0.0,2.238794467185904,False
1782043611.8838665,10.96751093864441,1.2908335907692992,0.991096898178791,0.027807165579837985,0.0,0.0,2.7559318869689666,False
1782043611.9645228,11.04816722869873,1.3035230815885968,0.9915462528006255,0.02780139596626223,0.0,0.0,3.2136557945266078,False
1782043612.0421693,11.125813722610474,1.3176341343770717,0.9921384889503893,0.0277902128873872,0.0,0.0,3.5422842474863967,False
1782043612.1213336,11.204977989196777,1.3295205474214289,0.9927010903622777,0.027781741826976878,0.0,0.0,3.7492121975939803,False
1782043612.201831,11.285475492477417,1.344714493012131,0.9934925685157163,0.0277764793091484,0.0,0.0,3.9525218889349856,False
1782043612.2829454,11.366589784622192,1.361490280526339,0.994447113710405,0.027779501538072942,0.0,0.0,4.100060979219998,False
1782043612.3774798,11.461124181747437,1.3764780711333187,0.9953586037245159,0.027787638149207736,0.0,0.0,4.221811536780333,False
1782043612.4566305,11.540274858474731,1.3871388494333674,0.9960259005084316,0.027796592928180618,0.0,0.0,4.529130757458302,False
1782043612.5262635,11.609907865524292,1.3993626766887175,0.9968214232539806,0.02780511512411918,0.0,0.0,5.0780513570494685,False
1782043612.599319,11.682963371276855,1.4110169183282801,0.9976525132170625,0.027805265614028574,0.0,0.0,5.414458363095877,False
1782043612.6927545,11.77639889717102,1.4233396860982153,0.9986064209897733,0.027798583269351924,0.0,0.0,5.613392934719256,False
1782043612.785261,11.868905305862427,1.440092460378626,0.999998254346309,0.02778649559078251,0.0,0.0,5.696157560311241,False
1782043612.8616781,11.945322513580322,1.4541505192018611,1.0012299938752605,0.02778076979320532,0.0,0.0,5.6219311345144956,False
1782043612.9489706,12.032614946365356,1.4660239028030608,1.0022947141457736,0.02778360641346736,0.0,0.0,5.686464927608432,False
1782043613.0194502,12.103094577789307,1.47571313401631,1.0031759010017967,0.02779178099633849,0.0,0.0,5.982220160645297,False
1782043613.1049783,12.18862271308899,1.4882344946118475,1.004343737499619,0.027804043587396896,0.0,0.0,6.602824354481182,False
1782043613.1910167,12.27466106414795,1.4991061811256985,1.0054013804354314,0.027808746033967366,0.0,0.0,7.254423116193922,False
1782043613.287605,12.371249437332153,1.5087788819474113,1.006395674475826,0.027805555821836036,0.0,0.0,7.8101918587461405,False
1782043613.36694,12.450584411621094,1.5240873789076717,1.008126013217563,0.02779351309741919,0.0,0.0,8.163911624784875,False
1782043613.4497325,12.533376932144165,1.5352899181999216,1.0094862324864033,0.027786717782646478,0.0,0.0,8.186896143143372,False
1782043613.5198123,12.603456735610962,1.544085343034185,1.010592105373933,0.027784840102494244,0.0,0.0,8.08977993773838,False
1782043613.604555,12.688199281692505,1.5571105800130614,1.0122625787310309,0.02778954611378777,0.0,0.0,8.198594580183642,False
1782043613.6993957,12.783040046691895,1.5693470199484811,1.0138682226075901,0.02779891751823434,0.0,0.0,8.631444867948165,False
1782043613.7657673,12.849411725997925,1.5782686214907977,1.0150742725261601,0.027803827955701955,0.0,0.0,8.742961766770813,False
1782043613.8428385,12.926482915878296,1.5882598320242365,1.0164568280277364,0.02780480964539741,0.0,0.0,8.605690631311484,False
1782043613.9170191,13.00066351890564,1.5989576762215238,1.0179590708876707,0.027800981969261448,0.0,0.0,8.15494693478977,False
1782043613.9977813,13.081425666809082,1.6079678423097856,1.0192274728644468,0.027796369498774082,0.0,0.0,7.571596856933221,False
1782043614.0744586,13.158102989196777,1.6155358401483286,1.0202863893552558,0.027793935129710793,0.0,0.0,6.990464214435771,False
1782043614.1450517,13.22869610786438,1.6245628901252305,1.0215300167042178,0.027794611156832554,0.0,0.0,6.245226400827669,False
1782043614.2301679,13.313812255859375,1.6332500069806204,1.022694523699636,0.027798287917350586,0.0,0.0,5.963384647820449,False
1782043614.2977314,13.381375789642334,1.639486773897138,1.0235006667396975,0.027800834975983693,0.0,0.0,5.914565496738774,False
1782043614.3722038,13.455848217010498,1.6472651109997882,1.0244646164087186,0.02780190454325815,0.0,0.0,5.698398298040037,False
1782043614.4616961,13.545340538024902,1.659931604267022,1.025954212079586,0.02779889331008678,0.0,0.0,5.1729095008820565,False
1782043614.5317543,13.615398645401001,1.6686029726239346,1.026925096629418,0.027795492368657415,0.0,0.0,4.885973580638634,False
1782043614.6067328,13.690377235412598,1.6769784606183205,1.0278341589619433,0.027793438255180134,0.0,0.0,4.895539225787317,True
1782043614.6837432,13.767387628555298,1.6872127570037592,1.028909808351175,0.0277940166441273,0.0,0.0,5.243261271681936,False
1782043614.7553709,13.839015245437622,1.6963078766758644,1.0298454389891314,0.027796932031553496,0.0,0.0,5.749725854016442,False
1782043614.8231802,13.906824588775635,1.703330863070899,1.0305652920947,0.02779948645811019,0.0,0.0,6.199748723909352,False
1782043614.9072447,13.990889072418213,1.7126816059398016,1.031535886412713,0.0278011285911561,0.0,0.0,6.558459412752934,False
1782043615.0087895,14.09243392944336,1.726890941527057,1.0330507155731161,0.027798665022486877,0.0,0.0,6.573404398836236,False
1782043615.1022873,14.18593168258667,1.7389741759301878,1.0343624904048447,0.027794716258774322,0.0,0.0,6.189638722579242,False
1782043615.1707253,14.254369735717773,1.7474902862146733,1.0352877751812373,0.027793308589510048,0.0,0.0,5.954145591329047,False
1782043615.2532148,14.336859226226807,1.7587185297359877,1.0365007343616415,0.027794964834381732,0.0,0.0,6.107193958556584,False
1782043615.3319392,14.415583610534668,1.7676949013304994,1.0374694586155706,0.02779830690483206,0.0,0.0,6.532691176840754,False
1782043615.409867,14.493511438369751,1.7756490122127964,1.0383364992841952,0.027800971071742394,0.0,0.0,7.018355835717515,False
1782043615.4847865,14.56843090057373,1.7846076960800137,1.039334628458894,0.027801968441639246,0.0,0.0,7.571051760207323,False
1782043615.5858316,14.66947603225708,1.7979400083010733,1.0408862835225468,0.02779896684834252,0.0,0.0,7.785393346774097,False
1782043615.6627312,14.746375560760498,1.8061005371248282,1.0418677234345788,0.02779626801348592,0.0,0.0,7.5887234854745245,False
1782043615.76337,14.847014427185059,1.817819932077675,1.0432966493920748,0.027794652395225113,0.0,0.0,6.932061786234449,False
1782043615.8488483,14.932492733001709,1.827925271633885,1.0445282439997898,0.02779681231209995,0.0,0.0,6.14892211934137,False
1782043615.9217877,15.00543212890625,1.8349766884734227,1.0453760730666557,0.027799413854893228,0.0,0.0,5.723575216658636,False
1782043616.01027,15.09391450881958,1.8435435671826599,1.046385148863704,0.02780178239831735,0.0,0.0,5.72275562101478,False
1782043616.107207,15.19085144996643,1.8535718478959176,1.0475415872315028,0.027801605133617954,0.0,0.0,6.282478856368565,False
1782043616.2002723,15.283916711807251,1.8625987303356382,1.0485758742685973,0.027799296653319813,0.0,0.0,7.045077333516595,False
1782043616.277208,15.360852479934692,1.8682834790590273,1.0492329848185784,0.027797829171287862,0.0,0.0,7.53910462676449,False
1782043616.3520045,15.435648918151855,1.8763658454608703,1.0501847974246574,0.027796927613974634,0.0,0.0,7.758794514606511,False
1782043616.4237394,15.507383823394775,1.8844183437397604,1.0511544133725323,0.027797728953735543,0.0,0.0,7.4834012981004445,False
1782043616.4980717,15.581716060638428,1.8909689890140502,1.05195361344965,0.02779896854927532,0.0,0.0,7.191089515731436,False
1782043616.5725195,15.656163930892944,1.8978319538235386,1.052795820717792,0.027799838171888854,0.0,0.0,7.189547304196264,False
1782043616.6439438,15.727588176727295,1.906797897624049,1.0539027694154048,0.027799657379894448,0.0,0.0,7.3735138631229225,False
1782043616.7169135,15.800557851791382,1.9152673844834833,1.054958006688559,0.027798269848885063,0.0,0.0,7.275787505641594,False
1782043616.7855706,15.86921501159668,1.921889420026582,1.0557867190225223,0.02779707305640355,0.0,0.0,7.31754215463669,False
1782043616.859024,15.942668437957764,1.929417605630436,1.056732663485476,0.027796277557596047,0.0,0.0,7.5997925248449345,False
1782043616.9401226,16.02376699447632,1.9397198339880704,1.0580424295093709,0.027796753584990997,0.0,0.0,8.236344208473803,False
1782043617.0091543,16.092798709869385,1.947186130697708,1.0590122494315353,0.027797953873830984,0.0,0.0,8.775741645070628,False
1782043617.0948596,16.17850399017334,1.9555617161273,1.0601312045274707,0.027799315585413164,0.0,0.0,9.40792678356264,False
1782043617.167152,16.2507963180542,1.9638448587977764,1.0612771988032208,0.027799971208927896,0.0,0.0,10.056961481164748,False
1782043617.2628505,16.346494913101196,1.9746576137963947,1.0628420593809544,0.027799474625377706,0.0,0.0,10.476631646837186,False
1782043617.3327017,16.416346073150635,1.9817323605605317,1.063908790925931,0.027798691773345284,0.0,0.0,10.344873511761246,False
1782043617.406248,16.48989248275757,1.9886209098129553,1.0649711873859544,0.027798138155424767,0.0,0.0,9.957687085095033,False
1782043617.4888341,16.572478532791138,1.9978557925777427,1.0664195834598569,0.027798212352419402,0.0,0.0,9.578816807578471,False
1782043617.5560327,16.639677047729492,2.0044464936445956,1.0674642528103697,0.027798782386295826,0.0,0.0,9.708584898711784,False
1782043617.6227527,16.70639705657959,2.0101492009682587,1.0683761784699906,0.0277993759302685,0.0,0.0,10.037446985855226,False
1782043617.6977131,16.781357526779175,2.0174127967332907,1.0695533510391135,0.027799892153364626,0.0,0.0,10.622961840399316,False
1782043617.7867267,16.870371103286743,2.024615601444108,1.0707452863710485,0.02779988629092687,0.0,0.0,11.281875855600934,False
1782043617.8748436,16.95848798751831,2.0349378165013063,1.0725124401847763,0.027799164692800794,0.0,0.0,12.269185956055866,False
1782043617.9730537,17.056698083877563,2.0436136035414996,1.074066196474671,0.0277985923081088,0.0,0.0,13.112165605218372,False
1782043618.0466435,17.130287885665894,2.049896044670115,1.0752375998912407,0.027798520307079636,0.0,0.0,13.726147008025144,False
1782043618.1297047,17.213349103927612,2.0585022150340984,1.0769132544606173,0.02779889447028851,0.0,0.0,14.39415721567738,False
1782043618.203574,17.28721833229065,2.0655194177437433,1.078342258616307,0.027799335236204148,0.0,0.0,14.425819082600583,False
1782043618.2842412,17.36788558959961,2.0717421381201473,1.0796512712722897,0.027799584601539227,0.0,0.0,14.137013036060372,False
1782043618.355887,17.439531326293945,2.0787303527687158,1.0811570573136149,0.02779957269838812,0.0,0.0,13.589650406803589,False
1782043618.4272764,17.510920763015747,2.085709802927769,1.082685230632738,0.027799303775999824,0.0,0.0,13.175920646878609,False
1782043618.5027628,17.58640718460083,2.09190893271728,1.0840548724266357,0.027799006621531015,0.0,0.0,13.136572533817255,False
1782043618.577677,17.66132140159607,2.0981045775648264,1.0854326972238169,0.0277988108700909,0.0,0.0,12.892809491367354,False
1782043618.6561222,17.739766597747803,2.1066202962735714,1.0873329341700275,0.027798841486963145,0.0,0.0,12.235768303231856,False
1782043618.7331676,17.81681203842163,2.1135877412266297,1.0888817545679974,0.027799066712654426,0.0,0.0,11.586008477754257,False
1782043618.8107996,17.89444398880005,2.119783119106337,1.0902454852863976,0.027799284464576152,0.0,0.0,11.160194938147168,False
1782043618.8878376,17.971482038497925,2.127531471119739,1.091927344617795,0.02779941531582123,0.0,0.0,11.159004333002496,False
1782043618.961674,18.045318365097046,2.1352837711612684,1.093588004364564,0.027799328375785085,0.0,0.0,11.596740800734795,False
1782043619.031687,18.115331411361694,2.1407115334768454,1.0947441136948208,0.027799184671500277,0.0,0.0,12.050566102528625,False
1782043619.1117527,18.19539713859558,2.147689626925863,1.0962319058267798,0.027799007191327295,0.0,0.0,12.703275904378279,False
1782043619.1813648,18.26500916481018,2.155439910985471,1.0978985761256173,0.027798935749120287,0.0,0.0,13.459389024761638,False
1782043619.2506871,18.334331512451172,2.161635812121393,1.0992506526582988,0.027798997543559963,0.0,0.0,14.071066514389003,False
1782043619.317861,18.40150547027588,2.167052847205161,1.100452423548456,0.027799105534633713,0.0,0.0,14.518295324138636,False
1782043619.3873549,18.470999240875244,2.1732379375517015,1.1018503849476609,0.027799229498394678,0.0,0.0,14.651091732320138,False
1782043619.4578424,18.541486740112305,2.180189252376992,1.103452296726408,0.027799299024531886,0.0,0.0,14.42183304699177,False
1782043619.5311093,18.61475372314453,2.187135240374269,1.1050771280600853,0.027799265058108875,0.0,0.0,13.913129567666855,False
1782043619.6157477,18.699392080307007,2.194078640582021,1.1067136870970937,0.02779916194360201,0.0,0.0,13.37087687095906,False
1782043619.6990545,18.7826988697052,2.201793175863462,1.1085345252168815,0.027799052973764338,0.0,0.0,13.287840350312447,False
1782043619.7928455,18.876489877700806,2.2110503857326362,1.1107214829719172,0.027799031569774733,0.0,0.0,13.783368591714964,False
1782043619.8669832,18.95062756538391,2.2172201535177685,1.1121869329777008,0.027799086825185112,0.0,0.0,14.311805214540284,False
1782043619.9630218,19.046666145324707,2.2256982606758764,1.114223852979212,0.027799187781039323,0.0,0.0,15.121678314919029,False
1782043620.0614707,19.14511513710022,2.235704868656278,1.1166825730385952,0.027799232347528957,0.0,0.0,16.111767229688823,False
1782043620.129375,19.213019371032715,2.241853208520637,1.1182323878471037,0.02779920049478911,0.0,0.0,16.724992039844484,False
1782043620.1943874,19.278031826019287,2.2472257053318057,1.1196157409958516,0.027799151958620223,0.0,0.0,17.26217292890591,False
1782043620.265229,19.348873376846313,2.2533562072028626,1.1212313555679703,0.027799099908185642,0.0,0.0,17.876331969730444,False
1782043620.3458958,19.429540157318115,2.261766988299311,1.1235190899129537,0.02779907541740653,0.0,0.0,18.720930818087893,False
1782043620.4294949,19.513139247894287,2.268630624719956,1.125452649320879,0.027799103343717383,0.0,0.0,19.32253054577209,False
1782043620.511407,19.595051288604736,2.2754772457210386,1.127443496130578,0.027799151725095183,0.0,0.0,19.44909622871603,False
1782043620.596902,19.680546283721924,2.2823083388312,1.1294863929298031,0.027799188570991815,0.0,0.0,19.523690343844567,False
1782043620.6835117,19.76715612411499,2.2921507233374405,1.1325193146733907,0.027799184263823846,0.0,0.0,20.191417635504386,False
1782043620.7568676,19.84051203727722,2.298192321062206,1.1344346907015932,0.027799154316704478,0.0,0.0,20.51922348697549,False
1782043620.8528976,19.93654203414917,2.30572785010504,1.1368804699174497,0.027799116231280136,0.0,0.0,20.43005774560705,False
1782043620.94122,20.024864435195923,2.314751126890513,1.1398764131271077,0.027799104697452042,0.0,0.0,19.80598646378924,True
1782043621.0353687,20.11901307106018,2.323011809739316,1.1426578632115294,0.027799130203823984,0.0,0.0,19.025979170846718,False
1782043621.102975,20.1866192817688,2.328267022683187,1.1444342405790906,0.027799152105658375,0.0,0.0,18.499941196988917,False
1782043621.176335,20.259979486465454,2.335025323364834,1.1467148993757417,0.027799170815274277,0.0,0.0,17.813844559906013,False
1782043621.278928,20.36257243156433,2.3432922931447857,1.1494833819504349,0.027799167504122962,0.0,0.0,17.14731889774976,False
1782043621.358807,20.44245147705078,2.3508168341536795,1.151973347299559,0.02779914595968784,0.0,0.0,17.13771540292432,False
1782043621.4311018,20.51474618911743,2.3575953661058318,1.1541952385118115,0.027799126703141008,0.0,0.0,17.512452666941403,False
1782043621.5189574,20.602601766586304,2.3658843846457533,1.1568991123079913,0.027799119985931396,0.0,0.0,18.23358337244736,False
1782043621.5919974,20.675641775131226,2.372665650348423,1.1591140345710844,0.027799130210027924,0.0,0.0,18.898556843875845,False
1782043621.6891284,20.772772789001465,2.380195253615357,1.161590909050007,0.027799148258073045,0.0,0.0,19.65849140664156,False
1782043621.7643576,20.848001956939697,2.387715249282421,1.1640962927332301,0.027799159685794383,0.0,0.0,20.424386568017546,False
1782043621.914105,20.99774932861328,2.400466244799656,1.168450016119282,0.027799149076825135,0.0,0.0,21.72916484331463,False
1782043621.9890242,21.07266855239868,2.407195145885028,1.1708151078163656,0.027799137109705545,0.0,0.0,22.420197330149076,False
1782043622.0706432,21.154287576675415,2.4146506753096255,1.1734998298417811,0.027799130295970052,0.0,0.0,23.18804660193289,False
1782043622.1459825,21.229626893997192,2.4205973852265377,1.1756944238974592,0.02779913258602617,0.0,0.0,23.802333889156,False
1782043622.2361498,21.319794178009033,2.428006499090115,1.178500297031768,0.027799142129219058,0.0,0.0,24.57019605936774,False
1782043622.3176472,21.401291608810425,2.4368587284433865,1.1819645950258482,0.027799152649217763,0.0,0.0,25.49163239753863,False
1782043622.392992,21.47663640975952,2.443468038648076,1.1846357696116714,0.02779915377801301,0.0,0.0,26.182710295409183,False
1782043622.4631934,21.54683780670166,2.448589831311495,1.186758063266882,0.027799150388652934,0.0,0.0,26.720215589966458,False
1782043622.5362353,21.619879722595215,2.455149660604482,1.1895456291601563,0.02779914346838702,0.0,0.0,27.411294088421613,False
1782043622.615183,21.698827505111694,2.462403378860058,1.192722259265779,0.02779913767149894,0.0,0.0,28.179159365804484,False
1782043622.696507,21.7801513671875,2.468898793376901,1.1956539189675082,0.027799137410094526,0.0,0.0,28.870238328069696,False
1782043622.7721496,21.855793952941895,2.474645233424074,1.198318452937405,0.027799140909588578,0.0,0.0,29.484530893256284,False
1782043622.8518198,21.93546414375305,2.4825030484643,1.2020732613123575,0.02779914747519693,0.0,0.0,30.329183392423705,False
1782043622.925118,22.00876235961914,2.4881850394675333,1.2048708061658953,0.02779915033919554,0.0,0.0,30.94347626636002,False
1782043623.0499406,22.13358497619629,2.4980594136524554,1.2099027629558015,0.027799148315541797,0.0,0.0,32.01848903998781,False
1782043623.1262972,22.209941625595093,2.505753827712372,1.21397862190646,0.027799143446102934,0.0,0.0,32.863142097293064,False
1782043623.2125895,22.296233892440796,2.512005832310856,1.2173935636782918,0.027799140882245176,0.0,0.0,33.55422195086405,False
1782043623.2938948,22.37753915786743,2.518217619041098,1.2208806545281552,0.02779914115698031,0.0,0.0,34.24530186655462,False
1782043623.3679748,22.451619148254395,2.525071178436151,1.2248397313800723,0.027799144102354317,0.0,0.0,35.013168510784226,False
1782043623.4390206,22.52266502380371,2.5311946902074536,1.2284788208909923,0.027799147081815963,0.0,0.0,35.70424855417285,False
1782043623.520865,22.604509353637695,2.5366014331867603,1.2317737749998185,0.027799148443588828,0.0,0.0,36.31854197297288,False
1782043623.6155057,22.69915008544922,2.5446457987661693,1.2368220330112558,0.027799147293705768,0.0,0.0,37.23998216868395,False
1782043623.6849568,22.768601179122925,2.5506260955699758,1.2406911689234552,0.027799144987270485,0.0,0.0,37.931062354270495,False
1782043623.760474,22.844118356704712,2.5559029443335253,1.2441897594852114,0.027799143269182494,0.0,0.0,38.54535587238872,False
1782043623.8649018,22.948546171188354,2.557216344818505,1.2450731021407204,0.027799143002316732,0.0,0.0,38.698929254419085,False
1782043623.944279,23.027923345565796,2.5604895651362956,1.2472966249650308,0.02779914270219408,0.0,0.0,39.082862713723166,False
1782043624.0234675,23.107111930847168,2.568284564867845,1.252721085398216,0.02779914396043502,0.0,0.0,40.00430304197635,False
1782043624.1019158,23.18556022644043,2.575353209779127,1.2578018956114614,0.027799146123891273,0.0,0.0,40.84895671162585,False
1782043624.1709976,23.254642009735107,2.5804469642650236,1.2615616161544978,0.02779914709180591,0.0,0.0,41.46325031105117,False
1782043624.2731338,23.356778144836426,2.5873848943213487,1.2668192866299843,0.02779914680863233,0.0,0.0,42.30790403501834,False
1782043624.3508184,23.434462785720825,2.5942449986432687,1.27217800320498,0.027799145263975495,0.0,0.0,43.15255777886412,False
1782043624.4441874,23.52783179283142,2.6004126226167754,1.2771363691769397,0.027799144064496302,0.0,0.0,43.92042482943234,False
1782043624.549992,23.633636474609375,2.6071198835195406,1.2826850527840687,0.027799143995477366,0.0,0.0,44.765078594898675,False
1782043624.6650238,23.74866819381714,2.616133308101946,1.2904089726805934,0.02779914553049715,0.0,0.0,45.91687920543868,False
1782043624.7497432,23.83338761329651,2.6220554464260712,1.2956579247911233,0.027799146340016224,0.0,0.0,46.68474629535693,False
1782043624.8671973,23.950841665267944,2.627906867591692,1.3009855656002078,0.027799146287345068,0.0,0.0,47.45261339689951,False
1782043624.9474306,24.03107500076294,2.633111799197167,1.305846959232516,0.027799145629861362,0.0,0.0,48.14369379534892,False
1782043625.0252988,24.108943223953247,2.6422190518048256,1.314642830303862,0.027799144533846448,0.0,0.0,49.37228117989367,False
1782043625.11495,24.198594331741333,2.648370068444334,1.320802167746095,0.027799144667195186,0.0,0.0,50.21693501284266,False
1782043625.209869,24.293513298034668,2.6538826505359654,1.3264796072939191,0.02779914528146776,0.0,0.0,50.98480213985473,False
1782043625.295532,24.379176378250122,2.6593187216839085,1.3322303355274838,0.027799145840935454,0.0,0.0,51.75266927412583,False
1782043625.3718176,24.455461978912354,2.6652088548348725,1.338639567784357,0.02779914592989814,0.0,0.0,52.597323129900886,False
1782043625.4793386,24.56298303604126,2.6710039285691978,1.345134867434405,0.027799145492288405,0.0,0.0,53.441976991980816,False
1782043625.560116,24.643760442733765,2.675673760669508,1.3505122435489638,0.02779914506248436,0.0,0.0,54.13305742761386,False
1782043625.6570668,24.740711212158203,2.682303848910476,1.3583780513960577,0.027799144866816047,0.0,0.0,55.1312847273631,False
1782043625.7419052,24.825549602508545,2.6868131971634774,1.3638906887283695,0.027799145092794852,0.0,0.0,55.82236516899096,False
1782043625.8265338,24.910178184509277,2.6917452153276455,1.370079100786081,0.02779914547035308,0.0,0.0,56.59023233065672,False
1782043625.9118779,24.995522260665894,2.6975535343654364,1.3775915814808792,0.02779914570530908,0.0,0.0,57.51167293120497,False
1782043625.9799275,25.06357192993164,2.700885690549504,1.382016662423304,0.02779914564605013,0.0,0.0,58.049179951164916,False
1782043626.0550907,25.138735055923462,2.7046428518225802,1.3871119040732982,0.027799145447735804,0.0,0.0,58.663473690368384,False
1782043626.1437879,25.227432250976562,2.710175647918539,1.3948295451223616,0.027799145133042984,0.0,0.0,59.58491430239889,False
1782043626.2220883,25.30573272705078,2.714243417227279,1.4006756107282559,0.02779914506113189,0.0,0.0,60.275994763703395,False
1782043626.2975678,25.38121223449707,2.7177997950433275,1.4059129652289872,0.027799145147595045,0.0,0.0,60.8902885089777,False
1782043626.3771725,25.460816860198975,2.7225977249713083,1.4131759614779613,0.02779914538224104,0.0,0.0,61.734942412279864,False
1782043626.44891,25.532554388046265,2.7264433335947684,1.4191704995394945,0.027799145526639965,0.0,0.0,62.42602288200026,False
1782043626.5268087,25.610453128814697,2.729800741728558,1.4245375741506618,0.02779914554457921,0.0,0.0,63.040316635337604,False
1782043626.6098325,25.693476915359497,2.733508800998299,1.4306181557711015,0.02779914544561348,0.0,0.0,63.73139711025793,False
1782043626.6912637,25.7749080657959,2.737940862612585,1.4381100196000765,0.0277991452663213,0.0,0.0,64.57605102689318,False
1782043626.78016,25.86380434036255,2.741484637557455,1.4442877879360008,0.027799145183316734,0.0,0.0,65.26713150618404,False
1782043626.8718538,25.955498218536377,2.745334454170567,1.4512015362531825,0.027799145213887357,0.0,0.0,66.03499870764703,False
1782043626.9633782,26.047022581100464,2.7502307138188073,1.4604922256884094,0.02779852395801495,0.0,0.0,66.84468731527429,False
1782043627.041466,26.125110387802124,2.7548241047679083,1.4699187892368022,0.027795910246500286,0.0,0.0,67.22685273958136,False
1782043627.1109917,26.19463610649109,2.759916933163196,1.4808446331231992,0.02779123130573305,0.0,0.0,67.51197214733688,False
1782043627.1979237,26.28156805038452,2.7658686151188014,1.4940556689182036,0.027785035846946107,0.0,0.0,67.76255097886686,False
1782043627.2712827,26.35492706298828,2.770722454092099,1.5051062481085016,0.02778121556861031,0.0,0.0,67.92990864779354,False
1782043627.349041,26.432685375213623,2.7768161020788757,1.5192683532075089,0.02777995861742432,0.0,0.0,68.10994673174847,False
1782043627.4289906,26.512634992599487,2.782287046502373,1.5322167884467242,0.027782435866849337,0.0,0.0,68.251060417895,False
1782043627.5298061,26.613450527191162,2.785918913003896,1.5409191174152455,0.027785241716031597,0.0,0.0,68.33641376035975,False
1782043627.6217976,26.70544195175171,2.794334449842135,1.5613663445229173,0.027790758411554536,0.0,0.0,68.51414523470207,False
1782043627.6986802,26.78232455253601,2.8008849129994147,1.5775183407802769,0.02779060564791472,0.0,0.0,68.63694559539339,True
1782043627.7707274,26.854371786117554,2.8056143058405283,1.589291001203392,0.027788072225467867,0.0,0.0,68.71876559961183,False
1782043627.855809,26.93945336341858,2.81090141741968,1.6025502905689706,0.027784596956198945,0.0,0.0,68.80444649357605,False
1782043627.9370089,27.020653247833252,2.817319769202659,1.6187721373241368,0.027782367339362332,0.0,0.0,68.90130165683351,False
1782043628.017468,27.101112365722656,2.8225403130231244,1.632058292754143,0.02778328089540442,0.0,0.0,68.97497311698113,False
1782043628.1073713,27.19101572036743,2.8283133372200133,1.6468371412226548,0.027786171734532433,0.0,0.0,69.0517246998474,False
1782043628.1868205,27.27046489715576,2.834060554274908,1.6616325249859012,0.02778870835549672,0.0,0.0,69.12375175104903,False
1782043628.2691226,27.35276699066162,2.8403542774910746,1.6779213607887131,0.027788952866705217,0.0,0.0,69.19817314956578,False
1782043628.3608053,27.44444966316223,2.8454821426719255,1.6912547547070556,0.027787236903282504,0.0,0.0,69.2557311864658,False
1782043628.4366946,27.520339012145996,2.8500245994015003,1.7031094909592766,0.027785312827473617,0.0,0.0,69.3046277335435,False
1782043628.5205142,27.604158639907837,2.8568000750996023,1.7208628507733956,0.027783983419175255,0.0,0.0,69.36900213540419,False
1782043628.599916,27.683560371398926,2.861834184317974,1.7341037303934714,0.02778502653296902,0.0,0.0,69.39865087486557,False
1782043628.6798317,27.763476133346558,2.866841590294121,1.7473114947817512,0.02778709772372699,0.0,0.0,69.41207798187524,False
1782043628.7613876,27.84503197669983,2.87293689784458,1.763428729190759,0.02778916358898426,0.0,0.0,69.40602150386803,False
1782043628.8465934,27.930237770080566,2.877905187706139,1.7765885765535405,0.027789366578457837,0.0,0.0,69.3799128318205,False
1782043628.9328196,28.01646399497986,2.8834138263226348,1.7911913180670112,0.027788008383470553,0.0,0.0,69.3291870749566,False
1782043629.0134623,28.09710669517517,2.889465322597821,1.8072309377440052,0.027786046235786798,0.0,0.0,69.24811224710913,False
1782043629.1132023,28.19684672355652,2.8949656645703374,1.821791588310696,0.02778538951203995,0.0,0.0,69.15279705645263,False
1782043629.2044122,28.28805661201477,2.90102598168873,1.8377959203435559,0.02778639959061466,0.0,0.0,69.0278944010595,False
1782043629.283929,28.367573499679565,2.907106196100542,1.853793280959026,0.0277880889496711,0.0,0.0,68.88610895762748,False
1782043629.3862114,28.469855785369873,2.91210326705764,1.8668840296704485,0.0277887901164297,0.0,0.0,68.76150814777097,False
1782043629.4762747,28.559919118881226,2.9188001598781055,1.8843330559593763,0.02778812087013791,0.0,0.0,68.58649742810589,False
1782043629.5562527,28.639897108078003,2.9249754219174777,1.9003153700288677,0.027786736239540914,0.0,0.0,68.41923627658089,False
1782043629.647434,28.731078386306763,2.9300362587606363,1.913330989559971,0.027786162219419555,0.0,0.0,68.27140243693088,False
1782043629.7334087,28.817053079605103,2.93615740622377,1.9289690031296398,0.027787227608597448,0.0,0.0,68.04413147659814,False
1782043629.810659,28.89430332183838,2.941705670415769,1.9430287435694351,0.02778915756924899,0.0,0.0,67.80356049700217,False
1782043629.8939319,28.97757625579834,2.9467128225283044,1.9556100079591594,0.02779060468741025,0.0,0.0,67.56872944662953,False
1782043629.9863052,29.069949626922607,2.9523116302859274,1.9695444954254429,0.027790991459917733,0.0,0.0,67.2958162395952,False
1782043630.07467,29.15831446647644,2.9590934913988067,1.9862207257721918,0.02778977577117384,0.0,0.0,66.95872992130643,False
1782043630.15869,29.242334365844727,2.9648044256564514,2.0000833461923815,0.027788394158597345,0.0,0.0,66.67313806360887,False
1782043630.2335145,29.317158937454224,2.9694225571464874,2.0111693010063005,0.027787733311008707,0.0,0.0,66.44531564283628,False
1782043630.3176255,29.401269912719727,2.9758485428623835,2.0264097938862617,0.027787846696959183,0.0,0.0,66.13470059001169,False
1782043630.406099,29.48974347114563,2.9817636368402334,2.0402502189819156,0.02778863439226956,0.0,0.0,65.85397693603493,False
1782043630.495845,29.5794894695282,2.987148175538239,2.0526948739618907,0.027789292115029323,0.0,0.0,65.60301988877546,False
1782043630.573729,29.657373428344727,2.993813326005023,2.0679001039589053,0.02778944260964963,0.0,0.0,65.30042045958587,False
1782043630.6510649,29.7347092628479,2.999947846307392,2.081706423004425,0.027788989303285747,0.0,0.0,65.02787499622166,False
1782043630.7324321,29.816076517105103,3.0048909967163175,2.092705459887796,0.02778857865191996,0.0,0.0,64.80658788353388,False
1782043630.8093235,29.89296793937683,3.0104503939869307,2.1049469848059306,0.027788586158272774,0.0,0.0,64.54108028352226,False
1782043630.8861868,29.969831228256226,3.016650835643368,2.118437358021854,0.027789176829449855,0.0,0.0,64.23217733772627,False
1782043630.965739,30.049383401870728,3.022276128798505,2.1305258127115367,0.027789890375253347,0.0,0.0,63.94864507193076,False
1782043631.0488737,30.13251805305481,3.0279580238931794,2.1425901309215543,0.02779034093583933,0.0,0.0,63.66426398184939,False
1782043631.157252,30.240896463394165,3.037554501188294,2.1626387125167548,0.02779003916332467,0.0,0.0,63.18925048802546,False
1782043631.2394724,30.323116779327393,3.043398318514389,2.174649274222956,0.027789437298253512,0.0,0.0,62.90668428848284,False
1782043631.323553,30.40719747543335,3.0493153383998104,2.1866612837064716,0.027788884437906666,0.0,0.0,62.62863998242007,False
1782043631.3973036,30.480947971343994,3.0559678836271145,2.1999936175525177,0.027788652715247657,0.0,0.0,62.322908864405136,False
1782043631.47024,30.553884506225586,3.0620216460871843,2.2119723703673113,0.02778881945722023,0.0,0.0,62.049591377934924,False
1782043631.555476,30.63912034034729,3.0681499632171887,2.223953710558359,0.02778909992675679,0.0,0.0,61.78130648020742,False
1782043631.625797,30.709441423416138,3.0736591322309144,2.2346045847987233,0.027789251978480502,0.0,0.0,61.547070199114074,False
1782043631.7076392,30.79128360748291,3.0813191527339887,2.2492331324158026,0.027789181735192132,0.0,0.0,61.22904962117814,False
1782043631.7800794,30.863723754882812,3.086935190265524,2.259830855827736,0.02778903208456244,0.0,0.0,60.996264058474075,False
1782043631.863251,30.946895360946655,3.093283683764624,2.2716859372889857,0.027788972329704082,0.0,0.0,60.728457012519904,False
1782043631.9441462,31.027790546417236,3.101100320907021,2.2861037820054264,0.027789137284861935,0.0,0.0,60.39585756337897,False
1782043632.0211945,31.104838848114014,3.1075573750935157,2.2978671883558985,0.02778936451891975,0.0,0.0,60.12324331675134,False
1782043632.1040668,31.187711238861084,3.1133512268171923,2.3083115549824544,0.027789487365927228,0.0,0.0,59.882769501706775,False
1782043632.1735046,31.25714898109436,3.1206607534113253,2.3213427563758287,0.027789438906356764,0.0,0.0,59.58370555318169,False
1782043632.2557945,31.339438915252686,3.1280577784271513,2.3343685832782723,0.027789134237995866,0.0,0.0,59.28991491652166,False
1782043632.3412793,31.42492365837097,3.134791241743843,2.3460894883932695,0.027788770382419763,0.0,0.0,59.03077291568703,False
1782043632.4610837,31.54472804069519,3.1431109902772745,2.3603993113289286,0.02778846861623328,0.0,0.0,58.71909930733083,False
1782043632.5745215,31.65816593170166,3.1453991276669755,2.3643023453540457,0.02778842505314521,0.0,0.0,58.63559703425319,False
1782043632.6450186,31.728662967681885,3.1500024087816247,2.372113025773067,0.027788376060725158,0.0,0.0,58.471225381320124,False
1782043632.7274709,31.811115264892578,3.1593132450671773,2.3877478070511775,0.027788352137815133,0.0,0.0,58.15270346058164,False
1782043632.803204,31.88684844970703,3.172698647177813,2.409864582208247,0.02778829997646681,0.0,0.0,57.71539169269121,False
1782043632.8851893,31.968833684921265,3.1814696705047107,2.4241409883319025,0.027788216916118644,0.0,0.0,57.43837892042142,False
1782043632.9737525,32.05739688873291,3.1887136123525983,2.4358094186943005,0.02778813820893128,0.0,0.0,57.216270250211046,False
1782043633.044804,32.128448486328125,3.1951992641234828,2.4461663673465983,0.027788092749333453,0.0,0.0,57.02133921539952,False
1782043633.1246245,32.208268880844116,3.2042063262502674,2.4604132981223246,0.027787981229038868,0.0,0.0,56.76184624596527,False
1782043633.2128198,32.29646420478821,3.2124770823416053,2.473362289500367,0.027787822986068893,0.0,0.0,56.533762521854065,False
1782043633.291244,32.37488842010498,3.219144584927481,2.483712642618732,0.027787682991535004,0.0,0.0,56.35560833508044,False
1782043633.3763034,32.45994782447815,3.228395834272455,2.4979485000928405,0.027787471692579387,0.0,0.0,56.11981010769392,False
1782043633.4730244,32.556668758392334,3.237728791475575,2.5121701904417533,0.027787346155492443,0.0,0.0,55.891845331773865,False
1782043633.5675657,32.65121006965637,3.245417467096152,2.5237862118891248,0.027787346738624052,0.0,0.0,55.70933293441689,False
1782043633.6798866,32.76353096961975,3.2583399672188156,2.5431161567003,0.027787430423154135,0.0,0.0,55.41375871999016,False
1782043633.7781985,32.86184287071228,3.2679023666560103,2.5572717923216457,0.027787418055650496,0.0,0.0,55.20454200107775,False
1782043633.8896444,32.973288774490356,3.279283319472775,2.5739647525859564,0.0277873063302522,0.0,0.0,54.96269850223225,False
1782043634.0071466,33.09079098701477,3.292520900634702,2.593179989301881,0.02778716489871159,0.0,0.0,54.690350934113965,False
1782043634.0874465,33.171090841293335,3.2996385071680834,2.6034260190406595,0.02778708556605666,0.0,0.0,54.551126949704155,False
1782043634.1669157,33.25056004524231,3.3076875209376517,2.614944001065405,0.02778701344538132,0.0,0.0,54.39881141294712,False
1782043634.2638175,33.34746193885803,3.319381409226191,2.631553238937141,0.02778694782764013,0.0,0.0,54.18483880935787,False
1782043634.3448756,33.42851996421814,3.3275224662010117,2.643032834660566,0.027786922471665962,0.0,0.0,54.04051573309076,False
1782043634.4363313,33.519975662231445,3.3366195416126225,2.6557826947612537,0.02778687787343304,0.0,0.0,53.886014407735786,False
1782043634.5197802,33.60342454910278,3.3475970946416247,2.6710637730277513,0.02778682759091133,0.0,0.0,53.707157133647314,True
1782043634.607338,33.69098234176636,3.355873799305393,2.6825130081672683,0.02778677947036255,0.0,0.0,53.577789750794985,False
1782043634.6873827,33.77102708816528,3.364210008232328,2.6939841499199466,0.027786620736673574,0.0,0.0,53.458528429411075,False
1782043634.7760491,33.85969352722168,3.3753974696382816,2.709289502025841,0.02778631572744379,0.0,0.0,53.31362356967373,False
1782043634.8621411,33.94578552246094,3.383829318022446,2.720762032345078,0.027786118293210028,0.0,0.0,53.21352881966976,False
1782043634.944338,34.02798247337341,3.39323195609096,2.7334963373290355,0.02778603322946382,0.0,0.0,53.10944873944437,False
1782043635.0171785,34.10082292556763,3.4026719678420267,2.7462227973605913,0.02778610716445051,0.0,0.0,53.013279290828876,False
1782043635.09904,34.18268442153931,3.4111966029923986,2.757668468651435,0.02778626025654026,0.0,0.0,52.93301284237069,False
1782043635.1761718,34.25981616973877,3.4187936146001485,2.7678338527801594,0.027786386015854647,0.0,0.0,52.866014216078064,False
1782043635.2674549,34.351099252700806,3.43021927429065,2.783065026072398,0.027786417455852783,0.0,0.0,52.77220109600935,False
1782043635.3468091,34.43045353889465,3.4397651292647002,2.7957415178925253,0.027786283189401798,0.0,0.0,52.69938439383642,False
1782043635.4614854,34.54512977600098,3.450288593605926,2.809668888643142,0.027786099508034068,0.0,0.0,52.624189015383784,False
1782043635.539971,34.62361550331116,3.461794102640812,2.824843492324582,0.027786050415234884,0.0,0.0,52.54730924424355,False
1782043635.608913,34.6925573348999,3.4694782891011724,2.8349497543991573,0.02778613395478051,0.0,0.0,52.498719674938734,False
1782043635.6967845,34.780428886413574,3.4781355373412315,2.846310242483553,0.02778627621899037,0.0,0.0,52.44635804465249,False
1782043635.7698987,34.8535430431366,3.4868053447144423,2.8576615496335727,0.027786376221575808,0.0,0.0,52.39623231225028,False
1782043635.8472385,34.930882930755615,3.4964522492308934,2.8702636684741996,0.02778636397530945,0.0,0.0,52.34293674460129,False
1782043635.941511,35.02515530586243,3.506112720310163,2.882855106655874,0.02778624396430072,0.0,0.0,52.291954505918866,False
1782043636.0413601,35.125004529953,3.5167540123467527,2.896693909050157,0.027786112943136966,0.0,0.0,52.23831604113242,False
1782043636.1218784,35.205522775650024,3.528379576133047,2.911777669435171,0.027786109310713427,0.0,0.0,52.182464041671814,False
1782043636.2221317,35.30577611923218,3.5380805016488592,2.9243377711922522,0.027786212334078218,0.0,0.0,52.13786489323452,False
1782043636.3011727,35.384817123413086,3.546820980498692,2.935634708039703,0.027786310013249608,0.0,0.0,52.09912189854138,False
1782043636.3839266,35.46757102012634,3.558488404170539,2.950687019816604,0.027786336344191663,0.0,0.0,52.04937232268772,False
1782043636.4839158,35.56756019592285,3.5691962635658934,2.9644748497251747,0.027786247400017353,0.0,0.0,52.00554512558839,False
1782043636.5701833,35.65382766723633,3.5779658574547537,2.975748826949666,0.027786160923698403,0.0,0.0,51.970861653504144,False
1782043636.6563754,35.74001979827881,3.5896703434853228,2.9907715534685555,0.02778613074073886,0.0,0.0,51.92615079229014,False
1782043636.734133,35.81777739524841,3.5984572862366697,3.002032063235306,0.02778618625027603,0.0,0.0,51.893697045608356,False
1782043636.9161413,35.99978566169739,3.606273911406599,3.012036910908316,0.027786257191375768,0.0,0.0,51.86558092906476,False
1782043637.0101588,36.09380316734314,3.6189875090434582,3.02828596163712,0.027786314306375196,0.0,0.0,51.82127610701202,False
1782043637.119175,36.20281934738159,3.631714696145596,3.044524193287296,0.02778625070524057,0.0,0.0,51.77857632699176,False
1782043637.2451935,36.328837871551514,3.644454804119606,3.060751887904052,0.02778616196423376,0.0,0.0,51.73736888642386,False
1782043637.3348413,36.41848564147949,3.65818897264337,3.07821676044962,0.02778617250663802,0.0,0.0,51.69454448620228,False
1782043637.4166849,36.50032925605774,3.668007835685958,3.090685027640409,0.027786238058346423,0.0,0.0,51.664879908690295,False
1782043637.521872,36.60551643371582,3.6797997632888095,3.105639867179713,0.027786293838967205,0.0,0.0,51.63023931703514,False
1782043637.6107643,36.694408655166626,3.6906175439385707,3.119341719029925,0.027786272371725405,0.0,0.0,51.59935443781127,False
1782043637.6980076,36.781651973724365,3.7014431212420584,3.133037170615741,0.027786206863349223,0.0,0.0,51.569256939811474,False
1782043637.7761328,36.859777212142944,3.7093210476122542,3.1429935890824674,0.02778617119563085,0.0,0.0,51.547839778696,False
1782043637.8664334,36.9500777721405,3.721145394581298,3.157922326091828,0.027786180256923493,0.0,0.0,51.51642482015494,False
1782043637.9461143,37.02975869178772,3.7310057745680805,3.170357771005713,0.027786232187008174,0.0,0.0,51.49086885683108,False
1782043638.0269697,37.11061406135559,3.7388984043082143,3.180302826926866,0.02778627064610934,0.0,0.0,51.47081461188144,False
1782043638.112476,37.196120500564575,3.748769425049057,3.1927300353644976,0.027786280652079026,0.0,0.0,51.446216032022846,False
1782043638.1954262,37.27907061576843,3.759634022768987,3.206394683164063,0.027786239350228326,0.0,0.0,51.41973604941975,False
1782043638.3035748,37.387219190597534,3.77149381595779,3.221295359014253,0.02778618466204288,0.0,0.0,51.39150950076984,False
1782043638.3954825,37.479126930236816,3.7823720787918407,3.2349488448158175,0.027786180476392443,0.0,0.0,51.36621382500507,False
1782043638.48717,37.57081437110901,3.791277269899511,3.2461161641882073,0.027786213803264584,0.0,0.0,51.34591213375381,False
1782043638.6200194,37.70366382598877,3.8031574565078943,3.261000869762585,0.02778626496077348,0.0,0.0,51.31937381556414,False
1782043638.7031448,37.78678917884827,3.8200001359906084,3.282077678635358,0.02778625283521985,0.0,0.0,51.28276830116379,False
1782043638.8506985,37.93434286117554,3.839832812044811,3.306859235140844,0.027786183182403907,0.0,0.0,51.24110402435746,False
1782043638.9416084,38.02525281906128,3.8487636596028065,3.318005978162576,0.027786192083780428,0.0,0.0,51.22282282501526,False
1782043639.0292687,38.11291313171387,3.859684280762795,3.331625803650242,0.02778623342594109,0.0,0.0,51.20085546997282,False
1782043639.1421185,38.22576284408569,3.8745849462763875,3.350191371367236,0.0277862684940655,0.0,0.0,51.17154152699067,False
1782043639.2292798,38.31292414665222,3.883530104341554,3.361326861766776,0.027786251920956434,0.0,0.0,51.15429510351808,False
1782043639.3151116,38.39875602722168,3.8954623468266676,3.3761696946997204,0.02778620747932181,0.0,0.0,51.131683525851884,False
1782043639.3891003,38.47274470329285,3.90342053665059,3.386062128047574,0.027786189083511954,0.0,0.0,51.116845243909204,False
1782043639.4959714,38.57961583137512,3.914367427027503,3.399660721302695,0.02778619937475537,0.0,0.0,51.09674102697654,False
1782043639.6110737,38.6947181224823,3.9253193665896084,3.4132553958531044,0.027786237159724756,0.0,0.0,51.07697177872017,False
1782043639.7098808,38.79352521896362,3.93727258331458,3.42808154553559,0.027786263627338628,0.0,0.0,51.05577450461349,False
1782043639.8040686,38.88771295547485,3.95022831885513,3.4441379846500424,0.0277862423496044,0.0,0.0,51.033230379099805,False
1782043639.893405,38.977049350738525,3.9631905174325808,3.460188999987591,0.02778620093487603,0.0,0.0,51.0111066901463,False
1782043639.9949424,39.07858681678772,3.97516129658015,3.4750006585762327,0.027786195006817473,0.0,0.0,50.99104441567691,False
1782043640.082509,39.16615343093872,3.984142953546726,3.486106585013334,0.027786217222861377,0.0,0.0,50.97621698523028,False
1782043640.1758642,39.25950860977173,3.9951246557722477,3.499677296328779,0.027786250591674458,0.0,0.0,50.95834233776284,False
1782043640.2675016,39.35114598274231,4.006110785210351,3.5132444891994843,0.027786258708464566,0.0,0.0,50.940732727268006,False
1782043640.3553803,39.439024686813354,4.018100538674065,3.5280410113297966,0.02778623107415909,0.0,0.0,50.92181549509584,False
1782043640.4479153,39.53155970573425,4.028095806661004,3.5403682342554004,0.027786203031369278,0.0,0.0,50.9062780868621,False
1782043640.5392792,39.622923612594604,4.037094489995983,3.55146030572619,0.027786195592701835,0.0,0.0,50.8924659933606,False
1782043640.6277843,39.71142864227295,4.050097516105637,3.5674782768122273,0.02778622165481907,0.0,0.0,50.87279418694562,False
1782043640.7188592,39.80250358581543,4.059103000640675,3.578564999248397,0.027786246657276505,0.0,0.0,50.859363354599125,False
1782043640.8107939,39.89443826675415,4.064107225643855,3.5847233580307845,0.027786255045121337,0.0,0.0,50.85196681217217,False
1782043640.9100263,39.99367070198059,4.07011338567077,3.592112504029781,0.02778625638776197,0.0,0.0,50.843151284701534,False
1782043641.0360146,40.11965894699097,4.077122049197049,3.6007319465136374,0.027786245919626973,0.0,0.0,50.83294846546339,False
1782043641.17999,40.26363444328308,4.085133866022247,3.6105811162696675,0.027786224437628654,0.0,0.0,50.82139433751258,False
1782043641.2939026,40.37754702568054,4.093147706338808,3.6204285740831055,0.027786204798744496,0.0,0.0,50.80995139371804,False
1782043641.4038856,40.48752999305725,4.10116356751958,3.630274359590374,0.027786198065808617,0.0,0.0,50.79861744582008,False
1782043641.4823163,40.56596064567566,4.112188685465102,3.6438096705562386,0.027786214700800487,0.0,0.0,50.78320735736049,False
1782043641.5708866,40.65453100204468,4.122214833848725,3.6561119061659992,0.027786240981103567,0.0,0.0,50.769369138475874,False
1782043641.704413,40.78805732727051,4.13124102169158,3.667181816238992,0.027786254189804786,0.0,0.0,50.757050788904365,False
1782043641.8576105,40.94125485420227,4.142276353807634,3.6807089724051774,0.027786243970705168,0.0,0.0,50.74216616814449,False
1782043642.010036,41.0936803817749,4.157330275396074,3.699150229118664,0.027786208041401153,0.0,0.0,50.72216441467381,False
1782043642.1107016,41.19434595108032,4.168373991372639,3.712670332311328,0.027786201384401105,0.0,0.0,50.707707050848185,False
1782043642.248818,41.332462310791016,4.182434753523635,3.729873651697067,0.02778622839724017,0.0,0.0,50.689556756861315,True
1782043642.428005,41.51164937019348,4.2035364940736875,3.7556702161131934,0.027786248831955622,0.0,0.0,50.66283920217449,False
1782043642.5310218,41.614666223526,4.21459468330065,3.7691786240335485,0.027786226403539657,0.0,0.0,50.649079845300605,False
1782043642.6567652,41.74040961265564,4.2306851840452,3.788822250612642,0.027786202289603674,0.0,0.0,50.62934562792172,False
1782043642.7614818,41.845126152038574,4.243763842006514,3.8047785289377836,0.027786219406573713,0.0,0.0,50.61354848489433,False
1782043642.88726,41.97090435028076,4.255840521025958,3.8195041922578765,0.027786244806101805,0.0,0.0,50.59914974679142,False
1782043643.0112684,42.09491276741028,4.27496970536024,3.8428134947011228,0.027786237057567078,0.0,0.0,50.57670134367869,False
1782043643.1181867,42.201831102371216,4.28201963199153,3.851399153425572,0.0277862216306412,0.0,0.0,50.56853627179699,False
1782043643.2290878,42.312732219696045,4.292093105876755,3.863662553138627,0.027786205488604415,0.0,0.0,50.55696797640678,False
1782043643.3108456,42.394490003585815,4.3051924175215035,3.879601856291405,0.02778621251935745,0.0,0.0,50.54209478955,False
1782043643.4019198,42.48556423187256,4.3112397059188,3.886957303877851,0.027786224517519737,0.0,0.0,50.53529217230395,False
1782043643.490308,42.573952436447144,4.3172879072749115,3.894312032127468,0.027786237131422236,0.0,0.0,50.528528052348676,False
1782043643.6318748,42.715519189834595,4.336446443647461,3.917597224081989,0.027786242957556648,0.0,0.0,50.50735761866533,False
1782043643.7374244,42.82106876373291,4.344515808058662,3.9273993126095217,0.027786227923547676,0.0,0.0,50.49855488132351,False
1782043643.837223,42.92086744308472,4.355613665311454,3.940875060420962,0.027786208562863565,0.0,0.0,50.48655612643253,False
1782043643.9289756,43.012619972229004,4.366714400468637,3.954348412858864,0.027786208308471616,0.0,0.0,50.4746766325264,False
1782043644.0546386,43.138283014297485,4.376808488785529,3.9665949041473114,0.027786224966720556,0.0,0.0,50.46397850013115,False
1782043644.2202432,43.303887605667114,4.399023797681815,3.9935305341393885,0.027786245251890516,0.0,0.0,50.44077405162302,False
1782043644.3422532,43.4258975982666,4.412156229447322,4.009442680358399,0.02778622363576977,0.0,0.0,50.42727118041194,False
1782043644.4590044,43.542648792266846,4.425292440456017,4.025351596047027,0.027786206967131296,0.0,0.0,50.41391915353913,False
1782043644.5708916,43.65453600883484,4.436410659437001,4.038810545881596,0.027786214685818225,0.0,0.0,50.402736466460766,False
1782043644.6663208,43.74996519088745,4.448542734045006,4.0534905637743535,0.027786236396321114,0.0,0.0,50.390655046771805,False
1782043644.750931,43.83457541465759,4.460678007549452,4.068168010131871,0.02778624626491015,0.0,0.0,50.37869429478221,False
1782043644.8472815,43.93092584609985,4.469781509771003,4.079174382339449,0.02778623781760013,0.0,0.0,50.36980156254127,False
1782043644.980662,44.06430649757385,4.486981696995307,4.099960170362404,0.02778621039367989,0.0,0.0,50.35318248230739,False
1782043645.058702,44.14234638214111,4.492041737719894,4.106072653108958,0.027786207916190454,0.0,0.0,50.34833810747406,False
1782043645.1573324,44.24097681045532,4.50115115111512,4.117074029744943,0.0277862141631223,0.0,0.0,50.339667263953885,False
1782043645.234817,44.318461418151855,4.514312239139833,4.132962478891779,0.02778623608069374,0.0,0.0,50.327252340797244,False
1782043645.3231716,44.40681600570679,4.520387790875203,4.140294646132906,0.027786243355059408,0.0,0.0,50.32156543963182,False
1782043645.4190161,44.502660512924194,4.526464089661223,4.147626199181718,0.02778624516685536,0.0,0.0,50.31590540281725,False
1782043645.5092456,44.59289002418518,4.544697368958115,4.169617124369602,0.02778622180165891,0.0,0.0,50.299084103938256,False
1782043645.6032968,44.686941146850586,4.5507765710545085,4.176946189929215,0.02778621313847214,0.0,0.0,50.293529117566344,False
1782043645.6973584,44.78100275993347,4.556856494421337,4.184274646541502,0.027786209045589202,0.0,0.0,50.287999759002965,False
1782043645.773097,44.856741428375244,4.5730731740162955,4.20381430481384,0.02778622427315145,0.0,0.0,50.27337815202395,False
1782043645.8554382,44.939082622528076,4.578141946915483,4.209919601911141,0.02778623271113607,0.0,0.0,50.268845168588854,False
1782043645.9632783,45.04692268371582,4.585239069300905,4.218466343075858,0.027786241780225086,0.0,0.0,50.26252760811505,False
1782043646.0507555,45.13439989089966,4.602478933140815,4.239219390590865,0.027786234846100197,0.0,0.0,50.24732211149928,False
1782043646.14572,45.2293643951416,4.608564914445031,4.2465428582269515,0.027786225108075005,0.0,0.0,50.24200120540794,False
1782043646.2321682,45.31581258773804,4.613637087697159,4.252645296038839,0.027786217365163592,0.0,0.0,50.2375850931204,False
1782043646.3164341,45.400078535079956,4.629871244111293,4.27217039776797,0.02778621254676496,0.0,0.0,50.2235617777164,False
1782043646.3940372,45.4776816368103,4.634945425310792,4.278271170434759,0.027786218453295326,0.0,0.0,50.21921284822261,False
1782043646.4989772,45.582621574401855,4.65321644190236,4.300230780581102,0.027786242516126148,0.0,0.0,50.203685679951576,False
1782043646.5916467,45.67529106140137,4.659308138003342,4.307549540175836,0.027786242995693572,0.0,0.0,50.198554237020495,False
1782043646.6822288,45.765873193740845,4.6654004975088395,4.314867735735331,0.027786238197767158,0.0,0.0,50.19344464751825,False
1782043646.7967489,45.880393266677856,4.684697281649787,4.338038289875006,0.027786212486696334,0.0,0.0,50.17740640606651,False
1782043646.8870425,45.97068691253662,4.690792363255695,4.3453541483046045,0.027786210733427467,0.0,0.0,50.17238589107603,False
1782043646.9634728,46.04711723327637,4.6958721004524495,4.351450284349809,0.027786213342547463,0.0,0.0,50.16821808166597,False
1782043647.046955,46.13059949874878,4.712130337902327,4.370955449326691,0.027786235291746727,0.0,0.0,50.15497725342577,False
1782043647.1331165,46.216760873794556,4.718228377273167,4.378268919838127,0.02778624128012344,0.0,0.0,50.15004925944431,False
1782043647.2097833,46.29342770576477,4.723310568463526,4.384363071823585,0.02778624266750388,0.0,0.0,50.14595797122065,False
1782043647.279262,46.36290645599365,4.7395765254625415,4.403861838757963,0.027786226389543815,0.0,0.0,50.13295873133016,False
1782043647.373952,46.45759630203247,4.745677402173393,4.411172884094487,0.02778621792008296,0.0,0.0,50.12812007695902,False
1782043647.4596803,46.5433247089386,4.751778901405742,4.418483395677842,0.02778621244554605,0.0,0.0,50.12330083178544,False
1782043647.5401108,46.62375521659851,4.756863961869374,4.424575087618483,0.027786211489446058,0.0,0.0,50.11929949436266,False
1782043647.631038,46.71468234062195,4.774156438591102,4.445284183734338,0.027786229621654814,0.0,0.0,50.10579353159243,False
1782043647.705218,46.788862466812134,4.779243421981726,4.451374323377283,0.02778623626726862,0.0,0.0,50.10184982545399,False
1782043647.8072245,46.89086890220642,4.785348371393366,4.458682026768966,0.027786241236175645,0.0,0.0,50.09713435957311,False
1782043647.9107573,46.994401693344116,4.804684719791283,4.481819691766045,0.027786227676152936,0.0,0.0,50.08232285896295,False
1782043648.0171614,47.10080575942993,4.810792179815444,4.489125242223598,0.027786219369042766,0.0,0.0,50.07768321636653,False
1782043648.111904,47.19554829597473,4.829118144004824,4.511038851856202,0.02778621558979625,0.0,0.0,50.063870675564395,False
1782043648.209527,47.293171405792236,4.836246371813045,4.519559614455803,0.02778622404081206,0.0,0.0,50.0585415885509,False
1782043648.329578,47.413222312927246,4.844393922131828,4.529296823469029,0.02778623486767483,0.0,0.0,50.05247988369813,False
1782043648.4427755,47.52641987800598,4.861710962565954,4.549985514164694,0.027786238283546958,0.0,0.0,50.03969908156677,False
1782043648.566424,47.650068283081055,4.869861765603028,4.559719990859852,0.027786228853136117,0.0,0.0,50.033731225825704,False
1782043648.6550238,47.73866820335388,4.883108983585696,4.575536632602841,0.027786214056568653,0.0,0.0,50.02409616413571,False
1782043648.7538662,47.83751058578491,4.891262454456867,4.5852688158989015,0.027786213441758488,0.0,0.0,50.018204979501405,False
1782043648.8544724,47.938116788864136,4.897378231583821,4.5925674008706165,0.027786218149815054,0.0,0.0,50.01380539205807,False
1782043648.95379,48.037434339523315,4.915729029653312,4.614460362566927,0.027786239141647438,0.0,0.0,50.00070197550542,False
1782043649.0357254,48.11936974525452,4.9208273849976285,4.620540994380312,0.027786240761280716,0.0,0.0,49.99708723622514,False
1782043649.1314616,48.21510601043701,4.926945923879666,4.62783731734578,0.027786238507131557,0.0,0.0,49.99276380776151,False
1782043649.2508655,48.33450984954834,4.94632492692535,4.650939181631307,0.02778621665982203,0.0,0.0,49.97917446104464,False
1782043649.3302155,48.413859844207764,4.951425578396464,4.65701782923053,0.027786213625476622,0.0,0.0,49.97562365206054,False
1782043649.4125454,48.49618983268738,4.963668709908372,4.671605281269712,0.027786218619270775,0.0,0.0,49.96714408985916,False
1782043649.4865866,48.57023096084595,4.972852518440475,4.682544688533753,0.02778622976889783,0.0,0.0,49.96082322874902,False
1782043649.56156,48.645204305648804,4.977955172915244,4.688621702547259,0.027786235532998305,0.0,0.0,49.95732586182241,False
1782043649.6465304,48.73017477989197,4.983058208278581,4.694698404451066,0.02778623927493905,0.0,0.0,49.95383858461451,False
1782043649.7299254,48.81356978416443,5.000411322641336,4.715356819173719,0.02778623089796109,0.0,0.0,49.942056644825946,False
1782043649.8097627,48.893407106399536,5.005515988677161,4.721432118770599,0.02778622456163147,0.0,0.0,49.93861316932376,False
1782043649.892259,48.975903272628784,5.010621020068693,4.727507099129878,0.02778621878975221,0.0,0.0,49.93517950399644,False
1782043650.012554,49.096198320388794,5.030023495647658,4.750589181843025,0.027786219051058676,0.0,0.0,49.92221993872066,False
1782043650.0924385,49.17608284950256,5.0351303008044805,4.756662685411316,0.027786224813344102,0.0,0.0,49.918832484687236,True
1782043650.1863961,49.27004051208496,5.04125895698326,4.763950495043068,0.027786232176864132,0.0,0.0,49.9147800102355,False
1782043650.2631629,49.34680724143982,5.0576046171918225,4.783382532322026,0.02778623867689867,0.0,0.0,49.90403929918467,False
1782043650.3442862,49.4279305934906,5.062713390259718,4.789454401238401,0.027786234960684938,0.0,0.0,49.90070231343428,False
1782043650.4629562,49.546600580215454,5.0698662660345395,4.797954497735233,0.02778622695374526,0.0,0.0,49.89604598359703,False
1782043650.5417268,49.62537121772766,5.08724041209562,4.818595087535308,0.027786214263131173,0.0,0.0,49.88481199442003,False
1782043650.6346347,49.718279123306274,5.093373444085615,4.825879175946878,0.02778621683719754,0.0,0.0,49.88087185697676,False
1782043650.7150435,49.79868793487549,5.098484698117441,4.831948928861448,0.027786221546902096,0.0,0.0,49.87759817440306,False
1782043650.794917,49.87856149673462,5.115865632588179,4.8525839260338515,0.027786238491262,0.0,0.0,49.86653333798366,False
1782043650.8903046,49.97394895553589,5.122001051539615,4.859866061547632,0.02778623895860499,0.0,0.0,49.86265211048062,False
1782043650.9829662,50.06661057472229,5.128136967063157,4.8671477700618535,0.027786235465466044,0.0,0.0,49.85878330011953,False
1782043651.049743,50.133387327194214,5.13325060553256,4.873215531999675,0.02778623034059214,0.0,0.0,49.85556872828106,False
1782043651.1405807,50.22422504425049,5.149616531246821,4.89263037156925,0.027786215221038486,0.0,0.0,49.84533922034325,False
1782043651.2197888,50.30343317985535,5.154731599826136,4.898696895391393,0.027786214869604902,0.0,0.0,49.842160170878834,False
1782043651.3100154,50.393659830093384,5.160870136949942,4.905976348083673,0.027786218040227392,0.0,0.0,49.83835629471169,False
1782043651.3989227,50.48256707191467,5.178265359712715,4.92659927355589,0.027786235766626536,0.0,0.0,49.827642984872845,False
1782043651.5051808,50.58882522583008,5.184405794364583,4.933877179364886,0.02778623871061954,0.0,0.0,49.82388429353486,False
1782043651.5889182,50.67256259918213,5.190546712388834,4.941154675315306,0.027786237759454917,0.0,0.0,49.82013722674085,False
1782043651.6746886,50.75833296775818,5.207948560644302,4.961771993530984,0.027786221181271595,0.0,0.0,49.809583139500624,False
1782043651.7539442,50.83758854866028,5.2130674730672775,4.967835278473288,0.027786217017026427,0.0,0.0,49.80649644943939,False
1782043651.8473215,50.93096590042114,5.218186715248089,4.973898281200219,0.02778621513159479,0.0,0.0,49.803417613492925,False
1782043651.9399807,51.02362513542175,5.228976327855858,4.986675072953768,0.02778792617695997,0.0,0.0,49.69370178018799,False
1782043652.0342977,51.117942094802856,5.238619682775062,4.998086904388295,0.027796786721016556,0.0,0.0,49.07732630572648,False
1782043652.1259735,51.20961785316467,5.242898963392266,5.003140379198571,0.02780144970371413,0.0,0.0,48.66457777708256,False
1782043652.2113957,51.295040130615234,5.248887390249994,5.010186858191829,0.027805652913494315,0.0,0.0,48.00071392233008,False
1782043652.3330011,51.416645526885986,5.25871822057593,5.021642296818287,0.02780219196382427,0.0,0.0,46.78193939716721,False
1782043652.415851,51.49949550628662,5.262235226389035,5.025691797726557,0.027798925633754006,0.0,0.0,46.32188313412843,False
1782043652.5078866,51.5915310382843,5.2696730394980875,5.034145027665819,0.027794134113860988,0.0,0.0,45.32408931116877,False
1782043652.619095,51.70273947715759,5.274733290096368,5.039796921728007,0.027794722862878905,0.0,0.0,44.63308514644188,False
1782043652.738026,51.82167029380798,5.279758139489779,5.045320468948358,0.02779784197931473,0.0,0.0,43.94203884804741,False
1782043652.817415,51.90105938911438,5.288142356280013,5.054320943101677,0.02780263914407816,0.0,0.0,42.79527014341132,False
1782043652.8880672,51.9717116355896,5.2914674157453385,5.057749036372907,0.02780247485498973,0.0,0.0,42.49301286430006,False
1782043652.9842508,52.06789517402649,5.295368296350219,5.061667093560375,0.027800911064093874,0.0,0.0,42.25528665319438,False
1782043653.1027873,52.186431646347046,5.3158077711403875,5.081321181469442,0.02778496635757768,0.0,0.0,41.59287001544509,False
1782043653.1837234,52.26736783981323,5.321244117629544,5.086399633296865,0.027781528877192773,0.0,0.0,41.47909548517603,False
1782043653.2768052,52.36044955253601,5.32792232483001,5.092579450618335,0.0277789258555761,0.0,0.0,41.35590368140324,False
1782043653.3538845,52.43752884864807,5.347417518503343,5.11032675668244,0.027781905635247118,0.0,0.0,41.06471825784606,False
1782043653.4328122,52.516456604003906,5.353254931596623,5.115571906808981,0.02778470415308796,0.0,0.0,40.99136913061377,False
1782043653.5140924,52.597736835479736,5.359124221801858,5.120819091882599,0.027787541928521117,0.0,0.0,40.922378202813434,False
1782043653.6130867,52.696731090545654,5.379251907586175,5.138641097359279,0.027791861483141972,0.0,0.0,40.71434434541591,False
1782043653.6978211,52.78146553039551,5.386400060627033,5.144915681723349,0.027790602159197125,0.0,0.0,40.64897223433368,False
1782043653.7907925,52.87443685531616,5.393563505937083,5.151179062132057,0.027788327944987697,0.0,0.0,40.58707630642142,False
1782043653.8864968,52.97014117240906,5.413919754054807,5.168860236134211,0.0277823206823113,0.0,0.0,40.42767421508121,False
1782043653.964672,53.04831647872925,5.419920958564917,5.174043534745079,0.02778199297140625,0.0,0.0,40.38465403632586,False
1782043654.0540123,53.137656688690186,5.4271306456641435,5.180254938360395,0.027782692407170927,0.0,0.0,40.335040845056604,False
1782043654.1492355,53.232879877090454,5.448814243439415,5.198843767981416,0.027788091184057118,0.0,0.0,40.19770163449545,False
1782043654.2258701,53.30951452255249,5.454850929691406,5.203996660408251,0.027789084416888377,0.0,0.0,40.1622431075071,False
1782043654.3174994,53.40114378929138,5.4621012846964305,5.210173947916424,0.027789425362644445,0.0,0.0,40.12106356939293,False
1782043654.4265075,53.510151863098145,5.483883483837198,5.228662573082927,0.027785991240563846,0.0,0.0,40.00556710647974,False
1782043654.5024898,53.58613419532776,5.489940746087085,5.2337867836363925,0.0277848341975755,0.0,0.0,39.97540790667542,False
1782043654.5975862,53.681230545043945,5.497213227566572,5.239929870447633,0.02778394552720832,0.0,0.0,39.94021383098954,False
1782043654.6723425,53.75598692893982,5.516629700700127,5.256285152977932,0.027785055552624564,0.0,0.0,39.85122941810993,False
1782043654.7520602,53.83570456504822,5.522533969422151,5.261247089261864,0.027786556767119337,0.0,0.0,39.85476795867654,False
1782043654.8305757,53.914220094680786,5.527852486703373,5.265715426307284,0.027789778064948097,0.0,0.0,39.97488390303001,False
1782043654.9047983,53.98844265937805,5.533640790116851,5.270578078047319,0.027794943933725575,0.0,0.0,40.24993418047346,False
1782043655.001656,54.08530044555664,5.547068086955414,5.281878285318431,0.02780589204527691,0.0,0.0,41.272529339301144,False
1782043655.0923023,54.1759467124939,5.551609231532088,5.28571758001371,0.02780640667900137,0.0,0.0,41.424082593322325,False
1782043655.246546,54.33019042015076,5.5662930365659165,5.29821196829938,0.02779679929099021,0.0,0.0,40.66495619856861,False
1782043655.3419917,54.42563605308533,5.570262691572558,5.301600371782147,0.027794530089715195,0.0,0.0,40.24803430315139,False
1782043655.4380903,54.52173471450806,5.574168565594402,5.304931730073705,0.027793778656575303,0.0,0.0,39.806862556623656,False
1782043655.5145042,54.598148584365845,5.580574264450422,5.310378471209754,0.027795843953066935,0.0,0.0,39.05038310336994,False
1782043655.5935524,54.677196741104126,5.587521731080302,5.316243759416853,0.027800328727093974,0.0,0.0,38.20869485168226,False
1782043655.7316678,54.8153121471405,5.593162519673693,5.320959294661295,0.027802794440719463,0.0,0.0,37.51819649437229,False
1782043655.8520987,54.9357430934906,5.605030250722919,5.3306993949164925,0.027800163791542272,0.0,0.0,36.05945056726084,False
1782043655.955325,55.03896927833557,5.608781768090752,5.333718653157279,0.027798296350819252,0.0,0.0,35.59873804836958,False
1782043656.0531242,55.13676857948303,5.616936056847419,5.340170372945209,0.027796140519438784,0.0,0.0,34.600525393095396,False
1782043656.1518896,55.23553395271301,5.623875177080423,5.3455337024993135,0.027797373804860682,0.0,0.0,33.755887019417756,False
1782043656.2465544,55.330198764801025,5.627678776722298,5.348421897945963,0.027798763327817576,0.0,0.0,33.29517367344142,False
1782043656.3340893,55.417733669281006,5.634050902016405,5.353176386524696,0.02780083504351324,0.0,0.0,32.52731196014513,False
1782043656.4337723,55.51741671562195,5.64111142332942,5.358319518889781,0.027801316402153515,0.0,0.0,31.682655292376438,False
1782043656.5638673,55.64751172065735,5.648879027590698,5.36382420605781,0.02779966956247211,0.0,0.0,30.761208468152116,False
1782043656.6450894,55.72873377799988,5.657374157032966,5.369659680359316,0.02779769152774562,0.0,0.0,29.76298087883032,False
1782043656.726176,55.80982041358948,5.660989230939938,5.372052181069457,0.02779721081264251,0.0,0.0,29.42343184237938,False
1782043656.8141532,55.89779758453369,5.67576039172636,5.38122346510229,0.02779393560559597,0.0,0.0,28.77502248350869,False
1782043656.9009886,55.98463296890259,5.683998589216119,5.386126012804851,0.027790881710018662,0.0,0.0,28.56540509331018,False
1782043656.9767737,56.060418128967285,5.689882011810402,5.389581437070631,0.027789030817442908,0.0,0.0,28.484661935744064,False
1782043657.0932286,56.176872968673706,5.7022139090637,5.396781312382972,0.027791376677901793,0.0,0.0,28.786196088784102,False
1782043657.1758728,56.259517192840576,5.7129995668976425,5.403031599817622,0.027799306604949146,0.0,0.0,29.5322324351316,False
1782043657.2673554,56.35099983215332,5.718034410714338,5.40594051291567,0.027802896273743,0.0,0.0,29.967480498427456,False
1782043657.3417926,56.42543697357178,5.728389742712762,5.411927605002625,0.027805141871735668,0.0,0.0,30.949124690733985,False
1782043657.4251707,56.50881505012512,5.733731415198889,5.415028909791244,0.027802997434760692,0.0,0.0,31.42900265187855,True
1782043657.5290701,56.612714529037476,5.738211968432635,5.417642216713766,0.02780014790700477,0.0,0.0,31.594358739094396,False
1782043657.645302,56.72894644737244,5.751976084968748,5.425738859865194,0.027794426011416726,0.0,0.0,30.993399410470822,False
1782043657.7244952,56.80813956260681,5.755523017937581,5.4278356746482865,0.02779501517538942,0.0,0.0,30.662327714344787,False
1782043657.8325543,56.91619873046875,5.765356731992489,5.433643817124504,0.0277996324175971,0.0,0.0,29.634510404327592,False
1782043657.9099815,56.99362587928772,5.770934435289953,5.436921404495637,0.027801949912839078,0.0,0.0,29.025578706382465,False
1782043657.9990568,57.082701206207275,5.774411840254019,5.438954064884653,0.027802587455872045,0.0,0.0,28.642956089304004,False
1782043658.1059344,57.18957877159119,5.7869106350352935,5.446163526932515,0.027799668576327527,0.0,0.0,27.261979107689815,False
1782043658.205299,57.28894329071045,5.791773914789844,5.448918092790041,0.027797825420141028,0.0,0.0,26.724538255071987,False
1782043658.2797878,57.36343216896057,5.795251540701452,5.450867584704969,0.02779690429620655,0.0,0.0,26.340627685121603,False
1782043658.3621278,57.44577217102051,5.800825018501105,5.453954082111916,0.02779652702775942,0.0,0.0,25.72635602531255,False
1782043658.4547923,57.53843665122986,5.810614269012347,5.45925327303482,0.027798669419848755,0.0,0.0,24.651365262213144,False
1782043658.581593,57.66523742675781,5.815529208512901,5.461851487217039,0.027800080377253927,0.0,0.0,24.113864129265416,False
1782043658.678851,57.762495279312134,5.824697857167069,5.466580840504232,0.027801132237007024,0.0,0.0,23.1156376063722,False
1782043658.7789211,57.86256551742554,5.833212110764862,5.4708307795214495,0.027799872630048916,0.0,0.0,22.194192487071852,False
1782043658.912354,57.99599838256836,5.838916816538464,5.473599917357333,0.027798614104543887,0.0,0.0,21.579897576814712,False
1782043659.0018194,58.085463762283325,5.85183825288818,5.479636223584855,0.027797789119732266,0.0,0.0,20.616197956464536,False
1782043659.0988648,58.18250918388367,5.856170946206078,5.481590109966631,0.02779832345850264,0.0,0.0,20.671092534507665,False
1782043659.183674,58.26731848716736,5.860514690088873,5.483518940731564,0.02779904032778149,0.0,0.0,20.88932232987226,False
1782043659.266751,58.3503954410553,5.869956021776379,5.487631450708649,0.027800219405490243,0.0,0.0,21.69489300375337,False
1782043659.3710935,58.45473790168762,5.875780079749206,5.490131959278005,0.027800226159521376,0.0,0.0,22.281017247107332,False
1782043659.4623241,58.545968532562256,5.885254456193915,5.494175111928854,0.027799250668766654,0.0,0.0,23.267566307645613,False
1782043659.5634077,58.64705204963684,5.891085238214501,5.496664186371956,0.02779858635134362,0.0,0.0,23.880321742801463,False
1782043659.6504898,58.73413419723511,5.902005568643674,5.501362135085176,0.027798376912672625,0.0,0.0,25.031453722958084,False
1782043659.7316763,58.81532073020935,5.905639492735843,5.502942598668136,0.02779863131329171,0.0,0.0,25.415335760514182,False
1782043659.8365867,58.920231103897095,5.910719918680112,5.505171266616237,0.02779910932967603,0.0,0.0,25.95280741513052,False
1782043659.918049,59.00169348716736,5.920850664996452,5.509695246020988,0.027799788650204552,0.0,0.0,26.740979966359525,False
1782043660.0079777,59.09162211418152,5.925899692682295,5.511992878253044,0.027799758582703872,0.0,0.0,26.729412625568624,False
1782043660.1311734,59.21481776237488,5.933815226644162,5.515644172865935,0.027799292830371268,0.0,0.0,26.276447948317664,False
1782043660.2249963,59.30864071846008,5.943869474812819,5.520336163763043,0.027798691001071376,0.0,0.0,25.321230798820462,False
1782043660.2991428,59.382787227630615,5.947458403602086,5.522016462712252,0.027798636992645995,0.0,0.0,24.947884554640503,False
1782043660.3804333,59.46407771110535,5.951047765911957,5.52369609428519,0.027798687954938568,0.0,0.0,24.569254708715164,False
1782043660.505242,59.58888649940491,5.964704686206419,5.530042600750047,0.027799357322240936,0.0,0.0,23.11521315447747,False
1782043660.5857868,59.66943120956421,5.968306212404126,5.531696226861901,0.027799480286165256,0.0,0.0,22.731469101617645,False
1782043660.659587,59.74323129653931,5.971911979667093,5.53334040380074,0.027799526516972733,0.0,0.0,22.347631141718804,False
1782043660.752154,59.835798501968384,5.9842092145411545,5.538844909920314,0.027799187578534865,0.0,0.0,21.04234887561829,False
1782043660.8460329,59.9296772480011,5.988565184427717,5.540750987405665,0.0277990132891048,0.0,0.0,20.58163645277771,False
1782043660.9455864,60.02923083305359,5.994387314430342,5.54325867309171,0.027798868858833474,0.0,0.0,19.967349415171345,False
1782043661.0390675,60.12271189689636,6.00461755638222,5.547545967930161,0.027798968376625953,0.0,0.0,18.892343701850578,False
1782043661.1277852,60.211429595947266,6.009018894790854,5.54934110040838,0.027799102707021118,0.0,0.0,18.431626204362537,False
1782043661.246209,60.32985329627991,6.023026398508542,5.554844964144617,0.027799364003563937,0.0,0.0,16.972684359519764,False
1782043661.3788767,60.46252107620239,6.028214369292596,5.556799890422023,0.027799309930014914,0.0,0.0,16.435178585360593,False
1782043661.5154111,60.59905552864075,6.034161652161698,5.55898390955405,0.027799181218901178,0.0,0.0,15.8208861137646,False
1782043661.6062317,60.689876079559326,6.042370787937238,5.561897056652792,0.027799014471083607,0.0,0.0,14.976234143848608,False
1782043661.70384,60.78748440742493,6.05211931226812,5.565201695729463,0.02779899896912271,0.0,0.0,13.978009458582537,False
1782043661.8265324,60.9101767539978,6.057389232817464,5.566917589799231,0.027799072655820142,0.0,0.0,13.44050380006869,False
1782043661.9470017,61.030646085739136,6.06797161858232,5.570212931664674,0.027799240962658334,0.0,0.0,12.365491756008383,False
1782043662.029984,61.11362838745117,6.0748037985812005,5.572233649528126,0.027799271001262515,0.0,0.0,11.674411998123706,False
1782043662.1311827,61.21482706069946,6.084711408599712,5.575015284642254,0.02779918288751141,0.0,0.0,10.905089022465331,False
1782043662.2674186,61.35106301307678,6.095428083487822,5.577839253385774,0.02779906249212835,0.0,0.0,11.091481629198396,False
1782043662.3557796,61.43942403793335,6.1038752118292585,5.579960292088566,0.02779905714781611,0.0,0.0,11.733876689414277,False
1782043662.4259713,61.509615659713745,6.108489917232937,5.581092153709801,0.02779908972096208,0.0,0.0,12.159087797492978,False
1782043662.5057707,61.589415073394775,6.115418351504153,5.58276923937293,0.02779915699298936,0.0,0.0,12.830274852134242,False
1782043662.590851,61.674495458602905,6.1238920506016115,5.5848038100286255,0.02779921230425888,0.0,0.0,13.668646096998168,False
1782043662.6666,61.75024437904358,6.130825684189722,5.58647103958716,0.027799206502134813,0.0,0.0,14.358486247104358,False
1782043662.7632864,61.846930742263794,6.140835522240525,5.588906482605266,0.027799140087195032,0.0,0.0,15.35629227769988,False
1782043662.8467946,61.93043899536133,6.148526675724936,5.5908169460804285,0.027799095531797394,0.0,0.0,16.124091415622605,False
1782043662.9301937,62.013838052749634,6.157741209704751,5.593167890008126,0.027799096763952005,0.0,0.0,17.035472328242523,False
1782043663.0165615,62.10020589828491,6.161574775166444,5.594169456952271,0.027799113753700356,0.0,0.0,17.25291947004803,False
1782043663.0923722,62.17601656913757,6.166935689668877,5.595594172393447,0.027799144148749434,0.0,0.0,17.312961555641703,False
1782043663.1727812,62.256425619125366,6.176875412884743,5.598300515529544,0.02779918327297859,0.0,0.0,16.831662029970015,False
1782043663.2573795,62.34102392196655,6.18222144525559,5.599781122513386,0.027799181805602084,0.0,0.0,16.379760763684175,False
1782043663.3454494,62.42909383773804,6.186801986778986,5.60105743756884,0.02779916862227894,0.0,0.0,15.950094802963843,False
1782043663.4295444,62.51318883895874,6.199016598394571,5.604465009750975,0.027799119762694648,0.0,0.0,14.743181366903631,False
1782043663.522608,62.60625243186951,6.203599509339969,5.605734939719266,0.02779911151315522,0.0,0.0,14.283950892291205,False
1782043663.6263235,62.709967851638794,6.21047874008577,5.60762232169512,0.027799116897618294,0.0,0.0,13.593687179707821,False
1782043663.7069597,62.79060411453247,6.221195544413068,5.610498726955683,0.02779914981590343,0.0,0.0,12.518959468907513,False
1782043663.8012862,62.88493061065674,6.225795608209937,5.611703517167276,0.027799161685859563,0.0,0.0,12.058268922908406,False
1782043663.8970013,62.98064565658569,6.236548385781206,5.614436119982108,0.027799163457212766,0.0,0.0,10.983279844777707,False
1782043664.0058706,63.08951497077942,6.244246893253496,5.616312131808116,0.02779914655587519,0.0,0.0,10.21541963078196,False
1782043664.1009765,63.18462085723877,6.248873582937398,5.617404443654446,0.027799135617427164,0.0,0.0,9.754702325988914,False
1782043664.2099705,63.293614864349365,6.263563547775832,5.620684538957928,0.027799129372172906,0.0,0.0,8.295761934265903,False
1782043664.3314443,63.41508865356445,6.269766619789468,5.621979129975988,0.027799139858686123,0.0,0.0,7.681470603284499,False
1782043664.4239929,63.50763726234436,6.279090871336969,5.623819193896625,0.027799155264248424,0.0,0.0,6.760033047051283,False
1782043664.5187354,63.60237979888916,6.2884381508716425,5.62553243665438,0.027799157002711468,0.0,0.0,5.838594924493438,False
1782043664.5973742,63.681018590927124,6.292339438229339,5.626207779306558,0.027799153291935802,0.0,0.0,5.454662240522531,False
1782043664.6741877,63.757832050323486,6.296244484560024,5.6268600464980745,0.02779914811418961,0.0,0.0,5.070729493960342,False
1782043664.7666903,63.85033464431763,6.310332311796999,5.629013295464947,0.027799134223511168,0.0,0.0,3.6885712050184507,False
1782043664.8429842,63.92662858963013,6.3142533817016595,5.629556331706454,0.027799134745337892,0.0,0.0,3.304638252440235,False
1782043664.9298062,64.0134506225586,6.318177620210773,5.6300750529003585,0.02779913722393194,0.0,0.0,2.9207052604833423,False
1782043665.0117605,64.09540486335754,6.326821478464057,5.631129821843608,0.027799146118521655,0.0,0.0,2.076052537677537,True
1782043665.0976322,64.18127655982971,6.3354786631653885,5.63206446588893,0.0277991525102654,0.0,0.0,1.2313996281877775,False
1782043665.190106,64.27375030517578,6.340205850751004,5.632523138692924,0.027799152839732135,0.0,0.0,0.7706797908940963,False
1782043665.2917757,64.37542009353638,6.347302684189628,5.633142936651195,0.027799149335551204,0.0,0.0,0.07959996485246995,False
1782043665.3897777,64.47342205047607,6.359144702147771,5.633992631525863,0.027799140652526817,0.0,0.0,358.9278001288105,False
1782043665.4831448,64.56678915023804,6.363885612806441,5.634267927597804,0.027799139126806052,0.0,0.0,358.4670801632564,False
1782043665.6057448,64.6893892288208,6.371000514922355,5.634611287746816,0.02779914021462779,0.0,0.0,357.7760001835307,False
1782043665.7131014,64.79674577713013,6.383657010154468,5.63501455247852,0.027799147374564237,0.0,0.0,356.5474134450031,False
1782043665.822199,64.90584349632263,6.389196220223995,5.635107259113885,0.027799149455488774,0.0,0.0,356.00990670104795,False
1782043665.9152367,64.99888110160828,6.395527398735157,5.635150604769523,0.027799149590898627,0.0,0.0,355.3956132502583,False
1782043666.0190027,65.10264706611633,6.403441331832261,5.635110681916875,0.02779914688919423,0.0,0.0,354.62774640566715,False
1782043666.1028826,65.18652701377869,6.413727261866743,5.634902138547445,0.027799142616195524,0.0,0.0,353.6295194798366,False
1782043666.215189,65.29883337020874,6.4200546410760335,5.634685651043841,0.02779914175759873,0.0,0.0,353.01522597755417,False
1782043666.3021693,65.38581371307373,6.430330546759595,5.634190440534864,0.027799143938441944,0.0,0.0,352.01699901637943,False
1782043666.3869498,65.47059416770935,6.437438841770412,5.633743521115047,0.027799146397235745,0.0,0.0,351.32591879179455,False
1782043666.505243,65.58888745307922,6.442963481864497,5.63333702734137,0.027799147675449557,0.0,0.0,350.7884119373655,False
1782043666.5900998,65.67374420166016,6.452424591211011,5.632520306781229,0.02779914744998128,0.0,0.0,349.86697159360585,False
1782043666.6871028,65.77074718475342,6.459511143320989,5.631808431442669,0.027799145755702147,0.0,0.0,349.17589132501564,False
1782043666.770955,65.8545994758606,6.472086355208953,5.630332823258452,0.02779914333821617,0.0,0.0,347.9473041743296,False
1782043666.8655584,65.9492027759552,6.476793478067989,5.629710224438223,0.02779914340839402,0.0,0.0,347.4865839913753,False
1782043666.9441366,66.02778100967407,6.480712157369286,5.6291625718004115,0.027799143881778766,0.0,0.0,347.1026505041497,False
1782043667.035116,66.11876034736633,6.4901013397563565,5.627741430058333,0.02779914572482029,0.0,0.0,346.1812101259436,False
1782043667.127872,66.21151638031006,6.499466480432311,5.626169793952554,0.027799146842657715,0.0,0.0,345.2597697323452,False
1782043667.21103,66.29467439651489,6.503360951769834,5.6254706104129415,0.027799146788788646,0.0,0.0,344.8758362310476,False
1782043667.328772,66.41241645812988,6.510358866739817,5.624146480419732,0.02779914602733808,0.0,0.0,344.18475592516455,False
1782043667.4109828,66.49462723731995,6.52043763050857,5.622085260876635,0.02779914455559377,0.0,0.0,343.186528813913,False
1782043667.524557,66.60820150375366,6.527393503367719,5.620555664228881,0.027799144167464766,0.0,0.0,342.4954485059446,False
1782043667.626449,66.71009349822998,6.535099989877475,5.618757948996387,0.027799144608323667,0.0,0.0,341.72758149545024,False
1782043667.7047443,66.78838872909546,6.545081184252548,5.616266934953335,0.027799145759289642,0.0,0.0,340.7293543748099,False
1782043667.7971418,66.88078618049622,6.549672931502039,5.615058707990203,0.02779914611471418,0.0,0.0,340.26863416174297,False
1782043667.886079,66.96972346305847,6.553491868415028,5.614023691210156,0.027799146218884897,0.0,0.0,339.884700649242,False
1782043668.076737,67.16038131713867,6.56566445891307,5.610540154256717,0.02779914550490899,0.0,0.0,338.656113402751,False
1782043668.2434106,67.32705497741699,6.577759584383693,5.606796534725155,0.02779914468554227,0.0,0.0,337.4275261527096,False
1782043668.3538525,67.43749690055847,6.583025420138078,5.605077345876873,0.02779914472031239,0.0,0.0,336.89001923005986,False
1782043668.4578583,67.5415027141571,6.590519555356102,5.602535863463341,0.027799145139224254,0.0,0.0,336.122152195536,False
1782043668.5718372,67.65548157691956,6.605402308370995,5.597152833976729,0.027799145847573998,0.0,0.0,334.5864181141286,False
1782043668.6591995,67.74284386634827,6.612788252416512,5.594312246413774,0.027799145654102037,0.0,0.0,333.8185510675602,False
1782043668.7912126,67.87485694885254,6.623063217781741,5.590169705540313,0.02779914511961347,0.0,0.0,332.7435371987078,False
1782043668.906383,67.99002742767334,6.631807175410944,5.586466067116004,0.02779914495809781,0.0,0.0,331.8220967373266,False
1782043668.993672,68.07731628417969,6.639047545146712,5.583272622191852,0.027799145146292767,0.0,0.0,331.05422968376104,False
1782043669.1067123,68.1903567314148,6.646961724404773,5.5796481253589745,0.027799145473441575,0.0,0.0,330.2095759210289,False
1782043669.200521,68.28416538238525,6.659794318736709,5.573466716108484,0.02779914558424028,0.0,0.0,328.82741520865835,False
1782043669.2811306,68.36477494239807,6.666857975540485,5.569899397788446,0.027799145378446213,0.0,0.0,328.05954814191256,False
1782043669.3934946,68.47713899612427,6.675270312421462,5.565494146920888,0.027799145149669673,0.0,0.0,327.1381076588244,False
1782043669.4876037,68.5712480545044,6.684302440299152,5.560569814166836,0.027799145161983552,0.0,0.0,326.1398804650646,False
1782043669.6095765,68.69322085380554,6.6939317970743355,5.555091597136293,0.027799145391609926,0.0,0.0,325.0648665584185,False
1782043669.7188954,68.80253982543945,6.700746142906335,5.55106845468725,0.027799145501599624,0.0,0.0,324.2969994780053,False
1782043669.8445535,68.92819786071777,6.71086504416632,5.544863423805931,0.027799145423841525,0.0,0.0,323.1451988510248,False
1782043669.9822867,69.06593108177185,6.7195323595757905,5.539322124051267,0.0277991452599213,0.0,0.0,322.14697163569076,False
1782043670.0859222,69.16956663131714,6.725475644075445,5.535397776479994,0.027799145211996883,0.0,0.0,321.4558912531913,False
1782043670.2074747,69.29111909866333,6.730065220198315,5.532296115205461,0.027799145233412075,0.0,0.0,320.9183842874254,False
1782043670.3631306,69.44677495956421,6.739800852258989,5.525505531924327,0.027799145373189185,0.0,0.0,319.7665836411769,False
1782043670.4700897,69.55373406410217,6.747489849301192,5.519933016387313,0.027799145437074423,0.0,0.0,318.8451431185544,False
1782043670.561045,69.64468932151794,6.7550882382771285,5.5142375718599626,0.0277991453929089,0.0,0.0,317.9237025910609,False
1782043670.6562533,69.73989772796631,6.762594053941117,5.50842067119627,0.02779914530375226,0.0,0.0,317.0022620590908,False
1782043670.7591388,69.84278321266174,6.77123124796747,5.501482788645871,0.02779914526880597,0.0,0.0,315.9272480996799,False
1782043670.851899,69.93554329872131,6.7791336523418675,5.4948964127099975,0.02779914532683233,0.0,0.0,314.9290208461096,False
1782043670.9462407,70.02988505363464,6.785729837958021,5.489216494772231,0.0277991453830248,0.0,0.0,314.08436701169506,False
1782043671.03204,70.11568450927734,6.791653127375421,5.483969056388005,0.027799145394615823,0.0,0.0,313.31649988589436,False
1782043671.1145506,70.19819498062134,6.797505561929867,5.47864270898737,0.027799145364876147,0.0,0.0,312.54863275677116,False
1782043671.212958,70.29660248756409,6.8038601484135715,5.472693729071197,0.027799145317876566,0.0,0.0,311.70397891106643,False
1782043671.3161972,70.39984154701233,6.811256054040487,5.465543280124384,0.027799145298487985,0.0,0.0,310.7057516340057,False
1782043671.3988278,70.48247218132019,6.816859797165636,5.459955880985355,0.027799145320304062,0.0,0.0,309.93788449413796,False
1782043671.4945128,70.57815718650818,6.822388158108964,5.454293885639831,0.027799145353282255,0.0,0.0,309.1700173509705,False
1782043671.5902927,70.67393708229065,6.82892128967394,5.447402456979367,0.027799145372392142,0.0,0.0,308.2485767747621,False
1782043671.6670628,70.75070714950562,6.833747946808513,5.4421654246666264,0.02779914536260961,0.0,0.0,307.5574963395014,False
1782043671.7499034,70.83354783058167,6.838511087277189,5.4368705574014315,0.02779914534062306,0.0,0.0,306.86641590166005,False
1782043671.8391078,70.92275214195251,6.8442454362089675,5.430321635917674,0.02779914531867269,0.0,0.0,306.0217620297632,False
1782043671.9171913,71.00083565711975,6.84988262143659,5.423688893431034,0.027799145318719385,0.0,0.0,305.1771081541167,False
1782043672.0075412,71.09118556976318,6.854421736695272,5.418200764516148,0.02779914533321844,0.0,0.0,304.4860277075847,False
1782043672.1159303,71.1995747089386,6.86086062179601,5.410177729095536,0.02779914535516055,0.0,0.0,303.48780039139575,False
1782043672.1974258,71.28107023239136,6.865717934299126,5.403930531269,0.02779914535788849,0.0,0.0,302.71993322147347,False
1782043672.27597,71.35961437225342,6.870491089368827,5.397618799645257,0.02779914534730418,0.0,0.0,301.95206604847255,False
1782043672.3549757,71.43862009048462,6.874714265462086,5.3918840014889104,0.027799145334318643,0.0,0.0,301.26098559020375,False
1782043672.4505923,71.5342366695404,6.879325172195052,5.385452788192647,0.027799145326270865,0.0,0.0,300.4931184115454,False
1782043672.537009,71.6206533908844,6.884297113589163,5.378307794933495,0.027799145330339347,0.0,0.0,299.6484645116328,False
1782043672.6232083,71.70685267448425,6.889163187129251,5.371090284408402,0.027799145342162632,0.0,0.0,298.80381060817183,False
1782043672.7046933,71.78833770751953,6.892635049453516,5.365796532832463,0.027799145349000607,0.0,0.0,298.1895168579815,False
1782043672.790866,71.87451028823853,6.897315782771695,5.358457468487687,0.027799145349896272,0.0,0.0,297.3448629484654,False
1782043672.8826015,71.9662458896637,6.902298034174792,5.3503734863550845,0.027799145341388512,0.0,0.0,296.4234223160327,False
1782043672.9631238,72.04676818847656,6.905547031787664,5.344940103592855,0.027799145335166538,0.0,0.0,295.80912855889267,True
1782043673.050795,72.13443946838379,6.909526055349827,5.338099903539729,0.027799145332008356,0.0,0.0,295.0412613600582,False
1782043673.1401799,72.22382426261902,6.913796664633331,5.33051485072779,0.027799145335795666,0.0,0.0,294.1966074382876,False
1782043673.2251914,72.30883574485779,6.917954995144129,5.322867667117587,0.02779914534269413,0.0,0.0,293.3519535133582,False
1782043673.3341324,72.41777682304382,6.922000143183542,5.315160014612438,0.02779914534627023,0.0,0.0,292.5072995853276,False
1782043673.4370258,72.52067017555237,6.92628291548012,5.306684670515133,0.027799145343560032,0.0,0.0,291.58585893312875,False
1782043673.5207977,72.60444211959839,6.9307681203038465,5.297426632061233,0.027799145337507127,0.0,0.0,290.58763155600724,False
1782043673.6163948,72.70003914833069,6.9341081315166475,5.290252700757783,0.027799145335451803,0.0,0.0,289.81976434016246,False
1782043673.6944041,72.77804851531982,6.936710731378189,5.284481729637914,0.02779914533652698,0.0,0.0,289.2054705658537,False
1782043673.7918067,72.87545108795166,6.940807545732295,5.275045392930351,0.027799145341059463,0.0,0.0,288.2072431795784,False
1782043673.8768516,72.9604959487915,6.943846715251539,5.267738929088271,0.027799145343482216,0.0,0.0,287.43937595688703,False
1782043673.9668157,73.05046010017395,6.946432044915435,5.261132335323639,0.02779868236837542,0.0,0.0,286.9117838598397,False
1782043674.04732,73.1309642791748,6.9507422987165075,5.249085042269345,0.027795483411202353,0.0,0.0,286.4424179116463,False
1782043674.141643,73.22528743743896,6.956410269947507,5.232088045386195,0.027788107179098773,0.0,0.0,286.0606226726369,False
1782043674.2253354,73.30897974967957,6.95955887994196,5.222240198668602,0.0277839118508939,0.0,0.0,285.8980038569486,False
1782043674.3175333,73.40117764472961,6.964525435503259,5.206236316951338,0.027780023996643623,0.0,0.0,285.6813000880287,False
1782043674.401759,73.48540329933167,6.968564198145454,5.192857923330115,0.027780697717893536,0.0,0.0,285.529927348671,False
1782043674.4921453,73.5757896900177,6.973447344492724,5.176308414701468,0.02778524175073116,0.0,0.0,285.3683109774742,False
1782043674.5876324,73.67127680778503,6.978266691199648,5.159626508884073,0.027789997410790027,0.0,0.0,285.2264480351501,False
1782043674.6861615,73.76980590820312,6.983023230557954,5.142867593089682,0.027791102046468587,0.0,0.0,285.10000386420563,False
1782043674.78054,73.86418437957764,6.988144042669533,5.1245402625536745,0.027787680798591344,0.0,0.0,284.9761196308622,False
1782043674.8687215,73.95236587524414,6.992780676372672,5.107721275973084,0.02778366077404884,0.0,0.0,284.87305378148017,False
1782043674.9629414,74.04658579826355,6.997369167498561,5.090890009171522,0.027782405678175973,0.0,0.0,284.7783432810314,False
1782043675.0502248,74.13386917114258,7.001092677938257,5.077107898503111,0.027784033245584233,0.0,0.0,284.70619153049023,False
1782043675.1510777,74.23472213745117,7.006429279824714,5.057180052099048,0.02778788750741046,0.0,0.0,284.6092528300983,False
1782043675.2379212,74.32156562805176,7.011315877221045,5.0387678964359095,0.02778918965799414,0.0,0.0,284.52638072391824,False
1782043675.323302,74.40694642066956,7.014901653194252,5.025168915337363,0.027788456943991634,0.0,0.0,284.4978538419392,False
1782043675.4434156,74.52706003189087,7.018284162920973,5.0123145718356685,0.02779213491244773,0.0,0.0,284.8301121121453,False
1782043675.554779,74.63842344284058,7.023584675465933,4.992235773460277,0.02780362673967227,0.0,0.0,286.105719820695,False
1782043675.6428003,74.72644472122192,7.026079871720564,4.982912053992244,0.02780476087456435,0.0,0.0,286.86202686158765,False
1782043675.7429936,74.82663798332214,7.028716121320773,4.973235370374008,0.02780116118786535,0.0,0.0,287.70369543364575,False
1782043675.8459232,74.92956757545471,7.032004240930936,4.961504987929773,0.02779556472024537,0.0,0.0,288.7780058650367,False
1782043675.9326417,75.01628613471985,7.034117013822179,4.954202169057584,0.027794852156351694,0.0,0.0,289.46899101626036,False
1782043676.0199628,75.10360717773438,7.036487951643776,4.946243809063797,0.02779709573882595,0.0,0.0,290.23681559640994,False
1782043676.1079192,75.1915636062622,7.039388270182699,4.936857083927698,0.027801001212686464,0.0,0.0,291.1582370990966,False
1782043676.2049804,75.28862476348877,7.041865732831649,4.929139652546221,0.027802372183286368,0.0,0.0,291.92610506553217,False
1782043676.2840176,75.36766195297241,7.044150716614868,4.9222594844234395,0.02780138764910674,0.0,0.0,292.6171926215235,False
1782043676.3861856,75.46983003616333,7.047821354151867,4.911659528174386,0.027797980792604583,0.0,0.0,293.69221374053046,False
1782043676.4807677,75.5644121170044,7.050261483198262,4.904902581579405,0.027796740647036414,0.0,0.0,294.3832908479193,False
1782043676.6215465,75.70519089698792,7.053993610773184,4.895022957463025,0.02779758419161422,0.0,0.0,295.35582096034335,False
1782043676.727424,75.8110682964325,7.05757089475271,4.886338334573016,0.027797740129975438,0.0,0.0,295.82525118807195,False
1782043676.8778503,75.96149468421936,7.06533517784106,4.8686964627898295,0.027792635822222127,0.0,0.0,296.3777261367085,False
1782043676.9699907,76.05363512039185,7.072518296253715,4.853114877232527,0.0277856473364507,0.0,0.0,296.7270893622851,False
1782043677.0621722,76.14581656455994,7.080150174014098,4.8370396630914145,0.02778205115640247,0.0,0.0,297.04531606768137,False
1782043677.224157,76.30780148506165,7.086689861332127,4.823558965365773,0.027783941607252973,0.0,0.0,297.30948933838454,False
1782043677.3105674,76.394211769104,7.094027068607459,4.808702460391568,0.02778897728239949,0.0,0.0,297.59981993746567,False
1782043677.4665973,76.5502417087555,7.103541491301536,4.789799929270383,0.027793091274166674,0.0,0.0,297.96914401824097,False
1782043677.5964415,76.68008589744568,7.112524448403561,4.772283117364552,0.027791144548606483,0.0,0.0,298.31144740616793,False
1782043677.7135816,76.79722595214844,7.124499336686374,4.749377807261794,0.027785885455452596,0.0,0.0,298.7454977992999,False
1782043677.8449855,76.9286298751831,7.135251183175766,4.729202522569684,0.02778581377323831,0.0,0.0,299.11880612784205,False
1782043677.9758081,77.05945253372192,7.147620476370885,4.706407032982683,0.02778925186727018,0.0,0.0,299.53649736041626,False
1782043678.0698173,77.15346169471741,7.157201971178846,4.689032755363642,0.027790055012948893,0.0,0.0,299.8538856046892,False
1782043678.1655989,77.24924325942993,7.164627880587844,4.675727773984967,0.027789147894598586,0.0,0.0,300.1010434242468,False
1782043678.3152423,77.39888668060303,7.177344515841972,4.653256342115338,0.027787508353549727,0.0,0.0,300.5336545414532,False
1782043678.4198194,77.50346374511719,7.187167677527134,4.636162672332193,0.027787829939219452,0.0,0.0,300.8703845740232,False
1782043678.5275545,77.61119890213013,7.195567579661437,4.621725430016305,0.02778864978409221,0.0,0.0,301.1535385940666,False
1782043678.6711447,77.75478911399841,7.204053601355804,4.6073043566935725,0.027789040405275616,0.0,0.0,301.4326972402066,False
1782043678.8113194,77.89496374130249,7.219678996429774,4.581165556931724,0.02778822056554608,0.0,0.0,301.93463648606917,False
1782043678.939215,78.02285933494568,7.231557987423651,4.561639062923327,0.02778777934514825,0.0,0.0,302.30774257163904,False
1782043679.0777998,78.1614441871643,7.243611367678872,4.542118545328032,0.02778797439249016,0.0,0.0,302.66778965739013,False
1782043679.2157612,78.29940557479858,7.256637614802109,4.521335673126804,0.02778813171535809,0.0,0.0,303.04073964098893,False
1782043679.3199124,78.40355682373047,7.267333110295794,4.504501609586109,0.027787954958938467,0.0,0.0,303.3391322812117,False
1782043679.419919,78.50356340408325,7.278123656983414,4.487718621793918,0.02778778612673242,0.0,0.0,303.6348345369014,False
1782043679.5199604,78.60360479354858,7.28733261168584,4.473549232275526,0.02778779059391817,0.0,0.0,303.8819001580331,False
1782043679.606465,78.69010949134827,7.296609565713458,4.459413220749496,0.0277878794249833,0.0,0.0,304.1267838918347,False
1782043679.7108345,78.79447889328003,7.30852117766097,4.441459016834781,0.02778787901508062,0.0,0.0,304.43359631285307,False
1782043679.8091836,78.8928279876709,7.3171120704800074,4.428642744601237,0.027787707271600525,0.0,0.0,304.6459967205752,False
1782043679.8865051,78.97014951705933,7.326632482358288,4.414564219029176,0.027787476192232916,0.0,0.0,304.8745440424155,False
1782043679.9761858,79.05983018875122,7.335368769718682,4.401756687710761,0.027787260198633455,0.0,0.0,305.0730013799908,False
1782043680.0775034,79.16114783287048,7.344173548509605,4.388951634863271,0.02778711284916272,0.0,0.0,305.2634714484954,False
1782043680.1717207,79.25536513328552,7.3545183919813875,4.3740229722338,0.02778820804644347,0.0,0.0,305.5524341080485,False
1782043680.2594385,79.34308290481567,7.361080521381832,4.364588125984836,0.027793755321403178,0.0,0.0,306.04673233770177,False
1782043680.3600993,79.44374370574951,7.369299376784039,4.352837086772427,0.027802892652685263,0.0,0.0,306.9693850861812,False
1782043680.4574902,79.54113459587097,7.376132302577365,4.343171931331972,0.027805204880192023,0.0,0.0,307.87829461350333,False
1782043680.536589,79.62023329734802,7.380979589649075,4.336400928304114,0.027802327561881467,0.0,0.0,308.56730719777227,False
1782043680.6280077,79.71165204048157,7.38671025832474,4.328512564257723,0.027797037242105097,0.0,0.0,309.41131970734597,False
1782043680.720662,79.8043065071106,7.392824028971371,4.320260342788977,0.027794400159267405,0.0,0.0,310.33260484660883,False
1782043680.8007412,79.88438558578491,7.397364658228217,4.314252910913747,0.027795917503074537,0.0,0.0,311.0236453779489,False
1782043680.907258,79.99090242385864,7.402902091224001,4.307076065306388,0.02779984837044303,0.0,0.0,311.86827670028265,False
1782043681.0111053,80.09474968910217,7.408455591119952,4.300049009171279,0.027802486040300636,0.0,0.0,312.71292791576104,False
1782043681.1066647,80.19030904769897,7.416093458259454,4.290667924907243,0.027800866125536266,0.0,0.0,313.86474196134924,True
1782043681.1960273,80.27967166900635,7.421243540138705,4.284527148537307,0.027798144911240073,0.0,0.0,314.6326148539112,False
1782043681.2808945,80.36453890800476,7.426610041914924,4.27830979751648,0.027796418631346,0.0,0.0,315.3727964607036,False
1782043681.3670943,80.45073866844177,7.434725973956657,4.26947630650848,0.02779474262793414,0.0,0.0,315.90362279031393,False
1782043681.4560459,80.53969025611877,7.444819663503146,4.25895536752455,0.027791363374774704,0.0,0.0,316.2632367403567,False
1782043681.5723777,80.65602207183838,7.457117526717462,4.246510375957441,0.027785491639625844,0.0,0.0,316.55802616773354,False
1782043681.6800354,80.76367974281311,7.472345021404646,4.231465655714425,0.027780757839859976,0.0,0.0,316.8273985081999,False
1782043681.7634828,80.84712719917297,7.482405733563286,4.221686918681191,0.027781525946992982,0.0,0.0,316.9724143280222,False
1782043681.877312,80.96095633506775,7.4983005762898625,4.206435983946845,0.02778716530285242,0.0,0.0,317.16715836085234,False
1782043681.9749365,81.05858087539673,7.512077663358172,4.193373413367358,0.027790749309059025,0.0,0.0,317.3115477525815,False
1782043682.0597239,81.14336824417114,7.522469471159208,4.183598441702241,0.02779020877951956,0.0,0.0,317.40918823590755,False
1782043682.1558504,81.23949480056763,7.536376328168541,4.170604881247464,0.027786226938500577,0.0,0.0,317.5278216961666,False
1782043682.2413888,81.32503318786621,7.547998085048344,4.159812706728811,0.027783172191702322,0.0,0.0,317.6182342384249,False
1782043682.3265858,81.41023015975952,7.559646195903645,4.149048629534073,0.027782758502587025,0.0,0.0,317.7021416238353,False
1782043682.4259167,81.50956106185913,7.572489669893832,4.137233638308533,0.02778527205964664,0.0,0.0,317.7879716238556,False
1782043682.5218363,81.60548067092896,7.581849734437562,4.128654870971147,0.02778758857250515,0.0,0.0,317.8466691030713,False
1782043682.6108668,81.69451117515564,7.6029577616961985,4.109395237778449,0.027788549447227463,0.0,0.0,317.96888173863795,False
1782043682.7331076,81.8167519569397,7.620583226357866,4.093394213776703,0.027785277784007776,0.0,0.0,318.0618004691793,False
1782043682.8268943,81.91053867340088,7.629994555712431,4.0848772492356495,0.02778411237843779,0.0,0.0,318.10849726386823,False
1782043682.912828,81.99647235870361,7.642949413300715,4.073181717520458,0.027784487866878926,0.0,0.0,318.1698068310979,False
1782043683.0056176,82.08926200866699,7.658282937897944,4.05937793730177,0.027786775026642882,0.0,0.0,318.23836519598683,False
1782043683.0958467,82.17949104309082,7.670093717999656,4.048772332305756,0.027787946193180642,0.0,0.0,318.28851017572833,False
1782043683.2216554,82.30529975891113,7.685463182024871,4.0350037743965785,0.02778724974765364,0.0,0.0,318.35064947542537,False
1782043683.3210764,82.40472078323364,7.699638523452651,4.022335547900066,0.027785580664627746,0.0,0.0,318.40069113804816,False
1782043683.42081,82.50445437431335,7.714891375665425,4.008733591309385,0.027785396224482437,0.0,0.0,318.42192537973403,False
1782043683.5077772,82.5914216041565,7.725441030719354,3.9993401645372413,0.02778650095540928,0.0,0.0,318.41978735827644,False
1782043683.6015482,82.68519258499146,7.737170588645203,3.988905726227876,0.02778799961856566,0.0,0.0,318.40360711645303,False
1782043683.683275,82.76691937446594,7.751278724753938,3.976362566778636,0.027788444562518878,0.0,0.0,318.3711440890635,False
1782043683.7931879,82.8768322467804,7.764203429543586,3.964872684335509,0.02778712828687037,0.0,0.0,318.3271216025009,False
1782043683.9158313,82.99947571754456,7.7804284615901365,3.9504406666555507,0.027785835414757876,0.0,0.0,318.20369456265684,False
1782043684.0067594,83.09040379524231,7.796556069194392,3.9360675474891025,0.027787131001871374,0.0,0.0,318.02073214229694,False
1782043684.1047213,83.18836569786072,7.809250145145251,3.924719244472563,0.027788948647859607,0.0,0.0,317.85732875119317,False
1782043684.2160544,83.29969882965088,7.8243328669873,3.911180029103115,0.027789096914309256,0.0,0.0,317.6666990714225,False
1782043684.316459,83.40010333061218,7.837161932801467,3.899608907458404,0.02778695162483134,0.0,0.0,317.5192626060691,False
1782043684.4039552,83.48759961128235,7.849998390826685,3.887977973746529,0.02778459320372763,0.0,0.0,317.3906267364222,False
1782043684.4775832,83.56122756004333,7.860489580407047,3.8784326897546157,0.02778400225912616,0.0,0.0,317.30113452629195,False
1782043684.5688438,83.65248823165894,7.873275378030555,3.8667539400992195,0.027785423095799424,0.0,0.0,317.2120857080347,False
1782043684.672478,83.75612235069275,7.887150720071038,3.8540279682361946,0.02778810724125897,0.0,0.0,317.14658139998573,False
1782043684.7675338,83.85117816925049,7.899813284214091,3.8423730844152946,0.02778933363498704,0.0,0.0,317.080936800749,False
1782043684.8466537,83.93029808998108,7.911303486848827,3.8317661000517873,0.027788594977258763,0.0,0.0,317.003507689302,False
1782043684.9275122,84.01115655899048,7.920500631072175,3.823254599203321,0.02778715023952664,0.0,0.0,316.93507356062315,False
1782043685.0099337,84.09357810020447,7.929714919385527,3.8147077497971438,0.02778568768465911,0.0,0.0,316.86554540550037,False
1782043685.0860322,84.1696765422821,7.943559271705582,3.8018288882258275,0.02778476445278265,0.0,0.0,316.7629376813201,False
1782043685.1672685,84.25091290473938,7.956253143440114,3.7899805671716282,0.02778555633302379,0.0,0.0,316.67040861552044,False
1782043685.2617354,84.34537982940674,7.967401479421134,3.77954645679328,0.02778799777970208,0.0,0.0,316.66260106421277,False
1782043685.334726,84.41837048530579,7.9758725047858245,3.771611903736922,0.027794558304631265,0.0,0.0,317.0036490125841,False
1782043685.4491665,84.53281092643738,7.985653042566303,3.7624582404180367,0.027803541774561052,0.0,0.0,317.7789283116059,False
1782043685.5258687,84.6095130443573,7.993009537144189,3.7555996985058746,0.027806041495697535,0.0,0.0,318.5190895500378,False
1782043685.6242273,84.70787167549133,8.000588475995361,3.7485836896209492,0.027802581059571847,0.0,0.0,319.3564983375652,False
1782043685.7101054,84.79374980926514,8.01004462204989,3.7399630480668407,0.027795313800472995,0.0,0.0,320.38542131789745,False
1782043685.7972949,84.880939245224,8.018764240848002,3.7323021139424863,0.02779144125965816,0.0,0.0,320.855882055649,False
1782043685.8746986,84.95834302902222,8.027955466550619,3.724421465469187,0.027789022561997084,0.0,0.0,321.157894862047,False
1782043685.963155,85.04679942131042,8.039069836400913,3.7150663400372066,0.027786440596653635,0.0,0.0,321.41996362852643,False
1782043686.0329673,85.11661171913147,8.050737014314464,3.705398444956496,0.027783851627764897,0.0,0.0,321.6331916727082,False
1782043686.129737,85.21338129043579,8.060337959940862,3.6975045994360043,0.027786413070180763,0.0,0.0,321.5805055860093,False
1782043686.2172172,85.30086159706116,8.070326526626511,3.6893182981601136,0.027796752604073577,0.0,0.0,321.059908867498,False
1782043686.3195431,85.40318751335144,8.079965173560295,3.6814308109576253,0.027806861272733432,0.0,0.0,320.2282140443429,False
1782043686.4219186,85.50556302070618,8.087365651090867,3.675361504727906,0.027807968711498224,0.0,0.0,319.4767248149757,False
1782043686.515386,85.59903049468994,8.093686659054601,3.670151226212559,0.027803303920426146,0.0,0.0,318.78951375351033,False
1782043686.6009338,85.68457818031311,8.0997701667103,3.6650995463331917,0.027796853926631036,0.0,0.0,318.09953157034647,False
1782043686.7109177,85.79456210136414,8.106318217836495,3.6596056828124546,0.027792483134097077,0.0,0.0,317.332005104535,False
1782043686.8019898,85.88563418388367,8.112693754320954,3.654184818475685,0.027793571115307086,0.0,0.0,316.5642449079978,False
1782043686.8905697,85.97421407699585,8.118313582242001,3.649336419274814,0.027797934323170567,0.0,0.0,316.1600241838381,False
1782043686.981192,86.0648365020752,8.126276689626735,3.6423505623315804,0.0278036428417287,0.0,0.0,316.36533944224817,False
1782043687.0720687,86.15571308135986,8.135310161689778,3.6342999926860124,0.027802484582020778,0.0,0.0,317.2882492105315,False
1782043687.1540747,86.23771905899048,8.14246965718686,3.62787452169018,0.02779778203617194,0.0,0.0,318.179934671715,False
1782043687.2411878,86.32483220100403,8.147822059017926,3.6230715937098803,0.027795485402735902,0.0,0.0,318.8660330550718,False
1782043687.3355854,86.41922974586487,8.15580658499674,3.615980126625535,0.027794800702371662,0.0,0.0,319.5091691342985,False
1782043687.4140778,86.49772214889526,8.165186415540717,3.607772572136003,0.027793636169823128,0.0,0.0,319.88408828351476,False
1782043687.4991896,86.58283400535583,8.175789443815475,3.59860655707815,0.02779000901986234,0.0,0.0,320.16537265548675,False
1782043687.5794718,86.66311621665955,8.187095577027693,3.588936281969016,0.027784726545119667,0.0,0.0,320.39095966555567,False
1782043687.6749415,86.7585859298706,8.201168664767984,3.5770239195328104,0.027780561180508756,0.0,0.0,320.61386105381337,False
1782043687.7767508,86.86039519309998,8.214338093368672,3.565983796511551,0.027781900516093232,0.0,0.0,320.78619518356487,False
1782043687.86227,86.94591450691223,8.226444623061447,3.5559143532085513,0.027786283461889858,0.0,0.0,320.9233307156085,False
1782043687.942643,87.026287317276,8.238468595275119,3.545959711694127,0.027794284867021256,0.0,0.0,320.79227056015475,False
1782043688.0171506,87.10079503059387,8.245879651378326,3.5398320977768534,0.027800985567576448,0.0,0.0,320.38962578844763,False
1782043688.0851724,87.16881680488586,8.251790815059467,3.5349442563579068,0.02780493026412644,0.0,0.0,319.9265391013984,False
1782043688.166475,87.25011944770813,8.25959600551933,3.5284770543619595,0.027805616316902638,0.0,0.0,319.1943897518621,False
1782043688.2349827,87.31862711906433,8.266161294975122,3.523010849640125,0.02780200185282156,0.0,0.0,318.51187479459776,False
1782043688.3060515,87.38969588279724,8.27154253760962,3.518511256974773,0.027797848119640912,0.0,0.0,317.9866291839141,False
1782043688.366227,87.449871301651,8.275126899511294,3.5155140486314638,0.027795677683103454,0.0,0.0,317.7076082870902,True
1782043688.4537249,87.53736925125122,8.280427401001496,3.51108211234517,0.02779526516562826,0.0,0.0,317.3560213045025,False
1782043688.5145833,87.5982277393341,8.284632204973569,3.507566437409584,0.027797988785857177,0.0,0.0,317.11173313733167,False
1782043688.5776765,87.66132092475891,8.287607589812792,3.5050786370945146,0.027800895293176434,0.0,0.0,316.95217901805,False
1782043688.6480105,87.73165488243103,8.290367041923101,3.5027712848337114,0.027803244674145106,0.0,0.0,316.81203999184993,False
1782043688.7101057,87.79375004768372,8.293293463305039,3.5003242065083553,0.027804179365278184,0.0,0.0,316.67026888641055,False
1782043688.7826264,87.86627078056335,8.296659293668462,3.49750962815023,0.02780240268377895,0.0,0.0,316.5144448238958,False
1782043688.8501716,87.93381595611572,8.298847844323209,3.49567955280868,0.027800007873304933,0.0,0.0,316.41662209052424,False
1782043688.911266,87.99491047859192,8.300626857554622,3.4941919895952256,0.027798021004322992,0.0,0.0,316.33887006915825,False
1782043688.9736114,88.05725574493408,8.302600702216438,3.492541578029527,0.027796566690354563,0.0,0.0,316.25428129721126,False
1782043689.053184,88.13682842254639,8.303949594602845,3.4914137426464062,0.027796380028562176,0.0,0.0,316.197419635385,False
1782043689.1189597,88.20260405540466,8.306511048069087,3.4892720627256337,0.02779809289412678,0.0,0.0,316.09141140384196,False
1782043689.1820445,88.2656888961792,8.309143166561359,3.48707119941618,0.027801427912307445,0.0,0.0,315.98497031589255,False
1782043689.245179,88.32882332801819,8.311388390856962,3.4851937312950128,0.027803213322784702,0.0,0.0,315.8959790506853,False
1782043689.316076,88.39972043037415,8.313301580169592,3.4835938862424176,0.02780263794211876,0.0,0.0,315.82131035576765,False
1782043689.3773925,88.46103692054749,8.314323900783512,3.4827390193311096,0.0278015352419631,0.0,0.0,315.78180439811615,False
1782043689.462706,88.54635047912598,8.31628833875447,3.481096421345133,0.027798767741921263,0.0,0.0,315.70659158713255,False
1782043689.5281582,88.61180257797241,8.317788831363522,3.4798418180100548,0.02779724558580113,0.0,0.0,315.6497267869786,False
1782043689.6088657,88.69251012802124,8.319408462617247,3.4784876141651813,0.027797270090099958,0.0,0.0,315.5888998170555,False
1782043689.6828809,88.76652526855469,8.320792571740187,3.477330301766366,0.02779876331278717,0.0,0.0,315.5373695841994,False
1782043689.747894,88.831538438797,8.322455435292039,3.4759398380255457,0.027801307048164237,0.0,0.0,315.47599743223583,False
1782043689.8101335,88.89377784729004,8.3238927548669,3.4747379251318957,0.027802691724256312,0.0,0.0,315.4233902570863,False
1782043689.8718336,88.95547795295715,8.325126196835251,3.4737065048812434,0.027802455905469304,0.0,0.0,315.3785372736294,False
1782043689.9591496,89.04279398918152,8.326466979115223,3.4725853721764897,0.027800749969818517,0.0,0.0,315.33005309048826,False
1782043690.0212483,89.10489273071289,8.32747748865548,3.4717404461089565,0.027799062247799572,0.0,0.0,315.2936858211728,False
