EpochTime(s),TimeFromStart(s),right_prop_rate(rad/s),left_prop_rate(rad/s),LastDT(s),Yaw(rad),North(m),East(m),IMUSensedYawRate(rad/s),IMUIntegratedYaw(rad),IMUSensedTimeStamp(s),ARUCOSensedNorth(m),ARUCOSensedEast(m),ARUCOSensedYaw(rad),ArucoSensedTimeStamp(s),DepthTimeStamp(s),Depth(m),NavigationMode,APFEncounter,APFSide,APFDCPA(m),APFTCPA(s),APFForceX,APFForceY,NearestObstacleNorth(m),NearestObstacleEast(m),NearestObstacleDistance(m)
1781967052.8588138,2.248506784439087,-200.0,200.0,0.2,6.2831853055801785,-5.84280758152661e-05,1.0000000004726906,5.218015425559459e-12,6.283185305581081,1781967052.8100772,-5.84280758152661e-05,1.0000000004726906,6.283185305580037, 1781967052.745809, 1781967052.86032,0.9036875025838386,apf_avoid,none,0.0,nan,nan,11.527395852517142,0.00012874583152431716,1.6500956450121917,0.9909818051052062,1.6501417704690293
1781967052.8713412,2.2610342502593994,200.0,200.0,0.2,6.283185305580212,0.030159234970087854,1.00000000042436,5.188074124896008e-12,6.2831853055813776,1781967052.867337,None,None,None, None, 1781967052.86032,0.9036875025838386,apf_avoid,none,0.0,nan,nan,16.139081810660027,6.518680929437728,1.6500956450121917,0.9909818051052062,1.6501417704690293
1781967052.9768875,2.3665804862976074,200.0,200.0,0.2,6.275808381169331,0.06223201938228114,0.9997338161305835,-1.853554468081766e-11,6.2831853055799565,1781967052.9440107,None,None,None, None, 1781967052.927458,1.056455909308534,apf_avoid,none,0.0,nan,nan,16.0893800575999,6.63910839635668,1.6880007344657304,0.990990442614518,1.6486724494663694
1781967053.0728486,2.4625415802001953,200.0,200.0,0.2,6.267846895698667,0.09543525542349325,0.9990769496657521,0.02348496631296762,0.001749064837141212,1781967053.0184867,None,None,None, None, 1781967053.0657704,0.9693303590244381,apf_colreg,static_obstacle,-1.0,0.03138114326454763,9.87829956908835,16.034157686504038,6.770191949482012,1.7126209145602864,0.9742173142564896,1.6406557523034235
1781967053.1718557,2.5615487098693848,200.0,200.0,0.2,6.271496685003485,0.1293037159891841,0.9980904876721388,0.1345945192611879,0.020770121423634123,1781967053.159808,None,None,None, None, 1781967053.139227,0.9309440835294794,apf_colreg,static_obstacle,-1.0,0.03815957264754948,9.635855491615002,16.03609443833511,6.627082567811445,1.7390887051660109,0.9405481934641949,1.633062301188615
1781967053.2721078,2.6618008613586426,200.0,200.0,0.2,6.281194829041304,0.1635737382186075,0.9973441986900058,0.16030927710695306,0.03125983352158419,1781967053.2252421,None,None,None, None, 1781967053.2147493,0.9316782418583625,apf_colreg,static_obstacle,-1.0,0.03738833416616284,9.469708558572956,16.09917267733742,6.476230474589172,1.7639810118973798,0.9324903715810654,1.6234718006214723
1781967053.3721373,2.7618303298950195,200.0,200.0,0.2,6.288556103284103,0.19807770664067856,0.9970289183132603,0.1183003600513112,0.046563755736664755,1781967053.354607,None,None,None, None, 1781967053.3450842,0.9968924567207964,apf_colreg,static_obstacle,-1.0,0.06210987695463969,9.359409338986968,16.14345850853222,6.359664458779417,1.7907987774920184,0.916220845125503,1.6159678498453518
1781967053.4725204,2.862213373184204,200.0,200.0,0.2,6.325899403937045,0.23271138663978952,0.996961830447328,0.3830081881069215,0.09057445294216626,1781967053.469515,None,None,None, None, 1781967053.4358356,1.0101952890162278,apf_colreg,static_obstacle,-1.0,0.023011611179511927,9.28341368218782,16.374344817842065,5.751600574313648,1.8175070831378226,0.9105039438407605,1.6078105211696354
1781967053.571731,2.9614241123199463,200.0,200.0,0.2,0.05900036439965756,0.2673555115281556,0.998558051862326,0.11790170095283278,0.09795581818214491,1781967053.5321212,None,None,None, None, 1781967053.5571795,0.9675945542411148,apf_colreg,static_obstacle,-1.0,0.04754506734215193,9.208324600588789,16.4621463255849,5.470332205383347,1.8460775535363205,0.9521480736400644,1.5984897224261911
1781967053.6715915,3.0612845420837402,200.0,200.0,0.2,0.07267084684682273,0.30200966672043517,1.0005442260891115,0.133468625365906,0.11509616072868954,1781967053.6605434,None,None,None, None, 1781967053.6207278,1.0167870831930454,apf_colreg,static_obstacle,-1.0,0.06085709902940321,9.154791712700368,16.5342521902184,5.231655172828594,1.8744355566539974,0.9555040421440602,1.591309817789949
1781967053.7722187,3.161911725997925,177.16039024199134,200.0,0.2,0.10018188464938974,0.07658147440759172,1.001141853018947,0.204766082621769,0.12698589053698928,1781967053.7186084,0.07471080679229951,1.0011289676477035,0.10741545323205683, 1781967053.755539, 1781967053.7465265,0.9416902238546296,apf_colreg,static_obstacle,-1.0,0.22291172366083467,48.80417431145766,16.680681487569895,4.772243242429561,1.901612887853463,0.9508108513146546,1.5830843755384585
1781967053.8726132,3.2623062133789062,153.13725366200046,200.0,0.2,0.11454153600926473,0.09141941454217356,1.0026096620652862,0.2015534296102934,0.1504771286697026,1781967053.8351593,None,None,None, None, 1781967053.8361611,1.0223519740719111,apf_colreg,static_obstacle,-1.0,0.19530118109198968,20.961972193679056,16.74498057061286,4.522051988634522,1.654699096569558,0.9729775560399399,1.5749989136705176
1781967053.9738305,3.363523483276367,124.170925017976,200.0,0.2,0.1288304286972728,0.11471746071829791,1.0052873060533045,0.15193068410121907,0.1629658747762389,1781967053.978341,None,None,None, None, 1781967053.964296,1.0199662144170174,apf_colreg,static_obstacle,-1.0,0.17363054605760037,13.350565136860293,16.80881543274733,4.263559590226995,1.654699096569558,0.9729775560399399,1.5749989136705176
1781967054.0722404,3.4619333744049072,94.32891290805082,200.0,0.2,0.14144744835153406,0.14569989034285413,1.009273822517276,0.13070453743119792,0.17913775292875414,1781967054.041088,None,None,None, None, 1781967054.0219736,0.9901109164846105,apf_colreg,static_obstacle,-1.0,0.18697532771741462,9.968170427691263,16.85731291630039,4.02781227084108,1.6835529059184573,0.9859162216571006,1.5680983584665664
1781967054.1714647,3.561157703399658,65.59736076930808,200.0,0.2,0.15218538215858682,0.18288216667737145,1.014504403361359,0.11436856428302895,0.19381908725158234,1781967054.1694567,None,None,None, None, 1781967054.1694567,0.9582059687128226,apf_colreg,static_obstacle,-1.0,0.20572961716089352,8.228326671970066,16.89611483192391,3.822562588526683,1.7067928002930164,0.9852284159016607,1.5584065247807124
1781967054.2725077,3.662200689315796,27.18675171144942,200.0,0.2,0.16575059678807846,0.22455619331643284,1.020792367375499,0.14293941311761746,0.20302748063032472,1781967054.2338784,None,None,None, None, 1781967054.2338784,1.0242156309533124,apf_colreg,static_obstacle,-1.0,0.2130194357117356,7.289698519967563,16.95289814105686,3.5756359446918693,1.738027100653742,0.9906781541248182,1.5510398102844072
1781967054.3719378,3.7616307735443115,-13.991583361809678,200.0,0.2,0.18119001499199539,0.26950324290922056,1.0282529756027508,0.14826093467520576,0.22081354429634747,1781967054.353843,None,None,None, None, 1781967054.363006,1.011384065521654,apf_colreg,static_obstacle,-1.0,0.2279678262520594,6.690285276272879,17.0144275703485,3.282437398709459,1.7710709256094732,0.9936605640426467,1.540386279052462
1781967054.4729815,3.8626744747161865,-32.42197793137843,200.0,0.2,0.1919135122743939,0.3170255961606259,1.036959033449274,0.09545615757405722,0.22721146536490477,1781967054.4208677,None,None,None, None, 1781967054.421859,0.9472752907102318,apf_colreg,static_obstacle,-1.0,0.2528434681426888,6.25133837593335,17.04959625516068,3.0506305706268027,1.808328847265968,1.0014348495600969,1.5293088320844754
1781967054.5725977,3.9622907638549805,-55.07911290293016,200.0,0.2,0.2058809092501348,0.3664602596055717,1.046507087517142,0.13222055947985897,0.2441199693573028,1781967054.5487487,None,None,None, None, 1781967054.56107,0.926041011405839,apf_colreg,static_obstacle,-1.0,0.2641868983586709,5.956469823433222,17.087173335092814,2.749902895221832,1.8482937018660508,1.009803951550676,1.5199640801123653
1781967054.672439,4.062132120132446,-75.25120734163197,200.0,0.2,0.21811838827104923,0.41774023091210566,1.0572286150055277,0.10629243225352764,0.2523122309809956,1781967054.6258216,None,None,None, None, 1781967054.630333,1.0010600265082903,apf_colreg,static_obstacle,-1.0,0.287586502833086,5.670218467940837,17.111971393463882,2.4648936095600793,1.8892890890694058,1.01721422085467,1.5097796886087453
1781967054.7726004,4.162293434143066,-78.40848896195912,200.0,0.2,0.23505557209507588,0.1936084660368228,1.0169438725893927,0.08033987444344133,0.2638854869581731,1781967054.7698753,0.1899677847863068,1.016260016692967,0.24601001038134207, 1781967054.767363, 1781967054.7698753,0.9993936502256984,apf_colreg,static_obstacle,-1.0,0.31406154979490664,13.485859768395967,17.175546512356753,2.4271914358291,1.9305054546323115,1.030415434715612,1.498735725418955
1781967054.8727906,4.262483596801758,-90.58752186561327,200.0,0.2,0.24322016871955343,0.23071401861388985,1.0258099456123233,0.10027294448732886,0.27014472842155746,1781967054.8322973,None,None,None, None, 1781967054.8322973,0.9489314259135282,apf_colreg,static_obstacle,-1.0,0.3371045401716849,7.6276294369133195,17.194500210929565,2.244760178259225,1.6922284728652712,0.9984522801493739,1.4893692244482133
1781967054.9718232,4.361516237258911,-105.00959002923446,200.0,0.2,0.2527698793598358,0.27852542904731337,1.037678991710976,0.09577639512565618,0.2821613058127373,1781967054.9577622,None,None,None, None, 1781967054.9672897,1.0785939958955169,apf_colreg,static_obstacle,-1.0,0.3570844571709588,5.837475945006174,17.213621489990686,2.0183299277818545,1.7210419608430236,0.9968255630529205,1.4775877571480895
1781967055.0729005,4.4625935554504395,-121.0977503153067,200.0,0.2,0.2629338105362644,0.33216448034392876,1.0515711642293937,0.09082362033498778,0.28845652458003385,1781967055.0270748,None,None,None, None, 1781967055.0270748,0.9412704967408695,apf_colreg,static_obstacle,-1.0,0.375465981025193,5.132747870681661,17.223775500725203,1.7497275474012826,1.7629352234551343,1.001193777807654,1.467632429739303
1781967055.1718128,4.5615057945251465,-140.0834883497821,200.0,0.2,0.27664055605731663,0.388965772779744,1.0669344668371572,0.11579489702550182,0.3044046109299562,1781967055.1648018,None,None,None, None, 1781967055.155661,1.053371773106142,apf_colreg,static_obstacle,-1.0,0.3816251189437731,4.790342278282146,17.231807957111506,1.4081019539722752,1.8092828521263886,1.0159250512943896,1.4576976204037941
1781967055.2724047,4.662097692489624,-157.0479491149529,200.0,0.2,0.28912788803139655,0.44804919316683645,1.0839097767864168,0.08743697142280751,0.31046732293510365,1781967055.23414,None,None,None, None, 1781967055.2238562,0.9578367899742032,apf_colreg,static_obstacle,-1.0,0.39951282051608966,4.530259668786874,17.22704570866345,1.0735824597332577,1.8561027960540843,1.0300025683859433,1.4462593420165526
1781967055.37198,4.7616729736328125,-194.61072858550676,200.0,0.2,0.30231387665497467,0.5090504198967492,1.1022935826808293,0.08955180910321106,0.3215996165682321,1781967055.3584511,None,None,None, None, 1781967055.3509061,1.043748647282625,apf_colreg,static_obstacle,-1.0,0.4025467323387694,4.336038929787728,17.04920478935668,0.1787862179218891,1.9065103357474849,1.0580127773102492,1.4358116985925062
1781967055.4737408,4.863433837890625,-200.0,190.34945581913945,0.2,0.31319273910453777,0.5739170591366507,1.1229030362176813,0.05532010929902117,0.3249105502433884,1781967055.478748,None,None,None, None, 1781967055.4183016,0.9553426526120956,apf_colreg,overtaking,-1.0,0.05168227463999122,1.6660347461609084,16.925249357146303,-0.2922268762864819,1.9577295440294866,1.0813544955440286,1.424290077126269
1781967055.572947,4.962640047073364,-200.0,172.46104128392415,0.2,0.32371421309004256,0.6388591836796718,1.1443273458241316,0.05105167632995379,0.33103034326314507,1781967055.538176,None,None,None, None, 1781967055.5466852,1.0462396110538323,apf_colreg,overtaking,-1.0,0.07924219315355717,1.6978085380103123,16.8653526291373,-0.7234500133495363,2.011351620011153,1.096310627632625,1.4095615702567263
1781967055.671816,5.061509132385254,-200.0,152.42533708364283,0.2,0.33230429692980196,0.7018348034674837,1.1658816225640818,0.0295151664186087,0.3329419908401796,1781967055.6029444,None,None,None, None, 1781967055.623014,1.0290479448068939,apf_colreg,overtaking,-1.0,0.12790424381185053,1.751107944816185,16.802997327806423,-1.1389988247192182,2.0680856056567354,1.1343355482708202,1.3989716403104488
1781967055.7719302,5.161623239517212,-200.0,123.2808913108385,0.2,0.33783012221567527,0.7624954941283388,1.1872382967534456,0.0013275261830359008,0.3331390781081853,1781967055.7514064,None,None,None, None, 1781967055.743883,1.0024811835541636,apf_colreg,overtaking,-1.0,0.18998649249840965,1.8191870279712556,16.70247120656448,-1.6599839155523357,2.1201430172253457,1.1608032484135034,1.3872289242920075
1781967055.8721752,5.261868238449097,-192.09882954656553,200.0,0.2,0.33366794072099915,0.35614488641449277,1.0618595741616104,-0.02470108784329865,0.3308604589611493,1781967055.8436542,0.3512548295322603,1.0603205806223022,0.32264263692827644, 1781967055.77193, 1781967055.8340378,1.0115431928024494,apf_colreg,overtaking,-1.0,0.5986342725583498,2.570662820276187,17.236112329955105,0.25027746715606103,2.170704838016636,1.1894419335850623,1.3765838281943137
1781967055.972287,5.361979961395264,-193.45737833330313,200.0,0.2,0.3318802027277083,0.3920180142330927,1.07437084956047,-0.04370830602292142,0.3253045084134645,1781967055.9707685,None,None,None, None, 1781967055.9707685,0.9680590231860724,apf_colreg,overtaking,-1.0,0.24590096878768053,2.2118786325822435,17.20421037248402,0.21251859952302876,1.7316850202579854,1.0498874475311961,1.3680173974116396
1781967056.0718868,5.4615797996521,-191.26921597229716,200.0,0.2,0.3277645105982991,0.44734931957013835,1.093376709083163,-0.03106697210144286,0.3228015467112389,1781967056.051335,None,None,None, None, 1781967056.051335,0.9085414429296954,apf_colreg,overtaking,-1.0,0.16811625411609127,1.9503003258444511,17.188931223674796,0.27207907904948936,1.7699361505272135,1.0607667686419224,1.3572835094584839
1781967056.1730201,5.562713146209717,-200.0,186.94622463066526,0.2,0.3233332730734774,0.510320421928836,1.114637798260535,-0.022743842830686107,0.3213746285570753,1781967056.1753297,None,None,None, None, 1781967056.1838424,1.0125600260927106,apf_colreg,overtaking,-1.0,0.14085377573407062,1.8717740721696585,16.961013810196437,-0.3810641734172169,1.861335614043756,1.0847427413830244,1.3469811184700877
1781967056.2719026,5.661595582962036,-200.0,179.1893865227411,0.2,0.31950345202660735,0.5746122566244738,1.1360710071090203,-0.022218089857650766,0.3185336101605035,1781967056.2419434,None,None,None, None, 1781967056.2419434,1.0291582856964707,apf_colreg,overtaking,-1.0,0.09373856019802633,1.7205093079346423,16.88852286130239,-0.569428832522207,1.861335614043756,1.0847427413830244,1.3469811184700877
1781967056.3790157,5.7687087059021,-200.0,170.85276909730132,0.2,0.3161663415067496,0.6384018661509607,1.1571110566773726,-0.02280200076981875,0.3170664126531791,1781967056.3062885,None,None,None, None, 1781967056.38302,1.0925235587493316,apf_colreg,overtaking,-1.0,0.05786749713176626,1.6244193257774153,16.823333250052187,-0.7573882462389268,1.9684295925580622,1.1044173577611789,1.3255809640672747
1781967056.4717195,5.861412525177002,-200.0,162.85723247249726,0.2,0.3124830758676724,0.7013456692458888,1.1776834176126556,-0.030691067823880005,0.3122358833391536,1781967056.4636805,None,None,None, None, 1781967056.441299,1.0038581338772818,apf_colreg,overtaking,-1.0,0.03014874025380189,1.5673977817738414,16.767827624832666,-0.9260950577949894,1.9684295925580622,1.1044173577611789,1.3255809640672747
1781967056.5789397,5.968632698059082,-200.0,155.55004561579025,0.2,0.30804776782723436,0.7634487146493475,1.1977468965685194,-0.038981700533138555,0.3084664941360755,1781967056.560377,None,None,None, None, 1781967056.5212493,0.9311807923344183,apf_colreg,overtaking,-1.0,0.012596511067201367,1.5430107378201579,16.721610604833966,-1.0719716904666718,2.0752301433258378,1.1287981810883476,1.3067107761266317
1781967056.6726747,6.062367677688599,-200.0,150.36688782649466,0.2,0.2988852070325352,0.8247978944327912,1.2172749034467927,-0.08189755868763833,0.3019119230116128,1781967056.6404107,None,None,None, None, 1781967056.6092644,1.0630059435943084,apf_colreg,overtaking,-1.0,0.0020277012169629726,1.5429765598635201,16.653619926891903,-1.1686379576831962,2.0752301433258378,1.1287981810883476,1.3067107761266317
1781967056.7722135,6.161906480789185,-200.0,143.8588557966217,0.2,0.2912205047804836,0.8857182496129417,1.235952558655086,-0.056972403059681785,0.29465968789818475,1781967056.7677045,None,None,None, None, 1781967056.747619,1.0158042490068688,apf_colreg,overtaking,-1.0,0.00852076870279283,1.5665620862459801,16.59122422702952,-1.2866341031613988,2.129036110702684,1.1450504392187877,1.2950352767936602
1781967056.8723667,6.262059688568115,-191.18473269213047,200.0,0.2,0.2804594754571453,0.5259401177270373,1.1163747481300683,-0.11083392243111195,0.2868015932815447,1781967056.8386042,0.5205286428422452,1.1146023398076697,0.2852575059408258, 1781967056.777748, 1781967056.8798969,0.9812475858964728,apf_colreg,overtaking,-1.0,0.16521211065831334,2.1857968945354385,16.948332896268788,0.27051761400159613,2.182481230545224,1.1618175175092789,1.2862458676900503
1781967056.9720151,6.361708164215088,-187.99412261964986,200.0,0.2,0.2699404315700992,0.5647690147905935,1.1273349600960163,-0.05152918015241837,0.280262554787624,1781967056.965504,None,None,None, None, 1781967056.9389615,1.0661803650081791,apf_colreg,overtaking,-1.0,0.062003711409772524,1.9051366929913527,16.916418941629747,0.3532871873547574,1.8054435997221767,1.025855972447118,1.2758027757196526
1781967057.071462,6.461154937744141,-188.8265214942527,200.0,0.2,0.2607427080718004,0.621838401309839,1.1427933853865397,-0.03787375766207667,0.27797344441081717,1781967057.0259445,None,None,None, None, 1781967057.072467,0.9116103753525774,apf_colreg,static_obstacle,-1.0,0.017780586988579993,1.689436451288874,16.853098265499007,0.3305781284114495,1.8394334509972032,1.0256790265647613,1.2658668443835943
1781967057.1723382,6.562031269073486,-194.56814056225323,200.0,0.2,0.2534495934298312,0.6860469191223906,1.1595908701072553,-0.025652082237985638,0.27479650466711514,1781967057.1497917,None,None,None, None, 1781967057.13119,1.0921656293665623,apf_colreg,static_obstacle,-1.0,0.07744075415350722,1.5374327678879023,16.772179961823,0.17704426989750832,1.8914981380812343,1.0320611472001409,1.2554924758222823
1781967057.2715569,6.661249876022339,-199.11595606405172,200.0,0.2,0.24803363832407682,0.7524997136383305,1.1765304713252434,-0.017584945509813613,0.2734901729153302,1781967057.2240787,None,None,None, None, 1781967057.253938,1.008411041860661,apf_colreg,static_obstacle,-1.0,0.12461746442414925,1.43545434948493,16.714477116913326,0.04930201414432389,1.9465326413065172,1.0355564962953916,1.243108319068219
1781967057.3716834,6.76137638092041,-200.0,198.40844625242286,0.2,0.2440442109488842,0.8198556454104335,1.1933875576295776,-0.01350003048327889,0.2718898754270929,1781967057.342619,None,None,None, None, 1781967057.332083,1.0755649362412678,apf_colreg,static_obstacle,-1.0,0.15825480315795742,1.37359661065764,16.67036299502253,-0.06936347016504918,2.0045032789876487,1.047988996737514,1.2332017395402917
1781967057.47285,6.862543106079102,-200.0,191.86079568445263,0.2,0.23996319939035624,0.8873063594734063,1.210041838491506,-0.020912944993890348,0.27031509622153693,1781967057.4179206,None,None,None, None, 1781967057.4649873,1.0740551519135662,apf_colreg,static_obstacle,-1.0,0.1843132686991381,1.3423501912085793,16.613147190667092,-0.2474872247689337,2.0608630956342506,1.0555399418933098,1.2212985167590913
1781967057.5724814,6.962174415588379,-200.0,184.9018907534141,0.2,0.2368928782888762,0.9541264850083886,1.2262798907858041,-0.015061041578904697,0.2682669178903447,1781967057.5539124,None,None,None, None, 1781967057.5338614,0.9980533349678022,apf_colreg,overtaking,-1.0,0.20466443894295458,1.3387178524246175,16.54654141157359,-0.42209215591177873,2.11915676247331,1.0625364332255693,1.2096395505091573
1781967057.672205,7.0618979930877686,-200.0,178.04007195886007,0.2,0.23378547796625104,1.0201630468859388,1.24216357406128,-0.02094928981890805,0.26678178882386694,1781967057.624804,None,None,None, None, 1781967057.6601608,0.9812557382985867,apf_colreg,overtaking,-1.0,0.2164144052471414,1.3603694161250552,16.490009288430265,-0.5824273623273113,2.178263598389029,1.0770690392991054,1.1995896763191614
1781967057.772084,7.161777019500732,-200.0,166.7530174846011,0.2,0.22996191823545176,1.0854203832371532,1.2576737838173528,-0.030382202249262726,0.2624588393909848,1781967057.7670896,None,None,None, None, 1781967057.728956,1.03342533648306,apf_colreg,overtaking,-1.0,0.2207843707848093,1.4028786568563072,16.410596517574042,-0.8258732978042165,2.233802936502615,1.0913587951129111,1.1870355902062957
1781967057.8714972,7.261190176010132,-191.70248414108568,200.0,0.2,0.23492887442168683,0.7035167993174609,1.1658527081222145,-0.03129304537131432,0.260361790289466,1781967057.8341029,0.6976279209668194,1.164442359507538,0.25118086301824416, 1781967057.782623, 1781967057.86296,0.9216383648426719,apf_colreg,overtaking,-1.0,0.12096723300853938,2.121968886538533,16.74164737610015,0.2535852073463074,2.2900153051572865,1.1037304486686534,1.1774005299684684
1781967057.9716887,7.361381769180298,-194.35728401466258,200.0,0.2,0.23023619229530606,0.7434477264338062,1.1753402783458728,-0.03175008715340031,0.25629634777347166,1781967057.962148,None,None,None, None, 1781967057.9345543,0.9153598062072779,apf_colreg,overtaking,-1.0,0.162092243529665,1.8157211651987657,16.69639186633892,0.18196841573297728,1.8787407112477155,1.0145578002778612,1.1669093277585887
1781967058.072365,7.462058067321777,-192.55244017420404,200.0,0.2,0.22529723283480127,0.802049604185755,1.1889281409249897,-0.02542902830288614,0.2545721675685963,1781967058.0299516,None,None,None, None, 1781967058.0748844,0.938554743371744,apf_colreg,overtaking,-1.0,0.19516753061475256,1.5918192122617167,16.715620703901532,0.23068032168533392,1.9185975583773471,1.016081888464613,1.1544522646856443
1781967058.1721058,7.561798810958862,-200.0,194.9253123423903,0.2,0.22097848916952323,0.8674322333372624,1.2037338169982466,-0.017652863830222076,0.25310526366867236,1781967058.1130488,None,None,None, None, 1781967058.1460464,0.9952075356243208,apf_colreg,static_obstacle,-1.0,0.21716805809526976,1.4415912685735155,16.548826524735862,-0.16504486784939498,1.9771358029535915,1.0274945947951337,1.1451155984585208
1781967058.2722025,7.661895513534546,-200.0,194.13577589612248,0.2,0.21763026901749405,0.9345215263576723,1.2186714460704948,-0.014879565537777268,0.25125961821045395,1781967058.2370877,None,None,None, None, 1781967058.216851,1.0507031712492791,apf_colreg,static_obstacle,-1.0,0.233803215965934,1.3446619761050225,16.499834832945986,-0.1857541636769655,2.036854569688828,1.0342552368145104,1.1323334200619073
1781967058.3723092,7.762002229690552,-200.0,187.75324906092845,0.2,0.21455865857527678,1.001825443105158,1.233457261958506,-0.016614908509831678,0.24916266687982652,1781967058.3632967,None,None,None, None, 1781967058.3632967,0.9950430416070957,apf_colreg,static_obstacle,-1.0,0.24546565338194679,1.2627630786824953,16.438809138887954,-0.3493171612400401,2.036854569688828,1.0342552368145104,1.1323334200619073
1781967058.4724205,7.8621134757995605,-200.0,189.56438017008537,0.2,0.21151230323907722,1.0685184239466619,1.2479263694472564,-0.019956333775137065,0.2478731596013671,1781967058.4279132,None,None,None, None, 1781967058.4279132,0.9700614812746594,apf_colreg,static_obstacle,-1.0,0.252612213206182,1.2293422696940037,16.45279780869231,-0.3040722161099776,2.1332369388506742,1.0541580534331083,1.1213336568328225
1781967058.5721474,7.961840391159058,-200.0,187.36609345760274,0.2,0.20755651729189709,1.1353494159519428,1.262215080445479,-0.02825652564602543,0.2441683535377167,1781967058.5590265,None,None,None, None, 1781967058.5590265,1.0868756127606563,apf_colreg,overtaking,-1.0,0.254188431472028,1.2221221970477982,16.423076448014893,-0.3585949553614176,2.1918719219165985,1.067365019659478,1.1103824626867733
1781967058.6726873,8.062380313873291,-200.0,185.74706154524546,0.2,0.203967302542152,1.2020229440415013,1.276178584045855,-0.023201415207148225,0.24236546761262778,1781967058.6367323,None,None,None, None, 1781967058.6282084,1.0262898081357108,apf_colreg,overtaking,-1.0,0.25429655686481406,1.2370728828548336,16.403983818665232,-0.39794038741088933,2.2495738300548966,1.0737439837501843,1.0985523344040105
1781967058.7717755,8.161468505859375,-200.0,179.99789202794622,0.2,0.19940620454396693,1.2685424901177367,1.2898708968445192,-0.032865791881948804,0.238225782828547,1781967058.7626896,None,None,None, None, 1781967058.7537627,1.0470590704722316,apf_colreg,overtaking,-1.0,0.25000000769775155,1.2743299936985866,16.363209291600036,-0.5331121257663636,2.3097111278066262,1.0859764265839522,1.0886307863524418
1781967058.8724182,8.262111186981201,-188.08964910746522,200.0,0.2,0.20347926519597387,0.8827871000151224,1.210260153838996,-0.04626432002096253,0.2347520519041215,1781967058.837774,0.8768212700555542,1.2090336380042421,0.2229495480214858, 1781967058.786367, 1781967058.8297033,1.0415178547783857,apf_colreg,overtaking,-1.0,0.1523058541421648,1.9952089779015,16.547728532643276,0.3431863040148473,2.36528465198813,1.0912849810911687,1.0761117199620054
1781967058.9724758,8.362168788909912,-182.70335102301888,200.0,0.2,0.19762064385817166,0.9235929005655366,1.2185581556221718,-0.030104620916739374,0.2308173889519771,1781967058.9684737,None,None,None, None, 1781967058.9514024,1.0548546719430532,apf_colreg,overtaking,-1.0,0.18539622680124807,1.6988517937926826,16.49757727640429,0.4737670738487285,1.9634474817512508,1.0164076485237539,1.0654368294482013
1781967059.0727663,8.462459325790405,-178.5395821682742,200.0,0.2,0.19240381646560742,0.9816768106621028,1.229981492083298,-0.01801122420908211,0.22967976241639593,1781967059.0316358,None,None,None, None, 1781967059.0226438,0.9720664495418123,apf_colreg,overtaking,-1.0,0.2133208897869358,1.4809076240353407,16.465010226469715,0.5701035302503614,1.9990077531261548,1.0155735746354533,1.054794730802521
1781967059.172112,8.561805009841919,-183.5548310016594,200.0,0.2,0.18768637192690918,1.0458163814027304,1.2422504322868004,-0.014401915253852506,0.22875570993435712,1781967059.1766303,None,None,None, None, 1781967059.14757,0.9167982304932667,apf_colreg,static_obstacle,-1.0,0.23237025258837224,1.3322257729600904,16.381710642588615,0.4502110204522589,2.0530302337986157,1.0247105049447118,1.0442329076925905
1781967059.2731078,8.662800788879395,-196.16606809013183,200.0,0.2,0.18541269180096562,1.111876925861072,1.2545882080348552,0.00443704397103861,0.2294979797237684,1781967059.2630868,None,None,None, None, 1781967059.2157161,0.9711811685217375,apf_colreg,static_obstacle,-1.0,0.24494620051263677,1.2371569537391787,16.19704857734176,0.12844966813195313,2.115396506675576,1.0345896487171327,1.033391203392602
1781967059.371753,8.761445999145508,-193.54842460122205,200.0,0.2,0.18492981253950408,1.1796119505485878,1.2671808801243785,0.00842114635381787,0.23004906505494688,1781967059.3285275,None,None,None, None, 1781967059.344644,0.9862755107216747,apf_colreg,static_obstacle,-1.0,0.2542399559207914,1.18117122725939,16.156955949672373,0.19721607610811365,2.179412665341249,1.0419466338038712,1.0217574778396246
1781967059.4781427,8.867835760116577,-193.9017117599083,200.0,0.2,0.18517846171024374,1.2473165240766537,1.279792102167555,0.00824359198673853,0.2306563147063252,1781967059.4021907,None,None,None, None, 1781967059.4138138,0.9549993792309908,apf_colreg,static_obstacle,-1.0,0.2599705864725739,1.1594902512227523,16.148701869718266,0.1879160571685281,2.2471545692816144,1.0511490124921608,1.0114098899733124
1781967059.5718746,8.961567640304565,-197.877388356676,200.0,0.2,0.18651744305283363,1.3150467590962123,1.292456964566611,0.01436017068346206,0.23293429102946983,1781967059.5608222,None,None,None, None, 1781967059.5673637,1.0537058380524682,apf_colreg,overtaking,-1.0,0.26256997806179583,1.1659838999936392,16.132206987456804,0.08167727276929337,2.313667879522546,1.0606829285474728,0.9994055780751099
1781967059.6725783,9.062271356582642,-200.0,192.69307464988466,0.2,0.18856871316155943,1.3831859287726402,1.3053383743621083,0.015643069906633136,0.23402430348705816,1781967059.6305025,None,None,None, None, 1781967059.6305025,0.9859564888420748,apf_colreg,overtaking,-1.0,0.26352645027024807,1.1852244649837542,16.063555921316308,-0.21808305463300837,2.364158799420356,1.0678734363012832,0.9893152350840214
1781967059.772152,9.161844968795776,-200.0,180.21160269211242,0.2,0.19338928297086033,1.450790714500875,1.3183169029157753,0.03411161556850601,0.23856555284514108,1781967059.7636316,None,None,None, None, 1781967059.7601292,0.9667722344069252,apf_colreg,overtaking,-1.0,0.2582878114602444,1.232330902024629,16.034053502891624,-0.5175485499620631,2.4341698175539754,1.084938663576117,0.9786799364157736
1781967059.8719132,9.261606216430664,-186.07119771218802,200.0,0.2,0.20451355676539001,1.0598196631517793,1.2496746642688943,0.004071752533535905,0.2388426148427511,1781967059.8316765,1.0537824780249632,1.2485945233322209,0.2203711062685585, 1781967059.788847, 1781967059.8316765,1.0166542726213184,apf_colreg,overtaking,-1.0,0.16068195455317763,1.9915345321015405,16.26817816253178,0.38680008865411786,2.48185205692292,1.0915322978440096,0.9663391161312646
1781967059.971595,9.361288070678711,-195.08728896869778,200.0,0.2,0.20600874831497631,1.1002113277173446,1.2580995190254605,0.0030735386586044533,0.2392371094516883,1781967059.9600284,None,None,None, None, 1781967059.9600284,0.9707723843650877,apf_colreg,overtaking,-1.0,0.18921187835713973,1.6842000457939936,16.16234902134934,0.1569073146871478,2.069697171687613,1.0321521633399933,0.9542176919970744
1781967060.0728884,9.462581396102905,-194.1120491248703,200.0,0.2,0.20683609295667155,1.1592721531543742,1.2704738349817148,0.0030735386586044533,0.2398518171834092,1781967060.084022,None,None,None, None, 1781967060.0825164,0.9433275091812241,apf_colreg,overtaking,-1.0,0.2109113263027115,1.4673534471568972,16.163157067110056,0.18258501790394188,2.1199177424353577,1.0400299473407968,0.9449161898682554
1781967060.1724234,9.562116384506226,-200.0,200.0,0.2,0.20931004390086883,1.2250919392915876,1.284296608322535,0.021802035729340388,0.24417644226542268,1781967060.1583872,None,None,None, None, 1781967060.1664019,1.0469253593101215,apf_colreg,static_obstacle,-1.0,0.2273615250154031,1.3122054918995092,16.093095737656373,-0.018512098218452344,2.16824662271522,1.0484350713790427,0.9326041083917086
1781967060.272319,9.662012100219727,-200.0,192.77077312098768,0.2,0.21132923655960884,1.2928944024785052,1.298768118659936,0.010414289137201129,0.24504054959624158,1781967060.2413604,None,None,None, None, 1781967060.2413604,0.9380281398939183,apf_colreg,static_obstacle,-1.0,0.23681026135314512,1.214158534840743,16.03399512785832,-0.21569485432988778,2.235433410580541,1.0633574406393986,0.9218091617558465
1781967060.3718746,9.76156759262085,-200.0,184.37159828648655,0.2,0.2135423108688286,1.3601904481280167,1.313291948101778,0.010077038321217412,0.2457418308375584,1781967060.3738837,None,None,None, None, 1781967060.3728812,0.9797023570193983,apf_colreg,static_obstacle,-1.0,0.25179823261067136,1.130125303645134,16.001781699845594,-0.4206719094389548,2.3365544653896606,1.085947000890436,0.9120604295771246
1781967060.471626,9.861319065093994,-200.0,168.2993449923857,0.2,0.21506555418517964,1.426500964496073,1.3277882976452382,0.00040647749806560555,0.24579348142839696,1781967060.4380212,None,None,None, None, 1781967060.4380212,0.9974596574720525,apf_colreg,overtaking,-1.0,0.25255456570940993,1.096493002435198,15.85059116286336,-0.7662574096793655,2.3365544653896606,1.085947000890436,0.9120604295771246
1781967060.572277,9.961970090866089,-200.0,161.01405684608397,0.2,0.21594264318656986,1.4910266372198855,1.3420282913022312,-0.008750102004779449,0.24523487568279345,1781967060.5758202,None,None,None, None, 1781967060.5758202,0.9813977508637345,apf_colreg,overtaking,-1.0,0.24866793827328706,1.0830846281464195,15.83411782634428,-0.9105846079457507,2.384456297759532,1.101760480551397,0.9007830544099749
1781967060.6722257,10.06191873550415,-200.0,167.5806846877005,0.2,0.21532415661098342,1.5545434306704604,1.3561130641300654,-0.022909933959182668,0.24218571566154312,1781967060.6349545,None,None,None, None, 1781967060.6349545,0.9083938407287299,apf_colreg,overtaking,-1.0,0.2445722416334543,1.0907445199990187,15.889456522520767,-0.7828228736087697,2.441839779595303,1.1095195625168173,0.8899907203450527
1781967060.7766645,10.166357517242432,-200.0,163.3844615222069,0.2,0.21169130144322723,1.6185285662347524,1.3702106142955053,-0.04377843055521035,0.23943324979678396,1781967060.7786624,None,None,None, None, 1781967060.705188,1.0776205273692767,apf_colreg,overtaking,-1.0,0.23642315024023777,1.116574898430319,15.84121274046393,-0.8645194797631479,2.50029386333569,1.1256243113553017,0.8825989417983542
1781967060.8717916,10.261484622955322,-198.81772414400254,200.0,0.2,0.2102956789320093,1.239084869424922,1.2901793560162917,-0.03747677385416419,0.2329136215556194,1781967060.8717916,1.2332318391619324,1.2889410930112735,0.21503429482728897, 1781967060.791178, 1781967060.7976923,1.059105111587589,apf_colreg,overtaking,-1.0,0.10356444182270655,1.8082235917965168,15.96882414786883,0.05527674614731115,2.5513841592925885,1.1344238313018302,0.8709877560447502
1781967060.9720564,10.361749410629272,-196.9207290809262,200.0,0.2,0.20384077812319876,1.2800323385412722,1.2988634113923307,-0.055039142372739616,0.22950465703539927,1781967060.9337287,None,None,None, None, 1781967060.9509454,1.0582627497460297,apf_colreg,overtaking,-1.0,0.15004740414537793,1.5247927599372657,15.92734545755037,0.106287270116324,2.157821849506722,1.0546286241510707,0.8619437072320556
1781967061.0722766,10.46196961402893,-196.93913807827568,200.0,0.2,0.1972904138407875,1.339641202273044,1.3109956730244434,-0.034941068311172996,0.22633428064704422,1781967061.0244637,None,None,None, None, 1781967061.0451467,1.0571568700131424,apf_colreg,overtaking,-1.0,0.1837870381571488,1.3227183023595934,15.884041053544765,0.10550890545779978,2.209231592337079,1.0638961216593101,0.852850727628599
1781967061.1716447,10.56133770942688,-200.0,200.0,0.2,0.1919430517069556,1.4060528140439756,1.3240522026772492,-0.022404639484336266,0.22334080187988237,1781967061.1580734,None,None,None, None, 1781967061.1701407,1.0915167994271309,apf_colreg,static_obstacle,-1.0,0.21005703496606226,1.178601878764725,15.816379399230126,-0.0015925755206698256,2.261617781657683,1.0694828839185127,0.8403543284365808
1781967061.2718031,10.66149616241455,-200.0,197.89552675368992,0.2,0.1864966269869797,1.4742077610308617,1.3371136773126118,-0.028291147038508165,0.22138029464376463,1781967061.227371,None,None,None, None, 1781967061.2479324,1.022320093830931,apf_colreg,static_obstacle,-1.0,0.23024933484277907,1.081688108785004,15.76483651951963,-0.07933308182323717,2.322140989253758,1.07628781939956,0.830242167118832
1781967061.3718848,10.761577844619751,-200.0,195.25566064742043,0.2,0.1818144952066554,1.5424489840347047,1.3498174520719832,-0.022593024696310846,0.2184483322744717,1781967061.3571439,None,None,None, None, 1781967061.3098738,1.0404717579339124,apf_colreg,static_obstacle,-1.0,0.24480477426433295,1.0126994525705926,15.737394860791472,-0.14843832319917372,2.368806505783869,1.0854940192643732,0.81710945359279
1781967061.472933,10.862626075744629,-200.0,190.17532991305228,0.2,0.17856457989584193,1.6104606190445243,1.3621786535354499,-0.01311946131531101,0.21741557019051622,1781967061.4358637,None,None,None, None, 1781967061.4001052,1.0755957522134696,apf_colreg,overtaking,-1.0,0.25609139759390986,0.974857996348567,15.681856883316502,-0.27500070531197185,2.4327707266624845,1.0920223806624523,0.8095703870016804
1781967061.572451,10.962144136428833,-200.0,181.79858415229714,0.2,0.17614824838868479,1.6779201899476233,1.3742694630950503,-0.01201241367897145,0.21640073513977562,1781967061.520346,None,None,None, None, 1781967061.4967737,1.0410073529630819,apf_colreg,overtaking,-1.0,0.26259809996299704,0.9629716472180033,15.665516360515815,-0.4702671136049066,2.4973489311874455,1.1038233650579041,0.8029781942245983
1781967061.6727479,11.062440872192383,-200.0,183.63695754471573,0.2,0.17430587582696744,1.744439280669118,1.3860808898545258,-0.013090234673789386,0.21535563961408083,1781967061.6001837,None,None,None, None, 1781967061.676821,1.0492664237165614,apf_colreg,overtaking,-1.0,0.26613605776643723,0.9780252339289836,15.702283461046399,-0.429660588524408,2.5638426350472487,1.112177755830004,0.7987649772711011
1781967061.7718976,11.161590576171875,-200.0,179.0066841522858,0.2,0.17232744635198002,1.811020037929886,1.3977982481105187,-0.016665658718444082,0.21281723926423482,1781967061.752497,None,None,None, None, 1781967061.752497,0.968953956851405,apf_colreg,overtaking,-1.0,0.2679666630330185,1.008076950120793,15.733512379850087,-0.5345110748862574,2.62421326254373,1.120068528592039,0.7923475209969938
1781967061.8720038,11.261696815490723,-190.07820756303045,200.0,0.2,0.17674092906281685,1.3825310195074247,1.3202466725982613,-0.015307328247445573,0.21158569447767936,1781967061.8329515,1.375998502330923,1.31907041910338,0.18877183522764884, 1781967061.795933, 1781967061.8329515,0.9894377782568368,apf_colreg,overtaking,-1.0,0.15399752482721882,1.81970074923259,15.896676213763413,0.28116289074655043,2.689671724796829,1.1326337638061355,0.7865352517721182
1781967061.9722357,11.361928701400757,-192.4552970245218,200.0,0.2,0.1740608122042295,1.4195685818706112,1.3268260447696285,-0.018226030499844368,0.21014311355668583,1781967061.9747593,None,None,None, None, 1781967061.9797592,0.9825769152300451,apf_colreg,overtaking,-1.0,0.201924950382746,1.4899438924313408,15.844009223335162,0.22110040918710006,2.226608240800063,1.0528774824835565,0.777417478268384
1781967062.0723364,11.462029457092285,-193.09015511457176,200.0,0.2,0.17151924779453237,1.4769055293157525,1.336817218513584,-0.010071381279122542,0.2087472742211002,1781967062.0506957,None,None,None, None, 1781967062.0506957,0.9023919092195091,apf_colreg,overtaking,-1.0,0.23427271481044515,1.2586798627219822,15.826602415297497,0.2048258865142376,2.2707488485470857,1.062280862585464,0.7687345054077571
1781967062.1720202,11.561713218688965,-197.44918129529012,200.0,0.2,0.16940799662412348,1.5425275744024556,1.3480825247109145,-0.0065866542596952765,0.2080470257410328,1781967062.157009,None,None,None, None, 1781967062.157009,1.02227697879194,apf_colreg,overtaking,-1.0,0.24599908064869258,1.1749515808894089,15.795031363112676,0.09139141318808619,2.37168540103906,1.0750161702616978,0.7630941568572562
1781967062.272178,11.661870956420898,-200.0,199.78215742693845,0.2,0.16491268269886783,1.6104882700238958,1.3596249612428615,-0.031351209799821575,0.20566858020940385,1781967062.2328734,None,None,None, None, 1781967062.2249112,1.075748241295271,apf_colreg,static_obstacle,-1.0,0.2669294984954054,1.0398823004266209,15.723617002747167,-0.02828860220477658,2.37168540103906,1.0750161702616978,0.7630941568572562
1781967062.3722184,11.761911392211914,-200.0,195.6882262180741,0.2,0.16173106543945032,1.679126692344799,1.3709150169276434,-0.013550905756915805,0.20390933553918333,1781967062.3626983,None,None,None, None, 1781967062.3586977,0.9006298093740397,apf_colreg,static_obstacle,-1.0,0.28277881045296643,0.9449197862623221,15.659670590469748,-0.13656267609467765,2.4251344057982878,1.0809439850955713,0.7388660798016959
1781967062.4720504,11.861743450164795,-200.0,191.6214341842062,0.2,0.159354568044809,1.7474339276324198,1.3819630133395364,-0.010385615114349288,0.20314495123203014,1781967062.4362986,None,None,None, None, 1781967062.427763,1.0420505929011885,apf_colreg,static_obstacle,-1.0,0.2942184463926775,0.8770198444107093,15.639718793548983,-0.23889270102731253,2.4728008792434393,1.0888574919739462,0.7263778315244331
1781967062.5719693,11.961662292480469,-200.0,189.8069142740864,0.2,0.15734917655574823,1.8152739041448385,1.392809054798441,-0.011441914933313133,0.20231763034411032,1781967062.5739758,None,None,None, None, 1781967062.5558686,1.0309987631345685,apf_colreg,overtaking,-1.0,0.30202243402332946,0.8377781160403966,15.577488541054578,-0.28206085162106564,2.5362277796744976,1.097620744328895,0.7172347500718885
1781967062.672135,12.061828136444092,-200.0,188.45405538010593,0.2,0.15460231592602397,1.8828693211839376,1.4034997223095758,-0.020495270104155725,0.19958454912631682,1781967062.6419566,None,None,None, None, 1781967062.6242871,1.0346162380250317,apf_colreg,overtaking,-1.0,0.30681845539657526,0.8218839451233312,15.5999345744617,-0.31487540265692093,2.5995358663117134,1.1065751798449888,0.7059725629184406
1781967062.7726355,12.162328481674194,-200.0,185.03618197502777,0.2,0.15173813609538261,1.950313000835484,1.413966984398911,-0.02044314049855011,0.1981706384821754,1781967062.7111197,None,None,None, None, 1781967062.8261306,1.0331979470619197,apf_colreg,overtaking,-1.0,0.3089558863999787,0.8244636782220827,15.572713707924814,-0.39416615868962257,2.660281090953019,1.1155250977012148,0.6924285211260647
1781967062.8718412,12.261534214019775,-191.81866381163377,200.0,0.2,0.15719826603346337,1.5665731622445764,1.3544197193080525,-0.012717250415538924,0.19654175075992428,1781967062.8392045,1.5606190667131754,1.3534983065841413,0.17141839054578245, 1781967062.8039, 1781967062.8261306,1.0331979470619197,apf_colreg,overtaking,-1.0,0.2452856119910492,1.3510507452424274,15.791252549198,0.23629426976331658,2.660281090953019,1.1155250977012148,0.6924285211260647
1781967062.971961,12.361654043197632,-192.93211519340824,200.0,0.2,0.153336840178943,1.6090410295652489,1.3611028325531258,-0.029071114988450535,0.19404428354687572,1781967063.0330458,None,None,None, None, 1781967062.9765224,1.0131877580277806,apf_colreg,static_obstacle,-1.0,0.2710490354947698,1.1224481512365445,15.718106253743919,0.20739561497326076,2.3156560621867444,1.0658431162216628,0.6827238592075335
1781967063.0751562,12.46484923362732,-194.52492398873915,200.0,0.2,0.1498848010236818,1.6692756157223365,1.3702855372567662,-0.014054863608892203,0.1925273093812909,1781967063.0330458,None,None,None, None, 1781967063.0692441,1.0797813433863312,apf_colreg,static_obstacle,-1.0,0.2801253542627036,1.0471589324879327,15.698859468467582,0.16681864744222707,2.3156560621867444,1.0658431162216628,0.6827238592075335
1781967063.17213,12.56182312965393,-199.7738586162387,200.0,0.2,0.14330038167164671,1.7359825890274148,1.3802309091611313,-0.045304285964728436,0.1889234061781126,1781967063.1125946,None,None,None, None, 1781967063.135412,1.0508139558207474,apf_colreg,static_obstacle,-1.0,0.29819548845727006,0.8976138689614067,15.580117440589806,0.028254677131808847,2.412010125540559,1.0768197079438908,0.6636739297203762
1781967063.2718024,12.661495447158813,-200.0,198.18329941391636,0.2,0.13895117732820925,1.8046328591966505,1.3899368623248503,-0.016177123077498787,0.18653442578131668,1781967063.260271,None,None,None, None, 1781967063.2818272,1.0910337921414697,apf_colreg,static_obstacle,-1.0,0.310414502762122,0.8032940051369108,15.526161880226425,-0.07055198349847025,2.4676431435312294,1.0817618469763848,0.6464750689209433
1781967063.3717003,12.761393308639526,-200.0,197.3544854222732,0.2,0.13590763656828503,1.8734216728216806,1.3994099217206806,-0.010610831331271043,0.18559289280233268,1781967063.3490043,None,None,None, None, 1781967063.359032,0.9690057003641978,apf_colreg,static_obstacle,-1.0,0.3181731892671485,0.748827749706929,15.469235364976727,-0.09197206568755867,2.5302678918790016,1.0893278340535906,0.636405518541467
1781967063.4725647,12.862257719039917,-200.0,196.1661002793372,0.2,0.13305330820897715,1.9421568093835222,1.4087085757394249,-0.01415908844759461,0.18456900226828718,1781967063.4213176,None,None,None, None, 1781967063.4373302,1.0131416598768865,apf_colreg,static_obstacle,-1.0,0.3234631633886853,0.7148540681715425,15.475392117361478,-0.12272579115358084,2.582253211114725,1.0956865702221927,0.6265257832511382
1781967063.5759122,12.96560525894165,-200.0,196.2473531837252,0.2,0.13035948152130475,2.010775973920034,1.4178099720464097,-0.014706314448982138,0.18357198711809505,1781967063.5869436,None,None,None, None, 1781967063.6069503,1.0076297409087092,apf_colreg,overtaking,-1.0,0.3271583518936087,0.7054501375144308,15.501764901031045,-0.12084506533141237,2.647338995177887,1.1012245582846099,0.6153596622419842
1781967063.6741276,13.063820600509644,-200.0,193.23972953149246,0.2,0.1281175161136251,2.079408180568395,1.4267327361170103,-0.011553168728275229,0.18244172894325142,1781967063.6804876,None,None,None, None, 1781967063.7013335,1.0406533537437725,apf_colreg,overtaking,-1.0,0.3361037155275267,0.616363253344342,15.462632191763685,-0.19640927115439677,2.647338995177887,1.1012245582846099,0.6153596622419842
1781967063.7730994,13.162792444229126,-200.0,191.26215519840133,0.2,0.12468355860092929,2.1477297761306717,1.4354807210943292,-0.02441044576277341,0.17798347312051374,1781967063.7695808,None,None,None, None, 1781967063.7013335,1.0406533537437725,apf_colreg,overtaking,-1.0,0.3448741977958457,0.5276794952343149,15.416813921864609,-0.24419958748949622,2.8095691810640737,1.1211935311410095,0.5953768750506575
1781967063.8723302,13.262023210525513,-197.58629575764664,200.0,0.2,0.1317442985497613,1.7569522774196027,1.3859983698558391,-0.019553152130170007,0.17648631556757804,1781967063.8461494,1.7508919095338482,1.3852330920767821,0.15133372431479408, 1781967063.81121, 1781967063.8306289,0.9618879840055345,apf_colreg,overtaking,-1.0,0.2751474022809683,1.280556680712939,15.63077529308662,0.08682835978104197,2.8095691810640737,1.1211935311410095,0.5953768750506575
1781967063.975751,13.36544394493103,-200.0,199.19439690763625,0.2,0.12728889233952176,1.8002263120566555,1.3916712161993647,-0.032162959433949305,0.1700537236807882,1781967063.975751,None,None,None, None, 1781967063.9596813,0.9910634504053261,apf_colreg,overtaking,-1.0,0.28140682218449314,1.218175399860642,15.521256783173826,-0.04368769876965484,2.439135406778033,1.0766445960802933,0.5749991070109934
1781967064.0760994,13.465792417526245,-190.2988787605399,200.0,0.2,0.12356357428637917,1.861661058670296,1.3994080143721508,-0.017149404570132712,0.1687812106993889,1781967064.0499525,None,None,None, None, 1781967064.0404096,1.0932396108070421,apf_colreg,overtaking,-1.0,0.30515305032611645,0.9478336009285421,15.590151061844084,0.2704011188237052,2.439135406778033,1.0766445960802933,0.5749991070109934
1781967064.1722305,13.561923503875732,-195.52353974127678,200.0,0.2,0.11972016621923567,1.9283844060563926,1.4075487189409106,-0.017149404570132712,0.16535132978536235,1781967064.1748312,None,None,None, None, 1781967064.1611886,1.0968393892376056,apf_colreg,static_obstacle,-1.0,0.3167534263474148,0.7957394556023095,15.496616975315497,0.1393453151539772,2.501688465691815,1.0868093197784285,0.5655325037110571
1781967064.2724202,13.662113189697266,-198.47308209330424,200.0,0.2,0.11703885317404301,1.9967357695641064,1.4156306785306594,-0.007750856952183539,0.16372409118937611,1781967064.2598956,None,None,None, None, 1781967064.235834,1.0974637845125326,apf_colreg,static_obstacle,-1.0,0.32476163182421086,0.7117015508263567,15.450448693614447,0.06258481913441116,2.501688465691815,1.0868093197784285,0.5655325037110571
1781967064.371994,13.76168704032898,-200.0,200.0,0.2,0.11512382960383481,2.065672795288318,1.423634330869465,-0.005606585066025201,0.16322838415290838,1781967064.3483107,None,None,None, None, 1781967064.3265395,0.9291627038873563,apf_colreg,static_obstacle,-1.0,0.33027452574688515,0.6575487828046487,15.44754223600827,-0.01651096180149647,2.6130718189963833,1.096148026187066,0.5439461261994055
1781967064.4754329,13.865125894546509,-200.0,196.72126692517355,0.2,0.11366061442726969,2.134869842884194,1.4315656321894465,-0.005198427367931268,0.16274570537084967,1781967064.4411616,None,None,None, None, 1781967064.427099,0.9696771671406796,apf_colreg,static_obstacle,-1.0,0.33827500720836473,0.5713516288853174,15.40525818078125,-0.10793915718932912,2.6130718189963833,1.096148026187066,0.5439461261994055
1781967064.59256,13.982253074645996,-200.0,199.36592279047255,0.2,0.11218428501315224,2.2037482848085226,1.439385576371798,-0.008354445155685866,0.16204142729188775,1781967064.6691,None,None,None, None, 1781967064.6560562,0.9900401012290855,apf_colreg,overtaking,-1.0,0.3365115363911616,0.600138718698508,15.440027841820537,-0.03889523198014189,2.7410800650784966,1.1096377402672006,0.5248077918417293
1781967064.6925778,14.082270860671997,-200.0,196.56086354235254,0.2,0.1109123650081364,2.272884994496633,1.4471296039357284,-0.00633727198628035,0.1611311503472642,1781967064.6691,None,None,None, None, 1781967064.6560562,0.9900401012290855,apf_colreg,overtaking,-1.0,0.3449655940198316,0.507973780352156,15.394929863354644,-0.11198530132444517,2.7410800650784966,1.1096377402672006,0.5248077918417293
1781967064.7725809,14.16227388381958,-200.0,193.44048142880715,0.2,0.1088865194564956,2.3417553281217263,1.4547677293362824,-0.014369400847065904,0.1598467683907906,1781967064.7584832,None,None,None, None, 1781967064.7584832,0.9008529345318745,apf_colreg,overtaking,-1.0,0.334652796127607,0.6043632634347765,15.391784290353066,-0.1905482949326185,2.8653253316893164,1.1256265769657001,0.5102436661362734
1781967064.8728712,14.262564182281494,-193.5328074647953,200.0,0.2,0.11824933443016032,1.9439308921017704,1.413649956656649,-0.008815395665883819,0.1591219868933604,1781967064.8407009,1.9377719735677514,1.413008511435886,0.13911556567635674, 1781967064.816543, 1781967064.8427002,1.0191074774977325,apf_colreg,overtaking,-1.0,0.26417213940650913,1.4309153708961813,15.619231831680963,0.19104498613142518,2.92767440126156,1.131207369564998,0.5005503292996185
1781967064.9765298,14.366222858428955,-192.95090061105938,200.0,0.2,0.11660437793932024,1.9864805805063446,1.4186678343807806,-0.007758590046602366,0.1581735541323936,1781967064.9629438,None,None,None, None, 1781967064.9629438,1.0378051185971924,apf_colreg,overtaking,-1.0,0.27078384807720884,1.3619570693560938,15.646360398041427,0.20597911208806785,2.92767440126156,1.131207369564998,0.5005503292996185
1781967065.0719342,14.46162724494934,-195.88702223490628,200.0,0.2,0.11501681702679753,2.0469391247735302,1.4256848854340411,-0.005349458124506191,0.15772490946162893,1781967065.046811,None,None,None, None, 1781967065.046811,0.9279939827168409,apf_colreg,overtaking,-1.0,0.2972553341610458,0.9780884503130989,15.556612263142087,0.1305580110679596,2.546109482646101,1.0985172025630878,0.4824534350521539
1781967065.171989,14.561681985855103,-199.99568833394812,200.0,0.2,0.11388066600933303,2.114077720248898,1.433376772669284,-0.002348946960813855,0.1575300937223493,1781967065.1297486,None,None,None, None, 1781967065.1317477,1.029515412793442,apf_colreg,overtaking,-1.0,0.3123960710497832,0.7795371901009706,15.469683324277144,0.022094422242730616,2.6086862124468473,1.1040102866179078,0.47412447165674204
1781967065.2759335,14.665626525878906,-200.0,196.2396656025405,0.2,0.1132929249788059,2.1830137558905367,1.4412194683772555,-0.00040964544745640004,0.1574928395892493,1781967065.220691,None,None,None, None, 1781967065.2171788,1.0329627445158787,apf_colreg,static_obstacle,-1.0,0.3209759757097234,0.6638953022912095,15.37843808823337,-0.12007990437082672,2.6683556758320233,1.1117941231173254,0.4669871885007522
1781967065.3720968,14.761789798736572,-200.0,192.30653251231453,0.2,0.11310707135992122,2.251803187838245,1.4490335119710664,-0.00020257232848739607,0.15747419858675235,1781967065.3878062,None,None,None, None, 1781967065.343806,1.0811548980636736,apf_colreg,static_obstacle,-1.0,0.32974083465614346,0.5783847751826852,15.332694507261765,-0.21758897930382837,2.6683556758320233,1.1117941231173254,0.4669871885007522
1781967065.472353,14.862046003341675,-200.0,192.25077652636813,0.2,0.11253429473775176,2.320143697301944,1.4568105086982825,-0.006687585063898544,0.15647375480064302,1781967065.4623096,None,None,None, None, 1781967065.4139006,0.9537197754873457,apf_colreg,overtaking,-1.0,0.3285990152876808,0.5739758412025494,15.375879474249798,-0.21956234751185733,2.8252876135649143,1.1288311770731287,0.4492350775896197
1781967065.574984,14.964677095413208,-200.0,190.93251064296842,0.2,0.10997303008992314,2.388419850447189,1.4645368322310333,-0.02384299653633085,0.15475662638273546,1781967065.5343277,None,None,None, None, 1781967065.5779834,1.0832326164454307,apf_colreg,overtaking,-1.0,0.32755126767883536,0.5776103400394524,15.39207945118662,-0.25175905093271567,2.890143368989034,1.1368637944390692,0.44276695506490477
1781967065.671684,15.061377048492432,-200.0,187.7101817671273,0.2,0.10816105234240074,2.456568470671659,1.472025672223566,-0.012001556934926464,0.1538329397367118,1781967065.7001722,None,None,None, None, 1781967065.6538315,0.9032198729842962,apf_colreg,overtaking,-1.0,0.3248358175374109,0.5878282537407298,15.430212747098288,-0.3288912567558171,2.9475726071547825,1.146352591549831,0.43323352508671364
1781967065.772712,15.162405014038086,-200.0,185.34235812863383,0.2,0.10689171694154648,2.5243620320930464,1.479368246437815,-0.009103724946198643,0.15302379575712824,1781967065.7805674,None,None,None, None, 1781967065.7646832,1.0130764137447663,apf_colreg,overtaking,-1.0,0.3347277119490635,0.4893434099527358,15.343597010101437,-0.38142421230291124,2.9475726071547825,1.146352591549831,0.43323352508671364
1781967065.8724384,15.262131452560425,-200.0,200.0,0.2,0.11216288189410181,2.1181796548143006,1.437827693008906,-0.04355809467334702,0.14659194444622975,1781967065.8478336,2.111923740774516,1.4371834125012442,0.13195853092635357, 1781967065.822576, 1781967065.846329,1.0373484230258074,apf_colreg,overtaking,-1.0,0.2779112683163635,1.079546240957866,15.496842134739056,0.00293120341450237,2.9475726071547825,1.146352591549831,0.43323352508671364
1781967065.971782,15.361474990844727,-198.09011172327538,200.0,0.2,0.10843061925116891,2.15992230648712,1.4424585912828327,-0.020928886244335657,0.14506821340389853,1781967065.9206388,None,None,None, None, 1781967065.96627,1.064368564646364,apf_colreg,overtaking,-1.0,0.2974289206576742,0.8231859369179321,15.490870092258504,0.07284358750024467,2.598896861615951,1.113398074515398,0.42145846989754937
1781967066.0723808,15.462073802947998,-200.0,199.19144452026345,0.2,0.1048136146075369,2.2206041883596077,1.448952665503107,-0.017991293898455957,0.14239215736651023,1781967066.0693805,None,None,None, None, 1781967066.05887,1.090193390739299,apf_colreg,static_obstacle,-1.0,0.31232520108095807,0.6449783005090836,15.343394638173066,-0.04326504607865811,2.629373610239591,1.1170858053613986,0.41352785970237077
1781967066.1717145,15.561407566070557,-200.0,192.90147317711146,0.2,0.10162456802002401,2.288224429230294,1.4559524519473435,-0.015326571800035457,0.14117741543628437,1781967066.1486378,None,None,None, None, 1781967066.1281056,0.904611190720944,apf_colreg,static_obstacle,-1.0,0.32175683282052275,0.5306871894528764,15.184400621579602,-0.2010970838650863,2.6878787647245264,1.1238352595724368,0.40871299775679343
1781967066.2720532,15.661746263504028,-200.0,189.01834845882453,0.2,0.09898215660571197,2.356540892335391,1.4628347234530814,-0.01402941957736688,0.1401783148679705,1781967066.2198524,None,None,None, None, 1781967066.2669723,0.9457179240848531,apf_colreg,static_obstacle,-1.0,0.32870669813231057,0.45528479354091156,15.160510050441953,-0.29292119281967643,2.7502423042671245,1.1282766566145543,0.4010697244132001
1781967066.3872185,15.776911497116089,-200.0,191.21841436355,0.2,0.09632975181536038,2.4245562948556234,1.4695355215783366,-0.017613810981540214,0.1377614543698609,1781967066.3570664,None,None,None, None, 1781967066.339361,0.9894347013131967,apf_colreg,static_obstacle,-1.0,0.3335763109949754,0.4048441686120364,15.111504113160212,-0.24040092530733492,2.8123430393698836,1.1339875027969601,0.39682350214224543
1781967066.4719763,15.861669301986694,-200.0,192.67532803644914,0.2,0.09342038176239612,2.4927787637021765,1.4760743041002513,-0.019842002580939003,0.13610661694299983,1781967066.4404671,None,None,None, None, 1781967066.494498,0.9431807461393575,apf_colreg,static_obstacle,-1.0,0.3364458016340932,0.37202322000602206,15.135532068498685,-0.2059121159594337,2.8738555012357354,1.141032427491675,0.3904343928750727
1781967066.5742013,15.963894367218018,-200.0,193.50412973736653,0.2,0.08913419862090063,2.5612063481302147,1.4824218024732048,-0.030850242401520022,0.1336016102469156,1781967066.521666,None,None,None, None, 1781967066.57621,1.0011923463101464,apf_colreg,static_obstacle,-1.0,0.34401959939994736,0.2871586264185374,15.050851854911432,-0.18478727718330745,2.8738555012357354,1.141032427491675,0.3904343928750727
1781967066.6725836,16.062276601791382,-200.0,196.6521992213423,0.2,0.084667142006801,2.6297804239695317,1.4884480713825674,-0.028115764659623833,0.1295419317818614,1781967066.6660576,None,None,None, None, 1781967066.6438868,1.0579851134772305,apf_colreg,overtaking,-1.0,0.3413289280358542,0.31103653226564165,15.176494817101954,-0.10808546851174405,3.000197123940239,1.152740536843938,0.3785171565244732
1781967066.7719417,16.16163468360901,-200.0,195.22998735681315,0.2,0.08176319045856527,2.6987427869331735,1.4941764632587429,-0.01192284140359612,0.12857260453469427,1781967066.7473576,None,None,None, None, 1781967066.7719417,0.9879075793290149,apf_colreg,overtaking,-1.0,0.3396373160191761,0.3304173634525798,15.20254332697484,-0.14403380310953917,3.0592121754537978,1.1588063424765516,0.37543007129974965
1781967066.8730097,16.262702703475952,-195.9011488307278,200.0,0.2,0.08727701139267104,2.3092607659867856,1.4618127658386877,-0.0325578607015043,0.1263249165505643,1781967066.8163943,2.303207245707595,1.4613119379645574,0.1070610586700731, 1781967066.833936, 1781967066.8519757,1.0528361347151558,apf_colreg,overtaking,-1.0,0.2810529313188564,1.0813489485443066,15.430380362667602,0.12913827933410715,3.123268323132247,1.1623313836004432,0.37239912810455444
1781967066.9721375,16.361830472946167,-193.32781272642154,200.0,0.2,0.0834242481348016,2.353186955426673,1.4655635292479854,-0.01724964462001673,0.123889635735639,1781967066.957573,None,None,None, None, 1781967066.9236658,1.0578418073462856,apf_colreg,overtaking,-1.0,0.2984189790057747,0.8347870013823198,15.456614908742337,0.19414829174298642,2.718317666918501,1.133505601874273,0.36771309779065403
1781967067.0724201,16.46211314201355,-193.9850886274965,200.0,0.2,0.07950084128873466,2.414458917883382,1.4705583730275489,-0.018408308015416364,0.12250414448585771,1781967067.0328374,None,None,None, None, 1781967067.060886,1.0221685666280311,apf_colreg,overtaking,-1.0,0.3114628960932989,0.6578447050736805,15.377890865284387,0.1768739433512332,2.759332792821451,1.1355631071462977,0.3633595806300944
1781967067.1722336,16.56192660331726,-195.02239281117295,200.0,0.2,0.07330113440162209,2.4817715032258665,1.4757788817390054,-0.039796771780784404,0.11985495704931862,1781967067.176022,None,None,None, None, 1781967067.127786,1.0027480945743261,apf_colreg,overtaking,-1.0,0.3198187594071576,0.5343262540927277,15.300681750272442,0.15016754090622264,2.8188784027533282,1.1420774320732547,0.3594741440128647
1781967067.2738647,16.663557767868042,-196.22864427872068,200.0,0.2,0.06994491471640688,2.5504206902773,1.4806176419441375,-0.00642075637313223,0.11886371402366121,1781967067.2537863,None,None,None, None, 1781967067.2904263,1.0693138623914806,apf_colreg,overtaking,-1.0,0.32651549668695684,0.44688485167444986,15.204620622089816,0.11900081198496881,2.8818407014593834,1.1435801367352763,0.3558286377185962
1781967067.3744495,16.764142513275146,-198.79515565335086,200.0,0.2,0.06720912180384844,2.6194115423119717,1.4853141409327097,-0.00883563364287047,0.11811009373452568,1781967067.3390796,None,None,None, None, 1781967067.3669183,0.9590241373631285,apf_colreg,overtaking,-1.0,0.33088644281122775,0.38667245237045456,15.276477309228355,0.05347070949957722,2.949362692293216,1.1490645011725602,0.3524829207368441
1781967067.472528,16.862221002578735,-196.6511224756425,200.0,0.2,0.06531314918339967,2.6887426780691275,1.4898791974517316,-0.005483082545974958,0.11765526617658979,1781967067.4220307,None,None,None, None, 1781967067.4505014,0.9051904940332927,apf_colreg,overtaking,-1.0,0.3343466486705539,0.34222464444778466,15.256374519099921,0.10868176483710457,3.009342764869689,1.1523387118147737,0.3497461531729861
1781967067.5730858,16.9627788066864,-196.2658252708912,200.0,0.2,0.06367042496768184,2.757890227992831,1.4943230065894895,-0.005786487908410325,0.11714554030538538,1781967067.5986736,None,None,None, None, 1781967067.523878,0.9987678652942484,apf_colreg,overtaking,-1.0,0.3399766560983289,0.2503734027492642,15.178739212162338,0.11786140876224582,3.009342764869689,1.1523387118147737,0.3497461531729861
1781967067.686331,17.076024055480957,-199.38684125763768,200.0,0.2,0.06275593521967952,2.826976223142302,1.4986589605579894,-0.00048001363219020356,0.11710303322356791,1781967067.6883292,None,None,None, None, 1781967067.615082,0.9631780059745596,apf_colreg,overtaking,-1.0,0.33891597260748074,0.2670080991644148,15.226641351155395,0.0378081180942722,3.136305513887195,1.1617535669807513,0.3443007501416342
1781967067.7725067,17.16219973564148,-200.0,198.8498185236699,0.2,0.0624375232654746,2.8963995666144533,1.5029815145323937,0.0015652852467117524,0.11734451788504846,1781967067.7529488,None,None,None, None, 1781967067.7866774,0.9930362113088745,apf_colreg,overtaking,-1.0,0.3384507835483895,0.29244268830744996,15.283277679779196,-0.0520632190445145,3.23141615341368,1.1667109741346855,0.34261376625238626
1781967067.8726735,17.26236653327942,-200.0,198.7081702700305,0.2,0.07468529207193887,2.498743156119942,1.4814041350667226,0.0011849703839892237,0.11745606484414119,1781967067.8470836,2.492574565692484,1.4810620287515819,0.09830855122371851, 1781967067.834881, 1781967067.8776822,1.078928748610066,apf_colreg,overtaking,-1.0,0.3131073737406112,0.7568277433566796,15.526870269203492,-0.05665899047877687,2.832245232140915,1.147474577855151,0.3415471164449147
1781967067.9738684,17.363561391830444,-200.0,197.08918498481503,0.2,0.07467266393704658,2.5426491727336624,1.4846893792605527,0.00045688603623542735,0.11749198814576353,1781967067.92571,None,None,None, None, 1781967067.9538093,1.022807302717898,apf_colreg,overtaking,-1.0,0.32082643143445094,0.612491021120871,15.544039774656172,-0.09934303541923573,2.865896657305994,1.149378028654133,0.34050151474079726
1781967068.0737722,17.463465213775635,-200.0,194.729778839792,0.2,0.07482432664377771,2.6043382875495134,1.4893148892844295,-0.00014883245242315493,0.11748133987400725,1781967067.9972553,None,None,None, None, 1781967068.02083,1.0406060395309578,apf_colreg,overtaking,-1.0,0.3263483710591456,0.5316284526803424,15.502421714702491,-0.15955803058599027,2.865896657305994,1.149378028654133,0.34050151474079726
1781967068.1720116,17.561704635620117,-200.0,189.07094799380258,0.2,0.07467138707076408,2.6718345830658006,1.494394831257054,-0.004045944958228568,0.11678441704210688,1781967068.1695075,None,None,None, None, 1781967068.1068335,0.9772947837222262,apf_colreg,overtaking,-1.0,0.33340957500251045,0.4126331094167695,15.407439624811644,-0.29644882039207854,2.919391060030524,1.1526430777132082,0.3401195351540917
1781967068.2725258,17.662218809127808,-200.0,185.55713686670967,0.2,0.07440694574876329,2.7398456835202003,1.4995122963614875,-0.0059804669432655735,0.11637573294168245,1781967068.237844,None,None,None, None, 1781967068.245874,0.9318683465974161,apf_colreg,static_obstacle,-1.0,0.33887067526999154,0.328012056033013,15.346194610206489,-0.3766058465715165,2.982706862026866,1.1562651977536036,0.3404428260401129
1781967068.37851,17.768203020095825,-200.0,184.45412301996697,0.2,0.0737138842196328,2.807562777730639,1.5045985461326126,-0.01071127862127516,0.11566926116316784,1781967068.3037999,None,None,None, None, 1781967068.380506,1.0601344867917617,apf_colreg,overtaking,-1.0,0.3431319937678393,0.2661967053694414,15.361810390918048,-0.4019875961850419,3.044067109649839,1.1601535650125896,0.3408082199542862
1781967068.472401,17.862093925476074,-200.0,184.93076430707535,0.2,0.07149764412067863,2.875122066564362,1.5096204841911032,-0.023510280811205143,0.11188193078702252,1781967068.4648924,None,None,None, None, 1781967068.4458463,0.954026278388779,apf_colreg,crossing_from_starboard,-1.0,0.346659298002233,0.21841435127970055,15.403822485608213,-0.392286473335429,3.100207043538206,1.163597184186186,0.3419035211193752
1781967068.5729382,17.962631225585938,-200.0,183.71015488934856,0.2,0.06929690458153769,2.942719632477807,1.514461803182295,-0.020454277350682826,0.11018673838837294,1781967068.5477695,None,None,None, None, 1781967068.5185134,0.9882779822419002,apf_colreg,crossing_from_starboard,-1.0,0.34938564492262275,0.18303931253424752,15.410127948126146,-0.42002248493882455,3.160537177607701,1.1672706459766264,0.3433417919318085
1781967068.6728704,18.06256341934204,-200.0,187.26217757753594,0.2,0.060021467030956475,3.0102038309061285,1.519129929341517,-0.08015042266287545,0.10394159264288644,1781967068.6256874,None,None,None, None, 1781967068.6758761,1.0771034344902937,apf_colreg,crossing_from_starboard,-1.0,0.3515680177546847,0.1590124709286597,15.42982421976905,-0.33932559475210056,3.226410056850014,1.1706338381620278,0.34516735365843054
1781967068.7716007,18.161293745040894,-200.0,188.60204939633894,0.2,0.05382928744952408,3.078093175772215,1.5230146138584502,-0.03274176781232826,0.09969130259569821,1781967068.7554998,None,None,None, None, 1781967068.7465756,0.9976580018391545,apf_colreg,crossing_from_starboard,-1.0,0.35313939343148093,0.14280415089093526,15.46492666644458,-0.30865709488993076,3.28608942403457,1.1717346828466857,0.3471723301887306
1781967068.8728228,18.262515783309937,-200.0,191.70042140653385,0.2,0.05930036122651366,2.680429358521535,1.4990128353744294,-0.03477267628889922,0.09716792111753048,1781967068.8280678,2.674277851301575,1.4986495355580145,0.08140138239799821, 1781967068.839715, 1781967068.874327,0.9880587119858335,apf_colreg,overtaking,-1.0,0.31564667726265905,0.8822470223158889,15.87223188920127,-0.2404678350186078,3.346526469205023,1.1734976951818594,0.3487769031585102
1781967068.9721396,18.36183261871338,-200.0,193.13993594327246,0.2,0.053712944378319465,2.7226340217518823,1.5014214081533073,-0.03388715683530739,0.09453700113575944,1781967068.976648,None,None,None, None, 1781967068.9494374,0.9714456624794142,apf_colreg,overtaking,-1.0,0.3190708402399989,0.8143476278598255,15.844266066633832,-0.20379126955905047,3.346526469205023,1.1734976951818594,0.3487769031585102
1781967069.0718799,18.461572885513306,-200.0,193.52376266589877,0.2,0.04893073121351525,2.783169735486833,1.5045353868239282,-0.024629620444675624,0.09118482038609334,1781967069.041809,None,None,None, None, 1781967069.0202587,1.0061075139560054,apf_colreg,overtaking,-1.0,0.33241579672270605,0.5829780749880514,15.823006330253586,-0.19376769373338298,2.9710468402016734,1.1499251485692246,0.3523385409628121
1781967069.1725996,18.56229257583618,-200.0,191.21996266960886,0.2,0.043948634055815124,2.850353015897052,1.507692554284045,-0.0294765639849535,0.08735907623500819,1781967069.1715984,None,None,None, None, 1781967069.1575778,0.9482081705170593,apf_colreg,overtaking,-1.0,0.34206872334351834,0.4163497125252827,15.726739974935438,-0.25015017989821775,3.0334377905643355,1.1516746692339466,0.3538691629716361
1781967069.2727237,18.662416696548462,-200.0,189.54444667319444,0.2,0.038173705152275715,2.918656824024276,1.5105668561429084,-0.03709590109719206,0.08430008019836281,1781967069.2540603,None,None,None, None, 1781967069.2380302,0.9647316068003127,apf_colreg,overtaking,-1.0,0.3486653664838042,0.30186163282777867,15.563978774753977,-0.2881239733646135,3.091350061657585,1.1530064911344575,0.355572469415557
1781967069.371782,18.761475086212158,-200.0,188.01192445737843,0.2,0.03322801992784936,2.9869680666075586,1.513032683857059,-0.027760620187721016,0.08241665797563445,1781967069.3219054,None,None,None, None, 1781967069.3602653,1.0054807280370466,apf_colreg,overtaking,-1.0,0.353422250520348,0.22144120893040792,15.470764576083328,-0.3226775743557493,3.157951580597285,1.1539833531051726,0.3568488059331816
1781967069.4729888,18.86268186569214,-200.0,191.9290647294617,0.2,0.025224838124187826,3.055124353760443,1.515178085858171,-0.057515550249242944,0.07505792997763955,1781967069.4498487,None,None,None, None, 1781967069.435181,0.9133433998455689,apf_colreg,crossing_from_starboard,-1.0,0.3570474712122966,0.16059533665606013,15.496198003480012,-0.2291759905791393,3.2189361619153245,1.1547309993810397,0.3584107318972722
1781967069.5722558,18.96194887161255,-200.0,197.89852728959434,0.2,0.019988435155183105,3.1236928819555225,1.5167061163059419,-0.023668681136815826,0.07343054111510501,1781967069.5830922,None,None,None, None, 1781967069.5760922,0.9097283506694337,apf_colreg,crossing_from_starboard,-1.0,0.3583093491646828,0.07123846219059488,15.444408614183235,-0.07764211849236169,3.310337417961784,1.1543471932220186,0.3596945207224837
1781967069.6721907,19.061883687973022,-200.0,198.73605995162086,0.2,0.014572379756087642,3.19298119430455,1.5179219776111577,-0.029117271593433625,0.06958552794958732,1781967069.6506584,None,None,None, None, 1781967069.6456518,1.0101786114666933,apf_colreg,crossing_from_starboard,-1.0,0.3606716034302831,0.028402303801281323,15.459560127349455,-0.055675619852811664,3.310337417961784,1.1543471932220186,0.3596945207224837
1781967069.772207,19.16190004348755,-200.0,197.18848182559242,0.2,0.009067249878704447,3.2624693420867787,1.5187657833413848,-0.029991200738854647,0.06758739640603056,1781967069.7172823,None,None,None, None, 1781967069.7193308,1.0811857857078429,apf_colreg,overtaking,-1.0,0.37566129367958284,0.7953980706478984,15.957942918477151,-0.09932962440790938,3.3778704767761045,1.1540816203695448,0.3609038328093248
1781967069.8722053,19.261898279190063,-200.0,185.85485670239328,0.2,0.019415332425472862,2.8657201435577973,1.5122163050876574,-0.019740375972658798,0.06476656747241273,1781967069.8601787,2.8595643584633104,1.5121236951894317,0.047614870737660915, 1781967069.84616, 1781967069.8601787,0.9231522262103552,apf_colreg,overtaking,-1.0,0.36082155658621146,0.6770941106653916,15.867916984636203,-0.38239365607413767,3.4376791560078592,1.1535673392056482,0.36217536831667574
1781967069.9720733,19.36176633834839,-200.0,183.540178628484,0.2,0.015754652417639084,2.908338338082376,1.5129825360285594,-0.022965011357186628,0.06297976831782286,1781967069.937984,None,None,None, None, 1781967069.9364796,0.9143710559991571,apf_colreg,overtaking,-1.0,0.3633239043217359,0.48683897014602456,15.691276451846111,-0.43157081983509027,3.036784165602151,1.1481713718696527,0.3631280104469337
1781967070.0716684,19.461361408233643,-200.0,185.54239969382496,0.2,0.012138905451645,2.9680856084564913,1.5138615544302816,-0.02558085470898919,0.06084924614964612,1781967070.0212698,None,None,None, None, 1781967070.0257945,0.9412518425111135,apf_colreg,overtaking,-1.0,0.3652095882431232,0.33658321938648234,15.61910420026065,-0.3836445546213456,3.075230025255886,1.1479629002911693,0.3642566364620201
1781967070.1759079,19.565600872039795,-200.0,187.1182570413115,0.2,0.007865003765803876,3.0342646392485455,1.5145976395621439,-0.031222732650994487,0.05798358072849539,1781967070.201011,None,None,None, None, 1781967070.144929,0.9853325309985983,apf_colreg,static_obstacle,-1.0,0.3667546554488171,0.22339738696917769,15.398405892686105,-0.3419728440055714,3.135306972938093,1.147443322635711,0.3653087773422934
1781967070.282227,19.67192006111145,-200.0,192.00264720892585,0.2,0.0036372811078301554,3.1020051247137785,1.5150428628004207,-0.027923172665462796,0.05552746498403118,1781967070.2948222,None,None,None, None, 1781967070.2326212,0.9248547233589423,apf_colreg,static_obstacle,-1.0,0.3676554744558694,0.13627077986563602,15.274991565725186,-0.22412680671524132,3.195713721500885,1.1477534884903184,0.3660717631055177
1781967070.3720388,19.76173186302185,-200.0,198.48802821480498,0.2,-0.0011510639828221198,3.1705321177028885,1.515189433295557,-0.031081429061642487,0.05261167653923279,1781967070.3745534,None,None,None, None, 1781967070.3187273,0.900463960941854,apf_colreg,static_obstacle,-1.0,0.3684350903630338,0.06748063196997742,15.254441579742327,-0.06140192639592712,3.2598192651582396,1.1464373763536595,0.3671174938484176
1781967070.4730427,19.862735748291016,-196.9036017524157,200.0,0.2,6.27737649120064,3.239889014550336,1.5149711453776575,-0.02588642839546479,0.04845250300072072,1781967070.4554923,None,None,None, None, 1781967070.4765527,0.9996661350023267,apf_colreg,crossing_from_starboard,-1.0,0.3691982699208665,0.013717233418197698,15.313287693472052,0.10262836167776168,3.3321207989985027,1.1444694473501575,0.36795497288745993
1781967070.5715928,19.961285829544067,-195.83132289386455,200.0,0.2,6.273147623991569,3.3091866983023825,1.5144135024974936,-0.02018995797181649,0.046851224197563233,1781967070.534803,None,None,None, None, 1781967070.5751138,1.0183975059573145,apf_colreg,crossing_from_starboard,-1.0,0.37690225421096696,0.44448548556686124,15.924593493619136,0.13511194021174777,3.391594969040935,1.143423297307345,0.36860477837249583
1781967070.6740046,20.063697576522827,-192.43317468279378,200.0,0.2,6.268795894976844,3.3783556861312674,1.5135684196487365,-0.0217318091149548,0.04493483931613115,1781967070.6229863,None,None,None, None, 1781967070.661194,0.9256330899428242,apf_colreg,crossing_from_starboard,-1.0,0.3769612166832311,0.48140183682239224,15.917300336355654,0.22268300222630266,3.4540516958657297,1.1425295667748863,0.36916892519312344
1781967070.7724,20.162092924118042,-188.7474817369421,200.0,0.2,6.2644489612435414,3.4471315565450147,1.5124172940113692,-0.020413803098834973,0.043333459926750396,1781967070.7810607,None,None,None, None, 1781967070.7330673,0.9153696354686328,apf_colreg,crossing_from_starboard,-1.0,0.3772342837824317,0.5481515431811362,15.90994407526795,0.3140022278586816,3.5182204030736357,1.1412627849651553,0.3695468491805501
1781967070.8727174,20.262410402297974,-200.0,199.08179759749672,0.2,6.274538561257042,3.0497271309464065,1.5193228478110028,-0.015458092348017094,0.04112891390823846,1781967070.8440466,3.043576296902247,1.519433238942818,0.018340047833080853, 1781967070.854746, 1781967070.8586514,0.934388710548618,apf_colreg,overtaking,-1.0,0.3861677922787846,0.6057784187565397,15.758572684996128,-0.04740788740638102,3.5852072105285053,1.1382929097966834,0.36981327690431187
1781967070.972654,20.36234712600708,-200.0,198.41972912836607,0.2,6.271850556536925,3.092993266616441,1.5188680672756742,-0.00725559746561235,0.040431918454487466,1781967070.9401097,None,None,None, None, 1781967070.9587939,0.9372915376473054,apf_colreg,overtaking,-1.0,0.38266718030563984,0.42699593876510283,15.616605372652923,-0.06467858022028317,3.1605074900329235,1.1459996216958919,0.3700737816750207
1781967071.074915,20.46460795402527,-199.43530944626897,200.0,0.2,6.270036695449504,3.154650064430216,1.5180937006888229,-0.00595864287416442,0.03992730173916448,1781967071.0247962,None,None,None, None, 1781967071.0340545,0.9209591118184365,apf_colreg,overtaking,-1.0,0.3799242543942062,0.2827105123177796,15.550917565346374,0.03731225292312601,3.2122998395881375,1.1449738971996026,0.3702097939053031
1781967071.1722412,20.561934232711792,-195.37885483560027,200.0,0.2,6.266974714898098,3.2228026810414043,1.5171350452852082,-0.020712503814998343,0.03729219455911055,1781967071.1520193,None,None,None, None, 1781967071.1707346,0.98372705294546,apf_colreg,overtaking,-1.0,0.3781966467570859,0.19217259611686222,15.48801393411151,0.14295316654733625,3.2122998395881375,1.1449738971996026,0.3702097939053031
1781967071.2718797,20.661572694778442,-190.13696009098823,200.0,0.2,6.26464342016876,3.291752400279276,1.5159127802873122,-0.008774876498762718,0.03669693117090766,1781967071.2198565,None,None,None, None, 1781967071.2429988,0.9416866763006494,apf_colreg,crossing_from_starboard,-1.0,0.37633636872075243,0.0929232720347104,15.374461430542121,0.270525551282053,3.311983753531687,1.1425493526990802,0.37034343887388665
1781967071.3742874,20.763980388641357,-187.79961030761993,200.0,0.2,6.263277970931525,3.3602468085768566,1.514535860446717,0.00014970711778027735,0.0367179415452688,1781967071.3601997,None,None,None, None, 1781967071.379296,1.0182849767903528,apf_colreg,crossing_from_starboard,-1.0,0.3749745014456905,0.01597305055371885,15.170958432295958,0.3213103742751846,3.3777557853291023,1.140535391385703,0.3704281308195045
1781967071.4726572,20.86235022544861,-186.1911938832464,200.0,0.2,6.262669622456523,3.4284234799281705,1.513089005695452,0.004825708879627934,0.037062242538627034,1781967071.431547,None,None,None, None, 1781967071.4526026,0.9029751590417441,apf_colreg,crossing_from_starboard,-1.0,0.3760491776587432,0.2980698444111387,15.895280713261993,0.37508994015376906,3.4412999861296334,1.13896373815307,0.370442062790079
1781967071.571605,20.9612979888916,-185.46325887936655,200.0,0.2,6.26316111932693,3.4963810303816865,1.5116229803596788,0.012487377008310324,0.038754653704461704,1781967071.5670767,None,None,None, None, 1781967071.5201838,1.0760490293827936,apf_colreg,crossing_from_starboard,-1.0,0.3764310400245392,0.3091061447729958,15.892198754628321,0.39221663542489615,3.508292031152535,1.1369388550918453,0.3703617311217435
1781967071.6747415,21.06443452835083,-185.28489585614966,200.0,0.2,6.264404972512424,3.5642293069560456,1.5102211539182022,0.015850277049252993,0.03991263016361686,1781967071.6401339,None,None,None, None, 1781967071.658159,1.0377469925615797,apf_colreg,crossing_from_starboard,-1.0,0.37654646378958473,0.32945479250391807,15.889468409920298,0.39634485981141854,3.5720885678766283,1.1353978095387327,0.370223490650385
1781967071.772761,21.16245412826538,-186.23100722949252,200.0,0.2,6.267644412660731,3.6320437126003555,1.5089283537000426,0.030718419533839674,0.04230577607895752,1781967071.7180398,None,None,None, None, 1781967071.7255573,0.9819182256232251,apf_colreg,crossing_from_starboard,-1.0,0.37567758667400364,0.3240105807603886,15.885397173466707,0.37391298892733804,3.628082483094035,1.1348890455774843,0.36998642671947596
1781967071.872061,21.261754035949707,-200.0,193.80901255894815,0.2,6.283494821946557,3.2357214467211444,1.5227132701470476,0.026520847055707033,0.04587178741079232,1781967071.8525004,3.2295902309646496,1.5229087796061684,0.0240988649335101, 1781967071.861023, 1781967071.8525004,0.980893628893622,apf_colreg,overtaking,-1.0,0.392888173152528,0.515284612100011,15.685991727920301,-0.1848797405275837,3.6936229798486147,1.1332497006290723,0.36971901462775286
1781967071.9720733,21.36176633834839,-200.0,189.70280183272993,0.2,0.0041837339539285085,3.278208640162834,1.5227977318887085,0.022447171244876017,0.04748042221439051,1781967071.9241636,None,None,None, None, 1781967071.9241636,0.9829880379947967,apf_colreg,overtaking,-1.0,0.3883255183272273,0.3508546750747232,15.545155728423566,-0.28397648042026713,3.2898323927490676,1.1476495846224624,0.36946643550493413
1781967072.0715885,21.461281538009644,-200.0,190.97788137462314,0.2,0.0075739645808363485,3.338553646518245,1.5231839330390962,0.011838601931010032,0.04905922838144994,1781967072.0575244,None,None,None, None, 1781967072.0655532,0.9185913371421284,apf_colreg,crossing_from_starboard,-1.0,0.38533671553444804,0.21093014692905962,15.471667861637513,-0.25196244636799037,3.3282300643037743,1.1482239033769603,0.36926743265455114
1781967072.171806,21.56149911880493,-200.0,191.84697393915422,0.2,0.010792649773288018,3.405466495679263,1.5238261179119874,0.012454337219673175,0.04999271930575394,1781967072.1324775,None,None,None, None, 1781967072.1391723,1.0872377262269657,apf_colreg,crossing_from_starboard,-1.0,0.3836497756114867,0.10225349354958922,15.374412641128094,-0.22936940621119373,3.394155651838955,1.1481130456197197,0.36923197373002625
1781967072.2726007,21.662293672561646,-200.0,193.9219220739718,0.2,0.013053044968196023,3.4738384449909168,1.5246947086481235,0.004855077122346468,0.05066041765596831,1781967072.2700033,None,None,None, None, 1781967072.214943,1.0433221846399676,apf_colreg,crossing_from_starboard,-1.0,0.3828587737724997,0.015049805347316132,15.296268212097107,-0.1774971017696796,3.4558326786748403,1.1480563133019217,0.36928840073797947
1781967072.3721285,21.761821508407593,-200.0,189.35595772616256,0.2,0.014409333926224946,3.5426655384834715,1.525693678863167,0.0005485418746712206,0.0507031328141376,1781967072.3478737,None,None,None, None, 1781967072.3478737,0.9483411451450181,apf_colreg,crossing_from_starboard,-1.0,0.3770285466077802,0.11600582672285056,15.836488227447102,-0.2977672986311273,3.5236468548154463,1.1479063092608766,0.36945408518360207
1781967072.4738355,21.86352849006653,-200.0,188.86674730976273,0.2,0.015181108280728701,3.6110637070387197,1.526763237249071,-0.0027067566695996954,0.05048860466056353,1781967072.4271302,None,None,None, None, 1781967072.4783468,0.9243518921285726,apf_colreg,crossing_from_starboard,-1.0,0.3767504732831845,0.09513008530825073,15.874441692394004,-0.3104037615896891,3.5879573108012264,1.1491761251802777,0.36968065858013993
1781967072.5723984,21.96209144592285,-200.0,189.88024011467616,0.2,0.013210465056648015,3.6793463425011304,1.5278675077730597,-0.02509710242928667,0.047207662625573,1781967072.5578601,None,None,None, None, 1781967072.5468335,0.9279862675187517,apf_colreg,crossing_from_starboard,-1.0,0.37800420339445806,0.08203223447960549,15.874579226080854,-0.28563979656320093,3.6528981618256138,1.149056185739508,0.370019961546242
1781967072.676381,22.06607413291931,-200.0,190.2769983352098,0.2,0.012077624995105132,3.747723905669172,1.528770859732468,-0.01084509904320808,0.04631395574521899,1781967072.6402667,None,None,None, None, 1781967072.628239,0.9583644575277827,apf_colreg,crossing_from_starboard,-1.0,0.3791642008639458,0.08826776125083889,15.875203844873766,-0.2758849233887126,3.7184207450459477,1.148957749798421,0.3704339490861051
1781967072.7851384,22.17483139038086,-200.0,191.5604989655864,0.2,0.009941440152773345,3.8161589236151006,1.5295974324065933,-0.019780762386935404,0.04480496840497475,1781967072.7165523,None,None,None, None, 1781967072.797165,0.9167868637451294,apf_colreg,crossing_from_starboard,-1.0,0.38014398424194434,0.07550640480729981,15.875856609645528,-0.24402359659470907,3.780998403684905,1.1488825834606085,0.3708326048105745
1781967072.872222,22.2619149684906,-200.0,181.88903646076355,0.2,0.012514335163578812,3.4178766560917246,1.5278132233446002,-0.02814146093165669,0.04171571082550354,1781967072.8263283,3.4117107029662095,1.5277811179593055,0.024458466603380913, 1781967072.861182, 1781967072.872222,1.0034648324053275,apf_colreg,overtaking,-1.0,0.37650944974919964,0.47326323741709986,16.13934047654791,-0.4823979124473077,3.8400747634638335,1.1485059388396017,0.3712946613849373
1781967072.97448,22.36417293548584,-200.0,186.13940113051163,0.2,0.00792174269437184,3.459391748873712,1.5283051787310704,-0.04236219471904283,0.037896612579094505,1781967072.9857018,None,None,None, None, 1781967072.9620075,0.9443611287946542,apf_colreg,overtaking,-1.0,0.3784573867500077,0.3029060664886493,16.03644965516084,-0.3796599966857901,3.4184868321939565,1.1454266962096589,0.37175868303037596
1781967073.0722399,22.46193289756775,-200.0,190.64320976449497,0.2,0.005130200074610548,3.5188907191342857,1.528686316922819,-0.012777449987361404,0.036165442334456094,1781967073.051968,None,None,None, None, 1781967073.0509248,1.0264871448203514,apf_colreg,crossing_from_starboard,-1.0,0.3799403172794337,0.16405969473846269,15.934352679791665,-0.26782920160086565,3.4676922699372317,1.1450735095100422,0.37221429900629555
1781967073.1717262,22.561419248580933,-200.0,196.32555638256244,0.2,0.0007420538957056853,3.585553455749457,1.5289649719587004,-0.03288199293907767,0.033723029841178316,1781967073.1262462,None,None,None, None, 1781967073.1252475,0.927486248957559,apf_colreg,crossing_from_starboard,-1.0,0.38059526152484074,0.0740056963639275,15.890285201362481,-0.12181000492294647,3.4676922699372317,1.1450735095100422,0.37221429900629555
1781967073.2827222,22.672415256500244,-200.0,200.0,0.2,6.279884625174684,3.654375985912973,1.528899767488035,-0.02295548028444107,0.03170026991548719,1781967073.295875,None,None,None, None, 1781967073.295875,0.9201098427469184,apf_colreg,crossing_from_starboard,-1.0,0.38569736812294114,0.0,15.873592302485301,0.006517585221550881,3.6304763165621576,1.1435383524822453,0.3731714912272413
1781967073.3724034,22.762096405029297,-196.87950114128918,200.0,0.2,6.274584718660568,3.723943342074123,1.5285428138207315,-0.033032426024816694,0.02900772377759482,1781967073.3981056,None,None,None, None, 1781967073.4001117,0.9689434470326654,apf_colreg,crossing_from_starboard,-1.0,0.3860368611351194,0.0,15.861602451990557,0.106942608221825,3.6304763165621576,1.1435383524822453,0.3731714912272413
1781967073.4723551,22.862048149108887,-190.44873550746325,200.0,0.2,6.265155780824915,3.793264799316822,1.5277774256663026,-0.06490593409853622,0.018101376968723895,1781967073.4639082,None,None,None, None, 1781967073.4629087,0.9479463849552809,apf_colreg,crossing_from_starboard,-1.0,0.3860368611351194,0.0,15.862399449829574,0.27142610315207705,3.6304763165621576,1.1435383524822453,0.3731714912272413
1781967073.5716655,22.961358547210693,-185.65930242330364,200.0,0.2,6.259983133393677,3.861836413666083,1.526245109220663,-0.012535247679201696,0.0172311937737845,1781967073.533327,None,None,None, None, 1781967073.5338333,1.0170673794372802,apf_colreg,crossing_from_starboard,-1.0,0.3895446301559243,0.0,15.881457611526425,0.3873342505601922,3.7591086256678277,1.1401220556510574,0.373702963819114
1781967073.673084,23.062777042388916,-181.43856606104694,200.0,0.2,6.256232431789117,3.9297849179131186,1.5244386573352813,-0.007237521001400449,0.016455791192151813,1781967073.6404636,None,None,None, None, 1781967073.621817,0.9137710912307447,apf_colreg,crossing_from_starboard,-1.0,0.3907958383845652,0.0,15.882855745969472,0.48497368714567823,3.8166418311126438,1.138644827763368,0.37378135162795756
1781967073.7717605,23.16145348548889,-178.36619965662112,200.0,0.2,6.253588808961897,3.9971908719788956,1.5224307428053407,-0.0017219025039133487,0.01630309488098301,1781967073.7291424,None,None,None, None, 1781967073.7792652,0.9184630638700249,apf_colreg,crossing_from_starboard,-1.0,0.39289660186675796,0.0,15.882055705487922,0.553754368797164,3.886362986997453,1.1347703832577176,0.37372783443864827
1781967073.876712,23.26640510559082,-200.0,200.0,0.2,6.264253381067543,3.6030023671016833,1.5306454417859117,0.009167131721349881,0.017038331234093956,1781967073.809346,3.596911428539248,1.530782279829436,0.003618011018597045, 1781967073.867061, 1781967073.8514507,0.9510856418447914,apf_colreg,overtaking,-1.0,0.39329916261188147,0.35503642037710503,16.08412611864222,0.007173449811417321,3.941911119987926,1.1338000744015744,0.37348840154557467
1781967073.972206,23.36189913749695,-198.18294217140857,200.0,0.2,6.264712714542586,3.645718865283767,1.5297998018778678,0.015278128961095152,0.019426984992414974,1781967073.9656906,None,None,None, None, 1781967073.9344277,0.9788792829988334,apf_colreg,crossing_from_starboard,-1.0,0.3916793233078947,0.18784968985731582,15.955049204736607,0.07251056508619325,3.53839346691216,1.140525242764304,0.3730579222751967
1781967074.071518,23.46121096611023,-193.8262912169217,200.0,0.2,6.265959596122865,3.7070915529536523,1.5286659602471193,0.013194467748036759,0.020277189465049982,1781967074.030127,None,None,None, None, 1781967074.0595944,1.03510793889913,apf_colreg,crossing_from_starboard,-1.0,0.39037251425155317,0.050145632107192556,15.88796340714455,0.18681712456913324,3.5815311905116913,1.138606431281865,0.3727736576511405
1781967074.1720824,23.56177544593811,-189.35872386231725,200.0,0.2,6.268321751577982,3.7745585840824383,1.5275259546385627,0.0192958507709436,0.022715973262215854,1781967074.156516,None,None,None, None, 1781967074.1363013,0.90409677032487,apf_colreg,crossing_from_starboard,-1.0,0.39949963266348987,0.0,15.857567401981608,0.29809613067213725,3.636294066357321,1.1379015302084503,0.3722224012981031
1781967074.2719376,23.661630630493164,-190.0306434205421,200.0,0.2,6.270777949569464,3.842752122304411,1.5265485258565121,0.01803680063899063,0.023946721520539314,1781967074.2247515,None,None,None, None, 1781967074.2679312,1.0812290530889277,apf_colreg,static_obstacle,-1.0,0.4007999438167598,0.0,15.839447669642386,0.28131854473711915,3.7027291075728046,1.136254517690121,0.3718527750294982
1781967074.3719075,23.761600494384766,-192.2544103843856,200.0,0.2,6.275073899005714,3.91113293414349,1.5257420623895896,0.03370481841747692,0.028669232737557164,1781967074.3648653,None,None,None, None, 1781967074.3603492,0.9259651634569697,apf_colreg,crossing_from_starboard,-1.0,0.40322747339422244,0.0,15.857368656791799,0.2263464278111238,3.7684883629414014,1.1340424285227753,0.37147136260908165
1781967074.471766,23.861459016799927,-194.21521764052937,200.0,0.2,6.27885383129015,3.9797847478914106,1.5252800067196226,0.022873658760344695,0.030426123072381517,1781967074.4416738,None,None,None, None, 1781967074.4406757,0.9003166240055125,apf_colreg,crossing_from_starboard,-1.0,0.4055538746663549,0.0,15.897627973415918,0.17692779099136668,3.828385726461296,1.1334963279941639,0.3709925744381983
1781967074.5721188,23.961811780929565,-196.51913897142398,200.0,0.2,6.282856044177392,4.0486906761458945,1.5250800207759774,0.02442575001153831,0.03229660740624383,1781967074.5182521,None,None,None, None, 1781967074.512729,1.08473459712326,apf_colreg,crossing_from_starboard,-1.0,0.40816473788763724,0.0,15.928949487692314,0.1169769890958996,3.892141346444716,1.1326059466079939,0.3706112702092166
1781967074.6721728,24.06186580657959,-198.8865385009742,200.0,0.2,0.004044001842577863,4.11788577180896,1.5251686522959496,0.026286772458109238,0.0360791025811191,1781967074.6621456,None,None,None, None, 1781967074.6621456,1.0918789081317928,apf_colreg,crossing_from_starboard,-1.0,0.4112403700136147,0.0,15.935110911982694,0.05328065644727964,3.9548428808290836,1.1316913955816534,0.37025263835273203
1781967074.772595,24.162287950515747,-200.0,199.5518777923513,0.2,0.009139938285711004,4.187381750484078,1.5255801938809554,0.03059975850978121,0.03794056240467282,1781967074.722978,None,None,None, None, 1781967074.7314074,0.9911220918123426,apf_colreg,crossing_from_starboard,-1.0,0.4135970260936058,0.0,15.93723149313605,-0.03502892739679364,4.0244572452375165,1.1294943325085365,0.3699377335495275
1781967074.8721905,24.26188349723816,-200.0,196.48139473580366,0.2,0.013764600445344735,4.256989283234811,1.5263736512206698,0.02353302333034759,0.041132826346678746,1781967074.8586285,None,None,None, None, 1781967074.8586285,0.9980718487290785,apf_colreg,crossing_from_starboard,-1.0,0.4155921179586969,0.0,15.943858935938838,-0.11808846405325735,4.093407594850111,1.1288998256020826,0.36975265437098626
1781967074.9719331,24.361626148223877,-200.0,173.92214411903842,0.2,0.02156223969063672,3.7888395721936305,1.532652685691943,0.027203233243981346,0.04317642975884899,1781967074.933752,3.78317640186435,1.532707122910939,0.02661838164165964, 1781967074.87219, 1781967074.9347908,1.05346223843926,apf_colreg,overtaking,-1.0,0.40627091235380347,0.3710047899128217,16.07860822324083,-0.6583111365811734,4.152412113047693,1.129362408715096,0.3696813929356933
1781967075.0759494,24.46564245223999,-200.0,172.7353584972497,0.2,0.02563849683443212,3.82710503489144,1.5336065061945474,0.004522504205780157,0.043765007085572086,1781967075.0638962,None,None,None, None, 1781967075.0145185,0.9358881677265323,apf_colreg,crossing_from_starboard,-1.0,0.4050956922581784,0.18646504716950366,15.943576549117674,-0.6780919492762569,3.6506753042959343,1.1345627325153165,0.3702378948676834
1781967075.172361,24.5620539188385,-200.0,175.85500330746405,0.2,0.02781958486604011,3.8835582477906447,1.5352257965663156,-0.008305020290233618,0.043015029401505846,1781967075.1542003,None,None,None, None, 1781967075.1456988,0.9366010446709017,apf_colreg,crossing_from_starboard,-1.0,0.4056027122992373,0.04157594990154856,15.878636177019906,-0.6085754867854716,3.700139693679938,1.1330932925644825,0.37112593207440486
1781967075.2720704,24.661763429641724,-200.0,182.55700464203335,0.2,0.02732454454032645,3.9477938110854254,1.537156544670502,-0.024322914019967258,0.04132463981070595,1781967075.2236981,None,None,None, None, 1781967075.2136698,1.0969769023326597,apf_colreg,crossing_from_starboard,-1.0,0.4268181559229167,0.0,15.955980333577989,-0.4615851360558709,3.700139693679938,1.1330932925644825,0.37112593207440486
1781967075.3719404,24.76163339614868,-200.0,183.4108943971193,0.2,0.025118414957799932,4.014665451159327,1.5390440298447814,-0.027553720116826205,0.037668827037579934,1781967075.3563776,None,None,None, None, 1781967075.3395338,0.930024594547546,apf_colreg,crossing_from_starboard,-1.0,0.430984384661519,0.0,15.951882833195276,-0.44173866345066504,3.7977606917903097,1.1341732849172363,0.37261750612433037
1781967075.4718606,24.86155366897583,-200.0,185.93341763725064,0.2,0.021394602572175493,4.082116563807709,1.5407386512951722,-0.03329576040023384,0.03549778962104094,1781967075.4215822,None,None,None, None, 1781967075.4643385,0.9715667806947711,apf_colreg,static_obstacle,-1.0,0.4365467656095666,0.0,15.935666504258982,-0.3821638618670429,3.8531807644589975,1.1355767830274452,0.3744936835752096
1781967075.5718348,24.961527824401855,-200.0,188.52107164503576,0.2,0.01681140606006965,4.149935327090891,1.542136963755361,-0.03473395797476644,0.03140947507760952,1781967075.539286,None,None,None, None, 1781967075.5301638,0.9923113218284694,apf_colreg,static_obstacle,-1.0,0.4416953174607134,0.0,15.94229888105839,-0.3201558003152085,3.9138341938417835,1.1358597643120418,0.37791971459156687
1781967075.6722963,25.061989307403564,-200.0,191.0340496141602,0.2,0.011763472685371913,4.218093193155858,1.5431899576711103,-0.03420177710728169,0.029130410688025157,1781967075.673816,None,None,None, None, 1781967075.651503,0.9633492075474203,apf_colreg,static_obstacle,-1.0,0.44660617254338275,0.0,15.967696181217072,-0.25863634290186877,3.9779610326808634,1.1351098776054365,0.3799519178806765
1781967075.7724068,25.162099838256836,-200.0,193.70783896205302,0.2,0.006888086975533737,4.286577048944681,1.543875599537067,-0.02963523226110395,0.025132127571888187,1781967075.7408383,None,None,None, None, 1781967075.7337902,0.902556201519028,apf_colreg,static_obstacle,-1.0,0.45084163535023963,0.0,15.983675157039796,-0.1909968380998146,4.0398345025197555,1.1346986978233249,0.38307641026097033
1781967075.8725324,25.26222538948059,-200.0,196.8080231829021,0.2,0.0019167135224364676,4.355401747020652,1.544220245074463,-0.029480179907225023,0.021382898615987113,1781967075.8680162,None,None,None, None, 1781967075.8680162,1.042499596825941,apf_colreg,static_obstacle,-1.0,0.45652031226781786,0.0,15.990987227941295,-0.10972592141498705,4.098204437181041,1.1341065378368935,0.386940293667271
1781967075.9720016,25.36169457435608,-200.0,191.18801868331653,0.2,6.283694708934306,3.9742369964781776,1.5370890891638997,-0.021408294075632123,0.02002720461656637,1781967075.931342,3.9684358394027934,1.5369973696524273,0.005836551956914349, 1781967075.876063, 1781967075.931342,0.9118069168113122,apf_colreg,crossing_from_starboard,-1.0,0.4038420684569904,0.10145122709636539,15.904644101047706,-0.2537769957580158,4.160420047035985,1.134089491911695,0.3904616783033301
1781967076.0718596,25.461552619934082,-197.28764234351667,200.0,0.2,6.278692715830323,4.018880624622512,1.5370403649373756,-0.03576030064967757,0.016782563423214006,1781967076.022075,None,None,None, None, 1781967076.022075,1.0446913387275845,apf_colreg,static_obstacle,-1.0,0.46595962287562925,0.0,16.001992904428466,0.09693822660444518,3.761568579392328,1.1246483166498866,0.3953162198384294
1781967076.1723185,25.56201148033142,-192.9179445273904,200.0,0.2,6.272407113375228,4.081039425421319,1.536611265758923,-0.038631535871150216,0.013740306394542646,1781967076.1748316,None,None,None, None, 1781967076.1748316,1.0366237558505529,apf_colreg,static_obstacle,-1.0,0.47174713945069807,0.0,16.006234252697055,0.21155988178669105,3.803011316432287,1.1238266320427996,0.39889873882039845
1781967076.271734,25.66142702102661,-187.27269755737095,200.0,0.2,6.267529458965744,4.148589690245375,1.5356713901004806,-0.018259642063026195,0.011126332485955813,1781967076.2439814,None,None,None, None, 1781967076.2439814,1.0001904585126793,apf_colreg,static_obstacle,-1.0,0.47639748778886404,0.0,15.935832246024264,0.3502007772436446,3.8612125055562307,1.1241315731317263,0.40145743207443413
1781967076.3745182,25.764211177825928,-183.42764519139908,200.0,0.2,6.2637832705989265,4.21656672029953,1.5344086299608612,-0.010089422117315748,0.00987009803547436,1781967076.3684914,None,None,None, None, 1781967076.3785293,1.0628030710449767,apf_colreg,static_obstacle,-1.0,0.4841716444309773,0.0,15.932532753688498,0.4408147735192145,3.9187396936464705,1.122098866427765,0.40795292534015554
1781967076.47315,25.86284303665161,-181.2387672824588,200.0,0.2,6.261096191231313,4.284198766467338,1.532918908765586,-0.0032467048992176313,0.009624657504071694,1781967076.4440882,None,None,None, None, 1781967076.462625,0.968891097140613,apf_colreg,static_obstacle,-1.0,0.4890013232807935,0.0,15.971006418741055,0.49222025579675943,3.978844618174634,1.120817715523189,0.4122907199596115
1781967076.5719092,25.961602210998535,-179.64798522794692,200.0,0.2,6.259446165228054,4.351544545302424,1.5312781109199936,0.0030359473428751083,0.0098745577936502,1781967076.526402,None,None,None, None, 1781967076.5789444,1.0198655463806865,apf_colreg,static_obstacle,-1.0,0.49290504594236306,0.0,15.998601348643891,0.5291208431957095,4.041924105745718,1.1198876771402382,0.41560036985878684
1781967076.6716979,26.06139087677002,-179.85929633893358,200.0,0.2,6.25999596815592,4.41867744849309,1.5295572570163358,0.019452898969891864,0.012681518044685893,1781967076.6706972,None,None,None, None, 1781967076.6487803,0.9067694331373863,apf_colreg,static_obstacle,-1.0,0.5002367141032679,0.0,16.04272246520116,0.5258063381066362,4.095626011255746,1.1190068907355921,0.4202562897488806
1781967076.7719877,26.161680698394775,-180.77979674811115,200.0,0.2,6.26222459158605,4.485800910424745,1.5279324229541231,0.027453584925002782,0.015203144073407797,1781967076.7625477,None,None,None, None, 1781967076.7169461,0.9743353548867286,apf_colreg,static_obstacle,-1.0,0.5038349773122901,0.0,16.057807179288474,0.5053857514507989,4.1576332605325215,1.1169075210448813,0.4264852541406624
1781967076.87204,26.261733055114746,-182.2400003899216,200.0,0.2,6.265726552371152,4.553023196396338,1.5265106555216619,0.03231036531521912,0.017541724224408677,1781967076.8349264,None,None,None, None, 1781967076.8630178,0.932195392837234,apf_colreg,static_obstacle,-1.0,0.5116030872646014,0.0,16.070127709548558,0.4722270501121022,4.21087457904029,1.1167522585186536,0.43260087619406107
1781967076.973702,26.36339497566223,-192.879117140217,200.0,0.2,6.274501929133766,4.1576212239898265,1.5370816464536161,0.03019812069891177,0.02164135117301485,1781967076.970684,4.151510125017907,1.537236320868248,0.000701559146830455, 1781967076.877827, 1781967076.946851,0.979015666480437,apf_colreg,static_obstacle,-1.0,0.438686449808739,2.271804304674387,16.05179210227624,0.2131578325937351,4.276815245256974,1.1151202553087416,0.43523620096057997
1781967077.0714514,26.46114444732666,-198.18497615821016,200.0,0.2,6.277356927714141,4.199715356051277,1.5367679628820348,0.01660915333103231,0.022981387774574487,1781967077.0513647,None,None,None, None, 1781967077.0262423,0.938323267264394,apf_colreg,static_obstacle,-1.0,0.5142550566158847,0.0,16.17753588102446,0.07346577158381074,3.881255303265778,1.1243921944891193,0.44036104580463514
1781967077.1721234,26.561816453933716,-197.6852748180158,200.0,0.2,6.281295845377922,4.2608009874819395,1.5364886050193363,0.026711590360882068,0.025838168081703725,1781967077.1583138,None,None,None, None, 1781967077.1297472,1.0431730349446722,apf_colreg,static_obstacle,-1.0,0.5212746655453148,0.0,16.090487346576523,0.08669358041085573,3.881255303265778,1.1243921944891193,0.44036104580463514
1781967077.2757604,26.66545343399048,-199.92299279447116,200.0,0.2,0.00250319442585823,4.328630643221211,1.5364728241874133,0.026711590360882068,0.031180486153880138,1781967077.2817974,None,None,None, None, 1781967077.2295504,1.0805867220960954,apf_colreg,static_obstacle,-1.0,0.5246877647967976,0.0,16.08349211063403,0.025003696160542432,3.9414043715886997,1.1232694074473264,0.44784554795802023
1781967077.3726304,26.7623233795166,-200.0,199.1715886540962,0.2,0.007031537219829679,4.398041735607136,1.5367827521330746,0.025139850897030084,0.034284846900120035,1781967077.3811548,None,None,None, None, 1781967077.3024912,1.0115757827214544,apf_colreg,static_obstacle,-1.0,0.5246877647967976,0.0,16.07270089715759,-0.045870795467016556,3.9414043715886997,1.1232694074473264,0.44784554795802023
1781967077.4724905,26.862183570861816,-200.0,195.2911296957729,0.2,0.013936547761134567,4.467597766358416,1.5374177627913568,0.04532572580720309,0.038788291653830013,1781967077.4838066,None,None,None, None, 1781967077.3986993,1.0093125447956426,apf_colreg,static_obstacle,-1.0,0.5419129358560724,0.0,16.077969280685664,-0.15071479732477489,4.057742305193045,1.1223171136213146,0.4598931608930835
1781967077.571982,26.96167492866516,-200.0,191.5160020742713,0.2,0.018410621038361687,4.536737002573503,1.5385988483857194,0.015282896350722563,0.041405522050668775,1781967077.552407,None,None,None, None, 1781967077.5915735,1.047171636248246,apf_colreg,static_obstacle,-1.0,0.5471002015796724,0.0,16.091343194719748,-0.24846309405319467,4.124622646694658,1.1201538665618052,0.4685546702415932
1781967077.6747262,27.064419269561768,-200.0,188.15185418262598,0.2,0.022170507656932074,4.605403977195784,1.5400442617650718,0.012963967018955438,0.04246025627151124,1781967077.633766,None,None,None, None, 1781967077.6687155,1.056068083063899,apf_colreg,static_obstacle,-1.0,0.5471002015796724,0.0,16.092228206104945,-0.332217932406075,4.124622646694658,1.1201538665618052,0.4685546702415932
1781967077.771872,27.16156506538391,-200.0,184.64846708548902,0.2,0.02535225757244857,4.67363709566553,1.5417213583500473,0.009677535030313126,0.04327792102389385,1781967077.779396,None,None,None, None, 1781967077.746815,1.0985990304222202,apf_colreg,static_obstacle,-1.0,0.5634372558896877,0.0,16.119126074034344,-0.41720278613963035,4.244948130446742,1.1203407545382396,0.48373458477279546
1781967077.8750987,27.26479172706604,-200.0,182.29833982575332,0.2,0.02714987521888712,4.741428877877641,1.5435952767245524,-0.0015860418836060634,0.04307392181370688,1781967077.8468785,None,None,None, None, 1781967077.818203,0.9123869420968451,apf_colreg,static_obstacle,-1.0,0.5758608630819616,0.0,16.129640052436358,-0.4726216277674533,4.299217546545673,1.1208725501429846,0.49135323721705065
1781967077.9724045,27.36209750175476,-200.0,186.51079104141004,0.2,0.026425954164098955,4.343720217872693,1.5391173006690848,-0.010586744377098115,0.0422356280334331,1781967077.9260619,4.337576483069679,1.5390323061917301,0.024266687161289546, 1781967077.883832, 1781967077.9583511,1.029061955868399,apf_colreg,static_obstacle,-1.0,0.4382133379216152,2.8097862162140954,16.113287403416983,-0.37253977294875984,4.362894821910213,1.1206255635794764,0.49782538451719
1781967078.0722404,27.461933374404907,-200.0,184.53187257459726,0.2,0.025737486396451126,4.384977175945998,1.5402528380399794,-0.020517536351550007,0.039513925108953345,1781967078.0587144,None,None,None, None, 1781967078.0266228,1.0508901899345329,apf_colreg,static_obstacle,-1.0,0.5903521409612696,0.0,16.15681596785217,-0.42094680056818845,3.9374393919053383,1.1151951591851827,0.5061967117479809
1781967078.1717868,27.561479806900024,-200.0,184.82850256734747,0.2,0.024606842792181574,4.444168546039272,1.541798326406024,-0.014803176303327344,0.03838261594733858,1781967078.1351378,None,None,None, None, 1781967078.1581812,0.9180957486956064,apf_colreg,static_obstacle,-1.0,0.5970325725457561,0.0,16.152999590309207,-0.4137997604085646,3.9809571591764796,1.1151006524845348,0.5127206973651415
1781967078.27281,27.662503004074097,-200.0,187.91580778430443,0.2,0.022357204328368182,4.51011482609878,1.5434345231279565,-0.02289623523339194,0.03681465958411666,1781967078.27281,None,None,None, None, 1781967078.2296445,1.0153528222404622,apf_colreg,static_obstacle,-1.0,0.6049063243033049,0.0,16.09922718662492,-0.33813416906152494,4.039816056726105,1.1147258349949436,0.5198892824626009
1781967078.3724036,27.762096643447876,-200.0,193.01971030541912,0.2,0.01427071727695307,4.577887536433639,1.5449270320613948,-0.07104286558178392,0.031722403707041776,1781967078.3444886,None,None,None, None, 1781967078.3152697,1.023644206128634,apf_colreg,static_obstacle,-1.0,0.615013337948831,0.0,16.09690095270257,-0.21013893398789207,4.095013361844692,1.1163758385824258,0.5271113397981129
1781967078.4721,27.861793041229248,-200.0,196.37940274580927,0.2,0.008064919922715135,4.646526793621321,1.545715981992112,-0.03362620734641823,0.029122045225868712,1781967078.42182,None,None,None, None, 1781967078.4595604,0.90756830977461,apf_colreg,static_obstacle,-1.0,0.6247616505352381,0.0,16.106689314331994,-0.1220273926183566,4.1513058287152615,1.1190542071942626,0.5355986026540169
1781967078.5726047,27.962297677993774,-200.0,199.27977334463418,0.2,0.0020256523874234373,4.715665998686971,1.546087217047294,-0.03272705233825446,0.024335128303990754,1781967078.5680878,None,None,None, None, 1781967078.5505302,0.9324992399107698,apf_colreg,static_obstacle,-1.0,0.633422188943839,0.0,16.1258652502306,-0.0430182638940666,4.21098923859377,1.1200229182623715,0.5429159785477254
1781967078.6723185,28.06201148033142,-198.97075740222164,200.0,0.2,6.279632246747733,4.7851974512974875,1.5460380290098978,-0.028328020802040343,0.022121447856860946,1781967078.6462324,None,None,None, None, 1781967078.634739,0.9748272697245542,apf_colreg,static_obstacle,-1.0,0.633422188943839,0.0,16.125301435641077,0.051586761137330406,4.21098923859377,1.1200229182623715,0.5429159785477254
1781967078.7724364,28.162129402160645,-196.67217090905538,200.0,0.2,6.274400274000458,4.854747071933088,1.5456068801827278,-0.025929604019884405,0.0198807644948073,1781967078.7326465,None,None,None, None, 1781967078.7326465,1.0484510526239363,apf_colreg,static_obstacle,-1.0,0.6450772173898655,0.0,16.15616412497391,0.11452429032108036,4.30036570487893,1.122541228088502,0.5514728614784062
1781967078.872233,28.26192593574524,-194.48845320895953,200.0,0.2,6.270070370364531,4.9240422679455556,1.5448182336648912,-0.018360854935720327,0.018588606826369078,1781967078.8030221,None,None,None, None, 1781967078.8677154,0.9157760459606581,apf_colreg,static_obstacle,-1.0,0.6538165465402217,0.0,16.179044704322497,0.17288105325715364,4.360550513766984,1.1223735879261298,0.5593894864392307
1781967078.97193,28.36162304878235,-194.75877139975546,200.0,0.2,6.27167244568153,4.528927599834153,1.5420707829052152,-0.013645797041563922,0.01668864376691989,1781967078.9422565,4.522797748031649,1.542048594515192,6.281630902839456, 1781967078.890902, 1781967078.9339752,0.9448575901860987,apf_colreg,static_obstacle,-1.0,0.38742796370246213,6.854001349351442,16.20024187740105,0.16597418079405468,4.420284717738571,1.122190132123287,0.5660204501617848
1781967079.0738254,28.463518381118774,-191.39268724533767,200.0,0.2,6.268374736297523,4.572439989958327,1.541483196181236,-0.01242815823324265,0.01579458941235759,1781967079.0141943,None,None,None, None, 1781967079.0681424,1.0937219368149218,apf_colreg,static_obstacle,-1.0,0.6697423651190116,0.0,16.1770736822511,0.2529248124450092,4.0132685910231904,1.1164356843650272,0.5744383084738922
1781967079.1718304,28.5615234375,-188.93862240216652,200.0,0.2,6.265901407811001,4.633438440028856,1.5404631455993112,-0.005753052893700172,0.01506052892860932,1781967079.1417892,None,None,None, None, 1781967079.1317465,0.9642702775667148,apf_colreg,static_obstacle,-1.0,0.6787556033330182,0.0,16.176036036484707,0.31451980984038297,4.046875414873725,1.1183202205706608,0.5808244083712997
1781967079.2927155,28.682408571243286,-185.05466726544157,200.0,0.2,6.264164300648306,4.70028442969529,1.5391943882642316,-0.0014231780215344168,0.014963938994183471,1781967079.2968936,None,None,None, None, 1781967079.2564812,1.0098081747376642,apf_colreg,static_obstacle,-1.0,0.6859353852530956,0.0,16.138882934152267,0.40805635986972444,4.1042665343600655,1.1171729708946145,0.5888559142124996
1781967079.3723664,28.762059450149536,-183.20343983742953,200.0,0.2,6.263121067891608,4.767909830573676,1.5378027377525996,0.0033206417923278848,0.015253615885995948,1781967079.3798985,None,None,None, None, 1781967079.347652,0.9805178625677742,apf_colreg,static_obstacle,-1.0,0.6915685353437063,0.0,16.134818162102555,0.45166648471164095,4.158331926246895,1.116361763378132,0.5950563875820356
1781967079.4721513,28.861844301223755,-183.56964570584316,200.0,0.2,6.264176329946347,4.835465951474212,1.5363551747191941,0.020322652101641095,0.018279029546419443,1781967079.4457626,None,None,None, None, 1781967079.4249537,0.9995053485075265,apf_colreg,static_obstacle,-1.0,0.7053858951862192,0.0,16.15088856693005,0.4435190925034389,4.215535916976437,1.1162989675329538,0.6011403911752269
1781967079.5716343,28.96132731437683,-185.6262520236716,200.0,0.2,6.266710057566393,4.903052516193828,1.5350328597009124,0.026883088999505846,0.02162245632518422,1781967079.5701318,None,None,None, None, 1781967079.5626073,0.9247758483225684,apf_colreg,static_obstacle,-1.0,0.7125026166672491,0.0,16.17636359474789,0.3953202175605526,4.2762831913092025,1.1159219375757048,0.609237286966463
1781967079.6723502,29.06204319000244,-188.28492363686215,200.0,0.2,6.270078659641483,4.9708650144107525,1.5339305956910607,0.028129864376694562,0.02365221360172247,1781967079.6422884,None,None,None, None, 1781967079.634742,1.0190110530260243,apf_colreg,static_obstacle,-1.0,0.7282611337424129,0.0,16.202522219422125,0.3312142616057585,4.324982670062135,1.116599594784245,0.6150836111299794
1781967079.7718134,29.161506414413452,-192.1249176969145,200.0,0.2,6.275227489460745,5.0389995319088055,1.5330913387966447,0.0394300830422241,0.0268597415213944,1781967079.7236357,None,None,None, None, 1781967079.7161264,0.9263454955925784,apf_colreg,static_obstacle,-1.0,0.7310373170122189,0.0,16.22063975627707,0.23486191639273724,4.393516372905129,1.1141585880716098,0.6219746823098502
1781967079.8726141,29.262307167053223,-195.59051991261546,200.0,0.2,6.280949544630567,5.107600219933642,1.532662138098285,0.03746902501668114,0.03165372284796891,1781967079.8515809,None,None,None, None, 1781967079.847581,0.9581427601663319,apf_colreg,static_obstacle,-1.0,0.7467748848641146,0.0,16.229548905474942,0.14414591386002318,4.445513719528739,1.1137813905899776,0.6294699478248845
1781967079.9718702,29.361563205718994,-200.0,198.0062783386486,0.2,0.005094748336937235,4.714033491671949,1.541860077602786,0.023414489547318562,0.03362555001724761,1781967079.9357948,4.707923682547064,1.5419815462083246,0.010343051707224937, 1781967079.898669, 1781967079.9282827,0.9561378603350262,apf_colreg,static_obstacle,-1.0,0.45519686227811657,5.856129425873468,16.220915264713128,-0.07858377595439592,4.514944541310769,1.1107374321685919,0.6354647886541621
1781967080.07203,29.46172308921814,-200.0,193.12643252673695,0.2,0.01037458404331462,4.7580616555877775,1.542183045201634,0.03114811339649355,0.03782216074851204,1781967080.0705256,None,None,None, None, 1781967080.0564868,0.9485113600433405,apf_colreg,static_obstacle,-1.0,0.7672485109288742,0.0,16.247739557104147,-0.2093322578314334,4.080067459153038,1.1196967852807425,0.6433575670651104
1781967080.182427,29.57211995124817,-200.0,190.07769448696928,0.2,0.014867024314451287,4.819485399939211,1.5429881663784695,0.017691281850343223,0.039021659979822515,1781967080.1383274,None,None,None, None, 1781967080.1283002,0.9633104524406554,apf_colreg,static_obstacle,-1.0,0.7672485109288742,0.0,16.24129685548464,-0.2872710812571899,4.170062577554392,1.1166708259982103,0.6495064378527993
1781967080.273727,29.66341996192932,-200.0,186.85719691773633,0.2,0.019790417220953413,4.8865561034446365,1.54415785529034,0.02365684833916025,0.040717311177361715,1781967080.2100043,None,None,None, None, 1781967080.2029788,1.022999398566965,apf_colreg,static_obstacle,-1.0,0.771357649963944,0.0,16.229414567505295,-0.36679761528625043,4.23667442483891,1.1148459643783406,0.6563783078604656
1781967080.3787787,29.768471717834473,-200.0,184.05760223684638,0.2,0.023548436992626983,4.954406381580726,1.5456944549243268,0.010746531330934275,0.04163355183219648,1781967080.2952635,None,None,None, None, 1781967080.2962635,0.9374873380541222,apf_colreg,static_obstacle,-1.0,0.7766960054049071,0.0,16.219227231842847,-0.4338470823602023,4.23667442483891,1.1148459643783406,0.6563783078604656
1781967080.477931,29.867624044418335,-200.0,181.3011554074498,0.2,0.025964159876530557,5.022079748343011,1.5474636359030676,0.0010735825235463348,0.04175981252136742,1781967080.4128704,None,None,None, None, 1781967080.4894526,1.065651383499523,apf_colreg,static_obstacle,-1.0,0.7766960054049071,0.0,16.217790464278778,-0.4983826282901669,4.23667442483891,1.1148459643783406,0.6563783078604656
1781967080.5737793,29.963472366333008,-200.0,178.8036959693481,0.2,0.026731910681142012,5.089433203073534,1.5493585292903749,-0.010047283368575603,0.04069883018296055,1781967080.5184693,None,None,None, None, 1781967080.4894526,1.065651383499523,apf_colreg,static_obstacle,-1.0,0.7912969934274103,0.0,16.23247510634226,-0.5560692505973073,4.362390025348728,1.1132341989296433,0.6708737623734353
1781967080.6760685,30.06576156616211,-200.0,177.65663438576917,0.2,0.026635803826032454,5.156476147045979,1.551257108643572,-0.013042691840644606,0.03952202556885209,1781967080.7013035,None,None,None, None, 1781967080.6680248,1.072862075554984,apf_colreg,static_obstacle,-1.0,0.7912969934274103,0.0,16.233274006871667,-0.5819868542225626,4.362390025348728,1.1132341989296433,0.6708737623734353
1781967080.7818618,30.171554803848267,-200.0,177.113483871103,0.2,0.024580065354881338,5.223350817012352,1.5531184971162268,-0.02729307821692674,0.036994494892207026,1781967080.7818618,None,None,None, None, 1781967080.7479663,0.9265639455551716,apf_colreg,static_obstacle,-1.0,0.8100019319476472,0.0,16.249026179118577,-0.5947383400131896,4.484811945478506,1.1109018874027308,0.6911107469777287
1781967080.871773,30.261466026306152,-200.0,178.30085332456727,0.2,0.02125638256217921,5.290146353101948,1.5547892215687398,-0.03257738015439579,0.03434385612278302,1781967080.8632262,None,None,None, None, 1781967080.8510025,0.9594821586350706,apf_colreg,static_obstacle,-1.0,0.8215649627937655,0.0,16.256253842671946,-0.5682796671628054,4.536360059378019,1.1127313610341734,0.6928961373306673
1781967080.9719975,30.361690521240234,-200.0,190.75321390095175,0.2,0.01341041561190763,4.895379092213092,1.544592953883814,-0.0484463637313401,0.030384224691503668,1781967080.9449584,4.889281670549006,1.544439714944762,0.009292686379071215, 1781967080.904, 1781967080.932398,1.0341374653125923,apf_colreg,static_obstacle,-1.0,0.44728940214381036,5.0792089562867035,16.251899701358344,-0.2703767514879525,4.5921134016517415,1.1146739247541115,0.7014075751193606
1781967081.0719893,30.461682319641113,-200.0,192.7420391463173,0.2,0.0070191720774910055,4.936947596988676,1.5450785258658684,-0.04938832834888562,0.026067981168243916,1781967081.0323524,None,None,None, None, 1781967081.0208368,1.0040317533986138,apf_colreg,static_obstacle,-1.0,0.8473387763669051,0.0,16.27775558599284,-0.2197201488090439,4.173809744829702,1.1048019492031715,0.7095288195693669
1781967081.171525,30.56121802330017,-200.0,196.63538053507366,0.2,0.0007355128099987866,4.997183956634822,1.545343018737265,-0.03645837276818276,0.023075056111685692,1781967081.114444,None,None,None, None, 1781967081.156579,0.9655302613533824,apf_colreg,static_obstacle,-1.0,0.8623839776777941,0.0,16.282015063371787,-0.11641560627551151,4.202097947779198,1.1077788074294308,0.7222563591387733
1781967081.2855332,30.67522621154785,-199.1902755914185,200.0,0.2,6.277384066887609,5.064687891609025,1.5452076315922856,-0.037321416993619176,0.01828348120410985,1781967081.2428308,None,None,None, None, 1781967081.2301004,0.9977345733962477,apf_colreg,static_obstacle,-1.0,0.8728478331689961,0.0,16.252966079739785,0.045862542447612675,4.256114740276885,1.1083201103241402,0.7264440094619711
1781967081.3716383,30.76133131980896,-200.0,130.44290581453788,0.2,6.271815690049726,5.133962137263172,1.54459752474812,-0.026012258342321747,0.015010924790087487,1781967081.368639,None,None,None, None, 1781967081.3601174,0.9779270116037924,track,none,0.0,nan,nan,16.252966079739785,0.045862542447612675,4.30343567788236,1.11005796641731,0.7386199054821003
1781967081.472692,30.862385034561157,-200.0,132.44169670137185,0.2,6.267435200719236,5.196708657408083,1.543875436851124,-0.03826094452367722,0.011935547976426533,1781967081.449018,None,None,None, None, 1781967081.442129,1.0948045053607973,track,none,0.0,nan,nan,16.252966079739785,0.045862542447612675,4.363747965680241,1.1124657106082576,0.7492353602164894
1781967081.5959206,30.985613584518433,-200.0,135.06299238224625,0.2,6.26161907502628,5.258461267001545,1.5429540591411381,-0.05827833352398079,0.007553234896561687,1781967081.5242143,None,None,None, None, 1781967081.5157084,1.0212546800726772,track,none,0.0,nan,nan,16.252966079739785,0.045862542447612675,4.430611536185376,1.1082425309040858,0.7567095220426655
1781967081.6738327,31.063525676727295,-200.0,137.95086120733393,0.2,6.255242902306987,5.320212938248697,1.5416500218750855,-0.059978118459141555,0.0022606997291267847,1781967081.675843,None,None,None, None, 1781967081.6748471,1.065925099708182,track,none,0.0,nan,nan,16.252966079739785,0.045862542447612675,4.466867892629923,1.104463963040874,0.7654429488100917
1781967081.772469,31.16216206550598,-200.0,-200.0,0.2,6.247391051724477,5.38221101735226,1.5399171954397268,-0.06848868605941925,6.276666553765738,1781967081.7406437,None,None,None, None, 1781967081.7406437,0.9385630474967003,apf_colreg,static_obstacle,1.0,0.9242283990605455,0.0,16.224398591170605,-12.420606938447257,4.53662695837518,1.101238068241764,0.7729531701006458
1781967081.8720348,31.261727809906006,-200.0,-200.0,0.2,6.235410973124852,5.427811085992342,1.5385386052529233,-0.14821986836053866,6.2645614656588275,1781967081.8223135,None,None,None, None, 1781967081.8213062,0.9863810980715059,apf_colreg,static_obstacle,1.0,0.9294526969777566,0.0,16.367615457832716,-12.201485204780479,4.597230586921874,1.093407388993848,0.7772322736287112
1781967081.9717405,31.361433506011963,-200.0,-200.0,0.2,6.223888119771155,5.071823930595369,1.544100955697002,-0.1634704837754988,6.241690702848903,1781967081.9622211,5.066591921695532,1.5441969814814536,6.228648996705259, 1781967081.911982, 1781967081.9622211,0.9670102008383895,apf_colreg,static_obstacle,1.0,0.4677119438686468,5.272323846673391,16.518472181933824,-12.089124219100631,4.260295922154331,1.0995457040192569,0.7809241305894316
1781967082.0719926,31.46168565750122,-200.0,-200.0,0.2,6.21724668636338,5.073947591627202,1.5439844573080739,-0.126142399597205,6.233797479719658,1781967082.024795,None,None,None, None, 1781967082.0237067,0.9154080718089289,apf_colreg,static_obstacle,1.0,0.5204032009901047,12.848009976276872,16.614337174298473,-12.001320672793806,4.260295922154331,1.0995457040192569,0.7809241305894316
1781967082.1726053,31.56229829788208,-200.0,-200.0,0.2,6.208762900350755,5.083569182678081,1.5434031543348667,-0.13896327868498723,6.223517062832918,1781967082.0987744,None,None,None, None, 1781967082.1777444,0.9632030113923454,apf_colreg,static_obstacle,1.0,0.9318258194508217,0.0,16.687883388158095,-11.813412645831654,4.259156762855287,1.092009353610227,0.7833433685876018
1781967082.2718558,31.661548852920532,-200.0,-200.0,0.2,6.200556152642227,5.100131789745052,1.5422623999733305,-0.1268733641086794,6.203429903427359,1781967082.257099,None,None,None, None, 1781967082.2455478,0.97599634083085,apf_colreg,static_obstacle,1.0,0.9306492604734985,0.0,16.78564457483054,-11.66097818625191,4.275937448494477,1.0820420720303756,0.7872792002119133
1781967082.386673,31.776365995407104,-200.0,-200.0,0.2,6.190776532823734,5.122493031835355,1.5405494466463,-0.14030646766706578,6.194090431699184,1781967082.3236637,None,None,None, None, 1781967082.3911822,0.9182487379864481,apf_colreg,static_obstacle,1.0,0.9397496567521396,0.0,16.979027038081075,-11.596346822847412,4.287537580170102,1.073636237634903,0.7987984703045402
1781967082.471895,31.86158800125122,-200.0,-200.0,0.2,6.1732277255658365,5.149228867801918,1.5382309489331236,-0.20475880370199742,6.1656885776301005,1781967082.4623725,None,None,None, None, 1781967082.4558258,0.9799687461965704,apf_colreg,static_obstacle,1.0,0.9435265736938041,0.0,17.221474162186432,-11.31333649893341,4.30992505481007,1.0635900087583754,0.795347579863774
1781967082.5718844,31.96157741546631,-200.0,-200.0,0.2,6.162996508798686,5.1789486714795965,1.5350445874228305,-0.11572187995599394,6.156940703812092,1781967082.5379665,None,None,None, None, 1781967082.5254114,1.0454425899445212,apf_colreg,static_obstacle,1.0,0.9571010259994281,0.0,17.333280603110463,-11.105557114353871,4.324462996725198,1.061319142152408,0.8000255928492366
1781967082.6725323,32.062225341796875,-200.0,-200.0,0.2,6.1498767727646415,5.210602879628311,1.5313915027339848,-0.15707622750299013,6.136277464319111,1781967082.6695156,None,None,None, None, 1781967082.6539686,1.028783735719184,apf_colreg,static_obstacle,1.0,0.9469735023216418,0.0,17.466862152041585,-10.835957878892758,4.370354673577336,1.0527247755002527,0.8035749600782143
1781967082.772143,32.16183590888977,-200.0,-200.0,0.2,6.133844273398942,5.243405834124709,1.5271512068096147,-0.17809852902675927,6.123591899885709,1781967082.7407434,None,None,None, None, 1781967082.7261934,1.0368654133353234,apf_colreg,static_obstacle,1.0,0.957500374010899,0.0,17.611725948061018,-10.470725041589052,4.392466177526949,1.0455434868228894,0.808031187161039
1781967082.8722084,32.26190137863159,-200.0,-200.0,0.2,6.115409627676339,5.2768394328314825,1.5222444051656732,-0.1902308984248272,6.099535059358699,1781967082.8672047,None,None,None, None, 1781967082.8516123,0.9799842018791302,apf_colreg,static_obstacle,1.0,0.9655203020704265,0.0,17.763309484569035,-10.03923126303292,4.417091471605037,1.0415821903917226,0.812162997549164
1781967082.9725158,32.3622088432312,-200.0,-200.0,0.2,6.091022555610321,5.168819335062666,1.5371613335909453,-0.14844750424643655,6.0883094685898005,1781967082.9428246,5.166947146972528,1.5374326506372433,6.072325293549931, 1781967082.912203, 1781967082.9237561,0.9288359716887712,apf_colreg,static_obstacle,1.0,0.9593238232640284,0.0,17.992586248730685,-9.734720333334966,4.458191974064955,1.0381040197815599,0.8102246177221949
1781967083.0715053,32.46119832992554,-200.0,-200.0,0.2,6.080536722776397,5.191620229763283,1.5328097550842785,-0.15733477826487438,6.0761618458640845,1781967083.0200334,None,None,None, None, 1781967083.0633628,0.9930709067256933,apf_colreg,static_obstacle,1.0,0.9643007260481695,0.0,18.103948657429626,-9.51384289801834,4.338044880988502,1.0566792014915416,0.8149631876390127
1781967083.172232,32.56192493438721,-200.0,-200.0,0.2,6.059803907070479,5.218462407846345,1.5274020129320989,-0.24313829683234361,6.040372210227015,1781967083.167232,None,None,None, None, 1781967083.1302528,0.9372978490916183,apf_colreg,static_obstacle,1.0,0.9741329679829097,0.0,18.291947318284222,-9.085736186887011,4.35242133885933,1.0509352015508626,0.8189148987699862
1781967083.2718668,32.66155982017517,-200.0,-200.0,0.2,6.036677756349596,5.247938581789583,1.520721473146903,-0.22177588468089618,6.023951091896472,1781967083.2412758,None,None,None, None, 1781967083.258859,0.9048947814551942,apf_colreg,static_obstacle,1.0,0.9668808796870468,0.0,18.481242092265205,-8.578912488009616,4.389591943915641,1.0463871639757025,0.8184663311894272
1781967083.3718143,32.76150727272034,-200.0,-200.0,0.2,6.019071385059092,5.2790034176610074,1.5128910810912615,-0.15733148103491876,6.010904065962003,1781967083.3242028,None,None,None, None, 1781967083.3397493,1.0652835433837886,apf_colreg,static_obstacle,1.0,0.9713386613155587,0.0,18.60096089387155,-8.152793112720275,4.4110411436697925,1.047489900784822,0.822338770523734
1781967083.4721138,32.861806869506836,-200.0,-200.0,0.2,5.987534251170636,5.311018337620391,1.5042917850216337,-0.29695848115975254,5.968766417712015,1781967083.4661002,None,None,None, None, 1781967083.470609,1.0505496324964125,apf_colreg,static_obstacle,1.0,0.9803216559689316,0.0,18.815812676184212,-7.460950354477007,4.433344531624638,1.03900666249448,0.8216122225077598
1781967083.5715628,32.9612557888031,-200.0,-200.0,0.2,5.973935651765139,5.343304178658677,1.4943585910176482,-0.0990522692321063,5.96207515908903,1781967083.533653,None,None,None, None, 1781967083.533653,0.9078687934344536,apf_colreg,static_obstacle,1.0,0.9669579685185413,0.0,18.899332526250053,-7.099896384171591,4.474579991730719,1.0440882794071495,0.8214141706125919
1781967083.6937318,33.08342480659485,-200.0,-200.0,0.2,5.962555342964622,5.375885582900117,1.484048644005318,-0.12230177197169873,5.952715261166978,1781967083.6947386,None,None,None, None, 1781967083.7007377,1.0671012336302717,apf_colreg,static_obstacle,1.0,0.9669579685185413,0.0,18.950100843264888,-6.772530535408925,4.510176339989698,1.0297760886290763,0.8249702308808292
1781967083.7736938,33.163386821746826,-200.0,-200.0,0.2,5.949984541122679,5.408592956072824,1.4733619248745513,-0.14806841998586626,5.929023595215179,1781967083.770189,None,None,None, None, 1781967083.774699,0.9825180882529814,apf_colreg,static_obstacle,1.0,0.9755652587490703,0.0,19.0059940449092,-6.4225613020314,4.510176339989698,1.0297760886290763,0.8249702308808292
1781967083.871673,33.26136612892151,-200.0,-200.0,0.2,5.934018196070399,5.4412928543993715,1.4622224796057721,-0.17804726317502725,5.918308380433918,1781967083.830371,None,None,None, None, 1781967083.8378813,0.9168028328395237,apf_colreg,static_obstacle,1.0,0.962261655912428,0.0,19.08240590217747,-6.0015959163202295,4.565349294542098,1.0123279853488916,0.8249327397555504
1781967083.9719012,33.36159420013428,-200.0,-200.0,0.2,5.9193819490979145,5.261937190707356,1.516924108086319,-0.12709446312803896,5.90169833201339,1781967083.9610615,5.25913822387693,1.517801394355445,5.912843924139688, 1781967083.916756, 1781967083.973911,1.0747372783063238,apf_colreg,static_obstacle,1.0,0.9719296084793213,0.0,19.343399565441697,-6.326171384107147,4.589005165661355,1.000940236464091,0.8292760862264082
1781967084.0728657,33.46255874633789,-200.0,-200.0,0.2,5.908648995076688,5.276899167478548,1.511314450784842,-0.17807545282618406,5.887875430816852,1781967084.0386853,None,None,None, None, 1781967084.0517762,1.0160234855330392,apf_colreg,static_obstacle,1.0,0.9748285410785482,0.0,19.402633432425965,-6.066294061382694,4.403387518835781,1.0571435625873882,0.8286260091987704
1781967084.1721005,33.56179356575012,-200.0,-193.3310532764251,0.2,5.899671771739761,5.297327043299509,1.5033742938050296,-0.12638555084297298,5.877566805588974,1781967084.1202502,None,None,None, None, 1781967084.1381276,0.9465959394918242,apf_colreg,static_obstacle,1.0,0.9774841363576828,0.0,19.43442194532152,-5.808647125771053,4.417400019872334,1.0491645467722452,0.8278097458909572
1781967084.2739542,33.663647174835205,-200.0,-160.0116695933539,0.2,5.88160483322523,5.322247084040112,1.4934662528402272,-0.2145058871140595,5.848590255112857,1781967084.2553353,None,None,None, None, 1781967084.2239087,0.9628163690646124,apf_colreg,static_obstacle,1.0,0.984550758007508,0.0,19.498946675499774,-5.349878368889237,4.434173758562003,1.0351795084383932,0.8316261785592641
1781967084.376236,33.765928983688354,-200.0,-129.4947508144614,0.2,5.870828621499718,5.351645668959653,1.4810362627696296,-0.11133908352029605,5.839356762387338,1781967084.3382666,None,None,None, None, 1781967084.3606853,0.9440342095454034,apf_colreg,static_obstacle,1.0,0.9759936222424567,0.0,19.515200946567138,-5.005316740526437,4.468448437448081,1.0271407685556295,0.8316557944809422
1781967084.4720602,33.86175322532654,-200.0,-72.83193516198308,0.2,5.852091660150756,5.385178874742339,1.466501780484216,-0.1951604137156375,5.825686473131242,1781967084.408313,None,None,None, None, 1781967084.43945,1.0940930151640924,apf_colreg,static_obstacle,1.0,0.9810910707980041,0.0,19.545849874375335,-4.482310179510511,4.49594827387202,1.0102909144795975,0.834785800149405
1781967084.5737998,33.96349287033081,-200.0,-17.311169923658177,0.2,5.839321244753977,5.422747897436572,1.4492282314430724,-0.11477130096592657,5.808075992232255,1781967084.5617528,None,None,None, None, 1781967084.5178854,0.9980824808960719,apf_colreg,static_obstacle,1.0,0.9842209541650134,0.0,19.531662705941542,-4.047399244552753,4.5252522108423685,1.0006207197485228,0.8342688590773188
1781967084.6718452,34.061538219451904,-200.0,20.52994896419892,0.2,5.830365430201963,5.463779704262432,1.4297721463014277,-0.08777681966169676,5.801181742070223,1781967084.6402957,None,None,None, None, 1781967084.6568246,0.9031189159330799,apf_colreg,static_obstacle,1.0,0.9810737576204964,0.0,19.488635716545875,-3.6641853632277397,4.567142429609634,0.9832663821958398,0.8332489992352233
1781967084.7715125,34.161205530166626,-200.0,47.18317322521507,0.2,5.820809234926614,5.5074826825261285,1.408629615474359,-0.10155035141491699,5.788364348484398,1781967084.7665129,None,None,None, None, 1781967084.7227108,1.0767465052324494,apf_colreg,static_obstacle,1.0,0.981071110422712,0.0,19.4335395019015,-3.2514684182641624,4.611897486054452,0.9591579897515875,0.8361744999613973
1781967084.8723536,34.262046575546265,-200.0,71.00168613624867,0.2,5.812878241409728,5.553382634383707,1.3858542878193791,-0.08352377572600254,5.782666325018548,1781967084.8347332,None,None,None, None, 1781967084.8608093,0.9956504666595457,apf_colreg,static_obstacle,1.0,0.9996948762355384,0.0,19.359743292194263,-2.859027430686877,4.635179579526446,0.9396297206308463,0.8350929949531529
1781967084.972144,34.3618369102478,-200.0,43.59227465684979,0.2,5.790133604100464,5.361701259839063,1.476366839671191,-0.1062151522425186,5.774835259968346,1781967084.972144,5.358536723458261,1.4778826470706052,5.766689702647431, 1781967084.922685, 1781967084.9291077,1.000253410647307,apf_colreg,static_obstacle,1.0,0.9767687321390738,0.0,19.841827702781618,-3.37655563990239,4.709125646224441,0.9166308250847114,0.8370816022232348
1781967085.0726223,34.46231532096863,-200.0,63.53924131407147,0.2,5.781556235652668,5.394194533349694,1.4589634640518732,-0.10971985206417706,5.760519845166879,1781967085.038934,None,None,None, None, 1781967084.9980462,1.0933126884080921,apf_colreg,static_obstacle,1.0,0.994941923757683,0.0,19.776417212170657,-3.0447699010589773,4.483010100723721,1.0204562150131586,0.8396593000388797
1781967085.1724167,34.56210970878601,-200.0,84.1542558858437,0.2,5.772568661904364,5.435196473321515,1.4365100327687514,-0.09508406335167026,5.753674810207868,1781967085.1109233,None,None,None, None, 1781967085.1522183,0.9359418827645866,apf_colreg,static_obstacle,1.0,0.9904274606701581,0.0,19.681581090615,-2.6823427755840834,4.527332922426515,0.9972193088365138,0.8416876281068836
1781967085.2721941,34.66188716888428,-200.0,110.9612619636781,0.2,5.759522083320603,5.481319550133804,1.4106928035489972,-0.1254369422963987,5.735338358991546,1781967085.257104,None,None,None, None, 1781967085.227994,1.0163706529812946,apf_colreg,static_obstacle,1.0,1.0007871116899263,0.0,19.564861249440675,-2.1828002300493026,4.557339064352199,0.9782540319311978,0.8433842724601222
1781967085.3718421,34.76153516769409,-200.0,140.40230880125736,0.2,5.743027613282534,5.530785567590819,1.3820104925334977,-0.13573602092447506,5.725092035405792,1781967085.332591,None,None,None, None, 1781967085.3613205,0.919062550989289,apf_colreg,static_obstacle,1.0,0.9933884163191559,0.0,19.44438033719928,-1.5821207256119099,4.610371291669321,0.9594157408480871,0.8451793039751805
1781967085.4717052,34.861398220062256,-200.0,162.48492060050958,0.2,5.7307258472156235,5.582995306921858,1.3503999465527112,-0.07656619216151984,5.714633749385873,1781967085.4691825,None,None,None, None, 1781967085.4403896,0.9130305056856666,apf_colreg,static_obstacle,1.0,1.003878327426931,0.0,19.26966813146266,-1.0731788816776624,4.64786492874912,0.935707742152206,0.8461776317064907
1781967085.5719974,34.9616904258728,-200.0,182.17076978948552,0.2,5.718966919114237,5.637452538060682,1.3165308020997708,-0.07396737123552993,5.709239742663822,1781967085.5421066,None,None,None, None, 1781967085.5170877,0.9042175129224681,apf_colreg,static_obstacle,1.0,0.9913057666191312,0.0,19.07917599257148,-0.5625489488457918,4.713074212469425,0.908977689826775,0.8466734193217147
1781967085.6779706,35.06766366958618,-200.0,200.0,0.2,5.7045916137894475,5.693753544621038,1.2805541600497854,-0.0934805821279593,5.7023652055305565,1781967085.6156464,None,None,None, None, 1781967085.6799674,0.954586311574716,apf_colreg,static_obstacle,1.0,0.9925000018796054,0.0,18.872023550616767,0.025777756116734718,4.784514636017007,0.8785236946465774,0.8464166638486705
1781967085.7718816,35.161574602127075,-180.31720980289325,200.0,0.2,5.694297768430487,5.751488105177058,1.2423376358717855,-0.04396195157897389,5.695760332923028,1781967085.765887,None,None,None, None, 1781967085.7583745,0.9398592266761294,apf_colreg,static_obstacle,1.0,0.9925000018796054,0.0,18.654527837834486,0.5993462131327028,4.784514636017007,0.8785236946465774,0.8464166638486705
1781967085.871575,35.2612681388855,-158.74914712331514,200.0,0.2,5.683293652406363,5.807391873968549,1.20452441046164,-0.05257447431491335,5.6919959023700075,1781967085.837489,None,None,None, None, 1781967085.8324695,1.0441695061052845,apf_colreg,static_obstacle,1.0,0.9934259818600144,0.0,18.41349626501969,1.1097817635757,4.841296541098527,0.8467627572998994,0.849735371243073
1781967085.9724317,35.36212468147278,-200.0,180.90218206854092,0.2,5.676062945248797,5.502565810002169,1.3917409447207367,-0.022216163181772438,5.69039341422386,1781967085.9739447,5.497833976099502,1.394703478441614,5.6783233568892735, 1781967085.923638, 1781967085.9066226,0.9673392627899777,apf_colreg,static_obstacle,1.0,0.6551346156495188,5.20675988594707,19.38236222321636,-0.606647643085044,4.873424672579706,0.8272832742263395,0.8519062512492014
1781967086.071835,35.461528062820435,-200.0,188.70404559661637,0.2,5.67120098732303,5.537569653828994,1.3672298414573962,-0.008448553179403899,5.689172763316354,1781967086.054101,None,None,None, None, 1781967086.0601065,0.967952742502853,apf_colreg,static_obstacle,1.0,0.9982710170259532,0.6062506763263763,19.362788617892836,-0.3834345671150752,4.572076989439037,1.0295522151327947,0.8576844797709477
1781967086.1717424,35.56143546104431,-200.0,200.0,0.2,5.667554365971854,5.586904320041411,1.3324629880734928,-0.017493060042757545,5.687675909666894,1781967086.1396694,None,None,None, None, 1781967086.132487,1.0067618235077054,apf_colreg,static_obstacle,1.0,0.9940975763033018,0.0,19.11948856474993,9.272832840423462e-05,4.6134433967482,1.0064244137740668,0.8543883269554922
1781967086.2723055,35.66199851036072,-187.72263679872924,200.0,0.2,5.663694140472466,5.642277437129511,1.2931526023022233,-0.021144048358681097,5.686239166322011,1781967086.2076197,None,None,None, None, 1781967086.2697992,0.9633130674202955,apf_colreg,static_obstacle,1.0,1.0086622228096715,0.0,18.85377903587622,0.4015082048263072,4.645306568880855,0.9817621775686395,0.8606205430272459
1781967086.3723881,35.762081146240234,-173.33337304471385,200.0,0.2,5.660616170739965,5.697627523643646,1.2534908444169748,-0.009401620626496791,5.684935226466324,1781967086.3463128,None,None,None, None, 1781967086.3463128,1.0480458987878385,apf_colreg,static_obstacle,1.0,0.9997633477948149,0.0,18.603086285736957,0.7763554448563355,4.707971068233137,0.9514433964620932,0.8573734622440129
1781967086.4728358,35.862528800964355,-154.63728289413896,200.0,0.2,5.657981549118767,5.751645791277497,1.21450136557233,-0.0027315567802567663,5.68473176823971,1781967086.420797,None,None,None, None, 1781967086.420797,0.96412691572585,apf_colreg,static_obstacle,1.0,0.9810750996440188,0.0,18.349835953668062,1.1961962102227224,4.777124372406726,0.9299217484731126,0.8643978562759445
1781967086.572367,35.96205997467041,-137.59155921516904,200.0,0.2,5.657772618637304,5.803855346724928,1.176560146768784,0.02332100475057041,5.687713749207181,1781967086.5486639,None,None,None, None, 1781967086.5486639,0.9307838133640262,apf_colreg,static_obstacle,1.0,0.9949365760307813,0.0,18.10158182247553,1.528188412295664,4.816459015406397,0.8946099941695963,0.8656765301467487
1781967086.6718597,36.06155276298523,-121.75417057660435,200.0,0.2,5.659369956527752,5.8544841118211,1.1397641273405696,0.03778587194592622,5.690967585076296,1781967086.6347764,None,None,None, None, 1781967086.6322606,0.9227094129047915,apf_colreg,static_obstacle,1.0,0.9793613515429771,0.0,17.86622502128186,1.8031985007239428,4.883960690005227,0.862128105269998,0.8710396103670773
1781967086.772089,36.161782026290894,-106.8450721969452,200.0,0.2,5.663302165377125,5.903741530367928,1.1040978678459226,0.056889040167551766,5.695893298044486,1781967086.721361,None,None,None, None, 1781967086.768071,1.0773477986376616,apf_colreg,static_obstacle,1.0,0.9803469150739853,0.0,17.648714383817126,2.038635120477102,4.932805270705701,0.8323528026679836,0.8689673768481162
1781967086.871542,36.261234998703,-72.18526265922024,200.0,0.2,5.669368897902947,5.951841069020652,1.0695885064154549,0.07232354519482646,5.7017406139377504,1781967086.8022103,None,None,None, None, 1781967086.838845,0.9237352546312015,apf_colreg,static_obstacle,1.0,0.9766942045538876,0.0,17.221941654032896,2.5259620830444036,4.982084733417395,0.8101477104086351,0.8701246646332768
1781967086.9717782,36.36147117614746,-200.0,196.58395282464545,0.2,5.684848273068532,5.647203644558596,1.2918429901760011,0.08890308389660098,5.714897677031902,1781967086.9502037,5.642573557472378,1.2952081191007196,5.699413421651468, 1781967086.930976, 1781967086.9022627,1.0787803369387972,apf_colreg,static_obstacle,1.0,0.5772509160435458,3.7282989434545075,18.610051923691454,-0.1346565778676614,5.038134130315155,0.7872088372789386,0.8745461228894178
1781967087.0723093,36.46200227737427,-200.0,194.49130311848782,0.2,5.693751896744765,5.676813379383031,1.2717634789639405,0.06850978328399847,5.722885005567429,1781967087.0667903,None,None,None, None, 1781967087.0399392,0.9153842713924919,apf_colreg,static_obstacle,1.0,0.7774431174108226,10.009665521491742,18.56148418163326,-0.19825255550976406,4.721482027698535,1.0129842765224903,0.8772481908365097
1781967087.1723516,36.562044620513916,-200.0,195.91226108142178,0.2,5.704831729928382,5.724683022333495,1.2400478623965174,0.06764361826408903,5.727656760509637,1781967087.137333,None,None,None, None, 1781967087.1197464,0.9935088898582363,apf_colreg,static_obstacle,1.0,0.963087392338458,0.0,18.432550822952408,-0.15392507435427927,4.761344093534889,0.9964891314941798,0.8751038017104231
1781967087.2723339,36.66202688217163,-199.5140784668864,200.0,0.2,5.713822299696824,5.78069843622117,1.2038934385924946,0.038818168234347174,5.730391651162315,1781967087.2748628,None,None,None, None, 1781967087.2541187,0.9146089504983698,apf_colreg,static_obstacle,1.0,0.9621836104427002,0.0,18.22206942081538,0.041241659440065526,4.815001881086217,0.9667439725105887,0.8817214226655693
1781967087.3725364,36.762229442596436,-192.34498558780925,200.0,0.2,5.720440861827562,5.839119984628251,1.1668543676878151,0.0247407038340327,5.733947424220157,1781967087.3515084,None,None,None, None, 1781967087.3298292,1.0436273814509582,apf_colreg,static_obstacle,1.0,0.9756716557773448,0.0,18.02808817332874,0.2547390679797319,4.863765425621448,0.9211930914220016,0.8830174995012129
1781967087.4724588,36.862151861190796,-182.79377900866092,200.0,0.2,5.7261730068769525,5.89739787117043,1.1303375504865727,0.027619490373806153,5.735900291471489,1781967087.4222145,None,None,None, None, 1781967087.4709496,1.009925397828529,apf_colreg,static_obstacle,1.0,0.9730069251058551,0.0,17.80168877272068,0.5088911676558512,4.9241055905250795,0.895617032333275,0.8851363839601297
1781967087.5739458,36.96363878250122,-148.98110811979902,200.0,0.2,5.730871772785495,5.954933781316965,1.0946666989836942,0.025954337778875392,5.7395127942277515,1781967087.5614014,None,None,None, None, 1781967087.5552135,0.9977859672084615,apf_colreg,static_obstacle,1.0,0.9783277818127543,0.0,17.32260675110561,1.243163934107577,4.977093077805091,0.8638004157778792,0.8929560718548059
1781967087.672364,37.06205701828003,-141.3159418410864,200.0,0.2,5.734748697873781,6.009580281587631,1.061005569449435,0.03259452294450759,5.7423382019398765,1781967087.6480849,None,None,None, None, 1781967087.6405418,1.0794778469691901,apf_colreg,static_obstacle,1.0,0.9843260587595561,0.0,17.259818988452235,1.3870660891608768,5.027619436370212,0.8342647191955367,0.9036677273366247
1781967087.7737427,37.16343569755554,-141.4153135803195,200.0,0.2,5.745589881825474,6.063187725500832,1.0282004192263798,0.10132571539512088,5.754662733875223,1781967087.7697177,None,None,None, None, 1781967087.7611501,1.034839000937141,apf_colreg,static_obstacle,1.0,0.9843260587595561,0.0,17.199765767294238,1.380359664547563,5.102077869860189,0.795799568275077,0.8962941181183335
1781967087.8717718,37.26146483421326,-139.00829537440757,200.0,0.2,5.753263182992697,6.11698529566174,0.9962415212797566,0.05578730881030957,5.758788540795538,1781967087.8436737,None,None,None, None, 1781967087.8356643,1.0996274523917409,apf_colreg,static_obstacle,1.0,0.9892958275918954,0.0,17.13320490174022,1.4201295669276508,5.102077869860189,0.795799568275077,0.8962941181183335
1781967087.9721115,37.361804485321045,-200.0,182.23197683963875,0.2,5.756934453544057,5.794414017771942,1.1978542018314828,0.04349042628045082,5.763087559578734,1781967087.9425235,5.789443506310025,1.200932203627011,5.753092164897744, 1781967087.940515, 1781967087.930464,0.9772632495360855,apf_colreg,static_obstacle,1.0,0.4724394032186288,5.606863483615207,18.006403327645575,-0.529333132149187,5.14759124943344,0.7654334982948091,0.9112710390128484
1781967088.074801,37.46449398994446,-200.0,179.06942064728537,0.2,5.763428763317891,5.827877832601451,1.1785452117990287,0.03652162791734601,5.766617527457268,1781967088.0391777,None,None,None, None, 1781967088.0391777,1.003664667439259,apf_colreg,static_obstacle,1.0,1.002727700336735,0.0,18.088601089284502,-0.6129315313297128,4.817246577680718,0.9753865342186983,0.911312305034081
1781967088.1800544,37.56974744796753,-200.0,188.7336717840196,0.2,5.770318176519746,5.877732488641876,1.1502708283483276,0.030448446523958558,5.7691468883797885,1781967088.2464225,None,None,None, None, 1781967088.2169929,1.0312240922100733,apf_colreg,static_obstacle,1.0,1.006462786554338,0.0,17.919943629770014,-0.3540505521172661,4.882512605072401,0.9469066656114156,0.9198472635196451
1781967088.2722366,37.66192960739136,-200.0,196.8395889167076,0.2,5.775506182869164,5.935240655109618,1.1181688024924608,0.01588369718636709,5.771119240043089,1781967088.2464225,None,None,None, None, 1781967088.2169929,1.0312240922100733,apf_colreg,static_obstacle,1.0,1.0196044791995664,0.0,17.79783634801455,-0.12118499904918245,4.882512605072401,0.9469066656114156,0.9198472635196451
1781967088.372736,37.762428998947144,-180.14365592432063,200.0,0.2,5.778618334799991,5.995402061303311,1.0849174459574353,0.0055861693704206865,5.772236473917173,1781967088.372736,None,None,None, None, 1781967088.2923265,0.9830293581539576,apf_colreg,static_obstacle,1.0,1.0196044791995664,0.0,17.422421336044565,0.5640354053723238,4.882512605072401,0.9469066656114156,0.9198472635196451
1781967088.4756875,37.86538052558899,-170.61974119807115,200.0,0.2,5.780603537080782,6.0544472936174785,1.0523804116097537,0.010537280325420121,5.773110557607803,1781967088.4556875,None,None,None, None, 1781967088.4786935,1.0363513758151561,apf_colreg,static_obstacle,1.0,1.0307595446318603,0.0,17.369273244983336,0.7872770692235038,4.992057368754363,0.8876281130091477,0.9314637297627403
1781967088.5716875,37.96138048171997,-162.97002792410356,200.0,0.2,5.782841812976032,6.112487357605559,1.0204610882552458,0.021692629375978746,5.774915528705853,1781967088.5388942,None,None,None, None, 1781967088.551552,1.0930802988032697,apf_colreg,static_obstacle,1.0,1.0382801445935823,0.0,17.266187145457543,0.9511982589309884,5.042240423450896,0.8650578835425211,0.9396137477284645
1781967088.6723876,38.06208062171936,-156.8768351473221,200.0,0.2,5.786173670503596,6.169743404534035,0.9891072884264887,0.03461662456109988,5.778143307363015,1781967088.6321378,None,None,None, None, 1781967088.649701,0.9457703208333478,apf_colreg,static_obstacle,1.0,1.0382801445935823,0.0,17.1992138008293,1.0753736604833213,5.042240423450896,0.8650578835425211,0.9396137477284645
1781967088.7722328,38.16192579269409,-147.7024378885532,200.0,0.2,5.789530313299073,6.22643305191346,0.9583142692831927,0.03413843961442104,5.780848643656217,1781967088.7760146,None,None,None, None, 1781967088.7239132,1.0804908612612454,apf_colreg,static_obstacle,1.0,1.0531303806258017,0.0,17.152339416366832,1.2559617816649125,5.141815351952651,0.8189060927795303,0.9577909155159959
1781967088.8724573,38.262150287628174,-141.31536482491958,200.0,0.2,5.795309220025889,6.282325357819953,0.9281755465030699,0.05769585355986548,5.7888952012740065,1781967088.850849,None,None,None, None, 1781967088.8639467,0.910239524803301,apf_colreg,static_obstacle,1.0,1.0623604757715486,0.0,17.126713392907593,1.3763800757691032,5.188340885254665,0.796096312304985,0.9600040933737707
1781967088.9722285,38.361921548843384,-200.0,197.14522527180114,0.2,5.798412047569179,5.950380967806453,1.108267065754477,0.062242020945246744,5.793301332038724,1781967088.9216392,5.945265482361628,1.111033992045599,5.791289199334677, 1781967088.941591, 1781967088.955684,0.9064534372547254,apf_colreg,static_obstacle,1.0,0.39169514409992384,6.940247472013731,17.698394630468286,-0.1114479615101418,5.2420598294089205,0.7794105753015556,0.9710381691431783
1781967089.0723882,38.46208119392395,-192.30811188933933,200.0,0.2,5.807785120995546,5.986535233419469,1.0893383108757861,0.07334636541990898,5.802851074618704,1781967089.0518398,None,None,None, None, 1781967089.0338068,0.9549921804902024,apf_colreg,static_obstacle,1.0,1.070563435439082,0.0,17.50468863725345,0.2483682437551309,4.890881973968836,0.9741534198622732,0.9795464688090345
1781967089.1720996,38.561792612075806,-192.53256266917117,200.0,0.2,5.8219310654487115,6.039828010714951,1.062171407212169,0.10118717924901126,5.809699024976749,1781967089.119516,None,None,None, None, 1781967089.1637473,0.9227893743200857,apf_colreg,static_obstacle,1.0,1.0808030134976248,0.0,17.46210669240031,0.2415344704491913,4.92440144154358,0.951917542184926,0.9845344918347875
1781967089.2806356,38.67032861709595,-193.63524374213236,200.0,0.2,5.831630180620039,6.099951054972854,1.0327315589756916,0.039143358596645694,5.812228273531472,1781967089.184131,None,None,None, None, 1781967089.2399795,1.0941885051982867,apf_colreg,static_obstacle,1.0,1.0875639952275464,0.0,17.45726003967055,0.21064769321894783,4.978237226223944,0.9173531148405887,0.982256957067592
1781967089.374159,38.7638521194458,-191.0377961513177,200.0,0.2,5.84022578018363,6.161780880130145,1.0030871063911073,0.041469673662148224,5.816634309689816,1781967089.3811667,None,None,None, None, 1781967089.3206377,0.9981539781871657,apf_colreg,static_obstacle,1.0,1.0982182946942345,0.0,17.433766338926347,0.2822806864079448,5.029899555811391,0.8899713410842881,1.0011101420860558
1781967089.476124,38.865817070007324,-187.73951595418913,200.0,0.2,5.847303237403364,6.223816323425465,0.9739387207251546,0.03403912517417556,5.822483883501983,1781967089.4622266,None,None,None, None, 1781967089.4867892,0.9321504766463138,apf_colreg,static_obstacle,1.0,1.1073620434183293,0.0,17.38138619819908,0.3697080071066585,5.085856554730365,0.8624055562640739,1.0043259267388462
1781967089.572226,38.96191906929016,-183.9277653744342,200.0,0.2,5.855131791298892,6.285707864118853,0.9453276646732327,0.04733417497767793,5.825837493566309,1781967089.5330763,None,None,None, None, 1781967089.5621336,1.098340951110954,apf_colreg,static_obstacle,1.0,1.1177239726143857,0.0,17.319698521279577,0.46657026823697567,5.138732051136602,0.8383638534655172,1.0208658618142377
1781967089.6724434,39.06213641166687,-179.94948193117727,200.0,0.2,5.8615884939049,6.347402205261174,0.9173874966609592,0.03553827303040823,5.828429743881436,1781967089.6837647,None,None,None, None, 1781967089.6398547,0.9471077774425604,apf_colreg,static_obstacle,1.0,1.1275802100447938,0.0,17.240869326698334,0.5628837232419839,5.2252047859817115,0.7959239549725129,1.0271662834879383
1781967089.7729425,39.16263556480408,6.846085332226856,200.0,0.2,5.8671742041294666,6.408812628717424,0.8900036471701238,0.03289720496947953,5.833294545880794,1781967089.7538977,None,None,None, None, 1781967089.7259128,1.0991510197775187,track,none,0.0,nan,nan,17.240869326698334,0.5628837232419839,5.277052438310411,0.7753662838739956,1.0368280593750252
1781967089.873895,39.263587951660156,12.17633666412127,200.0,0.2,5.871274707394389,6.458200330093294,0.8680007009784534,0.059896693553781286,5.83726609144455,1781967089.9047112,None,None,None, None, 1781967089.8756359,1.0115191763776408,track,none,0.0,nan,nan,17.240869326698334,0.5628837232419839,5.322913080337116,0.754690273281845,1.0488712067395953
1781967089.9719517,39.36164474487305,-29.869481676228503,200.0,0.2,5.866451880920156,6.110156596159479,1.0253890516172628,0.10506484685583493,5.853051479090067,1781967089.9704485,6.104947437714309,1.027738852927432,5.842320278085672, 1781967089.943817, 1781967089.950356,0.9254960752099376,track,none,0.0,nan,nan,17.240869326698334,0.5628837232419839,5.322913080337116,0.754690273281845,1.0488712067395953
1781967090.0719461,39.461639165878296,-31.89317275953267,200.0,0.2,5.872595862410518,6.125777352405299,1.018410075985064,0.10810546830040886,5.860111099917015,1781967090.0357516,None,None,None, None, 1781967090.029247,0.9141668993720365,track,none,0.0,nan,nan,17.240869326698334,0.5628837232419839,4.965882109072152,0.9463820473460938,1.0469035568809826
1781967090.171881,39.56157398223877,-33.17111612643067,200.0,0.2,5.879664148365732,6.1549339113669435,1.0056317513654838,0.09420319255138705,5.867510028969893,1781967090.1142938,None,None,None, None, 1781967090.1605728,1.0098337233170955,track,none,0.0,nan,nan,17.240869326698334,0.5628837232419839,4.982819321172204,0.9531897993504298,1.047217824483046
1781967090.2716346,39.661327600479126,-34.029411555408636,200.0,0.2,5.887499342716275,6.193647979759616,0.9889892459234471,0.09542886706651392,5.879748974836325,1781967090.2425458,None,None,None, None, 1781967090.2261481,0.9966211435471769,track,none,0.0,nan,nan,17.240869326698334,0.5628837232419839,4.999348889186161,0.9525246316555769,1.0638972884788136
1781967090.3719206,39.761613607406616,-35.556574391146164,200.0,0.2,5.8972614055356365,6.237659517373256,0.9704797629463524,0.109107942412225,5.887299820990564,1781967090.3117511,None,None,None, None, 1781967090.3568814,0.9483717720801217,track,none,0.0,nan,nan,17.240869326698334,0.5628837232419839,5.028868546484664,0.9482700927362638,1.0649418934370558
1781967090.472213,39.86190605163574,-42.32348238165951,200.0,0.2,5.916591451131018,6.284219741602587,0.9514646199224668,0.18804747611300385,5.910966395769895,1781967090.4376054,None,None,None, None, 1781967090.4250557,1.0163596816428917,track,none,0.0,nan,nan,17.240869326698334,0.5628837232419839,5.0734274413365466,0.9395191712896528,1.0729070053059668
1781967090.5747488,39.964441776275635,-44.86930625873326,200.0,0.2,5.928299732533242,6.332463357296264,0.9330442603246745,0.0897503322475942,5.9172613453589715,1781967090.5767045,None,None,None, None, 1781967090.5641184,0.9627202981739901,track,none,0.0,nan,nan,17.240869326698334,0.5628837232419839,5.121719052657183,0.9168313363169542,1.076527315179368
1781967090.6721556,40.061848640441895,-46.14693477485911,200.0,0.2,5.937680461204026,6.381479412004595,0.9148733259931419,0.08405141714696701,5.929103119256657,1781967090.648631,None,None,None, None, 1781967090.6359918,0.9643068432642018,track,none,0.0,nan,nan,17.240869326698334,0.5628837232419839,5.164251127162705,0.899311006104908,1.0842642313570727
1781967090.7723756,40.162068605422974,-50.56536763672621,200.0,0.2,5.952715669244659,6.4309217106927585,0.89699971507466,0.14341806870234872,5.940439574521092,1781967090.727676,None,None,None, None, 1781967090.7256715,0.9044922483039887,track,none,0.0,nan,nan,17.240869326698334,0.5628837232419839,5.208686275822151,0.9001135592819914,1.0859650144820197
1781967090.872036,40.2617290019989,-53.13804452745073,200.0,0.2,5.964182373678688,6.4809897297703465,0.879848748338965,0.09773883166510453,5.9531789800629475,1781967090.8580172,None,None,None, None, 1781967090.869037,0.948525610711827,track,none,0.0,nan,nan,17.240869326698334,0.5628837232419839,5.255853765988469,0.8760637957764876,1.0972121057799713
1781967090.971773,40.36146593093872,-79.999170409555,200.0,0.2,5.980236599533741,6.238073825842892,0.9693182302886979,0.22192781870228542,5.967839546463178,1781967090.9240773,6.23419856466949,0.9707204568136952,5.963300912078949, 1781967090.950691, 1781967090.949692,0.9802421488878952,track,none,0.0,nan,nan,17.240869326698334,0.5628837232419839,5.294490101416725,0.8680475812493883,1.0931897335117045
1781967091.071796,40.46148896217346,-87.84195345147825,200.0,0.2,5.999841970561003,6.271256598975699,0.9591207101760242,0.1575641787269632,5.990484167936296,1781967091.067794,None,None,None, None, 1781967091.0246925,1.0857133006117603,track,none,0.0,nan,nan,17.240869326698334,0.5628837232419839,5.039605768277707,0.9610341384263066,1.1084336403570765
1781967091.172419,40.5621120929718,-90.84479865746759,200.0,0.2,6.011011933681724,6.3166225740972575,0.946165898146484,0.05978303450976408,5.995176724735575,1781967091.1462872,None,None,None, None, 1781967091.1167238,0.9503432317226038,track,none,0.0,nan,nan,17.240869326698334,0.5628837232419839,5.072408861114576,0.9388319872827466,1.1002637845521366
1781967091.2730103,40.66270327568054,-94.29871358367595,200.0,0.2,6.023721453683553,6.368184932925645,0.9318590884558766,0.10610969437276241,6.0055512946586305,1781967091.2440593,None,None,None, None, 1781967091.2685041,0.9906272111378599,track,none,0.0,nan,nan,17.240869326698334,0.5628837232419839,5.114000408517412,0.9454987569991732,1.1252621043936504
1781967091.3738163,40.76350927352905,-97.19051869912242,200.0,0.2,6.035366324487198,6.42245249074856,0.9175427063514547,0.09369060470951845,6.014610077196544,1781967091.3407476,None,None,None, None, 1781967091.3522618,0.994261579789658,track,none,0.0,nan,nan,17.240869326698334,0.5628837232419839,5.160748603619999,0.9292653707809201,1.1342068835049983
1781967091.4882188,40.87791180610657,-99.88441293590506,200.0,0.2,6.046531479770812,6.4778905346767806,0.9035813682255984,0.091456024286955,6.024335831625617,1781967091.447091,None,None,None, None, 1781967091.452549,1.0132147675252534,track,none,0.0,nan,nan,17.240869326698334,0.5628837232419839,5.235047393870162,0.9035496050971537,1.142578697652351
1781967091.5996614,40.989354372024536,-102.31606806105614,200.0,0.2,6.0570151085296935,6.533974498131749,0.89010726972149,0.08653003984922222,6.034525418513455,1781967091.564849,None,None,None, None, 1781967091.553681,0.97569004503516,track,none,0.0,nan,nan,17.240869326698334,0.5628837232419839,5.235047393870162,0.9035496050971537,1.142578697652351
1781967091.672001,41.06169390678406,-105.50814008920386,200.0,0.2,6.068984067296676,6.590516385630922,0.8771331645724274,0.10129415533121282,6.043291364768909,1781967091.6513884,None,None,None, None, 1781967091.642368,0.962394119997522,track,none,0.0,nan,nan,17.240869326698334,0.5628837232419839,5.235047393870162,0.9035496050971537,1.142578697652351
1781967091.7806652,41.170358180999756,-108.76014032679765,200.0,0.2,6.080918030780613,6.64754609396159,0.8647965565349978,0.09649372234587744,6.050769017214113,1781967091.728882,None,None,None, None, 1781967091.7250006,1.0698928337296831,track,none,0.0,nan,nan,0.0,0.0,5.345711387132942,0.8842749098182733,1.1529991634801204
1781967091.8750062,41.26469922065735,-112.3513747214294,200.0,0.2,6.093440976354549,6.705061134554801,0.8530831305437729,0.10008544965424984,6.060550431922888,1781967091.8266127,None,None,None, None, 1781967091.8413591,0.9151578892437997,track,none,0.0,nan,nan,0.0,0.0,5.394358073750649,0.8730383336220163,1.1625720669837878
1781967091.9728618,41.36255478858948,-126.45120698027466,200.0,0.2,6.096810815432593,6.385546256109324,0.9243550230597634,0.14347732249687814,6.0709713506482545,1781967091.8992438,6.380559942345889,0.9254421609865805,6.069130355476356, 1781967091.953821, 1781967091.9284806,0.9284107556627845,track,none,0.0,nan,nan,0.0,0.0,5.394358073750649,0.8730383336220163,1.1625720669837878
1781967092.0777175,41.46741056442261,-130.80676700583263,200.0,0.2,6.109613278045174,6.421041891890744,0.9178090136434989,0.09249126427077758,6.084934622854172,1781967092.0502124,None,None,None, None, 1781967092.080783,1.021926518736858,track,none,0.0,nan,nan,0.0,0.0,5.1151081250248325,0.9602909760128792,1.1844172849292496
1781967092.1717424,41.56143546104431,-134.01247186692413,200.0,0.2,6.120713877434671,6.471653235828901,0.9091108294549608,0.07687674948201657,6.09127231602225,1781967092.132652,None,None,None, None, 1781967092.1622205,0.9325831802863068,track,none,0.0,nan,nan,0.0,0.0,5.13854523360836,0.9444759630245669,1.191234101312646
1781967092.28084,41.67053294181824,-137.3259688632245,200.0,0.2,6.132448468933675,6.52949235324666,0.8997788845921093,0.08823091870334325,6.098289594513884,1781967092.2121851,None,None,None, None, 1781967092.2357426,0.9402681340865484,track,none,0.0,nan,nan,0.0,0.0,5.191064333880925,0.9277988073998217,1.2010506389140205
1781967092.384741,41.774434089660645,-139.88876341005792,200.0,0.2,6.142338226440437,6.5899850562570075,0.8907523679029605,0.06871212784603997,6.1087171246461285,1781967092.363942,None,None,None, None, 1781967092.3136566,0.9140972451273163,track,none,0.0,nan,nan,0.0,0.0,5.235873062487065,0.9204494011957443,1.2090825051837824
1781967092.476495,41.866188049316406,-142.28781116643134,200.0,0.2,6.151726934845096,6.65143543061918,0.8821626033855328,0.06871212784603997,6.1224595502153365,1781967092.363942,None,None,None, None, 1781967092.3970613,1.0058652047324588,track,none,0.0,nan,nan,0.0,0.0,5.3194209188838535,0.9046430084938789,1.2209261282040997
1781967092.572465,41.96215796470642,-145.75245997311896,200.0,0.2,6.163686135891103,6.713381390052882,0.8740789389647361,0.09324644167862504,6.135901737940166,1781967092.5080996,None,None,None, None, 1781967092.5822072,1.099497504524998,track,none,0.0,nan,nan,0.0,0.0,5.3194209188838535,0.9046430084938789,1.2209261282040997
1781967092.6718278,42.06152081489563,-148.6636915614806,200.0,0.2,6.174073840286852,6.775833183290996,0.866748967411409,0.07146917332377346,6.146957936772636,1781967092.6627984,None,None,None, None, 1781967092.6502662,0.9955007497169998,track,none,0.0,nan,nan,0.0,0.0,5.39340006874767,0.9023505587896918,1.2437643944817833
1781967092.7721128,42.161805868148804,-152.04013235403366,200.0,0.2,6.185561727697046,6.838713630735337,0.8600130326080198,0.08311511194328731,6.1539653962297285,1781967092.7471087,None,None,None, None, 1781967092.7208836,1.053487979665057,track,none,0.0,nan,nan,0.0,0.0,5.447778627544334,0.8982259267080539,1.2488683168557626
1781967092.8726232,42.26231622695923,-155.65295797003324,200.0,0.2,6.197563704214035,6.902060599891064,0.8539907417102715,0.0841565452134203,6.159495810064841,1781967092.8128245,None,None,None, None, 1781967092.8691099,1.079493653059816,track,none,0.0,nan,nan,0.0,0.0,5.507461959282631,0.8832501026607424,1.2576046386425004
1781967092.9722457,42.36193871498108,-158.30700326258955,200.0,0.2,6.189438019764138,6.551113714623103,0.8921512670709928,0.06258144930857135,6.1679854411643475,1781967092.9484818,6.545635584094528,0.8927248698755855,6.154749122118156, 1781967092.957498, 1781967092.9399602,0.9758828050320846,track,none,0.0,nan,nan,0.0,0.0,5.559767693789693,0.8780689991624562,1.265773819575255
1781967093.0730891,42.46278214454651,-160.95385726742862,200.0,0.2,6.1981689105296205,6.591097728736199,0.8884961853770781,0.06480078777154161,6.172665545094748,1781967093.0207047,None,None,None, None, 1781967093.0782921,0.9670045049562007,track,none,0.0,nan,nan,0.0,0.0,5.183187372923715,0.9473861091000674,1.2792763406261496
1781967093.1716077,42.56130075454712,-163.68263666924855,200.0,0.2,6.207645362700519,6.647167935903727,0.8838595223531627,0.06924751888623827,6.182178678707,1781967093.1580834,None,None,None, None, 1781967093.1525414,1.0494541114431364,track,none,0.0,nan,nan,0.0,0.0,5.213493744476592,0.9397871139267168,1.2956246265478517
1781967093.271906,42.661598920822144,-166.10191815982625,200.0,0.2,6.216348742747464,6.70997402802806,0.8792797006890076,0.05761595400915148,6.186888846795495,1781967093.2398345,None,None,None, None, 1781967093.230314,0.9565001324503193,track,none,0.0,nan,nan,0.0,0.0,5.273586087039156,0.9294108998996273,1.3001037952519892
1781967093.3721905,42.76188349723816,-168.4449551947531,200.0,0.2,6.2247809028489325,6.774782499338249,0.875103918270252,0.056396948991545036,6.190663591850764,1781967093.3067663,None,None,None, None, 1781967093.3747082,1.0481975240180164,track,none,0.0,nan,nan,0.0,0.0,5.328465910397448,0.9309061607554744,1.3072380191101434
1781967093.4719048,42.861597776412964,-171.3916980583786,200.0,0.2,6.2349102161413965,6.840257298413154,0.8714327197610494,0.07194393858135686,6.20088259567714,1781967093.4488075,None,None,None, None, 1781967093.4488075,0.9427429443504058,track,none,0.0,nan,nan,0.0,0.0,5.384470949615879,0.9329410357836777,1.3274282455444337
1781967093.5718882,42.961581230163574,-173.76848497763933,200.0,0.2,6.243224141651709,6.906181361177033,0.86845108550623,0.049998895726074535,6.204964624986452,1781967093.5304499,None,None,None, None, 1781967093.580406,1.0222072194405523,track,none,0.0,nan,nan,0.0,0.0,5.473917724305882,0.9073280508093415,1.3326241016387943
1781967093.6722252,43.06191825866699,-176.8272361197644,200.0,0.2,6.253567498602353,6.972443581253973,0.8659770816482446,0.07124383230204265,6.214030195691251,1781967093.657697,None,None,None, None, 1781967093.6531835,0.9116900675269453,track,none,0.0,nan,nan,0.0,0.0,5.473917724305882,0.9073280508093415,1.3326241016387943
1781967093.7729979,43.16269087791443,-179.4878229223136,200.0,0.2,6.262588817891967,7.039097038599991,0.8642281836189838,0.053736985049522894,6.218610538058924,1781967093.7429333,None,None,None, None, 1781967093.7429333,0.9042584219138765,track,none,0.0,nan,nan,0.0,0.0,5.527287002276866,0.9084449634840941,1.3410697893368124
1781967093.8728707,43.262563705444336,-181.80229195587134,200.0,0.2,6.270445393755772,7.1061026697417216,0.8630605824310553,0.045053963627999766,6.222464499607794,1781967093.8284743,None,None,None, None, 1781967093.8274684,1.0003416901377786,track,none,0.0,nan,nan,0.0,0.0,5.592346275155398,0.9021330864623539,1.3563972894133502
1781967093.972281,43.361974000930786,-178.82625862083103,200.0,0.2,6.256995962091415,6.721533021452546,0.8729859252998937,0.04507978775698477,6.226504050148026,1781967093.9180832,6.715564966360955,0.8731258505126989,6.216633529050584, 1781967093.960247, 1781967093.919083,0.990730945767399,track,none,0.0,nan,nan,0.0,0.0,5.653372905197169,0.888578508655639,1.3621111858883301
1781967094.076822,43.4665150642395,-180.6381448036348,200.0,0.2,6.263133333261009,6.763088753703238,0.8719961471109361,0.03892635669536937,6.23096143531762,1781967094.0325913,None,None,None, None, 1781967094.0371044,1.0987313112116812,track,none,0.0,nan,nan,0.0,0.0,5.653372905197169,0.888578508655639,1.3621111858883301
1781967094.1738536,43.563546657562256,-182.48571356547527,200.0,0.2,6.2695031142927355,6.822024334771636,0.8709367139006599,0.042713919665192154,6.234952931870348,1781967094.1260386,None,None,None, None, 1781967094.1270387,1.0777935262927387,track,none,0.0,nan,nan,0.0,0.0,5.281935973254993,0.9274042974088514,1.3861121740611257
1781967094.2722547,43.66194772720337,-184.42511223759112,200.0,0.2,6.276152035777442,6.887667560719766,0.8701792606735452,0.043629754501209,6.239536002126088,1781967094.2310832,None,None,None, None, 1781967094.2310832,1.0801738901232565,track,none,0.0,nan,nan,0.0,0.0,5.281935973254993,0.9274042974088514,1.3861121740611257
1781967094.373645,43.76333808898926,-186.33437689872508,200.0,0.2,6.282637381553349,6.955024562097055,0.8698598434772027,0.04028750419452194,6.2434561993267215,1781967094.3283887,None,None,None, None, 1781967094.3268836,0.9430760233470641,track,none,0.0,nan,nan,0.0,0.0,5.391405827717928,0.9243565515078489,1.4101607612684315
1781967094.4729102,43.862603187561035,-188.30441457072573,200.0,0.2,0.006085664918554173,7.022879167609396,0.86997931026389,0.04120419830636914,6.247087436795673,1781967094.4165165,None,None,None, None, 1781967094.4468005,0.9011015553402105,track,none,0.0,nan,nan,0.0,0.0,5.391405827717928,0.9243565515078489,1.4101607612684315
1781967094.57647,43.96616291999817,-190.08980304206432,200.0,0.2,0.012021554829731424,7.09102025476934,0.870559726017003,0.03386496089636289,6.252504250934716,1781967094.57647,None,None,None, None, 1781967094.5286627,0.9874509360497521,track,none,0.0,nan,nan,0.0,0.0,5.504777761226679,0.9240025246493239,1.4384361725783603
1781967094.6797774,44.06947040557861,-192.1315823413659,200.0,0.2,0.018824368656972457,7.159393314557865,0.8715369956628365,0.04274220512756256,6.256877121948475,1781967094.678778,None,None,None, None, 1781967094.690288,1.056277332113676,track,none,0.0,nan,nan,0.0,0.0,5.567957551117413,0.9254973733847291,1.4450193683035015
1781967094.7760594,44.16575241088867,-194.28917072371732,200.0,0.2,0.02601056731494051,7.22801355559713,0.8730090917087967,0.043353362706741345,6.260296404182238,1781967094.757648,None,None,None, None, 1781967094.7663186,0.9244622869626228,track,none,0.0,nan,nan,0.0,0.0,5.617596483143587,0.9261118679549123,1.463882462560968
1781967094.8725924,44.262285470962524,-196.17968897481592,200.0,0.2,0.03218296879544328,7.29689301690475,0.8750027001116027,0.03209504261541995,6.262656297776645,1781967094.8311763,None,None,None, None, 1781967094.858808,1.0108098813284307,track,none,0.0,nan,nan,0.0,0.0,5.681779249442398,0.9258728525335127,1.4729986589458228
1781967094.974735,44.36442804336548,-190.7889937964487,200.0,0.2,0.017443795842976232,6.904851972092038,0.8631124164863361,0.028757975167822525,6.264916062383535,1781967094.909755,6.898761458358756,0.8629235227641422,6.261502065411498, 1781967094.962534, 1781967094.9252107,1.029380960675397,track,none,0.0,nan,nan,0.0,0.0,5.7442106921366145,0.9181702798862846,1.4785582022293184
1781967095.07519,44.46488308906555,-192.40881703250875,200.0,0.2,0.02283892236807475,6.948289542624618,0.8639628657655152,0.0336963769858195,6.270038142995768,1781967095.0617619,None,None,None, None, 1781967095.0123966,1.0344271876025755,track,none,0.0,nan,nan,0.0,0.0,5.310372567981622,0.9406809954570371,1.4980665117790344
1781967095.1724682,44.5621612071991,-194.2213970950349,200.0,0.2,0.028765472443270514,7.0093531745334605,0.8654918591941918,0.03717064252798454,6.2730312528913315,1781967095.1422853,None,None,None, None, 1781967095.1724682,0.9533348383878685,track,none,0.0,nan,nan,0.0,0.0,5.359229920546633,0.943316834506341,1.5155385802750652
1781967095.2721603,44.661853313446045,-195.79601892565537,200.0,0.2,0.03371311537794251,7.076766300389865,0.8675963468581536,0.025016654275962922,6.275289692231505,1781967095.2325628,None,None,None, None, 1781967095.2515955,0.9543012717930639,track,none,0.0,nan,nan,0.0,0.0,5.418822970947178,0.935138842137674,1.5181888258813316
1781967095.3716764,44.761369466781616,-197.46546593408232,200.0,0.2,0.038981158182853054,7.145615110697299,0.8700661838305983,0.03038139517946642,6.278111596216344,1781967095.3254454,None,None,None, None, 1781967095.3254454,1.0111695257819515,track,none,0.0,nan,nan,0.0,0.0,5.478015687941727,0.9300013580673993,1.5269821501277034
1781967095.472235,44.86192798614502,-199.3893304342653,200.0,0.2,0.04520749947458656,7.21485249638321,0.8729239963228306,0.037844310351788285,6.280942170723509,1781967095.4002407,None,None,None, None, 1781967095.46421,1.0533821046599101,track,none,0.0,nan,nan,0.0,0.0,5.541724909856113,0.9344955996680439,1.5450011413123044
1781967095.5721264,44.9618194103241,-200.0,200.0,0.2,0.049908226724748476,7.284338041361811,0.8762567155467522,0.02062840186171838,0.0008478256821087271,1781967095.5500808,None,None,None, None, 1781967095.5309026,1.038041859315734,track,none,0.0,nan,nan,0.0,0.0,5.592251011990351,0.9378649713364678,1.5599460920550137
1781967095.6810203,45.07071328163147,-200.0,199.21808486739985,0.2,0.05422477309880041,7.353913629799138,0.8798913555357384,0.020608460453741345,0.002496294581633208,1781967095.6300707,None,None,None, None, 1781967095.6810203,0.909197105251743,track,none,0.0,nan,nan,0.0,0.0,5.648909188549412,0.9344764902817233,1.572605576032571
1781967095.772558,45.162250995635986,-200.0,197.71876654290176,0.2,0.058406022668484804,7.423401268554119,0.8838082719983831,0.020955709758390974,0.0050408598093370765,1781967095.7514966,None,None,None, None, 1781967095.7514966,1.0619277659586426,track,none,0.0,nan,nan,0.0,0.0,5.648909188549412,0.9344764902817233,1.572605576032571
1781967095.8717842,45.26147723197937,-200.0,196.40584576250515,0.2,0.06167648658780164,7.492696840108482,0.8880028757333065,0.013166490497996517,0.0061426525820902685,1781967095.8351781,None,None,None, None, 1781967095.8221858,1.0901285892247539,track,none,0.0,nan,nan,0.0,0.0,5.742018082108519,0.9306950295445506,1.579235925327257
1781967095.9724734,45.36216640472412,-197.8086945976135,200.0,0.2,0.04407834158391388,7.093787175544964,0.8605499452957456,0.01218223230378245,0.007637513849461812,1781967095.9578865,7.087605922266107,0.8601293765635075,0.004620632125539537, 1781967095.96493, 1781967095.9578865,1.0122836180417547,track,none,0.0,nan,nan,0.0,0.0,5.8015135828766615,0.9294341247815283,1.5874461054578535
1781967096.071668,45.461360931396484,-198.59041226251466,200.0,0.2,0.04627471897001679,7.13731640570653,0.8625241559387327,0.009244776056924503,0.008285017849521573,1781967096.0279264,None,None,None, None, 1781967096.0329304,0.9565187955060632,track,none,0.0,nan,nan,0.0,0.0,5.39258833961299,0.9427507895952522,1.6017107197329916
1781967096.172081,45.561774015426636,-199.59846107443977,200.0,0.2,0.04900144543075013,7.199067763322974,0.8654444066707292,0.017390577117454363,0.010668668589176812,1781967096.164992,None,None,None, None, 1781967096.1738276,0.9022063235133955,track,none,0.0,nan,nan,0.0,0.0,5.429648868644084,0.9415341728512822,1.613851649365555
1781967096.2725413,45.66223430633545,-200.0,200.0,0.2,0.05126213200204886,7.267195368347547,0.8688681090442643,0.010597749594380628,0.011727694634616325,1781967096.2649214,None,None,None, None, 1781967096.2649214,1.0354847643588834,track,none,0.0,nan,nan,0.0,0.0,5.480498799042235,0.9402286941218048,1.6294223245745918
1781967096.3716836,45.76137661933899,-200.0,200.0,0.2,0.053541983894269916,7.336579516014769,0.8725027604679383,0.011939806514773256,0.012721894727238262,1781967096.348189,None,None,None, None, 1781967096.3436778,1.0184530134711463,track,none,0.0,nan,nan,0.0,0.0,5.537738150478154,0.9402678172776187,1.6429164015110869
1781967096.4721582,45.86185121536255,-200.0,199.15408069404245,0.2,0.05590182861708842,7.40613651199507,0.8763042332056799,0.012784331626710976,0.013833112173839658,1781967096.4351094,None,None,None, None, 1781967096.437113,1.0930219670781185,track,none,0.0,nan,nan,0.0,0.0,5.599148352428268,0.9402605488900256,1.6551133836033212
1781967096.5739217,45.96361470222473,-200.0,198.05447211086945,0.2,0.058539663252184446,7.475614613156747,0.8802699718495965,0.014779466530678147,0.014802545308153984,1781967096.5007026,None,None,None, None, 1781967096.5127287,1.0301225433944732,track,none,0.0,nan,nan,0.0,0.0,5.654123288789174,0.9403057018890512,1.6705951304933495
1781967096.6725056,46.062198638916016,-200.0,197.05309086145797,0.2,0.060676858582777604,7.544950391756442,0.8844220205500442,0.009115024775283207,0.016368533887646655,1781967096.6725056,None,None,None, None, 1781967096.5994709,0.9250836234280283,track,none,0.0,nan,nan,0.0,0.0,5.712451730817997,0.9398184900954931,1.6835197524425465
1781967096.7719233,46.16161632537842,-200.0,196.03042169696204,0.2,0.06279477981709905,7.614149641095109,0.888707013022696,0.009763410195168314,0.017092568404580896,1781967096.7466636,None,None,None, None, 1781967096.7466636,1.0440505429437807,track,none,0.0,nan,nan,0.0,0.0,5.771185054984488,0.9406045573371505,1.6950427647888544
1781967096.8721218,46.26181483268738,-200.0,195.10809838118053,0.2,0.06444278359894588,7.683209839271804,0.8931310224340052,0.005535769396457145,0.017559463643236534,1781967096.831005,None,None,None, None, 1781967096.831005,0.9001016023300142,track,none,0.0,nan,nan,0.0,0.0,5.826642223902608,0.9414963372143689,1.7090251479230236
1781967096.9725268,46.36221981048584,-199.03458010384128,200.0,0.2,0.04823350380592151,7.27887263462474,0.8618958020371279,0.0026275399724451265,0.017777274302153843,1781967096.9802825,7.272622082485716,0.8614235634982924,0.014735748934140425, 1781967096.969011, 1781967096.9179072,0.9112286298443013,track,none,0.0,nan,nan,0.0,0.0,5.887066170495033,0.9434705359479096,1.7194718404058107
1781967097.0716937,46.46138668060303,-199.43617465243702,200.0,0.2,0.04894965410887073,7.321870839130442,0.8639945316480819,0.0014473137292767989,0.017982403558747327,1781967097.0556314,None,None,None, None, 1781967097.0738983,1.0373021906952453,track,none,0.0,nan,nan,0.0,0.0,5.45291675678753,0.941223887266496,1.7312632046705245
1781967097.1723223,46.56201529502869,-199.89013062907958,200.0,0.2,0.04950377374498157,7.383468516515271,0.8670320333158656,0.00232577768752649,0.018145467906150594,1781967097.1257432,None,None,None, None, 1781967097.1527874,1.0602262214886946,track,none,0.0,nan,nan,0.0,0.0,5.493077355767103,0.9434906189236132,1.743973138616975
1781967097.272073,46.661766052246094,-200.0,200.0,0.2,0.05004423612116232,7.4515963884978245,0.8704252422138268,0.0027784587410134764,0.018539482299318056,1781967097.2675536,None,None,None, None, 1781967097.2312098,1.046543856701202,track,none,0.0,nan,nan,0.0,0.0,5.552478068162849,0.9465613260498722,1.7542166594355444
1781967097.372443,46.76213598251343,-200.0,200.0,0.2,0.050580412724264785,7.520988178117148,0.8739183312340515,0.002814127700078879,0.018732681579489645,1781967097.336207,None,None,None, None, 1781967097.36271,0.9305860367139933,track,none,0.0,nan,nan,0.0,0.0,5.611369003568622,0.9496933357815517,1.7653759040174106
1781967097.4720397,46.861732721328735,-200.0,200.0,0.2,0.051080990697845,7.59055961594867,0.8774576050376197,0.00251889437650428,0.01906223766375845,1781967097.4670405,None,None,None, None, 1781967097.4397602,1.0828899337265288,track,none,0.0,nan,nan,0.0,0.0,5.6687803326688755,0.9529187600000391,1.7784190494473486
1781967097.5727048,46.962397813797,-200.0,199.77820451647779,0.2,0.05159646175023052,7.660153764488256,0.881031991236199,0.0027598942230053955,0.019280996397963043,1781967097.546304,None,None,None, None, 1781967097.5367973,1.0573707548410307,track,none,0.0,nan,nan,0.0,0.0,5.729418418830337,0.9561191742579058,1.7887006331481727
1781967097.6717134,47.06140637397766,-200.0,199.26558198688315,0.2,0.05214718512504625,7.72972464796307,0.8846419335216922,0.0029822786987773867,0.019556503710043298,1781967097.6386855,None,None,None, None, 1781967097.6278412,0.9707490852711793,track,none,0.0,nan,nan,0.0,0.0,5.785365366280283,0.959346296372974,1.801639664802642
1781967097.7727802,47.16247320175171,-200.0,198.77783640645208,0.2,0.05257427088535774,7.799233665228812,0.8882895540145199,0.0016130814209920075,0.019753409217305933,1781967097.7607534,None,None,None, None, 1781967097.7607534,0.9887797135295813,track,none,0.0,nan,nan,0.0,0.0,5.8532546759416295,0.9495761188249037,1.8116746981945242
1781967097.8721485,47.26184153556824,-200.0,198.30831525356248,0.2,0.05291009273738718,7.868679162281005,0.8919624326862277,0.000936282779637914,0.019847430509095577,1781967097.8611732,None,None,None, None, 1781967097.8521378,0.9013951096681142,track,none,0.0,nan,nan,0.0,0.0,5.8532546759416295,0.9495761188249037,1.8116746981945242
1781967097.9716585,47.36135149002075,-200.0,197.8785839225775,0.2,0.05307658213726799,7.938063215002156,0.8956542325552164,-0.0004232349052734887,0.019814773653012097,1781967097.9383333,None,None,None, None, 1781967097.9338152,1.0094175376970382,track,none,0.0,nan,nan,0.0,0.0,5.956059771212192,0.9667986964330403,1.822438129941038
1781967098.0746238,47.464316844940186,-197.28631218805046,200.0,0.2,0.04046364826962148,7.468302420731423,0.8646533732002407,-0.001537813858954491,0.01969387116023629,1781967098.016953,7.462621755688091,0.8642877419816459,0.017025523741023285, 1781967097.971658, 1781967098.016953,1.0882092648269517,track,none,0.0,nan,nan,0.0,0.0,6.004807765257625,0.9586793983909122,1.8345849456305476
1781967098.1721218,47.56181478500366,-197.40485477856393,200.0,0.2,0.040258047715219604,7.508885837380998,0.8662912366090723,-0.0007303676178942701,0.01958756300985977,1781967098.1625073,None,None,None, None, 1781967098.1666734,1.0466740529110659,track,none,0.0,nan,nan,0.0,0.0,5.520350857718715,0.9522542412826501,1.8439673899726887
1781967098.272164,47.66185712814331,-197.63814101976166,200.0,0.2,0.040178188942527886,7.56911893848384,0.8687051731265569,0.0012088672454933812,0.019666956255297532,1781967098.228183,None,None,None, None, 1781967098.2336783,0.9612982542551123,track,none,0.0,nan,nan,0.0,0.0,5.5528115699138425,0.9551003505124888,1.8580790014945685
1781967098.3739264,47.7636194229126,-197.9433088285386,200.0,0.2,0.040257812437387915,7.636692057301532,0.8714111038943315,0.0021177325618999196,0.019817491689702777,1781967098.2992663,None,None,None, None, 1781967098.3077786,1.0570203609381548,track,none,0.0,nan,nan,0.0,0.0,5.601301232190954,0.9584425110290785,1.8736508041428113
1781967098.47161,47.861303091049194,-198.37608967365932,200.0,0.2,0.04079881207086464,7.705797011786373,0.8741946220943688,0.004139655586569709,0.020396922508680932,1781967098.439237,None,None,None, None, 1781967098.4492712,1.075366411827797,track,none,0.0,nan,nan,0.0,0.0,5.660129474248807,0.9615733526946827,1.8853657601597225
1781967098.5720453,47.9617383480072,-198.8047060465789,200.0,0.2,0.041313397858676215,7.775176579440658,0.8770267976371161,0.005214348334694496,0.020873468711984294,1781967098.5306284,None,None,None, None, 1781967098.524105,1.0965149933938951,track,none,0.0,nan,nan,0.0,0.0,5.72561256589417,0.9762643106243458,1.898581176464901
1781967098.6718962,48.06158924102783,-199.27637752034786,200.0,0.2,0.04198255431236976,7.84463963305694,0.8799116852083273,0.004444232123676391,0.021461273822528822,1781967098.662891,None,None,None, None, 1781967098.6510022,1.0408895145264434,track,none,0.0,nan,nan,0.0,0.0,5.783412911384374,0.9785751709146918,1.9102824012635689
1781967098.7723577,48.16205072402954,-199.90428885253056,200.0,0.2,0.04325059680609023,7.914164454416122,0.8828499203656861,0.009274672906559143,0.02215867027129247,1781967098.7380846,None,None,None, None, 1781967098.7485957,1.0016713067021146,track,none,0.0,nan,nan,0.0,0.0,5.84369243899427,0.9806441746209874,1.9208010354860001
1781967098.8720102,48.26170325279236,-200.0,200.0,0.2,0.04447954139637025,7.98376302146827,0.8858973444905303,0.0069675640662660646,0.02266665260126085,1781967098.8109913,None,None,None, None, 1781967098.8144922,1.0463688225220296,track,none,0.0,nan,nan,0.0,0.0,5.898921893554577,0.9814235312361715,1.933901958936619
1781967098.9725487,48.36224174499512,-200.0,200.0,0.2,0.04567293618797445,8.053378730048598,0.8890344069798672,0.00630418337793315,0.023595817972906448,1781967098.95838,None,None,None, None, 1781967098.94131,1.015993246151251,track,none,0.0,nan,nan,0.0,0.0,5.958321667941729,0.9824141105138645,1.9441433201450251
1781967099.0721574,48.46185040473938,-197.02749161239262,200.0,0.2,0.038249451332481754,7.650440461620997,0.8677580295191477,0.0111850297006246,0.024339981879036642,1781967099.024912,7.644353693984826,0.8674425003496758,0.0208713944190011, 1781967098.974066, 1781967099.070651,1.0971934533750594,track,none,0.0,nan,nan,0.0,0.0,6.017273037478872,0.9836333859860216,1.9552897307279853
1781967099.1717422,48.56143522262573,-197.5504812168743,200.0,0.2,0.03954921336480249,7.69396967543727,0.8694490683912761,0.007340632794757453,0.02536741046902286,1781967099.1648767,None,None,None, None, 1781967099.1438198,1.0926658577016977,track,none,0.0,nan,nan,0.0,0.0,5.586737878941065,0.9772532045696463,1.9684057523419582
1781967099.2724316,48.66212463378906,-198.1709430871389,200.0,0.2,0.040922391696243565,7.755620667071713,0.871919873973809,0.008636049729789269,0.026025887270855835,1781967099.2411242,None,None,None, None, 1781967099.218533,0.909050609110921,track,none,0.0,nan,nan,0.0,0.0,5.629523895180118,0.9771644902522426,1.9783157669509905
1781967099.371781,48.76147413253784,-198.8017688594189,200.0,0.2,0.04221442625278658,7.82359035921167,0.8747400504665563,0.007345532047978024,0.02653363270083562,1781967099.3102472,None,None,None, None, 1781967099.3692791,0.9164790196874116,track,none,0.0,nan,nan,0.0,0.0,5.684773913740884,0.9775815162703881,1.9894047363745724
1781967099.4724982,48.86219120025635,-199.50538501809385,200.0,0.2,0.043751475468456494,7.892845446263286,0.8777027867245693,0.009578309965644998,0.027918475095291658,1781967099.4548283,None,None,None, None, 1781967099.4458082,0.9902293665552441,track,none,0.0,nan,nan,0.0,0.0,5.74363699046723,0.9783702618500031,2.001139868204883
1781967099.5713673,48.96106028556824,-200.0,200.0,0.2,0.04564227394855348,7.962361096908025,0.880791792625601,0.011766222386072337,0.028705009969186686,1781967099.521675,None,None,None, None, 1781967099.5151668,0.9017598907749299,track,none,0.0,nan,nan,0.0,0.0,5.802757388949533,0.9784695633410195,2.014454928968847
1781967099.6718674,49.06156039237976,-200.0,200.0,0.2,0.04821153735651461,8.031961212506937,0.8840283171233665,0.016429135810423177,0.030861692842532096,1781967099.652947,None,None,None, None, 1781967099.6489336,1.0083993833206157,track,none,0.0,nan,nan,0.0,0.0,5.859924231645237,0.9777902750622914,2.0289166716679445
1781967099.7724776,49.16217064857483,-200.0,199.5295896763231,0.2,0.04999863630957151,8.101563831424023,0.8874637147534337,0.0072973251071743106,0.03150243471240974,1781967099.740752,None,None,None, None, 1781967099.7248197,0.9533064185812059,track,none,0.0,nan,nan,0.0,0.0,5.920071267512277,0.9753767775973969,2.0421644640542973
1781967099.871982,49.261675119400024,-200.0,198.5210909909478,0.2,0.05247654109775301,8.17111032844682,0.8910068800275113,0.014957670466198544,0.03253091934413438,1781967099.8740897,None,None,None, None, 1781967099.8604016,0.9547390582970817,track,none,0.0,nan,nan,0.0,0.0,5.976637568886271,0.9759484946852819,2.0563011066407784
1781967099.972771,49.36246395111084,-200.0,197.50061584110176,0.2,0.054878030757898835,8.240528317881534,0.8947329508485922,0.012411412301548982,0.033332424226946294,1781967099.8740897,None,None,None, None, 1781967099.9538572,0.9101811830963727,track,none,0.0,nan,nan,0.0,0.0,6.0357889331708146,0.9740844974887589,2.07003985449432
1781967100.0727773,49.462470293045044,-199.9436322183137,200.0,0.2,0.04766370376398992,7.838934713938208,0.8721706484033008,0.006562317245028232,0.03446162266804701,1781967100.0461628,7.832716976009059,0.8718213504653018,0.030439901751130982, 1781967099.976792, 1781967100.0254548,0.9956199585490108,track,none,0.0,nan,nan,0.0,0.0,6.0357889331708146,0.9740844974887589,2.07003985449432
1781967100.173753,49.563446044921875,-200.0,200.0,0.2,0.049130787600392405,7.882560179755073,0.8742894314953595,0.005760599406770835,0.034875038640478355,1781967100.117929,None,None,None, None, 1781967100.1510715,0.9179436233773128,track,none,0.0,nan,nan,0.0,0.0,6.0357889331708146,0.9740844974887589,2.07003985449432
1781967100.271738,49.661431074142456,-200.0,200.0,0.2,0.05028278778483532,7.944508137533527,0.877378590199406,0.004591551901981276,0.035521369316927315,1781967100.2586942,None,None,None, None, 1781967100.2240036,1.0233626624554026,track,none,0.0,nan,nan,0.0,0.0,6.0357889331708146,0.9740844974887589,2.07003985449432
1781967100.3725917,49.76228475570679,-200.0,199.8302435858267,0.2,0.05146638016654556,8.012726021994332,0.8808497240958815,0.006229352096466812,0.035930756902563143,1781967100.3244133,None,None,None, None, 1781967100.3650727,0.9241372558315278,track,none,0.0,nan,nan,0.0,0.0,6.0357889331708146,0.9740844974887589,2.07003985449432
1781967100.4736161,49.863309144973755,-200.0,199.2096009189195,0.2,0.05243532613299316,8.082107035025423,0.8844623352510013,0.004255270425585202,0.036537935111160755,1781967100.4671018,None,None,None, None, 1781967100.4320078,1.0823007214829694,track,none,0.0,nan,nan,0.0,0.0,5.666161010173642,0.9804039802593681,2.081185233965251
1781967100.572335,49.96202802658081,-200.0,198.61094593312717,0.2,0.05327361591628784,8.151582478021528,0.8881435320896003,0.0035408476294342722,0.036790579156326095,1781967100.538453,None,None,None, None, 1781967100.557074,0.9240815978527357,track,none,0.0,nan,nan,0.0,0.0,5.666161010173642,0.9804039802593681,2.081185233965251
1781967100.6729617,50.06265473365784,-200.0,197.93904412947143,0.2,0.05435241463935359,8.221001834781838,0.891877751269206,0.0059611725831299825,0.03724038624378196,1781967100.6139092,None,None,None, None, 1781967100.6461906,1.0374412867627465,track,none,0.0,nan,nan,0.0,0.0,5.9240974520204706,0.9870978148254653,2.1424776595192627
1781967100.7717352,50.16142821311951,-200.0,197.3618863965745,0.2,0.05502119861707316,8.2903352823397,0.8956898192637439,0.0014947230694308995,0.03743199877478795,1781967100.742102,None,None,None, None, 1781967100.722556,0.9459835991427827,track,none,0.0,nan,nan,0.0,0.0,5.982638059814067,0.9888392549761562,2.1527283896873532
1781967100.8725717,50.26226472854614,-200.0,196.85745741046688,0.2,0.055387582507049664,8.35959188779786,0.8995371405203514,-0.000393867821089789,0.03738458452658716,1781967100.862483,None,None,None, None, 1781967100.8538492,0.9250122890540375,track,none,0.0,nan,nan,0.0,0.0,6.038838861308919,0.991957905390628,2.1660740153652864
1781967100.9875424,50.377235412597656,-200.0,200.0,0.2,0.048394334094709106,8.026151854275652,0.878132141981225,-0.001718853611154704,0.0372447695672808,1781967100.943825,8.019357975554573,0.8777058024614093,0.03425518892402657, 1781967100.982337, 1781967100.9363177,0.9284948363219689,track,none,0.0,nan,nan,0.0,0.0,6.097800849054622,0.9956366282114,2.1753026659842116
1781967101.0739264,50.46361947059631,-200.0,200.0,0.2,0.048073052847984944,8.072782026980049,0.8803905414792316,-0.0026336998666385016,0.037052451200740265,1781967101.0168471,None,None,None, None, 1781967101.0983677,1.0222361405758702,track,none,0.0,nan,nan,0.0,0.0,5.741428539028451,0.9902818347549516,2.184697761077956
1781967101.1718547,50.56154775619507,-200.0,200.0,0.2,0.04789170421182481,8.136050707982106,0.8834344052944433,-0.002395256411731311,0.03681039878718265,1781967101.117902,None,None,None, None, 1781967101.168343,0.9983669103607914,track,none,0.0,nan,nan,0.0,0.0,5.783074900055495,0.9945501665231621,2.1965303023137523
1781967101.2726383,50.662331342697144,-200.0,200.0,0.2,0.04748658844018754,8.204568454090493,0.8867094798089283,-0.0026695958484240266,0.03641867512954976,1781967101.2646372,None,None,None, None, 1781967101.2380989,0.9477950569297577,track,none,0.0,nan,nan,0.0,0.0,5.850395544863175,0.9837944180087131,2.2115664808605633
1781967101.373703,50.76339602470398,-200.0,200.0,0.2,0.04704830519427633,8.274027679136388,0.8899980238722662,-0.002539344658153328,0.03621034469055586,1781967101.3466783,None,None,None, None, 1781967101.3446834,0.9699435926341138,track,none,0.0,nan,nan,0.0,0.0,5.910354142916314,0.988906732176717,2.2267859230095546
1781967101.4723892,50.8620822429657,-200.0,199.87117869298368,0.2,0.04635680422592887,8.343620536977058,0.8932609154696536,-0.0046406324692601615,0.03587480060738557,1781967101.418984,None,None,None, None, 1781967101.4149866,0.932236702860843,track,none,0.0,nan,nan,0.0,0.0,5.954754942067592,0.9795573332536097,2.244432046460076
1781967101.5721529,50.96184587478638,-200.0,199.6725270394073,0.2,0.04585062737247832,8.413219282412406,0.8964695284728634,-0.0022597100176622786,0.03553888678793128,1781967101.5676374,None,None,None, None, 1781967101.5487437,1.060487718357839,track,none,0.0,nan,nan,0.0,0.0,6.013817503298881,0.9851356911852011,2.2582689903065543
1781967101.6725419,51.06223487854004,-200.0,199.49501729435644,0.2,0.045273212098583815,8.482797827702775,0.8996458374081158,-0.003327721598014154,0.03525152703979954,1781967101.6539907,None,None,None, None, 1781967101.6494832,0.9851576086068969,track,none,0.0,nan,nan,0.0,0.0,6.072950021596987,0.9901181894509702,2.273611573037135
1781967101.7714498,51.16114282608032,-200.0,199.31881003215616,0.2,0.04470570799202292,8.552355609960763,0.9027805284286217,-0.0031907147116415134,0.03502417808815184,1781967101.725244,None,None,None, None, 1781967101.7273955,1.014822202493486,track,none,0.0,nan,nan,0.0,0.0,6.130874781462774,0.9955126260177397,2.2875338040101205
1781967101.872638,51.26233100891113,-200.0,199.23895334241473,0.2,0.04377980059728833,8.621892549615492,0.905875398722884,-0.006422639311360893,0.03413872661730982,1781967101.8631082,None,None,None, None, 1781967101.857558,1.0829178757754874,track,none,0.0,nan,nan,0.0,0.0,6.191357247537289,1.0006523382932107,2.295701027964426
1781967101.9719656,51.361658573150635,-200.0,199.0836116391537,0.2,0.0431745057665931,8.691420791912709,0.9088968377412812,-0.0026591194972990016,0.033930569549346416,1781967101.9413886,None,None,None, None, 1781967101.9280887,0.9955387802457958,track,none,0.0,nan,nan,0.0,0.0,6.250394522127604,1.0068211347950273,2.303794582326794
1781967102.0718136,51.461506605148315,-198.74007281330566,200.0,0.2,0.03816182987459189,8.215285181049913,0.8843014530468526,-0.005930749713160152,0.03317193967395906,1781967102.0693033,8.209400921859785,0.8840040254076609,0.030406758561040803, 1781967101.989186, 1781967102.0592391,0.936947744415768,track,none,0.0,nan,nan,0.0,0.0,6.305265715269247,1.0121373926612722,2.3158630215561633
1781967102.1715205,51.56121349334717,-198.65686762387887,200.0,0.2,0.03723710968235225,8.255455569238098,0.8858170975620112,-0.004779462002659721,0.03282044677552384,1781967102.1428456,None,None,None, None, 1781967102.1368625,0.9313848212887715,track,none,0.0,nan,nan,0.0,0.0,5.790378730964618,0.9991302857355401,2.323796031490266
1781967102.2718225,51.66151547431946,-198.64839986684981,200.0,0.2,0.036321493655923597,8.315627923326534,0.8880293940944028,-0.004284121995729608,0.03252368200668371,1781967102.2121165,None,None,None, None, 1781967102.2653167,1.0452231999849972,track,none,0.0,nan,nan,0.0,0.0,5.844861095770415,0.9882803530454884,2.332675665663202
1781967102.3719018,51.76159477233887,-198.6809190020585,200.0,0.2,0.03547787417724077,8.383306770841745,0.890455574651341,-0.003631266546616869,0.03200846219679607,1781967102.3540008,None,None,None, None, 1781967102.3316972,1.0975825236205734,track,none,0.0,nan,nan,0.0,0.0,5.940777219960759,0.996265345521703,2.346148860428269
1781967102.4717946,51.86148762702942,-198.7885163734505,200.0,0.2,0.03492360590235367,8.452522155612758,0.8928802701211822,-0.001250554041663285,0.03191360050460502,1781967102.4298565,None,None,None, None, 1781967102.3979695,0.9944326015093404,track,none,0.0,nan,nan,0.0,0.0,5.940777219960759,0.996265345521703,2.346148860428269
1781967102.5719237,51.96161675453186,-198.95038462694697,200.0,0.2,0.03458790503214842,8.521977211047787,0.8952828430972772,-0.000260683710481614,0.03187904731354523,1781967102.5624049,None,None,None, None, 1781967102.5572033,1.0541966143790804,track,none,0.0,nan,nan,0.0,0.0,6.00230579166505,1.0007608668749801,2.359113057372816
1781967102.6726997,52.062392711639404,-199.16386979578704,200.0,0.2,0.0344586177935404,8.591483368473497,0.8976713507488796,0.0007035184826221613,0.03193635542529991,1781967102.6438642,None,None,None, None, 1781967102.6438642,0.9916955228479458,track,none,0.0,nan,nan,0.0,0.0,6.060106070501202,1.0047385298673661,2.375191602939717
1781967102.7721844,52.161877393722534,-199.4198671827343,200.0,0.2,0.03449671663060984,8.6610200866256,0.9000592445779603,0.0013571617379340686,0.032033934559045414,1781967102.7157636,None,None,None, None, 1781967102.7163355,0.9379391876819501,track,none,0.0,nan,nan,0.0,0.0,6.118001325488718,1.0079594363431765,2.3884390004440696
1781967102.8720145,52.26170754432678,-199.72885395211472,200.0,0.2,0.03473926605233705,8.730588918392522,0.9024600932847369,0.0017526388673427668,0.032272871621808724,1781967102.8520935,None,None,None, None, 1781967102.8510997,1.0267271863119787,track,none,0.0,nan,nan,0.0,0.0,6.17758958070939,1.0107284483893069,2.4002058336177434
1781967102.971892,52.36158514022827,-200.0,200.0,0.2,0.03504180581425639,8.800195855994977,0.9048791604109576,0.0030600247786080653,0.03251109413759675,1781967102.9299433,None,None,None, None, 1781967102.9238372,1.0837985249149484,track,none,0.0,nan,nan,0.0,0.0,6.23526268434066,1.013160283062303,2.4149636107399624
1781967103.0776,52.46729302406311,-198.04949332299395,200.0,0.2,0.03330360148750424,8.405198863828911,0.8898477599153541,0.0028925221242414607,0.03271099403172537,1781967102.9990525,8.399212407825035,0.8896225086790857,0.029125197151016916, 1781967102.995048, 1781967103.0806832,1.0966745329087386,track,none,0.0,nan,nan,0.0,0.0,6.293693063861916,1.015259101474053,2.4273863287240567
1781967103.1720436,52.56173658370972,-198.29075281767712,200.0,0.2,0.03363227836216164,8.44960704098052,0.8913318842493538,0.002362337845390024,0.032928661997636846,1781967103.0911934,None,None,None, None, 1781967103.161896,0.9168163868366763,track,none,0.0,nan,nan,0.0,0.0,5.875477635355137,1.0046136332882425,2.4388487714141283
1781967103.2724216,52.66211462020874,-198.6031318922137,200.0,0.2,0.03399446514814982,8.511748834832009,0.8934226427241903,0.004406940314556738,0.03364131262392737,1781967103.2529044,None,None,None, None, 1781967103.2276971,0.9508499282428692,track,none,0.0,nan,nan,0.0,0.0,5.913872015668408,1.0061385466060657,2.4527086598316856
1781967103.3716037,52.76129674911499,-199.01890351159662,200.0,0.2,0.03466517441368646,8.57989473782897,0.8957513878023917,0.004851704938569633,0.033992636663372856,1781967103.325317,None,None,None, None, 1781967103.3729548,1.0490636656107761,track,none,0.0,nan,nan,0.0,0.0,5.971377648844071,1.007851052549831,2.4632250256982675
1781967103.4725466,52.862239599227905,-199.51103338602394,200.0,0.2,0.035603988475230386,8.649219290294834,0.898172478991313,0.006551786458918026,0.03480914971423908,1781967103.4499414,None,None,None, None, 1781967103.4584656,1.0763353277624772,track,none,0.0,nan,nan,0.0,0.0,6.029280656070131,1.009011933249563,2.4761619231404786
1781967103.5723398,52.96203279495239,-199.9953336257091,200.0,0.2,0.03649152718273281,8.718765985590505,0.9006758406904822,0.0049789092081991854,0.0352035661254803,1781967103.5291588,None,None,None, None, 1781967103.5291588,1.0818485933751003,track,none,0.0,nan,nan,0.0,0.0,6.0884579550181535,1.0093005313908114,2.4869540104295584
1781967103.6715546,53.06124758720398,-200.0,200.0,0.2,0.03770031215148063,8.788394636457404,0.9032458417287472,0.007626022941187251,0.036192373611633924,1781967103.658821,None,None,None, None, 1781967103.6625078,0.9414865560124409,track,none,0.0,nan,nan,0.0,0.0,6.147543308246722,1.0099201550390284,2.496754802714559
1781967103.77148,53.16117310523987,-200.0,200.0,0.2,0.039055007154597345,8.858031544280584,0.9059088982327097,0.007964300039713705,0.03675760234973245,1781967103.7297914,None,None,None, None, 1781967103.7297914,0.9558224724326174,track,none,0.0,nan,nan,0.0,0.0,6.203602169081499,1.009608366474613,2.509155338677455
1781967103.8723776,53.262070655822754,-200.0,199.83713707946356,0.2,0.04033930502099092,8.927666091153249,0.9086718037076622,0.0067338553501897006,0.03763016422844462,1781967103.8593698,None,None,None, None, 1781967103.8603704,1.0276948888004902,track,none,0.0,nan,nan,0.0,0.0,6.262669498337431,1.0089526833720304,2.51895524043049
1781967103.9717278,53.36142086982727,-200.0,199.25361023669515,0.2,0.04146864472685776,8.997279116161542,0.9115233019588089,0.005377218277667352,0.03807500640718032,1781967103.942097,None,None,None, None, 1781967103.934059,0.9864113427106068,track,none,0.0,nan,nan,0.0,0.0,6.320720164198364,1.0087576315456481,2.5289125015624596
1781967104.0724974,53.46219038963318,-200.0,200.0,0.2,0.03999726575922963,8.593859773704681,0.8956337028341019,0.005540202973549368,0.03856061345916958,1781967104.0297484,8.587614458109604,0.8953852611454612,0.03503165880093828, 1781967103.998244, 1781967104.024047,1.02055361483427,track,none,0.0,nan,nan,0.0,0.0,6.376701331845801,1.009238102667811,2.541884079859309
1781967104.1714308,53.561123847961426,-200.0,200.0,0.2,0.04104845212453872,8.637519038116066,0.8974033587370087,0.005395126828558641,0.03931118533977545,1781967104.1688688,None,None,None, None, 1781967104.163858,1.0073448551283908,track,none,0.0,nan,nan,0.0,0.0,5.940376174604266,0.9967563868177967,2.5524139636960634
1781967104.2724757,53.662168741226196,-200.0,200.0,0.2,0.04200524268071932,8.699499034167495,0.8999795439785672,0.004646209754858328,0.039637105405196174,1781967104.2390163,None,None,None, None, 1781967104.2318695,1.032808527388508,track,none,0.0,nan,nan,0.0,0.0,5.9834712213006815,0.9967283605074823,2.5657217903771463
1781967104.3723989,53.762091875076294,-200.0,199.74369229205504,0.2,0.04301594326935591,8.767745755486015,0.9028787621765559,0.005534734798422586,0.04003556423180056,1781967104.3110087,None,None,None, None, 1781967104.367386,1.0929865568961925,track,none,0.0,nan,nan,0.0,0.0,6.043388547896241,0.9976419298540732,2.578375157900839
1781967104.4715128,53.86120581626892,-200.0,199.212783967728,0.2,0.04387167662856791,8.837145889849266,0.9058989314531942,0.003890685427578742,0.040598970527625754,1781967104.4558177,None,None,None, None, 1781967104.4377928,0.931636940616997,track,none,0.0,nan,nan,0.0,0.0,6.043388547896241,0.9976419298540732,2.578375157900839
1781967104.5722108,53.9619038105011,-200.0,198.70285705018313,0.2,0.044608186402779436,8.906649674035561,0.9089809658820656,0.0030891305960915774,0.04084328875923678,1781967104.5349073,None,None,None, None, 1781967104.5080738,1.074427143513915,track,none,0.0,nan,nan,0.0,0.0,6.140925124459008,0.9989543701165191,2.589110095560193
1781967104.6740904,54.063783407211304,-200.0,198.16234493520216,0.2,0.045430072086444305,8.976109064040392,0.912110280937398,0.004087035292637789,0.041137153946281674,1781967104.6068091,None,None,None, None, 1781967104.5837433,0.9200334725121677,track,none,0.0,nan,nan,0.0,0.0,6.21020252846807,1.0171367405827227,2.603115894962546
1781967104.7726102,54.16230320930481,-192.90441627639248,200.0,0.2,0.045957626649654255,9.0455002176917,0.9152969353236671,0.0011172889807514925,0.04131846796086322,1781967104.7690895,None,None,None, None, 1781967104.7609062,0.962506088823447,track,none,0.0,nan,nan,0.0,0.0,6.270347648491929,1.018532054420414,2.6155353090709856
1781967104.8755953,54.26528835296631,-192.35915856511676,200.0,0.2,0.04646025603708172,9.11430593894967,0.9184613111160311,0.004490568856271893,0.04173580150182134,1781967104.862025,None,None,None, None, 1781967104.8419776,0.9094516359839665,track,none,0.0,nan,nan,0.0,0.0,6.328977579736984,1.0208650872846081,2.6283536036095807
1781967104.9717765,54.36146950721741,-191.75361602161917,200.0,0.2,0.047185713763270555,9.182969767480294,0.921645292199571,0.0073369779944880914,0.04221001336188293,1781967104.9266582,None,None,None, None, 1781967104.9189508,1.0080131017016372,track,none,0.0,nan,nan,0.0,0.0,6.38401797410356,1.0232585215489858,2.6418691845221915
1781967105.0728939,54.462586879730225,-200.0,199.10780133497602,0.2,0.045694720335694675,8.778842469974045,0.9023478297917709,0.013813765181942952,0.043939253505199845,1781967105.0518405,8.772599435543915,0.902050199145248,0.0396036360956078, 1781967105.002335, 1781967105.0593562,0.9182221169154917,track,none,0.0,nan,nan,0.0,0.0,6.445077871351111,1.0248128522089668,2.6506553856743436
1781967105.1723018,54.561994791030884,-200.0,198.4433899539396,0.2,0.04746135940587398,8.821619762466913,0.9043264586609183,0.013077831808489935,0.04486395195905065,1781967105.1225479,None,None,None, None, 1781967105.1317387,0.9988070237265113,track,none,0.0,nan,nan,0.0,0.0,6.0173326723916265,1.0090213961017922,2.6652753234529585
1781967105.2716985,54.661391496658325,-200.0,197.59069647622155,0.2,0.04952612481083711,8.883005864976079,0.9072958388924377,0.011886887391210766,0.04661898857396767,1781967105.2701926,None,None,None, None, 1781967105.2701926,0.9258073522783375,track,none,0.0,nan,nan,0.0,0.0,6.0173326723916265,1.0090213961017922,2.6652753234529585
1781967105.3716724,54.76136541366577,-200.0,196.63865963841786,0.2,0.051744848681937905,8.950826573070438,0.9107285077652421,0.0116633678063944,0.04746124015087764,1781967105.342406,None,None,None, None, 1781967105.335406,0.933443227513085,track,none,0.0,nan,nan,0.0,0.0,6.110412803663255,1.0037462731773559,2.6950327405352197
1781967105.4722052,54.86189818382263,-194.61926042589764,200.0,0.2,0.05346605620792381,9.019790668214469,0.9143808235714665,0.006087863007969825,0.04824527220608609,1781967105.4711921,None,None,None, None, 1781967105.4711921,1.0586947790263974,track,none,0.0,nan,nan,0.0,0.0,6.167237220179273,1.0012395513510248,2.7108646216675374
1781967105.5719414,54.961634397506714,-194.3840164136701,200.0,0.2,0.05472548704374227,9.08869918649916,0.9181135529218665,0.0061322845579423885,0.04867287667452158,1781967105.5409222,None,None,None, None, 1781967105.5323994,0.928550646561099,track,none,0.0,nan,nan,0.0,0.0,6.2263626931816605,1.0006637389161548,2.723690905687731
1781967105.6720836,55.061776638031006,-194.03812270684853,200.0,0.2,0.055737151233838614,9.15757120954264,0.9219118181454604,0.0061322845579423885,0.04989933358611006,1781967105.6771784,None,None,None, None, 1781967105.676159,1.0256168082386634,track,none,0.0,nan,nan,0.0,0.0,6.284076759344495,1.0017059554649186,2.7373477159007766
1781967105.7718685,55.161561489105225,-193.71731827241203,200.0,0.2,0.05730769794078694,9.22639767771483,0.9257660815573843,0.012338501565716906,0.052429634459684626,1781967105.7459958,None,None,None, None, 1781967105.744996,1.0736396894760256,track,none,0.0,nan,nan,0.0,0.0,6.3418640208336425,1.0032990852774564,2.754721927432554
1781967105.8738487,55.26354169845581,-193.33643601458905,200.0,0.2,0.05903368470733251,9.295176408545345,0.9297364684594527,0.012523252166534141,0.05335070156511935,1781967105.8195443,None,None,None, None, 1781967105.8205569,1.011499130838606,track,none,0.0,nan,nan,0.0,0.0,6.400789591218106,1.0024518526781312,2.7681782254527976
1781967105.9716964,55.36138939857483,-192.9996435985436,200.0,0.2,0.06159324891995244,9.363900556528417,0.9338277512998161,0.01930411797715827,0.05592016314546448,1781967105.9526486,None,None,None, None, 1781967105.9566624,0.9416485210948851,track,none,0.0,nan,nan,0.0,0.0,6.456291389958344,1.001427767967919,2.778601362960706
1781967106.072164,55.461857080459595,-200.0,194.39997128085508,0.2,0.06011885926596469,8.967252580968845,0.9104899343253584,0.01716853546371035,0.05720327284320395,1781967106.0273848,8.961107094142125,0.9101251157796549,0.052329022588249785, 1781967106.003925, 1781967106.030386,1.0850352268038044,track,none,0.0,nan,nan,0.0,0.0,6.515008793772448,1.0333970917047584,2.7828439457562615
1781967106.1717372,55.56143021583557,-196.31551182955863,200.0,0.2,0.06284940659057395,9.01027389675367,0.9131351049598742,0.014560435865092156,0.05921757043041575,1781967106.1657252,None,None,None, None, 1781967106.1657252,1.0400311730165672,track,none,0.0,nan,nan,0.0,0.0,6.0830921700210006,1.0127074913145622,2.7872715079879207
1781967106.2716646,55.66135764122009,-196.5281451764705,200.0,0.2,0.06553708231128025,9.071501381452915,0.9170576008426004,0.015562110307727148,0.06031910543618068,1781967106.2365084,None,None,None, None, 1781967106.2330112,1.0961829410569464,track,none,0.0,nan,nan,0.0,0.0,6.127109830324383,1.0077546219531068,2.798993327954965
1781967106.3718402,55.76153326034546,-196.6803891301374,200.0,0.2,0.06811379246148391,9.139116505056634,0.921569315202234,0.014623438869426016,0.06157168965809261,1781967106.3221643,None,None,None, None, 1781967106.3718402,1.0278499113778548,track,none,0.0,nan,nan,0.0,0.0,6.224935959678611,1.0036510652879853,2.8147449713410646
1781967106.4724648,55.86215782165527,-196.94228381595147,200.0,0.2,0.07140410610171227,9.20799454790529,0.926340035730739,0.021458867564360978,0.0643290975345568,1781967106.4506617,None,None,None, None, 1781967106.440092,1.0800150372977009,track,none,0.0,nan,nan,0.0,0.0,6.2452235733482775,1.0022617267771383,2.8338066696162163
1781967106.5729792,55.96267223358154,-197.1798675609168,200.0,0.2,0.07459489277468682,9.277073347572996,0.9313711528937354,0.01831567192870922,0.06556531578308097,1781967106.5181568,None,None,None, None, 1781967106.5613875,0.9756002755982089,track,none,0.0,nan,nan,0.0,0.0,6.2452235733482775,1.0022617267771383,2.8338066696162163
1781967106.6718225,56.06151556968689,-197.4362244937447,200.0,0.2,0.07795704899072936,9.346192061544327,0.9366283919346934,0.019631029643448702,0.0681830647301246,1781967106.6515043,None,None,None, None, 1781967106.6252587,0.9642894366048956,track,none,0.0,nan,nan,0.0,0.0,6.336514745562692,0.9946012517581916,2.8516107557035304
1781967106.7723055,56.16199851036072,-197.81590741812312,200.0,0.2,0.0820558050111101,9.415328155681511,0.9421260056885572,0.02554726147103164,0.070077676534517,1781967106.7256653,None,None,None, None, 1781967106.7620833,1.0331680651916026,track,none,0.0,nan,nan,0.0,0.0,6.4091180201497,1.0079759450548704,2.8663673605874846
1781967106.8730826,56.26277565956116,-198.10775869357923,200.0,0.2,0.08564390184188872,9.484485845180515,0.947931219420731,0.018741683801767717,0.07149536830050207,1781967106.801309,None,None,None, None, 1781967106.844686,0.9659414515073744,track,none,0.0,nan,nan,0.0,0.0,6.466180893973312,1.001266876339642,2.8716177700419303
1781967106.9727511,56.362444162368774,-198.3723806331303,200.0,0.2,0.08916963856326561,9.55366141547439,0.9539805274428588,0.019004122115204657,0.07433565336561604,1781967106.9507654,None,None,None, None, 1781967106.918082,1.027209419036095,track,none,0.0,nan,nan,0.0,0.0,6.511504064675308,1.01518488719746,2.876518562154826
1781967107.0724432,56.46213626861572,-199.49421305576337,200.0,0.2,0.08533345109960029,9.154293091562806,0.9213617472149498,0.016672734000200463,0.07540579517356844,1781967107.0149505,9.148104811072088,0.9208478240165183,0.07174474848820545, 1781967107.012437, 1781967106.988908,0.9729050961033215,track,none,0.0,nan,nan,0.0,0.0,6.568466267941884,1.010774932727904,2.88219239880854
1781967107.1722167,56.561909675598145,-200.0,200.0,0.2,0.0886241304400947,9.197959891240433,0.9251605493395889,0.018856277018891685,0.07799520285890386,1781967107.152274,None,None,None, None, 1781967107.1422513,1.0010943125060208,track,none,0.0,nan,nan,0.0,0.0,6.15558852122949,0.9891591475209296,2.8887176556487737
1781967107.2722971,56.66199016571045,-200.0,200.0,0.2,0.09167076872348802,9.25980340131421,0.9307513250840316,0.015140345879094548,0.07899984396813065,1781967107.2186291,None,None,None, None, 1781967107.2682846,0.9886968575909405,track,none,0.0,nan,nan,0.0,0.0,6.190433844550735,0.9832295883812961,2.9073534134820327
1781967107.3721921,56.76188516616821,-200.0,200.0,0.2,0.09445182945358509,9.327829682872805,0.9371030020765332,0.013556111226068942,0.08073704650747142,1781967107.3467782,None,None,None, None, 1781967107.3372679,0.9774146561591069,track,none,0.0,nan,nan,0.0,0.0,6.242496569818028,0.9798857032061183,2.926722762870505
1781967107.4721472,56.86184024810791,-200.0,200.0,0.2,0.096812643112989,9.39700727898777,0.943747997279722,0.01072188907456845,0.08150522159267627,1781967107.4184237,None,None,None, None, 1781967107.473654,1.0952468822876928,track,none,0.0,nan,nan,0.0,0.0,6.300962630608428,0.9780560490724576,2.9414782308953757
1781967107.5716884,56.96138143539429,-200.0,199.57969800117,0.2,0.09928849139928896,9.466336661696047,0.9505603241620264,0.013213539417553117,0.08322082208676887,1781967107.5482602,None,None,None, None, 1781967107.5628533,1.0437867015299866,track,none,0.0,nan,nan,0.0,0.0,6.373665799354025,0.9965659689854458,2.9572749241479395
1781967107.6720343,57.06172728538513,-200.0,198.92811810535417,0.2,0.10169179406078507,9.5356245571871,0.9575434366628031,0.012370240869576327,0.08407480232395466,1781967107.6172953,None,None,None, None, 1781967107.6358175,1.03101155459456,track,none,0.0,nan,nan,0.0,0.0,6.430256574257911,0.995913793351169,2.9749763902092674
1781967107.7722313,57.16192436218262,0.0,0.0,0.2,0.10372721464846017,9.604820210332594,0.9646856048706738,0.009071136181839334,0.08520759351843833,1781967107.742174,None,None,None, None, 1781967107.768722,0.9200131998693202,arrived,none,0.0,nan,nan,0.0,0.0,6.491508176938643,0.9956339357401223,2.9862747055389303
1781967107.873165,57.26285791397095,0.0,0.0,0.2,0.10558070503475117,9.64405879352352,0.9688094952010786,0.008811435263366526,0.08634844882528961,1781967107.8716483,None,None,None, None, 1781967107.8340003,1.0723922275998874,arrived,none,0.0,nan,nan,0.0,0.0,6.550515715088122,0.9968731533875905,2.995590143333147
1781967107.9716094,57.36130237579346,0.0,0.0,0.2,0.10724031316571093,9.673659008491818,0.97197279087003,0.00789509851218879,0.08686869321315366,1781967107.937543,None,None,None, None, 1781967107.9560878,0.9933317236573562,arrived,none,0.0,nan,nan,0.0,0.0,6.574579547473379,0.9944204379332221,2.9982930293129813
1781967108.0719147,57.461607694625854,0.0,0.0,0.2,0.10049493447859979,9.320624643056798,0.9338585483996465,0.006729924555104939,0.08745960322721241,1781967108.0253463,9.315643614170845,0.9333206309887208,0.084738776599532, 1781967108.020155, 1781967108.050887,1.0632884469782302,arrived,none,0.0,nan,nan,0.0,0.0,6.59872036122051,0.9922236166311452,2.998393628267758
1781967108.172284,57.56197690963745,0.0,0.0,0.2,0.10195186937170476,9.303484393596149,0.932118931279529,0.008196120687468509,0.08861879539849322,1781967108.166778,None,None,None, None, 1781967108.1245792,1.0325460675695048,arrived,none,0.0,nan,nan,0.0,0.0,6.2249225148514205,0.9730885672132504,2.997027165545031
1781967108.271554,57.66124701499939,0.0,0.0,0.2,0.1035836075116791,9.28818369354342,0.9305430656461695,0.009498958453996332,0.08924808182881903,1781967108.233026,None,None,None, None, 1781967108.2566066,1.012804865755459,arrived,none,0.0,nan,nan,0.0,0.0,6.208260604979062,0.9666937032243903,2.993766051865209
1781967108.3739731,57.7636661529541,0.0,0.0,0.2,0.10485032004897629,9.274349604981099,0.9290944901429263,0.005335879406714167,0.08963738323970552,1781967108.3059852,None,None,None, None, 1781967108.3406177,0.945947739372568,arrived,none,0.0,nan,nan,0.0,0.0,6.194094547472774,0.9596891307659234,2.9903233853216764
1781967108.4766326,57.86632561683655,0.0,0.0,0.2,0.10599094536101755,9.261714200500943,0.9277569409690223,0.00534085518603501,0.09011279186142349,1781967108.4891806,None,None,None, None, 1781967108.4145687,0.9197180754817489,arrived,none,0.0,nan,nan,0.0,0.0,6.168736189743921,0.9739757556139309,2.9855712428038386
1781967108.573609,57.96330213546753,0.0,0.0,0.2,0.10734597053484703,9.250078938898682,0.926512671886627,0.007841882280935138,0.09085135426219151,1781967108.582623,None,None,None, None, 1781967108.50122,0.9040755762644527,arrived,none,0.0,nan,nan,0.0,0.0,6.168736189743921,0.9739757556139309,2.9855712428038386
1781967108.6725402,58.062233209609985,0.0,0.0,0.2,0.10855388459454676,9.239292337589623,0.9253436769781729,0.006012481727460675,0.09184999752526464,1781967108.6552756,None,None,None, None, 1781967108.6670148,1.0339503084438288,arrived,none,0.0,nan,nan,0.0,0.0,6.150884311204147,0.9634093990960326,2.9755480325640775
1781967108.7716818,58.16137480735779,0.0,0.0,0.2,0.1096209822819297,9.229235094690662,0.9242418419895468,0.00507503071052649,0.09227497815647961,1781967108.739015,None,None,None, None, 1781967108.739015,1.0273716305131888,arrived,none,0.0,nan,nan,0.0,0.0,6.150884311204147,0.9634093990960326,2.9755480325640775
1781967108.872605,58.26229810714722,0.0,0.0,0.2,0.11062615323617445,9.219811932535695,0.923199863524605,0.0049849099410570925,0.09269012901862284,1781967108.8222966,None,None,None, None, 1781967108.8238037,1.0081099803141058,arrived,none,0.0,nan,nan,0.0,0.0,6.138545534412974,0.9564942196626645,2.97438385652756
1781967108.9722784,58.361971378326416,0.0,0.0,0.2,0.11162531607012607,9.210945519535699,0.9222107428720836,0.005201657978950072,0.09345988511705171,1781967108.9702795,None,None,None, None, 1781967108.9737868,0.9301547526633396,arrived,none,0.0,nan,nan,0.0,0.0,6.132001071574345,0.9521076656479964,2.9732871914743026
1781967109.0720823,58.46177530288696,0.0,0.0,0.2,0.10530323951838108,9.36784436550709,0.9374087539353129,0.0038933518481765457,0.09377786833647665,1781967109.0519528,9.370027133700933,0.9376219234812766,0.09152428806877921, 1781967109.030489, 1781967109.0553017,1.0411675550724522,arrived,none,0.0,nan,nan,0.0,0.0,6.128303535451293,0.9478380745884368,2.9709529277446993
1781967109.171856,58.561548948287964,0.0,0.0,0.2,0.1060287208108587,9.377847680131953,0.938469764663239,0.0035697025573520184,0.09402326887627642,1781967109.1206982,None,None,None, None, 1781967109.1337385,1.0401413504686983,arrived,none,0.0,nan,nan,0.0,0.0,6.292599949099483,0.9827121208239649,2.9691075134047993
1781967109.2718697,58.66156268119812,0.0,0.0,0.2,0.10705595087672101,9.38722384294569,0.9394708785369907,0.006834874545842625,0.09450329520113676,1781967109.1909301,None,None,None, None, 1781967109.2678645,0.9837661723780102,arrived,none,0.0,nan,nan,0.0,0.0,6.3062697556732354,0.9814687562666029,2.9671283903351013
1781967109.3715734,58.761266469955444,0.0,0.0,0.2,0.10796203648651546,9.396048418023689,0.940423318744072,0.004484240809946439,0.0951660765438407,1781967109.3387325,None,None,None, None, 1781967109.3300617,1.0952792342626916,arrived,none,0.0,nan,nan,0.0,0.0,6.320482330456581,0.9790425043107874,2.964402995151488
1781967109.4723,58.861993074417114,0.0,0.0,0.2,0.10880917998148244,9.404384498689911,0.9413304042704809,0.004216454276772079,0.09546985437831897,1781967109.4761286,None,None,None, None, 1781967109.4693005,0.9509094284596189,arrived,none,0.0,nan,nan,0.0,0.0,6.333570854047322,0.9770903122446006,2.9621372450793313
1781967109.5728135,58.96250653266907,0.0,0.0,0.2,0.10952043656895533,9.412284611589502,0.9421965978795104,0.003220209790121902,0.09593359623814582,1781967109.554788,None,None,None, None, 1781967109.5557303,1.0674180880112976,arrived,none,0.0,nan,nan,0.0,0.0,6.346807679778861,0.9753413762059249,2.959087085428129
1781967109.6722672,59.061960220336914,0.0,0.0,0.2,0.11019952599906034,9.41979322898275,0.9430248512655179,0.0033727366273044977,0.09620641911481663,1781967109.6356788,None,None,None, None, 1781967109.6356788,0.9504151419048574,arrived,none,0.0,nan,nan,0.0,0.0,6.359125446291123,0.9740247644078909,2.9562433792626996
1781967109.7722728,59.16196584701538,0.0,0.0,0.2,0.11089292823977215,9.426948124257324,0.9438188360489921,0.0036797647441299394,0.09648600744888912,1781967109.7116587,None,None,None, None, 1781967109.783993,0.9383069540623032,arrived,none,0.0,nan,nan,0.0,0.0,6.38412458575589,0.9915384517783105,2.953383447717001
1781967109.8719792,59.261672258377075,0.0,0.0,0.2,0.11150795606591277,9.433781740722225,0.9445819655077017,0.002985899745745872,0.09694973447212804,1781967109.8669643,None,None,None, None, 1781967109.8603234,1.0875098392348979,arrived,none,0.0,nan,nan,0.0,0.0,6.397187340881173,0.9900952724868659,2.949671642064249
1781967109.9721725,59.361865520477295,0.0,0.0,0.2,0.11211430129019839,9.440322312643364,0.9453162568036113,0.003124336848881295,0.09720073372530294,1781967109.9473011,None,None,None, None, 1781967109.9503012,0.9006812068301967,arrived,none,0.0,nan,nan,0.0,0.0,6.408861328516247,0.9889065369066341,2.9466908125921325
1781967110.0717542,59.46144723892212,0.0,0.0,0.2,0.10696390634177101,9.394793487394761,0.939611773947734,0.003386557723131744,0.0974553385464963,1781967110.0224822,9.394109347394345,0.9395270844001846,0.09584979967297613, 1781967110.032097, 1781967110.030094,1.099088816251522,arrived,none,0.0,nan,nan,0.0,0.0,6.420758285277684,0.987693116271168,2.9431930873936625
1781967110.174006,59.5636990070343,0.0,0.0,0.2,0.10758248582976454,9.395066884626706,0.9396412009020519,0.0037059719587294623,0.09798892625352297,1781967110.1664627,None,None,None, None, 1781967110.1825392,1.0628465403826513,arrived,none,0.0,nan,nan,0.0,0.0,6.3797292049026115,0.9972261423528237,2.9370072942618424
1781967110.2740352,59.6637282371521,0.0,0.0,0.2,0.1080887632195238,9.39533945396799,0.9396707175029445,0.002195002807152753,0.09814225864251502,1781967110.2363179,None,None,None, None, 1781967110.2543397,0.9169069720307568,arrived,none,0.0,nan,nan,0.0,0.0,6.385026891498613,0.9952304266013138,2.930383373768879
1781967110.3739061,59.763599157333374,0.0,0.0,0.2,0.10859264974318114,9.395611233948006,0.9397002753822878,0.002605925588940786,0.09832558781496069,1781967110.3066688,None,None,None, None, 1781967110.3201134,0.9921510137973428,arrived,none,0.0,nan,nan,0.0,0.0,6.391327661441316,0.9936231441139255,2.9228355903651457
1781967110.471453,59.861145973205566,0.0,0.0,0.2,0.10943019105365366,9.395882227749814,0.9397298838720306,0.005709223421815094,0.09915448682647916,1781967110.4518547,None,None,None, None, 1781967110.466946,0.9623676734557396,arrived,none,0.0,nan,nan,0.0,0.0,6.397102340321868,0.9920073175813106,2.915759633179054
1781967110.572378,59.96207094192505,0.0,0.0,0.2,0.1103204701498849,9.396152338556146,0.939759658110759,0.005159461508164925,0.09949217334010262,1781967110.5173047,None,None,None, None, 1781967110.5355942,0.9091288405850361,arrived,none,0.0,nan,nan,0.0,0.0,6.404969574274531,0.9889525074365183,2.9062747182353217
1781967110.671968,60.06166100502014,0.0,0.0,0.2,0.11102312333131699,9.396421557237986,0.9397895882364046,0.0031417370962807806,0.09989931640209147,1781967110.6468964,None,None,None, None, 1781967110.6744804,1.0503671483085917,arrived,none,0.0,nan,nan,0.0,0.0,6.410978025063098,0.9859969147735288,2.899144641350945
1781967110.7725794,60.162272453308105,0.0,0.0,0.2,0.11157449219333695,9.396689944844917,0.9398196008542234,0.0022614396678068307,0.10005662279980616,1781967110.7164567,None,None,None, None, 1781967110.7399356,0.9727965157928786,arrived,none,0.0,nan,nan,0.0,0.0,6.417073424951656,0.9839312303325167,2.8919985909018204
1781967110.8728497,60.262542724609375,0.0,0.0,0.2,0.1123547575363938,9.396957548931136,0.939849657067584,0.004801501128155839,0.10063189458540497,1781967110.8362675,None,None,None, None, 1781967110.8653476,1.0498295087351084,arrived,none,0.0,nan,nan,0.0,0.0,6.409960601257968,1.0011848582177902,2.883536222028979
1781967110.9723544,60.36204743385315,0.0,0.0,0.2,0.11292212353088805,9.397224303025931,0.9398798467320721,0.0024076307658012783,0.10094506997411669,1781967110.9663436,None,None,None, None, 1781967110.9240284,1.0751672463736497,arrived,none,0.0,nan,nan,0.0,0.0,6.415201169049054,0.9985415338836608,2.8777522443470596
1781967111.072658,60.46235108375549,0.0,0.0,0.2,0.10864925331277686,9.410268407358261,0.9408067120535636,0.003352326035224811,0.10116641695433586,1781967111.0323715,9.410437169530935,0.9408185539133243,0.09923533220766778, 1781967111.035887, 1781967111.048092,1.0868926597307451,arrived,none,0.0,nan,nan,0.0,0.0,6.421528466852978,0.9969281172094901,2.8705711478011655
1781967111.1726053,60.56229829788208,0.0,0.0,0.2,0.10916973982335576,9.41198828550019,0.9409947655206459,0.00261410901767614,0.1015212219426206,1781967111.1680984,None,None,None, None, 1781967111.1220214,1.0913092723051285,arrived,none,0.0,nan,nan,0.0,0.0,6.421528466852978,0.9969281172094901,2.8705711478011655
1781967111.2721682,60.661861181259155,0.0,0.0,0.2,0.10962439107643161,9.413689097643056,0.9411816040221876,0.0021089406987606788,0.10165619743773414,1781967111.2321,None,None,None, None, 1781967111.2550838,1.0017728597650304,arrived,none,0.0,nan,nan,0.0,0.0,6.443228475312186,1.0100061520541808,2.862602845720794
1781967111.3724086,60.76210165023804,0.0,0.0,0.2,0.11006969264491492,9.415371292463838,0.9413671228275451,0.002289268981755321,0.10182372987145231,1781967111.3724086,None,None,None, None, 1781967111.3299298,0.9987874159756491,arrived,none,0.0,nan,nan,0.0,0.0,6.451730907122965,1.0086772422731112,2.8547928134724185
1781967111.4721856,60.861878633499146,0.0,0.0,0.2,0.11099868029790651,9.41703527068769,0.9415513693191597,0.006767249021294666,0.102714354043842,1781967111.4368896,None,None,None, None, 1781967111.4621458,1.026405725525197,arrived,none,0.0,nan,nan,0.0,0.0,6.459129994311959,1.0073542083528875,2.8481894058339217
1781967111.572117,60.96181011199951,0.0,0.0,0.2,0.11164397865195425,9.418681151501804,0.9417354551118193,0.0027313278924479905,0.10307551960322871,1781967111.5691204,None,None,None, None, 1781967111.5516462,1.0537703768008204,arrived,none,0.0,nan,nan,0.0,0.0,6.467994306657384,1.0044911814014836,2.839927575500145
1781967111.6719544,61.06164741516113,0.0,0.0,0.2,0.1121763415781813,9.420309494687372,0.9419185294912404,0.002275033372963119,0.10323206733008344,1781967111.6379316,None,None,None, None, 1781967111.617307,1.0862542585753545,arrived,none,0.0,nan,nan,0.0,0.0,6.4748170201592465,1.0026652698561234,2.8339535869878705
1781967111.772613,61.16230607032776,0.0,0.0,0.2,0.11261117320197409,9.421920716012092,0.9421004572871077,0.001842229956019006,0.10346415391171421,1781967111.763913,None,None,None, None, 1781967111.7458293,1.0185203991263734,arrived,none,0.0,nan,nan,0.0,0.0,6.483883428530439,1.0010764831171413,2.8254874346165515
1781967111.8714137,61.261106729507446,0.0,0.0,0.2,0.11299290215020653,9.423515212538353,0.942281122942862,0.0017357134169210973,0.10358354528989333,1781967111.832698,None,None,None, None, 1781967111.8147037,0.9039747888241723,arrived,none,0.0,nan,nan,0.0,0.0,6.492964381688967,0.9998641608491803,2.8171969953399687
1781967111.9723237,61.362016677856445,0.0,0.0,0.2,0.11339480366989795,9.425093346910108,0.942460497913638,0.002138592253372292,0.10387249078832175,1781967111.9678082,None,None,None, None, 1781967111.9476867,1.069782334812913,arrived,none,0.0,nan,nan,0.0,0.0,6.5002673485190865,0.998774783905757,2.8125154612759347
1781967112.0720325,61.46172547340393,0.0,0.0,0.2,0.10973093463606898,9.422721659020931,0.9417968891798031,0.001731922173981284,0.10401640994408039,1781967112.0509062,9.422669705220496,0.9417857714779817,0.10199834688800637, 1781967112.039344, 1781967112.020579,0.9996265071727737,arrived,none,0.0,nan,nan,0.0,0.0,6.508493069270943,0.9976232150649749,2.8072247740964094
1781967112.1756952,61.565388202667236,0.0,0.0,0.2,0.1100506981733418,9.42381729818284,0.9419177637224188,0.0017397576403250222,0.10415696296448546,1781967112.131695,None,None,None, None, 1781967112.1857696,0.9798763754804333,arrived,none,0.0,nan,nan,0.0,0.0,6.511840364479092,1.0075411041410929,2.8029057669433266
1781967112.276145,61.66583800315857,0.0,0.0,0.2,0.11037964394256358,9.4249049513087,0.94203811071384,0.0017931164932908125,0.10431858184683307,1781967112.221828,None,None,None, None, 1781967112.2633321,1.0838866465645665,arrived,none,0.0,nan,nan,0.0,0.0,6.520249919179552,1.0065347471260653,2.7969866128533534
1781967112.3717422,61.76143527030945,0.0,0.0,0.2,0.11077222180641343,9.425984727846634,0.9421579488690535,0.0023504194813150562,0.10464856377269548,1781967112.3622208,None,None,None, None, 1781967112.3366127,1.015368775601758,arrived,none,0.0,nan,nan,0.0,0.0,6.5280843678666916,1.0055016516669186,2.791718811737948
1781967112.4721286,61.86182165145874,0.0,0.0,0.2,0.11115264752710986,9.427056708514199,0.9422773740111845,0.0020167242053655125,0.10477472828001165,1781967112.42478,None,None,None, None, 1781967112.4681218,0.9773220386032146,arrived,none,0.0,nan,nan,0.0,0.0,6.535052137878829,1.0041529011900985,2.787078998751709
1781967112.572807,61.96250009536743,0.0,0.0,0.2,0.11164414090477745,9.428121010892017,0.9423963529607802,0.0030159539674070156,0.10513650866589247,1781967112.5447354,None,None,None, None, 1781967112.5321605,0.9035036959506767,arrived,none,0.0,nan,nan,0.0,0.0,6.5444439214905,1.002978442950511,2.7802977327625
1781967112.6716542,62.061347246170044,0.0,0.0,0.2,0.11206193103024939,9.429177688538637,0.9425150483416873,0.00203499915829876,0.10526792398581647,1781967112.674187,None,None,None, None, 1781967112.6646094,0.9317628599558139,arrived,none,0.0,nan,nan,0.0,0.0,6.5522795383473955,1.0013934179337403,2.774823463912907
1781967112.7726922,62.16238522529602,0.0,0.0,0.2,0.11244946981773261,9.430226885630788,0.9426333278347472,0.0019092862792702392,0.10552322858915829,1781967112.7430303,None,None,None, None, 1781967112.7365215,1.0145289573228249,arrived,none,0.0,nan,nan,0.0,0.0,6.559183295985216,1.0001888005137687,2.770145028018932
1781967112.872217,62.26190996170044,0.0,0.0,0.2,0.11292882583194055,9.431268717519654,0.9427511702283455,0.0028346457519103875,0.10572012487009448,1781967112.812491,None,None,None, None, 1781967112.873746,0.9335060296800365,arrived,none,0.0,nan,nan,0.0,0.0,6.559183295985216,1.0001888005137687,2.770145028018932
1781967112.9716017,62.361294746398926,0.0,0.0,0.2,0.11339158237795981,9.432303239884828,0.942868719087933,0.002460783060512723,0.10604980952536176,1781967112.9464664,None,None,None, None, 1781967112.9399583,1.0632454151071666,arrived,none,0.0,nan,nan,0.0,0.0,6.5681341977876215,0.9984542564187378,2.7641860619491223
1781967113.0749223,62.46461534500122,0.0,0.0,0.2,0.11054848147472321,9.432471898459507,0.9425653561734316,0.0017722644865774868,0.10617480342639919,1781967113.0169942,9.432460557996263,0.9425598015825772,0.10433913164915333, 1781967113.042549, 1781967113.0779145,0.9076009194841731,arrived,none,0.0,nan,nan,0.0,0.0,6.574980092246417,0.9971062324644271,2.759441585107185
1781967113.1720908,62.56178379058838,0.0,0.0,0.2,0.11088735102524665,9.43339126416759,0.942667563677972,0.0017036876090611133,0.10640606002259889,1781967113.152733,None,None,None, None, 1781967113.1418478,1.0501380030999223,arrived,none,0.0,nan,nan,0.0,0.0,6.581729801811201,1.0047982668181383,2.7541812051325194
1781967113.2741313,62.66382431983948,0.0,0.0,0.2,0.1112151840369977,9.434304831654151,0.9427694309814965,0.0016884315760713853,0.10653205925472664,1781967113.227358,None,None,None, None, 1781967113.2283568,0.9599450208602407,arrived,none,0.0,nan,nan,0.0,0.0,6.590047035636207,1.0037382779048079,2.748079425911827
1781967113.3715825,62.76127552986145,0.0,0.0,0.2,0.11169475591857309,9.435212676227327,0.9428709561380204,0.003160508545487606,0.10695472515896877,1781967113.3610916,None,None,None, None, 1781967113.302252,0.9603716784209385,arrived,none,0.0,nan,nan,0.0,0.0,6.5968786430647,1.0027490646847619,2.743274629984656
1781967113.4720285,62.86172151565552,0.0,0.0,0.2,0.11213609166873166,9.436114794358042,0.9429723306026161,0.0022980615253858673,0.10710524166229003,1781967113.4265888,None,None,None, None, 1781967113.4675002,1.0106906467703547,arrived,none,0.0,nan,nan,0.0,0.0,6.6053342656343945,1.0012347776451958,2.7370405303819503
1781967113.5727246,62.96241760253906,0.0,0.0,0.2,0.1125075426790975,9.437011277847962,0.9430734681867712,0.001705194608318619,0.10732623903098938,1781967113.5561912,None,None,None, None, 1781967113.52657,1.0882381159664154,arrived,none,0.0,nan,nan,0.0,0.0,6.612650341784425,0.9999298398435409,2.7316714042216916
1781967113.672421,63.062114000320435,0.0,0.0,0.2,0.11293464908733324,9.437902226800107,0.9431742925753701,0.0024114088665278953,0.1074893359626596,1781967113.6238267,None,None,None, None, 1781967113.652043,0.9435474828454713,arrived,none,0.0,nan,nan,0.0,0.0,6.619453289700099,0.9988893581929472,2.7268387141900328
1781967113.7719429,63.161635875701904,0.0,0.0,0.2,0.1133092377346857,9.438787678885722,0.9432748909098367,0.0018314330541496302,0.10771456013897814,1781967113.7468038,None,None,None, None, 1781967113.7262547,1.0791358718388961,arrived,none,0.0,nan,nan,0.0,0.0,6.6278480429964866,0.9976030210509342,2.7206205892073285
1781967113.8724928,63.26218581199646,0.0,0.0,0.2,0.11369551162093088,9.439667724838344,0.9433751948826332,0.002056064880853436,0.10787001463325084,1781967113.8224115,None,None,None, None, 1781967113.856919,1.06354386058661,arrived,none,0.0,nan,nan,0.0,0.0,6.634703978909829,0.9965288276143502,2.715554967187536
1781967113.9722526,63.36194562911987,0.0,0.0,0.2,0.11411159911585377,9.440542421620986,0.9434752320598312,0.0023133357605986562,0.10816964215316553,1781967113.9519334,None,None,None, None, 1781967113.9182944,1.0960086786245762,arrived,none,0.0,nan,nan,0.0,0.0,6.642635045021059,0.9953667396890018,2.7097655145801944
1781967114.0724733,63.46216630935669,0.0,0.0,0.2,0.11171022878035435,9.440706843418242,0.943215904414047,0.0017759655185010078,0.10828122178151492,1781967114.014761,9.440697532741883,0.943211161283968,0.10639030425452844, 1781967114.04991, 1781967114.0629148,1.0184975243120584,arrived,none,0.0,nan,nan,0.0,0.0,6.638409280322994,1.0118810101235844,2.703759274417845
1781967114.1720574,63.561750411987305,0.0,0.0,0.2,0.11224390557396052,9.441487884289568,0.9433036445139962,0.003960639191552956,0.10887242662208066,1781967114.164031,None,None,None, None, 1781967114.1322925,0.9092480525097392,arrived,none,0.0,nan,nan,0.0,0.0,6.644809598302184,1.0182040284565452,2.6986562518305677
1781967114.2725222,63.66221523284912,0.0,0.0,0.2,0.11292363640745835,9.44226448292512,0.9433913732663104,0.0043337088706950685,0.10913373735252441,1781967114.2243283,None,None,None, None, 1781967114.2574658,1.051299003876292,arrived,none,0.0,nan,nan,0.0,0.0,6.653353016213454,1.0163853889473755,2.692324880752955
1781967114.3726163,63.762309312820435,0.0,0.0,0.2,0.11334649215317093,9.443036624203819,0.9434791780116676,0.0012835579300676714,0.1092935657613303,1781967114.348848,None,None,None, None, 1781967114.3267689,0.9872738675962451,arrived,none,0.0,nan,nan,0.0,0.0,6.66022957203414,1.014217095418543,2.687201801726608
1781967114.4714606,63.8611536026001,0.0,0.0,0.2,0.11384440428508003,9.443804481272585,0.9435667538120434,0.0027699062483209727,0.10961228793630311,1781967114.4639142,None,None,None, None, 1781967114.4558823,0.994560164278573,arrived,none,0.0,nan,nan,0.0,0.0,6.668242589587822,1.0131261349094665,2.679404031986744
1781967114.5720968,63.96178984642029,0.0,0.0,0.2,0.1142208688220055,9.444568057513498,0.943654235650246,0.0015748919988668362,0.10973990501966732,1781967114.5449464,None,None,None, None, 1781967114.5363543,0.9408754159427163,arrived,none,0.0,nan,nan,0.0,0.0,6.676851136354796,1.0115468039449205,2.6706482295037777
1781967114.6731138,64.0628068447113,0.0,0.0,0.2,0.1145434300629608,9.445327455431858,0.9437414960191024,0.0014301297746526726,0.10983830745602999,1781967114.613753,None,None,None, None, 1781967114.6591187,1.097055577114635,arrived,none,0.0,nan,nan,0.0,0.0,6.683775057499749,1.01052620002531,2.663903222606647
1781967114.771776,64.16146898269653,0.0,0.0,0.2,0.11486325917078802,9.446082740913187,0.9438285090187515,0.0016266216780669329,0.11005351050491592,1781967114.7460537,None,None,None, None, 1781967114.7321727,1.0483662776234361,arrived,none,0.0,nan,nan,0.0,0.0,6.683775057499749,1.01052620002531,2.663903222606647
1781967114.872223,64.26191592216492,0.0,0.0,0.2,0.11518783399912615,9.446833956098606,0.9439152911275763,0.0017230493001051124,0.11017558138401218,1781967114.8168995,None,None,None, None, 1781967114.8113782,1.0284079527036136,arrived,none,0.0,nan,nan,0.0,0.0,6.692670187562763,1.0094155388839985,2.655199397265387
1781967114.9720726,64.36176562309265,0.0,0.0,0.2,0.11547363532033168,9.447581140447696,0.9440018534278858,0.0013798980955730612,0.1103510236641679,1781967114.944041,None,None,None, None, 1781967114.9350302,1.0870950274304108,arrived,none,0.0,nan,nan,0.0,0.0,6.699623983134581,1.0084588155593106,2.6484582060440895
1781967115.0720816,64.46177458763123,0.0,0.0,0.2,0.11317884048033124,9.447716890187598,0.9437700504420762,0.0015940686544864376,0.11045842547181335,1781967115.0740855,9.447708867356186,0.9437658491283718,0.10819156407704435, 1781967115.054027, 1781967115.0740855,1.0694941870393682,arrived,none,0.0,nan,nan,0.0,0.0,6.706500303266244,1.007626528149828,2.6417019951185017
1781967115.1720128,64.56170582771301,0.0,0.0,0.2,0.11351213971674727,9.448384366233713,0.9438460023332667,0.0021794811728479187,0.11072216151260474,1781967115.1324255,None,None,None, None, 1781967115.1324255,1.0954816658085713,arrived,none,0.0,nan,nan,0.0,0.0,6.714744744234666,1.0134649651539918,2.633078536737039
1781967115.2718647,64.66155767440796,0.0,0.0,0.2,0.11386552376284474,9.4490485074077,0.9439218195340402,0.0019890828277425365,0.11099752613400832,1781967115.2708635,None,None,None, None, 1781967115.2658463,0.9633977796672467,arrived,none,0.0,nan,nan,0.0,0.0,6.721550494088203,1.0124521860229507,2.6263192273175338
1781967115.3716836,64.76137661933899,0.0,0.0,0.2,0.11419097804898166,9.44970933812438,0.9439975011679413,0.001627758395908662,0.11112322856281454,1781967115.3480878,None,None,None, None, 1781967115.3425772,1.0071071071480053,arrived,none,0.0,nan,nan,0.0,0.0,6.730151525729582,1.0113508979782577,2.617576780646757
1781967115.4718301,64.8615231513977,0.0,0.0,0.2,0.11450638123656516,9.450366903255393,0.9440730189467814,0.0016188649340182985,0.1112643232197933,1781967115.4352443,None,None,None, None, 1781967115.4216611,0.9333046677688029,arrived,none,0.0,nan,nan,0.0,0.0,6.7369479344583825,1.010374437669795,2.6108377376236755
1781967115.5719721,64.96166515350342,0.0,0.0,0.2,0.11480387523028686,9.451021237536558,0.9441483710036715,0.0015019766126974936,0.11145761438710873,1781967115.5639355,None,None,None, None, 1781967115.5579193,1.0149869275236156,arrived,none,0.0,nan,nan,0.0,0.0,6.7450053084166885,1.0094051705071159,2.6029593089738836
1781967115.6716251,65.0613181591034,0.0,0.0,0.2,0.11504203368089617,9.451672379124915,0.9442235465498223,0.0010340579222948914,0.1115282923253844,1781967115.6322856,None,None,None, None, 1781967115.6322856,0.9510994930781259,arrived,none,0.0,nan,nan,0.0,0.0,6.752991178626327,1.0084930829292198,2.5948911025350463
1781967115.7723467,65.1620397567749,0.0,0.0,0.2,0.1153572442158613,9.452320384618252,0.944298501247415,0.0018968272378128872,0.1117886539221766,1781967115.7695472,None,None,None, None, 1781967115.7695472,0.9736003559144283,arrived,none,0.0,nan,nan,0.0,0.0,6.75993010079287,1.0077862639546862,2.588104378128451
1781967115.8817644,65.27145743370056,0.0,0.0,0.2,0.11565464128813338,9.452965246417135,0.9443733131050203,0.0015637394307102574,0.11188712060962817,1781967115.832516,None,None,None, None, 1781967115.8371098,0.9555326595489642,arrived,none,0.0,nan,nan,0.0,0.0,6.767910376934675,1.0068118805389008,2.5800657364805217
1781967115.9722803,65.36197328567505,0.0,0.0,0.2,0.11591250798434517,9.45360700295098,0.9444479572170819,0.0012257158869681212,0.11204365895864749,1781967115.9602277,None,None,None, None, 1781967115.9677424,0.9890956816713741,arrived,none,0.0,nan,nan,0.0,0.0,6.775889971816801,1.005935450286479,2.57221663554544
1781967116.0720158,65.4617087841034,0.0,0.0,0.2,0.11404720955842383,9.453809439231708,0.9442517481848566,0.002098519577352897,0.11218413150273984,1781967116.0271666,9.453803677479858,0.9442481736156381,0.10979701711536016, 1781967116.06097, 1781967116.0311627,1.0483986382106434,arrived,none,0.0,nan,nan,0.0,0.0,6.782797218309575,1.0051270348170882,2.5654370653015883
1781967116.1719542,65.56164717674255,0.0,0.0,0.2,0.11432751886818776,9.454393020874592,0.9443186763827374,0.0014134975522580176,0.112371057217665,1781967116.15941,None,None,None, None, 1781967116.1196496,1.0103553917909291,arrived,none,0.0,nan,nan,0.0,0.0,6.791119476860182,1.0096769519258237,2.5568019257668193
1781967116.2724736,65.66216659545898,0.0,0.0,0.2,0.11459268346234186,9.45497394078938,0.9443854597536658,0.0013372418951338525,0.11247258905213396,1781967116.2353363,None,None,None, None, 1781967116.2504175,0.9528752966074285,arrived,none,0.0,nan,nan,0.0,0.0,6.7979711773947615,1.0088360607650277,2.5500123431770096
1781967116.3725889,65.76228189468384,0.0,0.0,0.2,0.11495174628241386,9.45555222862998,0.9444520916865993,0.0022819055983576203,0.11276127053609024,1781967116.3618453,None,None,None, None, 1781967116.31821,0.9187685337329923,arrived,none,0.0,nan,nan,0.0,0.0,6.805995273630144,1.0080062838433552,2.541957969502419
1781967116.471738,65.86143112182617,0.0,0.0,0.2,0.11524615523226113,9.45612786310628,0.9445186474120288,0.0013776415133106138,0.11285519956432578,1781967116.4300263,None,None,None, None, 1781967116.4370651,0.9712738521749226,arrived,none,0.0,nan,nan,0.0,0.0,6.814483901132337,1.0068369820846,2.533367401301497
1781967116.5722733,65.96196627616882,0.0,0.0,0.2,0.11557931657899043,9.456700898670332,0.9445850629989194,0.001874873520891679,0.11311999887919351,1781967116.5712621,None,None,None, None, 1781967116.5712621,0.9005522140792306,arrived,none,0.0,nan,nan,0.0,0.0,6.821340450891602,1.005984772582648,2.5267594927686883
1781967116.6719587,66.06165170669556,0.0,0.0,0.2,0.11587365567477817,9.457271338718103,0.9446513763837254,0.0014437284448504321,0.11320829399521332,1781967116.6324198,None,None,None, None, 1781967116.6324198,1.0215075405627752,arrived,none,0.0,nan,nan,0.0,0.0,6.829956351213257,1.004956265469852,2.518121004708254
1781967116.7716193,66.16131234169006,0.0,0.0,0.2,0.11615572756141214,9.457839223603742,0.9447175552845608,0.0014274058447820315,0.11330786926642454,1781967116.7726266,None,None,None, None, 1781967116.7295067,0.9931669062381322,arrived,none,0.0,nan,nan,0.0,0.0,6.829956351213257,1.004956265469852,2.518121004708254
1781967116.87183,66.26152300834656,0.0,0.0,0.2,0.11645163890128199,9.458404579927217,0.9447835971391862,0.0016033471363118132,0.11354544561245017,1781967116.8503547,None,None,None, None, 1781967116.8580108,0.9220977044959048,arrived,none,0.0,nan,nan,0.0,0.0,6.837676677381158,1.0039513325496174,2.5107628064294527
1781967116.9727232,66.36241626739502,0.0,0.0,0.2,0.11674965041090403,9.458967422343955,0.9448495160963364,0.0015955177240133066,0.11365007835000314,1781967116.9159338,None,None,None, None, 1781967116.931089,1.0717066122744345,arrived,none,0.0,nan,nan,0.0,0.0,6.845098573839967,1.0030870043417777,2.503425588513415
1781967117.0722473,66.4619402885437,0.0,0.0,0.2,0.11503218278320544,9.459227335063401,0.9446800097495043,0.0011199391716899937,0.11379154359737625,1781967117.042249,9.459223367171186,0.9446769020720055,0.11125684237560929, 1781967117.060199, 1781967117.06119,1.0852151567406838,arrived,none,0.0,nan,nan,0.0,0.0,6.85365819202368,1.0021746828325893,2.4949122706952935
1781967117.1724303,66.56212329864502,0.0,0.0,0.2,0.11527526299039409,9.45974888921079,0.9447403284677831,0.0013743962646804305,0.1139607924568515,1781967117.165393,None,None,None, None, 1781967117.1222534,1.0270853225038707,arrived,none,0.0,nan,nan,0.0,0.0,6.860308860495957,1.006315595334673,2.488231181772908
1781967117.2723467,66.6620397567749,0.0,0.0,0.2,0.11549923029181762,9.460268219303666,0.9448005206049275,0.0011068536138361099,0.11403260816900831,1781967117.2302759,None,None,None, None, 1781967117.2457998,0.9040234640663138,arrived,none,0.0,nan,nan,0.0,0.0,6.869464757814766,1.0055214381036004,2.479159021152494
1781967117.3722267,66.76191973686218,0.0,0.0,0.2,0.11571997630408135,9.460785352523894,0.9448605712615641,0.0011490060264025535,0.11411930060883035,1781967117.3057258,None,None,None, None, 1781967117.3182378,0.9308426880292112,arrived,none,0.0,nan,nan,0.0,0.0,6.876190549655651,1.0048688586802212,2.473470444410008
