EpochTime(s),TimeFromStart(s),right_prop_rate(rad/s),left_prop_rate(rad/s),LastDT(s),Yaw(rad),North(m),East(m),IMUSensedYawRate(rad/s),IMUIntegratedYaw(rad),IMUSensedTimeStamp(s),ARUCOSensedNorth(m),ARUCOSensedEast(m),ARUCOSensedYaw(rad),ArucoSensedTimeStamp(s),DepthTimeStamp(s),Depth(m),NavigationMode,APFEncounter,APFSide,APFDCPA(m),APFTCPA(s),APFForceX,APFForceY,NearestObstacleNorth(m),NearestObstacleEast(m),NearestObstacleDistance(m),WebotsEnvironment,SwitchCombination,EKFPredictionEnabled,ClusterSizeAPFEnabled,ClassicAPFInfluenceDistance(m)
1782908666.0612705,3.7414135932922363,200.0,200.0,0.2,6.283185305752086,-5.012543279053243e-05,1.000000000578266,0.0,6.283185305752086,1782908666.081356,-5.012543279053243e-05,1.000000000578266,6.283185305752086, 1782908665.267966, 1782908666.0933638,1.0384152493192376,apf_colreg,overtaking,-1.0,1.200045679551906,inf,16.12742458464029,6.465912123773564,1.2000286145743846,0.9936002176694004,1.200059622223064,mr_webots_overtaking_large_ship.wbt,ekf_on_cluster_on,1,1,5.0
1782908666.126397,3.806540012359619,200.0,200.0,0.2,6.274642408723421,0.007487387912711407,0.9999374438760017,0.0,6.283185305752086,1782908666.081356,None,None,None, None, 1782908666.0933638,1.0384152493192376,apf_colreg,overtaking,-1.0,0.016651055830649086,31.837004358091438,16.06862457964992,6.6039078789686965,1.2000286145743846,0.9936002176694004,1.200059622223064,mr_webots_overtaking_large_ship.wbt,ekf_on_cluster_on,1,1,5.0
1782908666.2272391,3.9073822498321533,200.0,200.0,0.2,6.272113784619982,0.022205982767228898,0.9996400591768755,0.07051204865297908,0.005853419336490973,1782908666.3074589,None,None,None, None, 1782908666.1908972,0.9296625050186949,apf_colreg,overtaking,-1.0,0.1320728208740791,17.343832747244242,16.049487981802752,6.646323700120285,1.2092306183624038,0.9806703445972241,1.1995420850548262,mr_webots_overtaking_large_ship.wbt,ekf_on_cluster_on,1,1,5.0
1782908666.418629,4.098772048950195,200.0,200.0,0.2,6.286701642488252,0.005702615001429337,0.9999438753500363,0.11952546182878557,0.03516316164981806,1782908666.4095867,0.002586034264912144,1.0000075266060109,0.014815810670652851, 1782908666.270937, 1782908666.3504856,1.008678147068221,apf_colreg,overtaking,-1.0,0.8119469367322311,19.817182787608306,16.14135356943239,6.376007347140979,1.2272420870579759,0.9359799319125776,1.1940489002146724,mr_webots_overtaking_large_ship.wbt,ekf_on_cluster_on,1,1,5.0
1782908666.4883523,4.168495416641235,200.0,200.0,0.2,6.286265598659442,0.022547783051339202,0.9998518514492756,0.11952546182878557,0.059068254015575174,1782908666.5143874,None,None,None, None, 1782908666.433631,1.041835179384749,apf_colreg,overtaking,-1.0,0.5061553964458594,14.62296655188265,16.13666938431594,6.382914543795446,1.2272420870579759,0.9359799319125776,1.1940489002146724,mr_webots_overtaking_large_ship.wbt,ekf_on_cluster_on,1,1,5.0
1782908666.5542586,4.234401702880859,200.0,200.0,0.2,6.290148661098905,0.04516509252856893,0.9997366915919119,0.127146401059765,0.07239328599423878,1782908666.5143874,None,None,None, None, 1782908666.5304453,0.945042443386847,apf_colreg,overtaking,-1.0,0.3780763026653201,11.196852484580361,16.160429785845675,6.320519363421688,1.2272420870579759,0.9359799319125776,1.1940489002146724,mr_webots_overtaking_large_ship.wbt,ekf_on_cluster_on,1,1,5.0
1782908666.654198,4.334341049194336,200.0,200.0,0.2,6.295654972414255,0.0721376303730115,0.9997227344832276,0.1217085641716186,0.0858752902892533,1782908666.6251602,None,None,None, None, 1782908666.6486812,0.9070684640935307,apf_colreg,overtaking,-1.0,0.42200412574123286,9.399730846590819,16.190346955415045,6.224278058999023,1.2332376095529174,0.9392368592789155,1.1838780841748382,mr_webots_overtaking_large_ship.wbt,ekf_on_cluster_on,1,1,5.0
1782908666.810488,4.490631103515625,200.0,200.0,0.2,6.307047564234751,0.10212048155720857,0.9998762806849728,0.16749620716924474,0.10708634471877113,1782908666.8692534,None,None,None, None, 1782908666.809488,0.9584222508413036,apf_colreg,overtaking,-1.0,0.5488352263827745,8.72542795783463,16.252260056940955,6.018930394266349,1.2705728964360086,0.9163637193787364,1.1693672928127647,mr_webots_overtaking_large_ship.wbt,ekf_on_cluster_on,1,1,5.0
1782908666.9542842,4.634427309036255,200.0,200.0,0.2,0.03228202842920341,0.1340396384995233,1.0004647737877097,0.12001995745264399,0.12118354703386382,1782908666.9723096,None,None,None, None, 1782908666.9778209,0.9435810859351452,apf_colreg,overtaking,-1.0,0.5131408601601063,8.238489149068622,16.30402740221018,5.87826890075819,1.2705728964360086,0.9163637193787364,1.1693672928127647,mr_webots_overtaking_large_ship.wbt,ekf_on_cluster_on,1,1,5.0
1782908667.0133302,4.6934733390808105,200.0,200.0,0.2,0.040971327166314166,0.16714544133730574,1.0013241669961175,0.12747773391362868,0.13432091690653686,1782908666.9723096,None,None,None, None, 1782908666.9778209,0.9435810859351452,apf_colreg,overtaking,-1.0,0.492286733678832,7.9518557327234065,16.35658423071817,5.731181794231582,1.2705728964360086,0.9163637193787364,1.1693672928127647,mr_webots_overtaking_large_ship.wbt,ekf_on_cluster_on,1,1,5.0
1782908667.09553,4.775673151016235,200.0,200.0,0.2,0.05539094535141451,0.2009506927221712,1.00248968331863,0.17847032549707748,0.15149222825028916,1782908667.0685234,None,None,None, None, 1782908667.0815277,1.0618843492983883,apf_colreg,overtaking,-1.0,0.6625412065332617,8.27314360356346,16.43074188519718,5.465779774147431,1.3215414879597405,0.90199692972189,1.154971436973764,mr_webots_overtaking_large_ship.wbt,ekf_on_cluster_on,1,1,5.0
1782908667.2020504,4.882193565368652,200.0,200.0,0.2,0.07302581698720621,0.23513926780953276,1.0042297996665384,0.19084601225885361,0.16930759982463917,1782908667.1618729,None,None,None, None, 1782908667.1938863,0.9515518091954533,apf_colreg,overtaking,-1.0,0.646482212907544,8.196276434437808,16.529460531021453,5.164592305691053,1.3215414879597405,0.90199692972189,1.154971436973764,mr_webots_overtaking_large_ship.wbt,ekf_on_cluster_on,1,1,5.0
1782908667.3029382,4.983081340789795,200.0,200.0,0.2,0.11756124326990064,0.0791000935566093,1.0041561919449589,0.11167620477014328,0.17911927016675477,1782908667.342633,0.0759993704735411,1.0041157225330581,0.17179990546910862, 1782908667.274884, 1782908667.2968903,0.9740903219278989,apf_colreg,overtaking,-1.0,1.1414470172275413,0.0,16.746899876788156,4.408904431051916,1.3802555337880849,0.9089091067116183,1.1418579538461162,mr_webots_overtaking_large_ship.wbt,ekf_on_cluster_on,1,1,5.0
1782908667.430399,5.110542058944702,200.0,200.0,0.2,0.14132136075330773,0.09689377352619838,1.0061635681275005,0.33510967489499205,0.2102516107910652,1782908667.4454055,None,None,None, None, 1782908667.3983762,0.9417666584695285,apf_colreg,overtaking,-1.0,0.8773819866389485,13.365260958572684,16.843185858558186,3.9992157799524555,1.2238697546186514,0.9469537850315746,1.1253243382179832,mr_webots_overtaking_large_ship.wbt,ekf_on_cluster_on,1,1,5.0
1782908667.581562,5.261705160140991,200.0,200.0,0.2,0.15942502532981553,0.1200910760298094,1.0095223270166187,0.15738712061578847,0.24131729141706748,1782908667.630903,None,None,None, None, 1782908667.6197453,1.0802658537880843,apf_colreg,overtaking,-1.0,0.6762252153901877,11.791424179846134,16.915655335459515,3.67128740101559,1.2238697546186514,0.9469537850315746,1.1253243382179832,mr_webots_overtaking_large_ship.wbt,ekf_on_cluster_on,1,1,5.0
1782908667.6974566,5.377599716186523,200.0,200.0,0.2,0.17903346856166746,0.14728933514629317,1.013878523993263,0.19146415775245923,0.2587187250737286,1782908667.7075002,None,None,None, None, 1782908667.6984558,0.9136792070964252,apf_colreg,overtaking,-1.0,0.3342656914605513,9.025025279721605,16.98062316896649,3.309795916458149,1.242338120785244,0.9485815747298596,1.1108219933630286,mr_webots_overtaking_large_ship.wbt,ekf_on_cluster_on,1,1,5.0
1782908667.83827,5.518413066864014,200.0,200.0,0.2,0.19284855018981034,0.17714994956953856,1.0192556477045436,0.13404568445265713,0.28463803443075786,1782908667.8242648,None,None,None, None, 1782908667.8232577,0.9339582647071589,apf_colreg,overtaking,-1.0,0.22541143259495303,7.835890324592661,17.02219853504748,3.0403082683231264,1.2637392723363792,0.956171802868905,1.1046423695636682,mr_webots_overtaking_large_ship.wbt,ekf_on_cluster_on,1,1,5.0
1782908667.9426498,5.622792959213257,200.0,200.0,0.2,0.20324206263885047,0.20870576185782697,1.0253086334804467,0.12038579138009761,0.29563643402195094,1782908667.9156244,None,None,None, None, 1782908667.908111,0.913989637607123,apf_colreg,overtaking,-1.0,0.2274767153151275,7.354302137676114,17.053431250754592,2.8244407845690636,1.2637392723363792,0.956171802868905,1.1046423695636682,mr_webots_overtaking_large_ship.wbt,ekf_on_cluster_on,1,1,5.0
1782908668.044234,5.724377155303955,200.0,200.0,0.2,0.21359766040924769,0.241284177740698,1.0318462863526952,0.13310436076069584,0.3080206210184911,1782908668.0086656,None,None,None, None, 1782908667.9970927,0.9701504327079776,apf_colreg,overtaking,-1.0,0.233276233988534,7.536377207278468,17.072415674819762,2.6063375321562186,1.3094331368036853,0.9494610474170452,1.092983423432526,mr_webots_overtaking_large_ship.wbt,ekf_on_cluster_on,1,1,5.0
1782908668.140839,5.820982217788696,200.0,200.0,0.2,0.221770051862124,0.27443320338715826,1.038839711599135,0.11638348741160141,0.32260457383037927,1782908668.133975,None,None,None, None, 1782908668.164487,0.9959379536602438,apf_colreg,overtaking,-1.0,0.23856285593448165,7.360531444820439,17.092502683742644,2.4221025870116515,1.3094331368036853,0.9494610474170452,1.092983423432526,mr_webots_overtaking_large_ship.wbt,ekf_on_cluster_on,1,1,5.0
1782908668.239106,5.919249057769775,200.0,200.0,0.2,0.22810507140908373,0.30790371638048863,1.0461544528932518,0.10673864223873637,0.33243872997997737,1782908668.3078415,None,None,None, None, 1782908668.2761588,0.953029143219106,apf_colreg,overtaking,-1.0,0.28670791149272445,8.75145000645829,17.11444399909798,2.340778452044752,1.3654139887806622,0.9494084459262294,1.0811028930427313,mr_webots_overtaking_large_ship.wbt,ekf_on_cluster_on,1,1,5.0
1782908668.3654497,6.045592784881592,200.0,200.0,0.2,0.2767825250572619,0.171077589715734,1.021089080937911,0.22348456807259498,0.35070489814609185,1782908668.4435205,0.16813913906654085,1.0205269645772075,0.3312798811739155, 1782908668.280671, 1782908668.3644497,0.9871286960792752,apf_colreg,overtaking,-1.0,1.0741366949004159,0.0,17.215341218370153,1.6381725802387037,1.4041715097242664,0.9289066570633405,1.070487664557224,mr_webots_overtaking_large_ship.wbt,ekf_on_cluster_on,1,1,5.0
1782908668.5613403,6.241483449935913,200.0,200.0,0.2,0.2849391302284421,0.18953909100092803,1.026271786083948,0.12750017261336666,0.382705182748591,1782908668.5588238,None,None,None, None, 1782908668.5863543,1.0532209911478654,apf_colreg,overtaking,-1.0,0.9288187094611208,23.118603394582838,17.222584327697497,1.4642854548550597,1.4041715097242664,0.9289066570633405,1.070487664557224,mr_webots_overtaking_large_ship.wbt,ekf_on_cluster_on,1,1,5.0
1782908668.639017,6.319160223007202,200.0,200.0,0.2,0.29297919056224264,0.21300363819088342,1.0330227974468795,0.12750017261336666,0.40820521727126435,1782908668.6500382,None,None,None, None, 1782908668.6610463,0.9875476637456878,apf_colreg,overtaking,-1.0,0.4297736941393337,10.625575079643603,17.2223689693867,1.2864163360913796,1.256543724572577,0.9330875050394927,1.0627654757571592,mr_webots_overtaking_large_ship.wbt,ekf_on_cluster_on,1,1,5.0
1782908668.8117259,6.49186897277832,-155.24747050930594,200.0,0.2,0.30056414802189246,0.2400822641935466,1.041023450054444,0.12179110073782921,0.4307804392404708,1782908668.8642857,None,None,None, None, 1782908668.803707,1.0179105351796707,apf_colreg,overtaking,-1.0,0.41612436941371306,7.46021482112935,17.223518961505555,1.1103329308664054,1.2789013580445765,0.9277045393860293,1.058322057042918,mr_webots_overtaking_large_ship.wbt,ekf_on_cluster_on,1,1,5.0
1782908669.0044541,6.6845972537994385,-161.86973076059869,200.0,0.2,0.3040940655748644,0.28674810215780155,1.055498298065615,0.03056306433544637,0.4372669248210153,1782908668.9564168,None,None,None, None, 1782908669.0079622,1.030467153092731,apf_colreg,overtaking,-1.0,0.4620294047145946,3.91676084159444,17.209511773577287,0.9715440358438037,1.3052849279765384,0.9145992363931452,1.0504383562365969,mr_webots_overtaking_large_ship.wbt,ekf_on_cluster_on,1,1,5.0
1782908669.1291068,6.8092498779296875,-188.75828015044823,200.0,0.2,0.3316959898898393,0.34421950997234774,1.0735274574403206,0.24907894298063765,0.4564634977904875,1782908669.1371164,None,None,None, None, 1782908669.1055946,0.9719624503105581,apf_colreg,overtaking,-1.0,0.4365072169142741,3.2108096556678105,17.189423234498513,0.33897036897139454,1.3052849279765384,0.9145992363931452,1.0504383562365969,mr_webots_overtaking_large_ship.wbt,ekf_on_cluster_on,1,1,5.0
1782908669.2055233,6.885666370391846,-200.0,194.80621838557042,0.2,0.35229892001027957,0.406995563351332,1.0958239505157237,0.10864072199063987,0.4677218652658535,1782908669.226042,None,None,None, None, 1782908669.224042,0.9419450519165431,apf_colreg,overtaking,-1.0,0.44500712158635053,3.1071404081018996,17.15445712763004,-0.17442204628070357,1.3837089350751701,0.9528187987015638,1.0339343787121067,mr_webots_overtaking_large_ship.wbt,ekf_on_cluster_on,1,1,5.0
1782908669.3292022,7.009345293045044,-200.0,175.39945406783258,0.2,0.3960423192139645,0.28328804404273145,1.0625426999170156,0.049176761700230734,0.4765034784287456,1782908669.3156888,0.2775791721389074,1.0607929844323105,0.45836485952686346, 1782908669.28966, 1782908669.3292022,0.9570487609994803,apf_colreg,overtaking,-1.0,0.3622480792933706,5.508580413287465,17.217055719540216,-0.6705517018782645,1.3057626843917536,0.9817597225276161,1.015735212791647,mr_webots_overtaking_large_ship.wbt,ekf_on_cluster_on,1,1,5.0
1782908669.535361,7.215504169464111,-200.0,159.75067382079322,0.2,0.4064335284671357,0.3357210096002934,1.0849797905098684,0.01578362861290992,0.47973391294553197,1782908669.5203588,None,None,None, None, 1782908669.5423691,0.9440873616035786,apf_colreg,overtaking,-1.0,0.3982970795131019,3.562218365135784,17.156759356267212,-1.0131645250899313,1.3057626843917536,0.9817597225276161,1.015735212791647,mr_webots_overtaking_large_ship.wbt,ekf_on_cluster_on,1,1,5.0
1782908669.5774367,7.257579803466797,-200.0,100.46472119889707,0.2,0.41453700687007106,0.39324305524282566,1.1101884242303202,0.01578362861290992,0.48289063866811394,1782908669.6489906,None,None,None, None, 1782908669.5423691,0.9440873616035786,apf_colreg,overtaking,-1.0,0.3844680777789276,3.227295812281156,16.805289473850642,-2.042055299854657,1.3401713234248163,0.990906766155444,0.9952601718390173,mr_webots_overtaking_large_ship.wbt,ekf_on_cluster_on,1,1,5.0
1782908669.7576377,7.437780857086182,-200.0,77.53457606562365,0.2,0.4157704245101271,0.44720547572703806,1.1344228020649587,-0.05456852826852622,0.4706540452512476,1782908669.7446015,None,None,None, None, 1782908669.7691488,1.0989519183995973,apf_colreg,overtaking,-1.0,0.3880554405142275,3.4444974843075755,16.69681235856214,-2.3721884540707263,1.3401713234248163,0.990906766155444,0.9952601718390173,mr_webots_overtaking_large_ship.wbt,ekf_on_cluster_on,1,1,5.0
1782908669.8507543,7.530897378921509,-200.0,55.86135382581435,0.2,0.41485183657310515,0.4988841232058381,1.1576004681647003,-0.05637872502856096,0.4658827130466582,1782908669.8292315,None,None,None, None, 1782908669.8810322,1.0972158274024708,apf_colreg,overtaking,-1.0,0.3416520461390696,4.407545575186444,16.59165386045059,-2.6595614044607965,1.4360943534518178,1.03933095424007,0.9804536596867863,mr_webots_overtaking_large_ship.wbt,ekf_on_cluster_on,1,1,5.0
1782908669.9384499,7.618592977523804,-200.0,37.13073215908996,0.2,0.4114439363281509,0.5486947632441133,1.179855968761359,-0.07306375540440894,0.45980645801659037,1782908669.9123952,None,None,None, None, 1782908669.9760406,0.9540611640797189,apf_colreg,overtaking,-1.0,0.27691603982037605,5.869421657308436,16.50130557130763,-2.892077117696086,1.4827740725250165,1.063710866622143,0.9720187013641345,mr_webots_overtaking_large_ship.wbt,ekf_on_cluster_on,1,1,5.0
1782908670.0451193,7.725262403488159,-200.0,26.530743545349228,0.2,0.40197855222431433,0.5970392155110436,1.2012271744411365,-0.12159307756522877,0.44671197187243855,1782908670.0200863,None,None,None, None, 1782908670.0636432,1.0603520599695362,apf_colreg,overtaking,-1.0,0.2763292650424135,6.195316689683426,16.43253591642883,-3.014680999693552,1.4827740725250165,1.063710866622143,0.9720187013641345,mr_webots_overtaking_large_ship.wbt,ekf_on_cluster_on,1,1,5.0
1782908670.151856,7.831999063491821,-200.0,13.98043930440091,0.2,0.39290415864729555,0.6446083244216707,1.2216034920812042,-0.10141218290980175,0.4386388995819023,1782908670.1964307,None,None,None, None, 1782908670.159854,0.9980710508483548,apf_colreg,overtaking,-1.0,0.12421475927990346,10.447170561716199,16.339887626864734,-3.1524402994051792,1.5714640300401188,1.1008542667722951,0.9593907232893417,mr_webots_overtaking_large_ship.wbt,ekf_on_cluster_on,1,1,5.0
1782908670.2833626,7.963505744934082,-200.0,-4.005655892566378,0.2,0.3845156110277715,0.691456250489614,1.2411661770132607,-0.09450925824066667,0.4294962760351508,1782908670.2913766,None,None,None, None, 1782908670.2502964,0.935411572586477,apf_colreg,overtaking,-1.0,0.10091000350217756,10.963808062370653,16.25390051530983,-3.2895120905388975,1.5714640300401188,1.1008542667722951,0.9593907232893417,mr_webots_overtaking_large_ship.wbt,ekf_on_cluster_on,1,1,5.0
1782908670.3585832,8.038726329803467,-200.0,185.91013649348454,0.2,0.3856029844734557,0.42654910915118577,1.1322846462903526,-0.09664030701801875,0.4203206743752807,1782908670.3797452,0.42094941989008283,1.1299853044149344,0.40490224241176165, 1782908670.29037, 1782908670.3401322,1.0953855630206317,apf_colreg,overtaking,-1.0,0.9546408288275617,0.0,15.14566693381584,-0.36374306080003294,1.6499445249600537,1.1387780789726056,0.9485862994363132,mr_webots_overtaking_large_ship.wbt,ekf_on_cluster_on,1,1,5.0
1782908670.4881341,8.168277263641357,-200.0,180.06084930573203,0.2,0.3780120276706977,0.4596779968347038,1.1456698565162373,-0.06325399554797581,0.40793829768236284,1782908670.487133,None,None,None, None, 1782908670.4320607,0.9147609429740164,apf_colreg,overtaking,-1.0,0.9546408288275617,0.0,15.028573676710145,-0.488294326306165,1.6499445249600537,1.1387780789726056,0.9485862994363132,mr_webots_overtaking_large_ship.wbt,ekf_on_cluster_on,1,1,5.0
1782908670.623904,8.304047107696533,-200.0,186.21626230396137,0.2,0.3698038065217679,0.5116416181739942,1.1661465527467705,-0.05526036439705223,0.4019297022143599,1782908670.5958655,None,None,None, None, 1782908670.6359107,0.9391577890160362,apf_colreg,overtaking,-1.0,0.22374806454328253,6.569987798722019,15.033720340817093,-0.3541968953930805,1.4044891650656923,1.0418046685767437,0.9360408790928167,mr_webots_overtaking_large_ship.wbt,ekf_on_cluster_on,1,1,5.0
1782908670.7343867,8.414529800415039,-200.0,178.7513484857445,0.2,0.36203696497895327,0.5724651026929068,1.1895077420945874,-0.04572371454257619,0.39771836712458775,1782908670.7861109,None,None,None, None, 1782908670.7409008,1.0542161315676937,apf_colreg,overtaking,-1.0,0.3250483313858876,4.06088649282008,14.909669921862715,-0.5118445588580229,1.4951565036644587,1.0729950822396719,0.9179426358032781,mr_webots_overtaking_large_ship.wbt,ekf_on_cluster_on,1,1,5.0
1782908670.8997233,8.579866409301758,-200.0,169.5504458753764,0.2,0.35506342654482825,0.6348754224247912,1.2129543943072623,-0.0416272835741864,0.3892578131660913,1782908670.8912148,None,None,None, None, 1782908670.9302852,1.0754119138165168,apf_colreg,overtaking,-1.0,0.36552405747333927,3.598066606191869,14.798162533108073,-0.6914030009667904,1.5170509170060928,1.0741302023031394,0.9067004465210464,mr_webots_overtaking_large_ship.wbt,ekf_on_cluster_on,1,1,5.0
1782908671.028654,8.708797216415405,-200.0,161.06723832761838,0.2,0.34629080667069895,0.6968048023803171,1.2357807613656764,-0.06342376177527054,0.3844572515465064,1782908671.057691,None,None,None, None, 1782908671.0226018,0.9562074771586038,apf_colreg,overtaking,-1.0,0.36325588131621706,3.6500871731443345,14.701951385555336,-0.8445157464805115,1.5967348869359899,1.09720727252414,0.8873194729599028,mr_webots_overtaking_large_ship.wbt,ekf_on_cluster_on,1,1,5.0
1782908671.1825123,8.862655401229858,-200.0,149.71874432519948,0.2,0.3406610436721764,0.7580351804256571,1.2577287170175904,-0.03365347889594657,0.37789228994618895,1782908671.1619804,None,None,None, None, 1782908671.1895156,1.0266772895495175,apf_colreg,overtaking,-1.0,0.38732374011371024,3.8413515080495917,14.62178501268875,-1.0369682612313262,1.5967348869359899,1.09720727252414,0.8873194729599028,mr_webots_overtaking_large_ship.wbt,ekf_on_cluster_on,1,1,5.0
1782908671.2431717,8.923314809799194,-200.0,136.72845110725274,0.2,0.33525867358161726,0.8181697660636544,1.2790043936079911,-0.043188255400637574,0.37475350155471304,1782908671.2346573,None,None,None, None, 1782908671.3058233,0.9536906708485631,apf_colreg,overtaking,-1.0,0.3814429132878268,3.9690495666133785,14.559736069387487,-1.2427200333768083,1.6972211450123862,1.1289729772425223,0.8683548482640506,mr_webots_overtaking_large_ship.wbt,ekf_on_cluster_on,1,1,5.0
1782908671.4331818,9.113324880599976,-200.0,194.9089893202431,0.2,0.32618894592876907,0.5849053285190158,1.1960556890037415,-0.10955665855513623,0.35289393513917333,1782908671.4341848,0.5783008087080603,1.1937163283749506,0.3328700503072924, 1782908671.297309, 1782908671.4000576,0.9846191838607347,apf_colreg,overtaking,-1.0,0.8832089345620165,0.0,14.883693183552541,-0.14883522158454277,1.6972211450123862,1.1289729772425223,0.8683548482640506,mr_webots_overtaking_large_ship.wbt,ekf_on_cluster_on,1,1,5.0
1782908671.5810435,9.261186599731445,-200.0,195.73226325140826,0.2,0.31741973941484747,0.6294547878351515,1.2109230332153382,-0.047315452084883344,0.3479586729795484,1782908671.5384903,None,None,None, None, 1782908671.5810435,0.9595134414834117,apf_colreg,overtaking,-1.0,0.4278282283080109,4.269280229672705,14.828631626725933,-0.12823831600488322,1.474380296476308,1.045010280016194,0.8377751581179589,mr_webots_overtaking_large_ship.wbt,ekf_on_cluster_on,1,1,5.0
1782908671.7402654,9.420408487319946,-200.0,185.81122326764495,0.2,0.30950222291727847,0.6893668400018798,1.2303459355580149,-0.039957850832516094,0.34315620936418423,1782908671.7442653,None,None,None, None, 1782908671.7082293,1.0412600645831318,apf_colreg,overtaking,-1.0,0.44280950740501884,2.4389950842150263,14.662677107531772,-0.35430037526404234,1.474380296476308,1.045010280016194,0.8377751581179589,mr_webots_overtaking_large_ship.wbt,ekf_on_cluster_on,1,1,5.0
1782908671.8120809,9.492223978042603,-200.0,172.94921753683005,0.2,0.30266803913880314,0.7532182081817922,1.2505432495610247,-0.036558450451821024,0.34002728907899665,1782908671.8416257,0.6632458456918764,1.2231083405634038,0.30242629576497126, 1782908671.8296, 1782908671.780497,1.0169336655851853,apf_colreg,overtaking,-1.0,0.4798237180738135,2.2032534109704645,14.579484408833457,-0.6159209021348335,1.576395455639396,1.0714395421440632,0.8181945949291228,mr_webots_overtaking_large_ship.wbt,ekf_on_cluster_on,1,1,5.0
1782908671.9537516,9.633894681930542,-200.0,164.9867227915284,0.2,0.29677620789083775,0.8166378558288905,1.2702005967247434,-0.0363959674432345,0.333315748226649,1782908671.9286687,None,None,None, None, 1782908671.979774,1.0871465544156727,apf_colreg,overtaking,-1.0,0.4664415967301709,2.027133326450949,14.480589164106295,-0.7611755101097106,1.576395455639396,1.0714395421440632,0.8181945949291228,mr_webots_overtaking_large_ship.wbt,ekf_on_cluster_on,1,1,5.0
1782908672.0490444,9.729187488555908,-200.0,155.28007225702936,0.2,0.28914969397784535,0.8792994629361006,1.2892774897518713,-0.058516722193888045,0.32856744784156566,1782908672.009813,None,None,None, None, 1782908672.0575473,1.0056463272947809,apf_colreg,overtaking,-1.0,0.4683039979966022,2.2429043173972447,14.313991910333685,-0.9222136562490908,1.6337958409708875,1.0828685588056044,0.7962961868796082,mr_webots_overtaking_large_ship.wbt,ekf_on_cluster_on,1,1,5.0
1782908672.1736262,9.853769302368164,-200.0,145.38600703908517,0.2,0.28052144941267365,0.9410481135747233,1.3075565789144434,-0.06629275351891757,0.31784063841967697,1782908672.1716228,None,None,None, None, 1782908672.1706247,1.0551764557018415,apf_colreg,overtaking,-1.0,0.4867058461518627,2.569784247358545,14.280514333307117,-1.0830483634582508,1.6901096591118032,1.0990734420770667,0.7865288215740354,mr_webots_overtaking_large_ship.wbt,ekf_on_cluster_on,1,1,5.0
1782908672.2927835,9.972926616668701,-200.0,144.58654908822493,0.2,0.2709514761987483,1.0018578586970994,1.3249867022062602,-0.07416954164153487,0.30929920413077133,1782908672.2867837,None,None,None, None, 1782908672.2887847,0.9395224107912997,apf_colreg,overtaking,-1.0,0.47351790221952117,2.3560428444116033,14.221712776171275,-1.0913294162951095,1.6901096591118032,1.0990734420770667,0.7865288215740354,mr_webots_overtaking_large_ship.wbt,ekf_on_cluster_on,1,1,5.0
1782908672.392612,10.072755098342896,-197.75389953730144,200.0,0.2,0.26823269688961077,0.7523261563493138,1.250988202138106,-0.04203587958807323,0.30485061907636524,1782908672.392612,0.7451539493768613,1.248890152785962,0.27583293059411496, 1782908672.30129, 1782908672.3876095,0.9636993994513837,apf_colreg,overtaking,-1.0,0.7998875589346224,0.0,14.72622083028362,0.07763538173519446,1.787010419552725,1.1216507986164557,0.7693563403122416,mr_webots_overtaking_large_ship.wbt,ekf_on_cluster_on,1,1,5.0
1782908672.5483072,10.228450298309326,-199.94333794598154,200.0,0.2,0.2605489740581486,0.7970341772251532,1.263148258067642,-0.051919057953739474,0.29858613635642633,1782908672.62492,None,None,None, None, 1782908672.607406,0.984870003118775,apf_colreg,overtaking,-1.0,0.4698134258674538,3.6158996131684145,14.486895083224232,0.02200938043172851,1.5254917761399764,1.0534265021597813,0.74949195871384,mr_webots_overtaking_large_ship.wbt,ekf_on_cluster_on,1,1,5.0
1782908672.7335596,10.413702726364136,-200.0,179.41918801549892,0.2,0.2540418575740256,0.8581433236164817,1.279209953951061,-0.029909508998260406,0.29524676136636735,1782908672.7365634,None,None,None, None, 1782908672.730557,0.9690411308481739,apf_colreg,overtaking,-1.0,0.5321017535907403,1.7550544047773942,14.028583947795628,-0.4684780063159435,1.6038570157182586,1.0693160900478031,0.727091756524385,mr_webots_overtaking_large_ship.wbt,ekf_on_cluster_on,1,1,5.0
1782908672.9511716,10.631314754486084,-200.0,184.08668403516597,0.2,0.25057612743470803,0.9223957312774163,1.2957369124165847,-0.012564943259650123,0.29358557997098017,1782908673.003241,None,None,None, None, 1782908672.9511716,1.0474235629009228,apf_colreg,overtaking,-1.0,0.5120007841751912,1.8076026761811799,13.776988016970176,-0.36793375124543193,1.6594798812712186,1.0828555761008802,0.7067045771786337,mr_webots_overtaking_large_ship.wbt,ekf_on_cluster_on,1,1,5.0
1782908673.15241,10.832553148269653,-200.0,182.47580210901296,0.2,0.2458823252010847,0.9877548288281526,1.3123898827859897,-0.03376957408408867,0.2856858114516201,1782908673.193962,None,None,None, None, 1782908673.1514127,0.914472023666923,apf_colreg,overtaking,-1.0,0.48745094310653114,1.8512369970945406,13.569303089768898,-0.39413096576826767,1.6842342270020694,1.0922608495096202,0.6937079368063918,mr_webots_overtaking_large_ship.wbt,ekf_on_cluster_on,1,1,5.0
1782908673.3223221,11.00246524810791,-198.81497779586184,200.0,0.2,0.23541961045217472,0.9306418161851558,1.2984485437657631,-0.0474592497167969,0.27633171008685736,1782908673.2998002,0.9229793295487043,1.2965555182071633,0.22533162746767135, 1782908673.302807, 1782908673.2902956,0.9473359838569393,apf_colreg,overtaking,-1.0,0.431854167600035,4.046817264798683,13.59071373897278,0.047108760109551895,1.7340252503123847,1.1089680899248004,0.6718539976910343,mr_webots_overtaking_large_ship.wbt,ekf_on_cluster_on,1,1,5.0
1782908673.434683,11.114826202392578,-200.0,200.0,0.2,0.22827504399414097,0.9908401176490234,1.3127184947121524,-0.045916195626568644,0.2721154659853778,1782908673.391625,None,None,None, None, 1782908673.391625,0.9921378931090906,apf_colreg,overtaking,-1.0,0.4124506097842076,2.556981375521833,13.543219146245725,0.01049837821294819,1.7340252503123847,1.1089680899248004,0.6718539976910343,mr_webots_overtaking_large_ship.wbt,ekf_on_cluster_on,1,1,5.0
1782908673.550952,11.2310950756073,-196.01618737153132,200.0,0.2,0.22275004438366236,1.0573838071443329,1.3279483589443508,-0.022701159778118655,0.26941937094170115,1782908673.621057,None,None,None, None, 1782908673.524906,0.9186379596393487,apf_colreg,overtaking,-1.0,0.43939446841566493,2.0256660329276697,13.433544086515063,0.1098699898095079,1.6907080169625965,1.0894612860373827,0.6505935838764028,mr_webots_overtaking_large_ship.wbt,ekf_on_cluster_on,1,1,5.0
1782908673.6590989,11.339241981506348,-200.0,200.0,0.2,0.21715146917630648,1.1247635002487435,1.3430101693203813,-0.027734681631286007,0.26635004397426176,1782908673.621057,None,None,None, None, 1782908673.6355798,1.0633790103961394,apf_colreg,overtaking,-1.0,0.42378637281845033,1.7798906446769187,13.357043250409017,-0.016419300683195637,1.6907080169625965,1.0894612860373827,0.6505935838764028,mr_webots_overtaking_large_ship.wbt,ekf_on_cluster_on,1,1,5.0
1782908673.8038332,11.483976364135742,-200.0,200.0,0.2,0.2130712060111327,1.1927655292665618,1.3578259428222683,-0.015566247163197284,0.26441704844718,1782908673.8429146,None,None,None, None, 1782908673.8454287,0.9175476659532255,apf_colreg,overtaking,-1.0,0.3997596480485353,2.6595948091007435,13.187659081664803,0.014838385720240765,1.852521312399971,1.1222224678205295,0.6180934577621818,mr_webots_overtaking_large_ship.wbt,ekf_on_cluster_on,1,1,5.0
1782908674.0283601,11.708503246307373,-200.0,195.63825429652528,0.2,0.20985552735280752,1.2608943881869132,1.3724210585647025,-0.012709352915009407,0.2612484915811395,1782908674.0900362,None,None,None, None, 1782908673.985548,0.9906793362707641,apf_colreg,overtaking,-1.0,0.3947502801231296,2.9857546476698693,13.10367602020347,-0.11535225153515061,1.8806105847354064,1.1300225008262423,0.6068137087971943,mr_webots_overtaking_large_ship.wbt,ekf_on_cluster_on,1,1,5.0
1782908674.2262156,11.90635871887207,-200.0,193.0050152392452,0.2,0.20609072784381885,1.3286002261768708,1.386741215558537,-0.022408747923189035,0.25662893765114847,1782908674.2006943,None,None,None, None, 1782908674.214702,1.037953469682057,apf_colreg,overtaking,-1.0,0.383313434704572,3.4518343238451563,12.973115317228826,-0.16966407574253228,1.9271719214554797,1.1432354719314541,0.5851655792435405,mr_webots_overtaking_large_ship.wbt,ekf_on_cluster_on,1,1,5.0
1782908674.4219618,12.102104902267456,-171.08114997266446,200.0,0.2,0.19858234172921657,1.110411508450222,1.3382291542508122,-0.06292744628746966,0.24254687392501548,1782908674.4244769,1.1011889049495904,1.3362106561439016,0.2005408424029511, 1782908674.307318, 1782908674.4219618,1.0244299586308085,apf_colreg,overtaking,-1.0,0.6630454324977522,0.0,13.100653919731396,0.5858606462385598,1.9855586298822594,1.1534748085497715,0.5627392988899159,mr_webots_overtaking_large_ship.wbt,ekf_on_cluster_on,1,1,5.0
1782908674.6263585,12.306501626968384,-169.9193734329653,200.0,0.2,0.19108707736159336,1.1576555432352773,1.3475199364235797,-0.03012605398653875,0.2377018077717539,1782908674.682932,None,None,None, None, 1782908674.6749363,1.0543218571265265,apf_colreg,overtaking,-1.0,0.37236226087255947,3.9337334196075764,12.972056767196783,0.5998494447875844,1.7561743022122032,1.098988044325065,0.5297352497341232,mr_webots_overtaking_large_ship.wbt,ekf_on_cluster_on,1,1,5.0
1782908674.8261058,12.506248950958252,-174.25922906631354,200.0,0.2,0.18769727760323335,1.217356649332943,1.3587759367042755,0.011869717367136073,0.2400252766241196,1782908674.781051,None,None,None, None, 1782908674.7880661,1.0785183752997072,apf_colreg,overtaking,-1.0,0.3672404275289747,2.1056732531183537,12.856432934740312,0.5205541644199307,1.7561743022122032,1.098988044325065,0.5297352497341232,mr_webots_overtaking_large_ship.wbt,ekf_on_cluster_on,1,1,5.0
1782908674.9129143,12.59305739402771,-187.94639307374746,200.0,0.2,0.1882520630347333,1.2815045236310407,1.3707571745285545,0.03146181041835053,0.24290809174195094,1782908674.87268,None,None,None, None, 1782908674.87268,1.080449258041137,apf_colreg,overtaking,-1.0,0.36706798280236536,1.7698128443775019,12.677581066654136,0.26568057044816484,1.8149902975751293,1.1080724174627892,0.5102267162922358,mr_webots_overtaking_large_ship.wbt,ekf_on_cluster_on,1,1,5.0
1782908675.0392056,12.719348669052124,-200.0,200.0,0.2,0.1929552025758859,1.3479822338318597,1.383364347009838,0.04952541197632242,0.24901790857283118,1782908674.9960473,None,None,None, None, 1782908675.0015547,0.9184154862230071,apf_colreg,overtaking,-1.0,0.3588378799483462,1.484758322410894,12.589623098543948,0.008350535709264584,1.8149902975751293,1.1080724174627892,0.5102267162922358,mr_webots_overtaking_large_ship.wbt,ekf_on_cluster_on,1,1,5.0
1782908675.1694207,12.849563837051392,-200.0,193.27176066468965,0.2,0.19874568630048645,1.4160684173148104,1.3967779155036517,0.03950730174576995,0.2531182507397695,1782908675.1749413,None,None,None, None, 1782908675.202976,1.0829217881055446,apf_colreg,overtaking,-1.0,0.3609699113251826,1.6879107931185924,12.585529536433354,-0.15921712995242654,1.9475193543819935,1.1362812697180262,0.48802325009419606,mr_webots_overtaking_large_ship.wbt,ekf_on_cluster_on,1,1,5.0
1782908675.337653,13.017796039581299,-198.71894587822493,200.0,0.2,0.20625913453824365,1.289449365575779,1.3743966468113555,0.018772938897717393,0.2570001764200059,1782908675.3066173,1.2808995220015198,1.3728037227701142,0.21390562383564493, 1782908675.308122, 1782908675.3111317,0.9807022719009341,apf_colreg,overtaking,-1.0,0.4021070973383389,7.986516263181025,12.760665207067355,0.04632959778566992,2.028343511431024,1.153530841369476,0.46809886096794084,mr_webots_overtaking_large_ship.wbt,ekf_on_cluster_on,1,1,5.0
1782908675.5043714,13.18451452255249,-200.0,195.95962826566736,0.2,0.209820632325573,1.3460827448301569,1.3863746388831473,0.013479810708768128,0.2585998607300794,1782908675.526414,None,None,None, None, 1782908675.4698222,1.0321861808813433,apf_colreg,overtaking,-1.0,0.35795761559314365,2.357511385440682,12.730951374002816,-0.10531526219454257,1.8735510159337145,1.1314534007049672,0.4480054961842164,mr_webots_overtaking_large_ship.wbt,ekf_on_cluster_on,1,1,5.0
1782908675.6846104,13.364753484725952,-200.0,185.25607734887964,0.2,0.21284608570265595,1.4113995848056158,1.4004116797980473,0.011783272305884511,0.2610540901334594,1782908675.7621243,None,None,None, None, 1782908675.6776097,0.9522544113740123,apf_colreg,overtaking,-1.0,0.34295474603078985,1.9390659347070913,12.705093632020324,-0.31745573669921345,1.9589048303192513,1.1555187027155482,0.4262809528900362,mr_webots_overtaking_large_ship.wbt,ekf_on_cluster_on,1,1,5.0
1782908675.8508947,13.5310378074646,-200.0,171.5737568757741,0.2,0.21514961932578142,1.4774955024730758,1.4148387986817035,0.0037099179436440133,0.2618510145622263,1782908675.8483799,None,None,None, None, 1782908675.8508947,0.9941152855761919,apf_colreg,overtaking,-1.0,0.3507138337412857,1.843623340815577,12.621682843308767,-0.5562480032500519,1.9589048303192513,1.1555187027155482,0.4262809528900362,mr_webots_overtaking_large_ship.wbt,ekf_on_cluster_on,1,1,5.0
1782908675.9518204,13.63196349143982,-200.0,160.98320005294522,0.2,0.21547428468225385,1.5423039340878697,1.4291613647069532,-0.016252779748751355,0.26018606624920787,1782908675.9508207,None,None,None, None, 1782908675.9498127,0.9303693400261822,apf_colreg,overtaking,-1.0,0.33494505821617615,2.118337016160913,12.60882507562382,-0.7255830870181734,2.0352537432682776,1.1750891012942426,0.4080782211277052,mr_webots_overtaking_large_ship.wbt,ekf_on_cluster_on,1,1,5.0
1782908676.122629,13.802772045135498,-200.0,152.50709837986065,0.2,0.21267650230231214,1.6058774980457122,1.4432148608594169,-0.041569593423739434,0.25321061127819267,1782908676.1186225,None,None,None, None, 1782908676.1656766,1.0490786308974906,apf_colreg,overtaking,-1.0,0.317116240415797,2.7657290785516784,12.602101230141617,-0.8530367660621625,2.1209809370622104,1.1973225473861846,0.3912615525564051,mr_webots_overtaking_large_ship.wbt,ekf_on_cluster_on,1,1,5.0
1782908676.2948859,13.975028991699219,-200.0,144.08248102665894,0.2,0.206766366988208,1.6684834524676853,1.4568137658712708,-0.06198748526555542,0.24665792715478227,1782908676.3019943,None,None,None, None, 1782908676.2713661,0.9731447976622981,apf_colreg,overtaking,-1.0,0.3172461691304092,2.6181281684715882,12.525028027157958,-0.9681821110876774,2.1209809370622104,1.1973225473861846,0.3912615525564051,mr_webots_overtaking_large_ship.wbt,ekf_on_cluster_on,1,1,5.0
1782908676.3595366,14.039679765701294,-200.0,174.23775101941078,0.2,0.20020438359319248,1.467225854396443,1.4136057320438669,-0.08684511520440816,0.23991336258901558,1782908676.392562,1.4587763051091678,1.4118010312747056,0.20772053259833, 1782908676.308992, 1782908676.3585293,0.9141232611066884,apf_colreg,overtaking,-1.0,0.5650402338844889,0.0,12.688432428640304,-0.5141189537330471,2.194115549731851,1.2161252467982282,0.3752943262167561,mr_webots_overtaking_large_ship.wbt,ekf_on_cluster_on,1,1,5.0
1782908676.481372,14.161515235900879,-200.0,185.85409988419957,0.2,0.19287096296922224,1.5131156820313112,1.4228041647449778,-0.051025319100289554,0.23529212247003783,1782908676.4823685,None,None,None, None, 1782908676.4608552,0.994265710590533,apf_colreg,overtaking,-1.0,0.12702745355984696,14.754734883529425,12.793403971806296,-0.3083167753569702,2.194115549731851,1.2161252467982282,0.3752943262167561,mr_webots_overtaking_large_ship.wbt,ekf_on_cluster_on,1,1,5.0
1782908676.541812,14.221955060958862,-200.0,182.3262877747587,0.2,0.18490948757507522,1.5738514171114848,1.4344911866291703,-0.05126705999354104,0.23068800433980047,1782908676.5844293,None,None,None, None, 1782908676.5428126,0.9261933741483633,apf_colreg,overtaking,-1.0,0.29726396674925576,3.162677371093568,12.734983086284933,-0.3726408942963815,2.0758228539804793,1.1858165323069167,0.36029952458973596,mr_webots_overtaking_large_ship.wbt,ekf_on_cluster_on,1,1,5.0
1782908676.7090275,14.38917064666748,-200.0,182.7369312681462,0.2,0.17266916279338368,1.6391055326427244,1.446504125638839,-0.0893553158214698,0.21374395775360677,1782908676.671994,None,None,None, None, 1782908676.7320595,1.0067588079304362,apf_colreg,overtaking,-1.0,0.3036652337057138,2.7234369980201376,12.692471222990198,-0.36387858183802546,2.0758228539804793,1.1858165323069167,0.36029952458973596,mr_webots_overtaking_large_ship.wbt,ekf_on_cluster_on,1,1,5.0
1782908676.8692496,14.549392700195312,-200.0,181.32698946574004,0.2,0.16242181332887423,1.705455873079444,1.4577715893423528,-0.05668718676136927,0.20897699738177491,1782908676.8777683,None,None,None, None, 1782908676.8502426,1.026219187439122,apf_colreg,overtaking,-1.0,0.28023236564940307,2.3013347292071153,12.640026459187768,-0.38796972978361843,2.1400991371774447,1.199584435892399,0.3444018639448173,mr_webots_overtaking_large_ship.wbt,ekf_on_cluster_on,1,1,5.0
1782908677.0551472,14.735290288925171,-200.0,179.2779078012232,0.2,0.15462221865994996,1.7719235710907064,1.4683950526106075,-0.03873252819753843,0.198537093604402,1782908677.0256248,None,None,None, None, 1782908677.0496316,0.945438343283988,apf_colreg,overtaking,-1.0,0.29969409889910725,2.5573898382071474,12.626146024514743,-0.4241476281713039,2.2204370024238806,1.2134890610886857,0.33115706552919366,mr_webots_overtaking_large_ship.wbt,ekf_on_cluster_on,1,1,5.0
1782908677.1583235,14.83846664428711,-200.0,176.22680468797017,0.2,0.14906520741627374,1.8382530245362283,1.4785400950932512,-0.027235535089222534,0.1954692725590431,1782908677.1382651,None,None,None, None, 1782908677.139264,0.9284047983685393,apf_colreg,overtaking,-1.0,0.2891133978463628,3.116637165809345,12.625136731867777,-0.4774674769703351,2.312073983429343,1.229900524204231,0.31874797060802296,mr_webots_overtaking_large_ship.wbt,ekf_on_cluster_on,1,1,5.0
1782908677.3327982,15.012941360473633,-200.0,191.09412128997616,0.2,0.1466821266607005,1.645304097514189,1.4477029155275924,-0.03184646924087551,0.18927407986576744,1782908677.3327982,1.6370971830159442,1.4464150720925668,0.15317357177216273, 1782908677.315245, 1782908677.369144,0.9062192188435026,apf_colreg,overtaking,-1.0,0.5274915544929885,0.0,12.646939560432255,-0.20365834336364141,2.312073983429343,1.229900524204231,0.31874797060802296,mr_webots_overtaking_large_ship.wbt,ekf_on_cluster_on,1,1,5.0
1782908677.490261,15.170404195785522,-200.0,198.0643756522784,0.2,0.14074056702129176,1.6965313515021525,1.455176360745087,-0.042641140778061054,0.18497085955910503,1782908677.5222943,None,None,None, None, 1782908677.490261,1.0047353549916629,apf_colreg,overtaking,-1.0,0.2727630080264243,3.085870209679948,12.690979569310725,-0.060231872329732816,2.1164332696792663,1.2054532026268858,0.30405452222970636,mr_webots_overtaking_large_ship.wbt,ekf_on_cluster_on,1,1,5.0
1782908677.6414297,15.32157278060913,-200.0,197.93258598629308,0.2,0.13212854811290992,1.761005672873268,1.4641389853651692,-0.0591042356754281,0.17269406348222566,1782908677.6414297,None,None,None, None, 1782908677.611909,0.9545957948749146,apf_colreg,overtaking,-1.0,0.27923616638826976,1.7441724505531622,12.62964336137592,-0.06276310035430743,2.1760810702660076,1.2203336596080683,0.2920088099324729,mr_webots_overtaking_large_ship.wbt,ekf_on_cluster_on,1,1,5.0
1782908677.7567234,15.436866521835327,-200.0,196.5631196340667,0.2,0.12153533427018264,1.8291536832561135,1.4729393443730423,-0.06671282226314766,0.16587620182703586,1782908677.7436268,None,None,None, None, 1782908677.7306178,1.06654860872311,apf_colreg,overtaking,-1.0,0.26222642389320766,1.5381192016701966,12.55132440326085,-0.09125325556360231,2.1760810702660076,1.2203336596080683,0.2920088099324729,mr_webots_overtaking_large_ship.wbt,ekf_on_cluster_on,1,1,5.0
1782908677.8863626,15.566505670547485,-200.0,196.14889144254056,0.2,0.11504597775698429,1.8978471164866637,1.4810132508835725,-0.021889131733353176,0.16286137251997823,1782908677.8813586,None,None,None, None, 1782908677.8493323,1.004168877271046,apf_colreg,overtaking,-1.0,0.2622835346781056,1.618055104085552,12.508872539843832,-0.09955711081575647,2.2864559901094625,1.2320357027308433,0.2809209231863741,mr_webots_overtaking_large_ship.wbt,ekf_on_cluster_on,1,1,5.0
1782908678.1052392,15.785382270812988,-200.0,194.0655322305387,0.2,0.11003042205691953,1.9666012065000031,1.4887389179227828,-0.020001230803919908,0.15982405716601192,1782908678.1704526,None,None,None, None, 1782908678.1639419,0.940509417985656,apf_colreg,overtaking,-1.0,0.26884657711152576,1.9796283198061886,12.508649408546919,-0.14224441223849915,2.373861295052381,1.2453352010994583,0.27096919138646963,mr_webots_overtaking_large_ship.wbt,ekf_on_cluster_on,1,1,5.0
1782908678.2885869,15.968729972839355,-200.0,193.31584059799053,0.2,0.10595115399288597,2.035163948108516,1.4961574658916739,-0.018768197332117483,0.15505001366948992,1782908678.2875838,None,None,None, None, 1782908678.2805762,1.031336029884793,apf_colreg,overtaking,-1.0,0.2593836702505576,2.400985303551121,12.562723904892097,-0.15803997825032567,2.432145440424963,1.254490686236776,0.26338103122468276,mr_webots_overtaking_large_ship.wbt,ekf_on_cluster_on,1,1,5.0
1782908678.489327,16.169470071792603,-200.0,200.0,0.2,0.10721768582806715,1.8299800197552736,1.4740956000837913,-0.021281308876232467,0.1520885896566791,1782908678.619039,1.8213111518921463,1.4731697525857073,0.1195602684888355, 1782908678.320099, 1782908678.6245592,0.9941041722795386,apf_colreg,overtaking,-1.0,0.47565765062858095,0.0,12.700889142038584,-0.012104024418568393,2.502483044079944,1.2675671145124778,0.25723415519565845,mr_webots_overtaking_large_ship.wbt,ekf_on_cluster_on,1,1,5.0
1782908678.7293887,16.409531831741333,-196.87395468565157,200.0,0.2,0.10216011206773445,1.8825168362230464,1.4796582469527468,-0.03425332006002994,0.14550170609246013,1782908678.7293887,None,None,None, None, 1782908678.728387,1.0734552225474447,apf_colreg,overtaking,-1.0,0.24580004505544026,2.6036832603676365,12.781276727780538,0.08629290506071197,2.251921604652715,1.2414763934299926,0.25266521320429863,mr_webots_overtaking_large_ship.wbt,ekf_on_cluster_on,1,1,5.0
1782908678.9207134,16.60085654258728,-200.0,198.86599798922097,0.2,0.0983351592689463,1.947526185060939,1.486162884925907,-0.014161408533936432,0.14325417253738307,1782908678.888097,None,None,None, None, 1782908678.9031994,1.045285662420816,apf_colreg,overtaking,-1.0,0.26464726250339554,1.379117071423807,12.731838341180993,-0.04301854116419346,2.3002109300361933,1.2436075994464943,0.25092483722721703,mr_webots_overtaking_large_ship.wbt,ekf_on_cluster_on,1,1,5.0
1782908679.0816133,16.761756420135498,-200.0,190.56172838718294,0.2,0.09533446531659505,2.0160711090812633,1.4927987448315818,-0.012196094316620797,0.14097958261671667,1782908679.0745986,None,None,None, None, 1782908679.041867,1.0973427015685502,apf_colreg,overtaking,-1.0,0.26696778219394285,1.1455831667025826,12.665898262625031,-0.21450098330594702,2.3619889025489424,1.2469147862839947,0.2504149533178945,mr_webots_overtaking_large_ship.wbt,ekf_on_cluster_on,1,1,5.0
1782908679.241525,16.92166805267334,-200.0,187.76748758333085,0.2,0.09242944669826934,2.0843067026065993,1.4992487949738376,-0.017501867946663027,0.13855725596657842,1782908679.2130024,None,None,None, None, 1782908679.25404,1.095622965331393,apf_colreg,overtaking,-1.0,0.26563012494142335,0.9388487522275923,12.590802471270848,-0.2672772318021259,2.3619889025489424,1.2469147862839947,0.2504149533178945,mr_webots_overtaking_large_ship.wbt,ekf_on_cluster_on,1,1,5.0
1782908679.3622043,17.04234743118286,-200.0,185.1342428541876,0.2,0.09186218089723508,2.0173562751478795,1.4952415575802112,-0.017629803767934042,0.13648261300217496,1782908679.3306806,2.008774515244378,1.4945894846082044,0.09738516800204167, 1782908679.319682, 1782908679.350194,0.9398802602775006,apf_colreg,overtaking,-1.0,0.2803084358785916,2.3019919869894307,12.772292093291325,-0.3214346024368151,2.448809791151352,1.252069377210282,0.25292981183691754,mr_webots_overtaking_large_ship.wbt,ekf_on_cluster_on,1,1,5.0
1782908679.582394,17.262537002563477,-200.0,190.70352470092365,0.2,0.08726366468058899,2.0771022857259256,1.5007132055683314,-0.04255975382328703,0.12596201383714273,1782908679.5778766,None,None,None, None, 1782908679.580385,0.9480670388376994,apf_colreg,overtaking,-1.0,0.28465197358879335,1.1818610826172067,12.896144942708329,-0.21554861934835934,2.381656085907463,1.247093216083925,0.2560500028907196,mr_webots_overtaking_large_ship.wbt,ekf_on_cluster_on,1,1,5.0
1782908679.8039062,17.484049320220947,-200.0,185.47032760491413,0.2,0.08265586543262278,2.1436527761956023,1.5064258923822642,-0.02936286503326009,0.12197820849028254,1782908679.8324177,None,None,None, None, 1782908679.842426,1.0596665374733352,apf_colreg,overtaking,-1.0,0.28634699179745843,0.9721998721046029,12.899280581701134,-0.31821684477053136,2.438326712781878,1.2496864996974486,0.26034786460837994,mr_webots_overtaking_large_ship.wbt,ekf_on_cluster_on,1,1,5.0
1782908679.9814875,17.661630630493164,-200.0,185.13337538674594,0.2,0.07700873672159625,2.2111005429253217,1.5119129634571955,-0.039776396368451206,0.1121173834137183,1782908679.961458,None,None,None, None, 1782908680.0445762,0.9099582556965664,apf_colreg,overtaking,-1.0,0.289611091543543,0.943617581143312,13.100127115630457,-0.32970186628747555,2.4912661978459156,1.2522285746646946,0.2641526866333397,mr_webots_overtaking_large_ship.wbt,ekf_on_cluster_on,1,1,5.0
1782908680.179408,17.859551191329956,-200.0,183.5994003020088,0.2,0.07211136246765601,2.2786865614731884,1.5170049724891115,-0.029699047897973514,0.10564447278614228,1782908680.179408,None,None,None, None, 1782908680.1348596,1.084357975222534,apf_colreg,overtaking,-1.0,0.29397909141397627,1.0378362171626294,13.200917982733351,-0.3619380636502072,2.558256236639805,1.255267035894429,0.26745249398112714,mr_webots_overtaking_large_ship.wbt,ekf_on_cluster_on,1,1,5.0
1782908680.3541143,18.034257411956787,-200.0,185.75449253905137,0.2,0.06075159153516974,2.2031463667259845,1.5116583839947073,-0.08886140890949289,0.09568114866526242,1782908680.3811407,2.1938891238175486,1.511003463154898,0.06048246264876589, 1782908680.32156, 1782908680.331086,1.0809557373002987,apf_colreg,overtaking,-1.0,0.32488049049079465,3.8899822987455175,13.43788436273537,-0.32583812420674363,2.6186152587905824,1.2580525746632307,0.27090648785567245,mr_webots_overtaking_large_ship.wbt,ekf_on_cluster_on,1,1,5.0
1782908680.584743,18.264886140823364,-200.0,190.96126213365557,0.2,0.05239820933070309,2.262228742080183,1.515024381453319,-0.045434993093895384,0.08636177892511118,1782908680.6212904,None,None,None, None, 1782908680.5952568,0.9926639181276644,apf_colreg,overtaking,-1.0,0.2993555567184372,1.3066055371868979,13.620264885799129,-0.22216583597630546,2.515040243252172,1.2460696836917644,0.2737172508153236,mr_webots_overtaking_large_ship.wbt,ekf_on_cluster_on,1,1,5.0
1782908680.781472,18.461615085601807,-200.0,193.8092648949282,0.2,0.04555704629071299,2.328756894791622,1.5182784376170044,-0.03323037329342177,0.07788104207711985,1782908680.751855,None,None,None, None, 1782908680.7904778,0.9977445134002403,apf_colreg,overtaking,-1.0,0.29954372780393607,1.0090260966963933,13.568669083295028,-0.1599188232334301,2.550382625951324,1.2468264689047317,0.2753221509706821,mr_webots_overtaking_large_ship.wbt,ekf_on_cluster_on,1,1,5.0
1782908680.9248488,18.604991912841797,-200.0,194.21707932929667,0.2,0.0365630961209078,2.3972277494859657,1.5211958320744365,-0.058007606108258135,0.07053015507583794,1782908680.8785777,None,None,None, None, 1782908680.914336,1.032877544523064,apf_colreg,overtaking,-1.0,0.2971258054371073,0.8253442798383194,13.748681836682007,-0.15297025125251107,2.6121230600346292,1.2481512205281227,0.2775728720122025,mr_webots_overtaking_large_ship.wbt,ekf_on_cluster_on,1,1,5.0
1782908681.1286764,18.80881953239441,-200.0,197.68896375188564,0.2,0.029127154862831482,2.4660734192285236,1.5234590044725174,-0.03731126741114566,0.06280995122010835,1782908681.194766,None,None,None, None, 1782908681.1421907,0.9875797379271921,apf_colreg,overtaking,-1.0,0.2986593544391097,0.9105478660708577,13.704509831095272,-0.07375283051695725,2.691064681977395,1.2487152608341479,0.27944356879119897,mr_webots_overtaking_large_ship.wbt,ekf_on_cluster_on,1,1,5.0
1782908681.351558,19.03170108795166,-200.0,192.712688312539,0.2,0.023469081437913816,2.3883093553888766,1.5206386095140474,-0.021545802395011856,0.05709907332756377,1782908681.3505487,2.3787390048710852,1.5203389748810299,0.02274217808782364, 1782908681.324029, 1782908681.3505487,0.9459915202923904,apf_colreg,overtaking,-1.0,0.48550962439562007,2.8893053047857666,13.721086348680304,-0.18585200490154818,2.7588098522988167,1.2489037776359029,0.28121185488680706,mr_webots_overtaking_large_ship.wbt,ekf_on_cluster_on,1,1,5.0
1782908681.4812114,19.161354541778564,-199.46662354813398,200.0,0.2,0.019912964206327113,2.4486962982851446,1.5219118029336904,-0.011141860614999687,0.05573247998820034,1782908681.4732027,None,None,None, None, 1782908681.4772127,1.0956388855086294,apf_colreg,overtaking,-1.0,0.3011317393425662,1.5776940801708863,13.817224929019668,0.03240525117008097,2.6839907713234905,1.2440984312046475,0.2823334931036619,mr_webots_overtaking_large_ship.wbt,ekf_on_cluster_on,1,1,5.0
1782908681.709136,19.38927912712097,-196.05466703459592,200.0,0.2,0.01619794068005486,2.5165418676882374,1.5231444337965314,-0.019608560098263637,0.0535430722466302,1782908681.7186496,None,None,None, None, 1782908681.708136,1.0368193828193104,apf_colreg,overtaking,-1.0,0.2947695372521505,1.0697458553242611,13.7631325917002,0.11168868591331726,2.7364153213436064,1.2445046538623932,0.28326736349454956,mr_webots_overtaking_large_ship.wbt,ekf_on_cluster_on,1,1,5.0
1782908681.8741055,19.554248571395874,-193.38953674424042,200.0,0.2,0.013198027353017047,2.585521306217162,1.5241318031498494,-0.01170897058069095,0.050484449621973744,1782908681.8460789,None,None,None, None, 1782908681.8310707,0.9246090916885796,apf_colreg,overtaking,-1.0,0.29380842211200586,0.8802571692451355,13.674801312386471,0.1704117211989571,2.7364153213436064,1.2445046538623932,0.28326736349454956,mr_webots_overtaking_large_ship.wbt,ekf_on_cluster_on,1,1,5.0
1782908682.0221837,19.702326774597168,-191.2816584765751,200.0,0.2,0.01067718920719477,2.6543802198288033,1.524920452424766,-0.008662580871172706,0.04942712132590564,1782908682.0660744,None,None,None, None, 1782908682.0231807,0.9251985996981913,apf_colreg,overtaking,-1.0,0.2918088786613672,0.8208264858915028,13.641589531453455,0.2156626481534234,2.8110014790040543,1.2452141468607032,0.28374198038872905,mr_webots_overtaking_large_ship.wbt,ekf_on_cluster_on,1,1,5.0
1782908682.1593375,19.83948063850403,-190.00128853309212,200.0,0.2,0.008549199579663866,2.72299493436444,1.5255411461201014,-0.006159700625845525,0.048823849254570964,1782908682.1698606,None,None,None, None, 1782908682.218762,0.9586129697386341,apf_colreg,overtaking,-1.0,0.29180760617745855,0.9731386679195295,13.588519400827785,0.24195872806944863,2.894129013701733,1.245781388502803,0.2838296593595976,mr_webots_overtaking_large_ship.wbt,ekf_on_cluster_on,1,1,5.0
1782908682.41151,20.0916531085968,-187.10160106647947,200.0,0.2,0.00856486851066056,2.577022867091513,1.5237640331276108,0.017531391430554523,0.054467662022423466,1782908682.3880005,2.5673533525917422,1.523662192955528,0.00685506127059199, 1782908682.330389, 1782908682.4295437,1.0937800796461823,apf_colreg,overtaking,-1.0,0.33843914301384137,0.0,13.948104613778227,0.3101137480581917,2.983725868030738,1.2461759679341198,0.2835808574573123,mr_webots_overtaking_large_ship.wbt,ekf_on_cluster_on,1,1,5.0
1782908682.6352756,20.31541872024536,-191.69407953367082,200.0,0.2,0.009904158702851516,2.6318713134305245,1.5241998683689886,0.02074258119995065,0.05927501755997907,1782908682.6197631,None,None,None, None, 1782908682.642282,0.9682106672686774,apf_colreg,overtaking,-1.0,0.28771816226627556,1.3468364678858626,13.77970423249977,0.20890339777213818,2.786786812608615,1.243998405673363,0.28306428669635064,mr_webots_overtaking_large_ship.wbt,ekf_on_cluster_on,1,1,5.0
1782908682.7629397,20.443082809448242,-193.5826683812811,200.0,0.2,0.013316796974029772,2.697304593958285,1.5248593847248628,0.031373513914646746,0.06313875901767635,1782908682.742916,None,None,None, None, 1782908682.747916,1.0521490068208847,apf_colreg,overtaking,-1.0,0.28524415715281215,0.9727421750914677,13.713363982552128,0.1666330904783937,2.786786812608615,1.243998405673363,0.28306428669635064,mr_webots_overtaking_large_ship.wbt,ekf_on_cluster_on,1,1,5.0
1782908682.9751945,20.65533757209778,-195.60086410955722,200.0,0.2,0.018897018777473157,2.765602632376979,1.5258444104229092,0.042316279562646573,0.06830754896364476,1782908682.9872012,None,None,None, None, 1782908682.9741945,1.0450728561141336,apf_colreg,overtaking,-1.0,0.2870027342689057,0.7473332313009607,13.61771176302403,0.12071632416437517,2.878806473661157,1.2452818950220776,0.28235903228384235,mr_webots_overtaking_large_ship.wbt,ekf_on_cluster_on,1,1,5.0
1782908683.1119258,20.79206895828247,-197.26940308032692,200.0,0.2,0.023661894872698628,2.834593992148381,1.52729494831107,0.025918996873457154,0.07452456756661448,1782908683.104926,None,None,None, None, 1782908683.0984092,1.0685844566104472,apf_colreg,overtaking,-1.0,0.28558384023201844,0.535359476442883,13.56125635114763,0.08256824601413548,2.942695410004509,1.2468084742908727,0.28171004861703114,mr_webots_overtaking_large_ship.wbt,ekf_on_cluster_on,1,1,5.0
1782908683.2647269,20.944869995117188,-199.90719698977506,200.0,0.2,0.02826684392025021,2.9038630061196877,1.5290778773339397,0.024848059232848295,0.07699249296336187,1782908683.316292,None,None,None, None, 1782908683.3268096,0.9111506906510136,apf_colreg,overtaking,-1.0,0.28503475011812773,0.5244175665544802,13.5094075495776,0.02137273641967674,3.0319373677228967,1.2492026008306985,0.28133540130549944,mr_webots_overtaking_large_ship.wbt,ekf_on_cluster_on,1,1,5.0
1782908683.4915748,21.171717882156372,-200.0,197.02846177200672,0.2,0.032022314177100476,2.752187213683427,1.5261284811432123,0.027111050895700428,0.08280077944530678,1782908683.5305707,2.742295253979852,1.5259020992042671,0.02898559437209247, 1782908683.341817, 1782908683.5120912,1.044969929165263,apf_colreg,overtaking,-1.0,0.3184241631342016,0.0,13.822310446099358,-0.0897462665909039,3.118419212190139,1.2519566737021088,0.28117622842506046,mr_webots_overtaking_large_ship.wbt,ekf_on_cluster_on,1,1,5.0
1782908683.6804302,21.360573291778564,-200.0,194.0614795162513,0.2,0.03612639750288636,2.808026672658851,1.5280476517656698,0.0174361771283182,0.08687071761147559,1782908683.7980597,None,None,None, None, 1782908683.7960606,1.0536714745340798,apf_colreg,overtaking,-1.0,0.2826621118888527,0.8358769146894962,13.678845282625042,-0.15564123931931473,2.9212671856091035,1.2480741980351244,0.28118498686385285,mr_webots_overtaking_large_ship.wbt,ekf_on_cluster_on,1,1,5.0
1782908683.9351208,21.61526393890381,-200.0,192.57074040543674,0.2,0.03883057407810791,2.8739891957320687,1.5305763396294232,0.005669740470665492,0.08840835630329229,1782908683.9231074,None,None,None, None, 1782908683.900964,1.0162690407287012,apf_colreg,overtaking,-1.0,0.28295685286754896,0.548285056105789,13.578461350909281,-0.18699106673776633,2.997879682721737,1.2505818159745203,0.2815312251092345,mr_webots_overtaking_large_ship.wbt,ekf_on_cluster_on,1,1,5.0
1782908684.201445,21.881588220596313,-200.0,192.41957075811135,0.2,0.03999159452524721,2.9422319108939794,1.533343517277924,-0.003752808715562525,0.08736380809285373,1782908684.201445,None,None,None, None, 1782908684.2441106,1.0924194253403174,apf_colreg,overtaking,-1.0,0.28408809243618854,0.4704418228211991,13.491144338605725,-0.18903281559854257,3.079274494289793,1.2529080682348417,0.28270935910507555,mr_webots_overtaking_large_ship.wbt,ekf_on_cluster_on,1,1,5.0
1782908684.4305522,22.110695362091064,-200.0,192.22815220709847,0.2,0.038449950063566,2.933829023481955,1.5322333917974833,-0.019454825423503352,0.08310110744371116,1782908684.4205527,2.9262820686895763,1.5318484482190762,0.03744228420050355, 1782908684.351976, 1782908684.4545877,0.9016910837217847,apf_colreg,overtaking,-1.0,0.28438307866584894,0.7525453415843584,13.574771782976583,-0.19433032992905375,3.1252783609609063,1.2542414058775333,0.28378754869130357,mr_webots_overtaking_large_ship.wbt,ekf_on_cluster_on,1,1,5.0
1782908684.6287925,22.30893564224243,-200.0,193.69842881616995,0.2,0.03813977720526889,2.9984612543544413,1.5347197232308258,-0.002390043300861217,0.08268121057702275,1782908684.5962386,None,None,None, None, 1782908684.6067626,0.9261295794955793,apf_colreg,overtaking,-1.0,0.2861826609513155,0.4767455317112139,13.47478925623209,-0.16122132826241398,3.0922793316497197,1.2512567570988764,0.2847020471902084,mr_webots_overtaking_large_ship.wbt,ekf_on_cluster_on,1,1,5.0
1782908684.7817392,22.46188235282898,-200.0,194.1782518150646,0.2,0.03775078632936652,3.06658488494669,1.5373330575477837,-0.005663063141535117,0.08186873738205523,1782908684.8488195,None,None,None, None, 1782908684.8213034,0.9163228166812663,apf_colreg,overtaking,-1.0,0.28615171685643254,0.38943649408633574,13.447245042117899,-0.15046279812443686,3.185577788066938,1.254410102849159,0.2857327082815379,mr_webots_overtaking_large_ship.wbt,ekf_on_cluster_on,1,1,5.0
1782908685.0835314,22.76367449760437,-200.0,195.01595468312752,0.2,0.035531184224311514,3.1353675433999424,1.5399387394559199,-0.021570026594256445,0.07622341070008386,1782908685.1070635,None,None,None, None, 1782908685.1355808,1.0133060582641484,apf_colreg,overtaking,-1.0,0.2874901967079871,0.38931236091320615,13.426661623145359,-0.13191654081074233,3.2544599848116764,1.2562089219490313,0.28699011959546167,mr_webots_overtaking_large_ship.wbt,ekf_on_cluster_on,1,1,5.0
1782908685.2363286,22.91647171974182,-200.0,197.31624511214622,0.2,0.032526235893086806,3.204346215665561,1.5423484317723677,-0.02227073615568354,0.07195042070552618,1782908685.193294,None,None,None, None, 1782908685.2263231,1.0505222101498912,apf_colreg,overtaking,-1.0,0.28837359121458855,0.30077846550406984,13.405207892633928,-0.08056258965776664,3.2854265346851936,1.256451874058512,0.2883118299132405,mr_webots_overtaking_large_ship.wbt,ekf_on_cluster_on,1,1,5.0
1782908685.3988874,23.079030513763428,-200.0,197.32635095730623,0.2,0.026179276901451137,3.112212254164231,1.5378911086174465,-0.01821546894751605,0.06833299262322637,1782908685.391885,3.1017642818088405,1.5374617009235836,0.016486371365040497, 1782908685.354358, 1782908685.4519634,0.9179848196768468,apf_colreg,overtaking,-1.0,0.29193438363562646,3.3110009933152704,13.511267245150954,-0.08097037610212876,3.211917125001616,1.251355182624162,0.2891736524885566,mr_webots_overtaking_large_ship.wbt,ekf_on_cluster_on,1,1,5.0
1782908685.6218286,23.301971673965454,-199.57867179979988,200.0,0.2,0.023425674907325354,3.171824760632053,1.5393774340601176,-0.015121751391154566,0.06493141840691019,1782908685.6168308,None,None,None, None, 1782908685.6083136,0.9670846813710529,apf_colreg,overtaking,-1.0,0.2904778631409954,0.5085501051767735,13.429893948948443,0.02889559523431018,3.2678844872030433,1.2522996259046728,0.28966824275443653,mr_webots_overtaking_large_ship.wbt,ekf_on_cluster_on,1,1,5.0
1782908685.8102744,23.49041748046875,-194.30681454333842,200.0,0.2,0.02037786674599788,3.239485404127126,1.5408749564754771,-0.017351852899716767,0.06336827622478877,1782908685.8317888,None,None,None, None, 1782908685.8337882,1.0568667103420613,apf_colreg,overtaking,-1.0,0.28835513902494897,0.19119850294300902,13.376192763226785,0.1468786892277203,3.2678844872030433,1.2522996259046728,0.28966824275443653,mr_webots_overtaking_large_ship.wbt,ekf_on_cluster_on,1,1,5.0
1782908685.9722323,23.65237545967102,-189.23824279463503,200.0,0.2,0.01663145917207393,3.308241930320434,1.5421645868435725,-0.02085981105930841,0.057990729188549306,1782908685.9647105,None,None,None, None, 1782908685.9206657,0.9269177557235934,apf_colreg,overtaking,-1.0,0.2884792422488901,0.017455532594752722,13.372955812517661,0.25386782800764074,3.3381969978684403,1.253452231066423,0.2900934577696887,mr_webots_overtaking_large_ship.wbt,ekf_on_cluster_on,1,1,5.0
1782908686.1499245,23.83006763458252,-192.39878846718543,200.0,0.2,0.014326264314893679,3.376618476231696,1.5431554531775422,-0.003504113211846832,0.057590709436293776,1782908686.1775784,None,None,None, None, 1782908686.1499245,1.0378647839225845,apf_colreg,overtaking,-1.0,0.2910522968030117,0.35606664285494327,13.90702926563743,0.19531935943791634,3.413888816675997,1.2545228805164221,0.2902491064033664,mr_webots_overtaking_large_ship.wbt,ekf_on_cluster_on,1,1,5.0
1782908686.3325052,24.012648344039917,-191.74356892523664,200.0,0.2,0.012971499310078983,3.445281923543639,1.5440300851923574,0.0004184776971205005,0.05769601380124361,1782908686.3305044,None,None,None, None, 1782908686.2749557,0.910841870057185,apf_colreg,overtaking,-1.0,0.29088861712874364,0.4074327351929758,13.90338785290033,0.2096930658994074,3.4919569175552847,1.2555663142932865,0.2901743419194329,mr_webots_overtaking_large_ship.wbt,ekf_on_cluster_on,1,1,5.0
1782908686.620863,24.301006078720093,-194.1826410397465,200.0,0.2,0.01047211985066019,3.2566034975567772,1.5397228391682418,0.004525518440805689,0.05895792907886579,1782908686.6093488,3.2449642273432127,1.5394913397711905,0.00495701430855533, 1782908686.363925, 1782908686.6438677,0.9611010289569873,apf_colreg,overtaking,-1.0,0.2958186396177909,0.0,13.699333162211087,0.15318598795614236,3.571432763303269,1.2565634902711762,0.2899919632047325,mr_webots_overtaking_large_ship.wbt,ekf_on_cluster_on,1,1,5.0
1782908686.7675698,24.447712898254395,-193.24507028745006,200.0,0.2,0.01029387225733576,3.307779258817351,1.5402237087181732,0.0055768960149895005,0.05946911813147877,1782908686.7010107,None,None,None, None, 1782908686.7405353,1.0490497540114845,apf_colreg,overtaking,-1.0,0.2898651133374581,0.4121487814017826,13.520148720681453,0.17161967148883495,3.3291633951779933,1.2512846054666922,0.2896810570722952,mr_webots_overtaking_large_ship.wbt,ekf_on_cluster_on,1,1,5.0
1782908687.0190318,24.699174880981445,-188.91206215052276,200.0,0.2,0.010716347362227215,3.3721316214995865,1.5408596299852064,0.007923520382987959,0.06093665592816684,1782908687.1780949,None,None,None, None, 1782908687.1760943,1.00286553477683,apf_colreg,overtaking,-1.0,0.2891365448972041,0.18572718351653003,13.40456668649998,0.2611781392746293,3.4041926877863555,1.2523897815826877,0.2891379936498141,mr_webots_overtaking_large_ship.wbt,ekf_on_cluster_on,1,1,5.0
1782908687.3112483,24.99139142036438,-186.38729996359666,200.0,0.2,0.011147315825875562,3.4397198061645065,1.5415607896521948,0.006921967002927575,0.06359449200358694,1782908687.3873277,None,None,None, None, 1782908687.2701948,0.9628822035719384,apf_colreg,overtaking,-1.0,0.2886356194322741,0.1543102950162126,13.378924442889803,0.31179214682275536,3.5023374637329523,1.25379275478477,0.2885518423061578,mr_webots_overtaking_large_ship.wbt,ekf_on_cluster_on,1,1,5.0
1782908687.54099,25.2211332321167,-192.3763717693672,200.0,0.2,0.01309569464131056,3.375322604543986,1.5405339595297372,0.018202007239107556,0.06777665337632499,1782908687.4999585,3.362336746599401,1.5403618352265274,0.014104994580329766, 1782908687.37832, 1782908687.4283593,1.0828097889660355,apf_colreg,overtaking,-1.0,0.28856714996955646,0.3311214252721311,13.46074557198462,0.1895308940363165,3.516814998207216,1.254078712646182,0.28839038879695955,mr_webots_overtaking_large_ship.wbt,ekf_on_cluster_on,1,1,5.0
1782908687.7475657,25.427708864212036,-188.99278668906908,200.0,0.2,0.016234300648506096,3.4347430359016267,1.5413238106810354,0.030602798318382776,0.07401678586529063,1782908687.7038658,None,None,None, None, 1782908687.7103856,0.9101186677015207,apf_colreg,overtaking,-1.0,0.2880493646307349,0.14310893070960007,13.363000941749194,0.2587147888305079,3.431367572459101,1.2531103956172926,0.2880856308833928,mr_webots_overtaking_large_ship.wbt,ekf_on_cluster_on,1,1,5.0
1782908687.9123573,25.59250044822693,-191.57101890801422,200.0,0.2,0.019387145963172012,3.5012001865334113,1.54246273477208,0.022053732711296223,0.07857068830124388,1782908687.910357,None,None,None, None, 1782908687.9183557,1.0025457374566906,apf_colreg,overtaking,-1.0,0.28733651821988887,0.07587861087391626,13.796567780795877,0.2118348201664384,3.4909572943028624,1.2546395180877432,0.2872908755885573,mr_webots_overtaking_large_ship.wbt,ekf_on_cluster_on,1,1,5.0
1782908688.111117,25.79126000404358,-195.25675817523805,200.0,0.2,0.02538520137420548,3.5694566528749663,1.543856868131968,0.04676678656069284,0.08676605724036432,1782908688.085596,None,None,None, None, 1782908688.0735893,1.0569488469805648,apf_colreg,overtaking,-1.0,0.2869003219592579,0.04837295401211066,13.830291031887201,0.13042522418488822,3.566720760650215,1.256385684650856,0.2868474639113214,mr_webots_overtaking_large_ship.wbt,ekf_on_cluster_on,1,1,5.0
1782908688.3080738,25.988216876983643,-199.0434250257049,200.0,0.2,0.03087894139220569,3.6383932491182565,1.5457627123467805,0.0314721250452124,0.09203465237706537,1782908688.3451118,None,None,None, None, 1782908688.340596,1.0551876546191494,apf_colreg,overtaking,-1.0,0.2868075347139948,0.025234995200749656,13.881610986695883,0.042676647716365146,3.634726078833771,1.2580582160177602,0.2867054798150745,mr_webots_overtaking_large_ship.wbt,ekf_on_cluster_on,1,1,5.0
1782908688.4623811,26.142524242401123,-199.4549309226409,200.0,0.2,0.03734424647509009,3.548962534697891,1.5443860218344738,0.02037655592554157,0.09621955952861662,1782908688.4583797,3.5386778799231595,1.5441470775995332,0.0433540244836097, 1782908688.3842, 1782908688.4478667,0.9148083407797444,apf_colreg,overtaking,-1.0,0.2868275068491885,0.053144755363881316,13.338775233910061,0.03155254655452833,3.634726078833771,1.2580582160177602,0.2867054798150745,mr_webots_overtaking_large_ship.wbt,ekf_on_cluster_on,1,1,5.0
1782908688.6536388,26.333781957626343,-200.0,196.24948956654,0.2,0.041447478314112184,3.6091182541011215,1.5467611336736464,0.01980226958934694,0.09900523098401708,1782908688.7102008,None,None,None, None, 1782908688.6741564,1.0663979865296682,apf_colreg,overtaking,-1.0,0.2874182013174817,0.0,13.880773973245176,-0.1081592925800372,3.6207281742851647,1.2584603605081346,0.28741424452375186,mr_webots_overtaking_large_ship.wbt,ekf_on_cluster_on,1,1,5.0
1782908688.8038723,26.484015464782715,-200.0,191.77192314206332,0.2,0.04678322430700548,3.676507574060172,1.5496964729500355,0.03210280081344819,0.1025733509847647,1782908688.809872,None,None,None, None, 1782908688.7510817,1.0440888486067483,apf_colreg,overtaking,-1.0,0.2886998625299298,0.0,13.880307486965297,-0.2087238722480489,3.6207281742851647,1.2584603605081346,0.28741424452375186,mr_webots_overtaking_large_ship.wbt,ekf_on_cluster_on,1,1,5.0
1782908688.897973,26.578116178512573,-200.0,187.41139796949162,0.2,0.05080181576990474,3.744879067854662,1.5530852973546345,0.013860854307031397,0.1039548779327181,1782908688.9450877,None,None,None, None, 1782908688.9776227,1.0175968038251115,apf_colreg,overtaking,-1.0,0.2920880718305399,0.0,13.835862714261422,-0.30115758488591027,3.752221883702483,1.2611159399811471,0.2882247579749444,mr_webots_overtaking_large_ship.wbt,ekf_on_cluster_on,1,1,5.0
1782908689.1598146,26.83995771408081,-200.0,185.3076862784079,0.2,0.053133933986566746,3.8129233902687694,1.5567173257532207,0.0006395487117602455,0.10414091959823991,1782908689.2078652,None,None,None, None, 1782908689.1392968,1.023618704069082,apf_colreg,overtaking,-1.0,0.2936576783544481,0.0,13.79511538617792,-0.34363849182169215,3.8152565018091735,1.2624494780605742,0.28959061885463944,mr_webots_overtaking_large_ship.wbt,ekf_on_cluster_on,1,1,5.0
1782908689.3134944,26.993637561798096,-200.0,182.5638531134795,0.2,0.053554609900425064,3.8806912119446673,1.5604544373330391,-0.0116655291463906,0.10179933309339008,1782908689.3014941,None,None,None, None, 1782908689.359127,1.0311527119559232,apf_colreg,overtaking,-1.0,0.2936576783544481,0.0,13.794332513384093,-0.39891525374614556,3.87920419434183,1.2641815824552192,0.2912671250053656,mr_webots_overtaking_large_ship.wbt,ekf_on_cluster_on,1,1,5.0
1782908689.519735,27.199878215789795,-200.0,183.94037000806287,0.2,0.05153466195018206,3.7301937666097396,1.5531730314129029,-0.026818353405194718,0.09841340651081189,1782908689.618338,3.7203356569210415,1.552676282909045,0.05125085981898625, 1782908689.388164, 1782908689.4871922,1.045234682096992,apf_colreg,overtaking,-1.0,0.3006314538635385,0.0,13.935943814414125,-0.37515969129577087,3.720892662871812,1.25291742474949,0.2935425356276508,mr_webots_overtaking_large_ship.wbt,ekf_on_cluster_on,1,1,5.0
1782908689.7666762,27.446819305419922,-200.0,187.55536166693636,0.2,0.049902708120657155,3.78370817966401,1.5559452321980132,-0.01940523995358974,0.09451717781947336,1782908689.7255223,None,None,None, None, 1782908689.763677,0.9034049554241542,apf_colreg,overtaking,-1.0,0.3030050499631882,0.0,13.73662247792602,-0.2960101247456439,3.753394668051452,1.2521635316666524,0.29520255643474996,mr_webots_overtaking_large_ship.wbt,ekf_on_cluster_on,1,1,5.0
1782908689.8983612,27.57850432395935,-200.0,190.36456218271428,0.2,0.04640147857697182,3.8482082236520956,1.5591556781766087,-0.032228507832574624,0.09114098301551268,1782908689.9549456,None,None,None, None, 1782908689.872826,0.9243357024778424,apf_colreg,overtaking,-1.0,0.3030050499631882,0.0,13.731949390989293,-0.23676963773154736,3.753394668051452,1.2521635316666524,0.29520255643474996,mr_webots_overtaking_large_ship.wbt,ekf_on_cluster_on,1,1,5.0
1782908690.098465,27.778608083724976,-200.0,192.88994071440928,0.2,0.04157577543646231,3.915930589366286,1.5622318960162573,-0.03611383891888839,0.08268493005729015,1782908690.0644302,None,None,None, None, 1782908690.088464,1.0483585674838456,apf_colreg,overtaking,-1.0,0.3070897942138916,0.0,13.694496551823654,-0.18161762360109623,3.846377078571727,1.2534923540164635,0.29737745536269944,mr_webots_overtaking_large_ship.wbt,ekf_on_cluster_on,1,1,5.0
1782908690.1575677,27.837710857391357,-200.0,195.72560759971506,0.2,0.035089752516502086,3.9845078315094375,1.5649669525893302,-0.04484694484269107,0.07880018732041497,1782908690.1510525,None,None,None, None, 1782908690.1961246,1.0251115935903161,apf_colreg,overtaking,-1.0,0.31062960384391103,0.0,13.675897768930124,-0.1184196250270837,3.9658136730318834,1.255215612613039,0.299128947546109,mr_webots_overtaking_large_ship.wbt,ekf_on_cluster_on,1,1,5.0
1782908690.3352916,28.015434741973877,-200.0,199.7314198671881,0.2,0.026508319733317996,4.053538740072064,1.5672134927303283,-0.05658957991198542,0.0703292845462192,1782908690.3007426,None,None,None, None, 1782908690.3302898,1.000373526934875,apf_colreg,overtaking,-1.0,0.31062960384391103,0.0,13.676887599378738,-0.02580949942913513,3.9658136730318834,1.255215612613039,0.299128947546109,mr_webots_overtaking_large_ship.wbt,ekf_on_cluster_on,1,1,5.0
1782908690.44338,28.123523235321045,-199.32332413343173,200.0,0.2,0.018426646258351467,3.9138261148928257,1.5605610752505248,-0.03223451040768289,0.06717996135757758,1782908690.398443,3.904470882452734,1.5601925732981787,0.015006301678083922, 1782908690.389442, 1782908690.4368722,0.9008603822225332,apf_colreg,overtaking,-1.0,0.3146685823174599,0.0,13.737064377953564,0.03561452238164531,4.039685459862271,1.2545319868145508,0.30046598805260755,mr_webots_overtaking_large_ship.wbt,ekf_on_cluster_on,1,1,5.0
1782908690.661673,28.341816186904907,-189.25601325340887,200.0,0.2,0.013029213631593938,3.971074531391888,1.5614279965269207,-0.020589211603172952,0.06180142705043719,1782908690.6596737,None,None,None, None, 1782908690.7410314,0.939116998190229,apf_colreg,overtaking,-1.0,0.3166031228550057,0.0,13.65475872653908,0.25884443518934397,3.941895035906428,1.243234167505299,0.3015325421774809,mr_webots_overtaking_large_ship.wbt,ekf_on_cluster_on,1,1,5.0
1782908690.8335164,28.513659477233887,-185.66705894058705,200.0,0.2,0.008249707599622739,4.03697006540178,1.5620878688577857,-0.01804420638060427,0.06022511700536223,1782908690.851036,None,None,None, None, 1782908690.8530374,0.9665686940138092,apf_colreg,overtaking,-1.0,0.32042524615607515,0.0,13.627640196347771,0.3322087922463597,3.941895035906428,1.243234167505299,0.3015325421774809,mr_webots_overtaking_large_ship.wbt,ekf_on_cluster_on,1,1,5.0
1782908690.931769,28.61191201210022,-182.5799034323476,200.0,0.2,0.0051815493883224945,4.1045047868304305,1.5624485616379058,-0.0035759509708446153,0.05956859646195503,1782908690.9306252,None,None,None, None, 1782908690.9412236,1.0526898029664553,apf_colreg,overtaking,-1.0,0.323419754505711,0.0,13.594278322906899,0.392815078576624,4.013099556901271,1.2420488814948034,0.3017887753426216,mr_webots_overtaking_large_ship.wbt,ekf_on_cluster_on,1,1,5.0
1782908691.0583708,28.738513946533203,-181.6035009393851,200.0,0.2,0.003666724639813288,4.171992531785722,1.5626372822453636,0.005664118300994585,0.060215605527474465,1782908691.0448546,None,None,None, None, 1782908691.0553696,0.9170278346175523,apf_colreg,overtaking,-1.0,0.323419754505711,0.0,13.59319654589201,0.41185489259530605,4.013099556901271,1.2420488814948034,0.3017887753426216,mr_webots_overtaking_large_ship.wbt,ekf_on_cluster_on,1,1,5.0
1782908691.1505547,28.830697774887085,-181.1785237745596,200.0,0.2,0.004215248030538897,4.23937107088125,1.5627651394980155,0.018884609982475688,0.06220215042107732,1782908691.1500485,None,None,None, None, 1782908691.1702452,0.9533293332563537,apf_colreg,overtaking,-1.0,0.3255572919801714,0.0,13.566546568068574,0.41928105440763375,4.137209126239667,1.241006345186142,0.30154955073817685,mr_webots_overtaking_large_ship.wbt,ekf_on_cluster_on,1,1,5.0
1782908691.3004806,28.980623722076416,-181.32667548241184,200.0,0.2,0.004217533887882743,4.306687939427289,1.5629868668279059,0.0071798701532533385,0.06306660644242723,1782908691.2704484,None,None,None, None, 1782908691.2704484,0.9835145935769999,apf_colreg,overtaking,-1.0,0.3255572919801714,0.0,13.566203096215977,0.4164036375381679,4.137209126239667,1.241006345186142,0.30154955073817685,mr_webots_overtaking_large_ship.wbt,ekf_on_cluster_on,1,1,5.0
1782908691.4428608,29.12300395965576,-193.14603535028996,200.0,0.2,0.007757231507078173,4.0869146805714,1.5623679416378586,0.026078290447752412,0.06644783391456485,1782908691.5059237,4.077680839057538,1.562340934459175,0.011328650188046298, 1782908691.392597, 1782908691.468403,0.969911161916658,apf_colreg,overtaking,-1.0,0.3421367395639608,0.0,13.607043582131372,0.1748828239433653,4.253472538813112,1.2400479112849963,0.3009618342935745,mr_webots_overtaking_large_ship.wbt,ekf_on_cluster_on,1,1,5.0
1782908691.6747763,29.35491943359375,-189.3446236561709,200.0,0.2,0.011622822037042138,4.136772727049237,1.5627691574309353,0.037494276766600006,0.07387382655906136,1782908691.7128043,None,None,None, None, 1782908691.727815,0.9743780234733138,apf_colreg,overtaking,-1.0,0.3253508296824592,0.0,13.54656681809734,0.2549470945815626,4.029212786198438,1.2381189883892916,0.29995096213923217,mr_webots_overtaking_large_ship.wbt,ekf_on_cluster_on,1,1,5.0
1782908691.8477113,29.527854442596436,-190.93537880116173,200.0,0.2,0.020427649643213038,4.200211042528649,1.5635854689635487,0.07376977745301042,0.08918246102035586,1782908691.805681,None,None,None, None, 1782908691.811185,1.0422443498527851,apf_colreg,overtaking,-1.0,0.3349749669275755,0.0,13.57838747224827,0.2220326493933591,4.077497811879628,1.2359200660568452,0.299187008627733,mr_webots_overtaking_large_ship.wbt,ekf_on_cluster_on,1,1,5.0
1782908691.9562032,29.636346340179443,-195.32845763996943,200.0,0.2,0.026680245297691384,4.267812845373318,1.5651888755193593,0.029888209747236036,0.09187527619769942,1782908691.8957772,None,None,None, None, 1782908691.9128022,0.9048632694900031,apf_colreg,overtaking,-1.0,0.3392617289462701,0.0,13.589613175430372,0.12655610402502493,4.148160459724516,1.2341627511995166,0.2986662481154353,mr_webots_overtaking_large_ship.wbt,ekf_on_cluster_on,1,1,5.0
1782908692.0788853,29.759028434753418,-200.0,200.0,0.2,0.03281676642348635,4.336652345774286,1.5672170309671216,0.03308679321965097,0.09566457538312133,1782908692.091891,None,None,None, None, 1782908692.0203183,0.9295688484508702,apf_colreg,overtaking,-1.0,0.3392617289462701,0.0,13.58919642390197,0.013312787946667903,4.148160459724516,1.2341627511995166,0.2986662481154353,mr_webots_overtaking_large_ship.wbt,ekf_on_cluster_on,1,1,5.0
1782908692.128196,29.80833911895752,-200.0,196.41881378354933,0.2,0.03868067259529614,4.406181577417621,1.5696957641353428,0.03021794999038724,0.09812999118476814,1782908692.091891,None,None,None, None, 1782908692.102406,0.986238701880959,apf_colreg,overtaking,-1.0,0.3392617289462701,0.0,13.588162428802194,-0.10205596886839263,4.326537437843153,1.2360785893164392,0.29845537891144047,mr_webots_overtaking_large_ship.wbt,ekf_on_cluster_on,1,1,5.0
1782908692.2468836,29.927026748657227,-200.0,192.2928615875498,0.2,0.043633872720322826,4.475396272394704,1.5725734229017085,0.02169753731675744,0.10037105914889673,1782908692.3144686,None,None,None, None, 1782908692.317471,1.0738445144937567,apf_colreg,overtaking,-1.0,0.3447250960547642,0.0,13.588041092336766,-0.1931251624068766,4.326537437843153,1.2360785893164392,0.29845537891144047,mr_webots_overtaking_large_ship.wbt,ekf_on_cluster_on,1,1,5.0
1782908692.3525288,30.03267192840576,-200.0,187.46339780757364,0.2,0.04815651307857247,4.544105572208875,1.5757605988687118,0.0190869059891983,0.10264795198175945,1782908692.3144686,None,None,None, None, 1782908692.317471,1.0738445144937567,apf_colreg,overtaking,-1.0,0.35065656753046776,0.0,13.631763687427648,-0.29564475739543017,4.41623807853165,1.2369482360789446,0.2986942253483826,mr_webots_overtaking_large_ship.wbt,ekf_on_cluster_on,1,1,5.0
1782908692.493214,30.173357009887695,-200.0,181.35764288588828,0.2,0.04988317458375449,4.2740718511774185,1.5667604945953626,0.013746591376814969,0.10444432820375157,1782908692.5432844,4.266099318637004,1.5664665219225733,0.04472573681015035, 1782908692.394075, 1782908692.5402849,0.9478398620149414,apf_colreg,overtaking,-1.0,0.34125573720439767,0.0,13.597509056715984,-0.41676346536705644,4.41623807853165,1.2369482360789446,0.2986942253483826,mr_webots_overtaking_large_ship.wbt,ekf_on_cluster_on,1,1,5.0
1782908692.6013782,30.281521320343018,-200.0,188.0269666330847,0.2,0.05303667005048389,4.320946101562816,1.5692290282781887,0.0027747286898187552,0.10471663412704736,1782908692.6477418,None,None,None, None, 1782908692.646741,0.990880933234224,apf_colreg,overtaking,-1.0,0.3579338727766045,0.0,13.67424745653246,-0.28489481018443463,4.178593343358728,1.2245900933071405,0.29959124610403964,mr_webots_overtaking_large_ship.wbt,ekf_on_cluster_on,1,1,5.0
1782908692.749879,30.43002200126648,-200.0,185.807873021214,0.2,0.053606693332026986,4.382992529908944,1.5726502970569367,-0.013923422900626875,0.10326222987266807,1782908692.7523997,None,None,None, None, 1782908692.8075898,1.0598310723923232,apf_colreg,overtaking,-1.0,0.3579338727766045,0.0,13.650771562938118,-0.32991726235442087,4.178593343358728,1.2245900933071405,0.29959124610403964,mr_webots_overtaking_large_ship.wbt,ekf_on_cluster_on,1,1,5.0
1782908693.028646,30.708789110183716,-200.0,185.02335479318353,0.2,0.05216204930644068,4.449681160078267,1.5763018003368785,-0.022912193191441457,0.09759749418140198,1782908692.9996364,None,None,None, None, 1782908693.0346458,0.9690863968405299,apf_colreg,overtaking,-1.0,0.37367255643980357,0.0,13.682970510439185,-0.34659323420871857,4.334308666385594,1.2233899003366815,0.30246522882559407,mr_webots_overtaking_large_ship.wbt,ekf_on_cluster_on,1,1,5.0
1782908693.1441274,30.824270486831665,-200.0,184.4297908169653,0.2,0.049715738786671376,4.517213045469821,1.5798445392593123,-0.024280692716141937,0.09551239464976012,1782908693.1801727,None,None,None, None, 1782908693.1411288,0.9382657582977743,apf_colreg,overtaking,-1.0,0.37367255643980357,0.0,13.683402194076812,-0.3585556836138588,4.334308666385594,1.2233899003366815,0.30246522882559407,mr_webots_overtaking_large_ship.wbt,ekf_on_cluster_on,1,1,5.0
1782908693.378428,31.058571100234985,-200.0,184.2024722284935,0.2,0.04599620507877407,4.584828820117478,1.5831931698840833,-0.03149926554992792,0.0885411000716287,1782908693.4354742,None,None,None, None, 1782908693.4189527,0.9409786089362709,apf_colreg,overtaking,-1.0,0.37943502541000457,0.0,13.706276740392804,-0.3637224887743189,4.462161690543446,1.2207465596679457,0.3101516956218348,mr_webots_overtaking_large_ship.wbt,ekf_on_cluster_on,1,1,5.0
1782908693.5606735,31.240816593170166,-200.0,192.0436606519447,0.2,0.03638458140971972,4.44813468249084,1.5741279531371386,-0.04685845843093477,0.07685786740705709,1782908693.5561576,4.4393127181550955,1.5736043977053755,0.027309200057414884, 1782908693.395434, 1782908693.5971959,0.9739617180992007,apf_colreg,overtaking,-1.0,0.3891667474712795,0.0,13.973671006771628,-0.20412578582216856,4.462161690543446,1.2207465596679457,0.3101516956218348,mr_webots_overtaking_large_ship.wbt,ekf_on_cluster_on,1,1,5.0
1782908693.669185,31.34932804107666,-200.0,197.82817289651845,0.2,0.03062722361123098,4.503821406609044,1.5760427046863974,-0.038452861528300235,0.07324554983386275,1782908693.650099,None,None,None, None, 1782908693.690191,0.9338242814571585,apf_colreg,overtaking,-1.0,0.3976706939857557,0.0,13.801501951139238,-0.07102661512541708,4.315786580442265,1.2041439860733503,0.3173360985758003,mr_webots_overtaking_large_ship.wbt,ekf_on_cluster_on,1,1,5.0
1782908693.806912,31.48705506324768,-200.0,199.80307854621003,0.2,0.025817954237137442,4.570173690419782,1.5779067429983993,-0.02274885946572535,0.07056656950716181,1782908693.7678623,None,None,None, None, 1782908693.7943902,1.0091467168272916,apf_colreg,overtaking,-1.0,0.3976706939857557,0.0,13.796472634758603,-0.02432074903379533,4.315786580442265,1.2041439860733503,0.3173360985758003,mr_webots_overtaking_large_ship.wbt,ekf_on_cluster_on,1,1,5.0
1782908693.9482205,31.628363609313965,-200.0,200.0,0.2,0.021818694781031673,4.639313013669046,1.579535264546017,-0.017681527711678673,0.06880433291564868,1782908693.9677684,None,None,None, None, 1782908693.9170792,0.9438524120152048,apf_colreg,overtaking,-1.0,0.408311202829713,0.0,13.837496533371812,0.011283537013269118,4.423824169996581,1.2044123806567006,0.323173563304154,mr_webots_overtaking_large_ship.wbt,ekf_on_cluster_on,1,1,5.0
1782908694.070797,31.750940084457397,-197.0686540929717,200.0,0.2,0.01497500446078142,4.708915222547805,1.5809200860480814,-0.046443424256489195,0.05999170627338252,1782908694.0572774,None,None,None, None, 1782908694.0061128,0.9450742941179272,apf_colreg,overtaking,-1.0,0.41967177390548643,0.0,13.875635180733223,0.08915778661883245,4.498689579178217,1.201959831305075,0.33274656277295117,mr_webots_overtaking_large_ship.wbt,ekf_on_cluster_on,1,1,5.0
1782908694.1716235,31.85176658630371,-194.8453683316525,200.0,0.2,0.010717460592826649,4.778262613019163,1.5817487425075303,-0.014180897132009568,0.058632633081587275,1782908694.1531157,None,None,None, None, 1782908694.1826296,0.973249324764505,apf_colreg,overtaking,-1.0,0.42394528816984234,0.0,13.881376086127647,0.14025491957087421,4.5549888020091736,1.2021513292389792,0.3373591070489596,mr_webots_overtaking_large_ship.wbt,ekf_on_cluster_on,1,1,5.0
1782908694.280317,31.96046018600464,-193.09151231063598,200.0,0.2,0.006843260825736838,4.847333088245423,1.582323554624919,-0.01580409196274008,0.057389969099946495,1782908694.231745,None,None,None, None, 1782908694.280317,1.0098844938299851,apf_colreg,overtaking,-1.0,0.42617361400037074,0.0,13.895892409748207,0.17980868531499183,4.624430256357497,1.2007189954413977,0.34319094388806437,mr_webots_overtaking_large_ship.wbt,ekf_on_cluster_on,1,1,5.0
1782908694.4099586,32.09010171890259,-184.5970633330902,200.0,0.2,0.002073756170110897,4.633009107567631,1.5771101424509797,-0.010013586927390863,0.05640879226711361,1782908694.4224713,4.6239188084583756,1.5769325075169431,6.281061329713336, 1782908694.400958, 1782908694.383442,0.9455038352016876,apf_colreg,overtaking,-1.0,0.41512337288146156,1.3338270209009608,13.821054077545512,0.35876743612831863,4.687082998175622,1.1991196780722517,0.34890428335551293,mr_webots_overtaking_large_ship.wbt,ekf_on_cluster_on,1,1,5.0
1782908694.5238278,32.20397090911865,-187.17608358943232,200.0,0.2,6.282179748726352,4.68341410382537,1.577103843217067,-0.008024797612076516,0.05566455867109176,1782908694.531827,None,None,None, None, 1782908694.489274,1.0856059068633999,apf_colreg,overtaking,-1.0,0.43066496480562244,0.0,13.997389648196014,0.30963989418196114,4.687082998175622,1.1991196780722517,0.34890428335551293,mr_webots_overtaking_large_ship.wbt,ekf_on_cluster_on,1,1,5.0
1782908694.6867707,32.36691379547119,-182.36412468487654,200.0,0.2,6.280328906214975,4.746830182464366,1.5769126371449822,0.0010238091806969742,0.05577651802852495,1782908694.7618341,None,None,None, None, 1782908694.7703495,1.0093104682615774,apf_colreg,overtaking,-1.0,0.4439713970569873,0.0,13.913887606698774,0.4063789018774058,4.477933856329135,1.1930288854447755,0.35812879988933133,mr_webots_overtaking_large_ship.wbt,ekf_on_cluster_on,1,1,5.0
1782908694.8737628,32.553905963897705,-182.2776197952547,200.0,0.2,6.280914326806724,4.813533120587709,1.5766068342556778,0.020355000499598014,0.062210721581099,1782908694.8479264,None,None,None, None, 1782908694.8727612,1.0903842126552723,apf_colreg,overtaking,-1.0,0.45175448259889023,0.0,13.916296263855669,0.40818251226208435,4.554148820628319,1.1895577523431415,0.3714808918560091,mr_webots_overtaking_large_ship.wbt,ekf_on_cluster_on,1,1,5.0
1782908694.9794323,32.65957546234131,-185.27137760804925,200.0,0.2,6.2854300525647355,4.880853483356054,1.5764002195375326,0.04754279006452312,0.06744012878856359,1782908694.95792,None,None,None, None, 1782908694.9724333,0.9053527187285575,apf_colreg,overtaking,-1.0,0.45175448259889023,0.0,13.915058281355488,0.3473736517600825,4.554148820628319,1.1895577523431415,0.3714808918560091,mr_webots_overtaking_large_ship.wbt,ekf_on_cluster_on,1,1,5.0
1782908695.0827382,32.7628812789917,-186.86284369446378,200.0,0.2,0.005262460520652844,4.948592024184054,1.5766142329920996,0.019794481329264476,0.0693857654519267,1782908695.056212,None,None,None, None, 1782908695.061723,0.9328482666635095,apf_colreg,overtaking,-1.0,0.46270436787334607,0.0,13.921317823179622,0.31451476895483044,4.645486619655624,1.1873470328012732,0.38217495481715846,mr_webots_overtaking_large_ship.wbt,ekf_on_cluster_on,1,1,5.0
1782908695.2145903,32.89473342895508,-188.88193282576523,200.0,0.2,0.007859215041739379,5.016565482019117,1.577023972711288,0.01713077623794451,0.07154995186115265,1782908695.1825452,None,None,None, None, 1782908695.192553,0.9105275292720876,apf_colreg,overtaking,-1.0,0.46270436787334607,0.0,13.921761073330945,0.27189787399322274,4.645486619655624,1.1873470328012732,0.38217495481715846,mr_webots_overtaking_large_ship.wbt,ekf_on_cluster_on,1,1,5.0
1782908695.4003286,33.0804717540741,-194.96899697381625,200.0,0.2,0.0175784549721548,5.084790380237731,1.5776050060263955,0.08096868280129967,0.08419850940530146,1782908695.3387606,None,None,None, None, 1782908695.38331,1.0230637036712908,apf_colreg,overtaking,-1.0,0.47400392218127174,0.0,13.920470444719959,0.13783748912430305,4.75616328220735,1.1863988059269481,0.39429658849713733,mr_webots_overtaking_large_ship.wbt,ekf_on_cluster_on,1,1,5.0
1782908695.50078,33.18092322349548,-194.55382856146872,200.0,0.2,0.022076460699347725,4.8160925659648655,1.5775207110645535,0.015761823317697585,0.08570530039769987,1782908695.5480886,4.808132943581252,1.577484592779924,0.021477412215861413, 1782908695.407335, 1782908695.621695,1.0537435233514165,apf_colreg,overtaking,-1.0,0.43915068232698695,2.2287609406182223,13.843098333507294,0.14644787751107824,4.815752754490772,1.1844357608702905,0.4051968046372195,mr_webots_overtaking_large_ship.wbt,ekf_on_cluster_on,1,1,5.0
1782908695.8532593,33.53340244293213,-200.0,200.0,0.2,0.02665899320970173,4.865035267371602,1.5787112230281863,0.023454965927223403,0.09416849025675933,1782908695.8907776,None,None,None, None, 1782908695.852257,1.0801292476875337,apf_colreg,overtaking,-1.0,0.5009370897567796,0.0,13.924579537077939,0.01592881534450008,4.549426596685384,1.1819403157994892,0.4333469578384189,mr_webots_overtaking_large_ship.wbt,ekf_on_cluster_on,1,1,5.0
1782908695.9815147,33.66165781021118,-199.6541110894284,200.0,0.2,0.030046674824748973,4.929270358976231,1.5805620056949774,0.012626037058136128,0.09647671113664799,1782908695.9779997,None,None,None, None, 1782908696.0150638,1.013354342763978,apf_colreg,overtaking,-1.0,0.5098466370035991,0.0,13.818896431978928,0.027928295805550007,4.549426596685384,1.1819403157994892,0.4333469578384189,mr_webots_overtaking_large_ship.wbt,ekf_on_cluster_on,1,1,5.0
1782908696.1344094,33.814552545547485,-200.0,198.03152025629737,0.2,0.03901330028560865,4.997982326934868,1.5827400651500199,0.06943816958821318,0.10423679954704951,1782908696.089755,None,None,None, None, 1782908696.1334093,1.091013253860201,apf_colreg,overtaking,-1.0,0.5256206698657878,0.0,13.762905411948458,-0.06608649139125333,4.618179941237266,1.1838992158730008,0.44381620765926433,mr_webots_overtaking_large_ship.wbt,ekf_on_cluster_on,1,1,5.0
1782908696.2741058,33.954248905181885,-200.0,192.99435309736208,0.2,0.04454824828905074,5.067256301606238,1.58570544887057,0.019490410139234353,0.10567304200696756,1782908696.2876234,None,None,None, None, 1782908696.225091,1.0728319744850061,apf_colreg,overtaking,-1.0,0.5256206698657878,0.0,13.755998981523094,-0.18013732959812145,4.618179941237266,1.1838992158730008,0.44381620765926433,mr_webots_overtaking_large_ship.wbt,ekf_on_cluster_on,1,1,5.0
1782908696.3777566,34.057899713516235,-200.0,186.37532136657381,0.2,0.048436921483378935,5.136046251667684,1.5889842385045512,0.010442210555362406,0.10786907092514357,1782908696.3737478,None,None,None, None, 1782908696.406227,0.9822339285004392,apf_colreg,overtaking,-1.0,0.5522853267017906,0.0,13.790575282257835,-0.32163245125134043,4.772737055186706,1.183369312221064,0.46557155788816834,mr_webots_overtaking_large_ship.wbt,ekf_on_cluster_on,1,1,5.0
1782908696.583454,34.26359701156616,-200.0,186.08903387423092,0.2,0.05085964920818305,5.005153682345651,1.5834005026063203,0.00784133883618074,0.10856732948960579,1782908696.4627962,4.996565603142385,1.5830093931319371,0.049042258118959126, 1782908696.409241, 1782908696.537904,0.9294743068932578,apf_colreg,overtaking,-1.0,0.5522853267017906,0.0,13.835991098134542,-0.3286034501833406,4.772737055186706,1.183369312221064,0.46557155788816834,mr_webots_overtaking_large_ship.wbt,ekf_on_cluster_on,1,1,5.0
1782908696.6842597,34.364402770996094,-200.0,184.95070693731256,0.2,0.05133134206712316,5.060926807309038,1.586365740606002,-0.020287287586512156,0.10411499891554706,1782908696.6822603,None,None,None, None, 1782908696.6349895,0.9311119549247974,apf_colreg,overtaking,-1.0,0.567763337854449,0.0,13.810031411120594,-0.35129160353221867,4.6174438798533926,1.1748076662467521,0.4789699639368754,mr_webots_overtaking_large_ship.wbt,ekf_on_cluster_on,1,1,5.0
1782908696.7845051,34.46464824676514,-200.0,185.05731933878883,0.2,0.051493614539943534,5.12586309579005,1.58976587069818,-0.007738096104799576,0.10339137332782393,1782908696.775775,None,None,None, None, 1782908696.740138,1.054405911924165,apf_colreg,overtaking,-1.0,0.567763337854449,0.0,13.761780284267898,-0.3478997019239731,4.6174438798533926,1.1748076662467521,0.4789699639368754,mr_webots_overtaking_large_ship.wbt,ekf_on_cluster_on,1,1,5.0
1782908696.9081562,34.58829927444458,-200.0,183.93560322225898,0.2,0.050229700740056366,5.193082055238402,1.5932844958235108,-0.018714741273005233,0.10106374326650751,1782908696.900149,None,None,None, None, 1782908696.9081562,1.0292388401142036,apf_colreg,overtaking,-1.0,0.5859437050568521,0.0,13.746203736529658,-0.3701475565437411,4.724476691143969,1.1769206649655628,0.4928537369340483,mr_webots_overtaking_large_ship.wbt,ekf_on_cluster_on,1,1,5.0
1782908697.0750034,34.755146503448486,-200.0,181.95553759940694,0.2,0.047363315217627495,5.260591970201908,1.5966992213112121,-0.028563461790994504,0.09651253251517566,1782908697.059486,None,None,None, None, 1782908697.0534863,0.9184524295719865,apf_colreg,overtaking,-1.0,0.5988849211224591,0.0,13.76333320478411,-0.4100668976392088,4.808423135406209,1.1761827848048756,0.5074516036146581,mr_webots_overtaking_large_ship.wbt,ekf_on_cluster_on,1,1,5.0
1782908697.1931765,34.87331962585449,-200.0,182.02185571106529,0.2,0.0441997343376384,5.327950761094982,1.5998731175451582,-0.02613859829915441,0.09320104205782846,1782908697.1861756,None,None,None, None, 1782908697.1676538,0.9944502890038901,apf_colreg,overtaking,-1.0,0.5988849211224591,0.0,13.76599855593139,-0.4088357208005169,4.808423135406209,1.1761827848048756,0.5074516036146581,mr_webots_overtaking_large_ship.wbt,ekf_on_cluster_on,1,1,5.0
1782908697.295835,34.97597813606262,-200.0,182.51037071102118,0.2,0.04016828553148016,5.395300578555689,1.6028184183562502,-0.03198192843259967,0.08969392190799381,1782908697.295835,None,None,None, None, 1782908697.2678323,1.0175036264349449,apf_colreg,overtaking,-1.0,0.6202444976363839,0.0,13.767446932010769,-0.3991999329653604,4.894367617262518,1.1775733810943494,0.5203949554148415,mr_webots_overtaking_large_ship.wbt,ekf_on_cluster_on,1,1,5.0
1782908697.4321,35.11224317550659,-200.0,200.0,0.2,0.03280830568900045,5.184555357108749,1.5914279340793671,-0.03452023326201414,0.08614784640588312,1782908697.3985596,5.1756259270764255,1.5909771815640081,0.026269185374130366, 1782908697.412585, 1782908697.36093,1.0963794532850601,apf_colreg,overtaking,-1.0,0.6202444976363839,0.0,13.63207591839696,0.01786699033411754,4.894367617262518,1.1775733810943494,0.5203949554148415,mr_webots_overtaking_large_ship.wbt,ekf_on_cluster_on,1,1,5.0
1782908697.5057034,35.18584656715393,-200.0,197.49568586671657,0.2,0.02630649252684549,5.236152264176139,1.5930243462024762,-0.04788525174648457,0.08231281714479073,1782908697.4786475,None,None,None, None, 1782908697.4686413,0.9537162094656831,apf_colreg,overtaking,-1.0,0.6335705683522488,0.0,13.771748042790858,-0.07860555927977231,4.720293763366947,1.165462078146718,0.5339670851313614,mr_webots_overtaking_large_ship.wbt,ekf_on_cluster_on,1,1,5.0
1782908697.6149843,35.295127391815186,-200.0,200.0,0.2,0.020733213008196708,5.301114994979889,1.5945492568421145,-0.027386876171424813,0.07914083838778116,1782908697.5944686,None,None,None, None, 1782908697.5824614,0.955422623361252,apf_colreg,overtaking,-1.0,0.6335705683522488,0.0,13.7687752739491,-0.015097831719216082,4.720293763366947,1.165462078146718,0.5339670851313614,mr_webots_overtaking_large_ship.wbt,ekf_on_cluster_on,1,1,5.0
1782908697.7085264,35.38866949081421,-198.47193566515392,200.0,0.2,0.015364366780847164,5.3700284767450785,1.595797532506035,-0.027386876171424813,0.0736634631534962,1782908697.7150328,None,None,None, None, 1782908697.6790085,1.0440068152322655,apf_colreg,overtaking,-1.0,0.6616327036841073,0.0,13.760923598329882,0.055768003125548304,4.815483503792198,1.1687150452708566,0.5496594971361227,mr_webots_overtaking_large_ship.wbt,ekf_on_cluster_on,1,1,5.0
1782908697.764031,35.44417405128479,-195.41789345331063,200.0,0.2,0.009699962903938715,5.43943547213601,1.596685691706158,-0.030475316756528464,0.0699892302883077,1782908697.7150328,None,None,None, None, 1782908697.7475586,0.9248550488086228,apf_colreg,overtaking,-1.0,0.6616327036841073,0.0,13.759809426509584,0.12611913116610207,4.815483503792198,1.1687150452708566,0.5496594971361227,mr_webots_overtaking_large_ship.wbt,ekf_on_cluster_on,1,1,5.0
1782908697.878634,35.55877709388733,-192.50155766301438,200.0,0.2,0.004547813669438877,5.508577305963002,1.597163548563021,-0.024075658306039683,0.06692547754318627,1782908697.842288,None,None,None, None, 1782908697.8468003,0.9425343643556512,apf_colreg,overtaking,-1.0,0.6616327036841073,0.0,13.76120217196021,0.19102272329946324,4.989662472200183,1.1738199018684055,0.563007201730508,mr_webots_overtaking_large_ship.wbt,ekf_on_cluster_on,1,1,5.0
1782908697.9792857,35.65942883491516,-190.45095039420968,200.0,0.2,6.283909500390625,5.577365142444371,1.5972862940434016,-0.01249137229945764,0.06550796441126833,1782908697.9557674,None,None,None, None, 1782908697.9540844,1.0313324670703214,apf_colreg,overtaking,-1.0,0.6727423070047586,0.0,13.760926289909644,0.2354197482740048,4.989662472200183,1.1738199018684055,0.563007201730508,mr_webots_overtaking_large_ship.wbt,ekf_on_cluster_on,1,1,5.0
1782908698.0646975,35.74484062194824,-187.9284265696211,200.0,0.2,6.280381678553064,5.645881095561057,1.5971740893299629,-0.013033101670825917,0.06423815565046288,1782908698.053197,None,None,None, None, 1782908698.0319698,1.067234257667677,apf_colreg,overtaking,-1.0,0.6825862772856085,0.0,13.755339223181295,0.2886418460510791,5.0479709380667,1.1734020447601599,0.5700374862485729,mr_webots_overtaking_large_ship.wbt,ekf_on_cluster_on,1,1,5.0
1782908698.1695848,35.84972786903381,-186.116443422388,200.0,0.2,6.27814516367876,5.7140858920251985,1.5968281107996312,-0.0023690407953574307,0.06399680833163864,1782908698.1550725,None,None,None, None, 1782908698.1294563,0.9945880769937089,apf_colreg,overtaking,-1.0,0.6909976013400895,0.0,13.754355241218377,0.32610263791417093,5.1123349176841195,1.1735283676347352,0.576389481157664,mr_webots_overtaking_large_ship.wbt,ekf_on_cluster_on,1,1,5.0
1782908698.254073,35.934216022491455,-184.83488823456727,200.0,0.2,6.276985686761257,5.782050880163347,1.5963592565263092,0.003962780840811685,0.06432559137415433,1782908698.2380402,None,None,None, None, 1782908698.2225235,1.031639885713439,apf_colreg,overtaking,-1.0,0.6909976013400895,0.0,13.751179349338951,0.3521417478579325,5.1123349176841195,1.1735283676347352,0.576389481157664,mr_webots_overtaking_large_ship.wbt,ekf_on_cluster_on,1,1,5.0
1782908698.3264143,36.00655746459961,-184.76058191880125,200.0,0.2,6.278384209790533,5.8498434797723435,1.5958418399055425,0.023237351458507482,0.06608738570311973,1782908698.3138576,None,None,None, None, 1782908698.2982948,0.9780093133566651,apf_colreg,overtaking,-1.0,0.7103657487077507,0.0,13.748749907650275,0.3535838365473625,5.23155769494373,1.175443221571264,0.5896332600008232,mr_webots_overtaking_large_ship.wbt,ekf_on_cluster_on,1,1,5.0
1782908698.4065785,36.086721658706665,-185.7972117559589,200.0,0.2,6.280492227374229,5.917603067372975,1.5954875295560242,0.021819554991123705,0.06804493757008738,1782908698.403573,None,None,None, None, 1782908698.3700283,0.9259791199940699,apf_colreg,overtaking,-1.0,0.7103657487077507,0.0,13.74603256713588,0.3324373989139877,5.23155769494373,1.175443221571264,0.5896332600008232,mr_webots_overtaking_large_ship.wbt,ekf_on_cluster_on,1,1,5.0
1782908698.551413,36.23155617713928,-200.0,165.99199683672336,0.2,6.286434336515649,5.371774684979124,1.5946760649807705,0.021193539561387236,0.06990608459868754,1782908698.5989337,5.3661990644111075,1.5946703530318953,0.010416929676492439, 1782908698.421598, 1782908698.5959322,0.962490983149566,apf_colreg,overtaking,-1.0,0.423460600831431,1.774428382719568,15.910591055726638,-0.8161155752673181,5.328857817982913,1.1724380661338638,0.5964946697487071,mr_webots_overtaking_large_ship.wbt,ekf_on_cluster_on,1,1,5.0
1782908698.670023,36.3501660823822,-200.0,161.591845176128,0.2,0.007774487773647037,5.404274393274925,1.5948543232972883,0.02294459445601167,0.07237363681008235,1782908698.6890292,None,None,None, None, 1782908698.6750257,1.0460827689688308,apf_colreg,overtaking,-1.0,0.46761102573909696,36.06648606107038,15.918493024103416,-0.9041190892382174,4.769936677571154,1.1698857310817954,0.6076796943197185,mr_webots_overtaking_large_ship.wbt,ekf_on_cluster_on,1,1,5.0
1782908698.7806094,36.46075248718262,-200.0,157.14110519240435,0.2,0.012730527553999673,5.4564024593475695,1.5954467271747905,0.013920752481847513,0.07362783424399759,1782908698.6890292,None,None,None, None, 1782908698.7571025,1.0549428623435504,apf_colreg,overtaking,-1.0,0.7469096446179389,0.0,15.91918904629344,-0.990299394594162,4.8022444200216325,1.168343217168772,0.6138645382371236,mr_webots_overtaking_large_ship.wbt,ekf_on_cluster_on,1,1,5.0
1782908698.876757,36.55690002441406,-200.0,155.89610782249957,0.2,0.015580902732108704,5.517387880579197,1.5964734496034954,-0.009246507262447497,0.07263301391927815,1782908698.8827555,None,None,None, None, 1782908698.848729,1.0604635804358662,apf_colreg,overtaking,-1.0,0.7557817279023096,0.0,15.8938153228208,-1.0123635126992347,4.851571074846898,1.1645919796654078,0.61969881032542,mr_webots_overtaking_large_ship.wbt,ekf_on_cluster_on,1,1,5.0
1782908698.9709146,36.651057720184326,-200.0,154.87288583902813,0.2,0.016359535289878453,5.58087636776925,1.5976838935005766,-0.02162290634691361,0.07077047010620276,1782908698.9839222,None,None,None, None, 1782908698.9389677,1.0119727034502208,apf_colreg,overtaking,-1.0,0.7557817279023096,0.0,15.886830980294043,-1.031211060360067,4.851571074846898,1.1645919796654078,0.61969881032542,mr_webots_overtaking_large_ship.wbt,ekf_on_cluster_on,1,1,5.0
1782908699.0278072,36.70795035362244,-200.0,155.8786935385289,0.2,0.01417502913978914,5.6448328946221915,1.598902094334754,-0.04100873127183442,0.06662175106051844,1782908698.9839222,None,None,None, None, 1782908699.015955,1.0734031356517748,apf_colreg,overtaking,-1.0,0.7557817279023096,0.0,15.890528766597328,-1.01248356366494,4.851571074846898,1.1645919796654078,0.61969881032542,mr_webots_overtaking_large_ship.wbt,ekf_on_cluster_on,1,1,5.0
1782908699.1303463,36.81048941612244,-200.0,159.73950790349463,0.2,0.00850882852875435,5.708986689653896,1.599903957214412,-0.06168780236331502,0.06070197499010622,1782908699.2189422,None,None,None, None, 1782908699.1153214,0.9418105854861851,apf_colreg,overtaking,-1.0,0.7819347571312004,0.0,15.905110540689776,-0.9394668430874864,5.006700301820954,1.1603858568645724,0.6323940359002199,mr_webots_overtaking_large_ship.wbt,ekf_on_cluster_on,1,1,5.0
1782908699.3472757,37.02741885185242,-200.0,162.7933179529223,0.2,0.003245845886504288,5.773556559314955,1.6004406564881037,-0.04510093694763416,0.049499634671132095,1782908699.3282695,None,None,None, None, 1782908699.3372765,0.9964869370796939,apf_colreg,overtaking,-1.0,0.8058398277787518,0.0,15.932629282742223,-0.8812320405265455,5.082907998298043,1.1575998595633172,0.6460455242474518,mr_webots_overtaking_large_ship.wbt,ekf_on_cluster_on,1,1,5.0
1782908699.4908004,37.17094349861145,-200.0,171.11087001493928,0.2,-0.007223266075749317,5.54673718732273,1.5965143226014653,-0.04381807693447054,0.043715294653519754,1782908699.4602776,5.540629280763397,1.5964284045049435,6.265361747002571, 1782908699.435248, 1782908699.4422493,1.0286973359538234,apf_colreg,overtaking,-1.0,0.8053374654323042,0.0,15.970101863176271,-0.7135578488643715,5.116760881305632,1.1528687643181594,0.6523947580643136,mr_webots_overtaking_large_ship.wbt,ekf_on_cluster_on,1,1,5.0
1782908699.6447434,37.32488656044006,-200.0,175.2179932378295,0.2,6.270736942805018,5.594967763906705,1.596120069276889,-0.04545615607711499,0.038299413894144,1782908699.7538197,None,None,None, None, 1782908699.6477442,1.0134456470697695,apf_colreg,overtaking,-1.0,0.8214663216878691,0.0,15.975531647470671,-0.626135343354778,4.871959276914052,1.1468645738147738,0.6636178231336227,mr_webots_overtaking_large_ship.wbt,ekf_on_cluster_on,1,1,5.0
1782908699.874979,37.5551221370697,-200.0,184.8216526870402,0.2,6.264378972922463,5.656287092062769,1.5952722912963502,-0.049263457601078704,0.023961721241083853,1782908699.8704638,None,None,None, None, 1782908699.9305441,0.9128342473124231,apf_colreg,overtaking,-1.0,0.8454677643072075,0.0,15.894713081807197,-0.40734345956878215,4.919380918970805,1.1414688115908906,0.676563870726364,mr_webots_overtaking_large_ship.wbt,ekf_on_cluster_on,1,1,5.0
1782908699.9870114,37.66715455055237,-200.0,191.20932795328986,0.2,6.257598121991826,5.722765412581534,1.5938805970542056,-0.044955164324315504,0.019420185375262904,1782908699.9714875,None,None,None, None, 1782908699.9305441,0.9128342473124231,apf_colreg,overtaking,-1.0,0.8454677643072075,0.0,15.882074538625318,-0.25288594836110434,4.919380918970805,1.1414688115908906,0.676563870726364,mr_webots_overtaking_large_ship.wbt,ekf_on_cluster_on,1,1,5.0
1782908700.0903337,37.77047681808472,-200.0,192.21106845417904,0.2,6.250059307621936,5.79097197205797,1.5919575018118568,-0.04731194460406035,0.01436539344981298,1782908700.0783272,None,None,None, None, 1782908700.1426268,1.0037451182180503,apf_colreg,overtaking,-1.0,0.8632132932001105,0.0,15.961674362705383,-0.2289326267677385,4.9999771057459,1.1356027821176689,0.6893446889964994,mr_webots_overtaking_large_ship.wbt,ekf_on_cluster_on,1,1,5.0
1782908700.26922,37.949363231658936,-200.0,197.20722648791363,0.2,6.243887027976616,5.859549922333372,1.5894797209050289,-0.03163262007817634,0.011160119066781844,1782908700.2997327,None,None,None, None, 1782908700.2501426,1.0813223994194148,apf_colreg,overtaking,-1.0,0.8729032983758463,0.0,16.004439226108204,-0.09911532333883422,5.092292753671745,1.133130976233004,0.7006105429964675,mr_webots_overtaking_large_ship.wbt,ekf_on_cluster_on,1,1,5.0
1782908700.4197278,38.099870920181274,-199.32094639187787,200.0,0.2,6.237803474819617,5.928716169765067,1.5865689056234835,-0.03260576392047804,0.004083307628792596,1782908700.396697,None,None,None, None, 1782908700.3719184,0.9011770510152056,apf_colreg,overtaking,-1.0,0.8729032983758463,0.0,15.999882389472011,0.04154666734321122,5.15426756265264,1.1306183387419473,0.7125616444796905,mr_webots_overtaking_large_ship.wbt,ekf_on_cluster_on,1,1,5.0
1782908700.5662265,38.24636960029602,-195.98403564925633,200.0,0.2,6.226856880506353,5.731453738778022,1.5902319807629681,-0.018224653177202933,0.0019452423524112974,1782908700.6455638,5.723164742256322,1.5904499542383372,6.2124654571374025, 1782908700.44125, 1782908700.5652258,1.0745664290915324,apf_colreg,overtaking,-1.0,0.9020047099826833,0.0,16.029584171753875,0.13195545861983593,5.15426756265264,1.1306183387419473,0.7125616444796905,mr_webots_overtaking_large_ship.wbt,ekf_on_cluster_on,1,1,5.0
1782908700.7677588,38.44790196418762,-191.6734770457998,200.0,0.2,6.222788309787855,5.784998340890807,1.5870815194023233,-0.015678549897006365,6.281199264270299,1782908700.7647572,None,None,None, None, 1782908700.770757,1.0080722543996712,apf_colreg,overtaking,-1.0,0.9292715880296657,0.0,16.033234048972865,0.24358829227622092,4.928688353295571,1.1409661723275624,0.7262572092365455,mr_webots_overtaking_large_ship.wbt,ekf_on_cluster_on,1,1,5.0
1782908700.8590343,38.53917741775513,-185.21542481844997,200.0,0.2,6.218962881954913,5.849910168829234,1.5830082390421403,-0.015678549897006365,6.278063554290898,1782908700.88055,None,None,None, None, 1782908700.8705509,0.9184776313294358,apf_colreg,overtaking,-1.0,0.9304723586386471,0.0,16.00573481688828,0.40088919898782294,4.991161478689676,1.1384092522335245,0.7391835586615727,mr_webots_overtaking_large_ship.wbt,ekf_on_cluster_on,1,1,5.0
1782908700.978565,38.65870809555054,-180.43512326008434,200.0,0.2,6.216527422715402,5.917090366702576,1.5785235980725787,-0.0016098579077397266,6.27772096343649,1782908700.9775653,None,None,None, None, 1782908700.9665654,1.0900846106900988,apf_colreg,overtaking,-1.0,0.9304723586386471,0.0,15.990551817357966,0.511086858381046,4.991161478689676,1.1384092522335245,0.7391835586615727,mr_webots_overtaking_large_ship.wbt,ekf_on_cluster_on,1,1,5.0
1782908701.079866,38.76000905036926,-176.95188999947052,200.0,0.2,6.215109415781057,5.984162368059025,1.5739022525387103,0.004604959420336259,6.278093652658605,1782908701.0584974,None,None,None, None, 1782908701.0601063,0.9396082027375804,apf_colreg,overtaking,-1.0,0.9411843246455153,0.0,15.995160561660636,0.5890053774592987,5.117584414316982,1.1326009657360412,0.7497749224171449,mr_webots_overtaking_large_ship.wbt,ekf_on_cluster_on,1,1,5.0
1782908701.1793518,38.85949492454529,-174.13018707442615,200.0,0.2,6.216060788362179,6.050852910044152,1.5692308779491952,0.023262568670242123,6.27979905138871,1782908701.1318083,None,None,None, None, 1782908701.1358087,1.0936433069705598,apf_colreg,overtaking,-1.0,0.9446857350780142,0.0,15.979121458343116,0.6497675139398513,5.1795118459247655,1.130652768405127,0.7541685171804385,mr_webots_overtaking_large_ship.wbt,ekf_on_cluster_on,1,1,5.0
1782908701.293943,38.97408604621887,-172.5645217649877,200.0,0.2,6.2174362995114585,6.117200777144241,1.5647001779324725,0.020469313068983225,6.2814463310002955,1782908701.3020854,None,None,None, None, 1782908701.2478683,0.9014778203370121,apf_colreg,overtaking,-1.0,0.9710388740788848,0.0,15.9857992559226,0.6835219302982729,5.215965125842005,1.1311767779328876,0.7650134650191363,mr_webots_overtaking_large_ship.wbt,ekf_on_cluster_on,1,1,5.0
1782908701.4093966,39.089539766311646,-171.8021894925712,200.0,0.2,6.220171494513277,6.18333719377379,1.560292191796698,0.03040490694827375,0.0039373404460567585,1782908701.3989747,None,None,None, None, 1782908701.408396,0.9921485062948784,apf_colreg,overtaking,-1.0,0.9710388740788848,0.0,15.978477883367376,0.6993621879046366,5.215965125842005,1.1311767779328876,0.7650134650191363,mr_webots_overtaking_large_ship.wbt,ekf_on_cluster_on,1,1,5.0
1782908701.484322,39.1644651889801,-185.04942013644816,200.0,0.2,6.22070548477698,5.918230308464968,1.5763043379100414,0.03040490694827375,0.010018321835711509,1782908701.4923298,5.910428175056249,1.5767802335419823,6.214815573617693, 1782908701.448204, 1782908701.4923298,0.9909490745575936,apf_colreg,overtaking,-1.0,0.4860345557216884,54.69709422040284,16.04812453368639,0.4058859048151362,5.032068595776512,1.1455146806002732,0.7742642225491497,mr_webots_overtaking_large_ship.wbt,ekf_on_cluster_on,1,1,5.0
1782908701.6065938,39.28673696517944,-200.0,145.4567054882711,0.2,6.2243384969030275,5.964649019714026,1.5734220206352916,0.033620192368531185,0.016151381968575358,1782908701.5813966,None,None,None, None, 1782908701.5803952,0.9939012374044693,track,none,0.0,nan,nan,16.04812453368639,0.4058859048151362,5.032068595776512,1.1455146806002732,0.7742642225491497,mr_webots_overtaking_large_ship.wbt,ekf_on_cluster_on,1,1,5.0
1782908701.7039084,39.38405156135559,-200.0,143.38446124816693,0.2,6.230712461784074,6.022286458243838,1.5702365699846483,0.027558801959240833,0.019527662158175307,1782908701.7039084,None,None,None, None, 1782908701.6858864,0.9588218925249096,track,none,0.0,nan,nan,16.04812453368639,0.4058859048151362,5.097644436921011,1.1478204894522797,0.7917763191670453,mr_webots_overtaking_large_ship.wbt,ekf_on_cluster_on,1,1,5.0
1782908701.7826533,39.462796449661255,-200.0,140.68632786863535,0.2,6.238451537816883,6.083694687190206,1.5673284786350399,0.027558801959240833,0.025039422550023473,1782908701.8019497,None,None,None, None, 1782908701.7826533,1.0624640385712274,track,none,0.0,nan,nan,16.04812453368639,0.4058859048151362,5.097644436921011,1.1478204894522797,0.7917763191670453,mr_webots_overtaking_large_ship.wbt,ekf_on_cluster_on,1,1,5.0
1782908701.8799458,39.560088872909546,-200.0,139.96299695269934,0.2,6.241156839054452,6.145848195774583,1.564922863186749,-0.024994459259254365,0.020677067333524715,1782908701.8784413,None,None,None, None, 1782908701.8634245,0.9037888809385094,track,none,0.0,nan,nan,16.04812453368639,0.4058859048151362,5.097644436921011,1.1478204894522797,0.7917763191670453,mr_webots_overtaking_large_ship.wbt,ekf_on_cluster_on,1,1,5.0
1782908701.982331,39.662474155426025,-200.0,139.88076552162377,0.2,6.242283632314545,6.208107506764178,1.5625803849497926,-0.024994459259254365,0.015678175481673842,1782908701.9983382,None,None,None, None, 1782908701.9682996,1.052900688129348,track,none,0.0,nan,nan,16.04812453368639,0.4058859048151362,5.258872584710251,1.1252757766642036,0.7949304093906027,mr_webots_overtaking_large_ship.wbt,ekf_on_cluster_on,1,1,5.0
1782908702.0955315,39.77567458152771,-200.0,144.46739289822563,0.2,6.231986731449998,6.270384372992161,1.5602536024154166,-0.1193129956436628,6.2735583875764185,1782908702.0905313,None,None,None, None, 1782908702.0705268,1.00707410764535,track,none,0.0,nan,nan,16.04812453368639,0.4058859048151362,5.359571987614094,1.120710510150759,0.8168707354808207,mr_webots_overtaking_large_ship.wbt,ekf_on_cluster_on,1,1,5.0
1782908702.2082999,39.88844299316406,-200.0,149.08820160725253,0.2,6.221716800052585,6.3330400485709575,1.5569878343065255,-0.0841756159210966,6.266426355776158,1782908702.1752594,None,None,None, None, 1782908702.150111,1.0474022313101683,track,none,0.0,nan,nan,16.04812453368639,0.4058859048151362,5.395308493517763,1.1206777137760453,0.8236751045495472,mr_webots_overtaking_large_ship.wbt,ekf_on_cluster_on,1,1,5.0
1782908702.2853298,39.96547293663025,-200.0,153.9287985972746,0.2,6.210885336468614,6.396170343451477,1.552977405798952,-0.08054083738047974,6.260023035989074,1782908702.2547634,None,None,None, None, 1782908702.2313282,0.9247856101543548,track,none,0.0,nan,nan,16.04812453368639,0.4058859048151362,5.395308493517763,1.1206777137760453,0.8236751045495472,mr_webots_overtaking_large_ship.wbt,ekf_on_cluster_on,1,1,5.0
1782908702.3819547,40.062097787857056,-200.0,158.9507399702948,0.2,6.199527917339899,6.459812776513202,1.5482032113148456,-0.08048173722640496,6.254176309977712,1782908702.32741,None,None,None, None, 1782908702.425928,0.9014616993671828,track,none,0.0,nan,nan,16.04812453368639,0.4058859048151362,5.395308493517763,1.1206777137760453,0.8236751045495472,mr_webots_overtaking_large_ship.wbt,ekf_on_cluster_on,1,1,5.0
1782908702.5571795,40.23732256889343,-200.0,160.7674866502535,0.2,6.188148142030207,6.086463128302908,1.5648205696676205,-0.06383181282630815,6.241138792966924,1782908702.531658,6.080416714324955,1.5651273253713565,6.185123989058639, 1782908702.452226, 1782908702.5286586,1.0569897578638217,track,none,0.0,nan,nan,16.04812453368639,0.4058859048151362,5.533288668926086,1.1180078216341065,0.8315288005564825,mr_webots_overtaking_large_ship.wbt,ekf_on_cluster_on,1,1,5.0
1782908702.6658816,40.34602475166321,-200.0,163.77205922639914,0.2,6.181436988178952,6.1248297130938605,1.5610574761494993,-0.040831548661003345,6.237088779934192,1782908702.6308463,None,None,None, None, 1782908702.6083004,0.9395724755533372,track,none,0.0,nan,nan,16.04812453368639,0.4058859048151362,5.133873515686146,1.1333252385138997,0.8458647919657798,mr_webots_overtaking_large_ship.wbt,ekf_on_cluster_on,1,1,5.0
1782908702.7458396,40.42598271369934,-200.0,167.21309491025693,0.2,6.174115791245608,6.180255518499278,1.5553021418040025,-0.05546627272420623,6.232265574037431,1782908702.7178037,None,None,None, None, 1782908702.6964765,0.9393320788035179,track,none,0.0,nan,nan,16.04812453368639,0.4058859048151362,5.133873515686146,1.1333252385138997,0.8458647919657798,mr_webots_overtaking_large_ship.wbt,ekf_on_cluster_on,1,1,5.0
1782908702.8875859,40.567728996276855,-34.33965578606263,200.0,0.2,6.167401102425297,6.243030239206759,1.5483075167681548,-0.046344980347174554,6.226876355076514,1782908702.8340886,None,None,None, None, 1782908702.8935838,0.9664517924223355,apf_colreg,overtaking,-1.0,1.0677016494450227,0.0,13.787045509954325,2.4463663223233665,5.232002734764816,1.121480012434718,0.860292143675489,mr_webots_overtaking_large_ship.wbt,ekf_on_cluster_on,1,1,5.0
1782908703.001419,40.681562185287476,-8.406515041780729,200.0,0.2,6.154652542081124,6.2976216911875955,1.5415238382842915,-0.05163473628358451,6.222589923869546,1782908702.917103,None,None,None, None, 1782908703.0114212,1.0812432904541238,apf_colreg,overtaking,-1.0,1.0677016494450227,0.0,13.745779281386886,2.7087529377688293,5.232002734764816,1.121480012434718,0.860292143675489,mr_webots_overtaking_large_ship.wbt,ekf_on_cluster_on,1,1,5.0
1782908703.0674002,40.74754333496094,-200.0,-200.0,0.2,6.145604406423301,6.348729892500376,1.5343104634873823,0.011692858663167327,6.223839078940278,1782908703.0239336,None,None,None, None, 1782908703.0114212,1.0812432904541238,apf_avoid,none,0.0,nan,nan,12.393490138535654,-5.296349559015587,5.302614724652099,1.1266020990906334,0.8754324229808141,mr_webots_overtaking_large_ship.wbt,ekf_on_cluster_on,1,1,5.0
1782908703.2260795,40.9062225818634,-200.0,-200.0,0.2,6.152512827895617,6.390912726276453,1.5285795130239475,0.04161243839011088,6.227897962012915,1782908703.2350852,None,None,None, None, 1782908703.2230802,1.0639544310089533,apf_avoid,none,0.0,nan,nan,12.346897542713995,-5.307974758625205,5.362618166714925,1.13531994505218,0.8819052295931473,mr_webots_overtaking_large_ship.wbt,ekf_on_cluster_on,1,1,5.0
1782908703.3837564,41.063899517059326,-200.0,-200.0,0.2,6.161673901654376,6.429469740915995,1.5239565532525094,-0.0063609291523607095,6.2264109910299315,1782908703.35524,None,None,None, None, 1782908703.35224,1.035264244582897,apf_avoid,none,0.0,nan,nan,12.29046867681633,-5.361205935502104,5.413767101491372,1.1288049250117251,0.8954629136135963,mr_webots_overtaking_large_ship.wbt,ekf_on_cluster_on,1,1,5.0
1782908703.4883847,41.16852784156799,-200.0,-200.0,0.2,6.162374976813152,6.240310112606633,1.5479669228378754,-0.09593083332702247,6.217586199884591,1782908703.4472313,6.235325847075156,1.5485840957644177,6.160964485705619, 1782908703.453748, 1782908703.4452302,0.9639065368984452,apf_avoid,none,0.0,nan,nan,12.324324495918269,-5.67968090828474,5.415912373088059,1.107915864453278,0.8979448758556033,mr_webots_overtaking_large_ship.wbt,ekf_on_cluster_on,1,1,5.0
1782908703.6001935,41.28033661842346,-200.0,-200.0,0.2,6.165355781229809,6.253276443815402,1.5465493608323944,-0.10579021762093513,6.204792135916305,1782908703.6810777,None,None,None, None, 1782908703.5539615,0.917834358070544,apf_avoid,none,0.0,nan,nan,12.305173373567882,-5.698091495674724,5.415912373088059,1.107915864453278,0.8979448758556033,mr_webots_overtaking_large_ship.wbt,ekf_on_cluster_on,1,1,5.0
1782908703.71711,41.39725303649902,-25.10915141857752,200.0,0.2,6.158669841889852,6.272686703872897,1.5444556561072074,-0.16607569605147604,6.186040800884202,1782908703.6810777,None,None,None, None, 1782908703.6910818,0.9378366405031229,apf_colreg,overtaking,-1.0,1.106021862233131,0.0,13.878343659393604,2.561151959185467,5.247374423141453,1.0995887735150167,0.9045318242127108,mr_webots_overtaking_large_ship.wbt,ekf_on_cluster_on,1,1,5.0
1782908703.926717,41.60686016082764,20.2605084980689,200.0,0.2,6.139169167204338,6.305758944524781,1.540103844723821,-0.12743518928142467,6.156969393112876,1782908703.9092047,None,None,None, None, 1782908703.9387238,0.9946349680036413,apf_colreg,overtaking,-1.0,1.0973903692409104,0.0,13.836310323454565,2.8823263850198906,5.284532178602893,1.083936555511549,0.8983198901540614,mr_webots_overtaking_large_ship.wbt,ekf_on_cluster_on,1,1,5.0
1782908704.0309222,41.7110652923584,74.31228950419488,200.0,0.2,6.118572417748387,6.346323807682448,1.5336306940364057,-0.07070392244820255,6.150521170517964,1782908704.000405,None,None,None, None, 1782908704.0349238,0.9022895150248266,apf_colreg,overtaking,-1.0,1.108398428633272,0.0,13.828286541454315,3.17998957293496,5.313022488500243,1.0769163664067292,0.914291877679614,mr_webots_overtaking_large_ship.wbt,ekf_on_cluster_on,1,1,5.0
1782908704.1284451,41.80858826637268,116.44420614431978,200.0,0.2,6.107272040431182,6.389260460275244,1.525758727514691,0.03142338612310489,6.15313886202487,1782908704.083709,None,None,None, None, 1782908704.143599,1.0268547673406512,apf_colreg,overtaking,-1.0,1.108398428633272,0.0,13.772537833932514,3.438466524153556,5.313022488500243,1.0769163664067292,0.914291877679614,mr_webots_overtaking_large_ship.wbt,ekf_on_cluster_on,1,1,5.0
1782908704.171624,41.85176706314087,142.119929971777,200.0,0.2,6.101875777868678,6.431788768058978,1.5175626858996258,0.0648201290119236,6.15851353558871,1782908704.1666257,None,None,None, None, 1782908704.143599,1.0268547673406512,apf_colreg,overtaking,-1.0,1.108398428633272,0.0,13.732287009994254,3.618595683603264,5.313022488500243,1.0769163664067292,0.914291877679614,mr_webots_overtaking_large_ship.wbt,ekf_on_cluster_on,1,1,5.0
1782908704.3305395,42.010682582855225,162.02035876773155,200.0,0.2,6.101197386130271,6.473062560718947,1.50946912277488,0.08906468754491391,6.1711961795620045,1782908704.3090239,None,None,None, None, 1782908704.2945101,1.0566179554483808,apf_colreg,overtaking,-1.0,1.1201527511417098,0.0,13.695620518779085,3.775410271568653,5.4024967504412444,1.101975092692649,0.9165235194905221,mr_webots_overtaking_large_ship.wbt,ekf_on_cluster_on,1,1,5.0
1782908704.4587224,42.13886547088623,115.96331584656211,200.0,0.2,6.110031289580415,6.344073440566037,1.531957563420455,0.11275563421456711,6.185591965812834,1782908704.4366963,6.340170967079859,1.5326568929399993,6.12133495630797, 1782908704.455722, 1782908704.496791,1.0716465354535958,apf_colreg,overtaking,-1.0,1.1063740886260116,0.0,13.746366032094784,3.428581545357254,5.455312078510984,1.127099397759809,0.9183364200566548,mr_webots_overtaking_large_ship.wbt,ekf_on_cluster_on,1,1,5.0
1782908704.5974655,42.27760863304138,113.21198599488508,200.0,0.2,6.116099963253342,6.370360571604731,1.5271467723663235,0.1557154980368107,6.198232704962895,1782908704.5178747,None,None,None, None, 1782908704.603978,1.0301101166542368,apf_colreg,overtaking,-1.0,1.1063740886260116,0.0,13.75044318117051,3.410554513799174,5.455312078510984,1.127099397759809,0.9183364200566548,mr_webots_overtaking_large_ship.wbt,ekf_on_cluster_on,1,1,5.0
1782908704.707616,42.3877592086792,-200.0,-200.0,0.2,6.125244129037202,6.403802946762336,1.5213452668636127,0.1349221883295342,6.2126187941019655,1782908704.709615,None,None,None, None, 1782908704.707616,0.9729788862597746,apf_avoid,none,0.0,nan,nan,12.472239058429047,-4.876484678526249,5.325321914782504,1.1655805795155632,0.9155454807981275,mr_webots_overtaking_large_ship.wbt,ekf_on_cluster_on,1,1,5.0
1782908704.8972983,42.577441453933716,-200.0,-200.0,0.2,6.134834831622866,6.437746090031349,1.5163306187289634,-0.00837306606167999,6.211487136664646,1782908704.8447695,None,None,None, None, 1782908704.922941,0.9876460776203305,apf_avoid,none,0.0,nan,nan,12.415261660928865,-4.931401719098611,5.382888200457805,1.1680815192031164,0.9264831623315374,mr_webots_overtaking_large_ship.wbt,ekf_on_cluster_on,1,1,5.0
1782908705.0174086,42.69755172729492,-200.0,-200.0,0.2,6.131306667475783,6.471956951065139,1.5117052849857313,-0.1468186391536304,6.190402826844804,1782908704.9883773,None,None,None, None, 1782908705.0068965,1.0562976404582851,apf_avoid,none,0.0,nan,nan,12.423485854339567,-4.828130870672234,5.382888200457805,1.1680815192031164,0.9264831623315374,mr_webots_overtaking_large_ship.wbt,ekf_on_cluster_on,1,1,5.0
1782908705.1031651,42.783308267593384,-200.0,-200.0,0.2,6.126741936234465,6.506253157417818,1.5067992731269142,-0.1187594697163403,6.166650932901536,1782908705.1031651,None,None,None, None, 1782908705.1131654,0.9866184205691003,apf_avoid,none,0.0,nan,nan,12.435458445768376,-4.7083716178165655,5.438347102724259,1.130323344333312,0.9309814861789709,mr_webots_overtaking_large_ship.wbt,ekf_on_cluster_on,1,1,5.0
1782908705.3539279,43.03407096862793,154.65464343371713,200.0,0.2,6.121878734561336,6.5405900838690485,1.5016892650849274,-0.11114329785985175,6.142341330839562,1782908705.3218882,None,None,None, None, 1782908705.3053486,0.9517096493678364,apf_colreg,overtaking,-1.0,1.1248039530420992,0.0,13.718542810671105,3.717586849895059,5.490512733609808,1.091984551596278,0.9369482961818888,mr_webots_overtaking_large_ship.wbt,ekf_on_cluster_on,1,1,5.0
1782908705.5276964,43.207839488983154,154.45311401492197,200.0,0.2,6.101590346151446,6.448498116748672,1.5156892355800675,-0.06971441540558991,6.13475363127521,1782908705.5482085,6.444500866639512,1.5163175884990816,6.087826564964765, 1782908705.460436, 1782908705.5276964,0.9331224896625975,apf_colreg,overtaking,-1.0,0.5459443832508122,48.77259223043619,13.764152527880999,3.728228935808061,5.52916673114604,1.073722212750696,0.9380582502590676,mr_webots_overtaking_large_ship.wbt,ekf_on_cluster_on,1,1,5.0
1782908705.6553419,43.335484981536865,176.61072769558314,200.0,0.2,6.094933539274741,6.473348021400334,1.5107604120490894,0.09060524931971853,6.154514664182563,1782908705.6488283,6.464957228706543,1.512839756053237,6.105041553477516, 1782908705.676894, 1782908705.610279,1.0512396545586928,apf_colreg,overtaking,-1.0,1.1194832054992683,0.0,13.706037354064772,3.915717532756676,5.52916673114604,1.073722212750696,0.9380582502590676,mr_webots_overtaking_large_ship.wbt,ekf_on_cluster_on,1,1,5.0
1782908705.8151026,43.495245695114136,-200.0,-200.0,0.2,6.1031851344728025,6.5028606462858045,1.5047774445608713,0.19343345915764987,6.175247853749444,1782908705.7560134,None,None,None, None, 1782908705.8236144,0.9828964230442943,apf_avoid,none,0.0,nan,nan,12.538206587062309,-4.388293627706404,5.415083879572391,1.146840868787796,0.9426939424234375,mr_webots_overtaking_large_ship.wbt,ekf_on_cluster_on,1,1,5.0
1782908705.9352324,43.61537551879883,-200.0,-200.0,0.2,6.116790217128632,6.534408719020675,1.499357435057427,0.04150822272769121,6.181066738320595,1782908705.8961997,None,None,None, None, 1782908705.9242287,1.0379749209903444,apf_avoid,none,0.0,nan,nan,12.465674757638746,-4.4889786299150005,5.45536778552705,1.1543024279697671,0.9311105335149913,mr_webots_overtaking_large_ship.wbt,ekf_on_cluster_on,1,1,5.0
1782908706.0431166,43.723259687423706,-200.0,-200.0,0.2,6.118901927276239,6.567201513719576,1.494362392033349,-0.105658365214164,6.172103532843544,1782908706.056174,None,None,None, None, 1782908706.0180829,0.9081003542991001,apf_avoid,none,0.0,nan,nan,12.445547636624616,-4.451231238829239,5.484356594090683,1.1271437366855017,0.933579144473185,mr_webots_overtaking_large_ship.wbt,ekf_on_cluster_on,1,1,5.0
1782908706.1342826,43.8144257068634,-200.0,-200.0,0.2,6.106480835881992,6.6006724967022015,1.4892303127983861,-0.2077015772191287,6.15649634125892,1782908706.166332,None,None,None, None, 1782908706.2094986,1.0131158140326795,apf_avoid,none,0.0,nan,nan,12.48814736458991,-4.230626422252677,5.517007627492752,1.1081372179933544,0.9456667783371789,mr_webots_overtaking_large_ship.wbt,ekf_on_cluster_on,1,1,5.0
1782908706.3138096,43.99395275115967,-200.0,-200.0,0.2,6.09966347666199,6.634442537132196,1.4834212909926117,-0.11013522413411628,6.134051758212168,1782908706.360854,None,None,None, None, 1782908706.3253303,0.9617704397333041,apf_avoid,none,0.0,nan,nan,12.50291723554972,-4.07114345557273,5.517007627492752,1.1081372179933544,0.9456667783371789,mr_webots_overtaking_large_ship.wbt,ekf_on_cluster_on,1,1,5.0
1782908706.496279,44.176422119140625,-27.974220643030588,200.0,0.2,6.082330799003151,6.543574579280589,1.4994364541954517,-0.148764797292703,6.100460767826922,1782908706.4857645,6.539621418711581,1.500135229244223,6.066433272019551, 1782908706.465757, 1782908706.436586,1.086678565360369,apf_colreg,overtaking,-1.0,0.7065142389490012,23.38712031745303,16.058248920305683,2.9282704564605644,5.606591461415242,1.0688202830870976,0.9542623197704301,mr_webots_overtaking_large_ship.wbt,ekf_on_cluster_on,1,1,5.0
1782908706.6893158,44.3694589138031,200.0,200.0,0.2,6.067783084050358,6.573130652428285,1.4931939851992309,-0.07251009879099414,6.092996468545136,1782908706.698315,None,None,None, None, 1782908706.6304507,1.0253590157773813,apf_colreg,overtaking,-1.0,1.1281861389671712,0.0,13.689325858358917,4.435664128638253,5.506078067529464,1.086964024395515,0.9520895930017825,mr_webots_overtaking_large_ship.wbt,ekf_on_cluster_on,1,1,5.0
1782908706.7854915,44.46563458442688,200.0,200.0,0.2,6.055207949886371,6.6043425160580345,1.4858686092623257,0.021435920146295716,6.095346035929049,1782908706.792491,None,None,None, None, 1782908706.7168324,1.0276577714740485,apf_colreg,overtaking,-1.0,1.1281861389671712,0.0,13.609774671012156,4.702855064646623,5.506078067529464,1.086964024395515,0.9520895930017825,mr_webots_overtaking_large_ship.wbt,ekf_on_cluster_on,1,1,5.0
1782908706.8380353,44.51817846298218,200.0,200.0,0.2,6.046788431976356,6.636555783122921,1.4778668396022987,0.055581087695213055,6.10058044344526,1782908706.792491,None,None,None, None, 1782908706.8120096,1.0893230571529007,apf_colreg,overtaking,-1.0,1.1281861389671712,0.0,13.543111366578385,4.920327728121453,5.506078067529464,1.086964024395515,0.9520895930017825,mr_webots_overtaking_large_ship.wbt,ekf_on_cluster_on,1,1,5.0
1782908707.0054018,44.68554496765137,200.0,200.0,0.2,6.047385851172025,6.669363167123095,1.4694651465057327,0.12254616139454322,6.114990465201458,1782908707.0184028,None,None,None, None, 1782908707.0164022,0.9410918720136376,apf_colreg,overtaking,-1.0,1.118947437707012,0.0,13.492127002308195,5.072964620872234,5.583260595492181,1.1229533129154583,0.9632107852812488,mr_webots_overtaking_large_ship.wbt,ekf_on_cluster_on,1,1,5.0
1782908707.0720513,44.75219440460205,200.0,200.0,0.2,6.050007567376139,6.702591130454801,1.4610952603766338,0.1104037494649789,6.126949767611505,1782908707.1206236,None,None,None, None, 1782908707.0164022,0.9410918720136376,apf_colreg,overtaking,-1.0,1.118947437707012,0.0,13.472646620278445,5.148230532298365,5.583260595492181,1.1229533129154583,0.9632107852812488,mr_webots_overtaking_large_ship.wbt,ekf_on_cluster_on,1,1,5.0
1782908707.1957953,44.875938415527344,200.0,200.0,0.2,6.066595225030739,6.73607689456665,1.4527996751355008,0.2227894118469211,6.149723473661974,1782908707.2028196,None,None,None, None, 1782908707.1396315,1.0884685321145193,apf_colreg,overtaking,-1.0,1.1175203482491805,0.0,13.468160850540396,5.141512696085621,5.639489697672858,1.1398743927709152,0.9516368840172862,mr_webots_overtaking_large_ship.wbt,ekf_on_cluster_on,1,1,5.0
1782908707.263897,44.944040060043335,200.0,200.0,0.2,6.081651652276186,6.769867458580113,1.4452073848277802,0.16740148039165312,6.163483205281911,1782908707.2028196,None,None,None, None, 1782908707.2230287,0.9558027698447867,apf_colreg,overtaking,-1.0,1.1175203482491805,0.0,13.51317530684598,5.034568644626246,5.639489697672858,1.1398743927709152,0.9516368840172862,mr_webots_overtaking_large_ship.wbt,ekf_on_cluster_on,1,1,5.0
1782908707.3506248,45.03076791763306,-200.0,-148.62576499442181,0.2,6.0862622845226975,6.803841851737696,1.4381288643077736,0.07040966448846667,6.170039407620836,1782908707.3703,None,None,None, None, 1782908707.3039668,0.9437348397240302,apf_avoid,none,0.0,nan,nan,12.441150440077777,-3.3258069879877312,5.689627982326356,1.1306070118252602,0.9544476428150896,mr_webots_overtaking_large_ship.wbt,ekf_on_cluster_on,1,1,5.0
1782908707.4791877,45.15933084487915,-200.0,-200.0,0.2,6.110419020881853,6.6449005726785595,1.4785258484769426,-0.001036840262325048,6.169849403480557,1782908707.4791877,6.641376752518162,1.4793797828893436,6.14784714295779, 1782908707.467672, 1782908707.388306,0.9098608359981715,apf_avoid,none,0.0,nan,nan,12.447467182347465,-4.142687733708682,5.689627982326356,1.1306070118252602,0.9544476428150896,mr_webots_overtaking_large_ship.wbt,ekf_on_cluster_on,1,1,5.0
1782908707.5557876,45.23593068122864,-200.0,-200.0,0.2,6.118113844462442,6.6633045162948115,1.4755544402230323,-0.06317256782611211,6.165136761224579,1782908707.5537872,None,None,None, None, 1782908707.5127075,0.9705312352071164,apf_avoid,none,0.0,nan,nan,12.408874225794499,-4.200241990348909,5.570109216434207,1.1554752154522967,0.9565482276858386,mr_webots_overtaking_large_ship.wbt,ekf_on_cluster_on,1,1,5.0
1782908707.6580532,45.33819627761841,-200.0,-200.0,0.2,6.123540551797749,6.687044053621504,1.4719045115105969,-0.06724384851526705,6.158765395419358,1782908707.6485374,None,None,None, None, 1782908707.6244361,0.9189505191684323,apf_avoid,none,0.0,nan,nan,12.37835527863345,-4.220673439776252,5.570109216434207,1.1554752154522967,0.9565482276858386,mr_webots_overtaking_large_ship.wbt,ekf_on_cluster_on,1,1,5.0
1782908707.7051268,45.3852698802948,-200.0,-200.0,0.2,6.127746818932943,6.714707595220544,1.4677972651884232,-0.06724384851526705,6.145316625716305,1782908707.6485374,None,None,None, None, 1782908707.6960895,0.9786406757782118,apf_avoid,none,0.0,nan,nan,12.352226414518434,-4.219952149868028,5.570109216434207,1.1554752154522967,0.9565482276858386,mr_webots_overtaking_large_ship.wbt,ekf_on_cluster_on,1,1,5.0
1782908707.8342545,45.514397621154785,-200.0,-200.0,0.2,6.120415713427103,6.745030995088422,1.4634208922136716,-0.16612573289615765,6.115794293547247,1782908707.8262482,None,None,None, None, 1782908707.7907743,0.9223862284658865,apf_avoid,none,0.0,nan,nan,12.373611528319824,-4.0731432322851155,5.649918309126213,1.0983071791169507,0.9663632440231055,mr_webots_overtaking_large_ship.wbt,ekf_on_cluster_on,1,1,5.0
1782908707.902965,45.5831081867218,-200.0,-200.0,0.2,6.111844310398989,6.776979965569385,1.4584369890821658,-0.14059881536933963,6.087674530473379,1782908707.902965,None,None,None, None, 1782908707.869317,0.9875522890846188,apf_avoid,none,0.0,nan,nan,12.397022046170168,-3.9030936853725113,5.686829219918431,1.0837725161096265,0.9734797316112669,mr_webots_overtaking_large_ship.wbt,ekf_on_cluster_on,1,1,5.0
1782908708.0049064,45.685049533843994,-200.0,-195.78332561392125,0.2,6.1040936233396526,6.8098959678232855,1.452974192206411,-0.12256129362788991,6.076713511841572,1782908707.992398,None,None,None, None, 1782908707.9629538,1.098370856505161,apf_avoid,none,0.0,nan,nan,12.414250478635012,-3.737011457269567,5.686829219918431,1.0837725161096265,0.9734797316112669,mr_webots_overtaking_large_ship.wbt,ekf_on_cluster_on,1,1,5.0
1782908708.066724,45.746867179870605,200.0,200.0,0.2,6.088562807335339,6.84359452125873,1.4471140890043048,-0.19084608991876528,6.038544293857819,1782908708.066724,None,None,None, None, 1782908708.0314999,1.008787283658873,apf_colreg,overtaking,-1.0,1.140674285637343,0.0,13.677680014428512,4.744922933743248,5.748089334766677,1.0613863025748846,0.9667193170788794,mr_webots_overtaking_large_ship.wbt,ekf_on_cluster_on,1,1,5.0
1782908708.1533797,45.83352279663086,200.0,200.0,0.2,6.056241558376397,6.8773124279549505,1.4400342013454914,-0.19084608991876528,6.000375075874066,1782908708.1698976,None,None,None, None, 1782908708.112296,1.0840846508958817,apf_colreg,overtaking,-1.0,1.140674285637343,0.0,13.499415655765116,5.280207009703035,5.748089334766677,1.0613863025748846,0.9667193170788794,mr_webots_overtaking_large_ship.wbt,ekf_on_cluster_on,1,1,5.0
1782908708.2620337,45.942176818847656,200.0,200.0,0.2,6.0405374306122965,6.910809625823169,1.431496897374555,0.034173419241590244,6.006826654084005,1782908708.2555134,None,None,None, None, 1782908708.2204444,0.939376566009643,apf_colreg,overtaking,-1.0,1.1405931543079508,0.0,13.32444339399639,5.69415500333629,5.823535242520911,1.0960286359809843,0.9805191815323214,mr_webots_overtaking_large_ship.wbt,ekf_on_cluster_on,1,1,5.0
1782908708.3584754,46.03861856460571,200.0,200.0,0.2,6.043763440471424,6.944273408943647,1.4225370182577493,0.17295530817039842,6.021076701438938,1782908708.337905,None,None,None, None, 1782908708.3178988,1.037333025697219,apf_colreg,overtaking,-1.0,1.1405931543079508,0.0,13.294934471204307,5.788950428531964,5.823535242520911,1.0960286359809843,0.9805191815323214,mr_webots_overtaking_large_ship.wbt,ekf_on_cluster_on,1,1,5.0
1782908708.5076919,46.18783497810364,200.0,200.0,0.2,6.061326116436076,6.738966166038861,1.4617119524099518,0.12803436907133475,6.037398526656841,1782908708.465385,6.736389523954638,1.4622273208950027,6.0864976743380375, 1782908708.470402, 1782908708.5116847,0.9973313043112828,apf_colreg,overtaking,-1.0,0.4161208046460591,8.143846727748624,13.58896254490872,4.950794086788763,5.85739058826172,1.0954272154593332,0.9826543124663757,mr_webots_overtaking_large_ship.wbt,ekf_on_cluster_on,1,1,5.0
1782908708.5899465,46.270089626312256,-200.0,-145.6636295780069,0.2,6.066674632565175,6.754178310643989,1.4581344057478303,0.16626843396375035,6.051095967470096,1782908708.5477664,None,None,None, None, 1782908708.5939462,1.0777774749975129,apf_avoid,none,0.0,nan,nan,12.559773890170314,-3.3354917820543606,5.658514660174979,1.147229067729804,0.9821141626661285,mr_webots_overtaking_large_ship.wbt,ekf_on_cluster_on,1,1,5.0
1782908708.7559323,46.43607544898987,-200.0,-153.68805581196403,0.2,6.075646987505295,6.778032064689722,1.4531161429552892,-0.000855326091517315,6.050924095685136,1782908708.7487094,None,None,None, None, 1782908708.7211912,0.9326677732850699,apf_avoid,none,0.0,nan,nan,12.515899249576508,-3.3842092675511037,5.658514660174979,1.147229067729804,0.9821141626661285,mr_webots_overtaking_large_ship.wbt,ekf_on_cluster_on,1,1,5.0
1782908708.8430395,46.52318263053894,-200.0,-147.67233794441816,0.2,6.0775668924810065,6.808024734095919,1.4471843644382199,-0.08983722188609222,6.043438374490054,1782908708.8320348,None,None,None, None, 1782908708.8124938,1.098143889240763,apf_avoid,none,0.0,nan,nan,12.493634441019505,-3.3327436271090165,5.701854477925449,1.1431128345298311,0.9768207396960968,mr_webots_overtaking_large_ship.wbt,ekf_on_cluster_on,1,1,5.0
1782908708.9983802,46.67852330207825,-200.0,-131.5041750445306,0.2,6.075082528131677,6.842293845901643,1.4404024740973416,-0.10720584549310595,6.028662829765763,1782908708.969859,None,None,None, None, 1782908708.9518602,1.0285711254076355,apf_avoid,none,0.0,nan,nan,12.483660473787829,-3.2154322413132252,5.737709099683269,1.1123315748159912,0.9884909818298881,mr_webots_overtaking_large_ship.wbt,ekf_on_cluster_on,1,1,5.0
1782908709.1058629,46.78600597381592,-200.0,-100.34768200804416,0.2,6.0670858639844365,6.879771241520326,1.4328086510415692,-0.13704137220636795,6.010572784698927,1782908709.1018631,None,None,None, None, 1782908709.0571408,0.939277886372115,apf_avoid,none,0.0,nan,nan,12.487806170437755,-3.019079255659293,5.737709099683269,1.1123315748159912,0.9884909818298881,mr_webots_overtaking_large_ship.wbt,ekf_on_cluster_on,1,1,5.0
1782908709.1947627,46.874905824661255,-200.0,-62.10272500148614,0.2,6.058862299723115,6.920161319982104,1.4241710240100294,-0.11551448138965976,5.987469888420995,1782908709.1947627,None,None,None, None, 1782908709.164951,1.0375827658179921,apf_avoid,none,0.0,nan,nan,12.487232913211086,-2.8068083132376533,5.793787212669246,1.0913337596376118,0.9919972920127306,mr_webots_overtaking_large_ship.wbt,ekf_on_cluster_on,1,1,5.0
1782908709.2799222,46.96006536483765,-200.0,-16.256445148226682,0.2,6.050593353297611,6.963271438848011,1.4145310723279536,-0.10666893594435115,5.9661361012321255,1782908709.2869284,None,None,None, None, 1782908709.2633963,0.9345777371041847,apf_avoid,none,0.0,nan,nan,12.481128916458157,-2.581512472977499,5.793787212669246,1.0913337596376118,0.9919972920127306,mr_webots_overtaking_large_ship.wbt,ekf_on_cluster_on,1,1,5.0
1782908709.4321303,47.11227345466614,200.0,200.0,0.2,6.043929555557282,7.008828610295381,1.4039148547751932,-0.08682880955862535,5.957311215571299,1782908709.3885639,None,None,None, None, 1782908709.44064,0.9590012542832612,apf_colreg,overtaking,-1.0,1.1330909039355483,0.0,13.281754316233226,5.942236698767768,5.8988058767470095,1.0565396173988513,0.9914155514088799,mr_webots_overtaking_large_ship.wbt,ekf_on_cluster_on,1,1,5.0
1782908709.53283,47.21297311782837,200.0,200.0,0.2,6.020602133325907,6.844173143948199,1.4407083836140027,-0.12887512534200402,5.946959581342451,1782908709.5638616,6.840815596841757,1.4414787386089123,6.020274242255694, 1782908709.475398, 1782908709.5573578,0.9394668873975229,apf_colreg,overtaking,-1.0,1.1594846570552417,0.0,13.233458382810804,5.745862005839115,5.74252839022209,1.0829548096611268,1.007525045834467,mr_webots_overtaking_large_ship.wbt,ekf_on_cluster_on,1,1,5.0
1782908709.689044,47.369187116622925,200.0,200.0,0.2,6.010041933986206,6.864036247399621,1.4349672784021608,0.10590283955000222,5.969532471187598,1782908709.682034,None,None,None, None, 1782908709.679033,1.029145739353166,apf_colreg,overtaking,-1.0,1.1594846570552417,0.0,13.151306440885056,5.959142929161181,5.74252839022209,1.0829548096611268,1.007525045834467,mr_webots_overtaking_large_ship.wbt,ekf_on_cluster_on,1,1,5.0
1782908709.7358968,47.41603994369507,200.0,200.0,0.2,6.0069060316500105,6.888537724913948,1.4277308709399408,0.10590283955000222,5.9907130390975984,1782908709.772826,None,None,None, None, 1782908709.7592964,0.928212970680585,apf_colreg,overtaking,-1.0,1.1594846570552417,0.0,13.104234370717469,6.091630143158738,5.776027463549077,1.1191645833581116,1.0125902871979509,mr_webots_overtaking_large_ship.wbt,ekf_on_cluster_on,1,1,5.0
1782908709.935035,47.61517810821533,-200.0,47.70858058563534,0.2,6.0074260012688505,6.9163658861203725,1.4194939849093957,0.10561388738544449,6.000301928897041,1782908709.9715927,None,None,None, None, 1782908710.0071218,1.0049726888993051,apf_avoid,none,0.0,nan,nan,12.598471150870218,-2.1025779488745506,5.796517203865198,1.151773619301756,1.0034191723992218,mr_webots_overtaking_large_ship.wbt,ekf_on_cluster_on,1,1,5.0
1782908710.0632126,47.7433557510376,-200.0,36.83708066890831,0.2,6.026048424987551,6.956024782493781,1.4083933206379022,0.14645836951363558,6.040187851238153,1782908710.0451622,None,None,None, None, 1782908710.0071218,1.0049726888993051,apf_avoid,none,0.0,nan,nan,12.520434332065873,-2.197249819698571,5.796517203865198,1.151773619301756,1.0034191723992218,mr_webots_overtaking_large_ship.wbt,ekf_on_cluster_on,1,1,5.0
1782908710.132307,47.81245017051697,-200.0,14.448657869706535,0.2,6.053309199797063,7.002044950040627,1.3968978922713884,0.14645836951363558,6.06947952514088,1782908710.132307,None,None,None, None, 1782908710.093743,0.9731462953486308,apf_avoid,none,0.0,nan,nan,12.421839963416202,-2.392198415181448,5.796517203865198,1.151773619301756,1.0034191723992218,mr_webots_overtaking_large_ship.wbt,ekf_on_cluster_on,1,1,5.0
1782908710.2140632,47.894206285476685,-200.0,0.0,0.2,6.0711501401974415,7.05006606818811,1.3865596883807039,0.019690889087661763,6.071195484749962,1782908710.2325716,None,None,None, None, 1782908710.1670032,1.0239787271947611,apf_avoid,none,0.0,nan,nan,12.348902515242983,-2.4820364687313248,5.889975991365981,1.0945314879864623,1.0076720266450165,mr_webots_overtaking_large_ship.wbt,ekf_on_cluster_on,1,1,5.0
1782908710.2951252,47.97526836395264,-200.0,6.369329842035981,0.2,6.077922847077894,7.098316318531151,1.37696924258082,-0.0621331236013974,6.06496573511824,1782908710.3456805,None,None,None, None, 1782908710.3802118,1.023974009975317,apf_avoid,none,0.0,nan,nan,12.306397386064646,-2.4435558600617733,5.889975991365981,1.0945314879864623,1.0076720266450165,mr_webots_overtaking_large_ship.wbt,ekf_on_cluster_on,1,1,5.0
1782908710.4606166,48.14075970649719,-200.0,20.207624970807576,0.2,6.077122775611779,7.146865441351812,1.3674355474021245,-0.09413858255210811,6.044492324324289,1782908710.4500532,None,None,None, None, 1782908710.4711313,0.9054124936382517,apf_avoid,none,0.0,nan,nan,12.282989835770634,-2.312393060653733,5.999410670097448,1.0364685575521848,1.0252718010804618,mr_webots_overtaking_large_ship.wbt,ekf_on_cluster_on,1,1,5.0
1782908710.6828957,48.363038778305054,-200.0,-65.95758994987911,0.2,6.068829757221302,6.9576858212065416,1.4150119362052833,-0.09675613991320076,6.03175502722676,1782908710.6888978,6.95356431087424,1.4160057047257126,6.061158134215414, 1782908710.482131, 1782908710.6838913,0.9485627495252456,apf_avoid,none,0.0,nan,nan,12.4333084247102,-2.814789678044068,6.0520224336135815,0.9870688184322245,1.0257964810494469,mr_webots_overtaking_large_ship.wbt,ekf_on_cluster_on,1,1,5.0
1782908710.7890422,48.46918535232544,-200.0,-44.98736961472541,0.2,6.066476432481471,6.987430272554931,1.4087294153791023,-0.0981543492059009,6.01212415738558,1782908710.7900438,None,None,None, None, 1782908710.7665114,0.9293051874719318,apf_avoid,none,0.0,nan,nan,12.422337098862213,-2.705759822412119,5.8524405632433165,1.017523595688698,1.0483385738669575,mr_webots_overtaking_large_ship.wbt,ekf_on_cluster_on,1,1,5.0
1782908710.93375,48.613893032073975,200.0,200.0,0.2,6.055306760598783,7.025218981558758,1.4006182576236008,-0.16149767331525922,5.993766467957362,1782908710.9037154,None,None,None, None, 1782908710.9723094,0.9225654963973154,apf_colreg,overtaking,-1.0,1.203693349308718,0.0,12.920095836920769,5.819976497626733,5.8524405632433165,1.017523595688698,1.0483385738669575,mr_webots_overtaking_large_ship.wbt,ekf_on_cluster_on,1,1,5.0
1782908711.0828357,48.76297879219055,200.0,200.0,0.2,6.028434041408259,7.061050326358625,1.3918532995362276,-0.14669646404260178,5.977854657671239,1782908711.1063795,None,None,None, None, 1782908711.0708277,1.0946970326102106,apf_colreg,overtaking,-1.0,1.205495263547777,0.0,12.640616375440066,6.271248059370048,5.903764440758126,1.0015812692761217,1.053580164588703,mr_webots_overtaking_large_ship.wbt,ekf_on_cluster_on,1,1,5.0
1782908711.2445605,48.92470359802246,200.0,200.0,0.2,6.019196577859726,7.095631005898051,1.3820813629890354,0.08590093967048126,5.985946230517048,1782908711.2445605,None,None,None, None, 1782908711.209037,0.928897400521656,apf_colreg,overtaking,-1.0,1.209223950831743,0.0,12.441582295495673,6.512449669740986,5.916133807014263,1.0268313735698535,1.0585943263629491,mr_webots_overtaking_large_ship.wbt,ekf_on_cluster_on,1,1,5.0
1782908711.419675,49.09981822967529,200.0,200.0,0.2,6.027732760178711,7.129677404503481,1.372298004502244,0.20258988546154244,6.008346874624032,1782908711.4657528,None,None,None, None, 1782908711.461754,1.0993254068397464,apf_colreg,overtaking,-1.0,1.212623321860024,0.0,12.351326897785825,6.5458937560076675,5.940210853559577,1.07052588828832,1.0628178520573752,mr_webots_overtaking_large_ship.wbt,ekf_on_cluster_on,1,1,5.0
1782908711.574885,49.25502800941467,-173.21759033323056,200.0,0.2,6.0379040100348185,7.072973677194094,1.3868508790841174,0.11632088975129888,6.033443575609407,1782908711.570886,7.069145988900517,1.387852793686747,6.048422372032185, 1782908711.489299, 1782908711.5553691,1.0241961224258185,track,none,0.0,nan,nan,12.351326897785825,6.5458937560076675,5.972419439614478,1.0837368191316534,1.0620189638645512,mr_webots_overtaking_large_ship.wbt,ekf_on_cluster_on,1,1,5.0
1782908711.6963346,49.37647771835327,-174.103081419076,200.0,0.2,6.044605090356567,7.116031604725844,1.376033721407996,0.08141802484394657,6.042435538851554,1782908711.6813278,None,None,None, None, 1782908711.6813278,1.0848061663114053,track,none,0.0,nan,nan,12.351326897785825,6.5458937560076675,5.972419439614478,1.0837368191316534,1.0620189638645512,mr_webots_overtaking_large_ship.wbt,ekf_on_cluster_on,1,1,5.0
1782908711.7579572,49.43810033798218,-175.71416901749808,200.0,0.2,6.054708553022249,7.173956933006736,1.3620577206074227,0.08141802484394657,6.058719143820343,1782908711.6813278,None,None,None, None, 1782908711.7579572,1.097367866874566,track,none,0.0,nan,nan,12.351326897785825,6.5458937560076675,5.972419439614478,1.0837368191316534,1.0620189638645512,mr_webots_overtaking_large_ship.wbt,ekf_on_cluster_on,1,1,5.0
1782908711.9361677,49.616310834884644,-177.49415962344992,200.0,0.2,6.065632650616834,7.237426710695343,1.347520633964054,0.07320621139974202,6.077228657754842,1782908711.9341686,None,None,None, None, 1782908711.8881388,0.9406450490319854,track,none,0.0,nan,nan,12.351326897785825,6.5458937560076675,5.980201050204338,1.0743767815771907,1.0637849335949934,mr_webots_overtaking_large_ship.wbt,ekf_on_cluster_on,1,1,5.0
1782908712.0527465,49.7328896522522,-178.4809148608508,200.0,0.2,6.0740590564198,7.302444937043619,1.3334107054087632,0.04509883386885295,6.081650872524462,1782908712.0322247,None,None,None, None, 1782908712.0847754,1.0984806585910694,track,none,0.0,nan,nan,12.351326897785825,6.5458937560076675,6.0236195373131745,1.0675453601574563,1.0838817596630934,mr_webots_overtaking_large_ship.wbt,ekf_on_cluster_on,1,1,5.0
1782908712.2004197,49.8805627822876,-179.01653551232377,200.0,0.2,6.0809735602909445,7.3679189488041645,1.3197226094591006,0.03793888216824898,6.085524609335053,1782908712.1343293,None,None,None, None, 1782908712.1864202,0.9482666164061548,track,none,0.0,nan,nan,12.351326897785825,6.5458937560076675,6.098552198117902,1.0636645266659268,1.083416339720375,mr_webots_overtaking_large_ship.wbt,ekf_on_cluster_on,1,1,5.0
1782908712.4436626,50.12380576133728,-179.60138537187203,200.0,0.2,6.0879176138631435,7.433591143959505,1.3064180946919421,0.04363809277747185,6.098674277418822,1782908712.435664,None,None,None, None, 1782908712.4603126,0.9347339913039384,track,none,0.0,nan,nan,12.351326897785825,6.5458937560076675,6.147269061885558,1.0503787523797905,1.114197286609861,mr_webots_overtaking_large_ship.wbt,ekf_on_cluster_on,1,1,5.0
1782908712.5604415,50.2405846118927,-190.11715623312523,200.0,0.2,6.104064221113201,7.234965582364571,1.3533611920879434,0.03918625546880843,6.10215193165166,1782908712.5244107,7.22648153651926,1.3552800457659682,6.127024430578679, 1782908712.492346, 1782908712.554437,1.0707229072364401,track,none,0.0,nan,nan,12.351326897785825,6.5458937560076675,6.19339035464886,1.0546719001505576,1.1202001467128124,mr_webots_overtaking_large_ship.wbt,ekf_on_cluster_on,1,1,5.0
1782908712.6948068,50.37494993209839,-190.80067447017672,200.0,0.2,6.1098852257227625,7.285224978304468,1.344387053809232,0.03457026804797204,6.105511623088423,1782908712.7313466,None,None,None, None, 1782908712.6827962,0.9986601066051811,track,none,0.0,nan,nan,12.351326897785825,6.5458937560076675,5.952102345727418,1.0867693894846095,1.1233693977567958,mr_webots_overtaking_large_ship.wbt,ekf_on_cluster_on,1,1,5.0
1782908712.8146472,50.49479031562805,-191.1996972108538,200.0,0.2,6.115489458036572,7.348335839208697,1.3334902064181886,0.0325813314443245,6.109087471878854,1782908712.8713758,None,None,None, None, 1782908712.7766137,1.0834708104641269,track,none,0.0,nan,nan,12.351326897785825,6.5458937560076675,6.048321003297399,1.074130214570919,1.161630591600698,mr_webots_overtaking_large_ship.wbt,ekf_on_cluster_on,1,1,5.0
1782908713.0052176,50.68536067008972,-191.8561580024093,200.0,0.2,6.122113442840569,7.415184373763974,1.322325252524923,0.04270043236298347,6.11934868863561,1782908712.9716537,None,None,None, None, 1782908713.0402102,0.9860424702115663,track,none,0.0,nan,nan,12.351326897785825,6.5458937560076675,6.048321003297399,1.074130214570919,1.161630591600698,mr_webots_overtaking_large_ship.wbt,ekf_on_cluster_on,1,1,5.0
1782908713.1454935,50.82563662528992,-192.16059514749523,200.0,0.2,6.127389385045585,7.482840816464767,1.3115113655244421,0.026877006253835076,6.121812652158448,1782908713.173788,None,None,None, None, 1782908713.1444924,1.0264541865449592,track,none,0.0,nan,nan,12.351326897785825,6.5458937560076675,6.109054966556912,1.0773004505619257,1.1747145231626204,mr_webots_overtaking_large_ship.wbt,ekf_on_cluster_on,1,1,5.0
1782908713.265185,50.94532823562622,-192.3076572434075,200.0,0.2,6.132003281721447,7.550692721684614,1.3010031662732384,0.02433803346563094,6.126616367150143,1782908713.260704,None,None,None, None, 1782908713.2251525,1.0203384067907162,track,none,0.0,nan,nan,12.351326897785825,6.5458937560076675,6.203591632863829,1.0582918716096088,1.194466057148587,mr_webots_overtaking_large_ship.wbt,ekf_on_cluster_on,1,1,5.0
1782908713.40287,51.08301305770874,-192.4532112374285,200.0,0.2,6.136508153057345,7.61862615880382,1.2907803999533165,0.025886284167168018,6.129700462881204,1782908713.3798442,None,None,None, None, 1782908713.4374468,1.0222308321177107,track,none,0.0,nan,nan,12.351326897785825,6.5458937560076675,6.203591632863829,1.0582918716096088,1.194466057148587,mr_webots_overtaking_large_ship.wbt,ekf_on_cluster_on,1,1,5.0
1782908713.5102139,51.190356969833374,-200.0,200.0,0.2,6.151440395737649,7.417783467950073,1.3268384318317246,0.06180898750081138,6.1347255200782564,1782908713.461144,7.409264408187182,1.3282956030938553,6.166707172694107, 1782908713.494699, 1782908713.564149,0.9094534110470212,track,none,0.0,nan,nan,0.0,0.0,6.266496366603042,1.0482347954745799,1.205223460225196,mr_webots_overtaking_large_ship.wbt,ekf_on_cluster_on,1,1,5.0
1782908713.704403,51.38454604148865,-200.0,199.75742217481678,0.2,6.160150239346999,7.470345502327573,1.3200582003949002,0.05365061490968095,6.142782071343592,1782908713.708403,None,None,None, None, 1782908713.686049,0.9715514525807238,track,none,0.0,nan,nan,0.0,0.0,6.087073382993619,1.0689371956237645,1.247132536033859,mr_webots_overtaking_large_ship.wbt,ekf_on_cluster_on,1,1,5.0
1782908713.8485894,51.52873253822327,-200.0,199.03195629091172,0.2,6.16599381226457,7.535592149400731,1.3122563357046122,0.018713086471432307,6.147166166366339,1782908713.8455906,None,None,None, None, 1782908713.8088331,0.9826702520875142,track,none,0.0,nan,nan,0.0,0.0,6.087073382993619,1.0689371956237645,1.247132536033859,mr_webots_overtaking_large_ship.wbt,ekf_on_cluster_on,1,1,5.0
1782908713.9487493,51.62889242172241,-200.0,198.6674801586439,0.2,6.1704712735236,7.604096153900068,1.3043956323170836,0.01629814542302941,6.148765969470186,1782908713.9437492,None,None,None, None, 1782908713.9056933,0.982007530108594,track,none,0.0,nan,nan,0.0,0.0,6.1346355835794695,1.047994797195152,1.2693316131207153,mr_webots_overtaking_large_ship.wbt,ekf_on_cluster_on,1,1,5.0
1782908714.1000624,51.780205488204956,-200.0,198.5255532419253,0.2,6.174020514696323,7.673111881497782,1.2967430213511797,0.013587579349854762,6.150413893157796,1782908714.0650308,None,None,None, None, 1782908714.1025765,0.9006645240430762,track,none,0.0,nan,nan,0.0,0.0,6.23120669280055,1.0379879730048398,1.288990801337714,mr_webots_overtaking_large_ship.wbt,ekf_on_cluster_on,1,1,5.0
1782908714.2749865,51.955129623413086,-200.0,198.48744820819675,0.2,6.177095842286527,7.742202636437361,1.28929836573435,0.013082688240210893,6.153147618118375,1782908714.2739882,None,None,None, None, 1782908714.2879934,0.9522843331752954,track,none,0.0,nan,nan,0.0,0.0,6.23120669280055,1.0379879730048398,1.288990801337714,mr_webots_overtaking_large_ship.wbt,ekf_on_cluster_on,1,1,5.0
1782908714.3925345,52.07267761230469,-200.0,198.63503664771633,0.2,6.179390652101465,7.811317169666553,1.282047795313158,0.008221845776376932,6.1540647304925375,1782908714.385534,None,None,None, None, 1782908714.3905342,0.9138304619443058,track,none,0.0,nan,nan,0.0,0.0,6.291960354528574,1.0303502191991187,1.3103183865429076,mr_webots_overtaking_large_ship.wbt,ekf_on_cluster_on,1,1,5.0
1782908714.4846985,52.164841651916504,-200.0,198.88511424528454,0.2,6.1812420614546575,7.880462790825787,1.2749304165013982,0.006968622918438587,6.154755770401894,1782908714.4846985,None,None,None, None, 1782908714.4872146,0.906499630482442,track,none,0.0,nan,nan,0.0,0.0,6.291960354528574,1.0303502191991187,1.3103183865429076,mr_webots_overtaking_large_ship.wbt,ekf_on_cluster_on,1,1,5.0
1782908714.607285,52.28742814064026,-200.0,195.02671094469642,0.2,6.183509629673979,7.611925193827801,1.3057062795197358,0.0046886674229028105,6.155325820285968,1782908714.606279,7.603965390122034,1.30659683321817,6.185529150651883, 1782908714.501725, 1782908714.634807,0.9410053516126027,track,none,0.0,nan,nan,0.0,0.0,6.403231424683102,1.0258049352719047,1.33471242805875,mr_webots_overtaking_large_ship.wbt,ekf_on_cluster_on,1,1,5.0
1782908714.728906,52.40904903411865,-200.0,195.1948801476377,0.2,6.184809111651723,7.660920656230813,1.3008518187315339,0.0034483320678000318,6.155696936363171,1782908714.7139008,None,None,None, None, 1782908714.7239072,0.9682070281323372,track,none,0.0,nan,nan,0.0,0.0,6.403231424683102,1.0258049352719047,1.33471242805875,mr_webots_overtaking_large_ship.wbt,ekf_on_cluster_on,1,1,5.0
1782908714.811898,52.49204111099243,-200.0,195.63813200897383,0.2,6.185636939169022,7.7244566965833314,1.2946339812349095,0.00022051630258665007,6.155716615201792,1782908714.8031406,None,None,None, None, 1782908714.820899,1.0496059280130126,track,none,0.0,nan,nan,0.0,0.0,6.143602116449155,1.042697255869515,1.3650806896439194,mr_webots_overtaking_large_ship.wbt,ekf_on_cluster_on,1,1,5.0
1782908714.957196,52.63733911514282,-200.0,196.2536300388275,0.2,6.185971338785342,7.79235421844128,1.2880324078725138,-0.0022916920497894826,6.155417468345551,1782908714.933676,None,None,None, None, 1782908714.9531958,1.0561725546254888,track,none,0.0,nan,nan,0.0,0.0,6.21476225339503,1.0451575047798674,1.3677945650323267,mr_webots_overtaking_large_ship.wbt,ekf_on_cluster_on,1,1,5.0
1782908715.0575373,52.737680435180664,-200.0,196.99072041507324,0.2,6.1858651097033155,7.861096916901504,1.281355711863398,-0.004175632661893396,6.154935887732875,1782908715.0490072,None,None,None, None, 1782908715.0585377,0.9551279534080377,track,none,0.0,nan,nan,0.0,0.0,6.21476225339503,1.0451575047798674,1.3677945650323267,mr_webots_overtaking_large_ship.wbt,ekf_on_cluster_on,1,1,5.0
1782908715.1771896,52.857332706451416,-200.0,197.80367631648048,0.2,6.185465125338545,7.9300413125456295,1.2746360172801872,-0.004868630677941205,6.154492150131046,1782908715.1401494,None,None,None, None, 1782908715.1556647,0.92047820956137,track,none,0.0,nan,nan,0.0,0.0,6.36588544273099,1.020331795053014,1.4020574528092342,mr_webots_overtaking_large_ship.wbt,ekf_on_cluster_on,1,1,5.0
1782908715.4084923,53.08863544464111,-200.0,198.7884423957202,0.2,6.184398316482821,7.999099649901172,1.267866060966189,-0.009707350166283931,6.1518872509391045,1782908715.4084923,None,None,None, None, 1782908715.413501,0.9318215332278479,track,none,0.0,nan,nan,0.0,0.0,6.38914811800472,1.0147101098221394,1.4177006554829432,mr_webots_overtaking_large_ship.wbt,ekf_on_cluster_on,1,1,5.0
1782908715.5531538,53.2332968711853,-200.0,197.13491530642838,0.2,6.1826576359528325,7.791431073992175,1.2881224061093575,-0.009004035152563275,6.150990190740009,1782908715.508121,7.782827858663943,1.2889657208654288,6.181692280221664, 1782908715.502119, 1782908715.5496411,0.9870151692546614,track,none,0.0,nan,nan,0.0,0.0,6.437369373858775,1.019963380089727,1.4300744990544931,mr_webots_overtaking_large_ship.wbt,ekf_on_cluster_on,1,1,5.0
1782908715.7255077,53.40565085411072,-200.0,198.25831613764248,0.2,6.180518685910286,7.843785376856758,1.282818241530407,-0.017807475907379,6.149519579854449,1782908715.7335153,None,None,None, None, 1782908715.6974819,1.082800146363362,track,none,0.0,nan,nan,0.0,0.0,6.1906469097916945,1.0406814295809736,1.447888295674775,mr_webots_overtaking_large_ship.wbt,ekf_on_cluster_on,1,1,5.0
1782908715.8276675,53.50781059265137,-200.0,199.53870865567043,0.2,6.178289396824328,7.908852288014322,1.2760562977368934,-0.013341437592434603,6.147614284553132,1782908715.8537047,None,None,None, None, 1782908715.7750852,0.9488645609604827,track,none,0.0,nan,nan,0.0,0.0,6.231874535384685,1.0365046573756609,1.4612519733080074,mr_webots_overtaking_large_ship.wbt,ekf_on_cluster_on,1,1,5.0
1782908715.9789586,53.659101724624634,-200.0,200.0,0.2,6.17690718859154,7.977423268234542,1.2687681296241635,-0.004297732050953174,6.146630401695813,1782908715.962446,None,None,None, None, 1782908715.9694462,0.9087982843680652,track,none,0.0,nan,nan,0.0,0.0,6.297809338634591,1.0307854078725287,1.477444447072807,mr_webots_overtaking_large_ship.wbt,ekf_on_cluster_on,1,1,5.0
1782908716.0490856,53.72922873497009,-199.75398332679634,200.0,0.2,6.175018943904718,8.046614312160283,1.2613375997761764,-0.011412015738459761,6.14434799854812,1782908716.050591,None,None,None, None, 1782908716.0596046,0.9005601711947555,track,none,0.0,nan,nan,0.0,0.0,6.297809338634591,1.0307854078725287,1.477444447072807,mr_webots_overtaking_large_ship.wbt,ekf_on_cluster_on,1,1,5.0
1782908716.1291876,53.809330701828,-198.44775802632532,200.0,0.2,6.172996607172702,8.11584947968475,1.2537599883475181,-0.011412015738459761,6.142065595400428,1782908716.1491954,None,None,None, None, 1782908716.1471925,1.040700652471483,track,none,0.0,nan,nan,0.0,0.0,6.297809338634591,1.0307854078725287,1.477444447072807,mr_webots_overtaking_large_ship.wbt,ekf_on_cluster_on,1,1,5.0
1782908716.29842,53.97856307029724,-197.1032932727688,200.0,0.2,6.170964304203421,8.184931950068234,1.2460486040867806,-0.0104672915796116,6.141033473968691,1782908716.3009324,None,None,None, None, 1782908716.2784111,0.9606932008643503,track,none,0.0,nan,nan,0.0,0.0,6.448272496956403,1.0143793042675548,1.5122937179992537,mr_webots_overtaking_large_ship.wbt,ekf_on_cluster_on,1,1,5.0
1782908716.3746145,54.054757595062256,-195.7965865301277,200.0,0.2,6.169202315437571,8.253831969767688,1.2382098342281793,-0.007414215119006929,6.139908463396638,1782908716.411661,None,None,None, None, 1782908716.375611,1.0200248817112947,track,none,0.0,nan,nan,0.0,0.0,6.516690266744638,1.0195943400941982,1.5231146037144623,mr_webots_overtaking_large_ship.wbt,ekf_on_cluster_on,1,1,5.0
1782908716.51583,54.19597315788269,-198.764902024365,200.0,0.2,6.168325620438894,7.97496814324838,1.2686873124658358,-0.0063784553626878675,6.139202186587508,1782908716.530515,7.966777959372455,1.2695925316083945,6.170010278914245, 1782908716.507314, 1782908716.476796,0.9546897106683365,track,none,0.0,nan,nan,0.0,0.0,6.582412870306464,1.0121633517048603,1.5280025563525927,mr_webots_overtaking_large_ship.wbt,ekf_on_cluster_on,1,1,5.0
1782908716.6400285,54.32017159461975,-197.88543038767799,200.0,0.2,6.167187789666858,8.023042198484184,1.2630994013696188,-0.002416502632187296,6.138914975472822,1782908716.645028,7.993431785616547,1.2666115269262392,6.169576153517084, 1782908716.6695557, 1782908716.5624084,0.948582496068497,track,none,0.0,nan,nan,0.0,0.0,6.582412870306464,1.0121633517048603,1.5280025563525927,mr_webots_overtaking_large_ship.wbt,ekf_on_cluster_on,1,1,5.0
1782908716.7016222,54.381765365600586,-196.82924931390957,200.0,0.2,6.1661497000744765,8.086415587735704,1.2556739423469452,-0.004026412057403557,6.138453898309506,1782908716.645028,None,None,None, None, 1782908716.6770766,0.9584668838069507,track,none,0.0,nan,nan,0.0,0.0,6.301313595031385,1.038115277304421,1.561740287346937,mr_webots_overtaking_large_ship.wbt,ekf_on_cluster_on,1,1,5.0
1782908716.8248522,54.504995346069336,-195.78400131671816,200.0,0.2,6.165436716562527,8.154284940222041,1.247650779417107,-0.00116610818113277,6.138365149840885,1782908716.8423767,None,None,None, None, 1782908716.779817,0.9731468645054419,track,none,0.0,nan,nan,0.0,0.0,6.301313595031385,1.038115277304421,1.561740287346937,mr_webots_overtaking_large_ship.wbt,ekf_on_cluster_on,1,1,5.0
1782908716.9327707,54.612913846969604,-194.99527960335882,200.0,0.2,6.165754473900215,8.222835605911078,1.239502922878394,0.0074411513174046295,6.139939965835461,1782908716.9327707,None,None,None, None, 1782908716.8939588,1.0017166094929626,track,none,0.0,nan,nan,0.0,0.0,6.419412334606583,1.0198356912963846,1.5779927944265506,mr_webots_overtaking_large_ship.wbt,ekf_on_cluster_on,1,1,5.0
1782908717.0780377,54.75818085670471,-194.24845322994346,200.0,0.2,6.166232711972185,8.291405620319269,1.2313997898625075,0.00584945633545535,6.140613435751121,1782908717.0479045,None,None,None, None, 1782908717.1030629,1.0556721875004873,track,none,0.0,nan,nan,0.0,0.0,6.500629371823095,1.0091507157452446,1.6137632292148616,mr_webots_overtaking_large_ship.wbt,ekf_on_cluster_on,1,1,5.0
1782908717.2390127,54.91915583610535,-193.86940553459996,200.0,0.2,6.168038459080792,8.35990108423374,1.223345395099102,0.01684043638567593,6.1423089167263925,1782908717.2390127,None,None,None, None, 1782908717.2124887,1.0330741072439868,track,none,0.0,nan,nan,0.0,0.0,6.530275936510499,1.0156194892656316,1.63972320387617,mr_webots_overtaking_large_ship.wbt,ekf_on_cluster_on,1,1,5.0
1782908717.361189,55.04133200645447,-193.48511335583868,200.0,0.2,6.169768454787683,8.428362404833377,1.2154537362620061,0.012375833293980548,6.144784083385189,1782908717.3677864,None,None,None, None, 1782908717.298604,1.00854703039116,track,none,0.0,nan,nan,0.0,0.0,6.530275936510499,1.0156194892656316,1.63972320387617,mr_webots_overtaking_large_ship.wbt,ekf_on_cluster_on,1,1,5.0
1782908717.5381587,55.21830177307129,-197.95271680890679,200.0,0.2,6.173433388661914,8.15908853347108,1.2478896949187812,0.014111932370045514,6.146517292692185,1782908717.490605,8.151280942408505,1.248819102105487,6.177186856482096, 1782908717.507636, 1782908717.503635,1.0591887274284493,track,none,0.0,nan,nan,0.0,0.0,6.616302832163526,0.9908955128591822,1.6564097923904302,mr_webots_overtaking_large_ship.wbt,ekf_on_cluster_on,1,1,5.0
1782908717.6689615,55.34910464286804,-198.71265754479313,200.0,0.2,6.178425774671664,8.207836054601025,1.2425541935796858,0.04509169216657279,6.151369845627051,1782908717.700142,None,None,None, None, 1782908717.6282678,0.9923716146693572,track,none,0.0,nan,nan,0.0,0.0,6.306648751949734,1.0378855452875932,1.6800091062955969,mr_webots_overtaking_large_ship.wbt,ekf_on_cluster_on,1,1,5.0
1782908717.7785738,55.45871686935425,-200.0,200.0,0.2,6.186564189883645,8.271649298064895,1.2359841126420985,0.05898054321283204,6.157381234505409,1782908717.7935812,None,None,None, None, 1782908717.808095,0.9197193750752509,track,none,0.0,nan,nan,0.0,0.0,6.306648751949734,1.0378855452875932,1.6800091062955969,mr_webots_overtaking_large_ship.wbt,ekf_on_cluster_on,1,1,5.0
1782908717.9042702,55.584413290023804,-200.0,200.0,0.2,6.191547906470425,8.340112731840245,1.2295930835776616,0.01580581325426788,6.160560245050153,1782908717.901271,None,None,None, None, 1782908717.9062765,1.0781051321013249,track,none,0.0,nan,nan,0.0,0.0,6.420069202078636,1.0057169074672008,1.7041905197894973,mr_webots_overtaking_large_ship.wbt,ekf_on_cluster_on,1,1,5.0
1782908718.030973,55.71111607551575,-200.0,200.0,0.2,6.1952508994285855,8.409395614711247,1.2234029173972338,0.012969134508919835,6.162060811101931,1782908718.016974,None,None,None, None, 1782908718.0089555,1.085463808202852,track,none,0.0,nan,nan,0.0,0.0,6.520076349803139,1.0042498255032235,1.727629781233069,mr_webots_overtaking_large_ship.wbt,ekf_on_cluster_on,1,1,5.0
1782908718.144606,55.8247492313385,-200.0,200.0,0.2,6.198373508189435,8.478808252220787,1.217414344828665,0.013142586798922289,6.163383049392157,1782908718.1175811,None,None,None, None, 1782908718.1145804,0.9353766647488783,track,none,0.0,nan,nan,0.0,0.0,6.520076349803139,1.0042498255032235,1.727629781233069,mr_webots_overtaking_large_ship.wbt,ekf_on_cluster_on,1,1,5.0
1782908718.2509823,55.93112540245056,-200.0,200.0,0.2,6.20132801176765,8.548252535877745,1.211617518085383,0.0143586330448578,6.164957759583805,1782908718.227251,None,None,None, None, 1782908718.2122188,1.0310220761834876,track,none,0.0,nan,nan,0.0,0.0,6.575264479287031,0.9902310517241532,1.7374259766046085,mr_webots_overtaking_large_ship.wbt,ekf_on_cluster_on,1,1,5.0
1782908718.4247096,56.1048526763916,-200.0,200.0,0.2,6.204135849625418,8.61771516239372,1.2060164619564624,0.014090385044935453,6.1670135771524235,1782908718.3731532,None,None,None, None, 1782908718.4227085,1.0296888348748323,track,none,0.0,nan,nan,0.0,0.0,6.668156251123184,0.9835978371145663,1.7624820151925735,mr_webots_overtaking_large_ship.wbt,ekf_on_cluster_on,1,1,5.0
1782908718.5358086,56.215951681137085,-200.0,198.00649242247232,0.2,6.202664899296264,8.346409179287699,1.2292052627435268,0.010069547927765847,6.168073984069031,1782908718.4784615,8.338530213598053,1.2298665098068309,6.194353210779291, 1782908718.513778, 1782908718.5308096,0.9576530241910867,track,none,0.0,nan,nan,0.0,0.0,6.668156251123184,0.9835978371145663,1.7624820151925735,mr_webots_overtaking_large_ship.wbt,ekf_on_cluster_on,1,1,5.0
1782908718.6550086,56.33515167236328,-200.0,197.87226728692497,0.2,6.204727352326377,8.395704531709717,1.2252853205956278,0.008748254902814688,6.1688166099401265,1782908718.6550086,None,None,None, None, 1782908718.621971,1.0379894323655738,track,none,0.0,nan,nan,0.0,0.0,6.388237494805369,1.0130059060636616,1.7824000167675795,mr_webots_overtaking_large_ship.wbt,ekf_on_cluster_on,1,1,5.0
1782908718.7727582,56.4529013633728,-200.0,197.8813630752503,0.2,6.206661765372949,8.459729692303238,1.2203202036155147,0.008748254902814688,6.1705662609206895,1782908718.7967646,None,None,None, None, 1782908718.7512457,1.0301973849771522,track,none,0.0,nan,nan,0.0,0.0,6.388237494805369,1.0130059060636616,1.7824000167675795,mr_webots_overtaking_large_ship.wbt,ekf_on_cluster_on,1,1,5.0
1782908718.9224737,56.60261678695679,-200.0,198.04951219590342,0.2,6.208075308811015,8.52807577417079,1.2151491227374933,0.004457648881790824,6.1717025335928,1782908718.9099126,None,None,None, None, 1782908718.9529982,1.085759048061435,track,none,0.0,nan,nan,0.0,0.0,6.513600507311268,1.0018249858112067,1.8181439407635143,mr_webots_overtaking_large_ship.wbt,ekf_on_cluster_on,1,1,5.0
1782908719.0526755,56.732818603515625,-200.0,198.32630235110793,0.2,6.209064370974939,8.597196835369447,1.21000302528509,0.0024672596099359232,6.171960934716546,1782908719.0146446,None,None,None, None, 1782908719.0526755,1.0608715580321972,track,none,0.0,nan,nan,0.0,0.0,6.513600507311268,1.0018249858112067,1.8181439407635143,mr_webots_overtaking_large_ship.wbt,ekf_on_cluster_on,1,1,5.0
1782908719.1553118,56.8354549407959,-200.0,198.64995682991076,0.2,6.209853364089814,8.666461920043904,1.2049008741432061,0.0023730260629405337,6.172131959559628,1782908719.2308893,None,None,None, None, 1782908719.1543052,1.0716909239361572,track,none,0.0,nan,nan,0.0,0.0,6.617235347674135,1.0017717251143692,1.8443999236998962,mr_webots_overtaking_large_ship.wbt,ekf_on_cluster_on,1,1,5.0
1782908719.3891404,57.0692834854126,-200.0,199.08837934616378,0.2,6.210179435569764,8.735785308149726,1.1998406559191181,-0.0007363323036103859,6.171917373750077,1782908719.3781402,None,None,None, None, 1782908719.3881419,1.0685345400256163,track,none,0.0,nan,nan,0.0,0.0,6.676575776303302,0.9934870255934235,1.8602049943557624,mr_webots_overtaking_large_ship.wbt,ekf_on_cluster_on,1,1,5.0
1782908719.6004453,57.28058838844299,-200.0,198.6424875453242,0.2,6.206627196640126,8.531354854985652,1.2131025752711395,-0.0010545054176258715,6.171783314443027,1782908719.6044533,8.522846114160247,1.213671819593253,6.1982168574419765, 1782908719.519786, 1782908719.6415606,0.951810676430925,track,none,0.0,nan,nan,0.0,0.0,6.710978825170273,0.9857694795496101,1.8818431549960148,mr_webots_overtaking_large_ship.wbt,ekf_on_cluster_on,1,1,5.0
1782908719.7400692,57.420212268829346,-200.0,199.1825492084159,0.2,6.206165382359786,8.584394523780258,1.2090407626788249,-0.006368594553956195,6.170483724878194,1782908719.7093325,None,None,None, None, 1782908719.7390702,0.9774246372731744,track,none,0.0,nan,nan,0.0,0.0,6.4561640169816705,1.0172973888321557,1.9024870574079538,mr_webots_overtaking_large_ship.wbt,ekf_on_cluster_on,1,1,5.0
1782908719.821539,57.50168204307556,-200.0,199.9160070397936,0.2,6.205336536675736,8.64991444868419,1.2039740902592655,-0.006608047970240393,6.169854743860316,1782908719.8045166,None,None,None, None, 1782908719.8225358,1.093614470745308,track,none,0.0,nan,nan,0.0,0.0,6.4561640169816705,1.0172973888321557,1.9024870574079538,mr_webots_overtaking_large_ship.wbt,ekf_on_cluster_on,1,1,5.0
1782908719.912383,57.59252619743347,-200.0,200.0,0.2,6.204305656508923,8.718757793831195,1.1985797844976105,-0.006608047970240393,6.168533134266268,1782908719.9239042,None,None,None, None, 1782908719.9269106,1.05407229155549,track,none,0.0,nan,nan,0.0,0.0,6.567096350018312,1.023752949216228,1.92493062850358,mr_webots_overtaking_large_ship.wbt,ekf_on_cluster_on,1,1,5.0
1782908720.0861495,57.766292572021484,-200.0,200.0,0.2,6.2034813309402566,8.78814171630684,1.1930637987898933,-0.0037872948776353907,6.167705455408989,1782908720.1257021,None,None,None, None, 1782908720.0671077,1.093654714145469,track,none,0.0,nan,nan,0.0,0.0,6.655215495800019,1.0164566709053107,1.9503307562129988,mr_webots_overtaking_large_ship.wbt,ekf_on_cluster_on,1,1,5.0
1782908720.220343,57.90048623085022,-199.29856352744787,200.0,0.2,6.202469626419486,8.85759643061759,1.187488630385161,-0.005939102098751783,6.166563497280111,1782908720.2153354,None,None,None, None, 1782908720.1767864,1.0465677335230412,track,none,0.0,nan,nan,0.0,0.0,6.655215495800019,1.0164566709053107,1.9503307562129988,mr_webots_overtaking_large_ship.wbt,ekf_on_cluster_on,1,1,5.0
1782908720.4017038,58.081846952438354,-198.50090998892205,200.0,0.2,6.201646549147975,8.926977224260908,1.1818428273582242,-0.00358560628246521,6.166196843035847,1782908720.4477377,None,None,None, None, 1782908720.3971891,0.9522216344219053,track,none,0.0,nan,nan,0.0,0.0,6.733676033696617,1.0085616430143367,1.9799224046176196,mr_webots_overtaking_large_ship.wbt,ekf_on_cluster_on,1,1,5.0
1782908720.5611346,58.24127769470215,-199.30933872689005,200.0,0.2,6.198932174330819,8.722496969940098,1.196511360376275,-0.0017061233176917994,6.1658043833870275,1782908720.5476227,8.713827464153853,1.1971561982438443,6.193964913685183, 1782908720.521585, 1782908720.5771625,1.0959641930520523,track,none,0.0,nan,nan,0.0,0.0,6.783290298956506,1.0017423892862527,2.004590401970939,mr_webots_overtaking_large_ship.wbt,ekf_on_cluster_on,1,1,5.0
1782908720.685934,58.366077184677124,-198.73626775558472,200.0,0.2,6.198513623539002,8.775567668711778,1.1920103238487911,-0.00043004096647728977,6.165746194674501,1782908720.6829324,None,None,None, None, 1782908720.7315993,1.0439375540975568,track,none,0.0,nan,nan,0.0,0.0,6.538558821737773,1.0227339011383814,2.0146306013275,mr_webots_overtaking_large_ship.wbt,ekf_on_cluster_on,1,1,5.0
1782908720.7942297,58.47437286376953,-198.07935252317165,200.0,0.2,6.1982169251644565,8.841019321035931,1.1864380665114993,-0.0004286815339896729,6.165705584897855,1782908720.7776642,None,None,None, None, 1782908720.835784,1.090247941610665,track,none,0.0,nan,nan,0.0,0.0,6.595393689042306,1.0150323027672323,2.0325463418559013,mr_webots_overtaking_large_ship.wbt,ekf_on_cluster_on,1,1,5.0
1782908720.9269292,58.60707235336304,-197.42146660819478,200.0,0.2,6.198050484516353,8.909615169248013,1.1805793913324294,0.0004674883698109989,6.165745857539683,1782908720.9624887,None,None,None, None, 1782908720.9604867,0.9011820445133719,track,none,0.0,nan,nan,0.0,0.0,6.595393689042306,1.0150323027672323,2.0325463418559013,mr_webots_overtaking_large_ship.wbt,ekf_on_cluster_on,1,1,5.0
1782908720.995532,58.6756751537323,-196.8311043381086,200.0,0.2,6.198175510378981,8.978650294556038,1.1746732467692595,0.002856190880321968,6.166027699701413,1782908720.9624887,None,None,None, None, 1782908720.9604867,0.9011820445133719,track,none,0.0,nan,nan,0.0,0.0,6.718196632191932,1.01868757511818,2.0528200979353253,mr_webots_overtaking_large_ship.wbt,ekf_on_cluster_on,1,1,5.0
1782908721.1855624,58.865705490112305,-196.3202262245997,200.0,0.2,6.198606177045263,9.047683634912447,1.168781886321824,0.004849237179952224,6.166604044222734,1782908721.1985624,None,None,None, None, 1782908721.1855624,0.9024422050786456,track,none,0.0,nan,nan,0.0,0.0,6.718196632191932,1.01868757511818,2.0528200979353253,mr_webots_overtaking_large_ship.wbt,ekf_on_cluster_on,1,1,5.0
1782908721.2446232,58.924766302108765,-195.88020164896793,200.0,0.2,6.199293780755339,9.116663762516097,1.1629336551180813,0.005924122274849076,6.167298476453153,1782908721.3032465,None,None,None, None, 1782908721.3042457,0.9211997270818458,track,none,0.0,nan,nan,0.0,0.0,6.8157958441245885,1.004472385136605,2.0855129701249404,mr_webots_overtaking_large_ship.wbt,ekf_on_cluster_on,1,1,5.0
1782908721.40734,59.087483167648315,-195.52983335283767,200.0,0.2,6.200300004529693,9.185591870581431,1.1571375673222695,0.009538912166932211,6.169251844486261,1782908721.4033413,None,None,None, None, 1782908721.4043403,0.9168185914536462,track,none,0.0,nan,nan,0.0,0.0,6.924471507229814,0.9866461713548136,2.102448963627113,mr_webots_overtaking_large_ship.wbt,ekf_on_cluster_on,1,1,5.0
1782908721.5660245,59.24616765975952,-198.36064304590036,200.0,0.2,6.201583066123124,8.899917160964335,1.1806532298232213,0.02320674473652394,6.172864774267224,1782908721.5590258,8.89156071933741,1.181341942373193,6.19806298456459, 1782908721.528493, 1782908721.5194936,1.0330412856763291,track,none,0.0,nan,nan,0.0,0.0,6.924471507229814,0.9866461713548136,2.102448963627113,mr_webots_overtaking_large_ship.wbt,ekf_on_cluster_on,1,1,5.0
1782908721.6755085,59.35565161705017,-198.78341475463358,200.0,0.2,6.204724827049113,8.947452683570829,1.1768130428472503,0.022295031602111843,6.17541714179337,1782908721.6735072,None,None,None, None, 1782908721.709698,0.9922406439925036,track,none,0.0,nan,nan,0.0,0.0,6.595972166115125,1.0168231499628133,2.12871733254531,mr_webots_overtaking_large_ship.wbt,ekf_on_cluster_on,1,1,5.0
1782908721.7667987,59.44694185256958,-198.9709358860583,200.0,0.2,6.207390806499669,9.010885270450718,1.1719140110107737,0.012866716043800097,6.176404555396854,1782908721.750249,None,None,None, None, 1782908721.709698,0.9922406439925036,track,none,0.0,nan,nan,0.0,0.0,6.595972166115125,1.0168231499628133,2.12871733254531,mr_webots_overtaking_large_ship.wbt,ekf_on_cluster_on,1,1,5.0
1782908721.940198,59.620341062545776,-199.0639886213338,200.0,0.2,6.20977806779785,9.079234618673155,1.1668071203356973,0.011745791927877865,6.178270995603532,1782908721.9091518,None,None,None, None, 1782908721.938197,0.9454484982718145,track,none,0.0,nan,nan,0.0,0.0,6.713295520409701,1.0051427427596946,2.151732127023162,mr_webots_overtaking_large_ship.wbt,ekf_on_cluster_on,1,1,5.0
1782908722.0275733,59.70771646499634,-199.4882552670008,200.0,0.2,6.213411104015184,9.148477343772534,1.1617906238578044,0.024154137126936003,6.180913948522851,1782908722.018572,None,None,None, None, 1782908722.0235724,1.0603956678983075,track,none,0.0,nan,nan,0.0,0.0,6.713295520409701,1.0051427427596946,2.151732127023162,mr_webots_overtaking_large_ship.wbt,ekf_on_cluster_on,1,1,5.0
1782908722.148739,59.82888221740723,-200.0,200.0,0.2,6.217484438686625,9.217911602020074,1.157045201132732,0.02433702118376564,6.183703526797427,1782908722.133195,None,None,None, None, 1782908722.1321964,1.0087144862399786,track,none,0.0,nan,nan,0.0,0.0,6.845248990563091,0.9794290289221187,2.196816162810913,mr_webots_overtaking_large_ship.wbt,ekf_on_cluster_on,1,1,5.0
1782908722.3317199,60.011862993240356,-200.0,200.0,0.2,6.220523052409248,9.287445481218517,1.1525961900767179,0.012970968460716732,6.185379165393695,1782908722.394682,None,None,None, None, 1782908722.3926814,1.0941344577539522,track,none,0.0,nan,nan,0.0,0.0,6.845248990563091,0.9794290289221187,2.196816162810913,mr_webots_overtaking_large_ship.wbt,ekf_on_cluster_on,1,1,5.0
1782908722.4532595,60.133402585983276,-200.0,200.0,0.2,6.223057084420141,9.357001997854514,1.1483357511138408,0.01097304872667416,6.1868309352700335,1782908722.5019221,None,None,None, None, 1782908722.5019221,0.9079134455131336,track,none,0.0,nan,nan,0.0,0.0,6.914908748227326,0.980303421935557,2.2074271936154166,mr_webots_overtaking_large_ship.wbt,ekf_on_cluster_on,1,1,5.0
1782908722.5568533,60.23699641227722,-200.0,199.68688639498257,0.2,6.221562552365523,9.090089627354986,1.1653807311927848,0.012535388326266706,6.188175232821756,1782908722.5872138,9.082310085241977,1.1658696492673608,6.212661677445718, 1782908722.53519, 1782908722.5019221,0.9079134455131336,track,none,0.0,nan,nan,0.0,0.0,6.914908748227326,0.980303421935557,2.2074271936154166,mr_webots_overtaking_large_ship.wbt,ekf_on_cluster_on,1,1,5.0
1782908722.6839054,60.36404848098755,-200.0,199.47061692018244,0.2,6.223606780581335,9.140109653349574,1.1623525030598572,0.008689376495186661,6.188916363855179,1782908722.7209387,None,None,None, None, 1782908722.5872138,1.0455548769057987,track,none,0.0,nan,nan,0.0,0.0,6.673539001946271,0.989413324309366,2.2419319462696516,mr_webots_overtaking_large_ship.wbt,ekf_on_cluster_on,1,1,5.0
1782908722.8530927,60.53323578834534,-200.0,199.45401114729677,0.2,6.225177997825077,9.204644596741932,1.1585671610314208,0.005895772266780709,6.190398364174432,1782908722.8385804,None,None,None, None, 1782908722.851093,1.0705099789056252,track,none,0.0,nan,nan,0.0,0.0,6.737778965388184,0.9922091095030706,2.263756215797287,mr_webots_overtaking_large_ship.wbt,ekf_on_cluster_on,1,1,5.0
1782908722.9723053,60.652448415756226,-200.0,199.50561036927454,0.2,6.226544636403119,9.273332674585003,1.1546326327695624,0.005917895157148771,6.19104755847416,1782908722.9482806,None,None,None, None, 1782908722.9723053,0.9911250530880232,track,none,0.0,nan,nan,0.0,0.0,6.737778965388184,0.9922091095030706,2.263756215797287,mr_webots_overtaking_large_ship.wbt,ekf_on_cluster_on,1,1,5.0
1782908723.0749133,60.755056381225586,-200.0,199.5444302379377,0.2,6.227942459416281,9.342735399478688,1.150744766344431,0.007142323239785777,6.191826912689812,1782908723.0573983,None,None,None, None, 1782908723.0719144,0.961647010327383,track,none,0.0,nan,nan,0.0,0.0,6.816305822767222,0.9937912655790806,2.2777522972363338,mr_webots_overtaking_large_ship.wbt,ekf_on_cluster_on,1,1,5.0
1782908723.1705658,60.850708961486816,-200.0,199.59869112799655,0.2,6.229244434888147,9.412246742175661,1.1469475924407675,0.0063557483766338,6.192348723634425,1782908723.139499,None,None,None, None, 1782908723.1645534,0.9542217456012831,track,none,0.0,nan,nan,0.0,0.0,6.816305822767222,0.9937912655790806,2.2777522972363338,mr_webots_overtaking_large_ship.wbt,ekf_on_cluster_on,1,1,5.0
1782908723.2331457,60.913288831710815,-200.0,199.70883914909354,0.2,6.230294708657232,9.481782745866088,1.1432371283861258,0.0044258461303925325,6.192736626101711,1782908723.2271438,None,None,None, None, 1782908723.1645534,0.9542217456012831,track,none,0.0,nan,nan,0.0,0.0,6.816305822767222,0.9937912655790806,2.2777522972363338,mr_webots_overtaking_large_ship.wbt,ekf_on_cluster_on,1,1,5.0
1782908723.3758674,61.056010484695435,-200.0,199.8578430498384,0.2,6.231167262736715,9.551337164977891,1.139591710360719,0.003659666788233768,6.193255294354083,1782908723.3688693,None,None,None, None, 1782908723.3708684,0.9207958099595913,track,none,0.0,nan,nan,0.0,0.0,6.982760859401362,0.9725991647769154,2.3089826589066336,mr_webots_overtaking_large_ship.wbt,ekf_on_cluster_on,1,1,5.0
1782908723.4795322,61.15967535972595,-200.0,200.0,0.2,6.2318987381157385,9.620912991174091,1.1359996024363,0.003125414501259066,6.193543251290213,1782908723.4610033,None,None,None, None, 1782908723.4775217,1.0012691104728062,track,none,0.0,nan,nan,0.0,0.0,7.0635104548946295,0.9797960535679479,2.342531096367528,mr_webots_overtaking_large_ship.wbt,ekf_on_cluster_on,1,1,5.0
1782908723.5756733,61.25581645965576,-200.0,199.2032980807781,0.2,6.228413461863393,9.273066525855675,1.152877948216778,0.0031768357391267735,6.193812062250981,1782908723.5456192,9.265688491536341,1.1532389614850551,6.219560160267506, 1782908723.53961, 1782908723.5706747,0.9847284668265796,track,none,0.0,nan,nan,0.0,0.0,7.0635104548946295,0.9797960535679479,2.342531096367528,mr_webots_overtaking_large_ship.wbt,ekf_on_cluster_on,1,1,5.0
1782908723.6487553,61.328898429870605,-200.0,199.30722264084335,0.2,6.2289950271513375,9.318363735174604,1.1504093835319935,0.0024703606210123388,6.194032239417498,1782908723.6347468,None,None,None, None, 1782908723.660782,1.096997027438451,track,none,0.0,nan,nan,0.0,0.0,6.778827109400675,0.9962075551823472,2.3597196492615,mr_webots_overtaking_large_ship.wbt,ekf_on_cluster_on,1,1,5.0
1782908723.7709386,61.4510817527771,-200.0,199.51687359463068,0.2,6.229528244041646,9.380973397511134,1.1470322790135725,0.0023101388867329993,6.194239299111535,1782908723.7243776,None,None,None, None, 1782908723.7689316,1.024968412543843,track,none,0.0,nan,nan,0.0,0.0,6.778827109400675,0.9962075551823472,2.3597196492615,mr_webots_overtaking_large_ship.wbt,ekf_on_cluster_on,1,1,5.0
1782908723.9310176,61.61116075515747,-200.0,199.7508261545299,0.2,6.230073456183462,9.449279826832838,1.1433824732322222,0.0027052120162733284,6.194795593315706,1782908723.9300156,None,None,None, None, 1782908723.8886247,1.0235400592386616,track,none,0.0,nan,nan,0.0,0.0,6.848508455966298,0.9872151623215782,2.3761608531924736,mr_webots_overtaking_large_ship.wbt,ekf_on_cluster_on,1,1,5.0
1782908724.039887,61.720030069351196,-200.0,200.0,0.2,6.230516704180633,9.518663726813884,1.1397124254462483,0.001849132177011413,6.194947874228946,1782908724.0123682,None,None,None, None, 1782908724.077414,1.030656436471067,track,none,0.0,nan,nan,0.0,0.0,6.848508455966298,0.9872151623215782,2.3761608531924736,mr_webots_overtaking_large_ship.wbt,ekf_on_cluster_on,1,1,5.0
1782908724.1565435,61.83668661117554,-200.0,200.0,0.2,6.230761165220952,9.58822960834372,1.1360602217441453,0.0004705459025946069,6.194994967478807,1782908724.1124504,None,None,None, None, 1782908724.1665704,0.9777950395282602,track,none,0.0,nan,nan,0.0,0.0,6.94027815162943,0.9765492122714787,2.398503808992173,mr_webots_overtaking_large_ship.wbt,ekf_on_cluster_on,1,1,5.0
1782908724.2976727,61.97781586647034,-200.0,200.0,0.2,6.230960934184513,9.65782034202177,1.1324180354988584,0.0007280416804826948,6.195112340155668,1782908724.2736673,None,None,None, None, 1782908724.2886705,0.9264749662757872,track,none,0.0,nan,nan,0.0,0.0,7.004357813236151,0.9895674994161728,2.416512438115291,mr_webots_overtaking_large_ship.wbt,ekf_on_cluster_on,1,1,5.0
1782908724.411591,62.091734170913696,-200.0,200.0,0.2,6.23112654656806,9.727414916116835,1.1287872594741657,0.0006859243118911332,6.195182063216951,1782908724.3753157,None,None,None, None, 1782908724.397323,0.9974349881028133,track,none,0.0,nan,nan,0.0,0.0,7.074652961737078,0.9826900980184733,2.4421638229077347,mr_webots_overtaking_large_ship.wbt,ekf_on_cluster_on,1,1,5.0
1782908724.52145,62.20159316062927,-200.0,200.0,0.2,6.231120546287813,9.797010158289174,1.1251609409172862,0.000764416517376793,6.19527157183515,1782908724.4924097,None,None,None, None, 1782908724.500936,0.95268646849172,track,none,0.0,nan,nan,0.0,0.0,7.128727536438136,0.9778656798745319,2.458832667659215,mr_webots_overtaking_large_ship.wbt,ekf_on_cluster_on,1,1,5.0
1782908724.6853812,62.36552429199219,-200.0,200.0,0.2,6.227871480416278,9.457885737362162,1.1411671555047902,0.0007190246891386005,6.195381424295993,1782908724.6451895,9.450819356564196,1.141506590887524,6.221100302376889, 1782908724.542739, 1782908724.6231823,1.038938868507398,track,none,0.0,nan,nan,0.0,0.0,7.128727536438136,0.9778656798745319,2.458832667659215,mr_webots_overtaking_large_ship.wbt,ekf_on_cluster_on,1,1,5.0
1782908724.7745368,62.4546799659729,-200.0,200.0,0.2,6.2279094585284716,9.504178495438053,1.1386039111867612,0.0009190432742023819,6.195469453670888,1782908724.7409732,None,None,None, None, 1782908724.725453,1.0087074890864207,track,none,0.0,nan,nan,0.0,0.0,6.798438692430139,0.998771494615696,2.4913313215157324,mr_webots_overtaking_large_ship.wbt,ekf_on_cluster_on,1,1,5.0
1782908724.9069314,62.587074518203735,-200.0,200.0,0.2,6.227912732817057,9.567288678193336,1.1351118850168918,0.0006752299667711843,6.195548927500526,1782908724.8586721,None,None,None, None, 1782908724.9119735,0.903285723956082,track,none,0.0,nan,nan,0.0,0.0,6.843107021937394,0.9946136909077549,2.5005392338877663,mr_webots_overtaking_large_ship.wbt,ekf_on_cluster_on,1,1,5.0
1782908725.0301616,62.710304737091064,-200.0,200.0,0.2,6.2279038416438235,9.635751250859116,1.1313239241128619,0.0005329370940860229,6.195596012142301,1782908725.0556836,None,None,None, None, 1782908725.0206485,1.072740777921189,track,none,0.0,nan,nan,0.0,0.0,6.9366972910521065,0.9860267697983718,2.5219979055346813,mr_webots_overtaking_large_ship.wbt,ekf_on_cluster_on,1,1,5.0
1782908725.126802,62.80694508552551,-199.70914404333814,200.0,0.2,6.2279262861851326,9.705177853752312,1.1274820052737293,0.0007488545798675044,6.195677384274847,1782908725.140808,None,None,None, None, 1782908725.1908593,0.9669748546378738,track,none,0.0,nan,nan,0.0,0.0,6.997883326482711,0.9811700093675825,2.5304576172141293,mr_webots_overtaking_large_ship.wbt,ekf_on_cluster_on,1,1,5.0
1782908725.3490887,63.029231786727905,-199.3348781713429,200.0,0.2,6.228006527176191,9.774707929664908,1.1236359258079336,0.0011952362862034257,6.195921606011461,1782908725.3904824,None,None,None, None, 1782908725.3914812,0.934036172162883,track,none,0.0,nan,nan,0.0,0.0,7.057901611665535,0.9937016203757469,2.54998011925534,mr_webots_overtaking_large_ship.wbt,ekf_on_cluster_on,1,1,5.0
1782908725.5075517,63.187694787979126,-198.98642141771342,200.0,0.2,6.228190391308221,9.844210639612706,1.119796954105493,0.002102944984122144,6.196386381328375,1782908725.4810245,None,None,None, None, 1782908725.4990358,0.9918784173192434,track,none,0.0,nan,nan,0.0,0.0,7.057901611665535,0.9937016203757469,2.54998011925534,mr_webots_overtaking_large_ship.wbt,ekf_on_cluster_on,1,1,5.0
1782908725.586691,63.266834020614624,-199.54772262616572,200.0,0.2,6.22656431978711,9.6488546736413,1.1293257126241036,0.003243266920980832,6.19664948446609,1782908725.5621474,9.640808105859751,1.1297314371354368,6.222286541677475, 1782908725.547632, 1782908725.4990358,0.9918784173192434,track,none,0.0,nan,nan,0.0,0.0,7.113132443115295,0.9875376301600056,2.5693573876535143,mr_webots_overtaking_large_ship.wbt,ekf_on_cluster_on,1,1,5.0
1782908725.7264745,63.406617641448975,-199.36471537501825,200.0,0.2,6.227073478803858,9.70294775270999,1.126267138703298,0.0038764610534857595,6.1970400350262675,1782908725.7424817,None,None,None, None, 1782908725.724475,0.9859935853672821,track,none,0.0,nan,nan,0.0,0.0,6.8776373182275234,1.0183719201763846,2.5873218296595084,mr_webots_overtaking_large_ship.wbt,ekf_on_cluster_on,1,1,5.0
1782908725.786571,63.46671414375305,-199.16591390601698,200.0,0.2,6.22777557870885,9.768907050066684,1.1225756997081362,0.004915869433884302,6.197431264865713,1782908725.7424817,None,None,None, None, 1782908725.8261325,0.9743069936466932,track,none,0.0,nan,nan,0.0,0.0,6.8776373182275234,1.0183719201763846,2.5873218296595084,mr_webots_overtaking_large_ship.wbt,ekf_on_cluster_on,1,1,5.0
1782908725.9402738,63.62041687965393,-198.9748538616358,200.0,0.2,6.228554567653842,9.83783552272445,1.1187714406808311,0.004896158292323027,6.1979192086041435,1782908725.9513013,None,None,None, None, 1782908725.9392743,0.9962087193610502,track,none,0.0,nan,nan,0.0,0.0,6.991777767362657,1.0050021403943965,2.6234310808166517,mr_webots_overtaking_large_ship.wbt,ekf_on_cluster_on,1,1,5.0
1782908726.0614378,63.741580963134766,-198.9384824005788,200.0,0.2,6.229918551235767,9.907218871568052,1.114998273577143,0.009930700220344707,6.199972697308183,1782908726.048922,None,None,None, None, 1782908726.0328941,1.082142854174794,track,none,0.0,nan,nan,0.0,0.0,6.991777767362657,1.0050021403943965,2.6234310808166517,mr_webots_overtaking_large_ship.wbt,ekf_on_cluster_on,1,1,5.0
1782908726.2319684,63.91211152076721,-198.81567951808043,200.0,0.2,6.230907595851833,9.976666448175644,1.1113317722902565,0.004739073094677685,6.200636225662623,1782908726.1889343,None,None,None, None, 1782908726.1839278,0.9947607319048473,track,none,0.0,nan,nan,0.0,0.0,7.0836762656029295,0.9911174425737707,2.646691435103687,mr_webots_overtaking_large_ship.wbt,ekf_on_cluster_on,1,1,5.0
1782908726.4291916,64.10933470726013,-198.80284244826154,200.0,0.2,6.232295569718144,10.046111544992048,1.1077273614761083,0.009065205500121703,6.202796090997238,1782908726.4271932,None,None,None, None, 1782908726.4241912,0.971727710901361,track,none,0.0,nan,nan,0.0,0.0,7.154854427266568,1.0010060579224156,2.659673693824108,mr_webots_overtaking_large_ship.wbt,ekf_on_cluster_on,1,1,5.0
1782908726.5691714,64.24931454658508,-200.0,200.0,0.2,6.233225672031865,9.834489596315475,1.1183106252378259,0.018383143327053087,6.205295828819842,1782908726.563173,9.825590184044014,1.1187565204302032,6.229485683812494, 1782908726.552171, 1782908726.563173,0.9538355995188087,track,none,0.0,nan,nan,0.0,0.0,7.206435229955607,0.9907384635127309,2.683763843025182,mr_webots_overtaking_large_ship.wbt,ekf_on_cluster_on,1,1,5.0
1782908726.6478019,64.32794499397278,-200.0,200.0,0.2,6.235540256230919,9.887093782368229,1.1157343608116257,0.01308204858038544,6.206324438724423,1782908726.6418006,None,None,None, None, 1782908726.6458006,1.0085998047329618,track,none,0.0,nan,nan,0.0,0.0,7.206435229955607,0.9907384635127309,2.683763843025182,mr_webots_overtaking_large_ship.wbt,ekf_on_cluster_on,1,1,5.0
1782908726.7469938,64.42713689804077,-200.0,200.0,0.2,6.237929374388172,9.952648593598376,1.1126793017329746,0.01308204858038544,6.2089408484405,1782908726.7499955,None,None,None, None, 1782908726.7389953,0.9085244179187237,track,none,0.0,nan,nan,0.0,0.0,7.006423252287727,0.9865413494838368,2.728736664608498,mr_webots_overtaking_large_ship.wbt,ekf_on_cluster_on,1,1,5.0
1782908726.925296,64.60543918609619,-200.0,200.0,0.2,6.239717021434368,10.021628166413452,1.1096316812386071,0.007124871500406457,6.210582280149466,1782908726.8721812,None,None,None, None, 1782908726.8616664,0.9335639320095604,track,none,0.0,nan,nan,0.0,0.0,7.070397842772404,1.0126882732109779,2.733393596061341,mr_webots_overtaking_large_ship.wbt,ekf_on_cluster_on,1,1,5.0
1782908727.0104003,64.69054341316223,-200.0,200.0,0.2,6.241297561628031,10.091166442198277,1.1066681348635115,0.007195890826019403,6.211176913769878,1782908727.0324285,None,None,None, None, 1782908727.0324285,1.0344103915946934,track,none,0.0,nan,nan,0.0,0.0,7.070397842772404,1.0126882732109779,2.733393596061341,mr_webots_overtaking_large_ship.wbt,ekf_on_cluster_on,1,1,5.0
1782908727.103536,64.78367900848389,-200.0,200.0,0.2,6.243035607944342,10.160785144610035,1.1038031667257542,0.00956541148239628,6.211919306031968,1782908727.1480942,None,None,None, None, 1782908727.158614,0.9274355312992646,track,none,0.0,nan,nan,0.0,0.0,7.1666848253691935,0.9988127531970653,2.7451181035095047,mr_webots_overtaking_large_ship.wbt,ekf_on_cluster_on,1,1,5.0
1782908727.237202,64.91734504699707,-200.0,200.0,0.2,6.244315335481655,10.230418982500108,1.1010611111783533,0.00521523759391998,6.212966387419971,1782908727.233202,None,None,None, None, 1782908727.2422023,0.9965385369957689,track,none,0.0,nan,nan,0.0,0.0,7.2298224968656415,0.9892300052963066,2.751781596098537,mr_webots_overtaking_large_ship.wbt,ekf_on_cluster_on,1,1,5.0
1782908727.323888,65.00403118133545,-200.0,200.0,0.2,6.245455655640189,10.30005728143934,1.0983970738859554,0.00521523759391998,6.214009434938755,1782908727.3458889,None,None,None, None, 1782908727.3318822,1.0508287935808325,track,none,0.0,nan,nan,0.0,0.0,7.2298224968656415,0.9892300052963066,2.751781596098537,mr_webots_overtaking_large_ship.wbt,ekf_on_cluster_on,1,1,5.0
1782908727.47176,65.15190315246582,-200.0,200.0,0.2,6.247741628675597,10.369698596527098,1.0958065544010012,0.015982197445150934,6.215810418784244,1782908727.4737597,None,None,None, None, 1782908727.4687595,1.0109549061572471,track,none,0.0,nan,nan,0.0,0.0,7.341089038104072,0.9758240104055246,2.784775475790269,mr_webots_overtaking_large_ship.wbt,ekf_on_cluster_on,1,1,5.0
1782908727.577676,65.25781917572021,-200.0,199.2277952567493,0.2,6.245919974925316,10.023173007710499,1.1087393994127335,0.006475033008359637,6.216415214664932,1782908727.567164,10.015676311706297,1.1090156692484958,6.238629167885878, 1782908727.558164, 1782908727.4687595,1.0109549061572471,track,none,0.0,nan,nan,0.0,0.0,7.341089038104072,0.9758240104055246,2.784775475790269,mr_webots_overtaking_large_ship.wbt,ekf_on_cluster_on,1,1,5.0
1782908727.6432533,65.32339644432068,-200.0,199.02876498467134,0.2,6.247351672211597,10.06863172489948,1.1070798706600797,0.006475033008359637,6.2177102212666036,1782908727.692331,None,None,None, None, 1782908727.7068481,1.0308632285101744,track,none,0.0,nan,nan,0.0,0.0,7.03029964413547,1.0044303659561313,2.8273768175379397,mr_webots_overtaking_large_ship.wbt,ekf_on_cluster_on,1,1,5.0
1782908727.8144994,65.49464249610901,-200.0,198.936335546141,0.2,6.248587534793404,10.131316983142343,1.1048775484767006,0.0052436495048345235,6.218783967588727,1782908727.7719347,None,None,None, None, 1782908727.8135,0.924953476038844,track,none,0.0,nan,nan,0.0,0.0,7.085596799230865,0.9929412645140041,2.842597155054944,mr_webots_overtaking_large_ship.wbt,ekf_on_cluster_on,1,1,5.0
1782908727.957693,65.63783621788025,-200.0,198.95075368527174,0.2,6.249458537469449,10.199622048147303,1.1025569505095945,0.002603042018074393,6.219087713251612,1782908728.0192437,None,None,None, None, 1782908727.9376562,0.9505611792029068,track,none,0.0,nan,nan,0.0,0.0,7.170761246592164,0.9840782610725546,2.8600620948757354,mr_webots_overtaking_large_ship.wbt,ekf_on_cluster_on,1,1,5.0
1782908728.101877,65.7820200920105,-200.0,199.01167352982176,0.2,6.250144269737647,10.26896683459189,1.1002511334028782,0.002240753994366931,6.219380401078747,1782908728.1198826,None,None,None, None, 1782908728.047791,0.9693947338244238,track,none,0.0,nan,nan,0.0,0.0,7.1925082458869065,0.9806510374943976,2.869829360954856,mr_webots_overtaking_large_ship.wbt,ekf_on_cluster_on,1,1,5.0
1782908728.2358508,65.9159939289093,-200.0,199.1285883764055,0.2,6.250599205285789,10.338468269194383,1.097981088722321,0.0009772761539749977,6.219576442586135,1782908728.2198436,None,None,None, None, 1782908728.2428515,0.987749704162152,track,none,0.0,nan,nan,0.0,0.0,7.1925082458869065,0.9806510374943976,2.869829360954856,mr_webots_overtaking_large_ship.wbt,ekf_on_cluster_on,1,1,5.0
1782908728.2698805,65.95002365112305,-200.0,199.2679841624119,0.2,6.250957242977362,10.408004552323963,1.0957340916367286,0.0009772761539749977,6.21977189781693,1782908728.2198436,None,None,None, None, 1782908728.2428515,0.987749704162152,track,none,0.0,nan,nan,0.0,0.0,7.1925082458869065,0.9806510374943976,2.869829360954856,mr_webots_overtaking_large_ship.wbt,ekf_on_cluster_on,1,1,5.0
1782908728.379051,66.05919408798218,-200.0,199.44034272296932,0.2,6.251178484503749,10.477561563811083,1.0935069714159624,0.00026000959713684367,6.219798713315146,1782908728.3229764,None,None,None, None, 1782908728.3459833,0.9810444973365496,track,none,0.0,nan,nan,0.0,0.0,7.340132690170048,0.9713192220592931,2.8890505388296472,mr_webots_overtaking_large_ship.wbt,ekf_on_cluster_on,1,1,5.0
1782908728.5507777,66.23092079162598,-200.0,199.65333660253924,0.2,6.251236198581561,10.547140756395738,1.0912897019438788,-0.0006455625427538511,6.219652304832271,1782908728.5497684,None,None,None, None, 1782908728.5442634,1.0226954223101754,track,none,0.0,nan,nan,0.0,0.0,7.421741922859421,0.9656152430675013,2.910712225178676,mr_webots_overtaking_large_ship.wbt,ekf_on_cluster_on,1,1,5.0
1782908728.6684194,66.34856247901917,-200.0,199.53576516443496,0.2,6.247950177752672,10.209410312322339,1.1006630683777696,-0.0006455625427538511,6.21952319232372,1782908728.6824176,10.202368035571054,1.1008635810671106,6.241364398364925, 1782908728.561293, 1782908728.6559026,0.9287475355757381,track,none,0.0,nan,nan,0.0,0.0,7.421741922859421,0.9656152430675013,2.910712225178676,mr_webots_overtaking_large_ship.wbt,ekf_on_cluster_on,1,1,5.0
1782908728.7981708,66.47831392288208,-200.0,199.7401131702828,0.2,6.247808326328607,10.255820215503142,1.0990271323637855,-0.0014157492099724869,6.219335394347297,1782908728.8227093,None,None,None, None, 1782908728.7264876,0.9551552026019747,track,none,0.0,nan,nan,0.0,0.0,7.075972395171979,0.983854744539107,2.9411615967458165,mr_webots_overtaking_large_ship.wbt,ekf_on_cluster_on,1,1,5.0
1782908728.93239,66.61253309249878,-200.0,200.0,0.2,6.247557146730888,10.318990216082556,1.0967914357040462,-0.0028761029704637868,6.21863372408635,1782908728.9263833,None,None,None, None, 1782908728.93239,1.0104570065485234,track,none,0.0,nan,nan,0.0,0.0,7.075972395171979,0.983854744539107,2.9411615967458165,mr_webots_overtaking_large_ship.wbt,ekf_on_cluster_on,1,1,5.0
1782908729.0621183,66.74226140975952,-200.0,200.0,0.2,6.247053745003056,10.387514276457015,1.094339545654151,-0.0035089634981707476,6.218257514165093,1782908729.1101758,None,None,None, None, 1782908729.0611181,1.0500565947763971,track,none,0.0,nan,nan,0.0,0.0,7.162110411806546,0.9805320082612876,2.9638660362652485,mr_webots_overtaking_large_ship.wbt,ekf_on_cluster_on,1,1,5.0
1782908729.2153409,66.89548397064209,-200.0,200.0,0.2,6.246521192972843,10.45700127970598,1.0918127706991356,-0.0030787222067295535,6.218021749876079,1782908729.2258604,None,None,None, None, 1782908729.195254,1.0829757513558307,track,none,0.0,nan,nan,0.0,0.0,7.232281736530664,0.9783538969544315,2.9902324414270858,mr_webots_overtaking_large_ship.wbt,ekf_on_cluster_on,1,1,5.0
1782908729.3054922,66.98563528060913,-200.0,200.0,0.2,6.2460212231998495,10.526622593216057,1.0892423135562979,-0.0025818281519614105,6.217723072353281,1782908729.340838,None,None,None, None, 1782908729.2959735,1.0542508342876529,track,none,0.0,nan,nan,0.0,0.0,7.232281736530664,0.9783538969544315,2.9902324414270858,mr_webots_overtaking_large_ship.wbt,ekf_on_cluster_on,1,1,5.0
1782908729.4969368,67.17707991600037,-200.0,200.0,0.2,6.245619089465404,10.596260798792972,1.086636880210591,-0.00176693748381794,6.217275907802691,1782908729.4789336,None,None,None, None, 1782908729.4969368,1.0703468458127827,track,none,0.0,nan,nan,0.0,0.0,7.333033441950046,0.9758828207034838,3.0156513564574015,mr_webots_overtaking_large_ship.wbt,ekf_on_cluster_on,1,1,5.0
1782908729.5790207,67.25916385650635,-199.7036931303497,200.0,0.2,6.245249416709391,10.665900461847981,1.0840059236450656,-0.00176693748381794,6.2169225203059275,1782908729.5910285,None,None,None, None, 1782908729.6015425,0.9266740493527968,track,none,0.0,nan,nan,0.0,0.0,7.445317358913569,0.9939772477438503,3.038101734937685,mr_webots_overtaking_large_ship.wbt,ekf_on_cluster_on,1,1,5.0
1782908729.7147076,67.394850730896,-199.88407791263373,200.0,0.2,6.242534343379589,10.398495220999708,1.0925677001863714,-0.005943813251444144,6.215604539111565,1782908729.7006736,10.390875692384153,1.0928212999235132,6.238486480131529, 1782908729.57702, 1782908729.7051878,1.0261750595661392,track,none,0.0,nan,nan,0.0,0.0,7.464137800308337,0.992816070407314,3.054713028600929,mr_webots_overtaking_large_ship.wbt,ekf_on_cluster_on,1,1,5.0
1782908729.8573399,67.53748297691345,-199.528298638797,200.0,0.2,6.241969105126332,10.448571829086612,1.0905130419918976,-0.001975849124607781,6.215425905901371,1782908729.8778636,None,None,None, None, 1782908729.8296354,1.0911867498427115,track,none,0.0,nan,nan,0.0,0.0,7.464137800308337,0.992816070407314,3.054713028600929,mr_webots_overtaking_large_ship.wbt,ekf_on_cluster_on,1,1,5.0
1782908729.928398,67.6085410118103,-199.1507207358338,200.0,0.2,6.241576631227952,10.51317134781917,1.0878302687330574,-0.0010649841894973138,6.215333484720133,1782908729.8778636,None,None,None, None, 1782908729.924387,1.03194393709513,track,none,0.0,nan,nan,0.0,0.0,7.191787227916276,1.009885993977383,3.085312167711217,mr_webots_overtaking_large_ship.wbt,ekf_on_cluster_on,1,1,5.0
1782908730.1951504,67.87529349327087,-198.8176860346072,200.0,0.2,6.241439969794727,10.581880207263467,1.0849537724256209,0.00074135873620732,6.215568708009162,1782908730.1951504,None,None,None, None, 1782908730.227908,0.9406048966537419,track,none,0.0,nan,nan,0.0,0.0,7.191787227916276,1.009885993977383,3.085312167711217,mr_webots_overtaking_large_ship.wbt,ekf_on_cluster_on,1,1,5.0
1782908730.3517866,68.03192973136902,-198.54145947152165,200.0,0.2,6.241538950212264,10.651250119717504,1.082046375451796,0.002065173282543285,6.2158735437009245,1782908730.3427582,None,None,None, None, 1782908730.3367584,0.9783586926409409,track,none,0.0,nan,nan,0.0,0.0,7.283224891962127,1.0045956593666445,3.1297540653751628,mr_webots_overtaking_large_ship.wbt,ekf_on_cluster_on,1,1,5.0
1782908730.481094,68.16123700141907,-198.35947233423363,200.0,0.2,6.241996588151211,10.720682788581518,1.0791530848195168,0.0035950630151823535,6.216315103553993,1782908730.4655821,None,None,None, None, 1782908730.450069,0.9856233104733075,track,none,0.0,nan,nan,0.0,0.0,7.346194896549902,0.9995105857377377,3.1615253537999557,mr_webots_overtaking_large_ship.wbt,ekf_on_cluster_on,1,1,5.0
1782908730.5879426,68.26808571815491,-198.68855366778004,200.0,0.2,6.241450179878092,10.595478422225522,1.0836837717171355,0.005191982498200924,6.216903632894489,1782908730.5789356,10.587075179543985,1.084002918225027,6.238913278844203, 1782908730.581935, 1782908730.5769355,0.9034807893956958,track,none,0.0,nan,nan,0.0,0.0,7.346194896549902,0.9995105857377377,3.1615253537999557,mr_webots_overtaking_large_ship.wbt,ekf_on_cluster_on,1,1,5.0
1782908730.625973,68.30611610412598,-198.61238390303924,200.0,0.2,6.242126206244613,10.653829780338711,1.0812574542127606,0.005191982498200924,6.21794202939413,1782908730.5789356,None,None,None, None, 1782908730.5769355,0.9034807893956958,track,none,0.0,nan,nan,0.0,0.0,7.346194896549902,0.9995105857377377,3.1615253537999557,mr_webots_overtaking_large_ship.wbt,ekf_on_cluster_on,1,1,5.0
1782908730.713623,68.39376616477966,-198.50736706624448,200.0,0.2,6.242818550672098,10.721017553280678,1.0785139580215173,0.004393762994074583,6.218441415494776,1782908730.6925936,None,None,None, None, 1782908730.6590688,0.9860965350509363,track,none,0.0,nan,nan,0.0,0.0,7.297031596529739,0.9965499365781195,3.1906461219583404,mr_webots_overtaking_large_ship.wbt,ekf_on_cluster_on,1,1,5.0
1782908730.8162942,68.49643731117249,-198.35485504242476,200.0,0.2,6.243341707004383,10.790123759916526,1.0757401342029311,0.0027183582431148084,6.218744983032048,1782908730.8042667,None,None,None, None, 1782908730.7592332,0.9456462136696542,track,none,0.0,nan,nan,0.0,0.0,7.297031596529739,0.9965499365781195,3.1906461219583404,mr_webots_overtaking_large_ship.wbt,ekf_on_cluster_on,1,1,5.0
1782908731.0267649,68.7069079875946,-198.60877114293362,200.0,0.2,6.245415127350063,10.859504316576292,1.0729865549732267,0.017410252377619128,6.220692058657174,1782908730.9161017,None,None,None, None, 1782908731.0227637,1.008111543883909,track,none,0.0,nan,nan,0.0,0.0,7.399330222771202,1.0068354089840597,3.202787400426426,mr_webots_overtaking_large_ship.wbt,ekf_on_cluster_on,1,1,5.0
1782908731.0778594,68.75800251960754,-198.7433899423184,200.0,0.2,6.246960309513012,10.92895748109373,1.0704137041412665,0.007962840855190542,6.221702482072871,1782908731.042994,None,None,None, None, 1782908731.0227637,1.008111543883909,track,none,0.0,nan,nan,0.0,0.0,7.456737810117814,1.01722992862993,3.2159219982659732,mr_webots_overtaking_large_ship.wbt,ekf_on_cluster_on,1,1,5.0
1782908731.2076302,68.88777327537537,-198.8894003252862,200.0,0.2,6.248509994300097,10.99843813613352,1.0679420909142578,0.00858570745863391,6.222651551570892,1782908731.1535347,None,None,None, None, 1782908731.2421777,1.0261745527406476,track,none,0.0,nan,nan,0.0,0.0,7.53433309165998,1.0068758248844782,3.2244296897177773,mr_webots_overtaking_large_ship.wbt,ekf_on_cluster_on,1,1,5.0
1782908731.4425225,69.12266564369202,-199.20381021333506,200.0,0.2,6.250669533586602,11.067941894606559,1.0655768671617167,0.014045671112905181,6.226387328831222,1782908731.4195082,None,None,None, None, 1782908731.4660401,0.9950547127102556,track,none,0.0,nan,nan,0.0,0.0,7.584420737021669,0.9995442279758322,3.242584749454512,mr_webots_overtaking_large_ship.wbt,ekf_on_cluster_on,1,1,5.0
1782908731.5967846,69.27692770957947,-200.0,200.0,0.2,6.250872482681356,10.778915797067906,1.0759746792527056,0.005906647339153828,6.2271117081716225,1782908731.6188126,10.770348580942485,1.0762756821256163,6.2480570650296725, 1782908731.588268, 1782908731.5587485,0.90928073147752,track,none,0.0,nan,nan,0.0,0.0,7.619791940378552,0.9895079005126806,3.2801739950412894,mr_webots_overtaking_large_ship.wbt,ekf_on_cluster_on,1,1,5.0
1782908731.677254,69.35739707946777,-200.0,200.0,0.2,6.252512474636945,10.826833469865463,1.0744595894148716,0.009508699454762,6.227840705500875,1782908731.7382574,None,None,None, None, 1782908731.6486347,1.0560793870568654,track,none,0.0,nan,nan,0.0,0.0,7.342149776776695,0.9920720390410408,3.3009433596220505,mr_webots_overtaking_large_ship.wbt,ekf_on_cluster_on,1,1,5.0
1782908731.922174,69.60231709480286,-200.0,200.0,0.2,6.255528371033829,10.890663678383934,1.0725497176045238,0.022225658452632836,6.233515038981513,1782908731.874118,None,None,None, None, 1782908731.921166,1.0515023125283567,track,none,0.0,nan,nan,0.0,0.0,7.368133684358337,1.0274917724383452,3.31110379704054,mr_webots_overtaking_large_ship.wbt,ekf_on_cluster_on,1,1,5.0
1782908732.047366,69.72750902175903,-200.0,200.0,0.2,6.257600388892957,10.959343338913671,1.0707394862292041,0.008025120783212585,6.234343001515168,1782908732.0781379,None,None,None, None, 1782908732.0323582,0.9435790270018146,track,none,0.0,nan,nan,0.0,0.0,7.368133684358337,1.0274917724383452,3.31110379704054,mr_webots_overtaking_large_ship.wbt,ekf_on_cluster_on,1,1,5.0
1782908732.148202,69.82834506034851,-200.0,199.6921156473053,0.2,6.259978630907982,11.028874700274626,1.0690311698046813,0.013269617285495904,6.235681221669448,1782908732.1712518,None,None,None, None, 1782908732.1227226,1.0414625798443695,track,none,0.0,nan,nan,0.0,0.0,7.446529452207791,1.0099226355300004,3.333346843680011,mr_webots_overtaking_large_ship.wbt,ekf_on_cluster_on,1,1,5.0
1782908732.2726128,69.95275592803955,-200.0,199.40322498377478,0.2,6.261717461399782,11.098494328267876,1.0674914527397412,0.006911526856568365,6.2368766511862885,1782908732.2510996,None,None,None, None, 1782908732.3036463,0.940229579231784,track,none,0.0,nan,nan,0.0,0.0,7.499614669770935,0.9985430786366584,3.361554582801108,mr_webots_overtaking_large_ship.wbt,ekf_on_cluster_on,1,1,5.0
1782908732.4932296,70.17337274551392,-200.0,199.1004741162185,0.2,6.263463014532866,11.16809549878759,1.0660588270894564,0.008613908620113108,6.238006332504796,1782908732.3822458,None,None,None, None, 1782908732.4932296,0.9206243344392812,track,none,0.0,nan,nan,0.0,0.0,7.5788900414943825,0.9866777569782333,3.394455575570454,mr_webots_overtaking_large_ship.wbt,ekf_on_cluster_on,1,1,5.0
1782908732.5669355,70.24707865715027,-200.0,198.93782169711727,0.2,6.264615963029942,11.237662667701757,1.0647463692349532,0.0035913542970143334,6.2384570370639745,1782908732.507743,None,None,None, None, 1782908732.6034565,0.9441453546373871,track,none,0.0,nan,nan,0.0,0.0,7.5788900414943825,0.9866777569782333,3.394455575570454,mr_webots_overtaking_large_ship.wbt,ekf_on_cluster_on,1,1,5.0
1782908732.6706529,70.35079598426819,-200.0,198.81050589716597,0.2,6.263055416230164,10.969899758818617,1.0698781719715702,0.004621791581956953,6.239015118168296,1782908732.6284928,10.962100828586914,1.0700256476129744,6.257138742930486, 1782908732.59594, 1782908732.6034565,0.9441453546373871,track,none,0.0,nan,nan,0.0,0.0,7.658123406112611,0.9772353880581689,3.4217424186142584,mr_webots_overtaking_large_ship.wbt,ekf_on_cluster_on,1,1,5.0
1782908732.8409495,70.52109265327454,-200.0,198.6595200514263,0.2,6.264026738423324,11.019787354357144,1.0689019658173393,0.0039593904127687846,6.239378344669011,1782908732.8534608,None,None,None, None, 1782908732.852461,0.9669018985467072,track,none,0.0,nan,nan,0.0,0.0,7.658123406112611,0.9772353880581689,3.4217424186142584,mr_webots_overtaking_large_ship.wbt,ekf_on_cluster_on,1,1,5.0
1782908732.9961886,70.67633175849915,-200.0,198.64055648453132,0.2,6.264580118181805,11.084251120950219,1.067700038836648,0.00047465636796986644,6.239441583123118,1782908732.9971895,None,None,None, None, 1782908732.9911919,1.00694629787118,track,none,0.0,nan,nan,0.0,0.0,7.658123406112611,0.9772353880581689,3.4217424186142584,mr_webots_overtaking_large_ship.wbt,ekf_on_cluster_on,1,1,5.0
1782908733.0993629,70.77950596809387,-200.0,198.69489210658267,0.2,6.264872338791236,11.15291663952718,1.0664463593485891,-0.0003039336709452573,6.239410833772157,1782908733.0983608,None,None,None, None, 1782908733.1018734,0.9625082432455774,track,none,0.0,nan,nan,0.0,0.0,7.658123406112611,0.9772353880581689,3.4217424186142584,mr_webots_overtaking_large_ship.wbt,ekf_on_cluster_on,1,1,5.0
1782908733.199002,70.87914514541626,-200.0,198.79867544303943,0.2,6.2649746031678015,11.222309117931818,1.0651911926048285,-0.0009307087784150498,6.239318097161862,1782908733.1980016,None,None,None, None, 1782908733.200511,0.9354257912276059,track,none,0.0,nan,nan,0.0,0.0,7.658123406112611,0.9772353880581689,3.4217424186142584,mr_webots_overtaking_large_ship.wbt,ekf_on_cluster_on,1,1,5.0
1782908733.296391,70.97653412818909,-200.0,198.9707614402431,0.2,6.2648133959158185,11.291815510748751,1.063934479202942,-0.0024943753779538198,6.2391039520611855,1782908733.2838528,None,None,None, None, 1782908733.2878764,0.9155488474204303,track,none,0.0,nan,nan,0.0,0.0,7.658123406112611,0.9772353880581689,3.4217424186142584,mr_webots_overtaking_large_ship.wbt,ekf_on_cluster_on,1,1,5.0
1782908733.4119813,71.09212446212769,-200.0,199.23509396021828,0.2,6.2643020273721115,11.361356080664795,1.0626567422630198,-0.004436373255337133,6.23873986052566,1782908733.451053,None,None,None, None, 1782908733.3814352,0.9420921510711256,track,none,0.0,nan,nan,0.0,0.0,7.658123406112611,0.9772353880581689,3.4217424186142584,mr_webots_overtaking_large_ship.wbt,ekf_on_cluster_on,1,1,5.0
1782908733.5242765,71.20441961288452,-200.0,199.5981783932572,0.2,6.263421562484199,11.430929792226038,1.0613328806788331,-0.0066964653404468786,6.238169787396995,1782908733.5302768,None,None,None, None, 1782908733.5027604,1.0264760957752528,track,none,0.0,nan,nan,0.0,0.0,7.658123406112611,0.9772353880581689,3.4217424186142584,mr_webots_overtaking_large_ship.wbt,ekf_on_cluster_on,1,1,5.0
1782908733.6163888,71.29653191566467,-200.0,200.0,0.2,6.260183722560444,11.158191611517232,1.0650150471536468,-0.010804455919334351,6.237313816572519,1782908733.6319015,11.150276226708337,1.0651325284610418,6.2563519103549785, 1782908733.610382, 1782908733.6143882,0.9677002859903171,track,none,0.0,nan,nan,0.0,0.0,7.658123406112611,0.9772353880581689,3.4217424186142584,mr_webots_overtaking_large_ship.wbt,ekf_on_cluster_on,1,1,5.0
1782908733.7036304,71.38377356529236,-200.0,200.0,0.2,6.259080099333121,11.207768399453622,1.0638435368829562,-0.0046895651386080015,6.236837240794391,1782908733.6319015,None,None,None, None, 1782908733.7361505,0.9374972138655453,track,none,0.0,nan,nan,0.0,0.0,7.658123406112611,0.9772353880581689,3.4217424186142584,mr_webots_overtaking_large_ship.wbt,ekf_on_cluster_on,1,1,5.0
1782908733.8057268,71.48586988449097,-200.0,200.0,0.2,6.258036852756608,11.272256054954104,1.0622550157082955,-0.005205304434999175,6.236120002080165,1782908733.7696915,None,None,None, None, 1782908733.817727,0.905335545561723,track,none,0.0,nan,nan,0.0,0.0,7.658123406112611,0.9772353880581689,3.4217424186142584,mr_webots_overtaking_large_ship.wbt,ekf_on_cluster_on,1,1,5.0
1782908733.8966162,71.5767593383789,-200.0,200.0,0.2,6.256971144445755,11.34106783716392,1.060490437698519,-0.005705413210543009,6.235435784355486,1782908733.8896158,None,None,None, None, 1782908733.9243164,1.0996345380427408,track,none,0.0,nan,nan,0.0,0.0,7.658123406112611,0.9772353880581689,3.4217424186142584,mr_webots_overtaking_large_ship.wbt,ekf_on_cluster_on,1,1,5.0
1782908734.0047286,71.68487167358398,-199.8693776188245,200.0,0.2,6.256032115882076,11.410614584242916,1.0586326703964488,-0.004510827826023802,6.234925551419223,1782908734.0027287,None,None,None, None, 1782908734.0087283,0.9303684687606955,track,none,0.0,nan,nan,0.0,0.0,7.658123406112611,0.9772353880581689,3.4217424186142584,mr_webots_overtaking_large_ship.wbt,ekf_on_cluster_on,1,1,5.0
1782908734.1078932,71.78803634643555,-199.4643748174813,200.0,0.2,6.25522307823219,11.480247399807158,1.0567100763208686,-0.003682110225031722,6.234639656371004,1782908734.080373,None,None,None, None, 1782908734.1058977,0.9556999234007676,track,none,0.0,nan,nan,0.0,0.0,7.658123406112611,0.9772353880581689,3.4217424186142584,mr_webots_overtaking_large_ship.wbt,ekf_on_cluster_on,1,1,5.0
1782908734.2226224,71.90276551246643,-199.07808746522673,200.0,0.2,6.254515602041628,11.549845423894375,1.0547348306455433,-0.003091800177422293,6.234365681104657,1782908734.1689866,None,None,None, None, 1782908734.2135367,1.053901759958882,track,none,0.0,nan,nan,0.0,0.0,7.658123406112611,0.9772353880581689,3.4217424186142584,mr_webots_overtaking_large_ship.wbt,ekf_on_cluster_on,1,1,5.0
1782908734.2984478,71.978590965271,-198.70391616067585,200.0,0.2,6.253880385128157,11.619394769081985,1.0527137521015817,-0.0026815987176653953,6.234157473956296,1782908734.2466295,None,None,None, None, 1782908734.330994,1.0038799152559854,track,none,0.0,nan,nan,0.0,0.0,7.658123406112611,0.9772353880581689,3.4217424186142584,mr_webots_overtaking_large_ship.wbt,ekf_on_cluster_on,1,1,5.0
1782908734.447541,72.12768411636353,-198.3595242484976,200.0,0.2,6.253382620489015,11.6888950316855,1.0506510949148122,-0.0016007965949035227,6.233840670112623,1782908734.4445333,None,None,None, None, 1782908734.4380288,1.064758903303526,track,none,0.0,nan,nan,0.0,0.0,7.658123406112611,0.9772353880581689,3.4217424186142584,mr_webots_overtaking_large_ship.wbt,ekf_on_cluster_on,1,1,5.0
1782908734.5823917,72.26253485679626,-198.01732874114046,200.0,0.2,6.252911113256806,11.758349777339712,1.0485578874803991,-0.0016691006221572326,6.233666553034958,1782908734.5488513,None,None,None, None, 1782908734.5548687,0.9859244233283864,track,none,0.0,nan,nan,0.0,0.0,7.658123406112611,0.9772353880581689,3.4217424186142584,mr_webots_overtaking_large_ship.wbt,ekf_on_cluster_on,1,1,5.0
1782908734.74511,72.42525315284729,-199.11320422808745,200.0,0.2,6.2525423490683725,11.332981457908602,1.0600123695099466,-0.00013524083110286945,6.233646713411293,1782908734.7956622,11.326143788393878,1.0602000241424183,6.252388877041084, 1782908734.619963, 1782908734.764662,0.9536820114045391,track,none,0.0,nan,nan,0.0,0.0,7.658123406112611,0.9772353880581689,3.4217424186142584,mr_webots_overtaking_large_ship.wbt,ekf_on_cluster_on,1,1,5.0
1782908734.8793626,72.55950570106506,-198.9459407297929,200.0,0.2,6.2524040032630674,11.374149312023604,1.0587416730417658,0.0009938413237327959,6.233746209289397,1782908734.9038815,None,None,None, None, 1782908734.8793626,0.9354946075813518,track,none,0.0,nan,nan,0.0,0.0,7.658123406112611,0.9772353880581689,3.4217424186142584,mr_webots_overtaking_large_ship.wbt,ekf_on_cluster_on,1,1,5.0
1782908734.954947,72.63509011268616,-198.76671077610712,200.0,0.2,6.252462922826068,11.434853391785868,1.0568654481898534,0.0017135158973045357,6.233931644926243,1782908734.9038815,None,None,None, None, 1782908735.019539,1.019352235693039,track,none,0.0,nan,nan,0.0,0.0,7.658123406112611,0.9772353880581689,3.4217424186142584,mr_webots_overtaking_large_ship.wbt,ekf_on_cluster_on,1,1,5.0
1782908735.1166477,72.79679083824158,-198.65457249277497,200.0,0.2,6.252864529431317,11.50268551752638,1.0547808276433421,0.0033349655207998256,6.234469173938395,1782908735.0650613,None,None,None, None, 1782908735.1076102,1.0886935575437833,track,none,0.0,nan,nan,0.0,0.0,7.658123406112611,0.9772353880581689,3.4217424186142584,mr_webots_overtaking_large_ship.wbt,ekf_on_cluster_on,1,1,5.0
1782908735.2188241,72.89896726608276,-198.5063275377848,200.0,0.2,6.253134402682753,11.57193075391769,1.0526806145711545,0.0030355683102119635,6.234862852967052,1782908735.19475,None,None,None, None, 1782908735.2002563,0.9848290600793991,track,none,0.0,nan,nan,0.0,0.0,7.658123406112611,0.9772353880581689,3.4217424186142584,mr_webots_overtaking_large_ship.wbt,ekf_on_cluster_on,1,1,5.0
1782908735.3169267,72.99706983566284,-198.39619483871314,200.0,0.2,6.253546203488992,11.641367351339444,1.0505933536705263,0.004626196152790768,6.235321605124419,1782908735.293914,None,None,None, None, 1782908735.2002563,0.9848290600793991,track,none,0.0,nan,nan,0.0,0.0,7.658123406112611,0.9772353880581689,3.4217424186142584,mr_webots_overtaking_large_ship.wbt,ekf_on_cluster_on,1,1,5.0
1782908735.432219,73.11236214637756,-198.31065173230246,200.0,0.2,6.254036703936208,11.710819048053935,1.0485462036733395,0.003025849636525251,6.23570223360356,1782908735.4197063,None,None,None, None, 1782908735.3791575,0.9194343198508699,track,none,0.0,nan,nan,0.0,0.0,7.658123406112611,0.9772353880581689,3.4217424186142584,mr_webots_overtaking_large_ship.wbt,ekf_on_cluster_on,1,1,5.0
1782908735.564366,73.24450922012329,-198.24890695138043,200.0,0.2,6.254605635609235,11.780264096804238,1.0465315151900825,0.003916865815683279,6.236143406580621,1782908735.5323405,None,None,None, None, 1782908735.4837935,0.9096453897988643,track,none,0.0,nan,nan,0.0,0.0,7.658123406112611,0.9772353880581689,3.4217424186142584,mr_webots_overtaking_large_ship.wbt,ekf_on_cluster_on,1,1,5.0
1782908735.629455,73.30959820747375,-199.3202402136553,200.0,0.2,6.255414125221066,11.504508026395804,1.054832354871951,0.003916865815683279,6.236926779743758,1782908735.6524904,11.496892895993906,1.0550590131000397,6.255885995957373, 1782908735.62194, 1782908735.581875,0.993858595455129,track,none,0.0,nan,nan,0.0,0.0,7.658123406112611,0.9772353880581689,3.4217424186142584,mr_webots_overtaking_large_ship.wbt,ekf_on_cluster_on,1,1,5.0
1782908735.7179415,73.39808464050293,-199.31243130803568,200.0,0.2,6.255924893878345,11.553631143755357,1.053478623984617,0.0029607299425394086,6.237282511004747,1782908735.7294543,None,None,None, None, 1782908735.6930153,1.0155611568574356,track,none,0.0,nan,nan,0.0,0.0,7.376934995673628,1.011762273872535,3.429553042983893,mr_webots_overtaking_large_ship.wbt,ekf_on_cluster_on,1,1,5.0
1782908735.821141,73.50128412246704,-199.26170154359986,200.0,0.2,6.256422928651092,11.61786523376313,1.0517405953060575,0.0028742681537785027,6.237503725895876,1782908735.8231397,None,None,None, None, 1782908735.799596,1.0453946870932285,track,none,0.0,nan,nan,0.0,0.0,7.376934995673628,1.011762273872535,3.429553042983893,mr_webots_overtaking_large_ship.wbt,ekf_on_cluster_on,1,1,5.0
1782908735.9608257,73.64096879959106,-199.27246396356222,200.0,0.2,6.257194024714375,11.686543658414953,1.0499157605399319,0.005491692464695499,6.238202060381455,1782908735.9503016,None,None,None, None, 1782908735.9072785,0.9158294710402254,track,none,0.0,nan,nan,0.0,0.0,7.6739102114567235,1.0137325936628576,3.761419338574715,mr_webots_overtaking_large_ship.wbt,ekf_on_cluster_on,1,1,5.0
1782908736.0984664,73.77860951423645,-199.450670170202,200.0,0.2,6.258598858328861,11.755992385560846,1.0481310243243627,0.010346136950093532,6.2392640560515975,1782908736.0529482,None,None,None, None, 1782908736.0974667,1.0925669790872308,track,none,0.0,nan,nan,0.0,0.0,7.6739102114567235,1.0137325936628576,3.761419338574715,mr_webots_overtaking_large_ship.wbt,ekf_on_cluster_on,1,1,5.0
1782908736.2331574,73.91330051422119,-199.96863760792593,200.0,0.2,6.261286217365196,11.825571571508728,1.0464586653938568,0.019699495438296043,6.241196763378571,1782908736.2456727,None,None,None, None, 1782908736.1936083,0.9900211254851353,track,none,0.0,nan,nan,0.0,0.0,7.800098890491533,1.0267796784906023,3.7872596474473106,mr_webots_overtaking_large_ship.wbt,ekf_on_cluster_on,1,1,5.0
1782908736.2787588,73.95890188217163,-200.0,200.0,0.2,6.264047803422671,11.895230362774832,1.045009124554646,0.016052328554077466,6.242715554165485,1782908736.2456727,None,None,None, None, 1782908736.262188,1.0765801574917866,track,none,0.0,nan,nan,0.0,0.0,7.800098890491533,1.0267796784906023,3.7872596474473106,mr_webots_overtaking_large_ship.wbt,ekf_on_cluster_on,1,1,5.0
1782908736.360527,74.04067015647888,-200.0,200.0,0.2,6.265660289526923,11.964906335539265,1.0437614607608197,0.004773149467404261,6.243215974761584,1782908736.3505135,None,None,None, None, 1782908736.354521,0.9174216877096312,track,none,0.0,nan,nan,0.0,0.0,7.92789337328134,0.9985750505373213,3.8229110351344713,mr_webots_overtaking_large_ship.wbt,ekf_on_cluster_on,1,1,5.0
1782908736.4690673,74.14921045303345,-200.0,200.0,0.2,6.268608812728248,12.034585677401214,1.0425994731175905,0.019524331924698258,6.245364468498688,1782908736.4605553,None,None,None, None, 1782908736.466068,0.9323723144885828,track,none,0.0,nan,nan,0.0,0.0,7.92789337328134,0.9985750505373213,3.8229110351344713,mr_webots_overtaking_large_ship.wbt,ekf_on_cluster_on,1,1,5.0
1782908736.5173054,74.19744849205017,-200.0,199.4395289938558,0.2,6.2719002769027945,12.104268545155909,1.0416703808347414,0.019524331924698258,6.2492693348836275,1782908736.5569606,None,None,None, None, 1782908736.466068,0.9323723144885828,track,none,0.0,nan,nan,0.0,0.0,7.92789337328134,0.9985750505373213,3.8229110351344713,mr_webots_overtaking_large_ship.wbt,ekf_on_cluster_on,1,1,5.0
1782908736.6195333,74.29967641830444,-200.0,198.87381783164582,0.2,6.274363053383919,12.173891711461483,1.0409874793884342,0.010443391409129234,6.250276132828282,1782908736.5569606,None,None,None, None, 1782908736.5599597,0.9786683502682055,track,none,0.0,nan,nan,0.0,0.0,8.071785458544213,0.9887115223166482,3.84440825729994,mr_webots_overtaking_large_ship.wbt,ekf_on_cluster_on,1,1,5.0
1782908736.7177856,74.3979287147522,-200.0,198.44683712854498,0.2,6.272193903534342,11.678919995867615,1.0505180537742103,0.00689320113901805,6.250977265527181,1782908736.6586742,11.672702236511357,1.0506288213205413,6.264369849740132, 1782908736.623146, 1782908736.749828,0.9786356279306896,track,none,0.0,nan,nan,0.0,0.0,8.131125689487964,0.9776015257273468,3.8507137214371325,mr_webots_overtaking_large_ship.wbt,ekf_on_cluster_on,1,1,5.0
1782908736.8935022,74.57364535331726,-200.0,198.03283512250806,0.2,6.273931029053751,11.717223186508186,1.0501349881626858,0.0072352990390334255,6.251712914799859,1782908736.8945107,None,None,None, None, 1782908736.8544755,0.9709953535987902,track,none,0.0,nan,nan,0.0,0.0,7.607688383070758,0.9960625230150505,3.8582667561785593,mr_webots_overtaking_large_ship.wbt,ekf_on_cluster_on,1,1,5.0
1782908737.0476358,74.72777891159058,-200.0,197.80666440615366,0.2,6.274990594392779,11.776396352786504,1.0496407006663588,0.0016578670631874916,6.252159342799446,1782908737.0296278,None,None,None, None, 1782908737.017114,1.0016666083354289,track,none,0.0,nan,nan,0.0,0.0,7.6407978204086,0.9864543079640832,3.8725021721845816,mr_webots_overtaking_large_ship.wbt,ekf_on_cluster_on,1,1,5.0
1782908737.1388485,74.81899166107178,-200.0,197.65714793692703,0.2,6.275762671968095,11.843756694043815,1.0491315778534442,0.0016578670631874916,6.252490916212084,1782908737.1613612,None,None,None, None, 1782908737.1123238,0.999743607989788,track,none,0.0,nan,nan,0.0,0.0,7.6407978204086,0.9864543079640832,3.8725021721845816,mr_webots_overtaking_large_ship.wbt,ekf_on_cluster_on,1,1,5.0
1782908737.2399614,74.92010450363159,-200.0,197.57582680445944,0.2,6.276262651312249,11.912842135443057,1.0486534261527254,0.0004224348185844103,6.252546564994412,1782908737.2509801,None,None,None, None, 1782908737.216954,1.0924595652762996,track,none,0.0,nan,nan,0.0,0.0,7.757571491944356,0.9798559275754006,3.8867328961292067,mr_webots_overtaking_large_ship.wbt,ekf_on_cluster_on,1,1,5.0
1782908737.3534179,75.03356099128723,-200.0,197.50718997945458,0.2,6.27670436237665,11.98217925197355,1.0481999657067007,0.0009180385125144194,6.252628838615597,1782908737.3774471,None,None,None, None, 1782908737.3168654,1.0906587962033203,track,none,0.0,nan,nan,0.0,0.0,7.839770147586958,1.003670287078629,3.895872177560246,mr_webots_overtaking_large_ship.wbt,ekf_on_cluster_on,1,1,5.0
1782908737.5075753,75.18771839141846,-200.0,197.50318273968546,0.2,6.276889855359446,12.051543848252113,1.0477741597420334,-0.001021523494455047,6.252389240524302,1782908737.48553,None,None,None, None, 1782908737.4510484,0.9299199105811053,track,none,0.0,nan,nan,0.0,0.0,7.839770147586958,1.003670287078629,3.895872177560246,mr_webots_overtaking_large_ship.wbt,ekf_on_cluster_on,1,1,5.0
1782908737.5713518,75.25149488449097,-200.0,197.5564123307119,0.2,6.2768559077429416,12.120911781321576,1.0473542659444774,-0.0021715501157388312,6.252210502906963,1782908737.5678387,None,None,None, None, 1782908737.5360942,0.9439058459396579,track,none,0.0,nan,nan,0.0,0.0,7.939815229291023,1.0008542792869388,3.916907088619335,mr_webots_overtaking_large_ship.wbt,ekf_on_cluster_on,1,1,5.0
1782908737.6466246,75.32676768302917,-200.0,198.49857933766643,0.2,6.273084759608946,11.8336964170801,1.0477939115947152,-0.004991708898725163,6.251827211721741,1782908737.6446242,11.826031344835354,1.0478125914104328,6.266178554677603, 1782908737.632617, 1782908737.6226244,1.0802058911448866,track,none,0.0,nan,nan,0.0,0.0,7.939815229291023,1.0008542792869388,3.916907088619335,mr_webots_overtaking_large_ship.wbt,ekf_on_cluster_on,1,1,5.0
1782908737.7690482,75.4491913318634,-200.0,198.65032284391262,0.2,6.272695186605839,11.881581658140052,1.0473102279907076,-0.005066181725663253,6.251303773208961,1782908737.7479444,None,None,None, None, 1782908737.7408273,0.9184734678223613,track,none,0.0,nan,nan,0.0,0.0,7.694810576593197,1.0171665371828822,3.9416058971798873,mr_webots_overtaking_large_ship.wbt,ekf_on_cluster_on,1,1,5.0
1782908737.9087565,75.58889961242676,-200.0,198.8479168053789,0.2,6.272206491323163,11.945265162151003,1.0466297204766022,-0.0029200358000242453,6.251000818826365,1782908737.8516946,None,None,None, None, 1782908737.9142733,1.043326441343426,track,none,0.0,nan,nan,0.0,0.0,7.694810576593197,1.0171665371828822,3.9416058971798873,mr_webots_overtaking_large_ship.wbt,ekf_on_cluster_on,1,1,5.0
1782908737.9552987,75.63544178009033,-200.0,199.1496179933038,0.2,6.271346838000723,12.013801309037849,1.045865216437761,-0.006521358721073316,6.2504622564524315,1782908737.934279,None,None,None, None, 1782908737.9142733,1.043326441343426,track,none,0.0,nan,nan,0.0,0.0,7.765369329629891,0.9931907860752184,3.9756761899359634,mr_webots_overtaking_large_ship.wbt,ekf_on_cluster_on,1,1,5.0
1782908738.1275465,75.80768966674805,-200.0,199.59926233673085,0.2,6.2699393195791435,12.083230507804256,1.0450208084860577,-0.010171198675901267,6.249255238015584,1782908738.153575,None,None,None, None, 1782908738.153575,0.9368835715178921,track,none,0.0,nan,nan,0.0,0.0,7.765369329629891,0.9931907860752184,3.9756761899359634,mr_webots_overtaking_large_ship.wbt,ekf_on_cluster_on,1,1,5.0
1782908738.2360198,75.91616296768188,-200.0,199.94575575641989,0.2,6.26897207812926,12.152834625113801,1.0440592443147807,-0.004165886943595978,6.248836042503294,1782908738.2661965,None,None,None, None, 1782908738.2350142,1.0592146283458113,track,none,0.0,nan,nan,0.0,0.0,7.899036727035089,0.9757632733479928,4.009474028944338,mr_webots_overtaking_large_ship.wbt,ekf_on_cluster_on,1,1,5.0
1782908738.3920076,76.07215070724487,-200.0,200.0,0.2,6.268029890849998,12.222500207390702,1.0430363103420035,-0.004725651518212324,6.24830383232444,1782908738.3960083,None,None,None, None, 1782908738.4500587,1.085789363312199,track,none,0.0,nan,nan,0.0,0.0,7.957474242511687,0.9785658914033126,4.0236999602238,mr_webots_overtaking_large_ship.wbt,ekf_on_cluster_on,1,1,5.0
1782908738.5426552,76.22279834747314,-200.0,200.0,0.2,6.266987894804016,12.292179170210003,1.0419494453467024,-0.005823224739310386,6.2476655648511,1782908738.5056155,None,None,None, None, 1782908738.5361385,0.9815719890426605,track,none,0.0,nan,nan,0.0,0.0,8.031034000776984,0.9823067905209968,4.045405574765464,mr_webots_overtaking_large_ship.wbt,ekf_on_cluster_on,1,1,5.0
1782908738.6804726,76.36061573028564,-200.0,200.0,0.2,6.263695219732436,12.00825368247215,1.0444332080884673,-0.005453767833977481,6.247050475398534,1782908738.726477,12.000078098072452,1.044517490598057,6.258840589796577, 1782908738.634396, 1782908738.6774707,0.9192973665220261,track,none,0.0,nan,nan,0.0,0.0,7.756266522569694,1.0010522511175286,4.079256966440721,mr_webots_overtaking_large_ship.wbt,ekf_on_cluster_on,1,1,5.0
1782908738.859145,76.53928804397583,-200.0,200.0,0.2,6.262862470502616,12.05675167877691,1.0434643301967625,-0.0033714845456589313,6.246355184842738,1782908738.8246248,None,None,None, None, 1782908738.8101096,1.0025412421972544,track,none,0.0,nan,nan,0.0,0.0,7.752320645510231,1.003449551962588,4.088789891305672,mr_webots_overtaking_large_ship.wbt,ekf_on_cluster_on,1,1,5.0
1782908739.0223618,76.70250487327576,-199.7275670544227,200.0,0.2,6.26207278241716,12.120823169415532,1.0421367095507605,-0.0039457275120024955,6.245853420447093,1782908739.0719006,None,None,None, None, 1782908738.9322708,0.9609985254274216,track,none,0.0,nan,nan,0.0,0.0,7.837991082518788,1.0056029301220268,4.09997839315428,mr_webots_overtaking_large_ship.wbt,ekf_on_cluster_on,1,1,5.0
1782908739.1700838,76.85022687911987,-199.4177440182446,200.0,0.2,6.261457773833699,12.189527034551434,1.0406597584020858,-0.002430036761241722,6.245561550384886,1782908739.2071722,None,None,None, None, 1782908739.2111723,0.993425785529656,track,none,0.0,nan,nan,0.0,0.0,7.837991082518788,1.0056029301220268,4.09997839315428,mr_webots_overtaking_large_ship.wbt,ekf_on_cluster_on,1,1,5.0
1782908739.2657466,76.94588971138,-199.12176587011388,200.0,0.2,6.26092325043366,12.25900043094124,1.0391274125378658,-0.002194222770252586,6.245264734471409,1782908739.2922735,None,None,None, None, 1782908739.3087878,0.9185315575980355,track,none,0.0,nan,nan,0.0,0.0,7.916198622233689,1.0071652842531666,4.108724463439795,mr_webots_overtaking_large_ship.wbt,ekf_on_cluster_on,1,1,5.0
1782908739.4439015,77.12404465675354,-198.83249060006148,200.0,0.2,6.260433639283823,12.328548071998462,1.0375581420489368,-0.002024709026755193,6.245092428967392,1782908739.4479008,None,None,None, None, 1782908739.440901,0.9686580275949402,track,none,0.0,nan,nan,0.0,0.0,8.019558437422905,1.0079910513801211,4.116437114237754,mr_webots_overtaking_large_ship.wbt,ekf_on_cluster_on,1,1,5.0
1782908739.5571678,77.23731088638306,-198.54118508160025,200.0,0.2,6.25995344895117,12.398072971677859,1.0359560031721742,-0.002024709026755193,6.244687487162041,1782908739.5676818,None,None,None, None, 1782908739.5676818,0.9422971615795963,track,none,0.0,nan,nan,0.0,0.0,8.019558437422905,1.0079910513801211,4.116437114237754,mr_webots_overtaking_large_ship.wbt,ekf_on_cluster_on,1,1,5.0
1782908739.6007152,77.28085827827454,-198.2187589200075,200.0,0.2,6.25937149446736,12.467561839123972,1.0343208473025811,-0.0028788140518428815,6.244342659886284,1782908739.5676818,None,None,None, None, 1782908739.5676818,0.9422971615795963,track,none,0.0,nan,nan,0.0,0.0,8.019558437422905,1.0079910513801211,4.116437114237754,mr_webots_overtaking_large_ship.wbt,ekf_on_cluster_on,1,1,5.0
1782908739.7498846,77.43002772331238,-198.39678814491887,200.0,0.2,6.2573852167628505,12.142348223449707,1.040994406842658,-0.0016731448631410709,6.2440604167369615,1782908739.736372,12.13322407738874,1.041187490156513,6.254132139577229, 1782908739.648787, 1782908739.7313719,1.0453420054719635,track,none,0.0,nan,nan,0.0,0.0,8.15469669697708,1.00966351304789,4.13503376924559,mr_webots_overtaking_large_ship.wbt,ekf_on_cluster_on,1,1,5.0
1782908739.8918636,77.5720067024231,-198.16886611503716,200.0,0.2,6.256969951405641,12.186107332251495,1.039850889329955,-0.0007136510061297557,6.243971944888639,1782908739.8603427,None,None,None, None, 1782908739.8479168,1.0204895774933482,track,none,0.0,nan,nan,0.0,0.0,7.7855784404246835,1.0258535909360522,4.1610029105092465,mr_webots_overtaking_large_ship.wbt,ekf_on_cluster_on,1,1,5.0
1782908739.9924686,77.67261171340942,-197.9447896638793,200.0,0.2,6.25676980249775,12.247951861301402,1.0382120841720308,0.0007059000876898147,6.244049320000627,1782908739.9699547,None,None,None, None, 1782908739.9444373,0.9404162864408931,track,none,0.0,nan,nan,0.0,0.0,7.7855784404246835,1.0258535909360522,4.1610029105092465,mr_webots_overtaking_large_ship.wbt,ekf_on_cluster_on,1,1,5.0
1782908740.092995,77.77313804626465,-197.7480378106046,200.0,0.2,6.256744712892661,12.315969688735168,1.0364011454023512,0.0015293237979988898,6.24417874085888,1782908740.054581,None,None,None, None, 1782908740.120072,0.9963833378819567,track,none,0.0,nan,nan,0.0,0.0,7.925568373670058,1.0224609024891307,4.19170044924938,mr_webots_overtaking_large_ship.wbt,ekf_on_cluster_on,1,1,5.0
1782908740.2097063,77.88984942436218,-197.610772605784,200.0,0.2,6.256958426747035,12.385149451658314,1.0345620461500573,0.003075104550423049,6.244481687086849,1782908740.236201,None,None,None, None, 1782908740.2097063,1.0196910862142137,track,none,0.0,nan,nan,0.0,0.0,7.925568373670058,1.0224609024891307,4.19170044924938,mr_webots_overtaking_large_ship.wbt,ekf_on_cluster_on,1,1,5.0
1782908740.2992902,77.97943329811096,-197.763975176005,200.0,0.2,6.258267693207305,12.454484403995753,1.0327431895931378,0.011289411439714313,6.245419886535073,1782908740.3879027,None,None,None, None, 1782908740.3308342,0.9058080987971374,track,none,0.0,nan,nan,0.0,0.0,7.925568373670058,1.0224609024891307,4.19170044924938,mr_webots_overtaking_large_ship.wbt,ekf_on_cluster_on,1,1,5.0
1782908740.447651,78.12779402732849,-197.87132563381724,200.0,0.2,6.2593580339827,12.523860456920506,1.0310379028110646,0.0070334637004508095,6.246486874856309,1782908740.3879027,None,None,None, None, 1782908740.4189308,0.909303258854822,track,none,0.0,nan,nan,0.0,0.0,8.047028574237135,1.0110854611553173,4.219786810884601,mr_webots_overtaking_large_ship.wbt,ekf_on_cluster_on,1,1,5.0
1782908740.559124,78.23926711082458,-198.35423487612832,200.0,0.2,6.261853368336624,12.593255448249986,1.0294105430650262,0.01915984071801815,6.248370789305648,1782908740.5641189,None,None,None, None, 1782908740.536309,0.9229166708648615,track,none,0.0,nan,nan,0.0,0.0,8.108187258770899,1.0017361639462663,4.266475343747747,mr_webots_overtaking_large_ship.wbt,ekf_on_cluster_on,1,1,5.0
1782908740.6638455,78.34398865699768,-199.1483672731608,200.0,0.2,6.262489218463443,12.335053172354375,1.0354681307877613,0.01683335297758342,6.2496819378103,1782908740.5641189,12.32747779145976,1.035640975346725,6.257976213658441, 1782908740.655328, 1782908740.6778452,1.0444981101284785,track,none,0.0,nan,nan,0.0,0.0,8.108187258770899,1.0017361639462663,4.266475343747747,mr_webots_overtaking_large_ship.wbt,ekf_on_cluster_on,1,1,5.0
1782908740.710401,78.39054417610168,-199.63129384352754,200.0,0.2,6.26476159253267,12.385851314168416,1.0344736512200114,0.011530487642286789,6.251143242842463,1782908740.6908529,None,None,None, None, 1782908740.6778452,1.0444981101284785,track,none,0.0,nan,nan,0.0,0.0,8.108187258770899,1.0017361639462663,4.266475343747747,mr_webots_overtaking_large_ship.wbt,ekf_on_cluster_on,1,1,5.0
1782908740.7930179,78.47316098213196,-200.0,200.0,0.2,6.266897781973081,12.450764320459294,1.033345742697744,0.010857290752906593,6.2520768245139875,1782908740.7768395,None,None,None, None, 1782908740.757326,1.0920250766325832,track,none,0.0,nan,nan,0.0,0.0,7.945377547255139,1.0085093283813462,4.27544744774696,mr_webots_overtaking_large_ship.wbt,ekf_on_cluster_on,1,1,5.0
1782908740.8951566,78.57529973983765,-200.0,200.0,0.2,6.2686598170211685,12.519671272719915,1.0322921951126318,0.00778144979046424,6.252779582839285,1782908740.8671515,None,None,None, None, 1782908740.844115,1.028810368970143,track,none,0.0,nan,nan,0.0,0.0,8.008292913484135,0.9964185179648983,4.278934379225669,mr_webots_overtaking_large_ship.wbt,ekf_on_cluster_on,1,1,5.0
1782908741.0373907,78.717533826828,-200.0,200.0,0.2,6.271290294663103,12.589247569244456,1.0313404934192718,0.01698932638623823,6.25438779726829,1782908741.0509002,None,None,None, None, 1782908741.0363894,0.9487955195571671,track,none,0.0,nan,nan,0.0,0.0,8.008292913484135,0.9964185179648983,4.278934379225669,mr_webots_overtaking_large_ship.wbt,ekf_on_cluster_on,1,1,5.0
1782908741.10209,78.78223299980164,-200.0,200.0,0.2,6.273211258829386,12.658918526424182,1.0305911570144701,0.008178660929454566,6.255116421411305,1782908741.0509002,None,None,None, None, 1782908741.0363894,0.9487955195571671,track,none,0.0,nan,nan,0.0,0.0,8.111898047966944,0.9756002658427059,4.292539760272114,mr_webots_overtaking_large_ship.wbt,ekf_on_cluster_on,1,1,5.0
1782908741.2659066,78.94604969024658,-200.0,199.71592961606135,0.2,6.275507367519098,12.72860303966193,1.0299615307129102,0.013110426193054782,6.256476715525341,1782908741.2724113,None,None,None, None, 1782908741.2639055,0.9144520592694525,track,none,0.0,nan,nan,0.0,0.0,8.111898047966944,0.9756002658427059,4.292539760272114,mr_webots_overtaking_large_ship.wbt,ekf_on_cluster_on,1,1,5.0
1782908741.315481,78.99562406539917,-200.0,199.16944577919676,0.2,6.2778154029715605,12.798258842502966,1.0294993663083503,0.012395618659874399,6.257936354899329,1782908741.2724113,None,None,None, None, 1782908741.2639055,0.9144520592694525,track,none,0.0,nan,nan,0.0,0.0,8.220250925540375,0.9552860219297068,4.332055234315885,mr_webots_overtaking_large_ship.wbt,ekf_on_cluster_on,1,1,5.0
1782908741.4454715,79.12561464309692,-200.0,198.78516913155295,0.2,6.279418623550366,12.867850787947688,1.0292016455061308,0.00579212406302024,6.258567486329991,1782908741.4809408,None,None,None, None, 1782908741.4699416,0.936967278453296,track,none,0.0,nan,nan,0.0,0.0,8.27336195743346,0.9685187759115925,4.352884913592847,mr_webots_overtaking_large_ship.wbt,ekf_on_cluster_on,1,1,5.0
1782908741.5670729,79.24721598625183,-200.0,198.45797552173593,0.2,6.280757321328994,12.937391909213208,1.0289999226621518,0.005192402653913285,6.259084471765452,1782908741.5795941,None,None,None, None, 1782908741.553566,0.9798916679958513,track,none,0.0,nan,nan,0.0,0.0,8.27336195743346,0.9685187759115925,4.352884913592847,mr_webots_overtaking_large_ship.wbt,ekf_on_cluster_on,1,1,5.0
1782908741.6567256,79.33686876296997,-200.0,199.19843768896123,0.2,6.276941863907623,12.519555794497832,1.0314027051675454,0.005405769732064863,6.259617768877744,1782908741.6741743,12.512820995807019,1.031437537321119,6.266643927639455, 1782908741.655009, 1782908741.6550097,0.9454042720289821,track,none,0.0,nan,nan,0.0,0.0,8.37517791287108,0.9570557722359532,4.385737098366976,mr_webots_overtaking_large_ship.wbt,ekf_on_cluster_on,1,1,5.0
1782908741.7698543,79.44999742507935,-200.0,198.99086050006403,0.2,6.277839268131207,12.561547729759331,1.0311663802208102,0.002533827726512242,6.259857418743717,1782908741.8013766,None,None,None, None, 1782908741.7548318,1.0945821318492694,track,none,0.0,nan,nan,0.0,0.0,7.930195640752885,0.9764108160136441,4.406121193304339,mr_webots_overtaking_large_ship.wbt,ekf_on_cluster_on,1,1,5.0
1782908741.934314,79.61445713043213,-200.0,198.84976838751388,0.2,6.2785029524067015,12.622673537092346,1.030868449923105,0.001955132462734556,6.2603122365753165,1782908741.906802,None,None,None, None, 1782908741.934314,0.9745933076145319,track,none,0.0,nan,nan,0.0,0.0,7.975591435992551,0.969784588485014,4.424645332584242,mr_webots_overtaking_large_ship.wbt,ekf_on_cluster_on,1,1,5.0
1782908742.0312402,79.71138334274292,-200.0,198.76235116281458,0.2,6.27895686505266,12.690641421244429,1.030575862849588,0.00095141863602577,6.26039825546279,1782908741.9972131,None,None,None, None, 1782908741.934314,0.9745933076145319,track,none,0.0,nan,nan,0.0,0.0,7.975591435992551,0.969784588485014,4.424645332584242,mr_webots_overtaking_large_ship.wbt,ekf_on_cluster_on,1,1,5.0
1782908742.1278136,79.80795669555664,-200.0,198.72544862911278,0.2,6.279208139448419,12.75994608298604,1.030302917305633,-9.844292034872062e-05,6.260389036061962,1782908742.0908654,None,None,None, None, 1782908742.0533164,0.9540520367487231,track,none,0.0,nan,nan,0.0,0.0,7.975591435992551,0.969784588485014,4.424645332584242,mr_webots_overtaking_large_ship.wbt,ekf_on_cluster_on,1,1,5.0
1782908742.2625246,79.94266772270203,-200.0,198.73896801859672,0.2,6.279261012827488,12.829441715346709,1.0300405898600218,-0.0011362107498503588,6.260249754955519,1782908742.2134492,None,None,None, None, 1782908742.269038,0.9908229149789398,track,none,0.0,nan,nan,0.0,0.0,8.139901998942099,0.9946587621654351,4.447875773308978,mr_webots_overtaking_large_ship.wbt,ekf_on_cluster_on,1,1,5.0
1782908742.303078,79.98322105407715,-200.0,198.83032186421008,0.2,6.279015030927305,12.898964883359348,1.0297756249285612,-0.003072147209402849,6.260011373904005,1782908742.2910435,None,None,None, None, 1782908742.269038,0.9908229149789398,track,none,0.0,nan,nan,0.0,0.0,8.139901998942099,0.9946587621654351,4.447875773308978,mr_webots_overtaking_large_ship.wbt,ekf_on_cluster_on,1,1,5.0
1782908742.385403,80.0655460357666,-200.0,198.94543969822016,0.2,6.2786869217891255,12.968501805691318,1.0294856350716106,-0.003072147209402849,6.259396944462124,1782908742.2910435,None,None,None, None, 1782908742.3833969,1.0012643376583525,track,none,0.0,nan,nan,0.0,0.0,8.268096703305979,0.9950244533473707,4.475507038984917,mr_webots_overtaking_large_ship.wbt,ekf_on_cluster_on,1,1,5.0
1782908742.4415498,80.12169289588928,-200.0,199.0260347040164,0.2,6.278500759246347,13.038053264434692,1.0291727636953447,-0.0025484435244317975,6.259138641307075,1782908742.3924007,None,None,None, None, 1782908742.5105214,0.9257913688492391,track,none,0.0,nan,nan,0.0,0.0,8.268096703305979,0.9950244533473707,4.475507038984917,mr_webots_overtaking_large_ship.wbt,ekf_on_cluster_on,1,1,5.0
1782908742.6049757,80.28511881828308,-200.0,199.28714507808547,0.2,6.277623456185233,13.107615539707158,1.02883911586855,-0.006882923276220159,6.257956459377368,1782908742.5641565,None,None,None, None, 1782908742.5893514,1.0304257009955304,track,none,0.0,nan,nan,0.0,0.0,8.407296479170556,0.9974785642514775,4.5050127655318875,mr_webots_overtaking_large_ship.wbt,ekf_on_cluster_on,1,1,5.0
1782908742.7061043,80.38624739646912,-200.0,200.0,0.2,6.273126885953928,12.705685847754145,1.0283487242243916,-0.004229489540089344,6.257519004144194,1782908742.6675863,12.69945707531598,1.0283476437545644,6.265742324527182, 1782908742.65806, 1782908742.719131,0.9091800793472604,track,none,0.0,nan,nan,0.0,0.0,8.407296479170556,0.9974785642514775,4.5050127655318875,mr_webots_overtaking_large_ship.wbt,ekf_on_cluster_on,1,1,5.0
1782908742.7833865,80.46352958679199,-200.0,200.0,0.2,6.271738149438643,12.749542472379622,1.0278919710922736,-0.010940529147437188,6.256517345309407,1782908742.7591412,None,None,None, None, 1782908742.719131,0.9091800793472604,track,none,0.0,nan,nan,0.0,0.0,8.075423983604015,0.998080001388965,4.5251899935221,mr_webots_overtaking_large_ship.wbt,ekf_on_cluster_on,1,1,5.0
1782908742.8578105,80.5379536151886,-200.0,200.0,0.2,6.270659097860179,12.811646122691924,1.0271417498668285,-0.004487349832007161,6.256147941434534,1782908742.8414624,None,None,None, None, 1782908742.816422,1.01930021504192,track,none,0.0,nan,nan,0.0,0.0,8.075423983604015,0.998080001388965,4.5251899935221,mr_webots_overtaking_large_ship.wbt,ekf_on_cluster_on,1,1,5.0
1782908742.924919,80.60506200790405,-200.0,200.0,0.2,6.2696005621813296,12.879965627102496,1.0262504669313728,-0.0053840568046658556,6.25572552642676,1782908742.919919,None,None,None, None, 1782908742.9063659,1.0326389851873683,track,none,0.0,nan,nan,0.0,0.0,8.075423983604015,0.998080001388965,4.5251899935221,mr_webots_overtaking_large_ship.wbt,ekf_on_cluster_on,1,1,5.0
1782908742.998815,80.67895817756653,-199.69820403939778,200.0,0.2,6.2687018980132505,12.949455682276383,1.0252720257610548,-0.004119582025660216,6.255400507695061,1782908742.998815,None,None,None, None, 1782908742.9928133,0.9777667732884971,track,none,0.0,nan,nan,0.0,0.0,8.20353132626206,1.0079256402629926,4.541709259454589,mr_webots_overtaking_large_ship.wbt,ekf_on_cluster_on,1,1,5.0
1782908743.0935638,80.77370691299438,-199.38522955756247,200.0,0.2,6.267900051290979,13.01907820049217,1.0242327492999408,-0.0036758098406409596,6.25506143224164,1782908743.0910602,None,None,None, None, 1782908743.069538,0.9534475151851874,track,none,0.0,nan,nan,0.0,0.0,8.272762019779778,1.0116463293322713,4.550788541299556,mr_webots_overtaking_large_ship.wbt,ekf_on_cluster_on,1,1,5.0
1782908743.1923642,80.8725073337555,-199.07463180293198,200.0,0.2,6.267133580649216,13.088683013005035,1.0231402005661607,-0.003624134756725304,6.254756013443116,1782908743.1753337,None,None,None, None, 1782908743.1713362,0.9291973583496453,track,none,0.0,nan,nan,0.0,0.0,8.366166607490923,1.015391119646217,4.561527372358961,mr_webots_overtaking_large_ship.wbt,ekf_on_cluster_on,1,1,5.0
1782908743.3031654,80.98330855369568,-198.77965708835418,200.0,0.2,6.26645293695753,13.1582502252732,1.0219953935911974,-0.0029201647963689845,6.254447935411006,1782908743.280834,None,None,None, None, 1782908743.254053,1.018389832991769,track,none,0.0,nan,nan,0.0,0.0,8.414063937800075,0.9877497095901032,4.571498512788663,mr_webots_overtaking_large_ship.wbt,ekf_on_cluster_on,1,1,5.0
1782908743.3920593,81.07220244407654,-198.5236874623023,200.0,0.2,6.265944381479598,13.227779023495929,1.0208052907816665,-0.00155856604377734,6.254325011588235,1782908743.3597038,None,None,None, None, 1782908743.426254,1.0389555501382572,track,none,0.0,nan,nan,0.0,0.0,8.508586113420368,0.9895933269074505,4.580210337681245,mr_webots_overtaking_large_ship.wbt,ekf_on_cluster_on,1,1,5.0
1782908743.506158,81.18630123138428,-198.27687103197488,200.0,0.2,6.265486380397833,13.29727385675349,1.0195842803391457,-0.0015408995275722757,6.254196261754189,1782908743.4432588,None,None,None, None, 1782908743.426254,1.0389555501382572,track,none,0.0,nan,nan,0.0,0.0,8.508586113420368,0.9895933269074505,4.580210337681245,mr_webots_overtaking_large_ship.wbt,ekf_on_cluster_on,1,1,5.0
1782908743.5947418,81.27488493919373,-198.074529741306,200.0,0.2,6.26521300119578,13.366736315932947,1.018333427518428,-7.070333106420652e-05,6.254188630848699,1782908743.5511873,None,None,None, None, 1782908743.549679,1.04007748161237,track,none,0.0,nan,nan,0.0,0.0,8.508586113420368,0.9895933269074505,4.580210337681245,mr_webots_overtaking_large_ship.wbt,ekf_on_cluster_on,1,1,5.0
1782908743.695242,81.37538504600525,-198.4464129569523,200.0,0.2,6.264116658496927,12.89835592970856,1.0246341618479733,0.0012142138926193157,6.254321339671633,1782908743.7396083,12.892688676146848,1.0247138864105367,6.262197092626125, 1782908743.662483, 1782908743.7285988,1.099088798287603,track,none,0.0,nan,nan,0.0,0.0,8.646185034749095,1.0195517471202178,4.612359658183649,mr_webots_overtaking_large_ship.wbt,ekf_on_cluster_on,1,1,5.0
1782908743.8442216,81.52436470985413,-198.39054377236113,200.0,0.2,6.26421723267958,12.939316337018436,1.0238468866231472,0.002893157450113994,6.254812343401637,1782908743.8301954,None,None,None, None, 1782908743.8161888,0.9237688204328103,track,none,0.0,nan,nan,0.0,0.0,8.153212930484996,1.031250716268201,4.637240483647271,mr_webots_overtaking_large_ship.wbt,ekf_on_cluster_on,1,1,5.0
1782908743.9880364,81.66817951202393,-198.34440378375226,200.0,0.2,6.2644997667477,12.999869575688344,1.0226981705128353,0.002523478867262165,6.25511300969874,1782908743.949343,None,None,None, None, 1782908743.9641545,0.9525054545829329,track,none,0.0,nan,nan,0.0,0.0,8.153212930484996,1.031250716268201,4.637240483647271,mr_webots_overtaking_large_ship.wbt,ekf_on_cluster_on,1,1,5.0
1782908744.0886445,81.76878762245178,-198.27668099658982,200.0,0.2,6.264746820756896,13.06763360434783,1.021431815629702,0.002523478867262165,6.255617705472193,1782908743.949343,None,None,None, None, 1782908744.0848074,0.9722681106758375,track,none,0.0,nan,nan,0.0,0.0,8.238424375621522,1.0264595081044465,4.669486059954291,mr_webots_overtaking_large_ship.wbt,ekf_on_cluster_on,1,1,5.0
1782908744.2084444,81.888587474823,-198.2762464735436,200.0,0.2,6.265255535887882,13.136843256574409,1.0201555497595116,0.005075724644679366,6.256437390110693,1782908744.2084444,None,None,None, None, 1782908744.2014365,1.0084557171867639,track,none,0.0,nan,nan,0.0,0.0,8.298106648728805,1.0237475302371972,4.686904807008239,mr_webots_overtaking_large_ship.wbt,ekf_on_cluster_on,1,1,5.0
1782908744.3446093,82.02475237846375,-198.50888254003252,200.0,0.2,6.266640821766726,13.206267053870016,1.018921664001141,0.011187615523104287,6.257938347750371,1782908744.3426068,None,None,None, None, 1782908744.3226,1.0618874128775415,track,none,0.0,nan,nan,0.0,0.0,8.423136006507281,1.0179244565445063,4.710076603463422,mr_webots_overtaking_large_ship.wbt,ekf_on_cluster_on,1,1,5.0
1782908744.4941301,82.17427325248718,-198.7732143069876,200.0,0.2,6.268103860102726,13.275747844764183,1.0178051884821997,0.009303371021285556,6.25907791257189,1782908744.4650962,None,None,None, None, 1782908744.4314735,1.0128337185684575,track,none,0.0,nan,nan,0.0,0.0,8.423136006507281,1.0179244565445063,4.710076603463422,mr_webots_overtaking_large_ship.wbt,ekf_on_cluster_on,1,1,5.0
1782908744.601915,82.28205800056458,-199.03040297656744,200.0,0.2,6.269499381790232,13.3452670088593,1.0167970751719295,0.007877277658756085,6.259841395331154,1782908744.5620184,None,None,None, None, 1782908744.5344841,0.9610009389650017,track,none,0.0,nan,nan,0.0,0.0,8.509831151211838,1.0017672412026186,4.7186324726038436,mr_webots_overtaking_large_ship.wbt,ekf_on_cluster_on,1,1,5.0
1782908744.7202957,82.40043878555298,-199.63329674292635,200.0,0.2,6.270141190534884,13.081659627803255,1.0210407709308806,0.008229326670827005,6.260797878288368,1782908744.678247,13.07450145929343,1.0211515218585416,6.268502415073276, 1782908744.663498, 1782908744.7298007,0.9070061648991595,track,none,0.0,nan,nan,0.0,0.0,8.565394107949293,0.993766807838934,4.722305069589202,mr_webots_overtaking_large_ship.wbt,ekf_on_cluster_on,1,1,5.0
1782908744.8151796,82.49532270431519,-200.0,200.0,0.2,6.2724244762258365,13.132127686758919,1.0204141330627081,0.01742785303600553,6.26226931571499,1782908744.7626772,None,None,None, None, 1782908744.8221798,0.977897997955979,track,none,0.0,nan,nan,0.0,0.0,8.565394107949293,0.993766807838934,4.722305069589202,mr_webots_overtaking_large_ship.wbt,ekf_on_cluster_on,1,1,5.0
1782908744.8947816,82.57492470741272,-200.0,200.0,0.2,6.274330579778029,13.19696427530893,1.0197838541828048,0.008683632514105291,6.262968419617052,1782908744.8431854,None,None,None, None, 1782908744.9313524,1.0503560901574085,track,none,0.0,nan,nan,0.0,0.0,8.351209634835385,1.0111218339433152,4.737912403812731,mr_webots_overtaking_large_ship.wbt,ekf_on_cluster_on,1,1,5.0
1782908745.0149634,82.69510650634766,-200.0,200.0,0.2,6.275909063711246,13.265861169450227,1.0192362087432656,0.006869413554030805,6.263801012775096,1782908744.9643884,None,None,None, None, 1782908745.0264757,1.077272053886119,track,none,0.0,nan,nan,0.0,0.0,8.351209634835385,1.0111218339433152,4.737912403812731,mr_webots_overtaking_large_ship.wbt,ekf_on_cluster_on,1,1,5.0
1782908745.1308177,82.81096076965332,-200.0,200.0,0.2,6.277216464866923,13.335440299028624,1.018782891980507,0.005651348640982279,6.2643254048268595,1782908745.057179,None,None,None, None, 1782908745.1378253,1.0233836962463716,track,none,0.0,nan,nan,0.0,0.0,8.46650479098951,0.9932449935619779,4.778917129090694,mr_webots_overtaking_large_ship.wbt,ekf_on_cluster_on,1,1,5.0
1782908745.2171142,82.89725732803345,-200.0,200.0,0.2,6.2783107544094925,13.405114267833039,1.0184112322350103,0.004775321533351366,6.264907283513904,1782908745.1790302,None,None,None, None, 1782908745.1378253,1.0233836962463716,track,none,0.0,nan,nan,0.0,0.0,8.46650479098951,0.9932449935619779,4.778917129090694,mr_webots_overtaking_large_ship.wbt,ekf_on_cluster_on,1,1,5.0
1782908745.3203943,83.0005373954773,-200.0,199.90669901711476,0.2,6.279503503474461,13.474801215282493,1.0181085879718523,0.006468593240382004,6.265597306232912,1782908745.285703,None,None,None, None, 1782908745.271695,1.0511483432718165,track,none,0.0,nan,nan,0.0,0.0,nan,nan,nan,mr_webots_overtaking_large_ship.wbt,ekf_on_cluster_on,1,1,5.0
1782908745.4939568,83.17409992218018,-200.0,199.63204866928012,0.2,6.28066244176125,13.544479780455612,1.0178903115866476,0.006028253734366336,6.266358797427413,1782908745.4120233,None,None,None, None, 1782908745.5004654,1.0824639323465715,track,none,0.0,nan,nan,0.0,0.0,nan,nan,nan,mr_webots_overtaking_large_ship.wbt,ekf_on_cluster_on,1,1,5.0
1782908745.5667794,83.24692249298096,-200.0,199.37322705087342,0.2,6.281723746521659,13.614126850830957,1.0177530379357904,0.005143810403216654,6.267015651443527,1782908745.5397213,None,None,None, None, 1782908745.5004654,1.0824639323465715,track,none,0.0,nan,nan,0.0,0.0,nan,nan,nan,mr_webots_overtaking_large_ship.wbt,ekf_on_cluster_on,1,1,5.0
1782908745.6818979,83.36204099655151,-200.0,199.48193294644733,0.2,6.280876669486784,13.270449578868265,1.0188150448376208,0.004872067198437941,6.2675596676463385,1782908745.6513815,13.263144752943886,1.0188349642091414,6.277073332669421, 1782908745.675896, 1782908745.6818979,1.0292430778198718,track,none,0.0,nan,nan,0.0,0.0,nan,nan,nan,mr_webots_overtaking_large_ship.wbt,ekf_on_cluster_on,1,1,5.0
1782908745.8176057,83.49774885177612,-200.0,199.26821269619683,0.2,6.281739650344608,13.316247358610877,1.018731743320643,0.0036342151636903847,6.268018224876013,1782908745.7775593,None,None,None, None, 1782908745.8311262,1.0003994943637566,track,none,0.0,nan,nan,0.0,0.0,nan,nan,nan,mr_webots_overtaking_large_ship.wbt,ekf_on_cluster_on,1,1,5.0
1782908745.8846707,83.56481385231018,-200.0,199.09504378104035,0.2,6.282435572767207,13.379131348078294,1.0186683833192518,0.0026037631685145424,6.268234565524047,1782908745.860647,None,None,None, None, 1782908745.931263,0.9207725655097404,track,none,0.0,nan,nan,0.0,0.0,nan,nan,nan,mr_webots_overtaking_large_ship.wbt,ekf_on_cluster_on,1,1,5.0
1782908745.9838886,83.6640317440033,-200.0,198.93677720558642,0.2,-0.00012792551634395049,13.44752848887467,1.0186428076805925,0.002541371398343187,6.268487515443518,1782908745.9601798,None,None,None, None, 1782908745.931263,0.9207725655097404,track,none,0.0,nan,nan,0.0,0.0,nan,nan,nan,mr_webots_overtaking_large_ship.wbt,ekf_on_cluster_on,1,1,5.0
1782908746.085105,83.76524806022644,-200.0,198.8036658825028,0.2,0.0003794313494254799,13.516917966751487,1.0186579733676098,0.0017725327383236276,6.268673483925797,1782908746.0650966,None,None,None, None, 1782908746.0388536,0.9827957342667217,track,none,0.0,nan,nan,0.0,0.0,nan,nan,nan,mr_webots_overtaking_large_ship.wbt,ekf_on_cluster_on,1,1,5.0
1782908746.1471884,83.82733154296875,-200.0,198.63466860954745,0.2,0.0010109922480117674,13.586434280117286,1.0187055601765564,0.003242697849993245,6.268933199476731,1782908746.145189,None,None,None, None, 1782908746.1416683,0.9383232490205161,track,none,0.0,nan,nan,0.0,0.0,nan,nan,nan,mr_webots_overtaking_large_ship.wbt,ekf_on_cluster_on,1,1,5.0
1782908746.1989503,83.8790934085846,-200.0,198.45023167644138,0.2,0.0016816201609630762,13.655949022104833,1.0188001324804503,0.003242697849993245,6.269581739046729,1782908746.145189,None,None,None, None, 1782908746.1416683,0.9383232490205161,track,none,0.0,nan,nan,0.0,0.0,nan,nan,nan,mr_webots_overtaking_large_ship.wbt,ekf_on_cluster_on,1,1,5.0
1782908746.2951045,83.97524762153625,-200.0,198.3435695418104,0.2,0.002033257342472554,13.725443032839893,1.0189434440368643,0.00017848167563475312,6.269598127830219,1782908746.2370124,None,None,None, None, 1782908746.254566,0.9548761005022838,track,none,0.0,nan,nan,0.0,0.0,nan,nan,nan,mr_webots_overtaking_large_ship.wbt,ekf_on_cluster_on,1,1,5.0
1782908746.4164062,84.09654927253723,-200.0,198.30366319012063,0.2,0.002121908295064779,13.794922417734677,1.0191039849773205,-0.0013431058863787508,6.269497247522853,1782908746.4399269,None,None,None, None, 1782908746.354836,1.0248650909975745,track,none,0.0,nan,nan,0.0,0.0,nan,nan,nan,mr_webots_overtaking_large_ship.wbt,ekf_on_cluster_on,1,1,5.0
1782908746.4952626,84.17540574073792,-200.0,198.2940222728573,0.2,0.002095349907145389,13.864395429109882,1.0192626780588228,-0.001474042577679283,6.269308857870636,1782908746.523662,None,None,None, None, 1782908746.442925,1.0530648517995456,track,none,0.0,nan,nan,0.0,0.0,nan,nan,nan,mr_webots_overtaking_large_ship.wbt,ekf_on_cluster_on,1,1,5.0
1782908746.5947754,84.27491855621338,-200.0,198.41443441464884,0.2,0.0015756866392309544,13.933866544917358,1.0194082445679156,-0.003617700175018141,6.269005928923147,1782908746.6038105,None,None,None, None, 1782908746.5411804,1.051748259093584,track,none,0.0,nan,nan,0.0,0.0,nan,nan,nan,mr_webots_overtaking_large_ship.wbt,ekf_on_cluster_on,1,1,5.0
1782908746.7004187,84.38056182861328,-200.0,199.26293603650404,0.2,-0.0010635674765300182,13.446362909207487,1.0178276493457459,-0.0027960422112322074,6.268542547515044,1782908746.6893897,13.440356353147184,1.0178094235193482,6.277626245591968, 1782908746.682388, 1782908746.7279541,1.0110255501419774,track,none,0.0,nan,nan,0.0,0.0,nan,nan,nan,mr_webots_overtaking_large_ship.wbt,ekf_on_cluster_on,1,1,5.0
1782908746.7985845,84.47872757911682,-200.0,199.3647872446744,0.2,6.281745080941638,13.485540644266951,1.0177816042164523,-0.0027960422112322074,6.2679833390727975,1782908746.8191006,None,None,None, None, 1782908746.8461235,1.0059271160684182,track,none,0.0,nan,nan,0.0,0.0,nan,nan,nan,mr_webots_overtaking_large_ship.wbt,ekf_on_cluster_on,1,1,5.0
1782908746.9252434,84.60538649559021,-200.0,199.46472652431956,0.2,6.281394864909572,13.545315367943402,1.0176867370618936,-0.002028705496983906,6.267720193831175,1782908746.943755,None,None,None, None, 1782908746.8461235,1.0059271160684182,track,none,0.0,nan,nan,0.0,0.0,nan,nan,nan,mr_webots_overtaking_large_ship.wbt,ekf_on_cluster_on,1,1,5.0
1782908747.0478785,84.7280216217041,-200.0,199.60496358085692,0.2,6.280901584608073,13.613017133309123,1.017556134142609,-0.0034168879957074765,6.267294264073604,1782908747.0539958,None,None,None, None, 1782908747.0478785,1.023727886535601,track,none,0.0,nan,nan,0.0,0.0,nan,nan,nan,mr_webots_overtaking_large_ship.wbt,ekf_on_cluster_on,1,1,5.0
1782908747.0972557,84.77739882469177,-200.0,200.0,0.2,6.278751361389572,13.682374132255392,1.017384132789033,-0.018014570740434565,6.265308320928509,1782908747.0539958,None,None,None, None, 1782908747.0478785,1.023727886535601,track,none,0.0,nan,nan,0.0,0.0,nan,nan,nan,mr_webots_overtaking_large_ship.wbt,ekf_on_cluster_on,1,1,5.0
1782908747.2057364,84.88587951660156,-200.0,200.0,0.2,6.27733288918214,13.752017928212268,1.0170172271183944,-0.006095139488652535,6.264841066582943,1782908747.218174,None,None,None, None, 1782908747.2201734,1.0947607446004082,track,none,0.0,nan,nan,0.0,0.0,nan,nan,nan,mr_webots_overtaking_large_ship.wbt,ekf_on_cluster_on,1,1,5.0
1782908747.2956488,84.97579193115234,-200.0,200.0,0.2,6.275673801288865,13.821700032523415,1.0165612221960387,-0.00937309946525437,6.264020751881766,1782908747.2986581,None,None,None, None, 1782908747.3141792,0.9590046546980548,track,none,0.0,nan,nan,0.0,0.0,nan,nan,nan,mr_webots_overtaking_large_ship.wbt,ekf_on_cluster_on,1,1,5.0
1782908747.3970525,85.07719564437866,-200.0,200.0,0.2,6.274049352674897,13.89138636875682,1.015985615382185,-0.00861591529514829,6.263327307246909,1782908747.4216044,None,None,None, None, 1782908747.3141792,0.9590046546980548,track,none,0.0,nan,nan,0.0,0.0,nan,nan,nan,mr_webots_overtaking_large_ship.wbt,ekf_on_cluster_on,1,1,5.0
1782908747.494789,85.17493200302124,-199.732851534098,200.0,0.2,6.272826467409922,13.961072332907781,1.0152968324875502,-0.005068627525460141,6.2627041384373605,1782908747.4216044,None,None,None, None, 1782908747.4406116,0.9182000022228066,track,none,0.0,nan,nan,0.0,0.0,nan,nan,nan,mr_webots_overtaking_large_ship.wbt,ekf_on_cluster_on,1,1,5.0
1782908747.5976856,85.27782869338989,-200.0,200.0,0.2,6.271306226138242,14.030727904563888,1.0145324297212852,-0.008711703996350004,6.261863544857911,1782908747.631229,None,None,None, None, 1782908747.636235,1.0698451564046079,track,none,0.0,nan,nan,0.0,0.0,nan,nan,nan,mr_webots_overtaking_large_ship.wbt,ekf_on_cluster_on,1,1,5.0
1782908747.7033508,85.38349390029907,-199.36851967898957,200.0,0.2,6.270896477879998,13.616106515976966,1.016578214790703,-0.002617401079311803,6.261567426798716,1782908747.75798,13.609866704835202,1.0166158492110258,6.271808851803013, 1782908747.685808, 1782908747.7425556,1.0820552285742768,track,none,0.0,nan,nan,0.0,0.0,nan,nan,nan,mr_webots_overtaking_large_ship.wbt,ekf_on_cluster_on,1,1,5.0
1782908747.8465915,85.5267345905304,-199.08135585782318,200.0,0.2,6.270002478497618,13.658865873436673,1.0160316852461762,-0.003934416697706495,6.261068734822109,1782908747.75798,None,None,None, None, 1782908747.883712,0.9088667998425399,track,none,0.0,nan,nan,0.0,0.0,nan,nan,nan,mr_webots_overtaking_large_ship.wbt,ekf_on_cluster_on,1,1,5.0
1782908747.9925463,85.67268943786621,-198.82272513133614,200.0,0.2,6.269339461201018,13.720360789818494,1.0151927287107583,-0.0020629373033978337,6.260676138204751,1782908747.9482896,None,None,None, None, 1782908747.9925463,0.9324028689485674,track,none,0.0,nan,nan,0.0,0.0,nan,nan,nan,mr_webots_overtaking_large_ship.wbt,ekf_on_cluster_on,1,1,5.0
1782908748.0498075,85.72995066642761,-198.3872743945416,200.0,0.2,6.268052654260152,13.788408101668841,1.0142248965289014,-0.008785747393540278,6.25981501093805,1782908748.0463037,None,None,None, None, 1782908747.9925463,0.9324028689485674,track,none,0.0,nan,nan,0.0,0.0,nan,nan,nan,mr_webots_overtaking_large_ship.wbt,ekf_on_cluster_on,1,1,5.0
1782908748.1500032,85.83014631271362,-198.05643830048805,200.0,0.2,6.267223487008975,13.85767630119334,1.0131335188447537,-0.0024330593524235803,6.259562704031789,1782908748.1500032,None,None,None, None, 1782908748.1768448,1.083187095473599,track,none,0.0,nan,nan,0.0,0.0,nan,nan,nan,mr_webots_overtaking_large_ship.wbt,ekf_on_cluster_on,1,1,5.0
1782908748.258853,85.93899607658386,-197.78157510272067,200.0,0.2,6.266633166574972,13.927084977758884,1.0119902028522887,-0.001247595269808759,6.259453740997728,1782908748.2373416,None,None,None, None, 1782908748.2603605,1.0380439028463413,track,none,0.0,nan,nan,0.0,0.0,nan,nan,nan,mr_webots_overtaking_large_ship.wbt,ekf_on_cluster_on,1,1,5.0
1782908748.31444,85.99458312988281,-197.56467768600555,200.0,0.2,6.266279885793002,13.99648205153031,1.010812840292985,7.034979327936199e-05,6.259459023743385,1782908748.3124342,None,None,None, None, 1782908748.3595068,1.006840698561906,track,none,0.0,nan,nan,0.0,0.0,nan,nan,nan,mr_webots_overtaking_large_ship.wbt,ekf_on_cluster_on,1,1,5.0
1782908748.401057,86.08120012283325,-199.5857272753669,200.0,0.2,6.266012974989276,14.065853364435563,1.0096180873518534,7.034979327936199e-05,6.259473093702041,1782908748.4070587,None,None,None, None, 1782908748.3595068,1.006840698561906,track,none,0.0,nan,nan,0.0,0.0,nan,nan,nan,mr_webots_overtaking_large_ship.wbt,ekf_on_cluster_on,1,1,5.0
1782908748.4946811,86.17482423782349,-199.47804461191774,200.0,0.2,6.265982822426694,14.135444998338796,1.0084102404065334,0.0011302710422107043,6.2595800450561425,1782908748.535727,None,None,None, None, 1782908748.437111,0.9961374998355009,track,none,0.0,nan,nan,0.0,0.0,nan,nan,nan,mr_webots_overtaking_large_ship.wbt,ekf_on_cluster_on,1,1,5.0
1782908748.6008766,86.28101968765259,-199.4273445276949,200.0,0.2,6.266355982170171,14.205054677372997,1.007212662830723,0.0025658966674289014,6.259910194639506,1782908748.6454139,None,None,None, None, 1782908748.548728,0.9533185706243436,track,none,0.0,nan,nan,0.0,0.0,nan,nan,nan,mr_webots_overtaking_large_ship.wbt,ekf_on_cluster_on,1,1,5.0
1782908748.6949577,86.37510085105896,-198.47114548897835,200.0,0.2,6.268270139645063,13.787137090051433,1.0144854477352707,0.004181226335465711,6.260368820191658,1782908748.6454139,13.780699481170346,1.0145969525157694,6.271126459897329, 1782908748.690948, 1782908748.6794436,1.0976914474137212,track,none,0.0,nan,nan,0.0,0.0,nan,nan,nan,mr_webots_overtaking_large_ship.wbt,ekf_on_cluster_on,1,1,5.0
1782908748.802542,86.48268508911133,-198.5755556809034,200.0,0.2,6.268920334074718,13.829306435597655,1.0138622264817911,0.00548585376563124,6.260890753366444,1782908748.7405555,None,None,None, None, 1782908748.7704763,0.9214202861157579,track,none,0.0,nan,nan,0.0,0.0,nan,nan,nan,mr_webots_overtaking_large_ship.wbt,ekf_on_cluster_on,1,1,5.0
1782908748.8951716,86.57531476020813,-198.59570217544658,200.0,0.2,6.269340915074901,13.890467257831396,1.0130042206804433,0.0018386519208902232,6.261095880584046,1782908748.8521194,None,None,None, None, 1782908748.8521194,1.0111115358493052,track,none,0.0,nan,nan,0.0,0.0,nan,nan,nan,mr_webots_overtaking_large_ship.wbt,ekf_on_cluster_on,1,1,5.0
1782908748.994881,86.67502403259277,-199.06809914964222,200.0,0.2,6.27153438606784,13.958410858694274,1.0120732970893016,0.019350093601774993,6.262748385213583,1782908749.0116148,None,None,None, None, 1782908748.9500325,1.0385943273629406,track,none,0.0,nan,nan,0.0,0.0,nan,nan,nan,mr_webots_overtaking_large_ship.wbt,ekf_on_cluster_on,1,1,5.0
1782908749.0988846,86.7790277004242,-200.0,200.0,0.2,6.2731384475460255,14.027742924401473,1.0113225120941323,0.007851053494096958,6.263911847974484,1782908749.0857117,None,None,None, None, 1782908749.1023955,0.9640323619152426,track,none,0.0,nan,nan,0.0,0.0,nan,nan,nan,mr_webots_overtaking_large_ship.wbt,ekf_on_cluster_on,1,1,5.0
1782908749.194599,86.87474203109741,-200.0,200.0,0.2,6.274683197871421,14.097381731416291,1.0106755172589388,0.007851053494096958,6.265482058673303,1782908749.2081213,None,None,None, None, 1782908749.2001138,1.0708147263478789,track,none,0.0,nan,nan,0.0,0.0,nan,nan,nan,mr_webots_overtaking_large_ship.wbt,ekf_on_cluster_on,1,1,5.0
1782908749.2991152,86.9792582988739,-200.0,199.9427315672524,0.2,6.275906861920899,14.167062768902175,1.010133322372404,0.00526444362328439,6.266126477017418,1782908749.2081213,None,None,None, None, 1782908749.3207102,1.0279687574698118,track,none,0.0,nan,nan,0.0,0.0,nan,nan,nan,mr_webots_overtaking_large_ship.wbt,ekf_on_cluster_on,1,1,5.0
1782908749.4115415,87.09168457984924,-200.0,199.59424392885037,0.2,6.2773484817070795,14.236743518761086,1.0096679521455485,0.008141110883283332,6.2673404472276415,1782908749.3572373,None,None,None, None, 1782908749.4125376,0.9793814036019391,track,none,0.0,nan,nan,0.0,0.0,nan,nan,nan,mr_webots_overtaking_large_ship.wbt,ekf_on_cluster_on,1,1,5.0
1782908749.4953363,87.17547941207886,-200.0,199.22222150650097,0.2,6.278660021011874,14.30638599436516,1.0093078436008227,0.006478836078897413,6.267880366710749,1782908749.4405732,None,None,None, None, 1782908749.4998488,0.9158073212681495,track,none,0.0,nan,nan,0.0,0.0,nan,nan,nan,mr_webots_overtaking_large_ship.wbt,ekf_on_cluster_on,1,1,5.0
1782908749.595761,87.27590417861938,-200.0,198.71370789237153,0.2,6.280401362449987,14.375982370355946,1.009038072065401,0.010399527994852869,6.268859901987216,1782908749.5347636,None,None,None, None, 1782908749.5827377,0.9275791015172888,track,none,0.0,nan,nan,0.0,0.0,nan,nan,nan,mr_webots_overtaking_large_ship.wbt,ekf_on_cluster_on,1,1,5.0
1782908749.6996565,87.3797996044159,-200.0,198.22559313952107,0.2,6.281507794128074,14.445516437314208,1.008901476550193,0.003502242245417561,6.269201701566594,1782908749.632358,None,None,None, None, 1782908749.6509686,1.0655698110380327,track,none,0.0,nan,nan,0.0,0.0,nan,nan,nan,mr_webots_overtaking_large_ship.wbt,ekf_on_cluster_on,1,1,5.0
1782908749.7949097,87.47505283355713,-200.0,200.0,0.2,6.281033676066433,13.984225934565053,1.0125958714510828,0.003383258158978201,6.269746557015471,1782908749.7934027,13.978633010469546,1.0126355529398585,6.278394915992873, 1782908749.699656, 1782908749.8072374,1.0156343681061348,track,none,0.0,nan,nan,0.0,0.0,nan,nan,nan,mr_webots_overtaking_large_ship.wbt,ekf_on_cluster_on,1,1,5.0
1782908749.9100113,87.59015440940857,-200.0,198.76284834586596,0.2,6.281753771811389,14.026032628309329,1.0125258530361947,0.002198232356351179,6.269964389511812,1782908749.892497,None,None,None, None, 1782908749.9150126,1.0420623939076197,track,none,0.0,nan,nan,0.0,0.0,nan,nan,nan,mr_webots_overtaking_large_ship.wbt,ekf_on_cluster_on,1,1,5.0
1782908749.9943337,87.67447686195374,-200.0,198.5076009595695,0.2,6.282366076211106,14.087044864039395,1.012462528197105,0.002198232356351179,6.270404035983082,1782908749.892497,None,None,None, None, 1782908749.9150126,1.0420623939076197,track,none,0.0,nan,nan,0.0,0.0,nan,nan,nan,mr_webots_overtaking_large_ship.wbt,ekf_on_cluster_on,1,1,5.0
1782908750.0971057,87.77724885940552,-200.0,198.2244446906513,0.2,6.282856680359136,14.154948010051799,1.0124313126340496,0.0014451710965174495,6.270581604110065,1782908750.015367,None,None,None, None, 1782908750.112619,1.006190092243581,track,none,0.0,nan,nan,0.0,0.0,nan,nan,nan,mr_webots_overtaking_large_ship.wbt,ekf_on_cluster_on,1,1,5.0
1782908750.1950526,87.87519574165344,-200.0,197.94670246341468,0.2,-0.0001251833019050087,14.224183518327491,1.0124308741125674,-0.0008082753981407407,6.270498955750652,1782908750.2025766,None,None,None, None, 1782908750.2025766,0.9195530772043533,track,none,0.0,nan,nan,0.0,0.0,nan,nan,nan,mr_webots_overtaking_large_ship.wbt,ekf_on_cluster_on,1,1,5.0
1782908750.3041055,87.98424863815308,-200.0,197.6356900556664,0.2,-1.7699163972701934e-05,14.293583797877277,1.0124376211266792,-0.0008082753981407407,6.270337300671024,1782908750.2025766,None,None,None, None, 1782908750.3050983,1.0017981936024345,track,none,0.0,nan,nan,0.0,0.0,nan,nan,nan,mr_webots_overtaking_large_ship.wbt,ekf_on_cluster_on,1,1,5.0
1782908750.4115999,88.09174299240112,-200.0,197.30690082786546,0.2,-0.00017236732301115275,14.362972339092154,1.0124490037430292,-0.0027977272213636495,6.270009697484817,1782908750.3196728,None,None,None, None, 1782908750.413602,1.0343115176614965,track,none,0.0,nan,nan,0.0,0.0,nan,nan,nan,mr_webots_overtaking_large_ship.wbt,ekf_on_cluster_on,1,1,5.0
1782908750.4946597,88.17480278015137,-200.0,196.99550386536453,0.2,6.282327204789925,14.432322971066275,1.0124370499601283,-0.005148528534553473,6.269374067236903,1782908750.4431314,None,None,None, None, 1782908750.4871538,1.01244389644265,track,none,0.0,nan,nan,0.0,0.0,nan,nan,nan,mr_webots_overtaking_large_ship.wbt,ekf_on_cluster_on,1,1,5.0
1782908750.613322,88.29346513748169,-200.0,196.59056969274906,0.2,6.281575821219302,14.501634031222764,1.0123775739591798,-0.007011507145522338,6.268785374015488,1782908750.5270925,None,None,None, None, 1782908750.5616374,0.978871038323617,track,none,0.0,nan,nan,0.0,0.0,nan,nan,nan,mr_webots_overtaking_large_ship.wbt,ekf_on_cluster_on,1,1,5.0
1782908750.695277,88.37542009353638,-200.0,196.09006205831366,0.2,6.280529624910972,14.570894944770124,1.0122546163820516,-0.007960809492372534,6.267938609502933,1782908750.7268186,None,None,None, None, 1782908750.6374676,1.097479924584615,track,none,0.0,nan,nan,0.0,0.0,nan,nan,nan,mr_webots_overtaking_large_ship.wbt,ekf_on_cluster_on,1,1,5.0
1782908750.8135886,88.49373173713684,-200.0,199.11505924948187,0.2,6.278456597681904,14.174307955304599,1.0117377445623326,-0.008542311132233497,6.267141103859913,1782908750.8321095,14.168308354366433,1.0117336791326557,6.276779445108371, 1782908750.701311, 1782908750.8371081,1.0101666130635603,track,none,0.0,nan,nan,0.0,0.0,nan,nan,nan,mr_webots_overtaking_large_ship.wbt,ekf_on_cluster_on,1,1,5.0
1782908750.8956976,88.57584071159363,-200.0,199.44729043744044,0.2,6.276106685610924,14.218392778313286,1.0115094787591659,-0.020418363293814405,6.2649912362216735,1782908750.9012103,None,None,None, None, 1782908750.8371081,1.0101666130635603,track,none,0.0,nan,nan,0.0,0.0,nan,nan,nan,mr_webots_overtaking_large_ship.wbt,ekf_on_cluster_on,1,1,5.0
1782908750.9948506,88.67499375343323,-200.0,199.74007830383457,0.2,6.2739080731990615,14.280539914880158,1.0110047317171187,-0.011546949538512125,6.263326143074269,1782908750.9763114,None,None,None, None, 1782908751.0006943,1.0867554161360418,track,none,0.0,nan,nan,0.0,0.0,nan,nan,nan,mr_webots_overtaking_large_ship.wbt,ekf_on_cluster_on,1,1,5.0
1782908751.098908,88.77905106544495,-200.0,200.0,0.2,6.271860570487425,14.348841850347748,1.0103018621294027,-0.01033197109541948,6.26255680695732,1782908751.0507731,None,None,None, None, 1782908751.0761607,1.0079207776366046,track,none,0.0,nan,nan,0.0,0.0,nan,nan,nan,mr_webots_overtaking_large_ship.wbt,ekf_on_cluster_on,1,1,5.0
1782908751.1947334,88.87487649917603,-200.0,200.0,0.2,6.269280006418035,14.418330368948315,1.0094482796576685,-0.015646497887831685,6.261231763267173,1782908751.1354594,None,None,None, None, 1782908751.1736987,0.9806735162864273,track,none,0.0,nan,nan,0.0,0.0,nan,nan,nan,mr_webots_overtaking_large_ship.wbt,ekf_on_cluster_on,1,1,5.0
1782908751.2991135,88.97925662994385,-200.0,200.0,0.2,6.266819426503415,14.487985542852234,1.0083998950474111,-0.012985980088058145,6.260161092011061,1782908751.2179077,None,None,None, None, 1782908751.2590117,1.0949542475830571,track,none,0.0,nan,nan,0.0,0.0,nan,nan,nan,mr_webots_overtaking_large_ship.wbt,ekf_on_cluster_on,1,1,5.0
1782908751.408766,89.08890914916992,-200.0,200.0,0.2,6.264728551837338,14.557660570894553,1.0071803202939513,-0.009746259960777503,6.259252396985263,1782908751.311143,None,None,None, None, 1782908751.368219,1.0881836705554468,track,none,0.0,nan,nan,0.0,0.0,nan,nan,nan,mr_webots_overtaking_large_ship.wbt,ekf_on_cluster_on,1,1,5.0
1782908751.5030212,89.18316435813904,0.0,0.0,0.2,6.262961357079825,14.627336119733393,1.0058244685345414,-0.00793505409763049,6.258346509915864,1782908751.4253056,None,None,None, None, 1782908751.4423203,1.011373707885641,arrived,none,0.0,nan,nan,0.0,0.0,nan,nan,nan,mr_webots_overtaking_large_ship.wbt,ekf_on_cluster_on,1,1,5.0
1782908751.610244,89.29038715362549,0.0,0.0,0.2,6.260930414452191,14.666798907227756,1.0049925288976915,-0.01138875828522996,6.256320082388011,1782908751.6032379,None,None,None, None, 1782908751.568206,0.9193017464997558,arrived,none,0.0,nan,nan,0.0,0.0,nan,nan,nan,mr_webots_overtaking_large_ship.wbt,ekf_on_cluster_on,1,1,5.0
1782908751.7433934,89.42353653907776,0.0,0.0,0.2,6.261684848148839,14.348704611036796,1.0100377897993058,-0.0052526022781801815,6.2558620333143455,1782908751.809774,14.342835920831389,1.010134546263536,6.265930274654425, 1782908751.702816, 1782908751.8163898,1.048065248086479,arrived,none,0.0,nan,nan,0.0,0.0,nan,nan,nan,mr_webots_overtaking_large_ship.wbt,ekf_on_cluster_on,1,1,5.0
1782908751.8429134,89.5230565071106,0.0,0.0,0.2,6.2603895029918295,14.335989398263507,1.010319993703293,-0.005976145825642122,6.255148888856582,1782908751.809774,None,None,None, None, 1782908751.8163898,1.048065248086479,arrived,none,0.0,nan,nan,0.0,0.0,nan,nan,nan,mr_webots_overtaking_large_ship.wbt,ekf_on_cluster_on,1,1,5.0
1782908751.9370606,89.61720371246338,0.0,0.0,0.2,6.259113930872305,14.324280758400395,1.0105940931317452,-0.006650016108973552,6.254388920356091,1782908751.9240546,None,None,None, None, 1782908751.8163898,1.048065248086479,arrived,none,0.0,nan,nan,0.0,0.0,nan,nan,nan,mr_webots_overtaking_large_ship.wbt,ekf_on_cluster_on,1,1,5.0
1782908751.9974198,89.67756295204163,0.0,0.0,0.2,6.257849878519391,14.31342573640641,1.0108618954700148,-0.006650016108973552,6.253058917134297,1782908751.9240546,None,None,None, None, 1782908751.951513,1.0243283779789598,arrived,none,0.0,nan,nan,0.0,0.0,nan,nan,nan,mr_webots_overtaking_large_ship.wbt,ekf_on_cluster_on,1,1,5.0
1782908752.0972438,89.77738690376282,0.0,0.0,0.2,6.256540601711742,14.303304490295368,1.0111243133849932,-0.0071110227886464535,6.252286570905826,1782908752.0326672,None,None,None, None, 1782908752.0570786,1.050753627988072,arrived,none,0.0,nan,nan,0.0,0.0,nan,nan,nan,mr_webots_overtaking_large_ship.wbt,ekf_on_cluster_on,1,1,5.0
1782908752.1946027,89.87474584579468,0.0,0.0,0.2,6.255145621154198,14.293821273721923,1.011382749301002,-0.007747535554858421,6.251070693123425,1782908752.1896045,None,None,None, None, 1782908752.1368134,0.9945589080431355,arrived,none,0.0,nan,nan,0.0,0.0,nan,nan,nan,mr_webots_overtaking_large_ship.wbt,ekf_on_cluster_on,1,1,5.0
1782908752.3125596,89.99270272254944,0.0,0.0,0.2,6.253754271697596,14.28489829877345,1.0116386729152236,-0.007439137883163447,6.250545436535962,1782908752.2602117,None,None,None, None, 1782908752.3185606,0.9885864896035721,arrived,none,0.0,nan,nan,0.0,0.0,nan,nan,nan,mr_webots_overtaking_large_ship.wbt,ekf_on_cluster_on,1,1,5.0
1782908752.3951557,90.07529878616333,0.0,0.0,0.2,6.252721312065711,14.2764714047689,1.0118921478578287,-0.004217903688039286,6.250153307526096,1782908752.3531795,None,None,None, None, 1782908752.3904243,1.0356690809497304,arrived,none,0.0,nan,nan,0.0,0.0,nan,nan,nan,mr_webots_overtaking_large_ship.wbt,ekf_on_cluster_on,1,1,5.0
1782908752.4982984,90.17844152450562,0.0,0.0,0.2,6.250888505799769,14.268486888406887,1.0121395514617646,-0.01226826918853638,6.249238799794927,1782908752.427722,None,None,None, None, 1782908752.459789,1.0017734956206525,arrived,none,0.0,nan,nan,0.0,0.0,nan,nan,nan,mr_webots_overtaking_large_ship.wbt,ekf_on_cluster_on,1,1,5.0
1782908752.5959983,90.27614140510559,0.0,0.0,0.2,6.249719847690194,14.260899945061258,1.012390515889206,-0.004428041913413594,6.248819894528416,1782908752.6035109,None,None,None, None, 1782908752.5408418,0.9179541507375037,arrived,none,0.0,nan,nan,0.0,0.0,nan,nan,nan,mr_webots_overtaking_large_ship.wbt,ekf_on_cluster_on,1,1,5.0
1782908752.7044706,90.38461375236511,0.0,0.0,0.2,6.2480958919465985,14.253671739571926,1.0126367675948895,-0.009815353142891706,6.247286140292524,1782908752.6785855,None,None,None, None, 1782908752.6310291,0.9546447777587387,arrived,none,0.0,nan,nan,0.0,0.0,nan,nan,nan,mr_webots_overtaking_large_ship.wbt,ekf_on_cluster_on,1,1,5.0
1782908752.796041,90.47618412971497,0.0,0.0,0.2,6.251057486980347,14.399323024987972,1.0094332204777852,-0.006572497466811629,6.24683640344394,1782908752.7470126,14.400968163478286,1.009396007428815,6.259188765865807, 1782908752.70547, 1782908752.7209873,0.9970861004543262,arrived,none,0.0,nan,nan,0.0,0.0,nan,nan,nan,mr_webots_overtaking_large_ship.wbt,ekf_on_cluster_on,1,1,5.0
1782908752.895391,90.5755341053009,0.0,0.0,0.2,6.249958425909711,14.40825105851261,1.0091407069015794,-0.00460487238970073,6.24649064145788,1782908752.8220987,None,None,None, None, 1782908752.8471134,0.9017307861128036,arrived,none,0.0,nan,nan,0.0,0.0,nan,nan,nan,mr_webots_overtaking_large_ship.wbt,ekf_on_cluster_on,1,1,5.0
1782908752.9953847,90.67552781105042,0.0,0.0,0.2,6.2490280260499835,14.416682526766019,1.008856069977469,-0.0041203901332453755,6.245835019374145,1782908752.9812152,None,None,None, None, 1782908752.925353,0.9841736311443383,arrived,none,0.0,nan,nan,0.0,0.0,nan,nan,nan,mr_webots_overtaking_large_ship.wbt,ekf_on_cluster_on,1,1,5.0
1782908753.0950344,90.77517747879028,0.0,0.0,0.2,6.248100277169699,14.424671125624357,1.0085795467767635,-0.004817116254627378,6.245445442373885,1782908753.0620887,None,None,None, None, 1782908753.0855317,1.0182169882605419,arrived,none,0.0,nan,nan,0.0,0.0,nan,nan,nan,mr_webots_overtaking_large_ship.wbt,ekf_on_cluster_on,1,1,5.0
1782908753.1950958,90.87523889541626,0.0,0.0,0.2,6.247383868338799,14.432262099063141,1.0083098277656983,-0.002975244976294019,6.2451482040295305,1782908753.1619925,None,None,None, None, 1782908753.173578,0.985973713330167,arrived,none,0.0,nan,nan,0.0,0.0,nan,nan,nan,mr_webots_overtaking_large_ship.wbt,ekf_on_cluster_on,1,1,5.0
1782908753.295521,90.97566413879395,0.0,0.0,0.2,6.246403057444054,14.439494092032941,1.0080482629880034,-0.006019615718766804,6.244606388899921,1782908753.2520008,None,None,None, None, 1782908753.274515,1.0456232684767353,arrived,none,0.0,nan,nan,0.0,0.0,nan,nan,nan,mr_webots_overtaking_large_ship.wbt,ekf_on_cluster_on,1,1,5.0
1782908753.3966782,91.07682132720947,0.0,0.0,0.2,6.245233345871135,14.446400099473763,1.0077911515826585,-0.007053070438180782,6.244115805547698,1782908753.3215568,None,None,None, None, 1782908753.3476229,1.034185607568618,arrived,none,0.0,nan,nan,0.0,0.0,nan,nan,nan,mr_webots_overtaking_large_ship.wbt,ekf_on_cluster_on,1,1,5.0
1782908753.495262,91.17540502548218,0.0,0.0,0.2,6.244377176928655,14.45300873905568,1.0075368102021258,-0.003607899102674928,6.243785037478895,1782908753.5099425,None,None,None, None, 1782908753.4179237,1.0090570887261314,arrived,none,0.0,nan,nan,0.0,0.0,nan,nan,nan,mr_webots_overtaking_large_ship.wbt,ekf_on_cluster_on,1,1,5.0
1782908753.5963464,91.27648949623108,0.0,0.0,0.2,6.243392024582207,14.459345165346955,1.0072881116811345,-0.005476561851316991,6.24286458477337,1782908753.581307,None,None,None, None, 1782908753.5983412,1.0462771369616672,arrived,none,0.0,nan,nan,0.0,0.0,nan,nan,nan,mr_webots_overtaking_large_ship.wbt,ekf_on_cluster_on,1,1,5.0
1782908753.6955981,91.37574124336243,0.0,0.0,0.2,6.24262241195538,14.465431241243142,1.007043079500102,-0.0033798236746310365,6.2426223921082284,1782908753.6529653,None,None,None, None, 1782908753.667973,0.966736669413016,arrived,none,0.0,nan,nan,0.0,0.0,nan,nan,nan,mr_webots_overtaking_large_ship.wbt,ekf_on_cluster_on,1,1,5.0
1782908753.79642,91.47656321525574,0.0,0.0,0.2,6.2463829584148804,14.427139045729016,1.0090417933398252,-0.0027566198087496485,6.242412402721376,1782908753.804936,14.42657024556994,1.0090706350215026,6.2547607356185795, 1782908753.71263, 1782908753.7567067,0.9364056785406827,arrived,none,0.0,nan,nan,0.0,0.0,nan,nan,nan,mr_webots_overtaking_large_ship.wbt,ekf_on_cluster_on,1,1,5.0
1782908753.894709,91.57485222816467,0.0,0.0,0.2,6.245805366290681,14.4278948897919,1.009013745164235,-0.002884960332224228,6.24194051891158,1782908753.8927085,None,None,None, None, 1782908753.829966,0.957819976123034,arrived,none,0.0,nan,nan,0.0,0.0,nan,nan,nan,mr_webots_overtaking_large_ship.wbt,ekf_on_cluster_on,1,1,5.0
1782908753.9953966,91.67553973197937,0.0,0.0,0.2,6.245136952824482,14.428647027777096,1.0089854131347349,-0.003964169489081066,6.241539894614588,1782908753.99377,None,None,None, None, 1782908753.9137504,0.97776988550095,arrived,none,0.0,nan,nan,0.0,0.0,nan,nan,nan,mr_webots_overtaking_large_ship.wbt,ekf_on_cluster_on,1,1,5.0
1782908754.094447,91.77459001541138,0.0,0.0,0.2,6.2445698098919395,14.429395478263599,1.008956693503355,-0.0026475187897414794,6.24130116872377,1782908754.0839396,None,None,None, None, 1782908754.0759394,0.9724240215074951,arrived,none,0.0,nan,nan,0.0,0.0,nan,nan,nan,mr_webots_overtaking_large_ship.wbt,ekf_on_cluster_on,1,1,5.0
1782908754.1981773,91.87832045555115,0.0,0.0,0.2,6.243936579477409,14.430140294076674,1.0089277165315045,-0.0035533157240079456,6.2410288082609275,1782908754.1605892,None,None,None, None, 1782908754.1565883,0.9642887475184664,arrived,none,0.0,nan,nan,0.0,0.0,nan,nan,nan,mr_webots_overtaking_large_ship.wbt,ekf_on_cluster_on,1,1,5.0
1782908754.3031325,91.98327565193176,0.0,0.0,0.2,6.24305858597728,14.430881496771761,1.0088983967319005,-0.005596085266362628,6.240611097578312,1782908754.2352326,None,None,None, None, 1782908754.2312324,1.0245724481973468,arrived,none,0.0,nan,nan,0.0,0.0,nan,nan,nan,mr_webots_overtaking_large_ship.wbt,ekf_on_cluster_on,1,1,5.0
1782908754.3968942,92.07703733444214,0.0,0.0,0.2,6.242446005675566,14.431619077479656,1.0088685033767848,-0.002486888785478671,6.240311550588929,1782908754.355683,None,None,None, None, 1782908754.3436508,0.9616962297254736,arrived,none,0.0,nan,nan,0.0,0.0,nan,nan,nan,mr_webots_overtaking_large_ship.wbt,ekf_on_cluster_on,1,1,5.0
1782908754.5043077,92.18445086479187,0.0,0.0,0.2,6.241878913785944,14.432353117509564,1.008838359549495,-0.002683097871271456,6.2400885094552185,1782908754.4388113,None,None,None, None, 1782908754.4258013,0.9629072697605621,arrived,none,0.0,nan,nan,0.0,0.0,nan,nan,nan,mr_webots_overtaking_large_ship.wbt,ekf_on_cluster_on,1,1,5.0
1782908754.5954287,92.27557182312012,0.0,0.0,0.2,6.241415699391939,14.433083655472808,1.0088079686644393,-0.002019162131200071,6.239872422774524,1782908754.5458293,None,None,None, None, 1782908754.704247,1.09967451703633,arrived,none,0.0,nan,nan,0.0,0.0,nan,nan,nan,mr_webots_overtaking_large_ship.wbt,ekf_on_cluster_on,1,1,5.0
1782908754.7462835,92.42642664909363,0.0,0.0,0.2,6.244600965470141,14.441739368140034,1.0088751273128904,-0.0016623252284899016,6.2395741232098825,1782908754.7252765,14.441873129322452,1.0088767757603574,6.251685372102695, 1782908754.722277, 1782908754.704247,1.09967451703633,arrived,none,0.0,nan,nan,0.0,0.0,nan,nan,nan,mr_webots_overtaking_large_ship.wbt,ekf_on_cluster_on,1,1,5.0
1782908754.881627,92.56177020072937,0.0,0.0,0.2,6.2442656383070645,14.443442404810824,1.00880909610132,-0.0016623252284899016,6.239241658164184,1782908754.883628,None,None,None, None, 1782908754.8109267,1.0189850700070202,arrived,none,0.0,nan,nan,0.0,0.0,nan,nan,nan,mr_webots_overtaking_large_ship.wbt,ekf_on_cluster_on,1,1,5.0
1782908754.9512248,92.63136792182922,0.0,0.0,0.2,6.243931479017899,14.445127201396964,1.0087432257499866,-0.0017658849216692534,6.2389620277768865,1782908754.9802606,None,None,None, None, 1782908754.9316843,1.0855468430805932,arrived,none,0.0,nan,nan,0.0,0.0,nan,nan,nan,mr_webots_overtaking_large_ship.wbt,ekf_on_cluster_on,1,1,5.0
1782908755.1127472,92.79289031028748,0.0,0.0,0.2,6.243654645181114,14.446794144089818,1.008677498813805,-0.0012352866200103798,6.238842658672001,1782908755.1377807,None,None,None, None, 1782908755.0687015,1.016129013125792,arrived,none,0.0,nan,nan,0.0,0.0,nan,nan,nan,mr_webots_overtaking_large_ship.wbt,ekf_on_cluster_on,1,1,5.0
1782908755.1708105,92.85095357894897,0.0,0.0,0.2,6.243362549535001,14.448443622380928,1.00861204036996,-0.0015692835606297714,6.238595465038011,1782908755.1377807,None,None,None, None, 1782908755.1652942,0.9805908575048987,arrived,none,0.0,nan,nan,0.0,0.0,nan,nan,nan,mr_webots_overtaking_large_ship.wbt,ekf_on_cluster_on,1,1,5.0
1782908755.2779608,92.95810389518738,0.0,0.0,0.2,6.24310320342208,14.450075993489444,1.0085467807630932,-0.0012592680017114836,6.238465583990569,1782908755.2409208,None,None,None, None, 1782908755.3099885,0.9132506511176093,arrived,none,0.0,nan,nan,0.0,0.0,nan,nan,nan,mr_webots_overtaking_large_ship.wbt,ekf_on_cluster_on,1,1,5.0
1782908755.3720841,93.05222725868225,0.0,0.0,0.2,6.2428826707665905,14.451691617355177,1.0084817900162948,-0.001006167767294699,6.238364368066851,1782908755.3415163,None,None,None, None, 1782908755.4176304,0.9177471286582659,arrived,none,0.0,nan,nan,0.0,0.0,nan,nan,nan,mr_webots_overtaking_large_ship.wbt,ekf_on_cluster_on,1,1,5.0
1782908755.464959,93.14510202407837,0.0,0.0,0.2,6.242621135664572,14.453290843876147,1.0084171320739044,-0.0014979192249681191,6.238189208860223,1782908755.4584513,None,None,None, None, 1782908755.4176304,0.9177471286582659,arrived,none,0.0,nan,nan,0.0,0.0,nan,nan,nan,mr_webots_overtaking_large_ship.wbt,ekf_on_cluster_on,1,1,5.0
1782908755.6176565,93.29779958724976,0.0,0.0,0.2,6.242354582832745,14.45487399164236,1.0083526918439754,-0.001455754905650112,6.23800260981002,1782908755.5866315,None,None,None, None, 1782908755.6206565,1.0355164466538427,arrived,none,0.0,nan,nan,0.0,0.0,nan,nan,nan,mr_webots_overtaking_large_ship.wbt,ekf_on_cluster_on,1,1,5.0
1782908755.672438,93.35258102416992,0.0,0.0,0.2,6.24201370400149,14.45644138015556,1.0082884679652624,-0.002078581064366899,6.237834066646999,1782908755.6677172,None,None,None, None, 1782908755.6206565,1.0355164466538427,arrived,none,0.0,nan,nan,0.0,0.0,nan,nan,nan,mr_webots_overtaking_large_ship.wbt,ekf_on_cluster_on,1,1,5.0
1782908755.820069,93.5002121925354,0.0,0.0,0.2,6.244386511126154,14.450904629153335,1.008755686289167,-0.0022504265478263306,6.23758355395035,1782908755.779035,14.450808759427074,1.0087628728757387,6.24976130396197, 1782908755.731172, 1782908755.8265877,1.0262094403592745,arrived,none,0.0,nan,nan,0.0,0.0,nan,nan,nan,mr_webots_overtaking_large_ship.wbt,ekf_on_cluster_on,1,1,5.0
1782908755.8726504,93.55279350280762,0.0,0.0,0.2,6.244072875008007,14.451630702580257,1.0087273877617287,-0.0015751057985459193,6.237465256456248,1782908755.8541396,None,None,None, None, 1782908755.8265877,1.0262094403592745,arrived,none,0.0,nan,nan,0.0,0.0,nan,nan,nan,mr_webots_overtaking_large_ship.wbt,ekf_on_cluster_on,1,1,5.0
1782908755.9145036,93.594646692276,0.0,0.0,0.2,6.243768183984151,14.452353310968274,1.0086990039313075,-0.0015751057985459193,6.2371502352965384,1782908755.8541396,None,None,None, None, 1782908755.905493,1.0018093449716348,arrived,none,0.0,nan,nan,0.0,0.0,nan,nan,nan,mr_webots_overtaking_large_ship.wbt,ekf_on_cluster_on,1,1,5.0
1782908756.1026845,93.78282761573792,0.0,0.0,0.2,6.243425728675806,14.453072488364256,1.0086705389198143,-0.0019673944650753636,6.23695170890613,1782908755.9550478,None,None,None, None, 1782908756.0120888,0.9480973127655296,arrived,none,0.0,nan,nan,0.0,0.0,nan,nan,nan,mr_webots_overtaking_large_ship.wbt,ekf_on_cluster_on,1,1,5.0
1782908756.1412024,93.82134556770325,0.0,0.0,0.2,6.24305390840092,14.453788257709581,1.008641953766581,-0.00211036318472432,6.236598980776023,1782908756.1221888,None,None,None, None, 1782908756.1281972,1.0858478863198902,arrived,none,0.0,nan,nan,0.0,0.0,nan,nan,nan,mr_webots_overtaking_large_ship.wbt,ekf_on_cluster_on,1,1,5.0
1782908756.2165651,93.89670825004578,0.0,0.0,0.2,6.242669693227227,14.454500643929773,1.008613229229345,-0.00211036318472432,6.236176908139078,1782908756.2405732,None,None,None, None, 1782908756.2265658,0.99863418755979,arrived,none,0.0,nan,nan,0.0,0.0,nan,nan,nan,mr_webots_overtaking_large_ship.wbt,ekf_on_cluster_on,1,1,5.0
1782908756.3176942,93.99783730506897,0.0,0.0,0.2,6.242295665188984,14.455209675426914,1.0085843622180184,-0.001962282233997471,6.2359446046101805,1782908756.2405732,None,None,None, None, 1782908756.3377025,0.9664362859483827,arrived,none,0.0,nan,nan,0.0,0.0,nan,nan,nan,mr_webots_overtaking_large_ship.wbt,ekf_on_cluster_on,1,1,5.0
1782908756.3952653,94.07540845870972,0.0,0.0,0.2,6.241945644199459,14.455915385210393,1.0085553677028083,-0.0017666168812213883,6.235722643223814,1782908756.3662152,None,None,None, None, 1782908756.4258409,0.9979415046662621,arrived,none,0.0,nan,nan,0.0,0.0,nan,nan,nan,mr_webots_overtaking_large_ship.wbt,ekf_on_cluster_on,1,1,5.0
1782908756.5284371,94.20858025550842,0.0,0.0,0.2,6.2416288903705714,14.456617808795672,1.0085262683767595,-0.0015429791150499814,6.235550316646938,1782908756.4778996,None,None,None, None, 1782908756.4258409,0.9979415046662621,arrived,none,0.0,nan,nan,0.0,0.0,nan,nan,nan,mr_webots_overtaking_large_ship.wbt,ekf_on_cluster_on,1,1,5.0
1782908756.597699,94.27784204483032,0.0,0.0,0.2,6.241470024073412,14.457316983201117,1.0084970915752656,-0.0002572057972579242,6.235527402767684,1782908756.5669873,None,None,None, None, 1782908756.5679877,1.0397907318497546,arrived,none,0.0,nan,nan,0.0,0.0,nan,nan,nan,mr_webots_overtaking_large_ship.wbt,ekf_on_cluster_on,1,1,5.0
1782908756.6983185,94.37846159934998,0.0,0.0,0.2,6.241543230972805,14.458012975737727,1.0084680411967901,-0.0002572057972579242,6.235475961608233,1782908756.7048318,None,None,None, None, 1782908756.7068331,0.9738144556801128,arrived,none,0.0,nan,nan,0.0,0.0,nan,nan,nan,mr_webots_overtaking_large_ship.wbt,ekf_on_cluster_on,1,1,5.0
1782908756.813287,94.49343013763428,0.0,0.0,0.2,6.243718339953328,14.459869139518016,1.0086461099378197,-0.00018005050252076254,6.23545114262548,1782908756.8378127,14.459881399229417,1.0086482908484715,6.247697072979958, 1782908756.735345, 1782908756.8208048,0.982830148283425,arrived,none,0.0,nan,nan,0.0,0.0,nan,nan,nan,mr_webots_overtaking_large_ship.wbt,ekf_on_cluster_on,1,1,5.0
1782908756.9174428,94.59758591651917,0.0,0.0,0.2,6.243664902287039,14.460681831611009,1.0086140187817179,-0.000866237425250005,6.235335949659309,1782908756.8378127,None,None,None, None, 1782908756.9489694,0.9965868613928474,arrived,none,0.0,nan,nan,0.0,0.0,nan,nan,nan,mr_webots_overtaking_large_ship.wbt,ekf_on_cluster_on,1,1,5.0
1782908756.9970055,94.67714858055115,0.0,0.0,0.2,6.243476388453748,14.461490262537628,1.0085820526201885,-0.0023709038072546296,6.235008325128646,1782908756.9759982,None,None,None, None, 1782908756.9489694,0.9965868613928474,arrived,none,0.0,nan,nan,0.0,0.0,nan,nan,nan,mr_webots_overtaking_large_ship.wbt,ekf_on_cluster_on,1,1,5.0
1782908757.0951526,94.77529573440552,0.0,0.0,0.2,6.243213951134816,14.462294440337896,1.0085500040389643,-0.0013881083522334719,6.23486378864565,1782908757.080123,None,None,None, None, 1782908757.04309,1.0186333398460052,arrived,none,0.0,nan,nan,0.0,0.0,nan,nan,nan,mr_webots_overtaking_large_ship.wbt,ekf_on_cluster_on,1,1,5.0
1782908757.206948,94.88709115982056,0.0,0.0,0.2,6.242879502401306,14.463094395276771,1.0085179143043166,-0.0020499157506527086,6.234607907910511,1782908757.204948,None,None,None, None, 1782908757.2009487,1.0637046123072693,arrived,none,0.0,nan,nan,0.0,0.0,nan,nan,nan,mr_webots_overtaking_large_ship.wbt,ekf_on_cluster_on,1,1,5.0
1782908757.3002627,94.98040580749512,0.0,0.0,0.2,6.242520245105925,14.4638901527353,1.0084857054473475,-0.0020499157506527086,6.23419792476038,1782908757.204948,None,None,None, None, 1782908757.3217928,0.9231120984717093,arrived,none,0.0,nan,nan,0.0,0.0,nan,nan,nan,mr_webots_overtaking_large_ship.wbt,ekf_on_cluster_on,1,1,5.0
1782908757.4062285,95.08637166023254,0.0,0.0,0.2,6.2419716716249285,14.464681750097018,1.0084533690186461,-0.00362149620969713,6.2337095710859165,1782908757.3397965,None,None,None, None, 1782908757.4112287,1.0027894678907343,arrived,none,0.0,nan,nan,0.0,0.0,nan,nan,nan,mr_webots_overtaking_large_ship.wbt,ekf_on_cluster_on,1,1,5.0
1782908757.5195277,95.19967079162598,0.0,0.0,0.2,6.241097475288775,14.465469182738445,1.0084207139194878,-0.005947183257473199,6.233204393493125,1782908757.5270326,None,None,None, None, 1782908757.4112287,1.0027894678907343,arrived,none,0.0,nan,nan,0.0,0.0,nan,nan,nan,mr_webots_overtaking_large_ship.wbt,ekf_on_cluster_on,1,1,5.0
1782908757.6021888,95.28233194351196,0.0,0.0,0.2,6.24053589735247,14.466252412905693,1.0083874435313394,-0.0021614696785965653,6.232983292305232,1782908757.606202,None,None,None, None, 1782908757.5320396,1.0374132744024036,arrived,none,0.0,nan,nan,0.0,0.0,nan,nan,nan,mr_webots_overtaking_large_ship.wbt,ekf_on_cluster_on,1,1,5.0
1782908757.7048874,95.38503050804138,0.0,0.0,0.2,6.240014605476845,14.467031563446982,1.008353972835863,-0.0024423529332178555,6.232589318204272,1782908757.6883419,None,None,None, None, 1782908757.7048874,1.0632485444347763,arrived,none,0.0,nan,nan,0.0,0.0,nan,nan,nan,mr_webots_overtaking_large_ship.wbt,ekf_on_cluster_on,1,1,5.0
1782908757.8413367,95.521479845047,0.0,0.0,0.2,6.241613117743661,14.469270474740409,1.0085260053467169,-0.0018787788645836766,6.2323648719151805,1782908757.8078058,14.46928932925744,1.0085286550066075,6.245464955549394, 1782908757.736356, 1782908757.8373382,1.0338467342087243,arrived,none,0.0,nan,nan,0.0,0.0,nan,nan,nan,mr_webots_overtaking_large_ship.wbt,ekf_on_cluster_on,1,1,5.0
1782908757.970014,95.65015721321106,0.0,0.0,0.2,6.241194937827545,14.470207898098423,1.008486825530863,-0.0022146553129820377,6.232064439315813,1782908757.9434624,None,None,None, None, 1782908757.9599802,1.0210328234408728,arrived,none,0.0,nan,nan,0.0,0.0,nan,nan,nan,mr_webots_overtaking_large_ship.wbt,ekf_on_cluster_on,1,1,5.0
1782908758.1006632,95.78080630302429,0.0,0.0,0.2,6.240777647264535,14.471139571443437,1.008447498647503,-0.0022146553129820377,6.231621508253217,1782908758.112671,None,None,None, None, 1782908758.113671,1.067734495887711,arrived,none,0.0,nan,nan,0.0,0.0,nan,nan,nan,mr_webots_overtaking_large_ship.wbt,ekf_on_cluster_on,1,1,5.0
1782908758.212644,95.89278721809387,0.0,0.0,0.2,6.240574259189124,14.47206556358371,1.0084080260001789,-0.00020444864919442985,6.231586913798519,1782908758.2286756,None,None,None, None, 1782908758.212644,1.0043842137384311,arrived,none,0.0,nan,nan,0.0,0.0,nan,nan,nan,mr_webots_overtaking_large_ship.wbt,ekf_on_cluster_on,1,1,5.0
1782908758.26572,95.94586300849915,0.0,0.0,0.2,6.2401502270188285,14.47298600248932,1.008368678413154,-0.0029497633276730994,6.231244727372607,1782908758.2286756,None,None,None, None, 1782908758.212644,1.0043842137384311,arrived,none,0.0,nan,nan,0.0,0.0,nan,nan,nan,mr_webots_overtaking_large_ship.wbt,ekf_on_cluster_on,1,1,5.0
1782908758.321326,96.00146913528442,0.0,0.0,0.2,6.239836214684966,14.473900889082755,1.0083291177989855,-0.0013946697985045163,6.230965793412906,1782908758.321326,None,None,None, None, 1782908758.2967908,1.0979269335497175,arrived,none,0.0,nan,nan,0.0,0.0,nan,nan,nan,mr_webots_overtaking_large_ship.wbt,ekf_on_cluster_on,1,1,5.0
1782908758.3994098,96.07955288887024,0.0,0.0,0.2,6.239546378382282,14.474810321438124,1.008289531618395,-0.0013946697985045163,6.230686859453206,1782908758.4036365,None,None,None, None, 1782908758.3994098,1.0556662388316527,arrived,none,0.0,nan,nan,0.0,0.0,nan,nan,nan,mr_webots_overtaking_large_ship.wbt,ekf_on_cluster_on,1,1,5.0
1782908758.4949524,96.1750955581665,0.0,0.0,0.2,6.239131740517993,14.475714369162413,1.0082499303817203,-0.0026125641639734914,6.230247642259659,1782908758.4894433,None,None,None, None, 1782908758.490444,0.9931579255939627,arrived,none,0.0,nan,nan,0.0,0.0,nan,nan,nan,mr_webots_overtaking_large_ship.wbt,ekf_on_cluster_on,1,1,5.0
1782908758.6757576,96.35590076446533,0.0,0.0,0.2,6.238855251544013,14.476613059571585,1.0082101529719525,-0.0010692163862163048,6.230106791750728,1782908758.6211758,None,None,None, None, 1782908758.6216826,0.9449766207458984,arrived,none,0.0,nan,nan,0.0,0.0,nan,nan,nan,mr_webots_overtaking_large_ship.wbt,ekf_on_cluster_on,1,1,5.0
1782908758.7778137,96.45795679092407,0.0,0.0,0.2,6.240307811115868,14.476136942403631,1.0084370688191346,-0.001611290122146104,6.2299191496019946,1782908758.7376304,14.476113837161748,1.0084415677527119,6.24378772819293, 1782908758.771807, 1782908758.7406244,0.927748750734629,arrived,none,0.0,nan,nan,0.0,0.0,nan,nan,nan,mr_webots_overtaking_large_ship.wbt,ekf_on_cluster_on,1,1,5.0
1782908758.8634305,96.54357361793518,0.0,0.0,0.2,6.240003057348112,14.47685418305253,1.008406203082422,-0.0017880734960806042,6.229712095552446,1782908758.8534276,None,None,None, None, 1782908758.8624282,0.9435110733680865,arrived,none,0.0,nan,nan,0.0,0.0,nan,nan,nan,mr_webots_overtaking_large_ship.wbt,ekf_on_cluster_on,1,1,5.0
1782908758.9009736,96.58111667633057,0.0,0.0,0.2,6.239682146220162,14.477567950209997,1.0083752605282652,-0.0017880734960806042,6.22935448085323,1782908758.8534276,None,None,None, None, 1782908758.8624282,0.9435110733680865,arrived,none,0.0,nan,nan,0.0,0.0,nan,nan,nan,mr_webots_overtaking_large_ship.wbt,ekf_on_cluster_on,1,1,5.0
1782908758.9946065,96.67474961280823,0.0,0.0,0.2,6.239221899592765,14.47827827218726,1.0083442344899387,-0.0030223342992065803,6.229016995465022,1782908758.9650915,None,None,None, None, 1782908758.9671006,1.0038832605901755,arrived,none,0.0,nan,nan,0.0,0.0,nan,nan,nan,mr_webots_overtaking_large_ship.wbt,ekf_on_cluster_on,1,1,5.0
1782908759.0982451,96.77838826179504,0.0,0.0,0.2,6.238967351934823,14.478985141284339,1.0083129955341514,-0.0006623640556738078,6.228941061103828,1782908759.079733,None,None,None, None, 1782908759.0972452,0.9315218942558033,arrived,none,0.0,nan,nan,0.0,0.0,nan,nan,nan,mr_webots_overtaking_large_ship.wbt,ekf_on_cluster_on,1,1,5.0
1782908759.2201674,96.90031051635742,0.0,0.0,0.2,6.238595813786694,14.479688649754035,1.0082817730139235,-0.002269197750414141,6.228733779990367,1782908759.1710784,None,None,None, None, 1782908759.1871762,0.9863477361382151,arrived,none,0.0,nan,nan,0.0,0.0,nan,nan,nan,mr_webots_overtaking_large_ship.wbt,ekf_on_cluster_on,1,1,5.0
1782908759.2974756,96.97761869430542,0.0,0.0,0.2,6.238296432851973,14.48038879369539,1.0082504186168475,-0.0013899521829292833,6.228606841219663,1782908759.2624044,None,None,None, None, 1782908759.2654042,0.9273378314911089,arrived,none,0.0,nan,nan,0.0,0.0,nan,nan,nan,mr_webots_overtaking_large_ship.wbt,ekf_on_cluster_on,1,1,5.0
1782908759.3952034,97.07534646987915,0.0,0.0,0.2,6.238075993135118,14.481085625296727,1.0082190174855408,-0.0008462566978491266,6.228503013411944,1782908759.3850951,None,None,None, None, 1782908759.3861005,0.9093738898277194,arrived,none,0.0,nan,nan,0.0,0.0,nan,nan,nan,mr_webots_overtaking_large_ship.wbt,ekf_on_cluster_on,1,1,5.0
1782908759.5056138,97.18575692176819,0.0,0.0,0.2,6.237833769031574,14.481779196835395,1.0081876327765364,-0.0012909590030206206,6.228391520373219,1782908759.4714596,None,None,None, None, 1782908759.5521657,0.9533329160593869,arrived,none,0.0,nan,nan,0.0,0.0,nan,nan,nan,mr_webots_overtaking_large_ship.wbt,ekf_on_cluster_on,1,1,5.0
1782908759.6447814,97.32492446899414,0.0,0.0,0.2,6.237508742087963,14.482469531181957,1.0081562265819364,-0.0020163822206143967,6.228084392910484,1782908759.6237757,None,None,None, None, 1782908759.5521657,0.9533329160593869,arrived,none,0.0,nan,nan,0.0,0.0,nan,nan,nan,mr_webots_overtaking_large_ship.wbt,ekf_on_cluster_on,1,1,5.0
1782908759.7133234,97.39346647262573,0.0,0.0,0.2,6.237157924779812,14.483156634483587,1.0081247231354329,-0.0020163822206143967,6.227681116466361,1782908759.726838,None,None,None, None, 1782908759.6772873,1.072694286159514,arrived,none,0.0,nan,nan,0.0,0.0,nan,nan,nan,mr_webots_overtaking_large_ship.wbt,ekf_on_cluster_on,1,1,5.0
1782908759.8084977,97.48864078521729,0.0,0.0,0.2,6.238816559685399,14.481937416630853,1.0083654594240616,-0.0005705132147540468,6.227622318010191,1782908759.8165028,14.481916893455189,1.0083683963818768,6.242314675521139, 1782908759.790977, 1782908759.7699454,1.0066971915897354,arrived,none,0.0,nan,nan,0.0,0.0,nan,nan,nan,mr_webots_overtaking_large_ship.wbt,ekf_on_cluster_on,1,1,5.0
1782908759.8953013,97.57544445991516,0.0,0.0,0.2,6.238843484753038,14.482414690182596,1.008344269487798,-0.0006781042926939642,6.227561515993814,1782908759.8165028,None,None,None, None, 1782908759.8607254,1.07722817012974,arrived,none,0.0,nan,nan,0.0,0.0,nan,nan,nan,mr_webots_overtaking_large_ship.wbt,ekf_on_cluster_on,1,1,5.0
1782908759.9976594,97.67780256271362,0.0,0.0,0.2,6.238836369949248,14.482890360854316,1.0083231635487127,-0.0008644562991730375,6.22745296554717,1782908760.068245,None,None,None, None, 1782908759.977107,1.028281635378096,arrived,none,0.0,nan,nan,0.0,0.0,nan,nan,nan,mr_webots_overtaking_large_ship.wbt,ekf_on_cluster_on,1,1,5.0
1782908760.160354,97.84049701690674,0.0,0.0,0.2,6.2388656134389,14.483364430061831,1.0083021252884954,-0.0004981850393550802,6.227390108867966,1782908760.16486,None,None,None, None, 1782908760.114288,1.0576369917475328,arrived,none,0.0,nan,nan,0.0,0.0,nan,nan,nan,mr_webots_overtaking_large_ship.wbt,ekf_on_cluster_on,1,1,5.0
1782908760.227162,97.90730500221252,0.0,0.0,0.2,6.238634910846622,14.483836918544428,1.0082811710221509,-0.002721442425902573,6.22712717650098,1782908760.16486,None,None,None, None, 1782908760.1853445,1.071564637111331,arrived,none,0.0,nan,nan,0.0,0.0,nan,nan,nan,mr_webots_overtaking_large_ship.wbt,ekf_on_cluster_on,1,1,5.0
1782908760.3527465,98.03288960456848,0.0,0.0,0.2,6.238378288289824,14.484307762685978,1.008260113393147,-0.0011662596991296092,6.22701363319306,1782908760.35926,None,None,None, None, 1782908760.3062835,1.0661812426365531,arrived,none,0.0,nan,nan,0.0,0.0,nan,nan,nan,mr_webots_overtaking_large_ship.wbt,ekf_on_cluster_on,1,1,5.0
1782908760.4053342,98.08547735214233,0.0,0.0,0.2,6.237997093723385,14.484776969712634,1.0082390175100349,-0.0024306383136918977,6.226777756088734,1782908760.35926,None,None,None, None, 1782908760.401824,1.0512024144378254,arrived,none,0.0,nan,nan,0.0,0.0,nan,nan,nan,mr_webots_overtaking_large_ship.wbt,ekf_on_cluster_on,1,1,5.0
1782908760.5190814,98.1992244720459,0.0,0.0,0.2,6.237710320468503,14.485244515195198,1.008217798620032,-0.0012727799877722702,6.226648642615696,1782908760.4607022,None,None,None, None, 1782908760.5120797,0.999523986206554,arrived,none,0.0,nan,nan,0.0,0.0,nan,nan,nan,mr_webots_overtaking_large_ship.wbt,ekf_on_cluster_on,1,1,5.0
1782908760.5981536,98.27829670906067,0.0,0.0,0.2,6.237442052760248,14.48571043710209,1.0081965312670926,-0.001303275023292478,6.226498859814532,1782908760.5756302,None,None,None, None, 1782908760.5120797,0.999523986206554,arrived,none,0.0,nan,nan,0.0,0.0,nan,nan,nan,mr_webots_overtaking_large_ship.wbt,ekf_on_cluster_on,1,1,5.0
1782908760.7264543,98.40659737586975,0.0,0.0,0.2,6.237232587180145,14.486174750831417,1.008175218161872,-0.0008777700918760129,6.226414459150025,1782908760.6717837,None,None,None, None, 1782908760.6166656,0.9131179711385529,arrived,none,0.0,nan,nan,0.0,0.0,nan,nan,nan,mr_webots_overtaking_large_ship.wbt,ekf_on_cluster_on,1,1,5.0
1782908760.823062,98.50320506095886,0.0,0.0,0.2,6.2383984716815375,14.486895580155451,1.008302693711057,-0.0011157927909313634,6.226267450404357,1782908760.8035364,14.486898905510074,1.008304610896839,6.241031493531291, 1782908760.800529, 1782908760.795022,1.0471375035470594,arrived,none,0.0,nan,nan,0.0,0.0,nan,nan,nan,mr_webots_overtaking_large_ship.wbt,ekf_on_cluster_on,1,1,5.0
1782908760.9052062,98.58534932136536,0.0,0.0,0.2,6.238381700712749,14.487385868627717,1.0082807205482374,-0.0011157927909313634,6.226044291846171,1782908760.9253685,None,None,None, None, 1782908760.9253685,1.0930006594049728,arrived,none,0.0,nan,nan,0.0,0.0,nan,nan,nan,mr_webots_overtaking_large_ship.wbt,ekf_on_cluster_on,1,1,5.0
1782908761.0020113,98.68215441703796,0.0,0.0,0.2,6.238386526993974,14.48787444831689,1.0082588157571972,-0.0009007228400609609,6.22593455486192,1782908760.9253685,None,None,None, None, 1782908761.0670443,0.9753139697963854,arrived,none,0.0,nan,nan,0.0,0.0,nan,nan,nan,mr_webots_overtaking_large_ship.wbt,ekf_on_cluster_on,1,1,5.0
1782908761.1166835,98.79682660102844,0.0,0.0,0.2,6.238357545983309,14.488361337266273,1.0082369891227108,-0.001142904557037526,6.225752612412266,1782908761.0845616,None,None,None, None, 1782908761.0670443,0.9753139697963854,arrived,none,0.0,nan,nan,0.0,0.0,nan,nan,nan,mr_webots_overtaking_large_ship.wbt,ekf_on_cluster_on,1,1,5.0
1782908761.2047327,98.88487577438354,0.0,0.0,0.2,6.238118152854822,14.488846537515755,1.0082152241006994,-0.0031131813559840053,6.225381608064059,1782908761.2037337,None,None,None, None, 1782908761.1591284,1.0598285825809908,arrived,none,0.0,nan,nan,0.0,0.0,nan,nan,nan,mr_webots_overtaking_large_ship.wbt,ekf_on_cluster_on,1,1,5.0
1782908761.2946892,98.97483229637146,0.0,0.0,0.2,6.237616007195821,14.489329996973986,1.0081933361707245,-0.0031131813559840053,6.224758971792863,1782908761.3002033,None,None,None, None, 1782908761.2801824,1.0299641775558261,arrived,none,0.0,nan,nan,0.0,0.0,nan,nan,nan,mr_webots_overtaking_large_ship.wbt,ekf_on_cluster_on,1,1,5.0
1782908761.4033985,99.08354163169861,0.0,0.0,0.2,6.236967402544857,14.489811655697803,1.0081712660957973,-0.004060400099457163,6.224007270406023,1782908761.3888636,None,None,None, None, 1782908761.3683467,1.0635008489617133,arrived,none,0.0,nan,nan,0.0,0.0,nan,nan,nan,mr_webots_overtaking_large_ship.wbt,ekf_on_cluster_on,1,1,5.0
1782908761.5312212,99.21136426925659,0.0,0.0,0.2,6.236570798944986,14.49029148377103,1.008148938256622,-0.0013403557566634753,6.223820482328215,1782908761.5282207,None,None,None, None, 1782908761.4821854,1.0604329957847451,arrived,none,0.0,nan,nan,0.0,0.0,nan,nan,nan,mr_webots_overtaking_large_ship.wbt,ekf_on_cluster_on,1,1,5.0
1782908761.6608927,99.34103584289551,0.0,0.0,0.2,6.236324006066378,14.490769567824982,1.0081265385386446,-0.0006131881851959351,6.223697844691175,1782908761.661891,None,None,None, None, 1782908761.6293669,0.9720563933504311,arrived,none,0.0,nan,nan,0.0,0.0,nan,nan,nan,mr_webots_overtaking_large_ship.wbt,ekf_on_cluster_on,1,1,5.0
1782908761.7391114,99.4192545413971,0.0,0.0,0.2,6.23613863378502,14.491245961788955,1.008104133885727,-0.0006131881851959351,6.223575207054136,1782908761.661891,None,None,None, None, 1782908761.7381144,0.9520192196669239,arrived,none,0.0,nan,nan,0.0,0.0,nan,nan,nan,mr_webots_overtaking_large_ship.wbt,ekf_on_cluster_on,1,1,5.0
1782908761.8120096,99.49215269088745,0.0,0.0,0.2,6.237336027589468,14.492152906374775,1.008236070080403,-0.001020124790015183,6.223487251868201,1782908761.748111,14.492158613580525,1.0082381073965627,6.239642754457235, 1782908761.804008, 1782908761.7381144,0.9520192196669239,arrived,none,0.0,nan,nan,0.0,0.0,nan,nan,nan,mr_webots_overtaking_large_ship.wbt,ekf_on_cluster_on,1,1,5.0
1782908761.8959322,99.57607531547546,0.0,0.0,0.2,6.23717805313038,14.492675114012844,1.0082121104450805,-0.002594323915311479,6.223209834581261,1782908761.8550434,None,None,None, None, 1782908761.84653,1.0693363751034994,arrived,none,0.0,nan,nan,0.0,0.0,nan,nan,nan,mr_webots_overtaking_large_ship.wbt,ekf_on_cluster_on,1,1,5.0
1782908762.0089595,99.68910264968872,0.0,0.0,0.2,6.236832606477858,14.493195346440574,1.0081880803351597,-0.0019401716293870584,6.223053010782449,1782908762.0413885,None,None,None, None, 1782908761.9308672,0.9898108651964811,arrived,none,0.0,nan,nan,0.0,0.0,nan,nan,nan,mr_webots_overtaking_large_ship.wbt,ekf_on_cluster_on,1,1,5.0
1782908762.1243165,99.80445957183838,0.0,0.0,0.2,6.2365075121024,14.493713565296812,1.008163959654869,-0.0016559428102701666,6.222878283576709,1782908762.0413885,None,None,None, None, 1782908762.0578997,1.0221566820787948,arrived,none,0.0,nan,nan,0.0,0.0,nan,nan,nan,mr_webots_overtaking_large_ship.wbt,ekf_on_cluster_on,1,1,5.0
1782908762.1960773,99.87622046470642,0.0,0.0,0.2,6.236188746779941,14.494229791678286,1.008139767261366,-0.0016559428102701666,6.222547095014655,1782908762.200078,None,None,None, None, 1782908762.1908789,0.9763542622613005,arrived,none,0.0,nan,nan,0.0,0.0,nan,nan,nan,mr_webots_overtaking_large_ship.wbt,ekf_on_cluster_on,1,1,5.0
1782908762.294574,99.97471714019775,0.0,0.0,0.2,6.235925854425945,14.494744041836611,1.0081155051766029,-0.001182357015025932,6.222359467372418,1782908762.3010414,None,None,None, None, 1782908762.2910676,1.0979770156377022,arrived,none,0.0,nan,nan,0.0,0.0,nan,nan,nan,mr_webots_overtaking_large_ship.wbt,ekf_on_cluster_on,1,1,5.0
1782908762.406804,100.0869472026825,0.0,0.0,0.2,6.235703863371097,14.495256347114559,1.0080912107711604,-0.0009866564935098131,6.222259851223479,1782908762.3010414,None,None,None, None, 1782908762.411804,1.097085787847548,arrived,none,0.0,nan,nan,0.0,0.0,nan,nan,nan,mr_webots_overtaking_large_ship.wbt,ekf_on_cluster_on,1,1,5.0
1782908762.4976294,100.17777252197266,0.0,0.0,0.2,6.235525273660077,14.49576673364486,1.0080669036435936,-0.0007521253420244452,6.222168637620286,1782908762.4223158,None,None,None, None, 1782908762.5374606,0.9148871300452015,arrived,none,0.0,nan,nan,0.0,0.0,nan,nan,nan,mr_webots_overtaking_large_ship.wbt,ekf_on_cluster_on,1,1,5.0
1782908762.5945363,100.27467942237854,0.0,0.0,0.2,6.235574879019262,14.496275230235156,1.0080426503126318,-0.0004395839972551466,6.222098223862372,1782908762.5824986,None,None,None, None, 1782908762.5374606,0.9148871300452015,arrived,none,0.0,nan,nan,0.0,0.0,nan,nan,nan,mr_webots_overtaking_large_ship.wbt,ekf_on_cluster_on,1,1,5.0
1782908762.7326965,100.41283965110779,0.0,0.0,0.2,6.235566603041269,14.496781915190079,1.0080185085811153,-0.000718885021471801,6.221993125656519,1782908762.7286947,None,None,None, None, 1782908762.6736376,1.0731452957365786,arrived,none,0.0,nan,nan,0.0,0.0,nan,nan,nan,mr_webots_overtaking_large_ship.wbt,ekf_on_cluster_on,1,1,5.0
1782908762.7982793,100.47842240333557,0.0,0.0,0.2,6.235557133926372,14.49728678448766,1.0079944491714232,-0.000718885021471801,6.221849348652225,1782908762.7286947,None,None,None, None, 1782908762.7712257,0.9425607083137869,arrived,none,0.0,nan,nan,0.0,0.0,nan,nan,nan,mr_webots_overtaking_large_ship.wbt,ekf_on_cluster_on,1,1,5.0
1782908762.89662,100.57676315307617,0.0,0.0,0.2,6.236651319729209,14.495731454599445,1.0081904170186728,-0.0006921925099659537,6.22176383524172,1782908762.8522346,14.495709764183667,1.0081927347078767,6.238694496581456, 1782908762.811694, 1782908762.901137,1.0730303135993269,arrived,none,0.0,nan,nan,0.0,0.0,nan,nan,nan,mr_webots_overtaking_large_ship.wbt,ekf_on_cluster_on,1,1,5.0
1782908763.0117486,100.69189167022705,0.0,0.0,0.2,6.236615363870472,14.496012859586234,1.0081773126624067,-0.0009574267822920384,6.22168401117527,1782908762.9356081,None,None,None, None, 1782908763.0147483,0.9205153420065255,arrived,none,0.0,nan,nan,0.0,0.0,nan,nan,nan,mr_webots_overtaking_large_ship.wbt,ekf_on_cluster_on,1,1,5.0
1782908763.116991,100.79713416099548,0.0,0.0,0.2,6.236442207783518,14.496293557088363,1.0081642311373835,-0.002407277824784209,6.2213437567288485,1782908763.0769522,None,None,None, None, 1782908763.0147483,0.9205153420065255,arrived,none,0.0,nan,nan,0.0,0.0,nan,nan,nan,mr_webots_overtaking_large_ship.wbt,ekf_on_cluster_on,1,1,5.0
1782908763.2028513,100.88299441337585,0.0,0.0,0.2,6.236061359772042,14.496573508695125,1.0081510981698667,-0.0024013001167873904,6.2211412062295,1782908763.1613026,None,None,None, None, 1782908763.1239915,1.0692658750288782,arrived,none,0.0,nan,nan,0.0,0.0,nan,nan,nan,mr_webots_overtaking_large_ship.wbt,ekf_on_cluster_on,1,1,5.0
1782908763.3069901,100.98713326454163,0.0,0.0,0.2,6.235852828059791,14.49685265868683,1.0081378865662356,-0.0005090521713699131,6.221076729262106,1782908763.2879634,None,None,None, None, 1782908763.3129904,0.944011770945492,arrived,none,0.0,nan,nan,0.0,0.0,nan,nan,nan,mr_webots_overtaking_large_ship.wbt,ekf_on_cluster_on,1,1,5.0
1782908763.394982,101.07512521743774,0.0,0.0,0.2,6.235698076596042,14.49713106241052,1.008124668331126,-0.0005090521713699131,6.220974918827832,1782908763.4055054,None,None,None, None, 1782908763.4255407,0.922648904469867,arrived,none,0.0,nan,nan,0.0,0.0,nan,nan,nan,mr_webots_overtaking_large_ship.wbt,ekf_on_cluster_on,1,1,5.0
1782908763.499811,101.17995405197144,0.0,0.0,0.2,6.235639371186758,14.497408739851378,1.0081114722777762,-0.0013182835806036528,6.220711493061774,1782908763.4877882,None,None,None, None, 1782908763.4255407,0.922648904469867,arrived,none,0.0,nan,nan,0.0,0.0,nan,nan,nan,mr_webots_overtaking_large_ship.wbt,ekf_on_cluster_on,1,1,5.0
1782908763.6059976,101.28614068031311,0.0,0.0,0.2,6.235679800349787,14.49768572097996,1.0080982930181865,-0.0005997078884909054,6.220640601974871,1782908763.6059976,None,None,None, None, 1782908763.5263872,0.9600609230397581,arrived,none,0.0,nan,nan,0.0,0.0,nan,nan,nan,mr_webots_overtaking_large_ship.wbt,ekf_on_cluster_on,1,1,5.0
1782908763.7338164,101.41395950317383,0.0,0.0,0.2,6.235697764966836,14.497962037899889,1.00808515655937,-0.0005947580668275377,6.220573904564574,1782908763.7181396,None,None,None, None, 1782908763.6685843,1.04156358049456,arrived,none,0.0,nan,nan,0.0,0.0,nan,nan,nan,mr_webots_overtaking_large_ship.wbt,ekf_on_cluster_on,1,1,5.0
1782908763.79906,101.47920322418213,0.0,0.0,0.2,6.235703177318848,14.498237687360621,1.00807205679554,-0.0005947580668275377,6.220454952951209,1782908763.7181396,None,None,None, None, 1782908763.7563488,1.0561372401136477,arrived,none,0.0,nan,nan,0.0,0.0,nan,nan,nan,mr_webots_overtaking_large_ship.wbt,ekf_on_cluster_on,1,1,5.0
