epoch [s],elapsed [s],x [m],y [m],z [m],roll [deg],pitch [deg],yaw [deg],broadcast
1782953479.0215318,0.2924635410308838,-5.9706776345871806e-05,1.0000000006704992,0.02498521372592217,0.0,0.0,359.9999999075762,False
1782953479.1132817,0.3842134475708008,-7.870272838679418e-05,1.0000000009621643,0.024375721413919048,0.0,0.0,359.9999999076932,False
1782953479.2142422,0.48517394065856934,-7.50097412055067e-05,1.000000000934254,0.02545433746002295,0.0,0.0,359.99999990767475,False
1782953479.3001082,0.5710399150848389,-6.576185917268938e-05,1.0000000008282046,0.02698158069069032,0.0,0.0,359.99999990762603,False
1782953479.4175732,0.6885049343109131,-2.6268940520912917e-05,1.0000000002751306,0.03117823456057671,0.0,0.0,359.99999990767714,False
1782953479.508288,0.7792196273803711,-2.469724657345341e-05,1.0000000002293126,0.030763767491499783,0.0,0.0,359.99999990769993,False
1782953479.6157672,0.8866989612579346,-5.8951658936243526e-05,1.0000000006549867,0.025990873082364634,0.0,0.0,359.99999990762535,False
1782953479.7099211,0.9808528423309326,-6.880555593324984e-05,1.000000000795663,0.02502600516156275,0.0,0.0,359.9999999076651,False
1782953479.811096,1.0820276737213135,-7.495834609299478e-05,1.0000000009083116,0.02472838500372877,0.0,0.0,359.99999990771573,False
1782953479.9047275,1.1756591796875,-7.024745994259361e-05,1.0000000008726102,0.025558868547315483,0.0,0.0,359.9999999076965,False
1782953480.0126367,1.2835683822631836,-4.125071897181192e-05,1.0000000005063945,0.029165638649971005,0.0,0.0,359.9999999076524,False
1782953480.1031985,1.3741302490234375,-2.7857397063601258e-05,1.0000000002878142,0.03065941620836577,0.0,0.0,359.9999999077239,False
1782953480.2207458,1.4916775226593018,-2.7948797959405547e-05,1.0000000002707945,0.030597141882739598,0.0,0.0,359.99999990773125,False
1782953480.3089013,1.5798330307006836,-2.9265133714032416e-05,1.0000000002803817,0.03041477761386357,0.0,0.0,359.99999990772653,False
1782953480.4093282,1.6802599430084229,-3.269256734752757e-05,1.0000000003164229,0.029974816883971238,0.0,0.0,359.99999990771136,False
1782953480.4989586,1.769890308380127,-5.4225253097513207e-05,1.0000000005873948,0.027392106835957653,0.0,0.0,359.99999990767117,False
1782953480.5840876,1.8550193309783936,-7.199219185415439e-05,1.000000000860201,0.025163346071028197,0.0,0.0,359.9999999077468,False
1782953480.6576707,1.9286024570465088,-7.14219082978487e-05,1.0000000008715306,0.02513258323122711,0.0,0.0,359.99999990775115,False
1782953480.788322,2.059253692626953,-6.77511191428175e-05,1.000000000840946,0.025454839701211675,0.0,0.0,359.9999999077374,False
1782953481.4528584,2.723790168762207,-3.5468744145179816e-05,1.0000000004171032,0.029201969088755268,0.0,0.0,359.99999990772955,False
1782953481.7155752,2.986506938934326,-6.839103177244484e-05,1.0000000008006125,0.02615344809639258,0.0,0.0,359.9999999077779,False
1782953481.8712575,3.1421892642974854,-4.731009545217589e-05,1.0000000008428398,0.0258270640993854,0.0,0.0,0.005017379019491188,False
1782953481.996314,3.2672457695007324,2.015537722726432e-05,1.0000000081677705,0.026092957983896995,0.0,0.0,0.02996921352727921,False
1782953482.1059582,3.376889944076538,0.001102899610268108,1.0000015759183483,0.028004771661481794,0.0,0.0,0.4122920755951989,False
1782953482.1935964,3.4645280838012695,0.004564304161673586,1.0000224225846754,0.029938797484217624,0.0,0.0,1.347444714725788,False
1782953482.2722018,3.543133497238159,0.0063142890553098035,1.0000410892632259,0.029877360648301945,0.0,0.0,1.7216372699228157,False
1782953482.3483305,3.619262218475342,0.008311715547595615,1.0000684468024548,0.02939718718885794,0.0,0.0,2.1027344436294593,False
1782953482.4375017,3.7084333896636963,0.012461081977394036,1.000144531250357,0.02788788199636801,0.0,0.0,2.7946933131848293,False
1782953482.6382408,3.909172534942627,0.02186685024629535,1.0004060748983892,0.025986064508951082,0.0,0.0,4.097128827622354,False
1782953482.7103195,3.9812512397766113,0.029447754776206585,1.0007019344123933,0.02693961296447456,0.0,0.0,5.011439002745769,False
1782953482.8280714,4.099003076553345,0.03549851429602079,1.0009913626862839,0.02824204329631202,0.0,0.0,5.699124381212937,False
1782953482.9873035,4.258235216140747,0.04037576482060948,1.0012591580326746,0.028996036882498837,0.0,0.0,6.236624298689303,False
1782953483.1074998,4.378431558609009,0.04465932342573127,1.001519911769303,0.02922735210634215,0.0,0.0,6.699086336612035,False
1782953483.1927931,4.463724851608276,0.04756125458145976,1.0017102279401788,0.029142587898480534,0.0,0.0,7.007989571337322,False
1782953483.2919743,4.56290602684021,0.06245516929025527,1.0028640507727116,0.027197495338199137,0.0,0.0,8.550595041663193,False
1782953483.4168081,4.687739849090576,0.06700322737147131,1.003276968024595,0.026795000552586743,0.0,0.0,9.01083716964547,False
1782953483.5577266,4.82865834236145,0.07540072280877544,1.0041163756060552,0.026887454626865863,0.0,0.0,9.852104604291469,False
1782953483.664929,4.935860633850098,0.0815438127009489,1.0047950652467574,0.027484462169621294,0.0,0.0,10.463669918936127,False
1782953483.7701235,5.041055202484131,0.08462399821341987,1.0051563091218145,0.027836982896687013,0.0,0.0,10.76987983354404,False
1782953483.9085178,5.179449558258057,0.0892541711000407,1.0057260187083115,0.028302922818558198,0.0,0.0,11.230028257313005,False
1782953484.030277,5.301208734512329,0.09544587548620165,1.0065385731254204,0.028624045981641626,0.0,0.0,11.845155058827213,False
1782953484.1203187,5.391250371932983,0.10320961553512319,1.0076406930852193,0.02841763316194352,0.0,0.0,12.615636938716618,False
1782953484.233962,5.504893779754639,0.11331608913020322,1.0092170000744372,0.027600110314414655,0.0,0.0,13.616501191378912,False
1782953484.3258495,5.596781253814697,0.11875323963788638,1.010132691926991,0.02726406010062772,0.0,0.0,14.15401682413066,False
1782953484.400991,5.67192268371582,0.12495912140151781,1.0112368171664026,0.027173562474904385,0.0,0.0,14.767166048980577,False
1782953484.4886327,5.759564399719238,0.13270309273548744,1.0127041653790694,0.027487314109273395,0.0,0.0,15.532952976394274,False
1782953484.5866134,5.8575451374053955,0.13966016323468916,1.0141085612811478,0.02793541440411982,0.0,0.0,16.222816228614555,False
1782953484.6937644,5.964696168899536,0.15046319066435596,1.0164537564628757,0.02828073418242863,0.0,0.0,17.298484119532933,False
1782953484.7784774,6.0494091510772705,0.1550859256801121,1.017519260511742,0.02819870628561226,0.0,0.0,17.760139649837527,False
1782953484.9036772,6.174608945846558,0.16047132076043785,1.0188079980785818,0.02797398911670702,0.0,0.0,18.29872427396975,False
1782953485.0119007,6.282832384109497,0.16277609846964594,1.0193752655579018,0.027858228092103463,0.0,0.0,18.52944154192425,False
1782953485.184885,6.455816745758057,0.175027194466577,1.0225510227045542,0.027437795188421692,0.0,0.0,19.758094445156832,False
1782953485.261051,6.531982660293579,0.18416611611387748,1.025098808599323,0.02757656477872517,0.0,0.0,20.678153515154122,False
1782953485.364511,6.635442733764648,0.189477682193287,1.0266510534455018,0.027774415823385856,0.0,0.0,21.21497436372999,False
1782953485.4544404,6.725372076034546,0.19553135323827542,1.028485082413357,0.027981773100760724,0.0,0.0,21.82899263238109,False
1782953485.561692,6.832623720169067,0.20382700890158728,1.031112047679103,0.028072522689042277,0.0,0.0,22.674208344977526,False
1782953485.6657472,6.936678886413574,0.21435660654434602,1.0346408780274383,0.027847432952579045,0.0,0.0,23.74734674033882,False
1782953485.7714105,7.042342185974121,0.21988458558627397,1.0366065233376904,0.027700000226211587,0.0,0.0,24.251784096977552,False
1782953485.8466494,7.117581129074097,0.2257279906363647,1.0387750144498489,0.02760652286496833,0.0,0.0,24.732016045853594,False
1782953485.9396079,7.2105395793914795,0.2363359978590302,1.042915663021369,0.027637403272206356,0.0,0.0,25.5268534138758,False
1782953486.0373611,7.308292865753174,0.2455998740740751,1.0467189583389713,0.027786601479548225,0.0,0.0,26.17485467592996,False
1782953486.1273937,7.398325443267822,0.2586574180695605,1.0523799673809795,0.027933041781752047,0.0,0.0,26.933607447331166,False
1782953486.2257571,7.4966888427734375,0.2661792533326011,1.0557822373625174,0.027932539401908294,0.0,0.0,27.307067377792762,False
1782953486.3329887,7.6039204597473145,0.2869099928639354,1.0656037389448414,0.02776452925960215,0.0,0.0,28.160510252351227,False
1782953486.4342926,7.705224275588989,0.295314599785503,1.0697409053276175,0.0277130735547232,0.0,0.0,28.467657501330155,False
1782953486.5550263,7.825958013534546,0.3090766549682407,1.0766941883333911,0.02770774189935449,0.0,0.0,28.881606297529466,False
1782953486.6700072,7.940938949584961,0.3235660557738986,1.0842257675888407,0.0277689714687669,0.0,0.0,29.176300322069217,False
1782953486.745406,8.016337633132935,0.33421464180522975,1.0898668365686368,0.027815690361524637,0.0,0.0,29.322564113645615,False
1782953486.8322122,8.10314393043518,0.34857932131807573,1.0975853154812467,0.027841286913151547,0.0,0.0,29.396248899925915,False
1782953486.9292107,8.20014238357544,0.3613119903839852,1.1045097401359218,0.02782176413726789,0.0,0.0,29.321516812040542,False
1782953487.0064237,8.277355432510376,0.37365132242281396,1.111269622233039,0.02778681518415874,0.0,0.0,29.088431157876578,False
1782953487.0873125,8.358244180679321,0.38448074206474414,1.1172215661989404,0.027766222122475117,0.0,0.0,28.768900986654746,False
1782953487.1713521,8.442283868789673,0.39551849450755205,1.1232855706013394,0.027765488933234474,0.0,0.0,28.4399067038111,False
1782953487.2600741,8.531005859375,0.41171154198891247,1.1321400323457325,0.027788260627986734,0.0,0.0,27.96107814480025,False
1782953487.3371937,8.608125448226929,0.41794923513263743,1.1355304204595367,0.0277976124229772,0.0,0.0,27.770591008269466,False
1782953487.4114587,8.682390451431274,0.42660340228356913,1.1402112194001586,0.027806260493113223,0.0,0.0,27.48795297207055,False
1782953487.5009885,8.771920204162598,0.44500156512423544,1.1500499764050112,0.027802307473219497,0.0,0.0,26.85061051240713,False
1782953487.5849454,8.855877161026001,0.45120567399355044,1.1533258004690339,0.027796435271505025,0.0,0.0,26.64532545094091,False
1782953487.6612387,8.932170391082764,0.45744389684561915,1.156596820576666,0.02779039389981972,0.0,0.0,26.44297088992681,False
1782953487.7374804,9.00841212272644,0.47749893297563034,1.1669542201194825,0.027781448612696946,0.0,0.0,25.79635453876292,True
1782953487.8142004,9.085132122039795,0.4837702439769509,1.1701423724822007,0.02778301378114124,0.0,0.0,25.591444139980325,False
1782953487.8763893,9.147320985794067,0.48877186882773277,1.17266768953499,0.02778537520098161,0.0,0.0,25.42433514894951,False
1782953487.956042,9.22697377204895,0.5085307282711081,1.1824906733354899,0.02779675297782521,0.0,0.0,24.715194849375646,False
1782953488.0472538,9.318185567855835,0.5158453198416751,1.1860621374295517,0.02779888589603124,0.0,0.0,24.4349444997367,False
1782953488.1337595,9.404691219329834,0.5208148917969013,1.188464154206481,0.02779901825131952,0.0,0.0,24.260859879428132,False
1782953488.2048838,9.475815534591675,0.5258799030893896,1.1908917079838157,0.02779813259859438,0.0,0.0,24.09873942088652,False
1782953488.2800677,9.550999402999878,0.5493166679403357,1.2018831266509025,0.027788321000024204,0.0,0.0,23.437635363338277,False
1782953488.3632088,9.634140491485596,0.5559015634236141,1.204906318444965,0.027786232520248318,0.0,0.0,23.25910776651804,False
1782953488.4443364,9.7152681350708,0.561159301334329,1.2073013251867506,0.02778532290875408,0.0,0.0,23.113516722610573,False
1782953488.513296,9.7842276096344,0.5780238156499565,1.2148750358770966,0.027787459863282984,0.0,0.0,22.602460608308334,False
1782953488.5906868,9.861618518829346,0.5908300311389804,1.2205125374667987,0.027792032906540167,0.0,0.0,22.1811566118554,False
1782953488.654854,9.925785779953003,0.5958974060099559,1.2227159927856595,0.027793794610509286,0.0,0.0,22.00419754697743,False
1782953488.7473238,10.018255472183228,0.6034104116070867,1.2259544672241722,0.02779586699275191,0.0,0.0,21.726483219872186,False
1782953488.8254182,10.096349954605103,0.622924467646687,1.2341996469643617,0.027796702206010937,0.0,0.0,20.921673343993422,False
1782953488.9028242,10.173755884170532,0.6289042319203415,1.2366744172966122,0.027795848797867635,0.0,0.0,20.65750189065709,False
1782953488.985218,10.256149768829346,0.6348110410135396,1.2390944802313206,0.027794887873527914,0.0,0.0,20.385450273118533,False
1782953489.0644975,10.335429191589355,0.6487308763972852,1.244695124515792,0.027793461458041013,0.0,0.0,19.70953364209975,False
1782953489.175637,10.446568727493286,0.6596829575572566,1.2489700081433044,0.027792783241056374,0.0,0.0,19.272540740784045,False
1782953489.281343,10.552274703979492,0.6686494710457913,1.2523844261618498,0.027792091260166154,0.0,0.0,18.980552474115143,False
1782953489.377476,10.648407697677612,0.6819630518277211,1.2573318039403056,0.027790598723891877,0.0,0.0,18.61129242767355,False
1782953489.509495,10.780426740646362,0.7038959812352403,1.265215222432477,0.02778801118659806,0.0,0.0,18.07205518907477,False
1782953489.6156292,10.886560916900635,0.7191914746724184,1.2705419737623438,0.02778755701689701,0.0,0.0,17.716058032919154,False
1782953489.747596,11.018527746200562,0.7401773906954313,1.2776456758751331,0.02778921421168193,0.0,0.0,17.235000024877813,False
1782953489.840246,11.111177682876587,0.761215883781632,1.2845463144341787,0.02779101267853986,0.0,0.0,16.74896034876786,False
1782953489.9143896,11.18532133102417,0.7682253019438302,1.2867984717365095,0.02779117180471932,0.0,0.0,16.584174662936906,False
1782953489.9766214,11.24755311012268,0.7738121868534878,1.2885774284458242,0.02779115315231706,0.0,0.0,16.44877681966527,False
1782953490.0575912,11.32852292060852,0.7807720666502613,1.290773504875716,0.02779098996064596,0.0,0.0,16.275374864802675,False
1782953490.1806126,11.451544284820557,0.8052840150006425,1.2983142165901655,0.02778810437000677,0.0,0.0,15.796210713995352,False
1782953490.2708354,11.541767120361328,0.8200550882724081,1.302730197312453,0.027786227586752327,0.0,0.0,15.565444052021203,False
1782953490.36162,11.632551670074463,0.8378438488860546,1.3079391561962854,0.027785426288561416,0.0,0.0,15.30285543130635,False
1782953490.4461696,11.717101335525513,0.8467515424271806,1.3105059893730768,0.027785726932007447,0.0,0.0,15.174884094672136,False
1782953490.5141408,11.785072565078735,0.8571329505655007,1.313464687031802,0.027786579956773465,0.0,0.0,15.024591499728134,False
1782953490.608132,11.879063606262207,0.8748816475690038,1.318444693998519,0.027788560181820476,0.0,0.0,14.758744211742673,False
1782953490.6962101,11.96714186668396,0.8837180143468413,1.3208882873489627,0.02778939985101916,0.0,0.0,14.618703713485584,False
1782953490.7870615,12.057993173599243,0.9041725059602405,1.3264549078486811,0.027790205142195126,0.0,0.0,14.261445197434146,False
1782953490.8743606,12.145292282104492,0.9143162032330376,1.3291679704133847,0.02779002649604238,0.0,0.0,14.066225185615695,False
1782953490.9606838,12.231615543365479,0.9229902951135557,1.3314618000455305,0.027789690807282396,0.0,0.0,13.893360699039768,False
1782953491.0362875,12.30721926689148,0.9460195974262625,1.3374301368178632,0.027789071301965618,0.0,0.0,13.407948753972581,False
1782953491.1112936,12.382225275039673,0.9532615778306096,1.3392678538493092,0.027788984498680735,0.0,0.0,13.260027165722134,False
1782953491.2165668,12.48749852180481,0.9606303171823553,1.3411166692463348,0.027788714867313522,0.0,0.0,13.129292562053726,False
1782953491.2965217,12.567453384399414,0.9892961174953344,1.3481266061787212,0.027786458220491833,0.0,0.0,12.731046112268121,False
1782953491.3756511,12.646582841873169,0.996933386605425,1.3499502349719275,0.027785763663044357,0.0,0.0,12.64404773192255,False
1782953491.4530852,12.724016904830933,1.0045836663977732,1.3517603627802117,0.027785199335455153,0.0,0.0,12.56135558919045,False
1782953491.5166857,12.787617444992065,1.019884645894279,1.3553342548715843,0.02778484385930742,0.0,0.0,12.40255797923564,False
1782953491.5915217,12.86245346069336,1.0351727623170035,1.3588475247911918,0.027785707744255338,0.0,0.0,12.247875732889842,False
1782953491.668156,12.939087629318237,1.0427994134216951,1.3605800036100189,0.02778650181027665,0.0,0.0,12.169147392941621,False
1782953491.7498176,13.02074933052063,1.050405799336379,1.3622950705544636,0.027787401358630188,0.0,0.0,12.08756975763524,False
1782953491.8291557,13.100087404251099,1.0760805224761876,1.3679917567400237,0.027789578376402932,0.0,0.0,11.776150072950243,False
1782953491.9030778,13.174009561538696,1.0835922466588508,1.3696312220978188,0.027789609716909292,0.0,0.0,11.67533743381992,False
1782953491.9963646,13.267296314239502,1.0910754557760263,1.37125204138806,0.02778939738159764,0.0,0.0,11.568675572529278,False
1782953492.0652542,13.336185932159424,1.1076098026327441,1.374786130051091,0.027788167226629395,0.0,0.0,11.336641947838864,False
1782953492.201993,13.472924709320068,1.1274518203077226,1.3789393690951697,0.02778622171283842,0.0,0.0,11.10141135281952,False
1782953492.2894692,13.56040096282959,1.1398448456415329,1.381501191906445,0.027788828760403783,0.0,0.0,11.176491376544554,False
1782953492.4139886,13.684920310974121,1.1599880429663378,1.385650301416497,0.027802850347368444,0.0,0.0,12.1885428963033,False
1782953492.4922583,13.763190031051636,1.164951464858486,1.3866762055925073,0.027805393329563048,0.0,0.0,12.55235383357763,False
1782953492.5706525,13.841584205627441,1.1698428366919391,1.3876943225006209,0.027806375579759426,0.0,0.0,12.912124266492684,False
1782953492.6528912,13.92382287979126,1.1904246053181013,1.39217232087462,0.027796046805546364,0.0,0.0,13.687432880600925,False
1782953492.7336466,14.004578351974487,1.1970457517486928,1.3936618852780438,0.02779119093519889,0.0,0.0,13.810323303289945,False
1782953492.8245597,14.095491409301758,1.2048509690235936,1.3954381106021172,0.027786599263968467,0.0,0.0,13.86866633827664,False
1782953492.90085,14.171781778335571,1.2230290559004109,1.399635422401064,0.027787171129744298,0.0,0.0,13.512944931625952,False
1782953492.977106,14.248037815093994,1.22989296771714,1.4012344265217245,0.02779164720642588,0.0,0.0,13.215909770358458,False
1782953493.0583827,14.329314470291138,1.235489973121538,1.4025394190001748,0.027796066922281107,0.0,0.0,12.931980111630295,False
1782953493.1454923,14.416424036026001,1.2423022285677765,1.4041238899710013,0.027800732956990894,0.0,0.0,12.59110495439456,False
1782953493.2928395,14.56377124786377,1.2656875050748961,1.4094676430207824,0.02780096610601598,0.0,0.0,11.47137323396741,False
1782953493.3962748,14.667206525802612,1.2774772149562759,1.4120766563447806,0.027794706324088356,0.0,0.0,10.901781209110762,False
1782953493.4923315,14.76326322555542,1.2938584282803627,1.4155790643745418,0.027789841408546723,0.0,0.0,10.138135348077167,False
1782953493.5860462,14.856977939605713,1.300364165815371,1.4169385799526033,0.02779122184112357,0.0,0.0,10.039809191237866,False
1782953493.6724012,14.94333291053772,1.3074721616787992,1.4184071407932535,0.02779504515920258,0.0,0.0,10.15486653121648,False
1782953493.8261645,15.09709620475769,1.3188291306595958,1.4207201191331817,0.027802665581167813,0.0,0.0,10.779301940005608,False
1782953493.9162636,15.187195301055908,1.3294965478020895,1.422872552662701,0.027805338421588444,0.0,0.0,11.633791171139025,False
1782953494.0125196,15.283451318740845,1.3388725916669983,1.4247704384342392,0.027801931296408938,0.0,0.0,12.465894757867392,False
1782953494.0881193,15.359050989151001,1.3430960721367542,1.4256341539489374,0.02779944127792107,0.0,0.0,12.826246799291285,False
1782953494.200861,15.471792697906494,1.3598509903200942,1.4291947224007395,0.027792391863861232,0.0,0.0,13.281282803917632,False
1782953494.308833,15.579764604568481,1.3654702948244781,1.4304283962583761,0.027791496806822816,0.0,0.0,13.286568713721971,False
1782953494.4130154,15.683947086334229,1.3723791672582244,1.4319613821084538,0.027791208050016832,0.0,0.0,13.215309755596838,False
1782953494.5598474,15.830779075622559,1.3862875892369921,1.4350795572564057,0.027792548990434117,0.0,0.0,12.82435892959023,False
1782953494.6683905,15.939322233200073,1.3954130157218358,1.4371331683808852,0.02779441629343621,0.0,0.0,12.423853549932698,False
1782953494.7757337,16.04666543006897,1.414125581121137,1.4413094575825642,0.027798684312705595,0.0,0.0,11.387398176540321,False
1782953494.8730254,16.143957138061523,1.420705598744505,1.442749918714951,0.027799222238783013,0.0,0.0,11.013833367295994,False
1782953494.976788,16.247719764709473,1.441003496095492,1.447040569310807,0.02779657309233601,0.0,0.0,9.939724391291401,True
1782953495.0548823,16.32581400871277,1.446744726930688,1.4482071043347795,0.02779540487380302,0.0,0.0,9.64648796739002,False
1782953495.1458902,16.41682195663452,1.4536773179412341,1.4495857172699633,0.02779426912999971,0.0,0.0,9.305965477830282,False
1782953495.2655706,16.536502361297607,1.471364816491089,1.4530137644480892,0.027796691711386264,0.0,0.0,9.316596815477332,False
1782953495.3517604,16.622692108154297,1.4779708121753607,1.4542648350113527,0.02779918559366688,0.0,0.0,9.677777226061306,False
1782953495.4630754,16.734007120132446,1.4843289794796775,1.4554583194910062,0.027801343216769962,0.0,0.0,10.139896367938551,False
1782953495.536883,16.807814836502075,1.493948665585929,1.4572564471921643,0.027802472467762237,0.0,0.0,10.94681455723471,False
1782953495.6202867,16.891218423843384,1.5024052368459009,1.4588449004347042,0.027800855646402996,0.0,0.0,11.706737296794893,False
1782953495.6945643,16.965496063232422,1.5067373461796179,1.4596704498025643,0.027799432789315584,0.0,0.0,12.056548950269184,False
1782953495.7712164,17.042148113250732,1.5241663690267069,1.4631547798600577,0.027793137342368438,0.0,0.0,12.638873940192344,False
1782953495.8513508,17.1222825050354,1.5303556578158994,1.4644366731334078,0.02779122076610751,0.0,0.0,12.722977850406902,False
1782953495.9298396,17.20077133178711,1.5367310738613478,1.4657746838108232,0.02778955877742894,0.0,0.0,12.769899409545575,False
1782953495.991956,17.262887716293335,1.5432080061954792,1.4671490218994017,0.027788305555828827,0.0,0.0,12.777309196355782,False
1782953496.0671587,17.338090419769287,1.56424515763419,1.4716869244031203,0.027787998064371388,0.0,0.0,12.53879767400629,False
1782953496.1463401,17.417271852493286,1.5708536027639828,1.473126006737315,0.027789178146732103,0.0,0.0,12.393704175867558,False
1782953496.2236078,17.494539499282837,1.5761470910418485,1.4742800387718218,0.027790459159850456,0.0,0.0,12.26033639629432,False
1782953496.2937326,17.564664363861084,1.5853955428809392,1.4762944422077555,0.027793063852748708,0.0,0.0,11.995768912956164,False
1782953496.3978105,17.668742179870605,1.6050866064551679,1.480545221865669,0.027796908366146737,0.0,0.0,11.339887522298316,False
1782953496.4772084,17.74814009666443,1.6116011742868308,1.4819316435856271,0.02779693716856386,0.0,0.0,11.104213811014283,False
1782953496.552345,17.82327675819397,1.6180697385882625,1.48329528744676,0.027796363659134023,0.0,0.0,10.860540846132768,False
1782953496.6465394,17.917471170425415,1.6396948679199408,1.487736960003403,0.027792913153633393,0.0,0.0,9.984903208509698,False
1782953496.7400727,18.01100444793701,1.6472493290480787,1.4892370684564744,0.027792276537783635,0.0,0.0,9.668308940224366,False
1782953496.8203077,18.09123945236206,1.6532535085727202,1.4904144839895406,0.027792651839471095,0.0,0.0,9.504459932104668,False
1782953496.895911,18.166842699050903,1.671177857455196,1.493871846884791,0.02779932888902321,0.0,0.0,9.885006306113269,False
1782953496.9780686,18.249000310897827,1.675972637966092,1.4947832700885553,0.027801389099060284,0.0,0.0,10.187812101429698,False
1782953497.057037,18.32796883583069,1.6806227889122733,1.4956642318240323,0.027802832734436744,0.0,0.0,10.528783516545541,False
1782953497.152193,18.42312479019165,1.6956410087280427,1.49851416954494,0.02780157049889202,0.0,0.0,11.794010743837553,False
1782953497.2253072,18.496238946914673,1.6992721299315878,1.499214494515124,0.027800135119087743,0.0,0.0,12.038283069671163,False
1782953497.294195,18.565126657485962,1.703185233183249,1.4999804575704572,0.027798429985409646,0.0,0.0,12.211402492247682,False
1782953497.3979354,18.668867111206055,1.7229094523371546,1.5039723295207392,0.027791709350842277,0.0,0.0,12.422454776799464,False
1782953497.495061,18.765992641448975,1.7298994594617818,1.50542334265565,0.02779077727033712,0.0,0.0,12.318790646119655,False
1782953497.675498,18.94642972946167,1.7381044866040882,1.5071393875987062,0.02779081689232274,0.0,0.0,12.097568999655017,False
1782953497.7592087,19.03014039993286,1.7601674149636866,1.5117622221713765,0.02779570089981866,0.0,0.0,11.15004375494558,False
1782953497.8497815,19.120713233947754,1.767042107495035,1.5131877467430654,0.02779747888102693,0.0,0.0,10.80000408259789,False
1782953497.9777658,19.248697519302368,1.7886172425364733,1.5175471805005183,0.027798606213215536,0.0,0.0,9.649013983919502,False
1782953498.0725474,19.34347915649414,1.7953452566962405,1.518860208508966,0.02779762419201242,0.0,0.0,9.30375053622386,False
1782953498.212587,19.483518838882446,1.8037412927291754,1.5204758118285335,0.027796730295560533,0.0,0.0,9.151492211950728,False
1782953498.3112838,19.582215547561646,1.8171716163107063,1.5230082426257905,0.027797553271434065,0.0,0.0,9.615897456901841,False
1782953498.424175,19.695106744766235,1.8261412816495892,1.5246730770237875,0.027799407902447754,0.0,0.0,10.273594845159618,False
1782953498.538842,19.809773683547974,1.8416116162498617,1.527547326508436,0.027799844790987148,0.0,0.0,11.024555592202079,False
1782953498.6477597,19.918691396713257,1.849329376283174,1.5289990427566935,0.027797896524624704,0.0,0.0,11.101712089687746,False
1782953498.7671697,20.03810143470764,1.8583732592218996,1.5307129873580587,0.027794822904994174,0.0,0.0,11.023953937944464,False
1782953498.8738155,20.144747257232666,1.8674057898286383,1.5324321520896411,0.027792204682770858,0.0,0.0,10.769726066505935,False
1782953498.9729352,20.24386692047119,1.8740654949335154,1.533699688856287,0.0277914347920988,0.0,0.0,10.484617293794626,False
1782953499.0628822,20.333813905715942,1.8902387514855463,1.5367518067204624,0.027795003380582925,0.0,0.0,9.583438001409235,False
1782953499.1820433,20.452975034713745,1.8986670472071432,1.5383113799695665,0.02779837906930144,0.0,0.0,9.058512087853705,False
1782953499.2716727,20.542604446411133,1.913377034373115,1.5409736238903522,0.02780222872260749,0.0,0.0,8.834235750671503,False
1782953499.3511972,20.62212896347046,1.9197725492550426,1.5421085365522005,0.027801978329290298,0.0,0.0,9.102680365339229,False
1782953499.5060031,20.77693486213684,1.9354101923640674,1.5448523861663408,0.027798095416555656,0.0,0.0,10.297053436599523,False
1782953499.627654,20.8985857963562,1.9495068277249918,1.547347585285679,0.02779715327797136,0.0,0.0,11.585809774194166,False
1782953499.7662904,21.037222146987915,1.9551918266080568,1.5483767049958208,0.027798119993071243,0.0,0.0,12.122238855705085,False
1782953499.8568904,21.127822160720825,1.9645272578420718,1.5501267031011643,0.02779966062828521,0.0,0.0,12.608212857694006,False
1782953499.9657545,21.23668622970581,1.9754853216663837,1.5522768954009156,0.027799504752386822,0.0,0.0,12.529857376582765,False
1782953500.079089,21.35002064704895,1.983888154754922,1.553969102368724,0.027798175368238927,0.0,0.0,12.158346827292382,False
1782953500.1895454,21.460477113723755,1.9911628100286427,1.5554479467926812,0.027797131412432723,0.0,0.0,12.026434217213117,False
1782953500.3442252,21.615156888961792,2.0007435939480223,1.557407818675799,0.027797165568931925,0.0,0.0,12.351722504770043,False
1782953500.4849994,21.75593113899231,2.014130527891893,1.5601876817702405,0.027799724004780653,0.0,0.0,13.398120078761961,False
1782953500.6123207,21.883252382278442,2.0292017359656382,1.5634475427917014,0.027800500126079843,0.0,0.0,14.467552291742926,False
1782953500.7144587,21.985390424728394,2.0402882806491576,1.5659833212505134,0.0277980236901319,0.0,0.0,14.456974712869846,False
1782953500.8093498,22.080281496047974,2.045925634628673,1.567301758436248,0.027796642662080893,0.0,0.0,14.252529538603861,False
1782953500.963101,22.23403263092041,2.0650973158520225,1.5718416743532897,0.02779660446086955,0.0,0.0,12.945020525667891,False
1782953501.0864553,22.35738706588745,2.072132801071133,1.5735052973229764,0.02779843095908352,0.0,0.0,12.357911226548117,False
1782953501.1960187,22.46695041656494,2.077276225959404,1.574713282739516,0.02779982647055413,0.0,0.0,11.960892936833996,False
1782953501.328861,22.59979271888733,2.08647673639493,1.5768485138335198,0.02780122540718104,0.0,0.0,11.811037144205875,False
1782953501.44477,22.715701818466187,2.1003049818747312,1.5800033704843714,0.027799650352911633,0.0,0.0,12.603047499951128,False
1782953501.555226,22.826157808303833,2.1051089335939692,1.5810931592878952,0.027798687072890835,0.0,0.0,13.02390758755339,False
1782953501.6681576,22.93908929824829,2.1162158782830254,1.5836264007553928,0.02779761441518085,0.0,0.0,14.062892664858241,False
1782953501.7819598,23.052891492843628,2.13054427112459,1.5869853350973546,0.027798442314421447,0.0,0.0,14.359401008257453,False
1782953501.8915253,23.16245698928833,2.1358535432708576,1.588255936966766,0.027798695496036575,0.0,0.0,14.17919687406707,False
1782953502.0110326,23.28196430206299,2.1480791346560775,1.591201941655304,0.02779877901444182,0.0,0.0,13.372991604881735,False
1782953502.1617308,23.43266248703003,2.1581829091976834,1.5936311522884643,0.027798713483722422,0.0,0.0,12.499571309201713,False
1782953502.345965,23.616896629333496,2.1726024217972975,1.5970226546032698,0.027798644180173936,0.0,0.0,11.257292677212805,False
1782953502.4573553,23.72828698158264,2.188326495138183,1.6005576655960563,0.027798493462443133,0.0,0.0,10.612695025452373,False
1782953502.552159,23.82309079170227,2.1934781039111684,1.601681411162466,0.02779860787737759,0.0,0.0,10.687580213730573,False
1782953502.6668797,23.937811374664307,2.2082515600174606,1.6047970107927414,0.02779819966877615,0.0,0.0,10.296984901774682,False
1782953502.756989,24.027920722961426,2.2140558042073555,1.6059843332973733,0.027797784495449767,0.0,0.0,9.988195746448707,False
1782953502.8876035,24.15853524208069,2.228605401488724,1.6088723344891471,0.0277970629635911,0.0,0.0,9.038642800463908,False
1782953502.991434,24.26236581802368,2.2391283063475225,1.6108728522558848,0.027797438571494543,0.0,0.0,8.328600261816495,False
1782953503.093729,24.36466073989868,2.2508996139334294,1.613028947764757,0.027798945272503005,0.0,0.0,8.256749930392843,False
1782953503.1850178,24.455949544906616,2.2561188789010322,1.6139593309625049,0.02779965471031932,0.0,0.0,8.491095787940807,False
1782953503.3179042,24.588835954666138,2.2696167498756012,1.6163159775552987,0.027800279266248725,0.0,0.0,9.529665748043247,True
1782953503.4135196,24.68445134162903,2.275381719195877,1.6173132794060632,0.027799866418388715,0.0,0.0,10.051418035608314,False
1782953503.501443,24.772374629974365,2.2891460927255936,1.6197154310192377,0.027798451393087724,0.0,0.0,11.348081227097381,False
1782953503.5896826,24.86061429977417,2.2939448367594952,1.6205699476505457,0.02779825577139834,0.0,0.0,11.808288868489718,False
1782953503.7199857,24.990917444229126,2.30268422436586,1.6221624468936078,0.027798548608608753,0.0,0.0,12.652628740435812,False
1782953503.817364,25.088295698165894,2.314013144592619,1.6243293703203237,0.02779928965586732,0.0,0.0,13.533922291387213,False
1782953503.9707832,25.24171495437622,2.3266497127582433,1.6269305476033835,0.02779848202168325,0.0,0.0,13.572549763052011,False
1782953504.0877619,25.358693599700928,2.340808940789455,1.6299789833962284,0.027796646279389062,0.0,0.0,12.910289683685173,False
1782953504.2001326,25.47106432914734,2.3465087920063135,1.6312242746406262,0.027796296145916936,0.0,0.0,12.538515578182592,False
1782953504.3205907,25.591522455215454,2.362850489734922,1.6347912594255276,0.027797291877823073,0.0,0.0,11.405271016169895,False
1782953504.4254477,25.69637942314148,2.370648679765197,1.636468859898176,0.027798176506654663,0.0,0.0,10.862953992887784,False
1782953504.5521188,25.823050498962402,2.3896097269013876,1.6404109751466824,0.027798362773150172,0.0,0.0,9.59499412381667,False
1782953504.6621156,25.9330472946167,2.3957579306979007,1.6416354571416587,0.02779776937320581,0.0,0.0,9.204149420196496,False
1782953504.7622645,26.033196210861206,2.3999299044157705,1.6424484836336135,0.027797272344643905,0.0,0.0,8.958806304768958,False
1782953504.8743804,26.145312070846558,2.4039907098304414,1.643231286745592,0.027796929876285792,0.0,0.0,8.809526223668433,False
1782953504.964533,26.235464811325073,2.4098404870550527,1.6443454045267722,0.027796847602622177,0.0,0.0,8.754960633717719,False
1782953505.0642285,26.33516025543213,2.4191003083812483,1.6460758421862023,0.027797793271622465,0.0,0.0,9.046381359505792,False
1782953505.338594,26.609525680541992,2.4381523957230966,1.649551600381132,0.02780071317697029,0.0,0.0,10.523474688260382,False
1782953505.4344425,26.705374240875244,2.4465051972651244,1.6510742203893638,0.027800376325336523,0.0,0.0,11.261521147590251,False
1782953505.5138733,26.784805059432983,2.4590720650359206,1.6534340858112013,0.027797462054554186,0.0,0.0,11.695988645732545,False
1782953505.6201108,26.891042470932007,2.465469866168615,1.6546655803288401,0.02779564243000082,0.0,0.0,11.725581777739144,False
1782953505.724055,26.99498677253723,2.470880579628268,1.6557174118238351,0.02779430860918515,0.0,0.0,11.665039377526332,False
1782953505.8767016,27.14763331413269,2.4881407837650067,1.6591065809671521,0.02779320680406796,0.0,0.0,11.023106509329033,False
1782953505.9859042,27.2568359375,2.506207002627849,1.662638778845766,0.027797312639863955,0.0,0.0,9.988573512680908,False
1782953506.0710843,27.342015981674194,2.5114653491962766,1.6636500819192694,0.027798602618657853,0.0,0.0,9.663312188814952,False
1782953506.1872265,27.458158254623413,2.5177303566773688,1.6648400060510098,0.02779966238491819,0.0,0.0,9.266362171881653,False
1782953506.2644494,27.535381078720093,2.5299061209615834,1.667100501812297,0.027799850642845264,0.0,0.0,8.66900866425357,False
1782953506.3842864,27.65521812438965,2.5383964360858315,1.6686407897355173,0.02779907680019157,0.0,0.0,8.726174250553413,False
1782953506.4787457,27.749677419662476,2.55344207337021,1.6713089563487593,0.027798155871650968,0.0,0.0,9.651556633440904,False
1782953506.5743845,27.845316171646118,2.5585465628552337,1.6722054950159861,0.027798378785592645,0.0,0.0,10.084974964930684,False
1782953506.6950772,27.96600890159607,2.564436422245735,1.673241852804561,0.02779886853264085,0.0,0.0,10.584302098122215,False
1782953506.8562634,28.127195119857788,2.578875007875882,1.6758270235215935,0.027798977566552613,0.0,0.0,10.85846586638513,False
1782953506.9488556,28.21978735923767,2.5920655437946998,1.6782315913445203,0.0277975251504912,0.0,0.0,10.32289605589229,False
1782953507.0525188,28.323450565338135,2.600562360410729,1.6797817611194905,0.02779675151628532,0.0,0.0,9.77037901484566,False
1782953507.1779494,28.448881149291992,2.610021004726935,1.6814893936934265,0.0277967950140113,0.0,0.0,9.096090002982448,False
1782953507.32686,28.59779167175293,2.61957560481454,1.683177404656488,0.027797634407875072,0.0,0.0,8.408240140549117,False
1782953507.4683955,28.73932719230652,2.6382315778245795,1.6863071445922777,0.027798646059745528,0.0,0.0,7.122201777990129,False
1782953507.5678442,28.838775873184204,2.6471733783778104,1.6877164345105855,0.027798261902584366,0.0,0.0,6.598415239071013,False
1782953507.6756217,28.946553468704224,2.6538072866377354,1.6887327640583754,0.02779809014910498,0.0,0.0,6.5001516508118815,False
1782953507.775719,29.046650648117065,2.6707043989547077,1.6912202783583925,0.02779895508165629,0.0,0.0,7.301509086978085,False
1782953507.8757117,29.14664340019226,2.6758193357231317,1.6919533912744722,0.027799427822824505,0.0,0.0,7.721470859954496,False
1782953507.9578526,29.228784322738647,2.6800252126662296,1.6925536008896278,0.027799740763612125,0.0,0.0,8.089348654410294,False
1782953508.0820584,29.35299015045166,2.6956625948285957,1.6948007579627342,0.027799574013734087,0.0,0.0,9.533316901700534,False
1782953508.17233,29.44326162338257,2.6989027202052496,1.6952758880311745,0.02779932316201791,0.0,0.0,9.839974547732226,False
1782953508.3241858,29.595117568969727,2.715226788902574,1.6977760616023696,0.027798317064462008,0.0,0.0,11.124254516670266,False
1782953508.4399095,29.710841178894043,2.724952431229474,1.6993837892368597,0.02779798823287673,0.0,0.0,11.133956555082554,False
1782953508.549694,29.82062578201294,2.7375865817738556,1.701556407048357,0.02779787609005952,0.0,0.0,10.517605068589122,False
1782953508.6428995,29.91383123397827,2.7420754349708005,1.7023399834757436,0.02779795683324828,0.0,0.0,10.198845428280736,False
1782953508.773084,30.044015645980835,2.757147620064636,1.7049709405079159,0.0277986649277093,0.0,0.0,8.992730296997047,False
1782953508.8812315,30.15216326713562,2.763240785687278,1.7060210980783272,0.027798993998275352,0.0,0.0,8.501597790093912,False
1782953508.9972317,30.268163442611694,2.777559044602738,1.7084331853224441,0.027799430777928198,0.0,0.0,8.442098376486923,False
1782953509.1033845,30.374316215515137,2.782495967512608,1.7092481218832207,0.027799406973482738,0.0,0.0,8.72925798981203,False
1782953509.2208338,30.49176549911499,2.7890137228785643,1.7103172196296057,0.027799280995558923,0.0,0.0,9.241189602910149,False
1782953509.305471,30.57640266418457,2.7970786696999586,1.7116401438998778,0.02779908282500903,0.0,0.0,9.968834466282406,False
1782953509.4382975,30.709229230880737,2.807460577395599,1.713366088119287,0.02779895868139915,0.0,0.0,10.955721931739863,False
1782953509.540404,30.811335802078247,2.8201906241698675,1.7155605483913443,0.02779906002071438,0.0,0.0,12.101036374391626,False
1782953509.644033,30.91496467590332,2.825168844791649,1.7164580111935526,0.02779898380157281,0.0,0.0,12.26278396561588,False
1782953509.7777677,31.048699378967285,2.8336790776689496,1.7180396199606092,0.027798663622497638,0.0,0.0,12.166616581758117,False
1782953509.9390068,31.209938526153564,2.848012251648876,1.7207827138869412,0.02779837360812679,0.0,0.0,11.225102235285206,False
1782953510.041287,31.31221866607666,2.8545737133635374,1.7220498630011198,0.027798624028217832,0.0,0.0,10.64174937103508,False
1782953510.1279666,31.398898363113403,2.8666846047195365,1.7243716424411049,0.027799361771639004,0.0,0.0,9.50342161957728,False
1782953510.2376218,31.508553504943848,2.872336410698632,1.725434683026934,0.027799529028390557,0.0,0.0,8.973927536602966,False
1782953510.3213034,31.59223508834839,2.881321824948226,1.727082755573315,0.0277993305080953,0.0,0.0,8.499621047144963,False
1782953510.4249444,31.695876121520996,2.8893886067276737,1.7285218955150106,0.02779897543199864,0.0,0.0,8.649346598536352,False
1782953510.506116,31.777047634124756,2.898182403225663,1.730057208989855,0.027798750905816922,0.0,0.0,9.246147730905959,False
1782953510.6547925,31.925724267959595,2.908517934134138,1.7318435721843395,0.027798923875911652,0.0,0.0,10.150927918902708,False
1782953510.7499788,32.0209105014801,2.9216402421127525,1.734130488497312,0.027799069648128897,0.0,0.0,10.30555954885376,False
1782953510.8256936,32.096625328063965,2.928249007170111,1.7352917483560817,0.02779898537255127,0.0,0.0,9.961942200973384,False
1782953510.9368577,32.20778942108154,2.934020437251846,1.736305684058636,0.027798862963361676,0.0,0.0,9.529789093233735,False
1782953511.0372272,32.30815887451172,2.946194443234659,1.7384224509464448,0.0277988317040094,0.0,0.0,8.43869517668998,False
1782953511.138859,32.40979075431824,2.9526125904279303,1.7395141325768606,0.027798979541980143,0.0,0.0,7.830316089586301,False
1782953511.2354794,32.50641107559204,2.9574030440565395,1.7403129638600474,0.027799123149803227,0.0,0.0,7.371233067880176,False
1782953511.3226004,32.5935320854187,2.9701121336873086,1.742347241065785,0.027799353208788406,0.0,0.0,6.1437658284314205,False
1782953511.412313,32.683244705200195,2.974861679146901,1.743070073856781,0.027799327292183255,0.0,0.0,5.683123738537886,False
1782953511.522246,32.79317760467529,2.9827660269820324,1.7442212030118027,0.027799182380032702,0.0,0.0,4.915304024615514,False
1782953511.6062815,32.8772132396698,2.9938188271040365,1.7457114811366465,0.027798989909696113,0.0,0.0,3.840307891118736,False
1782953511.7010293,32.97196102142334,2.998553840487901,1.74630405070831,0.027798975748681527,0.0,0.0,3.379591159922136,False
1782953511.793683,33.06461477279663,3.0032887538522974,1.746867652729226,0.027799009356600186,0.0,0.0,2.9188736892411793,False
1782953511.8838491,33.154780864715576,3.0080240777196403,1.7474014820918184,0.027799077023834943,0.0,0.0,2.458155757560093,False
1782953511.9866793,33.25761103630066,3.019866455033542,1.7486010785927515,0.027799248619975698,0.0,0.0,1.3063593380471625,False
1782953512.079454,33.350385665893555,3.0261856232430513,1.749159399409996,0.02779926691974365,0.0,0.0,0.6920671465994627,True
1782953512.1713526,33.44228434562683,3.037250281624248,1.7499953022912755,0.027799166055975936,0.0,0.0,359.6170551774965,False
1782953512.2905524,33.56148409843445,3.039622280162047,1.7501505887716102,0.027799136047061038,0.0,0.0,359.38669544592324,False
1782953512.4272726,33.69820427894592,3.045369405993253,1.750476384397854,0.02779895434399481,0.0,0.0,358.87201084726956,False
1782953512.5455008,33.8164324760437,3.0612852165386486,1.7510550222766852,0.0277980568531446,0.0,0.0,357.6071846455763,False
1782953512.661778,33.93270969390869,3.0658744715588786,1.7511472719457168,0.027797865896158385,0.0,0.0,357.25699503651686,False
1782953512.7569027,34.02783441543579,3.0788176730398074,1.7512518729162139,0.02779787678521186,0.0,0.0,356.2637449037675,False
1782953512.864214,34.13514566421509,3.0890113538162827,1.7511772415329907,0.027798317386947432,0.0,0.0,355.4756575642191,False
1782953512.9710653,34.2419970035553,3.098230925480503,1.7509939821763814,0.027798727084428876,0.0,0.0,354.75255264814547,False
1782953513.0772066,34.34813833236694,3.111868948867575,1.7505247968350663,0.02779891904132507,0.0,0.0,353.65397911376243,False
1782953513.155958,34.42688965797424,3.116354075127603,1.7503185496243518,0.02779886730724668,0.0,0.0,353.2845699284119,False
1782953513.2469091,34.51784086227417,3.1243479934249545,1.7498860692017681,0.02779872337377497,0.0,0.0,352.61687548141856,False
1782953513.3306792,34.60161089897156,3.1368142301720026,1.7489730860638022,0.027797812655376734,0.0,0.0,351.7512174586358,False
1782953513.4282484,34.699180126190186,3.142965925686598,1.7484248842816437,0.027797156691294306,0.0,0.0,351.3754592377641,False
1782953513.539066,34.80999779701233,3.1546467722555187,1.7472380150774547,0.027796038053815725,0.0,0.0,350.69701877041416,False
1782953513.6393101,34.9102418422699,3.169978919709767,1.7454230188410775,0.02779553063033523,0.0,0.0,349.83975616160774,False
1782953513.7354684,35.0064001083374,3.175532735567148,1.7446989256533993,0.027795646086513262,0.0,0.0,349.5343093783425,False
1782953513.8221629,35.09309458732605,3.188980425117962,1.7428054342421921,0.027796215858646996,0.0,0.0,348.80414980557407,False
1782953513.9376948,35.20862650871277,3.202592745670797,1.7406909525250192,0.027796526062107894,0.0,0.0,348.083139657209,False
1782953514.0411592,35.31209087371826,3.21426487100371,1.7387146702179892,0.027795999870133946,0.0,0.0,347.51349052424655,False
1782953514.1813717,35.452303409576416,3.2339198950774066,1.7350552073120693,0.027793674600657365,0.0,0.0,346.6878423055657,False
1782953514.308036,35.578967809677124,3.24156488474009,1.7335299076945412,0.027792724425034877,0.0,0.0,346.39996674548195,False
1782953514.4217606,35.692692279815674,3.2564634103407526,1.7303920976833032,0.0277904318585177,0.0,0.0,345.9684573570598,False
1782953514.5929978,35.86392951011658,3.284061981184589,1.7241308302126632,0.02778607053665813,0.0,0.0,345.42924946658184,False
1782953514.6921108,35.96304249763489,3.3095176585434416,1.717981754145859,0.027784822337089777,0.0,0.0,345.11447853331725,False
1782953514.816817,36.087748765945435,3.3184758422023917,1.7157534168518929,0.027785531793564754,0.0,0.0,345.04516379251487,False
1782953514.9551754,36.226107120513916,3.3347718171391723,1.7116314172216804,0.027788025256191406,0.0,0.0,344.9796237683417,False
1782953515.0698225,36.34075427055359,3.363522275772154,1.7042079456202925,0.027792998201242487,0.0,0.0,345.1753548508049,False
1782953515.1837666,36.45469832420349,3.3733418461187434,1.7016485575420075,0.02779353968825102,0.0,0.0,345.3430238050915,False
1782953515.2984262,36.56935787200928,3.3788521505369773,1.7002113956522262,0.02779357970009152,0.0,0.0,345.4652520429156,False
1782953515.4079866,36.67891836166382,3.387057975958455,1.6980734093853946,0.02779324139317821,0.0,0.0,345.6704534696232,False
1782953515.4927592,36.76369094848633,3.39521641607258,1.6959543308505747,0.027792577929172696,0.0,0.0,345.89427920141424,False
1782953515.5839214,36.85485315322876,3.418172631163172,1.690062590606082,0.027790976673831437,0.0,0.0,346.5863032931007,False
1782953515.7160077,36.986939430236816,3.428999688144689,1.6873379032746563,0.027790921431380053,0.0,0.0,346.9184835594971,False
1782953515.8374217,37.10835337638855,3.438595134240468,1.6849607801327258,0.02779101969694715,0.0,0.0,347.1966099815478,False
1782953515.975342,37.24627375602722,3.4552529416165223,1.6809243928775441,0.027791037141732096,0.0,0.0,347.6533004352196,False
1782953516.0513659,37.3222975730896,3.4692237794513288,1.6776301960765452,0.027790758123551935,0.0,0.0,348.02786082064523,False
1782953516.1301005,37.40103220939636,3.488831588995784,1.6731517413464967,0.027790305563499207,0.0,0.0,348.5523448710988,False
1782953516.221507,37.49243879318237,3.4972330604378343,1.6712856096243587,0.027790290385260364,0.0,0.0,348.77936064070235,False
1782953516.2971222,37.56805396080017,3.5028163538931327,1.67006295243622,0.02779039587602769,0.0,0.0,348.93359456739563,False
1782953516.3917515,37.6626832485199,3.521111895099832,1.6661613499907413,0.027790751596778705,0.0,0.0,349.41805909009815,False
1782953516.5349207,37.80585241317749,3.539742122937376,1.6623536865189708,0.02779033369165097,0.0,0.0,349.8639185235307,False
1782953516.6096194,37.88055109977722,3.545513180947586,1.6612066076044518,0.027790059181699543,0.0,0.0,349.9969161039197,False
1782953516.7251675,37.99609923362732,3.5729803132984443,1.6559474122583075,0.027788996356721773,0.0,0.0,350.6259773574961,False
1782953516.8562615,38.127193212509155,3.5845806772146664,1.6538241468856674,0.027789026249263948,0.0,0.0,350.8884415395353,False
1782953517.0046911,38.275622844696045,3.610973523092288,1.6492072501892727,0.027789371492858154,0.0,0.0,351.444382943559,False
1782953517.1043189,38.375250577926636,3.6272512255899567,1.6465012256011518,0.027789203636728703,0.0,0.0,351.76583672952097,False
1782953517.221027,38.49195861816406,3.6465864702566395,1.6434196243501387,0.027788592351911372,0.0,0.0,352.13307832035764,False
1782953517.3399966,38.61092829704285,3.657046583058961,1.6418106131054182,0.02778825533835716,0.0,0.0,352.3244215862918,False
1782953517.4268107,38.6977424621582,3.6752099711145085,1.639111841025758,0.027787600718818806,0.0,0.0,352.62019312362617,False
1782953517.5258832,38.796814918518066,3.6921099414593765,1.6367022623739074,0.02778692845191119,0.0,0.0,352.85213173505963,False
1782953517.630641,38.901572704315186,3.716962482649735,1.6333158280964157,0.027786026794531717,0.0,0.0,353.1303558035528,False
1782953517.7283783,38.99931001663208,3.7278867675679344,1.6318795528069974,0.027785823156389357,0.0,0.0,353.23022813286286,False
1782953517.816488,39.087419748306274,3.752868606350483,1.6286975098224021,0.027786220383619917,0.0,0.0,353.4135909343637,False
1782953517.8961442,39.167075872421265,3.760672891663601,1.6277293386778677,0.027786545288528683,0.0,0.0,353.4593032702236,False
1782953517.9789834,39.24991512298584,3.7684740309163067,1.626772451180743,0.027786899256915555,0.0,0.0,353.4997429243105,False
1782953518.0560021,39.32693386077881,3.79342954529828,1.6237755440316182,0.027787590495215127,0.0,0.0,353.5974953194429,False
1782953518.2022262,39.47315788269043,3.8059072513042693,1.622308200076567,0.02778743949282324,0.0,0.0,353.63015720826127,False
1782953518.3045824,39.57551407814026,3.8152705812107577,1.6212183524076351,0.027787120825764067,0.0,0.0,353.6488581459478,False
1782953518.3818986,39.652830362319946,3.843388790982142,1.6179918495835695,0.027786049802892954,0.0,0.0,353.69452441275536,False
1782953518.4625597,39.73349142074585,3.851208287252824,1.6171047098722493,0.027785952742704036,0.0,0.0,353.71147047668023,False
1782953518.5678124,39.838744163513184,3.8590336401284837,1.6162207259018457,0.027785985504193075,0.0,0.0,353.73006506365294,False
1782953518.687983,39.9589147567749,3.873116714234786,1.6146388958707352,0.027786345082076412,0.0,0.0,353.7694267447285,False
1782953518.7953324,40.066264152526855,3.899675268906891,1.6116867672260817,0.027787279278355365,0.0,0.0,353.87070331759486,False
1782953518.905969,40.17690062522888,3.9074833803151554,1.610826915241606,0.027787381625704072,0.0,0.0,353.9063653693729,False
1782953519.0242329,40.295164585113525,3.918418949943631,1.6096293260685717,0.027787314389703607,0.0,0.0,353.9595000209253,False
1782953519.1368256,40.40775728225708,3.9465520666181404,1.6065875068967956,0.027786523693439025,0.0,0.0,354.11120769998047,False
1782953519.2604384,40.53137016296387,3.9559348322538197,1.6055867474573842,0.02778631614548651,0.0,0.0,354.16558059433754,False
1782953519.3702998,40.641231536865234,3.968454055342424,1.6042631076111584,0.027786222052414707,0.0,0.0,354.2395762784428,False
1782953519.453948,40.7248797416687,3.991885127209278,1.6018236120987324,0.02778669485739336,0.0,0.0,354.39130035265737,False
1782953519.5749857,40.84591746330261,4.004333495787741,1.6005491349376832,0.027787147536531377,0.0,0.0,354.48460701036163,False
1782953519.6538866,40.92481827735901,4.0229903650062235,1.5986703467307606,0.027787604840998768,0.0,0.0,354.63584569726123,False
1782953519.7430205,41.01395225524902,4.038531194729516,1.5971366235587074,0.027787610242984456,0.0,0.0,354.77036804392986,False
1782953519.868524,41.139455795288086,4.047849570207939,1.596231621842981,0.027787474153263235,0.0,0.0,354.8548380939296,False
1782953519.9486547,41.21958637237549,4.0618139487320315,1.5948971630895017,0.02778719783460595,0.0,0.0,354.9871509986053,False
1782953520.0457838,41.316715478897095,4.07111214510795,1.5940237857178867,0.027787052916260373,0.0,0.0,355.07938831770656,False
1782953520.172969,41.44390082359314,4.100544453664278,1.5913455443684676,0.02778712369054366,0.0,0.0,355.3853236921947,False
1782953520.2507532,41.521684885025024,4.109845395395044,1.5905281226326151,0.027787265617807463,0.0,0.0,355.48424104685466,False
1782953520.3873062,41.65823793411255,4.1191655034975,1.5897236996687278,0.027787361783269505,0.0,0.0,355.5815571245242,False
1782953520.5086133,41.779545068740845,4.142518419726937,1.5877736974138994,0.027787233955715005,0.0,0.0,355.819150058382,False
1782953520.630368,41.901299715042114,4.1691683150192285,1.5856641693501652,0.027786355964043285,0.0,0.0,356.0590492967717,True
1782953520.7345462,42.00547790527344,4.183351270676661,1.5845901518820575,0.027785904109974186,0.0,0.0,356.168080187178,False
1782953520.833831,42.10476279258728,4.192797106712621,1.5838923644925522,0.027785800543713976,0.0,0.0,356.23173246216766,False
1782953520.9037852,42.17471694946289,4.217885641107234,1.5821012221747615,0.02778650563843125,0.0,0.0,356.35790020071687,False
1782953521.0331106,42.30404233932495,4.228828749502152,1.5813453557944943,0.02778707447589622,0.0,0.0,356.39386122227984,False
1782953521.12983,42.40076160430908,4.239754003984631,1.5806039061207051,0.027787613084290726,0.0,0.0,356.41783791002894,False
1782953521.2158902,42.48682188987732,4.2662122382438366,1.5788519424649712,0.027788072618315344,0.0,0.0,356.4213414731548,False
1782953521.3265042,42.59743595123291,4.277085534751918,1.5781449525278768,0.027787806274572523,0.0,0.0,356.39989692424837,False
1782953521.436505,42.70743680000305,4.29266685577251,1.5771392366722914,0.027787050779130136,0.0,0.0,356.3600453335697,False
1782953521.548315,42.819246768951416,4.314631153310155,1.575727356080069,0.027785896314102155,0.0,0.0,356.31440729276113,False
1782953521.6529584,42.923890113830566,4.3335124439584245,1.5745129485229348,0.02778562873839202,0.0,0.0,356.28518617108705,False
1782953521.7330847,43.004016399383545,4.350821850293311,1.5733964825306483,0.027786081760745592,0.0,0.0,356.26896604131866,False
1782953521.8242996,43.09523129463196,4.358681066939193,1.5728883636816664,0.027786430006974186,0.0,0.0,356.26625265815824,False
1782953521.9266884,43.197620153427124,4.3743721808513945,1.5718719365384364,0.027787167810282464,0.0,0.0,356.27266738666185,False
1782953522.0179305,43.288862228393555,4.39785345433536,1.5703488393917626,0.027787717499266288,0.0,0.0,356.3152098524745,False
1782953522.116996,43.387927770614624,4.407230922614366,1.5697414254493673,0.02778763742410833,0.0,0.0,356.34384817849605,False
1782953522.248271,43.519202709198,4.427512320502647,1.568433816517752,0.027787091780172368,0.0,0.0,356.4302952473805,False
1782953522.3459492,43.616880893707275,4.446192100726736,1.567242763081397,0.027786696675767754,0.0,0.0,356.5393499540388,False
1782953522.4560335,43.7269651889801,4.455507443166543,1.5666558598646714,0.027786737300796345,0.0,0.0,356.6054057232143,False
1782953522.5796652,43.85059690475464,4.483265246099693,1.5649470041900442,0.027787963510297893,0.0,0.0,356.864984529685,False
1782953522.700164,43.97109580039978,4.4970908267235306,1.564125766733102,0.02778859574766532,0.0,0.0,357.02171462871064,False
1782953522.827104,44.09803581237793,4.517060389948718,1.562985705537807,0.02778868969406104,0.0,0.0,357.2664832013833,False
1782953522.9790285,44.24996018409729,4.538646142267084,1.561826076038526,0.027787657389328382,0.0,0.0,357.53441833787764,False
1782953523.0606751,44.3316068649292,4.55105412107615,1.5611975232212219,0.027786896484595876,0.0,0.0,357.6806244350243,False
1782953523.1905873,44.46151900291443,4.569784858624356,1.5603035895227308,0.027786091225591815,0.0,0.0,357.8823908320716,False
1782953523.2745342,44.54546594619751,4.588618138438907,1.5594708056072488,0.02778598374930582,0.0,0.0,358.0639961940578,False
1782953523.4212165,44.692148208618164,4.610687913238975,1.5585758633102258,0.02778634536771809,0.0,0.0,358.2469380182753,False
1782953523.573274,44.84420561790466,4.629637190804254,1.5578722080268848,0.027786596960206297,0.0,0.0,358.38447378738346,False
1782953523.7193367,44.99026846885681,4.662834039169191,1.556769814560395,0.02778646671718653,0.0,0.0,358.6043579394066,False
1782953523.8644278,45.13535952568054,4.6739169824344495,1.5564357467803984,0.027786327863913426,0.0,0.0,358.66851807503355,False
1782953524.0070486,45.2779803276062,4.708679441560575,1.5554845577896965,0.02778631882259113,0.0,0.0,358.82998212859883,False
1782953524.1273463,45.39827799797058,4.719714176853375,1.5552099167782254,0.027786486738321244,0.0,0.0,358.8675719107641,False
1782953524.2394803,45.510411977767944,4.740142596079121,1.5547305281169668,0.027786975811965712,0.0,0.0,358.9130984615332,False
1782953524.3617244,45.63265609741211,4.760489931288785,1.5542837430097391,0.027787442447140674,0.0,0.0,358.9210584702961,False
1782953524.4628658,45.733797550201416,4.772972293271071,1.5540207246494966,0.027787596993052714,0.0,0.0,358.9043574914304,False
1782953524.5920498,45.86298155784607,4.7902185335923955,1.5536658144259399,0.027787306761071533,0.0,0.0,358.8717999242451,False
1782953524.716737,45.98766875267029,4.823327190549739,1.5529928914236357,0.027785831339312696,0.0,0.0,358.7982610906387,False
1782953524.8273256,46.098257303237915,4.834380689410448,1.5527665938424293,0.0277855299167327,0.0,0.0,358.7700864053306,False
1782953524.9259012,46.19683289527893,4.847017049809802,1.5525050779494742,0.027785538094610453,0.0,0.0,358.73581615451405,False
1782953525.011087,46.28201866149902,4.869138226167461,1.5520370450290055,0.02778639642501046,0.0,0.0,358.6708956433257,False
1782953525.1305158,46.40144753456116,4.881783021665714,1.5517621381368485,0.02778700716652413,0.0,0.0,358.6311835738196,False
1782953525.2270756,46.49800729751587,4.889689816143653,1.5515870708453772,0.02778725819259579,0.0,0.0,358.60583125999955,False
1782953525.316607,46.587538719177246,4.911845898415804,1.5510821083958628,0.027787013591482505,0.0,0.0,358.5344977521877,False
1782953525.4267843,46.69771599769592,4.926086744793293,1.550745518133565,0.027786300488501767,0.0,0.0,358.4896965340713,False
1782953525.5629804,46.83391213417053,4.948103813536249,1.5502062306245714,0.027785798841035356,0.0,0.0,358.44987899895665,False
1782953525.6794086,46.950340270996094,4.969998830767366,1.5496502522192583,0.027786906537485907,0.0,0.0,358.4558291055456,False
1782953525.7877467,47.05867838859558,4.984036426392072,1.5492870666594607,0.027788014752523696,0.0,0.0,358.48565104857454,False
1782953525.8808994,47.15183115005493,4.993384285949622,1.5490440307485767,0.027788552975364672,0.0,0.0,358.516895803651,False
1782953525.9601057,47.23103737831116,5.010487463730288,1.5486007840813782,0.02778862915959657,0.0,0.0,358.5993617363556,False
1782953526.0676684,47.338600158691406,5.030658314733454,1.5480888069826813,0.027787372660928757,0.0,0.0,358.7349565250461,False
1782953526.197517,47.468448638916016,5.041508667502728,1.5478223484111717,0.02778665002312982,0.0,0.0,358.8222909263287,False
1782953526.307192,47.578123807907104,5.060112836286411,1.5473869553965194,0.02778630966578585,0.0,0.0,358.9889428534144,False
1782953526.4113426,47.68227434158325,5.066320220617709,1.547249037006257,0.027786496762641912,0.0,0.0,359.0477836353342,False
1782953526.5307763,47.80170798301697,5.094319651892979,1.546682892866603,0.027787896730201465,0.0,0.0,359.32078647483166,False
1782953526.6734471,47.94437885284424,5.105237736799432,1.5464899622193726,0.027788035295314564,0.0,0.0,359.4277743916311,False
1782953526.7738853,48.044816970825195,5.136595515977183,1.5460324429768006,0.02778642845422597,0.0,0.0,359.7129704807317,False
1782953526.9155657,48.18649744987488,5.149199249782204,1.5458899414988956,0.027785732818285856,0.0,0.0,359.81522015381245,False
1782953527.0197935,48.290725231170654,5.1586591541048605,1.545798351200653,0.02778550911663141,0.0,0.0,359.88377826076214,False
1782953527.1409757,48.4119074344635,5.175961684342659,1.5456633074153199,0.027785951107605875,0.0,0.0,359.9863643174561,False
1782953527.290603,48.56153464317322,5.197888103684171,1.5455471875835587,0.027787383051491258,0.0,0.0,0.07003185457686725,False
1782953527.3676634,48.63859510421753,5.211936708926289,1.5455004324828931,0.027788082946505567,0.0,0.0,0.09559718951975098,False
1782953527.4855309,48.75646257400513,5.2352237288816585,1.5454586644707824,0.027788250675622947,0.0,0.0,0.0758548129210632,False
1782953527.6009386,48.871870279312134,5.246103007978948,1.5454495911585133,0.027787875981786146,0.0,0.0,0.045727950264420156,False
1782953527.739963,49.010894775390625,5.278971466646624,1.5454355279500998,0.027786171486830633,0.0,0.0,359.9274656585619,False
1782953527.8903642,49.161295890808105,5.291537517489056,1.545427954945981,0.027785840480136048,0.0,0.0,359.87321169494544,False
1782953527.9844944,49.25542616844177,5.319853288995734,1.5453909210774777,0.027786225596827176,0.0,0.0,359.7384578661279,False
1782953528.1140594,49.38499116897583,5.3324499164007095,1.545361688970004,0.027786710846219056,0.0,0.0,359.6739291719158,False
1782953528.1984296,49.469361305236816,5.359253699410026,1.5452655295230395,0.027787261596448554,0.0,0.0,359.53304426622265,False
1782953528.3036108,49.57454252243042,5.368730008750876,1.5452191283592962,0.027787103728254662,0.0,0.0,359.4837523093372,False
1782953528.4230134,49.69394516944885,5.3798024824267605,1.545156086610465,0.027786691847045953,0.0,0.0,359.428918119503,False
1782953528.514042,49.78497362136841,5.389284173147961,1.5450944759406764,0.027786287828373002,0.0,0.0,359.38666384805816,False
1782953528.6283736,49.89930534362793,5.409703385929699,1.5449386455769372,0.02778601299842875,0.0,0.0,359.3266461273649,False
1782953528.740574,50.01150560379028,5.428456709754107,1.5447705426956329,0.027786789471000772,0.0,0.0,359.3098785212368,False
1782953528.86039,50.13132166862488,5.4393641789367475,1.544664065408195,0.02778754714766307,0.0,0.0,359.3187436496363,False
1782953528.9895887,50.260520458221436,5.456446008055242,1.5444889449740713,0.027788600938182313,0.0,0.0,359.36579243229545,False
1782953529.100729,50.3716607093811,5.467281308060563,1.5443755018446297,0.0277888555093974,0.0,0.0,359.4178510236727,False
1782953529.2244823,50.49541401863098,5.498161722047909,1.5440647249608563,0.027787563288959663,0.0,0.0,359.64764476668114,False
1782953529.3207827,50.59171438217163,5.507438623530856,1.5439811226356726,0.027787025204591698,0.0,0.0,359.732074403465,False
1782953529.4219048,50.69283652305603,5.5323846081471055,1.5437949586966968,0.02778628632060745,0.0,0.0,359.9508874051384,False
1782953529.5529616,50.823893308639526,5.548095602592592,1.5437121342674862,0.027786356273108808,0.0,0.0,0.07710672325803493,False
1782953529.6520169,50.922948598861694,5.563861550976488,1.5436582629020716,0.027786452018509544,0.0,0.0,0.1914716199824485,True
1782953529.7673445,51.03827619552612,5.58594277587896,1.5436323873984845,0.027786390418932418,0.0,0.0,0.3238627992772428,False
1782953529.8578126,51.12874436378479,5.595376458885404,1.5436382683096008,0.027786425218964073,0.0,0.0,0.3675559775368186,False
1782953530.0310454,51.30197715759277,5.609430846355453,1.54366416190917,0.02778682873148724,0.0,0.0,0.4078415871457753,False
1782953530.1660497,51.436981439590454,5.63860574635754,1.543769137308002,0.02778914281139361,0.0,0.0,0.34117249047688175,False
1782953530.2614858,51.53241753578186,5.650762531092643,1.5438239365936968,0.027790005579897886,0.0,0.0,0.24895024816774636,False
1782953530.3887272,51.659658908843994,5.6583276831341465,1.5438579987226635,0.02779030261065252,0.0,0.0,0.17278625271971293,False
1782953530.4705305,51.74146223068237,5.664377470425664,1.5438840769069224,0.027790341621148684,0.0,0.0,0.10428340278183998,False
1782953530.5648816,51.83581328392029,5.685836013951628,1.543957346598293,0.02778857864314959,0.0,0.0,359.86655091770405,False
1782953530.642036,51.912967681884766,5.6982173308564565,1.5439797784301643,0.02778691543361274,0.0,0.0,359.73286826284914,False
1782953530.722344,51.99327564239502,5.716874911906773,1.5439782008604077,0.027785110968589186,0.0,0.0,359.5364290718625,False
1782953530.796618,52.06754970550537,5.724673816463783,1.5439634568363878,0.027784904772633467,0.0,0.0,359.45681817690905,False
1782953530.8785515,52.14948320388794,5.732495462907511,1.5439397180704768,0.02778503659893813,0.0,0.0,359.3802152877632,False
1782953530.9720342,52.24296593666077,5.759246611110135,1.543788701527977,0.027786871470251273,0.0,0.0,359.14892575294414,False
1782953531.051114,52.32204580307007,5.767132356080954,1.5437237511084592,0.02778736763190445,0.0,0.0,359.09088583169245,False
1782953531.12324,52.394171714782715,5.775014760679465,1.5436498491995196,0.02778766662756001,0.0,0.0,359.0380824973046,False
1782953531.2008493,52.47178101539612,5.790742521671999,1.5434768505937086,0.02778761594536482,0.0,0.0,358.9509043919769,False
1782953531.3138368,52.584768533706665,5.809550801592751,1.5432290325011622,0.027786877820480248,0.0,0.0,358.87927405253566,False
1782953531.4280329,52.69896459579468,5.818926044562198,1.5430908584527947,0.02778659649799317,0.0,0.0,358.85787523245125,False
1782953531.5136673,52.78459906578064,5.837571197938815,1.5427924764006395,0.02778687631221628,0.0,0.0,358.85455422807667,False
1782953531.617339,52.88827061653137,5.856090726841657,1.5424737310726937,0.027788088750036806,0.0,0.0,358.9125712718056,False
1782953531.711,52.98193168640137,5.863782178841857,1.5423377691112534,0.02778860490012031,0.0,0.0,358.95469779267876,False
1782953531.8052583,53.07618999481201,5.885236377660542,1.5419589901049795,0.02778924230740948,0.0,0.0,359.12789263634016,False
1782953531.984575,53.25550675392151,5.909695934483281,1.5415535554160362,0.02778825858453392,0.0,0.0,359.40127986515927,False
1782953532.0717185,53.342650175094604,5.929690840862889,1.5412671462516914,0.027787138350810557,0.0,0.0,359.64142400637303,False
1782953532.1934533,53.46438503265381,5.946700524653175,1.54106713411845,0.02778676146887349,0.0,0.0,359.84378881547417,False
1782953532.2865882,53.55751991271973,5.9670061995715,1.540889604935455,0.02778666303946847,0.0,0.0,0.05272852873347144,False
1782953532.3585708,53.62950253486633,5.981141136600908,1.5408062975312746,0.02778658256064594,0.0,0.0,0.1717978674820363,False
1782953532.438722,53.70965361595154,5.9889949920278465,1.5407738040021859,0.02778653233932342,0.0,0.0,0.22877663042103163,False
1782953532.499819,53.770750761032104,5.995280428440389,1.540754677036651,0.02778648805292331,0.0,0.0,0.27041240370443087,False
1782953532.580117,53.851048707962036,6.0204541415230555,1.5407353510808666,0.027786419019917012,0.0,0.0,0.4101738113314819,False
1782953532.6550643,53.92599606513977,6.028318621777233,1.5407465494077341,0.027786510492420806,0.0,0.0,0.44466745857759427,False
1782953532.7388496,54.00978136062622,6.036172930056966,1.540765085355161,0.027786672177105443,0.0,0.0,0.4738359675862028,False
1782953532.8127182,54.08364987373352,6.053401591774238,1.5408289068747674,0.027787188591846767,0.0,0.0,0.5159347410513504,False
1782953532.8953466,54.16627836227417,6.06901557267933,1.5409100849955744,0.027787589301844343,0.0,0.0,0.5269753477818386,False
1782953533.0034962,54.27442789077759,6.0783542708045575,1.5409669830018056,0.027787731892514107,0.0,0.0,0.5186881929991839,False
1782953533.078861,54.34979271888733,6.086115670528201,1.5410178974304316,0.027787796646865388,0.0,0.0,0.5018287491217651,False
1782953533.1543572,54.425288915634155,6.1123848411257935,1.5412029359486161,0.027787841613005668,0.0,0.0,0.37407632678811353,False
1782953533.237593,54.508524656295776,6.1200851848109,1.541257230462235,0.02778786823583661,0.0,0.0,0.31706250098384064,False
1782953533.371546,54.6424777507782,6.129306796803299,1.5413198693876429,0.02778794837709914,0.0,0.0,0.23718498806068045,False
1782953533.5217693,54.79270100593567,6.135441404102114,1.541359290859173,0.02778803414395546,0.0,0.0,0.1770289742519309,False
1782953533.6757336,54.94666528701782,6.172757944360597,1.541530136761285,0.02778704477998685,0.0,0.0,359.8308984916823,False
1782953533.7774563,55.04838800430298,6.182165741904467,1.5415496752547886,0.02778651063882363,0.0,0.0,359.7501024340575,False
1782953533.8601687,55.13110041618347,6.194721331169806,1.5415589869952049,0.02778590628574549,0.0,0.0,359.6440436158064,False
1782953533.9538202,55.2247519493103,6.218282898171289,1.5415220070425741,0.027785792142685124,0.0,0.0,359.44944493288773,False
1782953534.0294561,55.30038785934448,6.2261569049775956,1.5414931942886132,0.027786061036743463,0.0,0.0,359.38786496581844,False
1782953534.1293633,55.40029501914978,6.237190249186815,1.5414388674431123,0.02778657658443701,0.0,0.0,359.30941929452854,False
1782953534.2335122,55.504443883895874,6.263942588341114,1.5412422878343808,0.027787525834255852,0.0,0.0,359.1624933624569,False
1782953534.3283393,55.599271059036255,6.271794827340862,1.5411683610760631,0.02778751319729805,0.0,0.0,359.13093636829194,False
1782953534.4297223,55.70065402984619,6.277853513656823,1.5411078155505817,0.027787897219220765,0.0,0.0,359.1388622083051,False
1782953534.59979,55.8707218170166,6.283411432086407,1.5410513618322408,0.027789370245016744,0.0,0.0,359.2250533716657,False
1782953534.7072196,55.97815132141113,6.291034673313184,1.5409729178358391,0.027793032858920246,0.0,0.0,359.47835710120233,False
1782953534.8136024,56.08453416824341,6.301330528034913,1.5408688323801683,0.027799631474324307,0.0,0.0,0.03459764971295469,False
1782953534.9134653,56.18439698219299,6.317544873188347,1.5407369048503028,0.027805321854798497,0.0,0.0,1.2103913902983023,False
1782953534.999902,56.27083373069763,6.322253654776418,1.54071402008112,0.0278044441114825,0.0,0.0,1.591065397123717,False
1782953535.0986235,56.36955523490906,6.327746986923832,1.5407006201440494,0.027802127778301648,0.0,0.0,2.049957480562559,False
1782953535.2115877,56.48251938819885,6.343494874932473,1.5407694103862226,0.027794838435212268,0.0,0.0,3.430833571451126,False
1782953535.3305337,56.601465463638306,6.348573063855133,1.5408341336261946,0.027794510662110174,0.0,0.0,3.8914804099501534,False
1782953535.4206712,56.69160294532776,6.356081732970164,1.5409754870875376,0.02779637676262844,0.0,0.0,4.582508694507562,False
1782953535.5123088,56.78324055671692,6.361851204198109,1.5411246323729952,0.027798883859285868,0.0,0.0,5.119996060597985,False
1782953535.6067512,56.87768292427063,6.370824064564452,1.5414330957113924,0.02780208775105909,0.0,0.0,5.964639905947041,False
1782953535.7089136,56.97984528541565,6.379711906211511,1.5418375729247638,0.02780220966558097,0.0,0.0,6.809299697635876,False
1782953535.8104806,57.08141231536865,6.3885378770485115,1.5423433832959792,0.0277996637587764,0.0,0.0,7.653962427312635,False
1782953535.915638,57.186569690704346,6.39970517165715,1.5431406378561547,0.027796707544119746,0.0,0.0,8.728975819846552,False
1782953536.0125573,57.28348898887634,6.405267070697454,1.5436058914145536,0.027796610889700125,0.0,0.0,9.266476945041106,False
1782953536.0924175,57.363349199295044,6.41714588056565,1.5447568602612702,0.027799092859551764,0.0,0.0,10.418263957818791,False
1782953536.1755307,57.44646239280701,6.421094830862668,1.5451880134499194,0.027800065259454,0.0,0.0,10.802195398663285,False
1782953536.260899,57.53183078765869,6.425827091298098,1.5457371951667804,0.02780087746358107,0.0,0.0,11.262915499785759,False
1782953536.336767,57.60769867897034,6.438413405422817,1.5473732808267913,0.02780030945686816,0.0,0.0,12.491510554543757,False
1782953536.3999038,57.67083549499512,6.441552619071634,1.547821675427862,0.027799709071349835,0.0,0.0,12.79865940096386,False
1782953536.462375,57.733306646347046,6.444720597490673,1.5482932545367316,0.027799054554447172,0.0,0.0,13.081034627430686,False
1782953536.537079,57.8080108165741,6.453251639117886,1.5496899247753793,0.027797400730786372,0.0,0.0,13.392987802024305,False
1782953536.6447475,57.91567921638489,6.464159252390751,1.5516617479476706,0.027796455740484734,0.0,0.0,13.226862976991187,False
1782953536.7173357,57.98826742172241,6.468773683325443,1.5525374004742158,0.027796530640476037,0.0,0.0,13.011236863521876,False
1782953536.7894695,58.06040120124817,6.479477120860122,1.5546167359186476,0.027797936645136304,0.0,0.0,12.257971645737426,False
1782953536.8687546,58.13968634605408,6.487204772511732,1.5561439991856483,0.027799388713752243,0.0,0.0,11.600162104875682,False
1782953536.9520204,58.222952127456665,6.491526735620177,1.5570028880907778,0.027799926863827033,0.0,0.0,11.236003202838079,False
1782953537.0290153,58.299947023391724,6.495924394947994,1.557876722958105,0.027800119768276257,0.0,0.0,10.878158268283329,False
1782953537.125646,58.39657783508301,6.511342095858342,1.5609181475953748,0.0277990169233856,0.0,0.0,10.695825588816344,False
1782953537.1977403,58.468672037124634,6.5146667979691655,1.5615692205184901,0.02779868376328906,0.0,0.0,10.86552211951867,False
1782953537.2744162,58.545347929000854,6.518785967518223,1.5623750494699211,0.027798376416015402,0.0,0.0,11.14519632588661,True
1782953537.3526418,58.623573541641235,6.531756239110659,1.5649246588753707,0.027798578354903056,0.0,0.0,12.27158452305001,False
1782953537.4338007,58.7047324180603,6.534959548266076,1.5655618034698173,0.027798845893025673,0.0,0.0,12.573205676580727,False
1782953537.5085993,58.77953100204468,6.539027998612877,1.5663797660030438,0.027799155863348926,0.0,0.0,12.833316602288864,False
1782953537.582227,58.853158712387085,6.549404771545487,1.568519946077539,0.027799167372733486,0.0,0.0,12.958508636510324,False
1782953537.6532311,58.92416286468506,6.556805482170444,1.570085218141253,0.02779836768466625,0.0,0.0,12.755686090139882,False
1782953537.7297895,59.00072121620178,6.56153959651217,1.5710964397587734,0.027797656988665823,0.0,0.0,12.537121349418763,False
1782953537.8076112,59.078542947769165,6.5662987362033345,1.5721169648943425,0.027796965861231458,0.0,0.0,12.267393028943857,False
1782953537.883626,59.15455770492554,6.581442949442154,1.5753606221448118,0.027796443327070066,0.0,0.0,11.22477145873565,False
1782953537.960713,59.23164463043213,6.586127573297379,1.5763542816613347,0.02779695104399122,0.0,0.0,10.874622293679282,False
1782953538.0449703,59.3159019947052,6.590772594948961,1.5773316446364285,0.02779767367419051,0.0,0.0,10.518195030143893,False
1782953538.1253722,59.39630389213562,6.600651584205874,1.5793818633352315,0.027799491523112552,0.0,0.0,10.199877765344327,False
1782953538.2210286,59.491960287094116,6.607561351949573,1.5807920648443747,0.02780037000955386,0.0,0.0,10.367680847450199,False
1782953538.3017967,59.572728395462036,6.616806897580145,1.5826553917312365,0.02780039898966838,0.0,0.0,10.97122238557633,False
1782953538.4205225,59.6914541721344,6.627467362382083,1.5847932977706882,0.027799180708815485,0.0,0.0,11.90479364730554,False
1782953538.5471966,59.81812834739685,6.629897581307812,1.5852824149680238,0.027798869320176726,0.0,0.0,12.101942906117438,False
1782953538.6926262,59.963557958602905,6.633156266155676,1.585941044695194,0.027798494261499065,0.0,0.0,12.261673235724622,False
1782953538.7837594,60.05469107627869,6.6405441647125905,1.5874470618176189,0.02779799852149556,0.0,0.0,12.310761216832487,False
1782953538.8965487,60.16748046875,6.65184983530073,1.5897747754038765,0.027798517626776407,0.0,0.0,11.692584908042686,False
1782953538.9879353,60.258867025375366,6.6598199556632975,1.5914178440769282,0.027799321970848348,0.0,0.0,10.999297083947125,False
1782953539.0964515,60.36738324165344,6.67010196784647,1.5935144201676021,0.027799862211359005,0.0,0.0,10.078227693665207,False
1782953539.2137094,60.48464107513428,6.675614034296407,1.5946190407472218,0.027799736871492498,0.0,0.0,9.907209728880977,False
1782953539.306691,60.57762265205383,6.689739452674322,1.5973886099132801,0.027798808506353134,0.0,0.0,10.520773920614083,False
1782953539.402854,60.67378568649292,6.694436517541662,1.5982984229050332,0.027798631506888206,0.0,0.0,10.922103317516736,False
1782953539.4860384,60.756970167160034,6.698347028991268,1.5990556095431374,0.027798607610630435,0.0,0.0,11.226441676404557,False
1782953539.60523,60.87616181373596,6.712566757410921,1.6018246373625122,0.02779909856389594,0.0,0.0,11.149575146390035,False
1782953539.6846473,60.95557904243469,6.716614768721447,1.6026160471296647,0.027799193308553977,0.0,0.0,10.899726336814652,False
1782953539.7906682,61.06159996986389,6.730362496897549,1.6052857380913594,0.02779910859694293,0.0,0.0,9.744220484809455,False
1782953539.8938494,61.16478109359741,6.735964453205327,1.6063554817262256,0.02779899981629732,0.0,0.0,9.27327801826826,False
1782953540.016039,61.28697061538696,6.743919083784267,1.6078466765686177,0.02779892435381811,0.0,0.0,9.111589481828023,False
1782953540.1082962,61.37922787666321,6.756567537732079,1.610158667279689,0.027799113913166727,0.0,0.0,9.784866236523303,False
1782953540.216953,61.487884759902954,6.7612931697792655,1.6110124619693134,0.027799226265027396,0.0,0.0,10.193776649640911,False
1782953540.2970126,61.567944288253784,6.766960982661836,1.6120366971917732,0.027799224299034832,0.0,0.0,10.547417197392598,False
1782953540.372147,61.64307880401611,6.778270669438212,1.6140949283507664,0.02779850391773778,0.0,0.0,10.582796796900764,False
1782953540.5008469,61.77177858352661,6.784592018178792,1.6152514138233074,0.027797892088768872,0.0,0.0,10.33681213235355,False
1782953540.5899465,61.860878229141235,6.800053831770266,1.618066064592378,0.027797192105344065,0.0,0.0,9.312606025875727,False
1782953540.6908596,61.96179127693176,6.805551069673078,1.6190506495576729,0.027797424545055113,0.0,0.0,8.899590500103104,False
1782953540.8019688,62.07290053367615,6.822055627462061,1.6219204963046032,0.02779886218063208,0.0,0.0,8.285121736517398,False
1782953540.9061496,62.17708134651184,6.827290073141206,1.6228074187952148,0.027799415720707234,0.0,0.0,8.450103085722318,False
1782953540.978057,62.24898862838745,6.831575366263414,1.6235266783283768,0.027799757841975258,0.0,0.0,8.692786661310285,False
1782953541.057895,62.328826665878296,6.845768612575733,1.6258882927465692,0.027799738196724252,0.0,0.0,9.851662613088203,False
1782953541.1383812,62.40931296348572,6.849859888566904,1.6265706726479119,0.027799449526435222,0.0,0.0,10.227438461263247,False
1782953541.216989,62.4879207611084,6.854055596772943,1.627276609424181,0.027799047542734726,0.0,0.0,10.493339245342192,False
1782953541.285795,62.556726694107056,6.860162834565206,1.6283182837262793,0.027798372448323897,0.0,0.0,10.641736956313094,False
1782953541.3530755,62.62400722503662,6.871911201379303,1.630360450773871,0.02779735305978194,0.0,0.0,10.38516351725503,False
1782953541.4305904,62.7015221118927,6.876494456195181,1.6311653555533585,0.027797179913777625,0.0,0.0,10.141151149828325,False
1782953541.4934287,62.764360427856445,6.880148140892018,1.6318079351327412,0.027797180139476324,0.0,0.0,9.908012721068001,False
1782953541.5620527,62.83298444747925,6.890239324580762,1.6335765352740406,0.027797663720799688,0.0,0.0,9.187157718492308,False
1782953541.6337368,62.90466856956482,6.899641870934842,1.6351987551173202,0.027798222365588765,0.0,0.0,8.507255890835342,False
1782953541.7295394,63.000471115112305,6.904298359111864,1.635989980749738,0.027798503529648782,0.0,0.0,8.283730134284937,False
1782953541.8025088,63.07344055175781,6.909726481930747,1.6369027032435024,0.027798870739557346,0.0,0.0,8.211503726292449,False
1782953541.8797088,63.1506404876709,6.921898178313672,1.6389132689744563,0.02779949499021649,0.0,0.0,8.690127213891882,False
1782953541.9622364,63.23316812515259,6.927801399215293,1.639876693024922,0.02779958612306257,0.0,0.0,9.140128604147165,False
1782953542.0383184,63.30925011634827,6.931963132272963,1.6405549395748158,0.02779955213792569,0.0,0.0,9.495958060045021,False
1782953542.113962,63.38489365577698,6.936086545993185,1.6412283224220912,0.027799448143443574,0.0,0.0,9.865623846085983,False
1782953542.1947112,63.46564292907715,6.950779717504569,1.6436900814836846,0.027797837757972434,0.0,0.0,10.630140672432457,False
1782953542.3018825,63.57281422615051,6.957071258205255,1.644778565413235,0.02779664466560959,0.0,0.0,10.7483624879132,False
1782953542.3964736,63.66740536689758,6.962100440902166,1.6456547795568657,0.027796033767696182,0.0,0.0,10.948289700512342,False
1782953542.4726126,63.74354434013367,6.97524910950986,1.647978696008725,0.027796749963782647,0.0,0.0,11.834822032640236,False
1782953542.5565221,63.82745385169983,6.982338201972307,1.6492622813770654,0.027798319045926567,0.0,0.0,12.425805999398746,False
1782953542.6701763,63.941107988357544,6.9886415173925975,1.6504395136112116,0.027799526021402673,0.0,0.0,12.812582344334583,False
1782953542.7890527,64.0599844455719,7.006510938416453,1.6539924117187197,0.027798437747496046,0.0,0.0,12.887848507746398,False
1782953542.8767242,64.1476559638977,7.012742275465951,1.6552810314511177,0.02779700893377254,0.0,0.0,12.690177035576705,False
1782953542.9532666,64.22419834136963,7.030348794102435,1.6589768014888915,0.027794471559999916,0.0,0.0,11.767492723411094,False
1782953543.0160532,64.28698492050171,7.034473600721715,1.6598448818616873,0.027794657060448466,0.0,0.0,11.514509589569435,False
1782953543.094971,64.36590266227722,7.038607475332093,1.6607124720295667,0.027795130278929124,0.0,0.0,11.25809765545094,False
1782953543.2088084,64.47974014282227,7.044858451961103,1.6620164226790242,0.0277961775390465,0.0,0.0,10.873603018245502,False
1782953543.301465,64.5723967552185,7.06394010780634,1.6658979095743203,0.02779865757241846,0.0,0.0,9.729108827085986,False
1782953543.3825612,64.65349292755127,7.069327448476636,1.6669581327830367,0.027798557868282458,0.0,0.0,9.44274334086178,False
1782953543.4640346,64.73496627807617,7.073473438483246,1.667766753264631,0.027798425257914837,0.0,0.0,9.321628281779796,False
1782953543.5917022,64.86263394355774,7.091523607708498,1.671214572022158,0.02779839766315952,0.0,0.0,9.80849608529017,False
1782953543.6770349,64.94796657562256,7.096848405473665,1.672213552883897,0.027798757840885147,0.0,0.0,10.196569769414774,False
1782953543.7586226,65.02955436706543,7.101193778270006,1.6730262340151338,0.027799128916819935,0.0,0.0,10.551210256244472,False
1782953543.9043186,65.17525029182434,7.115671951774289,1.6757476351025091,0.02779978232473227,0.0,0.0,11.760703305216445,False
1782953543.9878592,65.25879096984863,7.128301611879076,1.678204785360208,0.027797904174240193,0.0,0.0,12.066251415155689,False
1782953544.0861726,65.35710430145264,7.134550824946669,1.679447928017772,0.02779647373569117,0.0,0.0,12.027283504578293,False
1782953544.2035913,65.47452306747437,7.149339620657766,1.6824273781831671,0.027793879097330897,0.0,0.0,11.534406289754752,False
1782953544.2834232,65.55435490608215,7.1577940386048295,1.6841375636800076,0.027793880532651274,0.0,0.0,11.093602449672487,False
1782953544.3662493,65.63718104362488,7.173711787329723,1.6873244991025786,0.02779667175912701,0.0,0.0,10.16972346470151,False
1782953544.460297,65.73122882843018,7.180122598315355,1.6885834902387564,0.027797939710875023,0.0,0.0,9.799928614232662,False
1782953544.5346396,65.80557131767273,7.184267423147271,1.689390365823806,0.027798713192649992,0.0,0.0,9.651508868065958,True
1782953544.6122358,65.88316750526428,7.192142586354695,1.6909093887937987,0.027799924135332724,0.0,0.0,9.620644323858086,False
1782953544.6938374,65.96476912498474,7.204993199376029,1.693350671936291,0.027800263813480035,0.0,0.0,10.231288213511936,False
1782953544.7661798,66.03711152076721,7.209385098801158,1.6941784202398293,0.02779992294290333,0.0,0.0,10.564986677323724,False
1782953544.866331,66.13726282119751,7.21459763057076,1.6951605577391267,0.02779934961794155,0.0,0.0,10.972985826256302,False
1782953544.9569669,66.22789859771729,7.232022833110401,1.6984845083888658,0.02779664295853487,0.0,0.0,11.295316885905251,False
1782953545.0336142,66.30454587936401,7.237213063861256,1.699486686297498,0.02779585433003221,0.0,0.0,11.197300642017378,False
1782953545.1097383,66.3806700706482,7.24247056235229,1.7005045281032551,0.02779516156152785,0.0,0.0,11.030955328465817,False
1782953545.2019246,66.47285628318787,7.260560197993844,1.703996639717865,0.027794665073550433,0.0,0.0,10.151446787773825,False
1782953545.2824967,66.55342841148376,7.265935357652132,1.705021517659186,0.027795188912730764,0.0,0.0,9.851421424402627,False
1782953545.3770688,66.6480004787445,7.272486947785599,1.7062558396816854,0.027795983348750188,0.0,0.0,9.491368265332339,False
1782953545.4525907,66.72352242469788,7.290433792746831,1.709529071804583,0.02779735693381086,0.0,0.0,8.551086597808709,False
1782953545.5359159,66.80684757232666,7.295856222948137,1.7104894495939535,0.027797603014953046,0.0,0.0,8.394515049047616,False
1782953545.6072917,66.87822341918945,7.301009387127692,1.7113933969258124,0.027797964141687382,0.0,0.0,8.374510381890941,False
1782953545.6777697,66.94870138168335,7.313502239559,1.713549138741446,0.02779912040510127,0.0,0.0,8.849418253978994,False
1782953545.7496278,67.02055954933167,7.3198510208027825,1.7146299866811332,0.027799660644022443,0.0,0.0,9.299866188434036,False
1782953545.8107688,67.08170056343079,7.322512287413695,1.7150816514190819,0.027799826356265964,0.0,0.0,9.511271071245526,False
1782953545.8859117,67.15684342384338,7.326880894254836,1.7158228408102154,0.027799980422905893,0.0,0.0,9.876562006986422,False
1782953545.967493,67.23842477798462,7.340478404887393,1.7181496465633481,0.027799414177722657,0.0,0.0,11.06620170443387,False
1782953546.0793316,67.35026335716248,7.3469141350079905,1.7192869450691524,0.027798517957777238,0.0,0.0,11.359664077882726,False
1782953546.1684744,67.43940615653992,7.351823088760489,1.7201739131606184,0.027797662877055117,0.0,0.0,11.464595152455615,False
1782953546.2716913,67.5426230430603,7.368517069007601,1.723254217980482,0.027796945925414984,0.0,0.0,12.413683776322992,False
1782953546.3711305,67.64206218719482,7.372023384314081,1.7239164725762695,0.027797393063647674,0.0,0.0,12.70017271870627,False
1782953546.54832,67.81925177574158,7.388077019537347,1.727054287104972,0.027800185661093265,0.0,0.0,14.132860645315917,False
1782953546.6664786,67.93741035461426,7.399483169986044,1.7294216868700019,0.02780033345700436,0.0,0.0,15.196990659908332,False
1782953546.755691,68.0266227722168,7.408719234426517,1.7314649316322377,0.02779893919914528,0.0,0.0,15.536101959613374,False
1782953546.8638268,68.13475847244263,7.413057676545504,1.7324639758808305,0.027798159102391844,0.0,0.0,15.506558767527313,False
1782953546.9868171,68.25774884223938,7.431515672789101,1.7368872858302087,0.027797027033553492,0.0,0.0,14.498636852632478,False
1782953547.0861318,68.35706353187561,7.436841880037773,1.7381930578478462,0.027797506159618436,0.0,0.0,14.09288594567236,False
1782953547.178447,68.44937872886658,7.442202858841001,1.7395107867156117,0.02779814172160435,0.0,0.0,13.675499935401898,False
1782953547.2442265,68.51515817642212,7.45568172838609,1.7428076472769833,0.0277993072203896,0.0,0.0,12.61034179193555,False
1782953547.3174882,68.5884199142456,7.461091946683451,1.744113776491983,0.027799314456027895,0.0,0.0,12.180905586514992,False
1782953547.4050257,68.67595744132996,7.466463326774358,1.7453968806068423,0.02779909497914504,0.0,0.0,11.8352349570853,False
1782953547.4916668,68.76259851455688,7.4725593014134635,1.7468373033827644,0.027798784010784557,0.0,0.0,11.719090879551098,False
1782953547.6026585,68.87359023094177,7.485994146127283,1.7499557250295548,0.02779859805008765,0.0,0.0,12.298119502868257,False
1782953547.69489,68.96582174301147,7.4909081050866435,1.751083675668756,0.027798814866929814,0.0,0.0,12.694686869344654,False
1782953547.7860723,69.05700397491455,7.500595803611628,1.7533059107978683,0.027799397547986594,0.0,0.0,13.57422971203645,False
1782953547.89528,69.16621160507202,7.508615620210537,1.7551611531962648,0.027799599346218527,0.0,0.0,14.252161957203656,False
1782953547.9960108,69.26694250106812,7.5203086511635995,1.7579238364360155,0.027798883089207953,0.0,0.0,14.355290412014115,False
1782953548.0786312,69.34956288337708,7.526225669523201,1.7593427003262645,0.02779836511023507,0.0,0.0,14.092320038092259,False
1782953548.1602101,69.43114185333252,7.532907980563955,1.7609529792212242,0.027798017047874372,0.0,0.0,13.62135121213108,False
1782953548.2942824,69.56521415710449,7.545936129574202,1.7640867235180968,0.02779861851248331,0.0,0.0,12.462257039967392,False
1782953548.3612442,69.6321759223938,7.549943768851901,1.7650416811498557,0.027799021094401723,0.0,0.0,12.08266078733959,False
1782953548.4559026,69.72683429718018,7.563431288804393,1.7681922263104335,0.027799864379654135,0.0,0.0,10.791230176692604,False
1782953548.5458488,69.81678056716919,7.568156530196955,1.7692655630150498,0.027799771720549652,0.0,0.0,10.549641521142979,False
1782953548.6456552,69.91658687591553,7.572869709463499,1.7703185952941936,0.027799506913667487,0.0,0.0,10.514191959321973,False
1782953548.7305932,70.00152492523193,7.583051273183684,1.7725415279617251,0.027798797693445003,0.0,0.0,10.995802716600718,False
1782953548.8355625,70.10649418830872,7.590081722513203,1.774048596231218,0.02779858673217066,0.0,0.0,11.588134081496388,False
1782953548.9650912,70.23602294921875,7.596320738203631,1.775378617837021,0.027798704652258345,0.0,0.0,12.174282513525277,False
1782953549.046862,70.31779360771179,7.608772431909653,1.778047286711326,0.02779935296765452,0.0,0.0,13.390419111792816,False
1782953549.1820834,70.45301508903503,7.614209174232444,1.7792307185229452,0.02779953112434801,0.0,0.0,13.797031608369474,False
1782953549.2687109,70.53964257240295,7.618864050558901,1.7802565722751726,0.027799551287092286,0.0,0.0,13.895218441065863,False
1782953549.3624253,70.63335704803467,7.632031999056932,1.7832137814837214,0.02779911003326695,0.0,0.0,13.283456704296853,False
1782953549.4636033,70.73453497886658,7.6366748294245514,1.7842678456971648,0.02779893810873865,0.0,0.0,12.882695730069669,False
1782953549.5627337,70.83366537094116,7.640543100881122,1.785146645143647,0.027798849725629977,0.0,0.0,12.522713840547933,False
1782953549.6869168,70.95784854888916,7.655245023234521,1.788456513481889,0.02779905741710893,0.0,0.0,11.086287885572244,False
1782953549.7926738,71.0636055469513,7.660665534882295,1.7896517904068112,0.027799230127040334,0.0,0.0,10.549857114943237,False
1782953549.8887663,71.15969800949097,7.673845067564604,1.7924717421055396,0.027799363501228146,0.0,0.0,10.081150578170748,False
1782953549.9873984,71.25833010673523,7.678501911277793,1.793439411112151,0.0277992857480954,0.0,0.0,10.27503945160449,False
1782953550.081829,71.35276079177856,7.68316084885844,1.794396313910565,0.027799174664037744,0.0,0.0,10.593892692974341,False
1782953550.2175245,71.48845624923706,7.6979205336676255,1.7973947159491845,0.027798961059212916,0.0,0.0,11.93847496911887,False
1782953550.3356805,71.60661220550537,7.7033576466442515,1.7985027451363529,0.027799006694826565,0.0,0.0,12.41461676071802,False
1782953550.4209385,71.69187021255493,7.71500215717482,1.8009078832934247,0.02779921008945231,0.0,0.0,12.472066582796355,False
1782953550.5250015,71.79593324661255,7.7196577513587386,1.8018805095200006,0.02779926523925667,0.0,0.0,12.207553378876653,False
1782953550.620406,71.89133763313293,7.725864431121031,1.803181224250064,0.02779927639185089,0.0,0.0,11.711231315793245,False
1782953550.713705,71.98463678359985,7.734399644954896,1.8049650095117546,0.02779918997617165,0.0,0.0,10.915525930349569,False
1782953550.8029633,72.07389497756958,7.7437159902593145,1.8068852710162417,0.027799069276288956,0.0,0.0,10.00530448811443,False
1782953550.919618,72.19054961204529,7.749154541205181,1.8079848518636237,0.027799038694573477,0.0,0.0,9.64604528849582,False
1782953551.004403,72.27533483505249,7.762376146733488,1.810583777214824,0.027799121072939182,0.0,0.0,9.905562426668055,False
1782953551.0801413,72.3510730266571,7.766267743268616,1.8113333069570925,0.027799162364405102,0.0,0.0,10.191117377294283,False
1782953551.1548152,72.42574691772461,7.77016007615445,1.8120792416597906,0.02779919648505096,0.0,0.0,10.522233487746515,False
1782953551.2256346,72.49656629562378,7.781837733433806,1.814315175222044,0.027799209618542677,0.0,0.0,11.625854265891707,False
1782953551.3099463,72.58087801933289,7.787285565678816,1.8153680387004936,0.027799173478291136,0.0,0.0,12.159040721618878,False
1782953551.3727398,72.64367151260376,7.79039756686797,1.8159749738573159,0.02779914817201578,0.0,0.0,12.40945408621,False
1782953551.4571123,72.72804403305054,7.794286247209347,1.816740197795003,0.027799118164507086,0.0,0.0,12.561211524162447,False
1782953551.562003,72.83293461799622,7.809050809591184,1.8197094944947276,0.027799093943969583,0.0,0.0,12.034759946345474,False
1782953551.6415162,72.91244792938232,7.812934184328728,1.8205012155948215,0.0277991131321108,0.0,0.0,11.710852765017895,False
1782953551.7198095,72.99074125289917,7.816817420345316,1.8212938267865117,0.027799136669362765,0.0,0.0,11.358171275325683,False
1782953551.7886796,73.0596113204956,7.823808088255692,1.8227167861793943,0.02779917431241134,0.0,0.0,10.689804272869898,False
1782953551.8716247,73.1425564289093,7.833133583654479,1.8245911868621734,0.02779918559167304,0.0,0.0,9.775803527756077,False
1782953551.9663746,73.23730635643005,7.837799413471166,1.8255123605371575,0.02779917248266626,0.0,0.0,9.316059337983088,True
1782953552.0425334,73.3134651184082,7.841689562749655,1.8262694988395194,0.02779915583705508,0.0,0.0,9.062445649863879,False
1782953552.124024,73.3949556350708,7.854150249753544,1.8286259007217391,0.02779911078168069,0.0,0.0,9.195064280432268,False
1782953552.2001786,73.4711103439331,7.8572678702130725,1.8292018048425174,0.02779910861322445,0.0,0.0,9.397160129666117,False
1782953552.2751734,73.54610514640808,7.861165831243748,1.8299168264648624,0.02779911218927054,0.0,0.0,9.70373952865481,False
1782953552.353173,73.62410473823547,7.874421973220392,1.8323337826238177,0.02779915267883924,0.0,0.0,10.934203734405685,False
1782953552.4154267,73.68635845184326,7.877540683759346,1.8329050435855387,0.02779916096223239,0.0,0.0,11.237935579619924,False
1782953552.4922986,73.7632303237915,7.881438314371566,1.83362330995883,0.027799167206466913,0.0,0.0,11.530033655696128,False
1782953552.5710564,73.84198808670044,7.8853348867542135,1.8343472773551956,0.027799168100202568,0.0,0.0,11.651796573421201,False
1782953552.6418421,73.91277384757996,7.894682362139689,1.8361077543019637,0.027799151784422178,0.0,0.0,11.429899588154415,False
1782953552.7449007,74.01583242416382,7.902468943277737,1.8375910874720938,0.027799132061231017,0.0,0.0,10.853841851858986,False
1782953552.8241565,74.0950882434845,7.90636206467634,1.8383339121357194,0.027799125476208362,0.0,0.0,10.505486506368397,False
1782953552.8984957,74.16942739486694,7.918823843041941,1.8406913662487874,0.027799130602080294,0.0,0.0,9.309391020262616,False
1782953552.992146,74.26307773590088,7.923499867385246,1.8415597561641568,0.02779913981348355,0.0,0.0,8.850914381740463,False
1782953553.1027975,74.37372922897339,7.928178099043216,1.8424155437934393,0.027799149044018992,0.0,0.0,8.446773369133366,False
1782953553.2156954,74.4866271018982,7.935980645259972,1.8438097409688499,0.02779915782877926,0.0,0.0,8.080489548351729,False
1782953553.312904,74.58383560180664,7.944571631761851,1.8452943951196659,0.02779915349774776,0.0,0.0,7.402143409081976,False
1782953553.4024582,74.67338991165161,7.9555193914193065,1.8470971977979846,0.027799137437561364,0.0,0.0,6.370617379850473,False
1782953553.5102713,74.78120303153992,7.960999631844651,1.8479562068834803,0.027799132322073008,0.0,0.0,5.83767769891345,False
1782953553.6046157,74.87554740905762,7.968052225905492,1.849014300308411,0.027799132607766775,0.0,0.0,5.37762549607037,False
1782953553.7360115,75.0069432258606,7.980607292447156,1.8507713501095502,0.02779914572769276,0.0,0.0,5.661184094664761,False
1782953553.8501637,75.12109541893005,7.986891341681181,1.851603931303635,0.027799150822137277,0.0,0.0,6.141389783935532,False
1782953553.9557974,75.22672915458679,7.9900345023563775,1.8520127871490164,0.02779915171671087,0.0,0.0,6.418208196698525,False
1782953554.039875,75.31080675125122,7.9971084000037305,1.852922326249106,0.027799149485615376,0.0,0.0,7.0794264893464405,False
1782953554.1157818,75.38671350479126,8.005755696437644,1.8540288196721921,0.027799142126736804,0.0,0.0,7.420209342135304,False
1782953554.2125201,75.48345184326172,8.012044849156235,1.854835052409222,0.027799137484280603,0.0,0.0,7.264467526909299,False
1782953554.2898822,75.5608139038086,8.023838486818693,1.8563398961755055,0.027799137215236993,0.0,0.0,6.396828616763989,False
1782953554.3995373,75.67046904563904,8.02934377106966,1.8570306446904115,0.027799140448525737,0.0,0.0,5.888518148799307,False
1782953554.4991226,75.77005434036255,8.037211333676575,1.8579937620906217,0.027799145573912193,0.0,0.0,5.134166257285675,False
1782953554.6393883,75.91032004356384,8.049808627214029,1.85945151808599,0.027799147506730102,0.0,0.0,3.9095757414772017,False
1782953554.7328022,76.00373387336731,8.056900396670093,1.8602142375311062,0.027799144726482115,0.0,0.0,3.505698578933797,False
1782953554.8328297,76.10376143455505,8.067151369988682,1.861239607835969,0.027799140198868814,0.0,0.0,3.1925440776875553,False
1782953554.9338076,76.2047393321991,8.072677091875287,1.8617563457667352,0.02779913767815014,0.0,0.0,2.790189937307112,False
1782953555.0536366,76.32456827163696,8.086121852564219,1.8628980254884973,0.027799129729164256,0.0,0.0,1.5685626151037215,False
1782953555.136531,76.40746283531189,8.090085949629351,1.8631997091014916,0.02779912611238313,0.0,0.0,1.1901995090236304,False
1782953555.2252707,76.49620246887207,8.102894529073888,1.8640483566786736,0.027799058621791276,0.0,0.0,359.97720875557724,False
1782953555.3004768,76.57140851020813,8.106937597427528,1.86427389183438,0.027799024750918437,0.0,0.0,359.59924868987633,False
1782953555.403581,76.6745126247406,8.111840007818161,1.8645174741498602,0.02779896704536343,0.0,0.0,359.14900454263824,False
1782953555.5347223,76.80565404891968,8.126839287337193,1.865056885924869,0.027798767394121578,0.0,0.0,357.80892759220694,False
1782953555.659748,76.93067979812622,8.138688587566985,1.8652651197728825,0.027798736435040508,0.0,0.0,356.76756473970124,False
1782953555.7709758,77.04190754890442,8.149596765036463,1.8652976180768859,0.027798924406822058,0.0,0.0,356.35850879854604,False
1782953555.9217057,77.19263744354248,8.154578166746003,1.8652660384652926,0.027799053481757204,0.0,0.0,356.45132243366055,False
1782953556.0664618,77.33739352226257,8.171692277712141,1.8649097110442066,0.02779832106180046,0.0,0.0,356.03093911015935,False
1782953556.1686375,77.43956923484802,8.180341934515853,1.8646150551605654,0.02779747892465818,0.0,0.0,355.53127872379906,False
1782953556.2610312,77.53196287155151,8.190201540605692,1.8641942334107753,0.027796727484603895,0.0,0.0,354.9015143309509,False
1782953556.349663,77.62059473991394,8.203318535619902,1.863491917392447,0.027796678528171716,0.0,0.0,354.04953334629795,False
1782953556.504143,77.77507472038269,8.211512295896114,1.8629691101590482,0.0277971087700539,0.0,0.0,353.52119848412167,False
1782953556.6037688,77.87470054626465,8.229162012170468,1.8616168480610553,0.027797872543416778,0.0,0.0,352.4018548020333,False
1782953556.7113316,77.9822633266449,8.238615276881518,1.8607626709340443,0.027797730165089206,0.0,0.0,351.81341079552885,False
1782953556.8310626,78.10199427604675,8.24793174257203,1.859840363377709,0.027797484287079774,0.0,0.0,351.43882095965824,False
1782953556.9326856,78.20361733436584,8.262146672870534,1.8583306797613826,0.02779848040334246,0.0,0.0,351.759900011117,False
1782953557.050899,78.32183074951172,8.268410691736616,1.8576298648077358,0.027799266231951263,0.0,0.0,352.1778575462118,False
1782953557.1510627,78.42199444770813,8.282183919406577,1.8560447988477815,0.027800242785426837,0.0,0.0,353.3356087029414,False
1782953557.266981,78.537912607193,8.288041168931063,1.8553657532599817,0.027800001099402658,0.0,0.0,353.8676254268314,False
1782953557.3573024,78.62823414802551,8.298995266120436,1.8541183395179217,0.02779877771230103,0.0,0.0,354.7636868797537,False
1782953557.4460707,78.71700239181519,8.307656983448199,1.8531844586710184,0.027797311938865282,0.0,0.0,355.0050948478049,False
1782953557.568559,78.83949065208435,8.320388061588998,1.8518810190958341,0.027795090577229464,0.0,0.0,354.9566068737364,False
1782953557.6611063,78.93203806877136,8.333905605720583,1.8505477069185774,0.027793238190445605,0.0,0.0,354.5682435935751,False
1782953557.7487936,79.01972532272339,8.340882638580597,1.8498663142471095,0.027792764240841553,0.0,0.0,354.2991422122303,False
1782953557.8239493,79.09488105773926,8.34913071986234,1.8490574564774014,0.027792879730785192,0.0,0.0,353.94935675201316,False
1782953557.9226375,79.19356918334961,8.36709398897974,1.8472481902012483,0.027795049418333675,0.0,0.0,353.144866403022,False
1782953557.9970214,79.26795315742493,8.373210427529878,1.8466077234648353,0.02779575232872309,0.0,0.0,352.8777122020177,False
1782953558.0767,79.34763169288635,8.379407213296828,1.84594245090342,0.027796145987199025,0.0,0.0,352.61546453415053,False
1782953558.2006903,79.47162199020386,8.401016615971963,1.8434749946233728,0.02779459183799814,0.0,0.0,351.75918483414864,False
1782953558.4385107,79.70944237709045,8.43548160013401,1.8390050106315576,0.02779069500351395,0.0,0.0,350.5594432622008,False
1782953558.5297573,79.80068898200989,8.442238687900861,1.8380491751454413,0.02779076392622764,0.0,0.0,350.33870883163155,False
1782953558.622173,79.89310479164124,8.45044758554916,1.8368513012251293,0.027791026141902632,0.0,0.0,350.08502152509317,False
1782953558.7139277,79.98485946655273,8.474424217940756,1.8331264509705432,0.02779092468729022,0.0,0.0,349.4478831382672,False
1782953558.7969089,80.06784057617188,8.481573836738384,1.831955968958843,0.02779056190241981,0.0,0.0,349.2709306547319,False
1782953558.8904483,80.16138005256653,8.49438979762348,1.8297953869539576,0.027789957191356632,0.0,0.0,348.94465600300805,False
1782953559.000113,80.27104473114014,8.515784222480038,1.8260085520180267,0.027789570400412706,0.0,0.0,348.4058931656038,False
1782953559.1039257,80.3748574256897,8.5256043538972,1.8242003347660618,0.027790137960136314,0.0,0.0,348.22878642555065,False
1782953559.1876423,80.45857405662537,8.534313030429546,1.8225817964255613,0.02779307472163161,0.0,0.0,348.29220103808984,False
1782953559.2714486,80.54238033294678,8.549600058558669,1.8197085416364003,0.027801293618648814,0.0,0.0,348.9777045921165,False
1782953559.3530862,80.62401795387268,8.556622458576767,1.8183753406405356,0.02780288632622434,0.0,0.0,349.26366198093046,False
1782953559.4312234,80.70215511322021,8.563010818621137,1.81716271165875,0.02780239203399762,0.0,0.0,349.4549389501559,False
1782953559.4913995,80.76233124732971,8.58403561397677,1.8132090771485008,0.027791490260417405,0.0,0.0,349.88200833809447,False
1782953559.5705872,80.84151887893677,8.591411472207986,1.8118401740331753,0.027786300414760632,0.0,0.0,349.99173711341564,False
1782953559.6475909,80.91852259635925,8.59884456575088,1.8104707185329216,0.02778168311121523,0.0,0.0,350.08372562234115,False
1782953559.7088814,80.97981309890747,8.604810344243953,1.8093789546503953,0.027778908997612983,0.0,0.0,350.1449068281861,False
1782953559.8054996,81.07643127441406,8.628513846101182,1.8051016639881479,0.027780320289889963,0.0,0.0,350.25869991426094,True
1782953559.8836403,81.15457201004028,8.635736191467496,1.8038145923574895,0.02778469330665953,0.0,0.0,350.2292191333343,False
1782953559.9668307,81.23776245117188,8.644317264502343,1.8022926097843508,0.02779092947222731,0.0,0.0,350.1511550909885,False
1782953560.0584865,81.32941818237305,8.666954201363398,1.7982914904083944,0.02780204001862682,0.0,0.0,349.76117354983603,False
1782953560.1335874,81.40451908111572,8.672584255344077,1.7972933503739923,0.027801927813020533,0.0,0.0,349.6351259354838,False
1782953560.205817,81.47674870491028,8.68243431645328,1.7955378386728245,0.027798840264451938,0.0,0.0,349.4001181711554,False
1782953560.2897475,81.5606791973114,8.703642789573784,1.7916941748275879,0.027786926586609667,0.0,0.0,348.8754312528852,False
1782953560.3782914,81.64922308921814,8.71226431122966,1.790097890381095,0.027783481844574544,0.0,0.0,348.6769964863434,False
1782953560.4609022,81.73183393478394,8.719532657734431,1.788734453339222,0.027782096711245485,0.0,0.0,348.52130040184255,False
1782953560.5356977,81.80662941932678,8.743298584181364,1.784157731837037,0.027785533831261713,0.0,0.0,348.0903540771315,False
1782953560.613308,81.8842396736145,8.750840670593094,1.7826677151262413,0.027787594925630352,0.0,0.0,347.9732261994664,False
1782953560.6933248,81.96425652503967,8.758433705382135,1.7811497541805859,0.027789258705384474,0.0,0.0,347.86685212357594,False
1782953560.7771332,82.0480649471283,8.773686879649308,1.778049331504763,0.02779040543856224,0.0,0.0,347.67636408201616,False
1782953560.8638353,82.13476705551147,8.792019807384237,1.7742386763644697,0.02778823267608707,0.0,0.0,347.46142516526356,False
1782953560.9439833,82.21491503715515,8.799688982290304,1.7726185012694218,0.027786834736523925,0.0,0.0,347.3794578039628,False
1782953561.0229394,82.2938711643219,8.808888869834906,1.7706560162047957,0.027785424978962518,0.0,0.0,347.2929548709267,False
1782953561.0896103,82.3605420589447,8.827181801774751,1.7666976588094603,0.02778485602006985,0.0,0.0,347.16734678041865,False
1782953561.2096694,82.4806010723114,8.839272574628904,1.7640449617651515,0.027786193401952035,0.0,0.0,347.1230665543873,False
1782953561.3370352,82.60796689987183,8.848227039644138,1.7620649368055235,0.02778779140165877,0.0,0.0,347.1211623972483,False
1782953561.4156268,82.68655848503113,8.871385715868206,1.7569027004722704,0.027792347687033536,0.0,0.0,347.32039639708114,False
1782953561.5375483,82.80848002433777,8.881304871899832,1.754683880933417,0.02779337849543583,0.0,0.0,347.49035996372436,False
1782953561.640896,82.91182780265808,8.892526066273378,1.7521784728804435,0.027793546508984145,0.0,0.0,347.73149506748166,False
1782953561.7578506,83.0287823677063,8.914662966052536,1.747284400057308,0.027791859806338248,0.0,0.0,348.31663126113773,False
1782953561.8511121,83.12204384803772,8.925776736457816,1.7448706603066866,0.027790739134416258,0.0,0.0,348.61945202942934,False
1782953561.9399827,83.21091437339783,8.934436656195766,1.7430192821405583,0.027789540020233653,0.0,0.0,348.80809220435054,False
1782953562.0218828,83.29281449317932,8.949306292884556,1.7398995238736763,0.02778731054186901,0.0,0.0,349.0657848060522,False
1782953562.0929744,83.36390614509583,8.9659842892891,1.7364828272227268,0.02778529146267206,0.0,0.0,349.28716468045144,False
1782953562.1761143,83.44704604148865,8.973590849036398,1.7349508603610124,0.02778480599563435,0.0,0.0,349.36677707558727,False
1782953562.3037481,83.57467985153198,9.000980686533882,1.729554356251487,0.027785998037637847,0.0,0.0,349.5618627348142,False
1782953562.4500299,83.72096157073975,9.0131568206591,1.7272070477459243,0.027787595154930265,0.0,0.0,349.6093638487557,False
1782953562.5481954,83.8191270828247,9.04212587082425,1.721717627742539,0.027789870372928814,0.0,0.0,349.6440314580422,False
1782953562.6535199,83.92445158958435,9.05129092844846,1.72000171239315,0.02778939042596719,0.0,0.0,349.63422425909334,False
1782953562.7587724,84.0297040939331,9.060474632794877,1.718289226373646,0.027788324246401236,0.0,0.0,349.61721849313653,False
1782953562.844464,84.11539578437805,9.086389007554688,1.7134788805967534,0.027785190587869556,0.0,0.0,349.50621160538657,False
1782953562.9259386,84.19687032699585,9.093989689977011,1.7120700398209296,0.027785013725720505,0.0,0.0,349.4565192907261,False
1782953563.00661,84.27754163742065,9.101592139894741,1.7106599615566958,0.027785334024614333,0.0,0.0,349.4010672889806,False
1782953563.0942206,84.36515235900879,9.1152807662157,1.7081156132969113,0.027786922440757682,0.0,0.0,349.28819251405406,False
1782953563.1731477,84.44407939910889,9.135072213316136,1.7044151908929424,0.027789462851389446,0.0,0.0,349.10251979546484,False
1782953563.2510283,84.52196002006531,9.141172754659062,1.7032674018876934,0.0277897868507142,0.0,0.0,349.04229711371335,False
1782953563.311635,84.58256673812866,9.164192073800349,1.6988974408769657,0.02778801263405351,0.0,0.0,348.82707749167156,False
1782953563.3780415,84.64897322654724,9.171898988638496,1.6974192552490264,0.02778677641565388,0.0,0.0,348.75945099663386,False
1782953563.4411192,84.7120509147644,9.178079859624754,1.6962279218778498,0.02778578737924903,0.0,0.0,348.7080223443075,False
1782953563.5180702,84.78900194168091,9.185814247882961,1.69472978119973,0.0277847605487441,0.0,0.0,348.6476670222225,False
1782953563.5786588,84.84959053993225,9.205874894744015,1.6908064607801898,0.027784324677430736,0.0,0.0,348.5198980275926,False
1782953563.6447537,84.91568541526794,9.215104655172688,1.688983791936123,0.027785244485840008,0.0,0.0,348.47585362823594,False
1782953563.7230306,84.99396228790283,9.222773399768364,1.6874615824439574,0.027786351396705967,0.0,0.0,348.44770451215675,False
1782953563.8228137,85.093745470047,9.23195911604308,1.6856295762160898,0.027787763130890344,0.0,0.0,348.42358856701924,False
1782953563.9089696,85.17990136146545,9.25797698649659,1.680397168529343,0.027789448449964248,0.0,0.0,348.3993982340837,False
1782953563.9865997,85.25753140449524,9.265624831379188,1.6788495380341093,0.027788995251611198,0.0,0.0,348.40521013957004,False
1782953564.0650253,85.33595705032349,9.273289859227093,1.6772952260443574,0.027788169264150456,0.0,0.0,348.4138825569772,False
1782953564.1402354,85.41116714477539,9.297917163975402,1.6722869435038736,0.027785038776330217,0.0,0.0,348.4537566860836,False
1782953564.220394,85.49132561683655,9.305627962183362,1.6707163523163868,0.027784553937183265,0.0,0.0,348.4700955935579,False
1782953564.3010364,85.57196807861328,9.313338163018228,1.6691455290268864,0.02778449010247397,0.0,0.0,348.48886874789315,False
1782953564.3676085,85.63854026794434,9.330265810363636,1.6656977677948863,0.02778574001877811,0.0,0.0,348.5438312890732,False
1782953564.4427962,85.7137279510498,9.344075661500906,1.6628888597278748,0.02778745737976555,0.0,0.0,348.60573698794065,False
1782953564.5224307,85.7933623790741,9.351740033445948,1.661332625433355,0.027788282249652504,0.0,0.0,348.6461606334599,False
1782953564.5968275,85.86775922775269,9.359389539456743,1.6597819766294173,0.027788856688804743,0.0,0.0,348.6921710027593,False
1782953564.676159,85.94709062576294,9.383667117185507,1.6548842963400396,0.027788802691902596,0.0,0.0,348.89536152002813,False
1782953564.7858095,86.05674123764038,9.394220911143025,1.6527708665410192,0.02778818575553911,0.0,0.0,349.0092061678207,False
1782953564.8644598,86.13539147377014,9.401807853792418,1.6512595510165269,0.02778761582567834,0.0,0.0,349.0890778803122,False
1782953564.9400291,86.21096086502075,9.423230942958044,1.6470333204183323,0.027786310955331624,0.0,0.0,349.2979408401587,False
1782953565.0363643,86.30729603767395,9.433965414741063,1.6449398889146312,0.02778614184227105,0.0,0.0,349.383302928101,False
1782953565.1350472,86.40597891807556,9.441596060758574,1.6434614912554328,0.027786291752907918,0.0,0.0,349.42938388738776,False
1782953565.244214,86.515145778656,9.462689119709449,1.6394129656091718,0.027787832197052928,0.0,0.0,349.4685605208945,False
1782953565.3239474,86.59487915039062,9.474674636132102,1.6371332051036651,0.027788905926384076,0.0,0.0,349.4397055795557,False
1782953565.4545596,86.7254912853241,9.486641013820766,1.634866757636318,0.02778977521300023,0.0,0.0,349.3767116660754,False
1782953565.5457294,86.81666111946106,9.501538829114965,1.6320506180070793,0.0277902883834405,0.0,0.0,349.24696831964764,False
1782953565.630788,86.90171980857849,9.522469483478035,1.6280846025042275,0.027789150698550938,0.0,0.0,349.0117334464341,False
1782953565.7104027,86.98133444786072,9.529937633660262,1.6266620732256254,0.027788430260850663,0.0,0.0,348.914366672613,False
1782953565.8178146,87.0887463092804,9.541837292562112,1.6243828664918363,0.027787461692184993,0.0,0.0,348.7413127863703,False
1782953565.9242125,87.19514417648315,9.567165759959765,1.619459677378355,0.027787231433952914,0.0,0.0,348.3494535310391,False
1782953566.037415,87.30834674835205,9.577603341570583,1.6173955766115833,0.02778792676012228,0.0,0.0,348.18192120610604,False
1782953566.1461008,87.41703248023987,9.604215895051386,1.6120233736390643,0.027789974633737505,0.0,0.0,347.71032663696866,False
1782953566.2477288,87.51866054534912,9.61150406841132,1.6105219055934639,0.02779031696835362,0.0,0.0,347.56267829967146,False
1782953566.361367,87.63229870796204,9.639093925515652,1.604696261891975,0.02779000365183452,0.0,0.0,346.97966778421613,False
1782953566.437116,87.70804762840271,9.646328430025633,1.6031287341832632,0.0277897195613499,0.0,0.0,346.8220727492296,False
1782953566.5159552,87.7868869304657,9.652087730857536,1.6018685207391528,0.027789561502235046,0.0,0.0,346.69217337437965,False
1782953566.6111064,87.88203811645508,9.66071358824021,1.5999593892073063,0.027789423695691765,0.0,0.0,346.4956084732038,False
1782953566.694866,87.96579766273499,9.68528078987553,1.5943700026091134,0.02778930157725689,0.0,0.0,345.95794015734623,False
1782953566.8276784,88.09861016273499,9.696939721966054,1.59163644776288,0.027789137323189522,0.0,0.0,345.72052434562335,False
1782953566.9061959,88.17712759971619,9.704273949237587,1.5898898921270208,0.027788909786494585,0.0,0.0,345.5850767959161,True
1782953566.9834232,88.25435495376587,9.729170529275027,1.5838184568013325,0.027788240555192346,0.0,0.0,345.31398850941537,False
1782953567.0620625,88.33299422264099,9.736420686151785,1.5820141106298184,0.027788344044471613,0.0,0.0,345.28835061364634,False
1782953567.1899548,88.46088647842407,9.746666402061326,1.5794396625417897,0.02778845510996729,0.0,0.0,345.2693390318112,False
1782953567.288228,88.55915975570679,9.768949536514741,1.5737930598495609,0.027797257501461375,0.0,0.0,344.5302279996508,False
1782953567.3583703,88.62930202484131,9.774217128681695,1.5724460735951227,0.027800517550633286,0.0,0.0,344.187167314527,False
1782953567.4383807,88.70931243896484,9.77923646180647,1.5711543741060265,0.027803066578631765,0.0,0.0,343.8242250821346,False
1782953567.5090501,88.77998185157776,9.792330636337498,1.5677293696403338,0.027804075078168962,0.0,0.0,342.76738020558946,False
1782953567.574262,88.84519362449646,9.797626688540774,1.566313508017678,0.027802007060290942,0.0,0.0,342.3083655707337,False
1782953567.6527817,88.92371344566345,9.80193367332406,1.5651457050407347,0.02779977875962778,0.0,0.0,341.9250835425839,False
1782953567.7321334,89.00306510925293,9.806160081022005,1.563983691159284,0.02779759896189617,0.0,0.0,341.54147429785974,False
1782953567.8109617,89.08189344406128,9.819272648757304,1.5602603129525021,0.02779502371492821,0.0,0.0,340.31319016695767,False
1782953567.9071512,89.17808294296265,9.823327627867956,1.5590641992575867,0.027795923540904415,0.0,0.0,339.9365261516397,False
1782953567.9879105,89.25884222984314,9.827686950222914,1.5577323895373043,0.02779713426345047,0.0,0.0,339.6042772248269,False
1782953568.068068,89.33899974822998,9.843215967902683,1.552700057513622,0.027799541983227042,0.0,0.0,338.65898040554475,False
1782953568.206224,89.4771556854248,9.85038434780349,1.5503082750273314,0.027799893366584824,0.0,0.0,338.07570405662557,False
1782953568.2953875,89.56631922721863,9.855558029166987,1.5485502792396384,0.027799704359351016,0.0,0.0,337.62370475252305,False
1782953568.3840847,89.65501642227173,9.870358638612997,1.5433435688183377,0.027798385995130973,0.0,0.0,336.2477041628604,False
1782953568.4708061,89.74173784255981,9.874329302240586,1.5418958052540372,0.027798231025690574,0.0,0.0,335.86404650691594,False
1782953568.5579278,89.82885956764221,9.87903376979111,1.540149622439184,0.027798282547338616,0.0,0.0,335.40348300755574,False
1782953568.635637,89.90656876564026,9.892080660659701,1.535118178808686,0.027799309503601002,0.0,0.0,334.0982220105231,False
1782953568.6982918,89.9692234992981,9.893695618196052,1.5364327005773022,0.027533254011697417,0.0,0.0,333.77157439681224,False
1782953568.7824337,90.05336546897888,9.895886267114797,1.537853176873584,0.027268561356562627,0.0,0.0,333.375528105636,False
1782953568.869217,90.14014863967896,9.899236889533958,1.5394615213985614,0.02710730444417425,0.0,0.0,332.8316726383511,False
1782953568.9528582,90.22378993034363,9.907346405240869,1.5415840706633164,0.027608705643477543,0.0,0.0,331.67961318580535,False
1782953569.0766394,90.34757113456726,9.911261153371024,1.5423747907045513,0.027944688313161322,0.0,0.0,331.1236721832144,False
1782953569.173291,90.44422268867493,9.91800363167055,1.5447193514560311,0.028055506835601887,0.0,0.0,330.0651117364637,False
1782953569.3284056,90.59933733940125,9.925791317240149,1.5473854903164073,0.027738255417756572,0.0,0.0,328.84151242536433,False
1782953569.4581501,90.72908186912537,9.930433813589126,1.5489382585973768,0.027590673993392777,0.0,0.0,328.0988123276751,False
1782953569.5414367,90.81236839294434,9.935046725174484,1.5504417371410157,0.027574512998151158,0.0,0.0,327.3519802626338,False
1782953569.6396923,90.9106240272522,9.938771086954878,1.5513448701258516,0.02765301083213628,0.0,0.0,327.0146915613074,False
1782953569.746679,91.01761078834534,9.945674797694744,1.5519614883654795,0.0278755379326637,0.0,0.0,327.0876409842651,False
1782953569.8413332,91.11226487159729,9.950559277043652,1.5518128456828417,0.02797569949384847,0.0,0.0,327.47357091597405,False
1782953569.937533,91.20846462249756,9.958889921949277,1.5507481259840765,0.02793404455494898,0.0,0.0,328.3572608094311,False
1782953570.0337498,91.30468153953552,9.962885029287936,1.5499392471836348,0.027849046138893923,0.0,0.0,328.80176792887335,False
1782953570.116902,91.38783383369446,9.967617024414853,1.548789454010766,0.02774246464086988,0.0,0.0,329.33148130901264,False
1782953570.2039156,91.47484731674194,9.977950126519426,1.545699418716611,0.02765234913175092,0.0,0.0,330.4786355109993,False
1782953570.2989063,91.56983804702759,9.982136950830522,1.5442680942014353,0.027690535384534632,0.0,0.0,330.93869340967876,False
1782953570.3770702,91.64800190925598,9.985643162760544,1.5430059893141401,0.02774420450949906,0.0,0.0,331.32224823552536,False
1782953570.4703424,91.74127411842346,9.997315986238451,1.5388774805369374,0.027844064232340728,0.0,0.0,332.60477796794186,False
1782953570.5584326,91.82936429977417,10.001160033106922,1.5378558120910646,0.02777648105664313,0.0,0.0,333.0481485351099,False
1782953570.6450386,91.91597032546997,10.004436672254926,1.5369112769446496,0.027728482027533627,0.0,0.0,333.42533194242867,False
1782953570.7161512,91.98708295822144,10.008441463274531,1.5356802601150548,0.027694436615337898,0.0,0.0,333.8821432678553,False
1782953570.8430634,92.11399507522583,10.012419636615059,1.5345053395803299,0.027678740921042347,0.0,0.0,334.33674503284135,False
1782953570.9346993,92.20563101768494,10.017754198822292,1.5329300386503506,0.02769088308659996,0.0,0.0,334.9449633068248,False
1782953571.0255508,92.2964825630188,10.028579600244148,1.5296652012946808,0.027768703496935162,0.0,0.0,336.1663736205865,False
1782953571.106148,92.3770797252655,10.032002990157626,1.5286177433838775,0.027787149287461115,0.0,0.0,336.54898040199254,False
1782953571.1897018,92.46063351631165,10.035445417768132,1.527557769092042,0.027797505056279564,0.0,0.0,336.9319196624068,False
1782953571.3020518,92.57298350334167,10.047992331860975,1.5236410145583426,0.027778791658139658,0.0,0.0,338.3122799116482,False
1782953571.385737,92.6566686630249,10.052227610173555,1.5223007735405656,0.027766689254487328,0.0,0.0,338.77280882185454,False
1782953571.4619145,92.7328462600708,10.055777264702693,1.5211707058246726,0.02775978354083745,0.0,0.0,339.1567057254565,False
1782953571.5437663,92.81469798088074,10.067260792793505,1.5174740862395524,0.027767001861813686,0.0,0.0,340.3857678817693,False
1782953571.6220572,92.89298892021179,10.070887799358665,1.516294626765785,0.02777698171359553,0.0,0.0,340.7699081544533,False
1782953571.7162998,92.98723149299622,10.074532085677768,1.5151046438115803,0.027789583926769747,0.0,0.0,341.1539708273664,False
1782953571.79045,93.06138181686401,10.087036335572774,1.5110068389307059,0.02782380478860507,0.0,0.0,342.4594539139505,False
1782953571.8663313,93.13726305961609,10.090742406238297,1.5097960185747927,0.02782409093506954,0.0,0.0,342.84342029730004,False
1782953571.9657764,93.23670816421509,10.095203918731672,1.5083453664051476,0.02781793919924058,0.0,0.0,343.3041866809252,False
1782953572.0406113,93.31154298782349,10.105666593378873,1.5049889427970216,0.02779120949746909,0.0,0.0,344.37927140809217,False
1782953572.1027107,93.3736424446106,10.110922108313078,1.5033347718242906,0.02778188529794552,0.0,0.0,344.91676931384876,False
1782953572.198557,93.46948862075806,10.115438389869846,1.5019337815888765,0.027779845639453175,0.0,0.0,345.3774594833301,False
1782953572.2802267,93.55115842819214,10.11920969443103,1.5007798282409435,0.02778250433542313,0.0,0.0,345.76135904628995,False
1782953572.3512447,93.6221764087677,10.132081829990108,1.4969631283345781,0.02780607045025818,0.0,0.0,347.0666462814709,False
1782953572.4317183,93.70265007019043,10.135881778356186,1.4958755441752298,0.027811321213458005,0.0,0.0,347.4505793247396,False
1782953572.5077822,93.7787139415741,10.13968788439551,1.4948052753746666,0.027813740122552274,0.0,0.0,347.8345242235145,False
1782953572.5776396,93.84857130050659,10.144263182085846,1.493544778119235,0.02781257932687166,0.0,0.0,348.2952686016858,False
1782953572.6651812,93.93611288070679,10.156505065140594,1.4903182300930968,0.027796293137025092,0.0,0.0,349.5239139211259,False
1782953572.7553947,94.02632641792297,10.161110640747761,1.4891614498872845,0.027790766025785,0.0,0.0,349.9846352652195,False
1782953572.8217523,94.09268403053284,10.164185388636136,1.4884070273227579,0.02778862764085228,0.0,0.0,350.29177529144226,False
1782953572.8913822,94.16231393814087,10.170345146854855,1.4869393542948965,0.02778882338659273,0.0,0.0,350.90604254107905,False
1782953572.9761426,94.24707436561584,10.180383159985864,1.484674736301395,0.027798425006925725,0.0,0.0,351.9042238665823,False
1782953573.0527534,94.32368516921997,10.184253032266412,1.483844400951853,0.027802653102852497,0.0,0.0,352.28814911778994,False
1782953573.119243,94.39017462730408,10.188127817261972,1.4830370960374437,0.02780585533726357,0.0,0.0,352.67208195098243,False
1782953573.2138414,94.4847731590271,10.20133735392677,1.480467846099912,0.02780445986670736,0.0,0.0,353.9774925875109,False
1782953573.320898,94.59182977676392,10.20679160445508,1.4794902176629012,0.02779990799784875,0.0,0.0,354.5150149842333,False
1782953573.4097419,94.68067359924316,10.213816231238527,1.4783033080395604,0.02779458939628568,0.0,0.0,355.2061012046217,False
1782953573.5057387,94.77667045593262,10.22398524165191,1.4767297758663591,0.02779328407682018,0.0,0.0,356.2043088256633,False
1782953573.6105936,94.88152527809143,10.228686944545613,1.4760602898658788,0.027795413305404734,0.0,0.0,356.6650157370189,False
1782953573.692767,94.96369862556458,10.232608800101,1.4755299872470589,0.027797882497408975,0.0,0.0,357.0489399281498,False
1782953573.8031034,95.07403516769409,10.244393460971027,1.4740907570673287,0.027803748224229808,0.0,0.0,358.20073548124833,False
1782953573.9207232,95.191654920578,10.254627592853991,1.4730289660930775,0.027802411391082943,0.0,0.0,359.19898109121425,False
1782953574.0253088,95.29624056816101,10.264878019662463,1.472140942927691,0.02779759691980232,0.0,0.0,0.19722171728629104,True
1782953574.1529422,95.42387390136719,10.274351867162999,1.4714764551588,0.02779544184632025,0.0,0.0,1.1186567718325429,False
1782953574.2536006,95.52453231811523,10.284625371824887,1.470925625345528,0.027797643695750537,0.0,0.0,2.1168681764948345,False
1782953574.3402581,95.61118984222412,10.289369783032393,1.470730892380403,0.027799413378683274,0.0,0.0,2.5775832841932753,False
1782953574.4666147,95.73754644393921,10.3036100640374,1.4703728939741403,0.02780186993383574,0.0,0.0,3.9597483496750456,False
1782953574.56463,95.83556175231934,10.309149569118755,1.4703255064645526,0.027800959661395997,0.0,0.0,4.497261745036446,False
1782953574.6628723,95.93380403518677,10.31943731269373,1.4703742252695424,0.02779818432909743,0.0,0.0,5.4954964713758265,False
1782953574.7829003,96.05383205413818,10.328140487366046,1.470554441698965,0.02779701555951291,0.0,0.0,6.340147490585658,False
1782953574.8767815,96.14771318435669,10.339099114949775,1.4726045280346225,0.02788307577635018,0.0,0.0,6.858043579342466,False
1782953574.9695222,96.24045395851135,10.342828444220126,1.473535564507127,0.027883619389830788,0.0,0.0,7.093611528627801,False
1782953575.0606394,96.33157110214233,10.34957843173073,1.475475141705811,0.027850153400614263,0.0,0.0,7.59166040867882,False
1782953575.1602657,96.43119740486145,10.356882443458494,1.477889345788094,0.02780601556881776,0.0,0.0,8.21599161730887,False
1782953575.2385108,96.50944256782532,10.359926671072134,1.4789693176868572,0.027795971718230058,0.0,0.0,8.49633254945098,False
1782953575.3218277,96.59275937080383,10.362980438659514,1.4800832245763282,0.02779260595590693,0.0,0.0,8.786434852146483,False
1782953575.405438,96.67636966705322,10.368518513335708,1.4821544244327565,0.027800398162354464,0.0,0.0,9.329195271139719,False
1782953575.4983468,96.76927852630615,10.376650894404472,1.485248648299414,0.027822165174162434,0.0,0.0,10.149824245261778,False
1782953575.6230626,96.89399433135986,10.388871547149623,1.4898949604900376,0.027824724886475163,0.0,0.0,11.406039787743639,False
1782953575.6999502,96.97088193893433,10.392153849861458,1.4911317561670203,0.027819252885066946,0.0,0.0,11.745440805776447,False
1782953575.8046546,97.07558631896973,10.395462570773782,1.4923719697510525,0.027813213736684612,0.0,0.0,12.08798698254269,False
1782953575.9233408,97.19427251815796,10.408947322652539,1.497349416847913,0.02780143523761201,0.0,0.0,13.486365526409259,False
1782953576.0323439,97.30327558517456,10.413783847524043,1.4990774627078571,0.027802058420598668,0.0,0.0,13.817571699040164,False
1782953576.1029317,97.37386345863342,10.418716343719886,1.5007719360008702,0.02780156036108365,0.0,0.0,14.002821104451531,False
1782953576.1867402,97.45767188072205,10.428797313765408,1.5040850926371758,0.027798623247678775,0.0,0.0,14.821674399206476,False
1782953576.2691233,97.5400550365448,10.43245054787124,1.5052510311417333,0.02779767274377778,0.0,0.0,15.181103863878175,False
1782953576.356103,97.62703466415405,10.436125376170887,1.5064105571159019,0.027797087468755963,0.0,0.0,15.552623095405464,False
1782953576.4201634,97.69109511375427,10.448740436965986,1.5103274454509932,0.027798271960562483,0.0,0.0,16.846700262410266,False
1782953576.4960077,97.76693940162659,10.452476092555,1.5114788113379052,0.027799154808814334,0.0,0.0,17.2300403869902,False
1782953576.5625134,97.83344507217407,10.455470223659649,1.5124018210516805,0.02779982071313514,0.0,0.0,17.536933798877005,False
1782953576.6677022,97.9386339187622,10.46146960412469,1.514256440153165,0.02780070844162726,0.0,0.0,18.150997524324353,False
1782953576.747879,98.01881074905396,10.472740281061697,1.5177827444649459,0.02780011229619765,0.0,0.0,19.30269927862405,False
1782953576.841974,98.11290574073792,10.476499003121596,1.5189771539697097,0.027799462523451963,0.0,0.0,19.686625035551486,False
1782953576.927216,98.19814777374268,10.485515358939931,1.521892000669163,0.027798098254465872,0.0,0.0,20.60805384014128,False
1782953577.0107496,98.2816812992096,10.493767561050356,1.5246325309194217,0.02779796966833716,0.0,0.0,21.452696570608214,False
1782953577.0914397,98.36237144470215,10.49751261473039,1.5259023382445336,0.02779829814014973,0.0,0.0,21.836625064492463,False
1782953577.1836197,98.45455145835876,10.503495179111066,1.5279677165572012,0.027799078617322046,0.0,0.0,22.450911847482605,False
1782953577.2671554,98.5380871295929,10.513931366770615,1.5316885897060335,0.02780008201697075,0.0,0.0,23.52591968894675,False
1782953577.3417974,98.6127290725708,10.517646905889565,1.5330521181837058,0.02780009696950559,0.0,0.0,23.909852757293592,False
1782953577.4195416,98.69047331809998,10.52135571373725,1.5344346171127967,0.027799920961175756,0.0,0.0,24.29378628468949,False
1782953577.4967947,98.7677264213562,10.533174847717007,1.538990573593926,0.027798784795669985,0.0,0.0,25.522372778540355,False
1782953577.5715132,98.842444896698,10.53685189767761,1.540456759182759,0.02779852687162501,0.0,0.0,25.90630505615993,False
1782953577.6485453,98.9194769859314,10.540520637192115,1.5419436551945986,0.027798411993667473,0.0,0.0,26.290236840222356,False
1782953577.7145433,98.98547506332397,10.544180803683062,1.5434515063518883,0.027798452008416644,0.0,0.0,26.674168307242308,False
1782953577.7926216,99.06355333328247,10.555832837900436,1.5484198748137286,0.02779924325679659,0.0,0.0,27.90274968654405,False
1782953577.919775,99.19070672988892,10.561622541422068,1.5509871932942318,0.02779960402162059,0.0,0.0,28.517042104009192,False
1782953578.1127958,99.38372755050659,10.56810551884581,1.5539425950390915,0.027799689347478018,0.0,0.0,29.208122539966755,False
1782953578.242954,99.51388573646545,10.583100416488536,1.5611181014810427,0.027798924657523223,0.0,0.0,30.820644339337928,False
1782953578.385569,99.65650081634521,10.590877242820952,1.5650340873712276,0.027798720721568606,0.0,0.0,31.665296703969663,False
1782953578.471797,99.74272871017456,10.600693710022988,1.5701752394787227,0.027799011493236808,0.0,0.0,32.74030790597557,False
1782953578.5775976,99.84852933883667,10.606260809932845,1.5731921292417157,0.027799275020477583,0.0,0.0,33.35460058935565,False
1782953578.7470496,100.01798129081726,10.620721842815895,1.581384671946885,0.02779937048521624,0.0,0.0,34.96712199867239,False
1782953578.8593142,100.13024592399597,10.626914186520667,1.5850626435397852,0.027799105783409123,0.0,0.0,35.64910129026424,False
1782953578.9617176,100.23264932632446,10.631454172548034,1.5878702309715405,0.027798607675939457,0.0,0.0,36.04808818989664,False
1782953579.0803597,100.35129141807556,10.64838789579036,1.599061428070292,0.02779409338724594,0.0,0.0,36.67442584708555,False
1782953579.1705008,100.4414324760437,10.654725521032637,1.603365716733003,0.027793677761027414,0.0,0.0,36.5633565880749,False
1782953579.2836227,100.55455446243286,10.670061547457166,1.6139034336139138,0.02779893270130115,0.0,0.0,35.457302281593336,False
1782953579.406405,100.67733669281006,10.676024332459194,1.6180315983554179,0.027801380064628758,0.0,0.0,34.864879606947135,False
1782953579.52655,100.79748177528381,10.688158172810512,1.6264279954766498,0.027801479905772274,0.0,0.0,33.56928574644697,False
1782953579.686775,100.9577066898346,10.701912273880314,1.6358403250714388,0.02779703528121607,0.0,0.0,32.03450118194381,False
1782953579.805147,101.07607865333557,10.705305871988966,1.6381318345169158,0.027796682566120157,0.0,0.0,31.65060428312984,False
1782953579.9019258,101.17285752296448,10.71071682375319,1.6417530445762516,0.027797156886780406,0.0,0.0,31.036342288851404,False
1782953579.9940324,101.26496410369873,10.721509972484375,1.6488384379943848,0.0278000096738122,0.0,0.0,29.807781349900946,False
1782953580.0954728,101.36640453338623,10.725558529337148,1.6514434453563882,0.027800753589618147,0.0,0.0,29.34706394971482,False
1782953580.2078457,101.47877740859985,10.730964481896676,1.6548733221607888,0.027800918206362494,0.0,0.0,28.732770259795803,False
1782953580.3115442,101.58247590065002,10.742500808146595,1.6619964958525748,0.027798909385490313,0.0,0.0,27.427393152458357,False
1782953580.4344077,101.7053394317627,10.747275992230975,1.6648634819381074,0.027798086411256515,0.0,0.0,26.88988755463662,False
1782953580.513951,101.78488278388977,10.755501945330304,1.669686897110556,0.02779785794873545,0.0,0.0,25.96845366223431,False
1782953580.604599,101.87553071975708,10.76309045995967,1.6740050262002304,0.027798838414596506,0.0,0.0,25.12380676859015,False
1782953580.6827319,101.95366358757019,10.766555781755104,1.6759345538283832,0.027799389147745542,0.0,0.0,24.739875336743978,False
1782953580.7646198,102.03555154800415,10.773517352049288,1.6797302257339712,0.027800131145039014,0.0,0.0,23.97200954053808,False
1782953580.8507812,102.12171292304993,10.781926712158269,1.6841716393957007,0.027799934064250884,0.0,0.0,23.050566829760804,False
1782953580.9339328,102.20486450195312,10.785448665771039,1.685985144497781,0.027799568832035656,0.0,0.0,22.66663216928101,False
1782953581.0100396,102.28097128868103,10.788981273997324,1.6877765703458234,0.027799147180300937,0.0,0.0,22.28269789662263,False
1782953581.0973094,102.36824107170105,10.801071664429093,1.6936999697172297,0.027798344683165388,0.0,0.0,20.977326025627107,False
1782953581.178235,102.44916677474976,10.804650904796457,1.6953922569869417,0.027798449350366024,0.0,0.0,20.593394135131977,False
1782953581.254878,102.52580976486206,10.808240608092408,1.697061593054306,0.027798684509399506,0.0,0.0,20.209462269768363,False
1782953581.3360019,102.60693359375,10.819797053250628,1.7022475955385639,0.027799606710991263,0.0,0.0,18.980877808368326,False
1782953581.4116035,102.68253517150879,10.82342979362206,1.7038190262520727,0.02779973652337608,0.0,0.0,18.596944062339116,False
1782953581.5082407,102.77917242050171,10.827802255896788,1.705673521726682,0.027799723818890197,0.0,0.0,18.136223062398606,False
1782953581.5820067,102.85293841362,10.839530928617,1.7104508535604255,0.027799081721835556,0.0,0.0,16.907633601163916,False
1782953581.6751058,102.94603753089905,10.84395435224695,1.712178816542229,0.027798835638278098,0.0,0.0,16.446913325509342,False
1782953581.7554252,103.0263569355011,10.847650764843541,1.7135921079177547,0.027798712924042335,0.0,0.0,16.062980191007725,True
1782953581.8708363,103.14176797866821,10.861779373468993,1.7187397046656177,0.027799034242486625,0.0,0.0,14.604035853860521,False
1782953581.958955,103.22988677024841,10.866267227285727,1.720291403530568,0.02779925163575618,0.0,0.0,14.143316231365066,False
1782953582.0426433,103.31357502937317,10.869265884033622,1.7213060448297466,0.027799371948553853,0.0,0.0,13.836169568188225,False
1782953582.1209035,103.39183521270752,10.878293414062458,1.7242543723041486,0.027799484271964305,0.0,0.0,12.914728506919888,False
1782953582.2121315,103.48306322097778,10.886608815577873,1.7268303667461529,0.027799266245570286,0.0,0.0,12.070073668780292,False
1782953582.2912538,103.56218552589417,10.890400770098033,1.7279610208428031,0.027799126136714425,0.0,0.0,11.686139826040696,False
1782953582.3688893,103.63982105255127,10.894200140780796,1.7290664247755152,0.02779900066248489,0.0,0.0,11.302206199314144,False
1782953582.4889786,103.75991034507751,10.90793676088056,1.732835854327849,0.027798937524457782,0.0,0.0,9.920046731034741,False
1782953582.570412,103.84134364128113,10.912535200269396,1.734018955200128,0.027799046838338375,0.0,0.0,9.459327063625683,False
1782953582.6547859,103.92571759223938,10.91637435352733,1.73497673072294,0.02779915315855784,0.0,0.0,9.075393885639267,False
1782953582.760931,104.03186273574829,10.929473552230144,1.7380410970669267,0.02779934600026904,0.0,0.0,7.770019823931976,False
1782953582.8390543,104.10998606681824,10.93411292983568,1.7390515218244413,0.02779930647044955,0.0,0.0,7.309299243595328,False
1782953582.9257417,104.19667339324951,10.937210278766758,1.7397044601287215,0.0277992553050949,0.0,0.0,7.00215218709171,False
1782953583.0254676,104.29639935493469,10.943457848225991,1.7409655649796578,0.027799103977755993,0.0,0.0,6.392486097478574,False
1782953583.1026242,104.37355589866638,10.955373871277875,1.74316701012197,0.02779884139786575,0.0,0.0,5.257935107579267,False
1782953583.2365656,104.50749731063843,10.961839503611985,1.744251662453106,0.02779879700393055,0.0,0.0,4.658177491280953,False
1782953583.3318303,104.60276198387146,10.972932157453279,1.7459082216255264,0.027798570419604124,0.0,0.0,3.725343409680995,False
1782953583.414185,104.6851167678833,10.98191438770404,1.7470791448221827,0.02779823939859477,0.0,0.0,3.0254204888788077,False
1782953583.520107,104.79103875160217,10.986520608433409,1.7476263565012202,0.027798060089311426,0.0,0.0,2.6779902350060225,False
1782953583.6317437,104.90267539024353,11.004485364977176,1.7494498113888695,0.02779771688873261,0.0,0.0,1.3611449696011135,False
1782953583.70876,104.97969174385071,11.008377205328703,1.749780748366789,0.027797703428569506,0.0,0.0,1.0894951548275662,False
1782953583.8276227,105.09855437278748,11.018464664634644,1.7505267668479192,0.02779749588377229,0.0,0.0,0.4359826885765657,False
1782953583.9449558,105.2158875465393,11.033231291649555,1.7513612953199311,0.027796841427741328,0.0,0.0,359.5485170669424,False
1782953584.0424664,105.31339812278748,11.042051241635274,1.7517212989490252,0.02779628389613243,0.0,0.0,359.065537710843,False
1782953584.1284363,105.39936804771423,11.059963432378648,1.7521395936288837,0.027794360438948205,0.0,0.0,358.26362077468974,False
1782953584.2025094,105.4734411239624,11.066250592511343,1.7522021097343783,0.027793618790439584,0.0,0.0,358.01567645143086,False
1782953584.3155835,105.58651518821716,11.072703083419883,1.7522246979489442,0.0277928535588268,0.0,0.0,357.779798123306,False
1782953584.4367332,105.70766496658325,11.091577570984562,1.7520746906432136,0.027790816649988337,0.0,0.0,357.18077714010207,False
1782953584.5356362,105.80656790733337,11.105575473094515,1.7517848699336231,0.027789848604805153,0.0,0.0,356.79116876169206,False
1782953584.628756,105.89968776702881,11.12425822464271,1.7511945444152646,0.027789246416031636,0.0,0.0,356.3270590887186,False
1782953584.7493675,106.02029919624329,11.140386870571058,1.7505202188096345,0.027789073637380552,0.0,0.0,355.9663158557613,False
1782953584.8335674,106.1044991016388,11.155423894476067,1.749765719544366,0.02778851774116808,0.0,0.0,355.6854553543466,False
1782953584.9221504,106.1930820941925,11.173826811449313,1.748699684862463,0.027787281587879287,0.0,0.0,355.42654743569125,False
1782953585.0267658,106.2976975440979,11.181533090237089,1.7482134215803113,0.02778679555042463,0.0,0.0,355.34370155307954,False
1782953585.0936809,106.3646125793457,11.198522258406337,1.7470700895887235,0.027786172288679654,0.0,0.0,355.18738592574994,False
1782953585.1766245,106.44755625724792,11.217187894261611,1.7457150366086847,0.027786225245777327,0.0,0.0,355.0206263498739,False
1782953585.2800908,106.55102252960205,11.226570284540294,1.7449998283883101,0.027786468487169317,0.0,0.0,354.9429220930729,False
1782953585.351868,106.62279963493347,11.235943064911929,1.7442652787536965,0.027786821493166712,0.0,0.0,354.8762369143306,False
1782953585.4263375,106.69726920127869,11.25761516472013,1.7425003880466652,0.027787884021239603,0.0,0.0,354.78703310940125,False
1782953585.5450892,106.81602096557617,11.26835394195064,1.7415968469998773,0.02778833458124292,0.0,0.0,354.7798542186911,False
1782953585.6366231,106.90755486488342,11.277473048164566,1.7408179590212254,0.027788736267605568,0.0,0.0,354.8016836383356,False
1782953585.7649317,107.03586339950562,11.299895466998306,1.738874046008207,0.0277900119724688,0.0,0.0,354.99086165742153,False
1782953585.869081,107.14001274108887,11.305797555808217,1.7383596846988518,0.0277903775107486,0.0,0.0,355.07247028753227,False
1782953585.9841359,107.2550675868988,11.31458398087939,1.737595478072055,0.027790901212049888,0.0,0.0,355.21819843531733,False
1782953586.0769122,107.34784388542175,11.327657892719873,1.7364685527343766,0.02779143809741333,0.0,0.0,355.4772826411171,False
1782953586.1766515,107.44758319854736,11.35029533612091,1.7345781589482543,0.027789178528882696,0.0,0.0,355.8268467094855,False
1782953586.2935672,107.56449890136719,11.35956432612339,1.7338308573413128,0.027787478443983344,0.0,0.0,355.9399940107184,False
1782953586.386733,107.65766477584839,11.379822601230963,1.7322532274834688,0.02778415376549658,0.0,0.0,356.1590443820655,False
1782953586.4821906,107.75312232971191,11.395444775698271,1.7310880147239949,0.027783499338397667,0.0,0.0,356.3165152099484,False
1782953586.5908475,107.86177921295166,11.40793416933993,1.7301881581080105,0.027784546043405963,0.0,0.0,356.440713015844,False
1782953586.7301672,108.00109887123108,11.437493268594444,1.7281694236276148,0.027789308320489876,0.0,0.0,356.74871923407255,False
1782953586.823494,108.09442567825317,11.448357193114429,1.7274670460967934,0.027790136328599807,0.0,0.0,356.8677538696083,False
1782953586.9157653,108.18669700622559,11.4607436263891,1.7266925251897944,0.027789880514510427,0.0,0.0,357.0096254200568,False
1782953587.0151036,108.28603529930115,11.479266404697357,1.7255878832282565,0.027787866031555187,0.0,0.0,357.2344328842611,False
1782953587.1197274,108.39065909385681,11.491536399652327,1.7248923019777456,0.027786645583949325,0.0,0.0,357.3711493142253,False
1782953587.1964839,108.46741557121277,11.515809688800314,1.723598329111536,0.02778727646627523,0.0,0.0,357.4899666371139,False
1782953587.3119838,108.58291554450989,11.524868661510752,1.7231397623635465,0.027788385361950392,0.0,0.0,357.4883229795068,False
1782953587.3875816,108.65851330757141,11.532416735685288,1.722765612121983,0.02778936622429862,0.0,0.0,357.46966655025574,False
1782953587.4847136,108.75564527511597,11.558130786268046,1.7215252816083786,0.027790682036705944,0.0,0.0,357.3057539075094,False
1782953587.6208718,108.8918035030365,11.571782926040076,1.7208738127994447,0.027789497894714656,0.0,0.0,357.17015199503044,False
1782953587.718076,108.98900771141052,11.582436164479672,1.7203615785138269,0.027788065346743683,0.0,0.0,357.0508304195231,False
1782953587.8080413,109.07897305488586,11.603903741926043,1.7193036068761005,0.027785806761441663,0.0,0.0,356.802429797826,False
1782953587.906207,109.1771388053894,11.613159390367262,1.718832330962196,0.02778562826108115,0.0,0.0,356.69572004105993,False
1782953588.0008926,109.2718243598938,11.631802122610887,1.7178480301480712,0.027786449069319846,0.0,0.0,356.49409097361325,False
1782953588.1391952,109.41012692451477,11.653574750240667,1.7166338696062955,0.027787841195693795,0.0,0.0,356.26231532665923,False
1782953588.24913,109.5200617313385,11.680892880111164,1.7150028928271661,0.027789330280701404,0.0,0.0,355.856691491408,False
1782953588.3270254,109.59795713424683,11.688463594148553,1.7145249576649624,0.027789445685796957,0.0,0.0,355.7356087833887,False
1782953588.4124937,109.68342542648315,11.696104553232912,1.71402921652037,0.027789305108619218,0.0,0.0,355.6222165316435,False
1782953588.498155,109.76908683776855,11.71622583542206,1.7126590447530312,0.02778792923771077,0.0,0.0,355.37367292378866,False
1782953588.5961027,109.86703443527222,11.730256939550891,1.7116503953510416,0.027786550512061216,0.0,0.0,355.23820478356845,False
1782953588.6880696,109.95900130271912,11.739573920901158,1.7109585903122277,0.027785839126393954,0.0,0.0,355.1691039662754,False
1782953588.7654753,110.03640699386597,11.76565268508305,1.7089411976118225,0.027786447143717776,0.0,0.0,355.0886700129335,False
1782953588.8586142,110.12954592704773,11.773230518885972,1.708336502652601,0.02778745262348862,0.0,0.0,355.10174073139234,False
1782953588.9262233,110.1971549987793,11.779253955006613,1.7078514222140446,0.02778846161174257,0.0,0.0,355.12727854636296,False
1782953589.0048416,110.27577328681946,11.78523959502283,1.7073663017084844,0.027789573679582912,0.0,0.0,355.16739723687533,False
1782953589.11703,110.38796162605286,11.800158428728462,1.7061491212198596,0.027791942799925577,0.0,0.0,355.3158067351267,False
1782953589.2116761,110.4826078414917,11.826338012536198,1.7040167543816376,0.027789692734003866,0.0,0.0,355.5428830179088,False
1782953589.3141756,110.58510732650757,11.835718632757214,1.7032611586849007,0.02778721053309836,0.0,0.0,355.613630868027,False
1782953589.421343,110.69227480888367,11.845004008722421,1.7025191171919278,0.027784914271270438,0.0,0.0,355.6632402115087,False
1782953589.5850778,110.8560094833374,11.86592400257872,1.700867232847625,0.02778452348935932,0.0,0.0,355.609427807502,True
1782953589.725466,110.99639773368835,11.892104387569452,1.6988123090048923,0.02779331352807954,0.0,0.0,355.239529223016,False
1782953589.8447046,111.11563634872437,11.900759176460497,1.6981242646833732,0.027795912489240876,0.0,0.0,355.0645019263525,False
1782953589.934822,111.20575380325317,11.906521054378327,1.6976609843567667,0.02779686123220224,0.0,0.0,354.9390930094009,False
1782953590.0239587,111.29489040374756,11.91227966159172,1.6971926980881014,0.02779704218455428,0.0,0.0,354.80861129180727,False
1782953590.1416407,111.41257238388062,11.935155557001135,1.6952647721856637,0.027791763155971344,0.0,0.0,354.2380201070252,False
1782953590.2282238,111.49915552139282,11.953610199089816,1.6936056033218987,0.027787115324719846,0.0,0.0,353.74204340072225,False
1782953590.3773022,111.64823389053345,11.963539477646691,1.6926656609586082,0.027786804337710712,0.0,0.0,353.4718559448542,False
1782953590.4757416,111.7466733455658,11.987710340418342,1.6902202802067274,0.02779108689852803,0.0,0.0,352.8206693481698,False
1782953590.5891323,111.8600640296936,12.000548587336848,1.6888243868197244,0.02779312055035627,0.0,0.0,352.4810799213613,False
1782953590.6739147,111.94484639167786,12.009158994429802,1.6878482191791513,0.027793400340451312,0.0,0.0,352.26156088356055,False
1782953590.7515543,112.0224859714508,12.022169617165849,1.6863114470135108,0.02779215196344448,0.0,0.0,351.945012607482,False
1782953590.8342788,112.10521054267883,12.03964938346828,1.6841311667360226,0.02778909786427202,0.0,0.0,351.54151426979934,False
1782953590.9286005,112.19953227043152,12.051380387555527,1.682594642926857,0.02778757414929287,0.0,0.0,351.28400270891035,False
1782953591.0009234,112.2718551158905,12.071473172863573,1.6798407208054995,0.027788611078343177,0.0,0.0,351.02593051993335,False
1782953591.10022,112.37115168571472,12.079855892730118,1.6786512108680172,0.0277903873582054,0.0,0.0,351.0281366788785,False
1782953591.1865592,112.45749092102051,12.086869200464827,1.6776391675586613,0.027791889373985287,0.0,0.0,351.06347824681563,False
1782953591.2721722,112.54310393333435,12.100834042870673,1.6755912727123512,0.027794289252726284,0.0,0.0,351.2346687249059,False
1782953591.369097,112.64002871513367,12.118703056949506,1.67293886625035,0.02779491581763352,0.0,0.0,351.6079879127451,False
1782953591.4423072,112.71323895454407,12.124996345426668,1.6720035951664753,0.02779522930594929,0.0,0.0,351.63977337080985,False
1782953591.5232203,112.79415202140808,12.13083349543165,1.671136600317469,0.027795994419457508,0.0,0.0,351.54744956714,False
1782953591.6218941,112.89282584190369,12.149428581916132,1.6683650232659322,0.027800194954926204,0.0,0.0,350.5328864659763,False
1782953591.709066,112.9799976348877,12.15508037887592,1.6675112336194213,0.027801101890343252,0.0,0.0,350.0946532205613,False
1782953591.7887053,113.05963706970215,12.159649495973381,1.666813258300401,0.02780137035743662,0.0,0.0,349.71946043378034,False
1782953591.869175,113.14010667800903,12.173712447448853,1.6645972489345884,0.027799541019267533,0.0,0.0,348.5183230298324,False
1782953591.9449902,113.2159218788147,12.178492396379886,1.6637938182602676,0.027798299154686283,0.0,0.0,348.2692113475612,False
1782953592.0217156,113.29264736175537,12.1836477594946,1.6628941645052566,0.027796871331316426,0.0,0.0,348.1094648176452,False
1782953592.084919,113.35585069656372,12.198482311771576,1.6601629484049885,0.02779292262603442,0.0,0.0,347.9531085917455,False
1782953592.163061,113.43399262428284,12.20708782423417,1.6585100764902299,0.027790914820672922,0.0,0.0,347.9890238633503,False
1782953592.242526,113.51345777511597,12.213354626685987,1.6572857427854921,0.02778976721579516,0.0,0.0,348.06823122497696,False
1782953592.31408,113.58501172065735,12.218391864525922,1.656292404994758,0.02778916732717835,0.0,0.0,348.1639062030253,False
1782953592.388033,113.65896463394165,12.238383893131497,1.6523076588983874,0.027791087540250954,0.0,0.0,348.78500789045586,False
1782953592.474162,113.74509382247925,12.24582249777828,1.6508225994448076,0.027793261573942667,0.0,0.0,349.07739990531473,False
1782953592.5648096,113.8357412815094,12.25320400263154,1.649355738632595,0.027795603116307886,0.0,0.0,349.38958376983595,False
1782953592.6454723,113.91640400886536,12.273711151339048,1.6453533165769822,0.027798993714843487,0.0,0.0,350.31670720067956,False
1782953592.7096627,113.98059439659119,12.278229409487858,1.644487469152148,0.027799003806622417,0.0,0.0,350.42389797359357,False
1782953592.786871,114.05780267715454,12.283588913730327,1.6434665463691123,0.027798876389123175,0.0,0.0,350.4378188810495,False
1782953592.8818355,114.15276718139648,12.288689672119052,1.6425014246997902,0.027798672797449558,0.0,0.0,350.3289956662623,False
1782953592.9583988,114.22933053970337,12.30472223186057,1.6394988582235583,0.027798578208719553,0.0,0.0,349.3576094681079,False
1782953593.042483,114.31341481208801,12.309169302430634,1.638668247286012,0.027798829555000695,0.0,0.0,348.9943523981536,False
1782953593.1153047,114.38623642921448,12.314391677903684,1.6376895021888642,0.02779919469878616,0.0,0.0,348.54542340070424,False
1782953593.1822898,114.45322155952454,12.321198263826354,1.636403121549749,0.027799594756312027,0.0,0.0,347.93722574585286,False
1782953593.2605414,114.53147315979004,12.331220479629502,1.6344697954354415,0.027799613537343545,0.0,0.0,347.0386267116725,False
1782953593.3360958,114.60702753067017,12.33580960957194,1.6335486866509263,0.02779911108245757,0.0,0.0,346.79432383046026,False
1782953593.4114132,114.68234491348267,12.340755976633924,1.6325292189522829,0.02779824284316035,0.0,0.0,346.64385312524854,False
1782953593.4912088,114.76214051246643,12.35786513781781,1.628861494111573,0.02779438877075929,0.0,0.0,346.6546882725594,False
1782953593.5894787,114.86041045188904,12.364554973860871,1.6273874621983493,0.027793146729481487,0.0,0.0,346.8289370059928,False
1782953593.6946251,114.96555685997009,12.370137153387885,1.6261482420278432,0.027792580630494536,0.0,0.0,347.03310462590184,False
1782953593.82621,115.0971417427063,12.393228859735016,1.621006216575924,0.027796086061341214,0.0,0.0,348.216401318597,False
1782953593.9111104,115.1820421218872,12.399597975843525,1.6196009767701152,0.027797952145164898,0.0,0.0,348.5187889013902,False
1782953594.0472794,115.3182110786438,12.415990331880703,1.6160229410627749,0.02780151357064956,0.0,0.0,348.3099731107066,False
1782953594.1820374,115.45296907424927,12.422268214813812,1.6146647803668355,0.027801375923236817,0.0,0.0,347.90608612356704,False
1782953594.274949,115.54588079452515,12.438499998113235,1.6111428235354337,0.02779833975533519,0.0,0.0,346.53067967975755,False
1782953594.3930087,115.6639404296875,12.444272422535992,1.6098722981681386,0.027797572437055378,0.0,0.0,345.9972883467216,False
1782953594.489636,115.7605676651001,12.449157593151428,1.6087838333197666,0.027797446719294083,0.0,0.0,345.53798231410957,False
1782953594.6272037,115.89813542366028,12.45879954816347,1.6065883234191503,0.027798484712286353,0.0,0.0,344.62655715518866,False
1782953594.7258742,115.99680590629578,12.463695728047751,1.6054393902095898,0.02779919702117813,0.0,0.0,344.36898842643666,False
1782953594.81614,116.08707165718079,12.475846855977718,1.6025025223836558,0.02780009696964513,0.0,0.0,344.55690996830486,False
1782953594.9119942,116.18292593955994,12.482214615679764,1.6009269633046521,0.02779980710441804,0.0,0.0,345.0075916636266,False
1782953595.010627,116.28155875205994,12.488529527643577,1.5993498378820188,0.027799192903037524,0.0,0.0,345.5619408300734,False
1782953595.1015878,116.37251949310303,12.500274584825023,1.59640872263138,0.02779835508424116,0.0,0.0,346.6870826526838,False
1782953595.2116685,116.48260021209717,12.505727666267502,1.59505234021306,0.027798421552740645,0.0,0.0,347.166608810521,False
1782953595.301107,116.5720386505127,12.518154285121543,1.5920065706284146,0.027799310551588435,0.0,0.0,347.19264592988804,False
1782953595.4018233,116.67275500297546,12.522030146364814,1.5910679938908994,0.027799562974210025,0.0,0.0,346.9638528753836,False
1782953595.4970148,116.76794648170471,12.52745156816379,1.58975980617214,0.02779973588800804,0.0,0.0,346.5358115027372,False
1782953595.5990217,116.86995339393616,12.5400282927141,1.5867177309978435,0.027799185716498163,0.0,0.0,345.6356127311217,False
1782953595.6907315,116.96166324615479,12.544999736893793,1.5855025071972029,0.0277986921797554,0.0,0.0,345.59649549520196,False
1782953595.8168745,117.087806224823,12.56017624088996,1.5817616686479063,0.027797767112752655,0.0,0.0,346.31567436235747,False
1782953595.8910007,117.1619324684143,12.564370532243576,1.5807271702944887,0.027797871510188605,0.0,0.0,346.6475704060235,False
1782953595.9745471,117.2454788684845,12.568534754923313,1.5797031509341626,0.02779814193825964,0.0,0.0,347.00191028489917,False
1782953596.0643408,117.33527255058289,12.575134840166424,1.5780909402515066,0.02779878688221714,0.0,0.0,347.5421240572308,False
1782953596.1603088,117.43124055862427,12.587759472167644,1.5750671265111662,0.027799473577480385,0.0,0.0,347.65741851693076,False
1782953596.2533994,117.52433109283447,12.592798167772074,1.5738782127305024,0.027799415954088632,0.0,0.0,347.4233733686514,False
1782953596.3242214,117.59515309333801,12.599401991919642,1.5723274905585363,0.027799165389210657,0.0,0.0,346.94900126354617,False
1782953596.4088395,117.67977118492126,12.609927786391893,1.5698561716109352,0.02779874662077913,0.0,0.0,346.0138670726222,False
1782953596.4835434,117.75447511672974,12.61392503997386,1.5689119488935777,0.02779869749718148,0.0,0.0,345.6363045614089,False
1782953596.5642667,117.83519840240479,12.617910041061876,1.5679644398548598,0.027798726126263818,0.0,0.0,345.26420350105917,False
1782953596.664923,117.93585467338562,12.630865250947545,1.5648031273604999,0.027798412020264663,0.0,0.0,344.8935643469346,False
1782953596.75509,118.02602171897888,12.639089442155926,1.5627456344874748,0.02779788021251512,0.0,0.0,345.10637386180247,False
1782953596.8435218,118.11445355415344,12.644630689176273,1.5613466201837807,0.027797489806651452,0.0,0.0,345.3863123081451,False
1782953596.9242365,118.19516825675964,12.660194470176856,1.5574062441697547,0.027797391796501786,0.0,0.0,346.47641954121895,True
1782953596.9970348,118.26796650886536,12.664733965961137,1.55626373230762,0.027797720849144964,0.0,0.0,346.8286926728733,False
1782953597.083182,118.35411381721497,12.669235257471753,1.5551373690463952,0.027798161111508776,0.0,0.0,347.1326041741054,False
1782953597.174298,118.44522976875305,12.679649947022897,1.552557996891441,0.02779939989342275,0.0,0.0,347.2388857827983,False
1782953597.2484095,118.51934123039246,12.688022830232617,1.5505098572728113,0.0278000028968638,0.0,0.0,346.8236188106768,False
1782953597.3270147,118.59794640541077,12.692135767746018,1.5495088156931562,0.027800043690730268,0.0,0.0,346.5121420532306,False
1782953597.3900864,118.66101813316345,12.695397497976735,1.5487156895841787,0.027799952543588947,0.0,0.0,346.2373510681851,False
1782953597.4663558,118.7372875213623,12.709037812332706,1.5453827813304624,0.02779891560647656,0.0,0.0,344.972602686973,False
1782953597.5479069,118.818838596344,12.713007456231278,1.544400652166946,0.02779864699053367,0.0,0.0,344.59930913727277,False
1782953597.6303258,118.90125751495361,12.717161050474612,1.5433587098784274,0.02779836877550203,0.0,0.0,344.3567974495741,False
1782953597.6942973,118.96522903442383,12.727813971931992,1.5406236453378106,0.027797706545185416,0.0,0.0,344.2370884999157,False
1782953597.7706532,119.0415849685669,12.73716091479461,1.5381701671241874,0.027797161048764032,0.0,0.0,344.52993304120804,False
1782953597.8427994,119.11373114585876,12.741879336200613,1.5369211554750586,0.027796967394691226,0.0,0.0,344.77834882922446,False
1782953597.9205415,119.19147324562073,12.746577100695728,1.5356745938224727,0.02779691249168913,0.0,0.0,345.07180325540213,False
1782953597.9970794,119.26801109313965,12.761799506847911,1.5316381737938727,0.02779844615503456,0.0,0.0,345.2943790788387,False
1782953598.0796845,119.35061621665955,12.76606305643737,1.5305097343011904,0.02779919959872957,0.0,0.0,345.09335085508354,False
1782953598.1804767,119.45140838623047,12.771093805035008,1.5291772796735243,0.02780001882621274,0.0,0.0,344.75229192309706,False
1782953598.2607288,119.53166055679321,12.784163041736667,1.525690801445244,0.027800563495720007,0.0,0.0,343.61423569753714,False
1782953598.3467822,119.61771392822266,12.789765045590757,1.5241747676267978,0.027799944916817095,0.0,0.0,343.0931764171552,False
1782953598.4297397,119.70067143440247,12.793823035186074,1.5230620872435556,0.027799291882079986,0.0,0.0,342.866415587065,False
1782953598.5040143,119.77494597434998,12.797925937746777,1.5219242178604109,0.027798601255947884,0.0,0.0,342.77957187085815,False
1782953598.5966756,119.8676073551178,12.81099400615247,1.5182342521279262,0.027797548134904707,0.0,0.0,343.2563087860291,False
1782953598.6770208,119.94795250892639,12.815010714205116,1.5170870605900235,0.027797771682677268,0.0,0.0,343.5685148114571,False
1782953598.7523644,120.02329611778259,12.819000756775846,1.5159448346183115,0.027798205916904333,0.0,0.0,343.90545586074234,False
1782953598.8643055,120.13523721694946,12.834904285913584,1.511394545778155,0.027799407688246812,0.0,0.0,344.07206403169243,False
1782953598.957004,120.22793579101562,12.840099003789499,1.5099099909882148,0.02779924407929715,0.0,0.0,343.8244434823792,False
1782953599.040389,120.31132078170776,12.844445683223508,1.5086658195608884,0.027798927964740944,0.0,0.0,343.54919667116894,False
1782953599.1122181,120.38314986228943,12.862955907390825,1.5032769814831608,0.027794024253354543,0.0,0.0,342.8950601817532,False
1782953599.2284083,120.49934005737305,12.86933084359212,1.5013884939776798,0.02779164698601325,0.0,0.0,342.7771084210432,False
1782953599.3375852,120.60851693153381,12.878660060743698,1.498600061883909,0.027788148905949522,0.0,0.0,342.64727483382006,False
1782953599.4312086,120.70214033126831,12.90094681182883,1.4918395251054724,0.027782922983857872,0.0,0.0,342.4782045045076,False
1782953599.5167227,120.78765439987183,12.909478418801106,1.4892210954261895,0.027783023408831937,0.0,0.0,342.45474131984,False
1782953599.6706982,120.9416298866272,12.916617031878925,1.4870198305159728,0.02778410221179619,0.0,0.0,342.4519939080443,False
1782953599.7928336,121.06376528739929,12.923751794641984,1.4848118777792585,0.02778597722217537,0.0,0.0,342.46795124645905,False
1782953599.912514,121.18344569206238,12.940798863428899,1.479513552030565,0.027791902930148243,0.0,0.0,342.5914718421994,False
1782953600.0236468,121.2945785522461,12.96058099680574,1.473350924980205,0.02779539854882104,0.0,0.0,342.8686635267035,False
1782953600.1178758,121.38880753517151,12.96903717864979,1.470721843291558,0.02779453823261073,0.0,0.0,343.0195152934911,False
1782953600.2362516,121.50718331336975,12.988915159938898,1.4645789203617037,0.027788697805949943,0.0,0.0,343.3927514508373,False
1782953600.3445692,121.61550092697144,13.007554796962445,1.4588889594660208,0.027784584535756596,0.0,0.0,343.74351681016964,False
1782953600.4659657,121.7368974685669,13.026310445262299,1.4532508157886024,0.02778583843620657,0.0,0.0,344.09318745490793,False
1782953600.6039178,121.87484955787659,13.040815587608488,1.4489580895278404,0.027788813682705176,0.0,0.0,344.35771108517133,False
1782953600.69304,121.96397161483765,13.050999902782422,1.4459814048091646,0.027790487098664822,0.0,0.0,344.5408546328224,False
1782953600.7929525,122.06388425827026,13.067032381887826,1.4413596975185683,0.027791045622849904,0.0,0.0,344.8274863957324,False
1782953600.8770432,122.14797496795654,13.086014900499018,1.4359917068381975,0.027788962835839457,0.0,0.0,345.1651090976261,False
1782953600.9558265,122.22675824165344,13.097713818104863,1.4327405836641005,0.027787512568177263,0.0,0.0,345.37237012754736,False
1782953601.0405908,122.31152248382568,13.103572733397238,1.431128973221161,0.02778702288412413,0.0,0.0,345.4752399335329,False
1782953601.1288223,122.3997540473938,13.119716965541748,1.4267455255501125,0.027786833489324602,0.0,0.0,345.75533853092696,False
1782953601.2280304,122.49896216392517,13.128560611805112,1.4243801900895505,0.02778728953064926,0.0,0.0,345.9038845545284,False
1782953601.3189993,122.58993101119995,13.155343093803003,1.4173697351221404,0.027788460559396554,0.0,0.0,346.31458769644377,False
1782953601.4476757,122.7186074256897,13.165817151219755,1.4146879582660008,0.0277883048736403,0.0,0.0,346.4649113834875,False
1782953601.530284,122.80121564865112,13.174806902422741,1.4124119082463313,0.027787928562972596,0.0,0.0,346.5914415414402,False
1782953601.6200366,122.8909683227539,13.19729498865319,1.4068186859640806,0.02778698911787805,0.0,0.0,346.9045348127904,False
1782953601.7071543,122.97808599472046,13.206294992039524,1.4046194123457072,0.02778692439721806,0.0,0.0,347.02923031482413,False
1782953601.851916,123.12284779548645,13.218296833417046,1.4017206858393294,0.02778718771739861,0.0,0.0,347.1957875981273,False
1782953601.9607558,123.23168754577637,13.24528523286691,1.3953421963943666,0.02778828310604189,0.0,0.0,347.5769434626667,False
1782953602.0964608,123.36739253997803,13.260281179317579,1.391881070104695,0.027788433340104373,0.0,0.0,347.79164281370953,False
1782953602.1916344,123.46256613731384,13.284392717089528,1.386440833705864,0.027787635554016157,0.0,0.0,348.12279967092695,False
1782953602.2981908,123.5691225528717,13.293484817372605,1.3844288347053422,0.027787205310540887,0.0,0.0,348.2399270461324,False
1782953602.3935502,123.66448187828064,13.30107773693421,1.3827646964475362,0.027786895467531034,0.0,0.0,348.3348816167699,False
1782953602.4668617,123.73779344558716,13.3284995926951,1.3768725507531765,0.027786562053877677,0.0,0.0,348.66039746272185,False
1782953602.5507493,123.82168102264404,13.336142544803183,1.3752621592482601,0.02778665775982249,0.0,0.0,348.74595558488033,False
1782953602.6396356,123.91056728363037,13.345325465518435,1.3733449425418702,0.02778682097956373,0.0,0.0,348.84620453403267,False
1782953602.7133927,123.98432445526123,13.369855645236942,1.3683144585296334,0.027787165019822195,0.0,0.0,349.1034922667392,False
1782953602.797134,124.06806564331055,13.37753399496077,1.3667660885218926,0.027787170911062413,0.0,0.0,349.1810932103913,False
1782953602.8695529,124.14048457145691,13.3852239305313,1.3652275613064362,0.027787108399132433,0.0,0.0,349.2565914788555,False
1782953602.9336517,124.20458340644836,13.400636548265297,1.362179586706114,0.027786829347747493,0.0,0.0,349.4010633195735,False
1782953603.0109854,124.28191709518433,13.416078062971666,1.3591716455602199,0.02778650858801025,0.0,0.0,349.53839295134526,False
1782953603.0735703,124.34450197219849,13.422260137065516,1.3579797428263505,0.027786410924766896,0.0,0.0,349.5916769835724,False
1782953603.149924,124.42085576057434,13.429991473218191,1.3564987773743233,0.027786331655757376,0.0,0.0,349.65709106841604,False
1782953603.2121613,124.48309302330017,13.451687331680292,1.352398192376295,0.027786315932916424,0.0,0.0,349.8294218819324,False
1782953603.2815273,124.55245900154114,13.459449939803493,1.3509500318571717,0.02778636423324137,0.0,0.0,349.887304615079,False
1782953603.3574746,124.62840628623962,13.467221395892992,1.3495098325381971,0.02778641231458004,0.0,0.0,349.94299022654775,False
1782953603.4328206,124.70375227928162,13.473445894036828,1.3483630700379037,0.027786436398294423,0.0,0.0,349.98575603190596,False
1782953603.4985218,124.76945352554321,13.498369844312377,1.343828132812603,0.027786384063034717,0.0,0.0,350.1457645064024,False
1782953603.5713122,124.84224390983582,13.506163580192442,1.3424277663047068,0.027786327784443524,0.0,0.0,350.1925046335947,False
1782953603.650423,124.9213547706604,13.513959130633687,1.3410350589555466,0.02778626939050581,0.0,0.0,350.23689713501557,False
1782953603.7341833,125.00511503219604,13.520196756338969,1.3399262528629592,0.027786230197591823,0.0,0.0,350.27080433658773,False
1782953603.8445125,125.11544418334961,13.551398873177112,1.334448975179411,0.0277862733486003,0.0,0.0,350.42160233481394,False
1782953603.9181957,125.18912744522095,13.557641854721556,1.3333659422955204,0.02778632164796829,0.0,0.0,350.44844226545075,False
1782953603.9948404,125.2657721042633,13.565446659525083,1.332017535656556,0.02778638198553357,0.0,0.0,350.48060873063434,False
1782953604.077178,125.34810972213745,13.589927714610099,1.327822583763563,0.02778768636455128,0.0,0.0,350.49100676759997,True
1782953604.1577768,125.42870855331421,13.597414720286496,1.3265477732336899,0.027788466585653458,0.0,0.0,350.4521586869571,False
1782953604.2521749,125.5231065750122,13.604965542647777,1.3252644059590752,0.027789079078907528,0.0,0.0,350.409792853775,False
1782953604.3597968,125.63072848320007,13.611063824745907,1.3242287805716348,0.027789373682570565,0.0,0.0,350.3769785948958,False
1782953604.5106091,125.7815408706665,13.645067027494756,1.3184467795775106,0.027787225057601776,0.0,0.0,350.21747359443293,False
1782953604.667635,125.9385666847229,13.659049690086912,1.316058209712374,0.027785066459803314,0.0,0.0,350.1649336214434,False
1782953604.781818,126.05274963378906,13.662154875295261,1.3155265972767116,0.02778463554790664,0.0,0.0,350.1546722561768,False
1782953604.9092743,126.18020606040955,13.668347733745932,1.314465060749327,0.02778396719517813,0.0,0.0,350.13393172967494,False
1782953605.012922,126.28385376930237,13.686624577184656,1.3113211348461482,0.027784660592617166,0.0,0.0,350.01606366845584,False
1782953605.1060774,126.37700915336609,13.706097898144,1.3079450131402537,0.02778925764716691,0.0,0.0,349.7985884603478,False
1782953605.1911764,126.46210813522339,13.719576017710642,1.3055831713580281,0.02779221495568742,0.0,0.0,349.6292346091602,False
1782953605.2971427,126.56807446479797,13.73931988058941,1.3020746420382359,0.027791798848289792,0.0,0.0,349.4459649164375,False
1782953605.3717732,126.64270496368408,13.75153636544053,1.2998743893500213,0.02778883284433987,0.0,0.0,349.36360561484327,False
1782953605.4794705,126.75040221214294,13.760686051219574,1.298212696152435,0.02778618015282066,0.0,0.0,349.31839745783185,False
1782953605.5916352,126.86256694793701,13.777390105307683,1.2951517109877813,0.02778297751455116,0.0,0.0,349.27630589966265,False
1782953605.6933727,126.96430444717407,13.800027168845006,1.2909588550013897,0.027785642036771353,0.0,0.0,349.3113637003174,False
1782953605.776814,127.04774570465088,13.81056260942713,1.2889961247721098,0.027788794669929912,0.0,0.0,349.3604040359706,False
1782953605.8822093,127.15314102172852,13.833257604583805,1.2847593336557286,0.02779282754858189,0.0,0.0,349.4161273516373,False
1782953605.9898503,127.26078200340271,13.843871897213708,1.2827767851509029,0.027791810149314485,0.0,0.0,349.4141013878231,False
1782953606.0655153,127.33644700050354,13.860516932585282,1.279666820364503,0.02778741488693556,0.0,0.0,349.36973190063816,False
1782953606.1421483,127.41307997703552,13.875602238709481,1.2768443511424277,0.02778376462393387,0.0,0.0,349.2863528888211,False
1782953606.2450852,127.51601696014404,13.884637347570685,1.2751500614310483,0.027783127902879044,0.0,0.0,349.24218134399496,False
1782953606.340058,127.61098980903625,13.905668173102953,1.2711916490914776,0.02778694241563323,0.0,0.0,349.2139549085743,False
1782953606.42727,127.69820165634155,13.916159938404542,1.269210274617538,0.02779008102484468,0.0,0.0,349.2398264248422,False
1782953606.505963,127.77689480781555,13.928201209420529,1.2669334244519317,0.027792494913743974,0.0,0.0,349.2715929671132,False
1782953606.584981,127.85591268539429,13.9509378249,1.2626321641688056,0.02779027319405527,0.0,0.0,349.27895822433214,False
1782953606.6796021,127.95053386688232,13.96005080117091,1.2609078294652092,0.027787570896736263,0.0,0.0,349.26223739223667,False
1782953606.7504904,128.02142214775085,13.96764262609721,1.2594707813634431,0.02778531164162059,0.0,0.0,349.23934331649104,False
1782953606.8435607,128.11449241638184,13.994916278570617,1.2542967850589954,0.02778346020291028,0.0,0.0,349.087050452173,False
1782953606.9208674,128.19179916381836,14.002483010675439,1.252855560667503,0.027785120182472423,0.0,0.0,349.0270488736148,False
1782953607.0132835,128.2842152118683,14.011555032864438,1.2511225374351695,0.027787739383025808,0.0,0.0,348.94543749656503,False
1782953607.1034465,128.3743782043457,14.02513184110788,1.2485158262153013,0.027791312126971668,0.0,0.0,348.80309546330056,False
1782953607.2126236,128.48355531692505,14.046227351744218,1.2444235599545368,0.027791847718594154,0.0,0.0,348.54846156981415,False
1782953607.304192,128.57512378692627,14.06291460402266,1.241139742704462,0.027787996647323475,0.0,0.0,348.3493437094139,False
1782953607.3695045,128.64043617248535,14.079673670834064,1.2377941872400537,0.027784240253930566,0.0,0.0,348.1569329666602,False
1782953607.4511385,128.72207021713257,14.087311315738958,1.236252755489625,0.02778348552044942,0.0,0.0,348.0723929098389,False
1782953607.525732,128.79666376113892,14.094960881454387,1.2346981345092956,0.02778348691939185,0.0,0.0,347.99000752353356,False
1782953607.5901334,128.86106514930725,14.116420040908217,1.230278932087285,0.027786355018320413,0.0,0.0,347.76915824860856,False
1782953607.6702437,128.94117546081543,14.125626503004483,1.2283567762671652,0.02778783883625275,0.0,0.0,347.6781132124142,False
1782953607.7474527,129.01838445663452,14.133303418915945,1.2267419784902391,0.027788712192751006,0.0,0.0,347.60404704426895,False
1782953607.8352041,129.10613584518433,14.144055695964768,1.224462133502798,0.027789108068206746,0.0,0.0,347.50288501125954,False
1782953607.9190123,129.18994402885437,14.168634152952027,1.2191725223444245,0.027787025533391494,0.0,0.0,347.2805023252291,False
1782953607.981579,129.25251078605652,14.174777045568486,1.2178338331970455,0.027786320589128576,0.0,0.0,347.2264532189566,False
1782953608.0591984,129.33013010025024,14.182453706268806,1.2161517144416532,0.027785613209313505,0.0,0.0,347.1595323031907,False
1782953608.1323197,129.40325140953064,14.19625983911888,1.2131012044226535,0.02778515965968748,0.0,0.0,347.03960747229684,False
1782953608.214528,129.4854598045349,14.213150396895056,1.2093254341958362,0.027785921639369358,0.0,0.0,346.89858259000334,False
1782953608.292685,129.5636167526245,14.222374006304504,1.2072436625529956,0.027786596143048597,0.0,0.0,346.82503960815006,False
1782953608.384988,129.65591979026794,14.231606874411227,1.2051460489945467,0.02778715794449588,0.0,0.0,346.7544019268358,False
1782953608.5012927,129.77222442626953,14.257804492406766,1.199122249907115,0.027787069454070768,0.0,0.0,346.5705650714591,False
1782953608.5885415,129.8594732284546,14.267058355048176,1.196970173891538,0.027786544759503224,0.0,0.0,346.5115635109668,False
1782953608.6571171,129.92804884910583,14.279393949527316,1.1940828427527574,0.027785850126917977,0.0,0.0,346.43854229991763,False
1782953608.734774,130.00570583343506,14.296349314453717,1.1900813896828946,0.027785466823424,0.0,0.0,346.34745819156944,False
1782953608.808428,130.07935976982117,14.30404915381252,1.1882524276666397,0.027785600557358427,0.0,0.0,346.309956293411,False
1782953608.8940685,130.1650002002716,14.309918177724029,1.1868551513311105,0.02778649116015356,0.0,0.0,346.2816546552477,False
1782953608.9969516,130.26788330078125,14.330634585414042,1.1819239405232076,0.027804175795444523,0.0,0.0,346.1582376960411,False
1782953609.089984,130.36091566085815,14.334845083666824,1.180921797484833,0.027807904482714706,0.0,0.0,346.12892796527746,False
1782953609.2048192,130.47575092315674,14.340910037048857,1.179478101693606,0.02780985755231765,0.0,0.0,346.08390886970864,False
1782953609.2895057,130.5604374408722,14.350621687083898,1.177165515207039,0.027801542262935953,0.0,0.0,346.0044399643118,False
1782953609.3757212,130.64665293693542,14.354025968596005,1.176354712148887,0.027796800741247296,0.0,0.0,345.9746931079593,False
1782953609.4970498,130.76798152923584,14.357196737744358,1.175599598308912,0.027793279047656126,0.0,0.0,345.94597754706257,False
1782953609.6101627,130.881094455719,14.366781556299292,1.17331831791044,0.02779791409203395,0.0,0.0,345.8513688208904,False
1782953609.7158241,130.9867558479309,14.368793197920036,1.1728397109640158,0.02780131585511263,0.0,0.0,345.83030466129236,False
1782953609.8159442,131.08687591552734,14.369962507435364,1.172561487338867,0.027803200805408892,0.0,0.0,345.81792673704496,False
1782953609.890539,131.1614706516266,14.373324402542623,1.1717613259388224,0.02780674491463382,0.0,0.0,345.7817179267193,False
1782953609.966649,131.2375807762146,14.377174679413331,1.1708443340357784,0.027805104018937123,0.0,0.0,345.739046742215,False
1782953610.0515468,131.32247853279114,14.378836337038493,1.1704484482047919,0.0278025586250847,0.0,0.0,345.7203110056617,False
1782953610.1457505,131.41668224334717,14.384357486248964,1.1691334619654088,0.02779400094859696,0.0,0.0,345.65605552208683,False
1782953610.2243738,131.4953055381775,14.385768313364405,1.1687977252583575,0.027793858765674608,0.0,0.0,345.63887915003096,False
1782953610.2999737,131.57090544700623,14.387132554433162,1.1684731874177956,0.027794969960976402,0.0,0.0,345.6220046927782,False
1782953610.3941338,131.66506552696228,14.39075368087172,1.1676118478587507,0.027801830500536386,0.0,0.0,345.57651770128274,False
1782953610.4738636,131.7447953224182,14.392722623395272,1.167143196133392,0.02780499549034043,0.0,0.0,345.5514859450299,False
1782953610.587417,131.85834860801697,14.394395968098745,1.1667446237291061,0.02780562375983011,0.0,0.0,345.53003356333795,False
1782953610.6719534,131.94288516044617,14.397151360169277,1.1660880043770234,0.027801886485669922,0.0,0.0,345.4944145206249,False
1782953610.805994,132.07692575454712,14.399533779538482,1.1655205047188293,0.02779670289202178,0.0,0.0,345.46299147904875,False
1782953610.9134958,132.18442749977112,14.402754954998002,1.1647541915289892,0.027795584049347215,0.0,0.0,345.4188918686051,False
1782953611.001494,132.2724256515503,14.404092717784101,1.1644360778172749,0.027798123652047035,0.0,0.0,345.4002751097649,False
1782953611.0856197,132.3565514087677,14.40576957472683,1.1640371063568107,0.02780218443267346,0.0,0.0,345.37688333530105,False
1782953611.1969838,132.46791553497314,14.407944279931042,1.1635190823354402,0.027804922192427257,0.0,0.0,345.34645214582963,False
1782953611.2647583,132.5356900691986,14.409696266125799,1.1631014775817141,0.02780302536033245,0.0,0.0,345.3218437134185,False
1782953611.3435192,132.61445093154907,14.411705065554125,1.1626229600192406,0.027798049223114192,0.0,0.0,345.2931722809742,False
1782953611.422548,132.69347977638245,14.412509684444446,1.1624314882299258,0.027796372702127897,0.0,0.0,345.2814414535303,True
1782953611.4948924,132.76582407951355,14.413761399201903,1.1621338255815445,0.027795370465481178,0.0,0.0,345.2629510318762,False
1782953611.562447,132.83337879180908,14.415577174806035,1.1617020926573751,0.02779811242020212,0.0,0.0,345.235938487234,False
1782953611.6445558,132.9154875278473,14.416318893958422,1.161525609764651,0.02780013396331647,0.0,0.0,345.22490959785404,False
1782953611.734615,133.0055468082428,14.417200225861894,1.161315752199121,0.027802448064225407,0.0,0.0,345.21181438341085,False
1782953611.8135242,133.08445596694946,14.419355858296418,1.1608019410108732,0.027804056840293773,0.0,0.0,345.1798082819021,False
1782953611.8868845,133.15781617164612,14.42005370853741,1.160635598925262,0.027802892945585873,0.0,0.0,345.16939655905276,False
1782953611.9666042,133.23753595352173,14.42073852572823,1.1604724438017138,0.027801153366168504,0.0,0.0,345.1590968235293,False
1782953612.0429075,133.3138391971588,14.422840407730122,1.1599723799303965,0.027796078221485117,0.0,0.0,345.1267721866161,False
1782953612.1193414,133.39027309417725,14.423473733789972,1.1598218416769448,0.027795824769073954,0.0,0.0,345.1168920902907,False
1782953612.1853838,133.45631551742554,14.423974831292476,1.1597027224430612,0.02779624291012758,0.0,0.0,345.10907006808793,False
1782953612.2598433,133.53077507019043,14.424595954599123,1.159555014679669,0.02779744296382779,0.0,0.0,345.0993863357799,False
1782953612.3413532,133.61228489875793,14.426555333577841,1.1590883811172765,0.02780291204262845,0.0,0.0,345.06896847489236,False
1782953612.4176033,133.68853497505188,14.42715764547822,1.1589447711127336,0.027803838490063897,0.0,0.0,345.0596487251292,False
1782953612.496829,133.7677607536316,14.427752814826125,1.1588028569953033,0.027803966368999466,0.0,0.0,345.05042942853976,False
1782953612.5676,133.8385317325592,14.429369277816258,1.1584177655803987,0.027800559955000078,0.0,0.0,345.02508224748146,False
1782953612.6329799,133.90391159057617,14.43003751669416,1.1582588087259007,0.027798451586714477,0.0,0.0,345.0143943528476,False
1782953612.711779,133.98271083831787,14.430584435102766,1.1581287965330158,0.02779703968386311,0.0,0.0,345.005574538774,False
1782953612.7865658,134.0574975013733,14.431124108926214,1.158000537988391,0.02779624938510309,0.0,0.0,344.99684225364535,False
1782953612.8628628,134.13379454612732,14.432927538318912,1.1575715499462758,0.027799013363308294,0.0,0.0,344.9677516811949,False
1782953612.9398093,134.21074104309082,14.433452229777071,1.157446531681269,0.027800733357669524,0.0,0.0,344.9593410918985,False
1782953613.0187275,134.2896592617035,14.433973801255163,1.1573221817348318,0.027802284604321537,0.0,0.0,344.95100048958716,False
1782953613.0990853,134.37001705169678,14.434490944875385,1.1571988539463673,0.027803350513406128,0.0,0.0,344.94273727906705,False
1782953613.210204,134.48113560676575,14.436100050192756,1.1568154099522288,0.027801966449335372,0.0,0.0,344.916781930968,False
1782953613.3006191,134.57155084609985,14.436585964123774,1.156699806717027,0.027800389922307392,0.0,0.0,344.90879613215526,False
1782953613.3763578,134.64728951454163,14.438190330785018,1.1563184858086402,0.02779642979760878,0.0,0.0,344.8821305497253,False
1782953613.4547703,134.72570204734802,14.438654023716676,1.1562082159413536,0.0277966210854251,0.0,0.0,344.87443400152574,False
1782953613.5433912,134.8143229484558,14.439116097770857,1.1560982407590104,0.027797503591748932,0.0,0.0,344.8667916402651,False
1782953613.6164749,134.8874065876007,14.439944130845632,1.1559009323294354,0.02780016957719189,0.0,0.0,344.8531641133321,False
1782953613.696199,134.96713066101074,14.44103352928973,1.1556411238032984,0.027803183322655554,0.0,0.0,344.83529386593506,False
1782953613.8014402,135.07237195968628,14.441655105932014,1.1554929757510368,0.02780338748078398,0.0,0.0,344.8250288583197,False
