EpochTime(s),TimeFromStart(s),right_prop_rate(rad/s),left_prop_rate(rad/s),LastDT(s),Yaw(rad),North(m),East(m),IMUSensedYawRate(rad/s),IMUIntegratedYaw(rad),IMUSensedTimeStamp(s),ARUCOSensedNorth(m),ARUCOSensedEast(m),ARUCOSensedYaw(rad),ArucoSensedTimeStamp(s),DepthTimeStamp(s),Depth(m),NavigationMode,APFEncounter,APFSide,APFDCPA(m),APFTCPA(s),APFForceX,APFForceY,NearestObstacleNorth(m),NearestObstacleEast(m),NearestObstacleDistance(m),WebotsEnvironment,SwitchCombination,EKFPredictionEnabled,ClusterSizeAPFEnabled,ClassicAPFInfluenceDistance(m)
1782410163.77614,2.6568729877471924,-200.0,200.0,0.2,6.283185305624465,-4.7703452565220495e-05,1.0000000004862057,1.9981294249624378e-12,6.28318530562481,1782410163.720337,-4.7703452565220495e-05,1.0000000004862057,6.283185305624411, 1782410163.509132, 1782410163.7400165,1.040669444164536,track,none,0.0,nan,nan,0.0,0.0,nan,nan,nan,mr_webots_cross_left_to_right_large_ship.wbt,ekf_on_cluster_off,1,0,5.0
1782410163.8011577,2.6818907260894775,-200.0,200.0,0.2,6.283185305624375,0.0301699595933379,1.0000000004392136,9.296745152475398e-13,6.283185305624882,1782410163.7981591,None,None,None, None, 1782410163.7400165,1.040669444164536,track,none,0.0,nan,nan,0.0,0.0,nan,nan,nan,mr_webots_cross_left_to_right_large_ship.wbt,ekf_on_cluster_off,1,0,5.0
1782410163.9030564,2.7837893962860107,-200.0,200.0,0.2,6.283185305623796,0.08492402034576971,1.0000000003540594,-3.96640603366637e-12,6.28318530562456,1782410163.87936,None,None,None, None, 1782410163.8888683,0.9515032038042364,track,none,0.0,nan,nan,0.0,0.0,nan,nan,nan,mr_webots_cross_left_to_right_large_ship.wbt,ekf_on_cluster_off,1,0,5.0
1782410164.0019002,2.8826332092285156,-200.0,200.0,0.2,6.2831853056310045,0.15124243053238656,1.000000000250882,6.198125069370995e-11,6.283185305629677,1782410163.9619107,None,None,None, None, 1782410163.9609044,0.9451689256645709,track,none,0.0,nan,nan,0.0,0.0,nan,nan,nan,mr_webots_cross_left_to_right_large_ship.wbt,ekf_on_cluster_off,1,0,5.0
1782410164.1018698,2.982602834701538,-200.0,200.0,0.2,6.283185305622556,0.22041375041131978,1.0000000001437646,-4.846908574192331e-11,6.283185305625094,1782410164.0564568,None,None,None, None, 1782410164.0512943,1.0495374285649068,track,none,0.0,nan,nan,0.0,0.0,nan,nan,nan,mr_webots_cross_left_to_right_large_ship.wbt,ekf_on_cluster_off,1,0,5.0
1782410164.2017155,3.0824484825134277,-200.0,200.0,0.2,6.283185305554154,0.29003296532853184,1.0000000000353653,-6.045561090577578e-10,6.2831853055390905,1782410164.198716,None,None,None, None, 1782410164.198716,1.0160394933637775,track,none,0.0,nan,nan,0.0,0.0,nan,nan,nan,mr_webots_cross_left_to_right_large_ship.wbt,ekf_on_cluster_off,1,0,5.0
1782410164.302344,3.183077096939087,-200.0,200.0,0.2,6.283185305506714,0.35971329936604324,0.9999999999221046,-6.648356149438176e-10,6.2831853054951035,1782410164.2648787,None,None,None, None, 1782410164.2648787,1.0565291141006048,track,none,0.0,nan,nan,0.0,0.0,nan,nan,nan,mr_webots_cross_left_to_right_large_ship.wbt,ekf_on_cluster_off,1,0,5.0
1782410164.4061592,3.2868921756744385,-200.0,200.0,0.2,6.283185305509717,0.42940178006529994,0.9999999998055247,-3.758942156571414e-10,6.283185305468234,1782410164.4081576,None,None,None, None, 1782410164.3363585,1.0245010287044993,track,none,0.0,nan,nan,0.0,0.0,nan,nan,nan,mr_webots_cross_left_to_right_large_ship.wbt,ekf_on_cluster_off,1,0,5.0
1782410164.5015934,3.382326364517212,-200.0,200.0,0.2,6.283185305585936,0.49909134313473025,0.9999999996891522,3.030985407982358e-10,6.283185305513607,1782410164.4860537,None,None,None, None, 1782410164.495056,0.9368595917846539,track,none,0.0,nan,nan,0.0,0.0,nan,nan,nan,mr_webots_cross_left_to_right_large_ship.wbt,ekf_on_cluster_off,1,0,5.0
1782410164.6016128,3.4823458194732666,-200.0,200.0,0.2,6.283185305552361,0.10779436800350045,1.0000000004042642,1.7948727061334887e-10,6.283185305530129,1782410164.5781038,0.10361881604905832,1.0000000004117475,6.283185305491528, 1782410164.511598, 1782410164.5831046,0.964370903963827,track,none,0.0,nan,nan,0.0,0.0,nan,nan,nan,mr_webots_cross_left_to_right_large_ship.wbt,ekf_on_cluster_off,1,0,5.0
1782410164.7024095,3.5831425189971924,-200.0,200.0,0.2,6.283185305536493,0.151241239431052,1.0000000003335663,-1.6373642556259034e-10,6.283185305516847,1782410164.6592207,None,None,None, None, 1782410164.6787348,1.0582224076647349,track,none,0.0,nan,nan,0.0,0.0,nan,nan,nan,mr_webots_cross_left_to_right_large_ship.wbt,ekf_on_cluster_off,1,0,5.0
1782410164.8113728,3.692105770111084,-200.0,200.0,0.2,6.283185305477763,0.21316111678107258,1.0000000002318261,-6.671498781793007e-10,6.2831853054691065,1782410164.7307801,None,None,None, None, 1782410164.7562423,1.0825363937950714,track,none,0.0,nan,nan,0.0,0.0,nan,nan,nan,mr_webots_cross_left_to_right_large_ship.wbt,ekf_on_cluster_off,1,0,5.0
1782410164.902208,3.7829411029815674,-200.0,200.0,0.2,6.283185305486327,0.2814434331296459,1.0000000001156217,-2.1314918258697505e-10,6.283185305437366,1782410164.8796933,None,None,None, None, 1782410164.8940334,1.0273129137695522,track,none,0.0,nan,nan,0.0,0.0,nan,nan,nan,mr_webots_cross_left_to_right_large_ship.wbt,ekf_on_cluster_off,1,0,5.0
1782410165.002742,3.8834750652313232,-200.0,200.0,0.2,6.283185305519888,0.3509339411085217,0.9999999999979563,6.763449492888182e-11,6.283185305442445,1782410164.9548004,None,None,None, None, 1782410164.963199,1.0901685083809431,track,none,0.0,nan,nan,0.0,0.0,nan,nan,nan,mr_webots_cross_left_to_right_large_ship.wbt,ekf_on_cluster_off,1,0,5.0
1782410165.1019125,3.9826455116271973,-200.0,200.0,0.2,6.283185305565058,0.4205969675867163,0.9999999998823367,3.0709896842930134e-10,6.283185305481776,1782410165.0828743,None,None,None, None, 1782410165.0873864,1.0954157512172238,track,none,0.0,nan,nan,0.0,0.0,nan,nan,nan,mr_webots_cross_left_to_right_large_ship.wbt,ekf_on_cluster_off,1,0,5.0
1782410165.2018151,4.082548141479492,-200.0,200.0,0.2,6.283185305558117,0.4902831460526069,0.9999999997698263,7.488148255970732e-12,6.283185305482285,1782410165.1508539,None,None,None, None, 1782410165.1593628,0.9525101000252935,track,none,0.0,nan,nan,0.0,0.0,nan,nan,nan,mr_webots_cross_left_to_right_large_ship.wbt,ekf_on_cluster_off,1,0,5.0
1782410165.3016157,4.182348728179932,-200.0,200.0,0.2,6.283185305493147,0.5599724033297029,0.9999999996568273,-5.372557598316158e-10,6.283185305406138,1782410165.2925878,None,None,None, None, 1782410165.248966,1.0828079645565598,track,none,0.0,nan,nan,0.0,0.0,nan,nan,nan,mr_webots_cross_left_to_right_large_ship.wbt,ekf_on_cluster_off,1,0,5.0
1782410165.4013965,4.282129526138306,-200.0,200.0,0.2,6.283185305444586,0.6296620695325971,0.9999999995392999,-6.260000355059484e-10,6.283185305360873,1782410165.3648963,None,None,None, None, 1782410165.3680305,0.9818345685712879,track,none,0.0,nan,nan,0.0,0.0,nan,nan,nan,mr_webots_cross_left_to_right_large_ship.wbt,ekf_on_cluster_off,1,0,5.0
1782410165.5019348,4.382667779922485,-200.0,200.0,0.2,6.283185305483399,0.6993517900398888,0.9999999994183881,-1.5528724200108565e-11,6.283185305358861,1782410165.4944324,None,None,None, None, 1782410165.5029395,0.9016045765149453,track,none,0.0,nan,nan,0.0,0.0,nan,nan,nan,mr_webots_cross_left_to_right_large_ship.wbt,ekf_on_cluster_off,1,0,5.0
1782410165.6022763,4.483009338378906,-200.0,200.0,0.2,6.28318530544217,0.3033299801287735,1.000000000112386,2.441576148186079e-10,6.283185305380305,1782410165.5822587,0.29704784048293437,1.0000000001233422,6.283185305308189, 1782410165.51294, 1782410165.5967734,1.0463393622270694,track,none,0.0,nan,nan,0.0,0.0,nan,nan,nan,mr_webots_cross_left_to_right_large_ship.wbt,ekf_on_cluster_off,1,0,5.0
1782410165.7017336,4.5824666023254395,-200.0,200.0,0.2,6.28318530546276,0.34770667444718356,1.0000000000352853,2.2618382146468093e-10,6.283185305397593,1782410165.6586933,None,None,None, None, 1782410165.6596923,0.9425046436591595,track,none,0.0,nan,nan,0.0,0.0,nan,nan,nan,mr_webots_cross_left_to_right_large_ship.wbt,ekf_on_cluster_off,1,0,5.0
1782410165.802294,4.683027029037476,-200.0,200.0,0.2,6.283185305428623,0.4100482917341998,0.9999999999282556,-2.598474980022326e-10,6.283185305361589,1782410165.7972512,None,None,None, None, 1782410165.7972512,0.9708764892410559,track,none,0.0,nan,nan,0.0,0.0,nan,nan,nan,mr_webots_cross_left_to_right_large_ship.wbt,ekf_on_cluster_off,1,0,5.0
1782410165.902095,4.782828092575073,-200.0,200.0,0.2,6.283185305373205,0.4784262826872234,0.9999999998085283,-5.865420823213919e-10,6.283185305314191,1782410165.87806,None,None,None, None, 1782410165.8720632,0.9050523551587879,track,none,0.0,nan,nan,0.0,0.0,nan,nan,nan,mr_webots_cross_left_to_right_large_ship.wbt,ekf_on_cluster_off,1,0,5.0
1782410166.0138373,4.894570350646973,-200.0,200.0,0.2,6.283185305365617,0.5479311143646863,0.999999999682976,-3.389005316654921e-10,6.283185305288177,1782410165.9548206,None,None,None, None, 1782410165.941308,0.9774618770540403,track,none,0.0,nan,nan,0.0,0.0,nan,nan,nan,mr_webots_cross_left_to_right_large_ship.wbt,ekf_on_cluster_off,1,0,5.0
1782410166.102091,4.982824087142944,-200.0,200.0,0.2,6.283185305402635,0.6175960771820821,0.9999999995566059,5.317335943151347e-11,6.283185305295315,1782410166.0890539,None,None,None, None, 1782410166.0890539,0.9344420641800602,track,none,0.0,nan,nan,0.0,0.0,nan,nan,nan,mr_webots_cross_left_to_right_large_ship.wbt,ekf_on_cluster_off,1,0,5.0
1782410166.201867,5.082600116729736,-200.0,200.0,0.2,6.283185305436927,0.6872825134029681,0.9999999994327765,1.7794689547870078e-10,6.283185305307533,1782410166.1577127,None,None,None, None, 1782410166.1577127,0.9064630873195789,track,none,0.0,nan,nan,0.0,0.0,nan,nan,nan,mr_webots_cross_left_to_right_large_ship.wbt,ekf_on_cluster_off,1,0,5.0
1782410166.302505,5.1832380294799805,-200.0,200.0,0.2,6.2831853054343405,0.7569718049194472,0.9999999993113318,-1.9103565414604672e-11,6.283185305304977,1782410166.2914827,None,None,None, None, 1782410166.2841406,0.9740382179017822,track,none,0.0,nan,nan,0.0,0.0,nan,nan,nan,mr_webots_cross_left_to_right_large_ship.wbt,ekf_on_cluster_off,1,0,5.0
1782410166.402095,5.282828092575073,-200.0,200.0,0.2,6.283185305414042,0.8266614756693319,0.9999999991897062,-1.85136401394429e-10,6.283185305291832,1782410166.362485,None,None,None, None, 1782410166.351191,1.014762888607423,track,none,0.0,nan,nan,0.0,0.0,nan,nan,nan,mr_webots_cross_left_to_right_large_ship.wbt,ekf_on_cluster_off,1,0,5.0
1782410166.5028398,5.383572816848755,-200.0,200.0,0.2,6.283185305374208,0.8963511967804417,0.9999999990666659,-4.294919599377874e-10,6.2831853052381526,1782410166.4874697,None,None,None, None, 1782410166.4783487,1.0890115533725258,track,none,0.0,nan,nan,0.0,0.0,nan,nan,nan,mr_webots_cross_left_to_right_large_ship.wbt,ekf_on_cluster_off,1,0,5.0
1782410166.602376,5.483108997344971,-200.0,200.0,0.2,6.2831853053194875,0.4937202810548717,0.9999999997446972,-7.428698127361416e-11,6.283185305231551,1782410166.576333,0.4874814517263781,0.9999999997553152,6.2831853051979705, 1782410166.521095, 1782410166.550707,1.0149697044973018,track,none,0.0,nan,nan,0.0,0.0,nan,nan,nan,mr_webots_cross_left_to_right_large_ship.wbt,ekf_on_cluster_off,1,0,5.0
1782410166.702072,5.582804918289185,-200.0,200.0,0.2,6.283185305348746,0.537580812888665,0.9999999996631123,1.780151590457698e-10,6.283185305253758,1782410166.7010813,None,None,None, None, 1782410166.672032,1.0645544145440096,track,none,0.0,nan,nan,0.0,0.0,nan,nan,nan,mr_webots_cross_left_to_right_large_ship.wbt,ekf_on_cluster_off,1,0,5.0
1782410166.8017566,5.682489633560181,-200.0,200.0,0.2,6.28318530537173,0.599689642740065,0.9999999995494009,2.2279143088331182e-10,6.283185305268026,1782410166.7651265,None,None,None, None, 1782410166.7481227,0.9270181353704144,track,none,0.0,nan,nan,0.0,0.0,nan,nan,nan,mr_webots_cross_left_to_right_large_ship.wbt,ekf_on_cluster_off,1,0,5.0
1782410166.9023714,5.783104419708252,-200.0,200.0,0.2,6.283185305367505,0.6680150979379899,0.9999999994258782,4.652735593416212e-11,6.28318530527167,1782410166.8434327,None,None,None, None, 1782410166.8699574,1.0026079330070834,track,none,0.0,nan,nan,0.0,0.0,nan,nan,nan,mr_webots_cross_left_to_right_large_ship.wbt,ekf_on_cluster_off,1,0,5.0
1782410167.0023885,5.883121490478516,-200.0,200.0,0.2,6.283185305326089,0.7375120784492286,0.9999999992999441,-3.143003595504011e-10,6.283185305230299,1782410166.975061,None,None,None, None, 1782410166.97206,0.9716125732811811,track,none,0.0,nan,nan,0.0,0.0,nan,nan,nan,mr_webots_cross_left_to_right_large_ship.wbt,ekf_on_cluster_off,1,0,5.0
1782410167.102378,5.9831109046936035,-200.0,200.0,0.2,6.283185305292247,0.8071759802283734,0.9999999991708223,-3.9728220534048144e-10,6.283185305203773,1782410167.0418303,None,None,None, None, 1782410167.048828,0.9856743458793307,track,none,0.0,nan,nan,0.0,0.0,nan,nan,nan,mr_webots_cross_left_to_right_large_ship.wbt,ekf_on_cluster_off,1,0,5.0
1782410167.2021787,6.082911729812622,-200.0,200.0,0.2,6.283185305303673,0.8768622752153681,0.9999999990393006,-1.0852557179239055e-10,6.283185305190023,1782410167.1685278,None,None,None, None, 1782410167.1795323,1.06972783146234,track,none,0.0,nan,nan,0.0,0.0,nan,nan,nan,mr_webots_cross_left_to_right_large_ship.wbt,ekf_on_cluster_off,1,0,5.0
1782410167.3019426,6.18267560005188,-200.0,200.0,0.2,6.283185305355275,0.9465515479708725,0.9999999989085695,3.0132591213011763e-10,6.283185305217582,1782410167.259989,None,None,None, None, 1782410167.2684264,0.9465493668498737,track,none,0.0,nan,nan,0.0,0.0,nan,nan,nan,mr_webots_cross_left_to_right_large_ship.wbt,ekf_on_cluster_off,1,0,5.0
1782410167.402369,6.283102035522461,-200.0,200.0,0.2,6.283185305357189,1.0162412162293013,0.9999999987814339,5.581058944224232e-11,6.283185305225039,1782410167.3935835,None,None,None, None, 1782410167.4044178,0.9253598056837583,track,none,0.0,nan,nan,0.0,0.0,nan,nan,nan,mr_webots_cross_left_to_right_large_ship.wbt,ekf_on_cluster_off,1,0,5.0
1782410167.5017002,6.382433176040649,-200.0,200.0,0.2,6.28318530533712,1.085930937009558,0.9999999986544315,-1.3369225616699147e-10,6.283185305216738,1782410167.455673,None,None,None, None, 1782410167.4656765,1.0911731686443027,track,none,0.0,nan,nan,0.0,0.0,nan,nan,nan,mr_webots_cross_left_to_right_large_ship.wbt,ekf_on_cluster_off,1,0,5.0
1782410167.6018088,6.482541799545288,-200.0,200.0,0.2,6.283185305238141,0.681032715258576,0.9999999993197776,-4.126198774581676e-10,6.283185305180594,1782410167.5432675,0.6747647880718624,0.9999999993302606,6.283185305136065, 1782410167.522241, 1782410167.5502656,0.9093050728830253,track,none,0.0,nan,nan,0.0,0.0,nan,nan,nan,mr_webots_cross_left_to_right_large_ship.wbt,ekf_on_cluster_off,1,0,5.0
1782410167.702223,6.582956075668335,-200.0,200.0,0.2,6.283185305247551,0.7246794263188039,0.9999999992350399,-8.263068322976906e-11,6.283185305169022,1782410167.683316,None,None,None, None, 1782410167.6971745,1.091393405517144,track,none,0.0,nan,nan,0.0,0.0,nan,nan,nan,mr_webots_cross_left_to_right_large_ship.wbt,ekf_on_cluster_off,1,0,5.0
1782410167.8018253,6.682558298110962,-200.0,200.0,0.2,6.283185305256878,0.7866908526160284,0.9999999991152316,-4.012474526581301e-11,6.2831853051658335,1782410167.7627895,None,None,None, None, 1782410167.7723012,0.9126167368131176,track,none,0.0,nan,nan,0.0,0.0,nan,nan,nan,mr_webots_cross_left_to_right_large_ship.wbt,ekf_on_cluster_off,1,0,5.0
1782410167.9025311,6.78326416015625,-200.0,200.0,0.2,6.283185305332394,0.8549941255524237,0.9999999989839043,6.241041944755815e-10,6.283185305248031,1782410167.8944936,None,None,None, None, 1782410167.8437295,0.9350209841582978,track,none,0.0,nan,nan,0.0,0.0,nan,nan,nan,mr_webots_cross_left_to_right_large_ship.wbt,ekf_on_cluster_off,1,0,5.0
1782410168.001484,6.882216930389404,-200.0,200.0,0.2,6.2831853053197415,0.9244877807400745,0.9999999988555361,9.070957925776893e-11,6.283185305254443,1782410167.9651742,None,None,None, None, 1782410167.99298,0.9669052501048236,track,none,0.0,nan,nan,0.0,0.0,nan,nan,nan,mr_webots_cross_left_to_right_large_ship.wbt,ekf_on_cluster_off,1,0,5.0
1782410168.1021764,6.982909440994263,-200.0,200.0,0.2,6.283185305264615,0.9941512328903457,0.9999999987259729,-3.489270953602829e-10,6.283185305208092,1782410168.0980115,None,None,None, None, 1782410168.0589287,0.9283823712932776,track,none,0.0,nan,nan,0.0,0.0,nan,nan,nan,mr_webots_cross_left_to_right_large_ship.wbt,ekf_on_cluster_off,1,0,5.0
1782410168.202402,7.08313512802124,-200.0,200.0,0.2,6.283185305242468,1.0638374680234004,0.9999999985925258,-2.604364658651897e-10,6.283185305191922,1782410168.1600988,None,None,None, None, 1782410168.1938972,1.0707087785161233,track,none,0.0,nan,nan,0.0,0.0,nan,nan,nan,mr_webots_cross_left_to_right_large_ship.wbt,ekf_on_cluster_off,1,0,5.0
1782410168.30275,7.183483123779297,-200.0,200.0,0.2,6.283185305242941,1.1335267328280596,0.9999999984575294,-1.3497278837572157e-10,6.283185305173882,1782410168.2937508,None,None,None, None, 1782410168.2609627,0.9855424818638727,track,none,0.0,nan,nan,0.0,0.0,nan,nan,nan,mr_webots_cross_left_to_right_large_ship.wbt,ekf_on_cluster_off,1,0,5.0
1782410168.40154,7.282273054122925,-200.0,200.0,0.2,6.283185305268717,1.2032164000306156,0.9999999983225653,9.889253639788627e-11,6.28318530518048,1782410168.3604648,None,None,None, None, 1782410168.3890336,0.9833076180550168,track,none,0.0,nan,nan,0.0,0.0,nan,nan,nan,mr_webots_cross_left_to_right_large_ship.wbt,ekf_on_cluster_off,1,0,5.0
1782410168.5022116,7.382944583892822,-200.0,200.0,0.2,6.2831853052870175,1.2729061206706576,0.9999999981893973,1.328092427789405e-10,6.283185305198018,1782410168.4925241,None,None,None, None, 1782410168.4597967,0.9866544148742985,track,none,0.0,nan,nan,0.0,0.0,nan,nan,nan,mr_webots_cross_left_to_right_large_ship.wbt,ekf_on_cluster_off,1,0,5.0
1782410168.6111958,7.491928815841675,-200.0,200.0,0.2,6.283185305201253,0.8651895675521126,0.9999999989264672,-4.648480988396673e-11,6.283185305194898,1782410168.5596535,0.8588844106002393,0.9999999989379437,6.283185305057818, 1782410168.523124, 1782410168.6162016,1.0902213045494578,track,none,0.0,nan,nan,0.0,0.0,nan,nan,nan,mr_webots_cross_left_to_right_large_ship.wbt,ekf_on_cluster_off,1,0,5.0
1782410168.7023122,7.583045244216919,-200.0,200.0,0.2,6.283185305176382,0.9085695966183645,0.999999998840647,-2.7521377586781647e-10,6.283185305158807,1782410168.6907935,None,None,None, None, 1782410168.6822562,1.097316200761069,track,none,0.0,nan,nan,0.0,0.0,nan,nan,nan,mr_webots_cross_left_to_right_large_ship.wbt,ekf_on_cluster_off,1,0,5.0
1782410168.8013756,7.682108640670776,-200.0,200.0,0.2,6.28318530515753,0.9704587417665695,0.9999999987166704,-2.995180112067435e-10,6.283185305137964,1782410168.7603822,None,None,None, None, 1782410168.7528732,1.0551062328950693,track,none,0.0,nan,nan,0.0,0.0,nan,nan,nan,mr_webots_cross_left_to_right_large_ship.wbt,ekf_on_cluster_off,1,0,5.0
1782410168.903216,7.78394889831543,-200.0,200.0,0.2,6.283185305179878,1.0387339997853842,0.999999998578614,2.8996309043557016e-11,6.283185305141626,1782410168.8866694,None,None,None, None, 1782410168.8692057,1.0584503517641388,track,none,0.0,nan,nan,0.0,0.0,nan,nan,nan,mr_webots_cross_left_to_right_large_ship.wbt,ekf_on_cluster_off,1,0,5.0
1782410169.001728,7.882461071014404,-200.0,200.0,0.2,6.283185305202744,1.1082234465313605,0.9999999984396554,1.240445241174194e-10,6.283185305150047,1782410168.9545557,None,None,None, None, 1782410168.9445536,1.0925615925232568,track,none,0.0,nan,nan,0.0,0.0,nan,nan,nan,mr_webots_cross_left_to_right_large_ship.wbt,ekf_on_cluster_off,1,0,5.0
1782410169.1015453,7.982278347015381,-200.0,200.0,0.2,6.283185305214496,1.1778863294459407,0.9999999983019429,1.1064867012833241e-10,6.283185305164601,1782410169.0860896,None,None,None, None, 1782410169.0730276,1.0355986580735477,track,none,0.0,nan,nan,0.0,0.0,nan,nan,nan,mr_webots_cross_left_to_right_large_ship.wbt,ekf_on_cluster_off,1,0,5.0
1782410169.201609,8.08234190940857,-200.0,200.0,0.2,6.28318530519738,1.247572488799562,0.9999999981650033,-1.0492877390684851e-10,6.283185305156446,1782410169.1637995,None,None,None, None, 1782410169.1627996,1.043231737373716,track,none,0.0,nan,nan,0.0,0.0,nan,nan,nan,mr_webots_cross_left_to_right_large_ship.wbt,ekf_on_cluster_off,1,0,5.0
1782410169.3013735,8.182106494903564,-200.0,200.0,0.2,6.283185305159085,1.3172617435378098,0.9999999980268648,-3.5649293866308644e-10,6.2831853051079385,1782410169.2998698,None,None,None, None, 1782410169.2998698,1.05991884605707,track,none,0.0,nan,nan,0.0,0.0,nan,nan,nan,mr_webots_cross_left_to_right_large_ship.wbt,ekf_on_cluster_off,1,0,5.0
1782410169.4024928,8.283225774765015,-200.0,200.0,0.2,6.283185305121434,1.3869514094035444,0.9999999978860568,-4.862047747691386e-10,6.2831853050781215,1782410169.3611958,None,None,None, None, 1782410169.3661993,1.0179710361629088,track,none,0.0,nan,nan,0.0,0.0,nan,nan,nan,mr_webots_cross_left_to_right_large_ship.wbt,ekf_on_cluster_off,1,0,5.0
1782410169.5040693,8.384802341461182,-200.0,200.0,0.2,6.283185305163961,1.456641129866063,0.9999999977426247,9.626719503671671e-11,6.283185305090917,1782410169.4941165,None,None,None, None, 1782410169.4941165,0.9951564472212767,track,none,0.0,nan,nan,0.0,0.0,nan,nan,nan,mr_webots_cross_left_to_right_large_ship.wbt,ekf_on_cluster_off,1,0,5.0
1782410169.6016333,8.48236632347107,-200.0,200.0,0.2,6.283185305110725,1.0539832404556992,0.9999999985573131,1.5316012118106296e-10,6.2831853051014,1782410169.5625591,1.0477448940561778,0.999999998569928,6.283185304952362, 1782410169.53249, 1782410169.5625591,0.9653928020454237,track,none,0.0,nan,nan,0.0,0.0,nan,nan,nan,mr_webots_cross_left_to_right_large_ship.wbt,ekf_on_cluster_off,1,0,5.0
1782410169.701837,8.58257007598877,-200.0,200.0,0.2,6.283185305103675,1.0978409931651996,0.9999999984665775,-7.784536028958365e-11,6.283185305091428,1782410169.6906502,None,None,None, None, 1782410169.695652,1.039598181030987,track,none,0.0,nan,nan,0.0,0.0,nan,nan,nan,mr_webots_cross_left_to_right_large_ship.wbt,ekf_on_cluster_off,1,0,5.0
1782410169.8014953,8.682228326797485,-200.0,200.0,0.2,6.283185305083063,1.1599485606682265,0.9999999983376477,-2.361374557694379e-10,6.2831853050705195,1782410169.7791939,None,None,None, None, 1782410169.7791939,0.9491118269977793,track,none,0.0,nan,nan,0.0,0.0,nan,nan,nan,mr_webots_cross_left_to_right_large_ship.wbt,ekf_on_cluster_off,1,0,5.0
1782410169.9019265,8.782659530639648,-200.0,200.0,0.2,6.283185305061622,1.2282737291395398,0.9999999981944024,-3.1414465604292903e-10,6.283185305042334,1782410169.8689158,None,None,None, None, 1782410169.8624082,0.9924578879953997,track,none,0.0,nan,nan,0.0,0.0,nan,nan,nan,mr_webots_cross_left_to_right_large_ship.wbt,ekf_on_cluster_off,1,0,5.0
1782410170.00171,8.882442951202393,-200.0,200.0,0.2,6.283185305062465,1.2977706667069022,0.9999999980472104,-1.7953817305816923e-10,6.2831853050289705,1782410169.9433503,None,None,None, None, 1782410169.9992075,1.0657324025126518,track,none,0.0,nan,nan,0.0,0.0,nan,nan,nan,mr_webots_cross_left_to_right_large_ship.wbt,ekf_on_cluster_off,1,0,5.0
1782410170.101822,8.982554912567139,-200.0,200.0,0.2,6.283185305097993,1.3674345626803293,0.9999999978997235,1.4674756598067144e-10,6.283185305047309,1782410170.0683162,None,None,None, None, 1782410170.0602858,0.9074128689517856,track,none,0.0,nan,nan,0.0,0.0,nan,nan,nan,mr_webots_cross_left_to_right_large_ship.wbt,ekf_on_cluster_off,1,0,5.0
1782410170.2020211,9.082754135131836,-200.0,200.0,0.2,6.283185305115192,1.4371208568944913,0.999999997754665,1.2067037955184137e-10,6.2831853050619335,1782410170.1895084,None,None,None, None, 1782410170.1895084,0.9990493704247393,track,none,0.0,nan,nan,0.0,0.0,nan,nan,nan,mr_webots_cross_left_to_right_large_ship.wbt,ekf_on_cluster_off,1,0,5.0
1782410170.3019283,9.182661294937134,-200.0,200.0,0.2,6.28318530510309,1.5068101295473348,0.9999999976107988,-7.565653248806916e-11,6.2831853050569695,1782410170.2551243,None,None,None, None, 1782410170.2541184,1.054053628600427,track,none,0.0,nan,nan,0.0,0.0,nan,nan,nan,mr_webots_cross_left_to_right_large_ship.wbt,ekf_on_cluster_off,1,0,5.0
1782410170.401766,9.282499074935913,-200.0,200.0,0.2,6.28318530507042,1.5764997977921305,0.9999999974660885,-3.0243667158694554e-10,6.2831853050156425,1782410170.3917704,None,None,None, None, 1782410170.3947666,0.9033717774922658,track,none,0.0,nan,nan,0.0,0.0,nan,nan,nan,mr_webots_cross_left_to_right_large_ship.wbt,ekf_on_cluster_off,1,0,5.0
1782410170.5019693,9.382702350616455,-200.0,200.0,0.2,6.283185305054132,1.6461895185705768,0.9999999973191013,-2.735483095269572e-10,6.283185304997957,1782410170.4564238,None,None,None, None, 1782410170.4564238,1.0254347287878438,track,none,0.0,nan,nan,0.0,0.0,nan,nan,nan,mr_webots_cross_left_to_right_large_ship.wbt,ekf_on_cluster_off,1,0,5.0
1782410170.6016245,9.482357501983643,-200.0,200.0,0.2,6.283185305006805,1.2444065879422692,0.9999999981530194,4.912080983810307e-11,6.2831853050044995,1782410170.589608,1.2381797972211015,0.9999999981659894,6.2831853048662785, 1782410170.538037, 1782410170.5906093,0.9893114450734375,track,none,0.0,nan,nan,0.0,0.0,nan,nan,nan,mr_webots_cross_left_to_right_large_ship.wbt,ekf_on_cluster_off,1,0,5.0
1782410170.7016954,9.582428455352783,-200.0,200.0,0.2,6.283185305030657,1.288346536635877,0.9999999980575476,1.814318798363239e-10,6.283185305017937,1782410170.6636686,None,None,None, None, 1782410170.6636686,1.0712886907598944,track,none,0.0,nan,nan,0.0,0.0,nan,nan,nan,mr_webots_cross_left_to_right_large_ship.wbt,ekf_on_cluster_off,1,0,5.0
1782410170.802273,9.683006048202515,-200.0,200.0,0.2,6.283185305024266,1.3504913990137282,0.9999999979240026,-3.252995343176196e-11,6.28318530501346,1782410170.8012724,None,None,None, None, 1782410170.752741,0.9152955158751886,track,none,0.0,nan,nan,0.0,0.0,nan,nan,nan,mr_webots_cross_left_to_right_large_ship.wbt,ekf_on_cluster_off,1,0,5.0
1782410170.901558,9.782290935516357,-200.0,200.0,0.2,6.283185305000883,1.4188250301872551,0.9999999977767218,-2.1653395297631798e-10,6.283185304998551,1782410170.8701262,None,None,None, None, 1782410170.8885412,1.0088988462852415,track,none,0.0,nan,nan,0.0,0.0,nan,nan,nan,mr_webots_cross_left_to_right_large_ship.wbt,ekf_on_cluster_off,1,0,5.0
1782410171.0016286,9.882361650466919,-200.0,200.0,0.2,6.283185304977795,1.488323234807578,0.9999999976253058,-2.968018172217197e-10,6.283185304959967,1782410171.0001256,None,None,None, None, 1782410170.9720871,1.0021424141178479,track,none,0.0,nan,nan,0.0,0.0,nan,nan,nan,mr_webots_cross_left_to_right_large_ship.wbt,ekf_on_cluster_off,1,0,5.0
1782410171.1018767,9.982609748840332,-200.0,200.0,0.2,6.283185304985277,1.5579873020682324,0.99999999747192,-9.881561984779823e-11,6.283185304952831,1782410171.0723505,None,None,None, None, 1782410171.047188,1.0613842133260716,track,none,0.0,nan,nan,0.0,0.0,nan,nan,nan,mr_webots_cross_left_to_right_large_ship.wbt,ekf_on_cluster_off,1,0,5.0
1782410171.2193458,10.100078821182251,-200.0,200.0,0.2,6.283185305005366,1.6276736190832508,0.9999999973190067,5.03723993150231e-11,6.283185304956675,1782410171.148658,None,None,None, None, 1782410171.186269,1.098579775251403,track,none,0.0,nan,nan,0.0,0.0,nan,nan,nan,mr_webots_cross_left_to_right_large_ship.wbt,ekf_on_cluster_off,1,0,5.0
1782410171.301506,10.182239055633545,-200.0,200.0,0.2,6.2831853050302575,1.6973628947648907,0.9999999971674869,1.7243539615905546e-10,6.283185304981651,1782410171.2935035,None,None,None, None, 1782410171.256191,1.038499197837904,track,none,0.0,nan,nan,0.0,0.0,nan,nan,nan,mr_webots_cross_left_to_right_large_ship.wbt,ekf_on_cluster_off,1,0,5.0
1782410171.4016187,10.282351732254028,-200.0,200.0,0.2,6.28318530502288,1.7670525634119103,0.9999999970177008,-2.0947466089386772e-11,6.283185304980257,1782410171.360092,None,None,None, None, 1782410171.3976197,0.9780814199322492,track,none,0.0,nan,nan,0.0,0.0,nan,nan,nan,mr_webots_cross_left_to_right_large_ship.wbt,ekf_on_cluster_off,1,0,5.0
1782410171.5014417,10.382174730300903,-200.0,200.0,0.2,6.283185304997099,1.83674228424377,0.9999999968674006,-2.1229605500054326e-10,6.2831853049520605,1782410171.4929082,None,None,None, None, 1782410171.4588225,0.9496391693427534,track,none,0.0,nan,nan,0.0,0.0,nan,nan,nan,mr_webots_cross_left_to_right_large_ship.wbt,ekf_on_cluster_off,1,0,5.0
1782410171.6013966,10.482129573822021,-200.0,200.0,0.2,6.283185304925881,1.433273447256115,0.9999999976973158,-2.004643978156966e-10,6.283185304938532,1782410171.560394,1.4270243905860305,0.9999999977102854,6.283185304815811, 1782410171.546877, 1782410171.592895,0.9923578048317354,track,none,0.0,nan,nan,0.0,0.0,nan,nan,nan,mr_webots_cross_left_to_right_large_ship.wbt,ekf_on_cluster_off,1,0,5.0
1782410171.7026105,10.583343505859375,-200.0,200.0,0.2,6.283185304939874,1.477054903600724,0.9999999975986453,2.751220269127201e-11,6.283185304942315,1782410171.6979327,None,None,None, None, 1782410171.66072,1.0873231109213628,track,none,0.0,nan,nan,0.0,0.0,nan,nan,nan,mr_webots_cross_left_to_right_large_ship.wbt,ekf_on_cluster_off,1,0,5.0
1782410171.8014581,10.682191133499146,-200.0,200.0,0.2,6.283185304958414,1.5391277778319883,0.99999999745962,1.2776091778188592e-10,6.283185304951578,1782410171.7704322,None,None,None, None, 1782410171.7449398,1.007521582607385,track,none,0.0,nan,nan,0.0,0.0,nan,nan,nan,mr_webots_cross_left_to_right_large_ship.wbt,ekf_on_cluster_off,1,0,5.0
1782410171.9026792,10.783412218093872,-200.0,200.0,0.2,6.283185304973398,1.607445058400128,0.9999999973078755,1.6273887430678075e-10,6.28318530496405,1782410171.8470678,None,None,None, None, 1782410171.880182,1.0665706457378188,track,none,0.0,nan,nan,0.0,0.0,nan,nan,nan,mr_webots_cross_left_to_right_large_ship.wbt,ekf_on_cluster_off,1,0,5.0
1782410172.002485,10.883218050003052,-200.0,200.0,0.2,6.283185304948463,1.6769408141721582,0.9999999971545548,-1.5008554898939945e-10,6.283185304943328,1782410171.985135,None,None,None, None, 1782410171.9567482,0.9135434856291644,track,none,0.0,nan,nan,0.0,0.0,nan,nan,nan,mr_webots_cross_left_to_right_large_ship.wbt,ekf_on_cluster_off,1,0,5.0
1782410172.1016536,10.982386589050293,-200.0,200.0,0.2,6.283185304907492,1.7466045503659493,0.9999999969991265,-3.875913295064139e-10,6.28318530491545,1782410172.057061,None,None,None, None, 1782410172.1029322,1.0373226131454665,track,none,0.0,nan,nan,0.0,0.0,nan,nan,nan,mr_webots_cross_left_to_right_large_ship.wbt,ekf_on_cluster_off,1,0,5.0
1782410172.2024448,11.0831778049469,-200.0,200.0,0.2,6.283185304905506,1.8162908233107558,0.9999999968407927,-1.8506351277529146e-10,6.283185304892911,1782410172.1788495,None,None,None, None, 1782410172.1728501,0.9981346345315203,track,none,0.0,nan,nan,0.0,0.0,nan,nan,nan,mr_webots_cross_left_to_right_large_ship.wbt,ekf_on_cluster_off,1,0,5.0
1782410172.3019083,11.18264126777649,-200.0,200.0,0.2,6.28318530492815,1.8859800931382371,0.9999999966823137,3.6446005377198374e-11,6.283185304896102,1782410172.266378,None,None,None, None, 1782410172.2593832,0.9472891312184953,track,none,0.0,nan,nan,0.0,0.0,nan,nan,nan,mr_webots_cross_left_to_right_large_ship.wbt,ekf_on_cluster_off,1,0,5.0
1782410172.402567,11.283299922943115,-200.0,200.0,0.2,6.283185304954417,1.9556697610078244,0.9999999965254118,1.5931547319081787e-10,6.283185304908573,1782410172.3446574,None,None,None, None, 1782410172.3940592,0.9408231989096675,track,none,0.0,nan,nan,0.0,0.0,nan,nan,nan,mr_webots_cross_left_to_right_large_ship.wbt,ekf_on_cluster_off,1,0,5.0
1782410172.5024467,11.383179664611816,-200.0,200.0,0.2,6.283185304954099,2.025359481736445,0.9999999963703404,2.2976036265706627e-11,6.28318530491134,1782410172.4651096,None,None,None, None, 1782410172.4564939,1.062401623057203,track,none,0.0,nan,nan,0.0,0.0,nan,nan,nan,mr_webots_cross_left_to_right_large_ship.wbt,ekf_on_cluster_off,1,0,5.0
1782410172.6017022,11.48243522644043,-200.0,200.0,0.2,6.283185304875397,1.618991030173213,0.9999999972201754,-2.4379683475347845e-10,6.283185304879258,1782410172.5967028,1.612703677977974,0.9999999972334476,6.283185304782334, 1782410172.548967, 1782410172.5736284,1.0127542676548353,track,none,0.0,nan,nan,0.0,0.0,nan,nan,nan,mr_webots_cross_left_to_right_large_ship.wbt,ekf_on_cluster_off,1,0,5.0
1782410172.7013621,11.5820951461792,-200.0,200.0,0.2,6.283185304859689,1.662498786203308,0.9999999971199253,-2.609161019117545e-10,6.283185304859293,1782410172.673222,None,None,None, None, 1782410172.660871,0.9251345577235016,track,none,0.0,nan,nan,0.0,0.0,nan,nan,nan,mr_webots_cross_left_to_right_large_ship.wbt,ekf_on_cluster_off,1,0,5.0
1782410172.8017604,11.682493448257446,-200.0,200.0,0.2,6.28318530486695,1.7244466081631413,0.9999999969762127,-8.106534333401572e-11,6.283185304851794,1782410172.7657225,None,None,None, None, 1782410172.7742352,1.0196674051958161,track,none,0.0,nan,nan,0.0,0.0,nan,nan,nan,mr_webots_cross_left_to_right_large_ship.wbt,ekf_on_cluster_off,1,0,5.0
1782410172.90249,11.783222913742065,-200.0,200.0,0.2,6.28318530490101,1.792735332407265,0.9999999968182857,2.057101237716711e-10,6.28318530486746,1782410172.90249,None,None,None, None, 1782410172.8518758,1.0464949510767578,track,none,0.0,nan,nan,0.0,0.0,nan,nan,nan,mr_webots_cross_left_to_right_large_ship.wbt,ekf_on_cluster_off,1,0,5.0
1782410173.0026646,11.883397579193115,-200.0,200.0,0.2,6.2831853049157935,1.8622268032881681,0.999999996659944,1.573397686588684e-10,6.28318530487755,1782410172.9666216,None,None,None, None, 1782410172.9751368,0.9208652538549839,track,none,0.0,nan,nan,0.0,0.0,nan,nan,nan,mr_webots_cross_left_to_right_large_ship.wbt,ekf_on_cluster_off,1,0,5.0
1782410173.1054742,11.986207246780396,-200.0,200.0,0.2,6.283185304908181,1.9318899600156472,0.999999996502241,7.249345746326992e-12,6.283185304878063,1782410173.106833,None,None,None, None, 1782410173.0543764,0.986036800419628,track,none,0.0,nan,nan,0.0,0.0,4.897362526047615,-2.9146076950251825,5.009221653632994,mr_webots_cross_left_to_right_large_ship.wbt,ekf_on_cluster_off,1,0,5.0
1782410173.2017121,12.08244514465332,-200.0,200.0,0.2,6.283185304870425,2.0015761558210814,0.9999999963439554,-2.929472068729217e-10,6.283185304836371,1782410173.1796906,None,None,None, None, 1782410173.1942005,1.0255917349393837,track,none,0.0,nan,nan,0.0,0.0,4.897362526047615,-2.9146076950251825,5.009221653632994,mr_webots_cross_left_to_right_large_ship.wbt,ekf_on_cluster_off,1,0,5.0
1782410173.3014953,12.182228326797485,-200.0,-200.0,0.2,6.28318530484988,2.071265415401535,0.9999999961830317,-2.7764647485313877e-10,6.283185304816314,1782410173.2519307,None,None,None, None, 1782410173.26145,1.0795935723106695,apf_colreg,overtaking,1.0,4.333621175492466,10.370826004658557,14.667236718252068,-7.4219400084444755,5.060040373257664,-2.9465727647120943,4.926237003621992,mr_webots_cross_left_to_right_large_ship.wbt,ekf_on_cluster_off,1,0,5.0
1782410173.4028673,12.283600330352783,-200.0,-200.0,0.2,-0.0005518319619332336,2.1182731197721587,1.0003901308991527,-0.06851363675765965,6.274397507782924,1782410173.3801942,None,None,None, None, 1782410173.4058814,1.0881661488743253,apf_colreg,overtaking,1.0,4.800248102635458,17.038418617880456,14.671128773918042,-7.416071545636553,5.121257716940937,-2.9331245019544143,4.909348132208449,mr_webots_cross_left_to_right_large_ship.wbt,ekf_on_cluster_off,1,0,5.0
1782410173.5027227,12.383455753326416,-175.939608542432,-132.48668125721585,0.2,-0.010117402203933198,2.159068408427617,1.000773403795145,-0.16034907021610748,6.262821633366807,1782410173.452386,None,None,None, None, 1782410173.4729996,1.026642695719649,apf_colreg,crossing_from_starboard,1.0,4.965680182062395,0.0,10.90552242238639,-2.374661538715106,5.165560786795463,-2.9329374993392037,4.899705107135914,mr_webots_cross_left_to_right_large_ship.wbt,ekf_on_cluster_off,1,0,5.0
1782410173.602441,12.483174085617065,-171.14115454764325,-119.59733025200887,0.2,6.262467894024987,1.7964352337253127,0.9999820553243461,-0.10767285445306378,6.247958183073661,1782410173.5904286,1.7911345230231517,0.999974247556764,6.2573516773505125, 1782410173.549208, 1782410173.6009374,1.077372953780868,apf_colreg,crossing_from_starboard,1.0,4.966486248549179,0.0,10.958389703299781,-2.2392279880627006,5.181514527671611,-2.951430688881771,4.888310749946088,mr_webots_cross_left_to_right_large_ship.wbt,ekf_on_cluster_off,1,0,5.0
1782410173.7023308,12.583063840866089,-165.5890315257833,-104.36937500578678,0.2,6.2511703937258405,1.7974392568077209,0.9999652948483237,-0.17153399140391812,6.2357096870601385,1782410173.6618342,None,None,None, None, 1782410173.664833,0.9032318524655443,apf_colreg,crossing_from_starboard,1.0,1.3192867513838296,48.069165936732425,10.8528350192157,-2.056513988359564,4.813557382561427,-2.9183258395017564,4.877279195124101,mr_webots_cross_left_to_right_large_ship.wbt,ekf_on_cluster_off,1,0,5.0
1782410173.8019075,12.682640552520752,-157.95169926711984,-82.93738354014785,0.2,6.236917980123566,1.8068240616085096,0.9996698940113404,-0.14658754374501154,6.215690614051873,1782410173.7984016,None,None,None, None, 1782410173.7984016,1.057321581637599,apf_colreg,crossing_from_starboard,1.0,2.724754050407494,13.546615763515367,10.834907601540511,-1.8428578445128707,4.8011984105303736,-2.917075884051959,4.8497682767086205,mr_webots_cross_left_to_right_large_ship.wbt,ekf_on_cluster_off,1,0,5.0
1782410173.9022923,12.78302526473999,-150.40750454571605,-61.28495301270317,0.2,6.224073126835963,1.8240790972713263,0.9988560146483607,-0.11310417773013248,6.206890727485985,1782410173.876205,None,None,None, None, 1782410173.8772082,1.0898506170916462,apf_colreg,crossing_from_starboard,1.0,3.035076492601495,9.283156058364934,10.79352700464014,-1.6397133107912483,4.791167111948081,-2.91842524257,4.822229312024764,mr_webots_cross_left_to_right_large_ship.wbt,ekf_on_cluster_off,1,0,5.0
1782410174.0023167,12.883049726486206,-141.41704699163924,-34.93989404014918,0.2,6.209734587227975,1.8478851073938727,0.997428285645757,-0.12439834795221953,6.197330484957328,1782410173.9530568,None,None,None, None, 1782410173.9645665,0.9569802026185305,apf_colreg,crossing_from_starboard,1.0,3.186060654875605,8.000035619566116,10.759904688923871,-1.4135619437746296,4.800097956528276,-2.9125582624001374,4.798541498912202,mr_webots_cross_left_to_right_large_ship.wbt,ekf_on_cluster_off,1,0,5.0
1782410174.102016,12.982748985290527,-133.27222313576516,-10.627917444917802,0.2,6.1983705502961035,1.876478901472558,0.9952728116975411,-0.08784552092437876,6.185927061059409,1782410174.082869,None,None,None, None, 1782410174.0950174,0.963785182681612,apf_colreg,crossing_from_starboard,1.0,3.270073586490891,7.559902423945576,10.68422359281469,-1.214363930384982,4.804203449894263,-2.910736888095307,4.775477073380874,mr_webots_cross_left_to_right_large_ship.wbt,ekf_on_cluster_off,1,0,5.0
1782410174.2017484,13.082481384277344,-123.28914287737872,12.380280164750006,0.2,6.1854389587726155,1.9081585437945292,0.9925371081199543,-0.10479029825413065,6.178553996422612,1782410174.1532292,None,None,None, None, 1782410174.190745,0.9819416304286847,apf_colreg,crossing_from_starboard,1.0,3.281487939815991,7.703824202618448,10.607678841030532,-0.9859784890825578,4.828547877251685,-2.8962456013902735,4.755104997151062,mr_webots_cross_left_to_right_large_ship.wbt,ekf_on_cluster_off,1,0,5.0
1782410174.3019912,13.182724237442017,-107.47529527829232,33.32243871377837,0.2,6.165301035816491,1.9416107905902429,0.9891774757166436,-0.16028217288748953,6.158721871753593,1782410174.2769618,None,None,None, None, 1782410174.2654517,0.9127347102636914,apf_colreg,crossing_from_starboard,1.0,3.352878973415235,7.416171929144532,10.720266644303955,-0.6651577158227564,4.828547877251685,-2.8962456013902735,4.755104997151062,mr_webots_cross_left_to_right_large_ship.wbt,ekf_on_cluster_off,1,0,5.0
1782410174.4019735,13.282706499099731,-98.01021016886138,44.798356987830076,0.2,6.1516762619640115,1.9757619721103787,0.9849256196509697,-0.07451152693376686,6.152903714280261,1782410174.3550458,None,None,None, None, 1782410174.353045,1.0369294232851138,apf_colreg,crossing_from_starboard,1.0,3.6241931038184707,7.161465541476963,10.79544143351734,-0.4803634399840453,4.792495351480382,-2.9732267669352215,4.78326405354343,mr_webots_cross_left_to_right_large_ship.wbt,ekf_on_cluster_off,1,0,5.0
1782410174.5022256,13.38295865058899,-81.9456969267123,62.7189125267865,0.2,6.135809104957056,2.010205805542959,0.9801967126809608,-0.10227142159468511,6.1382105170445,1782410174.4987144,None,None,None, None, 1782410174.4987144,0.955201261066182,apf_colreg,crossing_from_starboard,1.0,3.75215566235791,7.1441668497498965,10.679629829413471,-0.1716070011508064,4.80382074913911,-2.963534734841229,4.739857033892963,mr_webots_cross_left_to_right_large_ship.wbt,ekf_on_cluster_off,1,0,5.0
1782410174.6021552,13.482888221740723,-81.44245396034314,63.25137304940963,0.2,6.129591243422252,1.8977589088064881,0.9953949752199717,-0.08554260505472704,6.130262137368219,1782410174.5916317,1.8958187843402199,0.9956661866952538,6.1467996223866255, 1782410174.555086, 1782410174.5891252,1.0771007219113202,apf_colreg,crossing_from_starboard,1.0,3.9863483983380736,8.52260429018098,10.649662367371128,-0.1619058617413005,4.792800317708056,-2.992513018220433,4.7213075802381885,mr_webots_cross_left_to_right_large_ship.wbt,ekf_on_cluster_off,1,0,5.0
1782410174.702289,13.583022117614746,-69.09369153549784,75.81555658206169,0.2,6.118588714996573,1.9208442053093058,0.9916709516447239,-0.04499248913376043,6.125823286010866,1782410174.6902893,None,None,None, None, 1782410174.6902893,0.9875059152583404,apf_colreg,crossing_from_starboard,1.0,3.998026946725537,7.397621833678116,10.578182142652054,0.05942102915181113,4.666157742050692,-2.966186721142467,4.717941145168414,mr_webots_cross_left_to_right_large_ship.wbt,ekf_on_cluster_off,1,0,5.0
1782410174.8021262,13.682859182357788,-58.638248471586536,85.75085761605494,0.2,6.108085862703566,1.948039871169963,0.9870036597441647,-0.05138364280005914,6.121879858885757,1782410174.767034,None,None,None, None, 1782410174.7680397,1.0728257024648793,apf_colreg,crossing_from_starboard,1.0,4.086410849280351,6.539476344389163,10.631010123809727,0.2409100626083447,4.648085373117954,-3.000407034948174,4.712910906459231,mr_webots_cross_left_to_right_large_ship.wbt,ekf_on_cluster_off,1,0,5.0
1782410174.9015856,13.782318592071533,-47.9335254979704,95.31706998411653,0.2,6.1004165155610925,1.9780385076505551,0.9815233398401584,-0.022875235386959417,6.119646020080454,1782410174.8646872,None,None,None, None, 1782410174.8656864,0.9035422232055782,apf_colreg,crossing_from_starboard,1.0,4.1166293523212785,6.142730390225342,10.545542132954736,0.41779024046988766,4.647589419056207,-3.005446362715122,4.688852970785725,mr_webots_cross_left_to_right_large_ship.wbt,ekf_on_cluster_off,1,0,5.0
1782410175.0023324,13.883065462112427,-38.552773706825796,103.23615336896876,0.2,6.093963564378046,2.0098802678720533,0.9754717367914174,-0.017251771420801837,6.118421307124223,1782410175.0043337,None,None,None, None, 1782410174.9456823,1.0659429364648227,apf_colreg,crossing_from_starboard,1.0,4.181137338697025,5.807189380745716,10.536175766992425,0.5700773011946279,4.645315369774793,-3.0263419887427627,4.679962039646274,mr_webots_cross_left_to_right_large_ship.wbt,ekf_on_cluster_off,1,0,5.0
1782410175.1038241,13.984557151794434,-29.47561015151366,110.51622457548636,0.2,6.090488450070298,2.04290582102034,0.968977926864262,0.008079679901885682,6.119496421906013,1782410175.0687418,None,None,None, None, 1782410175.0747433,1.0684457151989823,apf_colreg,crossing_from_starboard,1.0,4.2265544648038205,5.587061828484074,10.46277775768808,0.7096580978261811,4.644488991953829,-3.037030356022824,4.664718381418247,mr_webots_cross_left_to_right_large_ship.wbt,ekf_on_cluster_off,1,0,5.0
1782410175.203739,14.084471940994263,-21.27462399304189,116.79041067649527,0.2,6.08920510526113,2.0767310893606514,0.9622295001776497,0.02157459880337912,6.121193428653645,1782410175.1473994,None,None,None, None, 1782410175.155407,0.9673238132686541,apf_colreg,crossing_from_starboard,1.0,4.250408353829667,5.51858678725334,10.36004249056737,0.8286958456151181,4.656152705113045,-3.036052821276092,4.648966647605497,mr_webots_cross_left_to_right_large_ship.wbt,ekf_on_cluster_off,1,0,5.0
1782410175.3017025,14.182435512542725,-20.701139116031747,117.21883924685922,0.2,6.093735615097549,2.1111272362720492,0.9553424017652117,0.06819904742105132,6.130307552821511,1782410175.2810395,None,None,None, None, 1782410175.288043,0.9605017475140494,apf_colreg,crossing_from_starboard,1.0,4.306049280757238,5.395452865696961,10.349830675351747,0.8366006296509587,4.661353464758299,-3.0580814165253187,4.627707778165037,mr_webots_cross_left_to_right_large_ship.wbt,ekf_on_cluster_off,1,0,5.0
1782410175.4023995,14.283132553100586,-14.214677908043377,121.9739811591635,0.2,6.098148555401566,2.1459080266408876,0.948620749126512,0.050137034674415076,6.134391046218556,1782410175.3624861,None,None,None, None, 1782410175.3709934,0.9330830652944043,apf_colreg,crossing_from_starboard,1.0,4.316866313109441,5.433417480981973,10.210038448851396,0.9219196679167929,4.6840670986362625,-3.0430123776558804,4.6162971050288135,mr_webots_cross_left_to_right_large_ship.wbt,ekf_on_cluster_off,1,0,5.0
1782410175.5016797,14.382412672042847,-15.74968688312889,120.86354240661154,0.2,6.106362359744681,2.1810018370020186,0.942005557606409,0.08220008299007651,6.145462500811102,1782410175.4971752,None,None,None, None, 1782410175.4971752,0.9101548906769767,apf_colreg,crossing_from_starboard,1.0,4.339793564086423,5.556507176082538,10.152868279275214,0.8941337815126849,4.709274746197521,-3.0454986641570145,4.593463349330021,mr_webots_cross_left_to_right_large_ship.wbt,ekf_on_cluster_off,1,0,5.0
1782410175.6014957,14.482228755950928,-47.463290567964606,95.72404995857485,0.2,6.1301831929394766,1.9929633753981828,0.9835658038287307,0.08261401667989171,6.151681128438513,1782410175.5724485,1.99001383591212,0.9841978963334179,6.157674043526484, 1782410175.560944, 1782410175.571452,1.0962735382834237,apf_colreg,crossing_from_starboard,1.0,4.6745781438160945,3.5077872978140268,10.063604346882201,0.40608601057467375,4.729899232571229,-3.0496175287733345,4.576807826564197,mr_webots_cross_left_to_right_large_ship.wbt,ekf_on_cluster_off,1,0,5.0
1782410175.702788,14.583521127700806,-51.01677372523686,92.62152504353297,0.2,6.139232763094056,2.009399006923073,0.9810709513888485,0.07102756521355458,6.156706006790365,1782410175.7087877,None,None,None, None, 1782410175.644193,0.9972086451637956,apf_colreg,crossing_from_starboard,1.0,4.4695449380837555,6.623215645354372,10.063766530628477,0.35003647100445345,4.586335573999275,-2.9703585285372824,4.590304428059298,mr_webots_cross_left_to_right_large_ship.wbt,ekf_on_cluster_off,1,0,5.0
1782410175.8019886,14.682721614837646,-54.22483540188376,89.76612924776089,0.2,6.147837104773442,2.03177922932235,0.9778983587227921,0.054505119960401124,6.163452521249918,1782410175.7669716,None,None,None, None, 1782410175.7749767,1.045577839738547,apf_colreg,crossing_from_starboard,1.0,4.282994663190514,7.807276901788229,10.0743200783679,0.29930328212449897,4.59647058639755,-2.9774301331147015,4.541482343258177,mr_webots_cross_left_to_right_large_ship.wbt,ekf_on_cluster_off,1,0,5.0
1782410175.9016137,14.782346725463867,-58.188885243994946,86.16438298755645,0.2,6.157214079068644,2.0586467690062293,0.9743222127864346,0.06153298031614487,6.167934053877986,1782410175.904761,None,None,None, None, 1782410175.904761,1.0981549639526165,apf_colreg,crossing_from_starboard,1.0,4.159885845272279,8.287698162791322,10.085153817757002,0.23581653347598852,4.6093284447511005,-2.988292737926415,4.56527821800605,mr_webots_cross_left_to_right_large_ship.wbt,ekf_on_cluster_off,1,0,5.0
1782410176.0015378,14.882270812988281,-54.45439771110561,89.55978442381392,0.2,6.164784247574468,2.0886129121910075,0.970631667333401,0.040775053847297724,6.172990309333352,1782410175.9638066,None,None,None, None, 1782410175.9638066,0.9503041559946668,apf_colreg,crossing_from_starboard,1.0,3.9315895903072002,9.403905366462533,9.84014657114086,0.2887584585353711,4.65710175286575,-2.9349096646789836,4.512612478941312,mr_webots_cross_left_to_right_large_ship.wbt,ekf_on_cluster_off,1,0,5.0
1782410176.1046214,14.98535442352295,200.0,200.0,0.2,6.172671129394195,2.1205936057793546,0.9669128309929658,0.04984602574015736,6.176296308808951,1782410176.1056216,None,None,None, None, 1782410176.0341334,1.0360459964168747,apf_colreg,crossing_from_starboard,1.0,3.9615894350145515,8.659158556670196,5.223033634322219,6.508887816438557,4.676535022719331,-2.957681713674173,4.537767489908886,mr_webots_cross_left_to_right_large_ship.wbt,ekf_on_cluster_off,1,0,5.0
1782410176.2019136,15.082646608352661,200.0,200.0,0.2,6.180287526420598,2.1536543019957795,0.9630809813325518,0.10588764284058029,6.190826302172885,1782410176.1673517,None,None,None, None, 1782410176.1864014,0.9254922936808824,apf_colreg,crossing_from_starboard,1.0,4.783630229792078,0.0,5.164538247086737,5.877949264495343,4.704558019723374,-2.9341893357429236,4.483045843409833,mr_webots_cross_left_to_right_large_ship.wbt,ekf_on_cluster_off,1,0,5.0
1782410176.3020983,15.182831287384033,200.0,200.0,0.2,6.189447309643681,2.187375363793989,0.9593735199122184,0.13215326371436625,6.207510970575693,1782410176.2936041,None,None,None, None, 1782410176.2612681,1.0479768727805157,apf_colreg,crossing_from_starboard,1.0,4.844801371239389,0.0,5.1126117356174134,6.013977019299854,4.708590996335729,-2.9345932920619333,4.477655131199611,mr_webots_cross_left_to_right_large_ship.wbt,ekf_on_cluster_off,1,0,5.0
1782410176.402317,15.283050060272217,-200.0,-200.0,0.2,6.205052309901423,2.2214993144947774,0.9559426433286178,0.18744306610150607,6.221505705109913,1782410176.3682654,None,None,None, None, 1782410176.4003174,1.06380668418236,apf_colreg,static_obstacle,1.0,4.876903603583636,0.0,15.205845813281941,-6.000758047518143,4.692885486515082,-2.9789664605509754,4.482183337572115,mr_webots_cross_left_to_right_large_ship.wbt,ekf_on_cluster_off,1,0,5.0
1782410176.5021086,15.38284158706665,-200.0,-200.0,0.2,6.217361587687149,2.2559272907572194,0.9536779236510715,0.013483284768988631,6.223195709463174,1782410176.493606,None,None,None, None, 1782410176.4750903,0.9180558677649183,apf_colreg,static_obstacle,1.0,4.847523791285329,0.0,15.131196158053523,-6.174434041489219,4.692885486515082,-2.9789664605509754,4.482183337572115,mr_webots_cross_left_to_right_large_ship.wbt,ekf_on_cluster_off,1,0,5.0
1782410176.6019702,15.48270320892334,-200.0,-200.0,0.2,6.228912996052405,2.0849888579157025,0.9732708675387481,-0.05074305597812873,6.219437668505355,1782410176.5676663,2.0822746167877835,0.9735526427043402,6.236451769889859, 1782410176.563142, 1782410176.598469,1.014535972072896,apf_colreg,static_obstacle,1.0,5.0931664028322725,0.0,15.054481052903592,-6.461425784218529,4.815832677098622,-2.9135633512852697,4.470265884746526,mr_webots_cross_left_to_right_large_ship.wbt,ekf_on_cluster_off,1,0,5.0
1782410176.7017782,15.582511186599731,-200.0,-200.0,0.2,6.230793101680427,2.102528673793331,0.9725731228806699,-0.15199024163068406,6.199680767801634,1782410176.6976542,None,None,None, None, 1782410176.6618712,1.0013848896096516,apf_colreg,static_obstacle,1.0,4.95678856372667,0.0,15.042524601363525,-6.48557517421952,4.698216867410381,-2.8263460371772715,4.465359618824092,mr_webots_cross_left_to_right_large_ship.wbt,ekf_on_cluster_off,1,0,5.0
1782410176.8019946,15.682727575302124,200.0,200.0,0.2,6.226411569473227,2.125681544031334,0.9715886055001401,-0.14052003097735988,6.191135531180457,1782410176.7584658,None,None,None, None, 1782410176.7975059,0.900655483011514,apf_colreg,crossing_from_starboard,1.0,4.8168128233852725,0.0,4.637747232915633,5.784200835829504,4.763406959808322,-2.7898210984455734,4.436851056174565,mr_webots_cross_left_to_right_large_ship.wbt,ekf_on_cluster_off,1,0,5.0
1782410176.9017222,15.782455205917358,200.0,200.0,0.2,6.214364542357953,2.152993719873973,0.969797452391453,-0.036576807117845556,6.1866625834033595,1782410176.880755,None,None,None, None, 1782410176.8635647,0.9385987882161351,apf_colreg,crossing_from_starboard,1.0,4.723408633957279,0.0,4.49013383166238,5.861850430727589,4.8101941700545465,-2.76952868885559,4.428615667585218,mr_webots_cross_left_to_right_large_ship.wbt,ekf_on_cluster_off,1,0,5.0
1782410177.008545,15.889277935028076,-60.89231434907611,83.66018120426845,0.2,6.208575428606458,2.1831353371904245,0.9672824812652265,0.06631009226526469,6.190955969253881,1782410176.945502,None,None,None, None, 1782410176.9924657,1.0802179712675493,apf_colreg,crossing_from_starboard,1.0,0.8122508945499206,27.61493235488075,9.210777933872784,0.17526929372891686,4.800952649739029,-2.781138044783178,4.381835659447854,mr_webots_cross_left_to_right_large_ship.wbt,ekf_on_cluster_off,1,0,5.0
1782410177.1020124,15.98274540901184,-59.07624864564894,85.3467497488697,0.2,6.214707089612432,2.2152335569241424,0.9647039859123041,0.09932649938302147,6.203890804352983,1782410177.0757275,None,None,None, None, 1782410177.0677223,0.9632434253174327,apf_colreg,crossing_from_starboard,1.0,0.800633699985369,26.62572042690039,9.185402903087901,0.20168384730583622,4.761047486651493,-2.8191839939417216,4.378322932860677,mr_webots_cross_left_to_right_large_ship.wbt,ekf_on_cluster_off,1,0,5.0
1782410177.202102,16.08283495903015,-62.33291371643666,82.3095332247341,0.2,6.223285249973933,2.248561693861766,0.9624327098309422,0.07299234871238995,6.208997827507596,1782410177.2051141,None,None,None, None, 1782410177.19508,0.9699194261060782,apf_colreg,crossing_from_starboard,1.0,0.791326602335304,27.156959569261673,9.198222270337405,0.15356810166945323,4.780412172110784,-2.8307472572685106,4.380347496732145,mr_webots_cross_left_to_right_large_ship.wbt,ekf_on_cluster_off,1,0,5.0
1782410177.30142,16.18215298652649,-64.79136079831066,79.97806951098144,0.2,6.232108031034328,2.2826108945739394,0.9604832366133715,0.05726310591984263,6.216198680443108,1782410177.2714443,None,None,None, None, 1782410177.2683892,1.0387607549569498,apf_colreg,crossing_from_starboard,1.0,0.757494987084021,28.755679549930115,9.188946527842138,0.1166238773957824,4.804791831333738,-2.833724925032046,4.36857594834547,mr_webots_cross_left_to_right_large_ship.wbt,ekf_on_cluster_off,1,0,5.0
1782410177.4022114,16.282944440841675,-67.55734419305713,77.3141979674927,0.2,6.239870421276053,2.317073841682189,0.9588388011631963,0.042521727991400374,6.22137260355458,1782410177.3931215,None,None,None, None, 1782410177.4052784,0.9044044154259844,apf_colreg,crossing_from_starboard,1.0,0.5789896552877809,31.542148272564617,9.144235108460855,0.07455925774068994,4.848039341685772,-2.8218199718189463,4.362996013065831,mr_webots_cross_left_to_right_large_ship.wbt,ekf_on_cluster_off,1,0,5.0
1782410177.502,16.38273310661316,-69.4793155650681,75.43723558847088,0.2,6.252933335338097,2.351769320813431,0.9574496648221533,0.09001342186007412,6.229266041092886,1782410177.4808133,None,None,None, None, 1782410177.467867,1.0349902799358999,apf_colreg,crossing_from_starboard,1.0,0.08858758271114262,33.74076163902319,8.891175229830843,0.0442682342109606,4.893816539066203,-2.7752793679098815,4.342116535799105,mr_webots_cross_left_to_right_large_ship.wbt,ekf_on_cluster_off,1,0,5.0
1782410177.6019998,16.48273277282715,-71.1152147645526,73.82257227773853,0.2,6.254362622080629,2.180753600902891,0.9663083680527285,0.03236940550811101,6.231748156196545,1782410177.5574942,2.1780349601255247,0.9664368646548663,6.241292076768706, 1782410177.569005, 1782410177.5883195,0.9768457567858113,apf_colreg,crossing_from_starboard,1.0,4.126288490506193,16.135838109992267,8.967593126740896,0.02028883066333531,4.942194942724331,-2.7719987315191656,4.281600915130595,mr_webots_cross_left_to_right_large_ship.wbt,ekf_on_cluster_off,1,0,5.0
1782410177.7018943,16.582627296447754,-72.61579285944696,72.32745762788299,0.2,6.2616028460510815,2.198628076472501,0.9658648535024583,0.03150502635818183,6.236250081434367,1782410177.7003896,None,None,None, None, 1782410177.6581478,1.0069609677697644,apf_colreg,crossing_from_starboard,1.0,2.7469264150045616,33.32878011861223,8.898112430634407,-0.0021440276456274887,4.74083483506457,-2.7653803365676937,4.315298471220299,mr_webots_cross_left_to_right_large_ship.wbt,ekf_on_cluster_off,1,0,5.0
1782410177.8020682,16.682801246643066,-76.7334337214797,68.1543904114422,0.2,6.267142135811879,2.222139601923324,0.9654378632050244,0.02127892828333634,6.237541218989328,1782410177.7610664,None,None,None, None, 1782410177.786557,0.9924186422775466,apf_colreg,crossing_from_starboard,1.0,1.3032689034912914,37.346726723329326,8.922169675394873,-0.06396634717701577,4.76638729538621,-2.767127868221145,4.295594938266393,mr_webots_cross_left_to_right_large_ship.wbt,ekf_on_cluster_off,1,0,5.0
1782410177.9020607,16.782793760299683,-71.04636765459814,73.89084544609499,0.2,6.272106786582688,2.2498396438765162,0.9650735929119199,0.02120755027315473,6.240308608763747,1782410177.8915572,None,None,None, None, 1782410177.8567884,0.9112749732406783,apf_colreg,crossing_from_starboard,1.0,0.48777106848418017,33.179462866403235,8.714440771496884,0.02071465285376206,4.792185900640223,-2.7253215879578154,4.2606666427255,mr_webots_cross_left_to_right_large_ship.wbt,ekf_on_cluster_off,1,0,5.0
1782410178.0014381,16.882171154022217,-76.10069760367696,68.80245815643102,0.2,6.276175323899681,2.2803910016466675,0.9648063892487748,0.017877298890818242,6.241574045656803,1782410177.9623418,None,None,None, None, 1782410177.986945,0.9896911785828324,apf_colreg,crossing_from_starboard,1.0,0.04526186338440812,31.645804993400194,8.786329005706733,-0.05358777510221824,4.823794385197595,-2.73856939705024,4.244472055090614,mr_webots_cross_left_to_right_large_ship.wbt,ekf_on_cluster_off,1,0,5.0
1782410178.1025014,16.983234405517578,-72.6244412622922,72.3188014758166,0.2,6.280598431217276,2.31276223361854,0.9646488423600639,0.022660814410561524,6.244602470464351,1782410178.0959833,None,None,None, None, 1782410178.053325,0.9809672276676507,apf_colreg,crossing_from_starboard,1.0,0.056563760000485935,30.274372219583853,8.630605433122515,-0.002204377305115912,4.855941503943285,-2.708002030703152,4.227098213255226,mr_webots_cross_left_to_right_large_ship.wbt,ekf_on_cluster_off,1,0,5.0
1782410178.2018044,17.082537412643433,-71.8230192486508,73.11902759350065,0.2,0.000985908063474845,2.346238433351404,0.9646314566609426,0.01566841346786557,6.24565241716018,1782410178.1629937,None,None,None, None, 1782410178.2058477,0.9531091495859725,apf_colreg,crossing_from_starboard,1.0,0.07400338218900988,30.365593848944417,8.6041839726428,0.009318637703805699,4.88225062456208,-2.7039850889470722,4.240061571452195,mr_webots_cross_left_to_right_large_ship.wbt,ekf_on_cluster_off,1,0,5.0
1782410178.302231,17.182964086532593,-77.11281738396407,67.76461086032661,0.2,0.003982930014254645,2.380366988930362,0.9647233073394901,0.013388138112816177,6.246547869936389,1782410178.2298777,None,None,None, None, 1782410178.3012302,0.9135800709522149,apf_colreg,crossing_from_starboard,1.0,0.06659284708898561,32.80523011316213,8.699883854812551,-0.06796500601464484,4.914331896622636,-2.723773177559371,4.224666124208869,mr_webots_cross_left_to_right_large_ship.wbt,ekf_on_cluster_off,1,0,5.0
1782410178.4023519,17.283084869384766,-72.8698015275277,72.07303301598436,0.2,0.007432589343502079,2.414876897841971,0.9649186090743704,0.017620393443266893,6.249454734259893,1782410178.3948493,None,None,None, None, 1782410178.383338,0.9140525584951356,apf_colreg,crossing_from_starboard,1.0,0.12993787091606754,34.795728212766,8.553440477106003,-0.005695184995991198,4.9462199900360835,-2.6957555794199015,4.206918387160656,mr_webots_cross_left_to_right_large_ship.wbt,ekf_on_cluster_off,1,0,5.0
1782410178.5034304,17.38416337966919,-68.4815167974058,76.41435182415839,0.2,0.009794781045812308,2.4496011698418863,0.9652331834626544,0.008409405468861205,6.250070665531841,1782410178.4680924,None,None,None, None, 1782410178.5064297,1.069208620418581,apf_colreg,crossing_from_starboard,1.0,0.47905570213745985,36.399575264563964,8.430937133282432,0.055891453942669145,4.982772624457775,-2.6684014787398707,4.1911256806338395,mr_webots_cross_left_to_right_large_ship.wbt,ekf_on_cluster_off,1,0,5.0
1782410178.6030843,17.48381733894348,-50.91808433877656,92.70853856081564,0.2,-0.0002493097550205091,2.273640332250934,0.9622638963470032,0.00695437428441819,6.2506243305577724,1782410178.5477064,2.270856141212011,0.9622197045196146,6.260407648639587, 1782410178.57453, 1782410178.5725381,1.0638260196589102,apf_colreg,crossing_from_starboard,1.0,4.138950905097561,11.66534608571971,8.393475407332602,0.29324478238872054,5.014756689047549,-2.645326834415928,4.185058135233866,mr_webots_cross_left_to_right_large_ship.wbt,ekf_on_cluster_off,1,0,5.0
1782410178.7018185,17.5825514793396,-53.26217044894031,90.62847858880352,0.2,6.285060499254914,2.291122461588206,0.9622553550300523,0.026098637041592907,6.253982622040154,1782410178.6763833,None,None,None, None, 1782410178.700314,0.9775207516989096,apf_colreg,crossing_from_starboard,1.0,2.731785992832988,32.770155055045684,8.45501049741453,0.26410115457396355,4.7707690088654156,-2.696186601994489,4.165029129301011,mr_webots_cross_left_to_right_large_ship.wbt,ekf_on_cluster_off,1,0,5.0
1782410178.801899,17.682631969451904,-56.13508921311342,88.04074783511612,0.2,0.004858732582480996,2.314384433513376,0.9622989757465914,0.0298650351670273,6.25605021640544,1782410178.8040562,None,None,None, None, 1782410178.775244,1.0258265817664034,apf_colreg,crossing_from_starboard,1.0,1.7152877312580184,37.78940103625657,8.435550285928382,0.22496700889498467,4.807466338584831,-2.6609946287028423,4.147546302229122,mr_webots_cross_left_to_right_large_ship.wbt,ekf_on_cluster_off,1,0,5.0
1782410178.9042299,17.78496289253235,-52.114578575560905,91.6502915594314,0.2,0.010785852650416507,2.341945396191796,0.9624455369723677,0.051665821173492055,6.262482859375724,1782410178.8701193,None,None,None, None, 1782410178.8494902,1.059091787375814,apf_colreg,crossing_from_starboard,1.0,0.2747107688081925,34.77472001419696,8.254823198223644,0.27282878133189037,4.807466338584831,-2.6609946287028423,4.147546302229122,mr_webots_cross_left_to_right_large_ship.wbt,ekf_on_cluster_off,1,0,5.0
1782410179.002107,17.882839918136597,-200.0,-200.0,0.2,0.01641832972425656,2.3724646625672507,0.9628171019995424,0.03995888100984425,6.267452482638867,1782410178.9944878,None,None,None, None, 1782410178.971012,0.9573819712048842,apf_colreg,overtaking,1.0,3.266327376470326,10.86523837968381,14.567075696927839,-7.448679089044066,4.823445260310289,-2.6887080929761074,4.133681878314902,mr_webots_cross_left_to_right_large_ship.wbt,ekf_on_cluster_off,1,0,5.0
1782410179.101962,17.98269510269165,-200.0,-200.0,0.2,0.02603104358841493,2.4047121579755295,0.9636904525497942,0.001424413908399865,6.267538733241862,1782410179.0550394,None,None,None, None, 1782410179.101962,0.9000708401342535,apf_colreg,overtaking,1.0,2.5949914988282705,16.72036594417787,14.494134300206788,-7.593524697515504,4.856600448597955,-2.640587246522053,4.128557354758248,mr_webots_cross_left_to_right_large_ship.wbt,ekf_on_cluster_off,1,0,5.0
1782410179.203693,18.084425926208496,-200.0,-200.0,0.2,0.024410473605588342,2.4380007676619395,0.9650249729317504,-0.12404940583105284,6.251434359747073,1782410179.1848617,None,None,None, None, 1782410179.1703312,1.0701366453236991,apf_colreg,overtaking,1.0,2.0586690254440008,22.00597885746553,14.505392460442499,-7.57777006047632,4.92319145806447,-2.6075025205558084,4.11825906566113,mr_webots_cross_left_to_right_large_ship.wbt,ekf_on_cluster_off,1,0,5.0
1782410179.3017197,18.18245267868042,-200.0,-200.0,0.2,0.016301601558821963,2.4719266200144454,0.9662184723703393,-0.1548554985043308,6.240799245882731,1782410179.2535393,None,None,None, None, 1782410179.3062327,0.9258440266145511,apf_colreg,overtaking,1.0,1.8221500825568824,26.223704270177542,14.565513947252036,-7.4667597898013565,4.983595365134271,-2.5746412360907387,4.097478459328327,mr_webots_cross_left_to_right_large_ship.wbt,ekf_on_cluster_off,1,0,5.0
1782410179.404341,18.28507399559021,-200.0,-200.0,0.2,0.004296755517670201,2.506232889467942,0.9670440069631074,-0.1655352489428001,6.220309922227388,1782410179.3773155,None,None,None, None, 1782410179.3703027,1.021877249896216,apf_colreg,overtaking,1.0,2.154407416269353,30.399219751568847,14.653595514285419,-7.296061911410241,5.028587356962213,-2.5678710245359335,4.080125682817441,mr_webots_cross_left_to_right_large_ship.wbt,ekf_on_cluster_off,1,0,5.0
1782410179.5025237,18.383256673812866,-200.0,-200.0,0.2,-0.015424529206429265,2.5407578807276296,0.967390102967864,-0.2176871150426677,6.2056814118720425,1782410179.5065184,None,None,None, None, 1782410179.5000074,1.0549097390387847,apf_colreg,overtaking,1.0,3.397615850401934,23.06025212129488,14.794565592933665,-7.007481240922607,5.073450903657754,-2.5512197849060843,4.074529155679071,mr_webots_cross_left_to_right_large_ship.wbt,ekf_on_cluster_off,1,0,5.0
1782410179.6017723,18.482505321502686,-200.0,-200.0,0.2,6.237919656503042,2.3689365293295555,0.9598228874002398,-0.12505109470355952,6.1895720389009306,1782410179.5733376,2.366209819794411,0.9597288439499336,6.203604992277063, 1782410179.582843, 1782410179.5646346,1.0837279886801108,apf_colreg,overtaking,1.0,4.571003020369728,0.0,14.9993791813537,-6.5192678525545515,5.079010275153799,-2.585063830848716,4.051636406974822,mr_webots_cross_left_to_right_large_ship.wbt,ekf_on_cluster_off,1,0,5.0
1782410179.701727,18.582459926605225,-200.0,-200.0,0.2,6.228994270626496,2.3865187002368824,0.9591055962499415,-0.15110288343994122,6.178807405249343,1782410179.644578,None,None,None, None, 1782410179.698727,0.9988872007793239,apf_colreg,overtaking,1.0,3.696392520388963,19.687663224519184,15.057052627259829,-6.3811467034561264,4.8404894803231295,-2.589725089932529,4.04426811013273,mr_webots_cross_left_to_right_large_ship.wbt,ekf_on_cluster_off,1,0,5.0
1782410179.801977,18.68270993232727,-200.0,-200.0,0.2,6.2168020574959755,2.4096988440117175,0.9579547601924499,-0.16577744134469005,6.157777369358202,1782410179.771435,None,None,None, None, 1782410179.7648299,1.031693813279152,apf_colreg,overtaking,1.0,0.7680311092465039,28.944262002337208,15.133704708126245,-6.190737769583668,4.8854349165906115,-2.5690098888357205,3.995360825764391,mr_webots_cross_left_to_right_large_ship.wbt,ekf_on_cluster_off,1,0,5.0
1782410179.9019675,18.782700538635254,-200.0,-200.0,0.2,6.208034971268092,2.4370394459739813,0.9562477966957235,-0.11784709080437668,6.1488295348476765,1782410179.8473625,None,None,None, None, 1782410179.890947,1.0143608124140926,apf_colreg,overtaking,1.0,1.0024179226687697,21.820534380904718,15.187676396601523,-6.04792916554282,4.909808881259639,-2.5806857051316743,4.0153501339680995,mr_webots_cross_left_to_right_large_ship.wbt,ekf_on_cluster_off,1,0,5.0
1782410180.0019531,18.882686138153076,-200.0,-200.0,0.2,6.195972214960783,2.467226271704478,0.9541471566073563,-0.15701833271455234,6.128836342936409,1782410179.9746928,None,None,None, None, 1782410179.958641,0.9231621939998439,apf_colreg,overtaking,1.0,1.5144835432506647,16.920100539256815,15.259630843150218,-5.85213104580432,4.9632931773136795,-2.548642069784197,3.978554126568606,mr_webots_cross_left_to_right_large_ship.wbt,ekf_on_cluster_off,1,0,5.0
1782410180.1181521,18.99888515472412,-200.0,-200.0,0.2,6.182853914635417,2.4992122307138533,0.9515103520981452,-0.15742745873056252,6.117773905730738,1782410180.044963,None,None,None, None, 1782410180.1211405,1.083578898985619,apf_colreg,overtaking,1.0,1.220606842561379,19.99565586305965,15.334942220779809,-5.636339892956589,4.9961902399580245,-2.515099563608383,3.9747378925883097,mr_webots_cross_left_to_right_large_ship.wbt,ekf_on_cluster_off,1,0,5.0
1782410180.2020426,19.082775592803955,-200.0,-200.0,0.2,6.170190276576353,2.5322736317236463,0.9483345205683773,-0.14842776907380437,6.1054251432830515,1782410180.12816,None,None,None, None, 1782410180.2082665,0.9458027099255619,apf_colreg,overtaking,1.0,0.930485940304084,24.336468551853237,15.404659926549263,-5.42346705887324,5.021345387168965,-2.521546710467092,3.9701379938781187,mr_webots_cross_left_to_right_large_ship.wbt,ekf_on_cluster_off,1,0,5.0
1782410180.3019497,19.182682752609253,-200.0,-200.0,0.2,6.144055056371668,2.5659504563124127,0.9446738450153185,-0.2679782780096884,6.063569446203106,1782410180.2843506,None,None,None, None, 1782410180.2683442,0.9763485861081913,apf_colreg,overtaking,1.0,0.6108771777012091,34.689296989551266,15.540048786351965,-4.99808604656107,5.068589951056072,-2.5154137688271554,3.956268607832574,mr_webots_cross_left_to_right_large_ship.wbt,ekf_on_cluster_off,1,0,5.0
1782410180.4018495,19.2825825214386,-200.0,-198.30784180749302,0.2,6.128925093541558,2.5998603262615116,0.9399252769888431,-0.13407226746029946,6.053840193870746,1782410180.3569179,None,None,None, None, 1782410180.3955443,1.0572328133077507,apf_colreg,overtaking,1.0,0.8744536388530193,44.67468609447193,15.612137405336071,-4.735158986882747,5.047177980945601,-2.544173630056524,3.9198711696443613,mr_webots_cross_left_to_right_large_ship.wbt,ekf_on_cluster_off,1,0,5.0
1782410180.5015452,19.382278203964233,-200.0,-176.17246160764628,0.2,6.114156444603191,2.634013834749862,0.9347128707502588,-0.15173399954254754,6.035994544507624,1782410180.4745293,None,None,None, None, 1782410180.467214,1.0273380656231332,apf_colreg,overtaking,1.0,0.7489627024311976,56.805945805045525,15.678051680155043,-4.474114918884436,5.08039836384264,-2.507909011669493,3.919802179508569,mr_webots_cross_left_to_right_large_ship.wbt,ekf_on_cluster_off,1,0,5.0
1782410180.6017573,19.482490301132202,-200.0,-125.37942710212258,0.2,6.080027644728995,2.4636322357653038,0.9504160189676183,-0.15545255049845993,6.025067252072798,1782410180.5448227,2.4609144758322454,0.9507016624750938,6.043008795882691, 1782410180.589153, 1782410180.5921514,0.9235360181627287,apf_colreg,overtaking,1.0,4.515352729840094,0.0,15.831874798897172,-4.025839605478725,5.110930512657207,-2.5288189629433235,3.920292178282934,mr_webots_cross_left_to_right_large_ship.wbt,ekf_on_cluster_off,1,0,5.0
1782410180.7020602,19.58279323577881,-200.0,-92.97004084160758,0.2,6.066400307469851,2.485443067660408,0.9459747623776176,-0.17624220765855633,6.002117675316311,1782410180.6750388,None,None,None, None, 1782410180.67104,0.9329447208445988,apf_colreg,overtaking,1.0,2.804566642217666,35.997818156632974,15.881955921083726,-3.7847685218672797,4.84899604949734,-2.5661814336732967,3.918118799302424,mr_webots_cross_left_to_right_large_ship.wbt,ekf_on_cluster_off,1,0,5.0
1782410180.8024483,19.683181285858154,200.0,200.0,0.2,6.055243237891378,2.5163124501025687,0.9391951050376512,-0.11635582690143208,5.993304096714064,1782410180.7507856,None,None,None, None, 1782410180.8013988,1.097831955302612,apf_colreg,crossing_from_starboard,1.0,3.129324069115159,12.813129339396923,0.08484679560008956,8.901008044608721,4.87469086826022,-2.558229110851574,3.886789978831887,mr_webots_cross_left_to_right_large_ship.wbt,ekf_on_cluster_off,1,0,5.0
1782410180.9016533,19.782386302947998,200.0,200.0,0.2,6.042476271260463,2.5482821937299196,0.9313500146228095,-0.008327811558397378,5.9920976562246855,1782410180.8956544,None,None,None, None, 1782410180.8670697,1.073574191035272,apf_colreg,crossing_from_starboard,1.0,3.0893684337516323,12.538374432862005,-0.07404133133495883,9.124771448506156,4.87469086826022,-2.558229110851574,3.886789978831887,mr_webots_cross_left_to_right_large_ship.wbt,ekf_on_cluster_off,1,0,5.0
1782410181.0014203,19.882153272628784,-200.0,7.866975836980222,0.2,6.035188875987393,2.5808836272755484,0.9228129314319653,0.06070609079007858,5.9963252091295,1782410180.9652941,None,None,None, None, 1782410180.9979162,0.9755535124238501,apf_colreg,static_obstacle,1.0,3.3525711033093994,8.17428736475515,15.972953684649635,-3.1539921990999753,4.87146459817662,-2.576574066425467,3.879953545081692,mr_webots_cross_left_to_right_large_ship.wbt,ekf_on_cluster_off,1,0,5.0
1782410181.101288,19.98202109336853,-200.0,11.815516297046138,0.2,6.035861791723974,2.6216358344636213,0.9124796497725995,0.008704574768069009,5.9973904377923555,1782410181.0876698,None,None,None, None, 1782410181.0685492,0.9433965814980937,apf_colreg,static_obstacle,1.0,3.533523453687283,5.296460670677218,15.962425870498087,-3.105316123604112,4.850569325446239,-2.60747757246643,3.8546918434585287,mr_webots_cross_left_to_right_large_ship.wbt,ekf_on_cluster_off,1,0,5.0
1782410181.2028704,20.083603382110596,-200.0,15.744657538189715,0.2,6.0367605829561,2.6669089997765907,0.9013143732480824,-0.03516944874466091,5.995014760271918,1782410181.1552193,None,None,None, None, 1782410181.1482353,0.9448392189411787,apf_colreg,static_obstacle,1.0,3.78811225539226,4.354258949634789,15.94995534598883,-3.056204483711879,4.868137762841256,-2.6576911764106144,3.838562775489067,mr_webots_cross_left_to_right_large_ship.wbt,ekf_on_cluster_off,1,0,5.0
1782410181.301999,20.182732105255127,-200.0,88.98205044649471,0.2,6.029858130259073,2.714376816679295,0.8897176146836836,-0.11372264613580692,5.980257537261158,1782410181.2849844,None,None,None, None, 1782410181.292497,0.952527695874579,apf_colreg,static_obstacle,1.0,3.8714534915021823,4.072188522416726,15.752897260024856,-2.079275284023068,4.932445953671408,-2.593117389558835,3.8210629677543646,mr_webots_cross_left_to_right_large_ship.wbt,ekf_on_cluster_off,1,0,5.0
1782410181.4021442,20.282877206802368,-200.0,111.27615594395299,0.2,6.019994588650539,2.766750355652573,0.8763117146939337,-0.10814824605412904,5.972882304740196,1782410181.35318,None,None,None, None, 1782410181.3636878,1.0102573534224903,apf_colreg,static_obstacle,1.0,3.971049092456295,3.7583992688548604,15.733598850119089,-1.7505698735549622,4.980776798889194,-2.6259787868225453,3.789730968978555,mr_webots_cross_left_to_right_large_ship.wbt,ekf_on_cluster_off,1,0,5.0
1782410181.5020258,20.382758855819702,-200.0,133.51572728972707,0.2,6.009644148539251,2.8223848670499194,0.8613322202653819,-0.09265960025550328,5.960990326915523,1782410181.4815204,None,None,None, None, 1782410181.5000272,0.9718489433189925,apf_colreg,static_obstacle,1.0,4.074028258636825,3.335816478272552,15.705325889900681,-1.394364997996063,5.023822709425365,-2.6152264177908924,3.7783612590316697,mr_webots_cross_left_to_right_large_ship.wbt,ekf_on_cluster_off,1,0,5.0
1782410181.6022248,20.48295783996582,-200.0,69.45532325737187,0.2,5.98849132525376,2.5805502164001286,0.9217653965765563,-0.10181796722583923,5.953941121080456,1782410181.5507538,2.576586487502728,0.9227805565342717,5.972091196141691, 1782410181.59122, 1782410181.572188,1.049184467860143,apf_colreg,static_obstacle,1.0,4.519938935994611,0.0,16.10182651415382,-2.3990246060376776,5.0665400717843605,-2.6013407254711693,3.747223145690548,mr_webots_cross_left_to_right_large_ship.wbt,ekf_on_cluster_off,1,0,5.0
1782410181.7013977,20.582130670547485,-200.0,84.4653373947272,0.2,5.979539012631303,2.618478847891419,0.9102270325622719,-0.09057880899130785,5.9482309233454735,1782410181.7160175,None,None,None, None, 1782410181.6378493,1.090297071465199,apf_colreg,static_obstacle,1.0,3.297007547021488,11.738536155455218,16.108181619811518,-2.190908971360248,4.7522330008300955,-2.6119077851031856,3.7384280592495687,mr_webots_cross_left_to_right_large_ship.wbt,ekf_on_cluster_off,1,0,5.0
1782410181.8022623,20.682995319366455,-200.0,146.34151472887092,0.2,5.968693149687494,2.665805748464713,0.8953894407520124,-0.10586894963795712,5.92912508322127,1782410181.794262,None,None,None, None, 1782410181.794262,0.9751991154515257,apf_colreg,static_obstacle,1.0,3.1325453208359777,9.109648390604335,15.869706764208756,-1.1865042588101762,4.786977537734532,-2.5876760807683197,3.724868598608744,mr_webots_cross_left_to_right_large_ship.wbt,ekf_on_cluster_off,1,0,5.0
1782410181.9029174,20.783650398254395,200.0,200.0,0.2,5.961670480091103,2.721908619724608,0.8769924332253218,-0.045112254900938176,5.925376122140715,1782410181.8773649,None,None,None, None, 1782410181.876366,0.9876397282790821,apf_colreg,crossing_from_starboard,1.0,3.1189960164778925,7.653452022410778,6.038025428706973,5.2716049812958,4.821279109443233,-2.6276037715353957,3.695043238270694,mr_webots_cross_left_to_right_large_ship.wbt,ekf_on_cluster_off,1,0,5.0
1782410182.0013852,20.882118225097656,200.0,200.0,0.2,5.948996813619746,2.764327565182052,0.8623249772303141,-0.02160549468182637,5.923821829187984,1782410181.9493046,None,None,None, None, 1782410181.9432988,0.9792363117281968,apf_colreg,crossing_from_starboard,1.0,3.1915364427845287,8.936005032515306,5.724333777866746,5.640147277053685,4.862165889667371,-2.612458320179348,3.678369783148768,mr_webots_cross_left_to_right_large_ship.wbt,ekf_on_cluster_off,1,0,5.0
1782410182.1021564,20.982889413833618,200.0,200.0,0.2,5.946062643701856,2.8017922637798574,0.8486733031547953,0.09515393727570444,5.935801576639766,1782410182.0752032,None,None,None, None, 1782410182.0752032,0.9408656719305547,apf_colreg,crossing_from_starboard,1.0,3.30361150115918,8.806108042730338,5.5922697580103335,5.914509643039806,4.811133888771356,-2.6548121205993542,3.648460495889471,mr_webots_cross_left_to_right_large_ship.wbt,ekf_on_cluster_off,1,0,5.0
1782410182.2026749,21.083407878875732,200.0,200.0,0.2,5.955328544779468,2.837036133250895,0.8358205724629961,0.18067059409655647,5.948197506821637,1782410182.1438138,None,None,None, None, 1782410182.1438138,0.9712880085906818,apf_colreg,crossing_from_starboard,1.0,3.5282308435909417,7.627274589591258,5.765968023337258,6.0616262938457215,4.768431711242662,-2.726454948287772,3.635349141676484,mr_webots_cross_left_to_right_large_ship.wbt,ekf_on_cluster_off,1,0,5.0
1782410182.30129,21.18202304840088,200.0,200.0,0.2,5.964049095704562,2.8713104951726063,0.8238683524652242,0.13653339442324863,5.965864018632515,1782410182.2732072,None,None,None, None, 1782410182.2762077,1.0659048784815395,apf_colreg,crossing_from_starboard,1.0,3.5668086867566413,7.044901473798618,5.541445741860432,6.260081008660894,4.793178155490117,-2.694042816144639,3.620082539742606,mr_webots_cross_left_to_right_large_ship.wbt,ekf_on_cluster_off,1,0,5.0
1782410182.4017293,21.28246235847473,200.0,200.0,0.2,5.975698045014105,2.9050728409798503,0.8124547209872874,0.15551369316943056,5.98542795849673,1782410182.3990092,None,None,None, None, 1782410182.3483665,0.9983125201830283,apf_colreg,crossing_from_starboard,1.0,3.682235246679709,6.2596330001119735,5.6665527580120205,6.338034777451894,4.801309040720979,-2.728830330734585,3.5919877321770786,mr_webots_cross_left_to_right_large_ship.wbt,ekf_on_cluster_off,1,0,5.0
1782410182.5013883,21.382121324539185,200.0,200.0,0.2,5.996054447901918,2.9386302985499975,0.8015889458007739,0.22273847233690736,6.0007046709947165,1782410182.467595,None,None,None, None, 1782410182.474645,1.0030162445252633,apf_colreg,crossing_from_starboard,1.0,3.787342497314853,5.307484858084915,5.79050240648666,6.350257878318017,4.799589939017337,-2.760354145671054,3.580740998754371,mr_webots_cross_left_to_right_large_ship.wbt,ekf_on_cluster_off,1,0,5.0
1782410182.6020858,21.482818841934204,200.0,200.0,0.2,6.0140990578217455,2.7013391513594507,0.8828795695392353,0.12727325356650487,6.0168661406138195,1782410182.5945776,2.697761452574003,0.884085329996978,6.024834611830163, 1782410182.593584, 1782410182.5373752,0.9772056346328508,apf_colreg,crossing_from_starboard,1.0,4.030871295644604,0.0,5.97784423446622,5.278285224101349,4.799589939017337,-2.760354145671054,3.580740998754371,mr_webots_cross_left_to_right_large_ship.wbt,ekf_on_cluster_off,1,0,5.0
1782410182.7017326,21.582465648651123,200.0,200.0,0.2,6.022436862640228,2.7105192887485816,0.8803050466868902,0.14280727731453907,6.026307080775259,1782410182.6606872,None,None,None, None, 1782410182.6682332,1.0299129376436138,apf_colreg,crossing_from_starboard,1.0,3.9228462484628133,4.265544070073882,5.8242000203336755,5.381780604254986,4.6484517637535845,-2.604228325067572,3.5727635516196594,mr_webots_cross_left_to_right_large_ship.wbt,ekf_on_cluster_off,1,0,5.0
1782410182.8037777,21.684510707855225,200.0,200.0,0.2,6.051463213214566,2.726449439359774,0.8759718815896314,0.3350243954433579,6.049823545559707,1782410182.7308805,None,None,None, None, 1782410182.7333877,0.9023943112449548,apf_colreg,crossing_from_starboard,1.0,3.614567958040578,7.181063171810994,5.743464721139953,5.246781841850735,4.618002135371023,-2.6010674527520297,3.552724242244093,mr_webots_cross_left_to_right_large_ship.wbt,ekf_on_cluster_off,1,0,5.0
1782410182.9017901,21.782523155212402,200.0,200.0,0.2,6.068913953342029,2.7482185610501553,0.8708969532775521,0.14036005692868306,6.070346520201757,1782410182.8770971,None,None,None, None, 1782410182.8770971,1.0207221962552233,apf_colreg,crossing_from_starboard,1.0,3.339576379108721,7.920615518888982,5.718993357739233,5.26337278480808,4.670331402527975,-2.5642491752824608,3.517620901243755,mr_webots_cross_left_to_right_large_ship.wbt,ekf_on_cluster_off,1,0,5.0
1782410183.0022497,21.88298273086548,200.0,200.0,0.2,6.086178335968642,2.7743762590507446,0.8651723495726333,0.16739541838226252,6.082593556911989,1782410182.9502594,None,None,None, None, 1782410183.0072544,1.0744287942512996,apf_colreg,crossing_from_starboard,1.0,3.2727055388600466,7.814780327170381,6.013859697154533,5.164878698181285,4.686794091118441,-2.6083906369704395,3.524719198380236,mr_webots_cross_left_to_right_large_ship.wbt,ekf_on_cluster_off,1,0,5.0
1782410183.1020632,21.98279619216919,200.0,200.0,0.2,6.102905617430684,2.8036293345020784,0.8592681926173551,0.16741891669010991,6.103653561635963,1782410183.0760517,None,None,None, None, 1782410183.0760517,1.076082174383129,apf_colreg,crossing_from_starboard,1.0,3.0338540940638232,8.133824422158288,5.695147342292741,5.300102866988475,4.706205083920312,-2.545024452030664,3.4919181121638965,mr_webots_cross_left_to_right_large_ship.wbt,ekf_on_cluster_off,1,0,5.0
1782410183.2017634,22.082496404647827,200.0,200.0,0.2,6.115349533564762,2.834922131405307,0.8534787139061635,0.13159494468730576,6.112928952328374,1782410183.2098334,None,None,None, None, 1782410183.1590495,0.9321658152600744,apf_colreg,crossing_from_starboard,1.0,2.932623611024648,8.48809980218175,5.795928693811332,5.323062237502676,4.733266766537502,-2.553356855622623,3.466380664658678,mr_webots_cross_left_to_right_large_ship.wbt,ekf_on_cluster_off,1,0,5.0
1782410183.3020089,22.18274188041687,200.0,200.0,0.2,6.138952320323455,2.8674780370096804,0.8478157554268231,0.24296944051729774,6.146569902555141,1782410183.2849936,None,None,None, None, 1782410183.2964985,0.9073893286102256,apf_colreg,crossing_from_starboard,1.0,2.735830724422803,9.125741321343746,5.62841823213045,5.286914186724366,4.750225266861167,-2.5270479739861256,3.4449421649652123,mr_webots_cross_left_to_right_large_ship.wbt,ekf_on_cluster_off,1,0,5.0
1782410183.402153,22.282886028289795,200.0,200.0,0.2,6.156056272974712,2.900879447765436,0.8429373957153352,0.15718593277277365,6.157986268151555,1782410183.3576233,None,None,None, None, 1782410183.374137,1.0968781814256425,apf_colreg,crossing_from_starboard,1.0,2.5851735605055697,9.865803971345027,5.63559817424354,5.342882797778956,4.78494162174786,-2.507165499755013,3.456433745831993,mr_webots_cross_left_to_right_large_ship.wbt,ekf_on_cluster_off,1,0,5.0
1782410183.5040908,22.3848237991333,200.0,200.0,0.2,6.1716064795285055,2.934765612552749,0.8385250033102238,0.15513448378385486,6.177900186314655,1782410183.4859889,None,None,None, None, 1782410183.5050912,1.0650727146437353,apf_colreg,crossing_from_starboard,1.0,2.493260267919215,10.918838295221658,5.777285220862006,5.285615299319264,4.8186835954683085,-2.5217716276100384,3.437395871127722,mr_webots_cross_left_to_right_large_ship.wbt,ekf_on_cluster_off,1,0,5.0
1782410183.60256,22.483293056488037,200.0,200.0,0.2,6.184003214561873,2.7930695796060254,0.8605157032381435,0.126587799065383,6.188190418798267,1782410183.5672781,2.790746692195968,0.8608582191173205,6.18565517438142, 1782410183.59756, 1782410183.5692823,1.0106090670190249,apf_colreg,crossing_from_starboard,1.0,1.9183358653218554,22.289429321975085,5.84598350641485,5.059132521989165,4.839557661231521,-2.5220886551872796,3.3955807757600804,mr_webots_cross_left_to_right_large_ship.wbt,ekf_on_cluster_off,1,0,5.0
1782410183.701338,22.58207106590271,200.0,200.0,0.2,6.190336953452605,2.8131464990407875,0.8584182943632701,0.12769744738573535,6.19701159039508,1782410183.7033427,None,None,None, None, 1782410183.7043443,1.0086877893802968,apf_colreg,crossing_from_starboard,1.0,2.0112158603512698,16.693679894443996,5.7950636369749,5.2205776044849195,4.66271693602815,-2.479046004043345,3.402598535709938,mr_webots_cross_left_to_right_large_ship.wbt,ekf_on_cluster_off,1,0,5.0
1782410183.8024201,22.68315315246582,200.0,200.0,0.2,6.201544632094759,2.8382028797221053,0.855939648916137,0.16749910681473154,6.223737901777955,1782410183.7959177,None,None,None, None, 1782410183.7989173,0.9369767151923611,apf_colreg,crossing_from_starboard,1.0,2.192256570085353,13.884563916922458,5.952798805954823,5.188850871275797,4.647786613937712,-2.5111043595248135,3.3839494917941613,mr_webots_cross_left_to_right_large_ship.wbt,ekf_on_cluster_off,1,0,5.0
1782410183.9015002,22.782233238220215,200.0,200.0,0.2,6.210818225002488,2.8668533141112817,0.8534631169121547,0.1274773718926294,6.232366193524088,1782410183.8636026,None,None,None, None, 1782410183.8656003,1.0285046541717684,apf_colreg,crossing_from_starboard,1.0,2.2334429789124908,12.16599080195769,5.8439890748611605,5.364464538795503,4.641588430414835,-2.4828664275161736,3.370942764566327,mr_webots_cross_left_to_right_large_ship.wbt,ekf_on_cluster_off,1,0,5.0
1782410184.0016415,22.88237452507019,200.0,200.0,0.2,6.22301758569532,2.8978948451480666,0.8510386261509257,0.15748123897507477,6.253394610306786,1782410183.9971323,None,None,None, None, 1782410183.9971323,0.9173435006723025,apf_colreg,crossing_from_starboard,1.0,2.3318293595420814,11.291860981467437,5.95698209971214,5.351963993437585,4.64169572983851,-2.501228706983294,3.3492904141031277,mr_webots_cross_left_to_right_large_ship.wbt,ekf_on_cluster_off,1,0,5.0
1782410184.101689,22.98242211341858,200.0,200.0,0.2,6.237297899221337,2.9304506489856705,0.8489175151142039,0.1673156740314658,6.263948017533203,1782410184.0602071,None,None,None, None, 1782410184.0692272,1.0292363919992022,apf_colreg,crossing_from_starboard,1.0,1.682801486301218,8.0085166270227,-0.7883588650435414,16.10446842842645,4.652710989218083,-2.5047360648044643,3.3395335158590953,mr_webots_cross_left_to_right_large_ship.wbt,ekf_on_cluster_off,1,0,5.0
1782410184.2015085,23.082241535186768,200.0,200.0,0.2,6.250137533553435,2.9639275914357,0.8472417178813361,0.1465780904462227,6.282655009702009,1782410184.1878319,None,None,None, None, 1782410184.1980052,0.9690394658626827,apf_colreg,crossing_from_starboard,1.0,1.5924551872031567,8.885138189039036,-0.6215964769557996,16.22812351809876,4.667333656475272,-2.4775429181379813,3.3150041556151106,mr_webots_cross_left_to_right_large_ship.wbt,ekf_on_cluster_off,1,0,5.0
1782410184.3013797,23.18211269378662,200.0,200.0,0.2,6.2650343924177,2.9979481908170222,0.8459616155315319,0.1671906308916166,0.011121733962788483,1782410184.257525,None,None,None, None, 1782410184.2717962,1.0094150615798398,apf_colreg,crossing_from_starboard,1.0,1.3492171427012376,9.5376826288665,-0.6625682946413285,16.42112771072389,4.6896584898550175,-2.4444112562733316,3.2826204867529114,mr_webots_cross_left_to_right_large_ship.wbt,ekf_on_cluster_off,1,0,5.0
1782410184.401891,23.282624006271362,200.0,200.0,0.2,6.277438508196493,3.0322851770684296,0.845202363195829,0.13992274295922294,0.030549702898078502,1782410184.3963728,None,None,None, None, 1782410184.402897,0.9879727000699811,apf_colreg,crossing_from_starboard,1.0,1.250741994872721,10.316898842227808,-0.36737641410516453,16.47076881511653,4.700045186792294,-2.459155363620676,3.2679971060925426,mr_webots_cross_left_to_right_large_ship.wbt,ekf_on_cluster_off,1,0,5.0
1782410184.5019958,23.382728815078735,200.0,200.0,0.2,6.286538459496744,3.066803157614956,0.8448403749574784,0.11646617182670786,0.03915496841565673,1782410184.4702592,None,None,None, None, 1782410184.4702592,0.9867844453150623,apf_colreg,crossing_from_starboard,1.0,2.443850030998648,11.863616564036908,6.180053536608468,5.43622337614995,4.718792178092516,-2.4788284776111045,3.278938559360136,mr_webots_cross_left_to_right_large_ship.wbt,ekf_on_cluster_off,1,0,5.0
1782410184.6016452,23.482378244400024,200.0,200.0,0.2,6.314596598798799,2.8864468322571497,0.8515222185720815,0.16001848191431373,0.05088773832934747,1782410184.6131554,2.88360756222563,0.8516117257150544,0.060611052461513104, 1782410184.599643, 1782410184.5435805,0.917720286121203,apf_colreg,crossing_from_starboard,1.0,1.2810250830058352,30.547599027373202,6.094328514353016,5.256261779446184,4.713793644321989,-2.469662257483841,3.2589918600980448,mr_webots_cross_left_to_right_large_ship.wbt,ekf_on_cluster_off,1,0,5.0
1782410184.7019918,23.582724809646606,200.0,200.0,0.2,0.042279481222993534,2.903125128577509,0.8519629226831208,0.17833535054741134,0.07771165737462869,1782410184.6939933,None,None,None, None, 1782410184.686471,1.0402652824452494,apf_colreg,crossing_from_starboard,1.0,1.8249714708999567,22.872282876298616,6.046117587396049,5.135421665095909,4.588045163665807,-2.4135310120008,3.2284933206877366,mr_webots_cross_left_to_right_large_ship.wbt,ekf_on_cluster_off,1,0,5.0
1782410184.8024535,23.683186531066895,200.0,200.0,0.2,0.04981183659117287,2.9255878939054014,0.852828816442162,0.11143078142488153,0.08534073863710558,1782410184.762458,None,None,None, None, 1782410184.7654579,0.9567158583090976,apf_colreg,crossing_from_starboard,1.0,0.016218955316588717,13.626840975904493,0.0546010457979591,16.135277708089923,4.588045163665807,-2.4135310120008,3.2284933206877366,mr_webots_cross_left_to_right_large_ship.wbt,ekf_on_cluster_off,1,0,5.0
1782410184.9181426,23.79887557029724,200.0,200.0,0.2,0.06337894838831759,2.9524263672310624,0.8540111414145666,0.1784029736214206,0.09870208481056444,1782410184.8373523,None,None,None, None, 1782410184.8373523,0.9731913463980343,apf_colreg,crossing_from_starboard,1.0,0.4462678546021788,11.422906253798649,0.18675825686752567,16.56905487834561,4.583141734753242,-2.360016113401177,3.1946789177997803,mr_webots_cross_left_to_right_large_ship.wbt,ekf_on_cluster_off,1,0,5.0
1782410185.0019672,23.882700204849243,200.0,200.0,0.2,0.0750578422999705,2.9822712503547915,0.8557806658468023,0.140982710146357,0.12176876760808861,1782410185.0009658,None,None,None, None, 1782410184.9351425,1.003188774011968,apf_colreg,crossing_from_starboard,1.0,0.5102519950974062,9.45298382850341,-0.015828401615507914,17.203016282427416,4.583141734753242,-2.360016113401177,3.1946789177997803,mr_webots_cross_left_to_right_large_ship.wbt,ekf_on_cluster_off,1,0,5.0
1782410185.1018224,23.982555389404297,200.0,200.0,0.2,0.08543804087019408,3.014051212784622,0.8580170121939097,0.13155909054692586,0.13068305352835735,1782410185.0687246,None,None,None, None, 1782410185.077731,0.994977736532154,apf_colreg,crossing_from_starboard,1.0,0.5198850305475442,10.017157128121923,0.25687432572416036,17.279590358911854,4.597443347221511,-2.367302931249776,3.1979532902290835,mr_webots_cross_left_to_right_large_ship.wbt,ekf_on_cluster_off,1,0,5.0
1782410185.2123778,24.09311079978943,200.0,200.0,0.2,0.10566805570745678,3.0470120801539164,0.8606564731001964,0.22332654361364077,0.15213261499601374,1782410185.1647704,None,None,None, None, 1782410185.1772876,0.9851713344967888,apf_colreg,crossing_from_starboard,1.0,2.24140508961729,10.760414249492237,0.5386284347163777,17.369788196366965,4.600703500235215,-2.3518174328356642,3.170245274856183,mr_webots_cross_left_to_right_large_ship.wbt,ekf_on_cluster_off,1,0,5.0
1782410185.302856,24.183588981628418,200.0,200.0,0.2,0.11965163790630698,3.08060419425691,0.8641446683194829,0.14086278537198454,0.16394209930135942,1782410185.2486072,None,None,None, None, 1782410185.2536135,0.9995484121803504,apf_colreg,crossing_from_starboard,1.0,2.2737076723532645,10.78654610573741,0.9694119472287088,17.3345955442231,4.6242820009173,-2.3537037973648847,3.1650055002299187,mr_webots_cross_left_to_right_large_ship.wbt,ekf_on_cluster_off,1,0,5.0
1782410185.4045887,24.285321712493896,200.0,200.0,0.2,0.13798858888820748,3.114563216144031,0.8680977865857109,0.1908571071462114,0.19304328687561031,1782410185.4010835,None,None,None, None, 1782410185.4045887,1.0093702374772853,apf_colreg,crossing_from_starboard,1.0,2.3122543082693863,11.21584749902038,1.4055212141404656,17.1480740031708,4.6517526013922215,-2.3628727676245553,3.150851476182519,mr_webots_cross_left_to_right_large_ship.wbt,ekf_on_cluster_off,1,0,5.0
1782410185.5018368,24.382569789886475,200.0,200.0,0.2,0.16082984385334387,3.148667976306125,0.8727445145755359,0.22111248660953683,0.21155856028498368,1782410185.4848204,None,None,None, None, 1782410185.4923306,0.993934894337306,apf_colreg,crossing_from_starboard,1.0,2.1992898457968475,11.91631648635091,1.620240352954804,17.180404646683577,4.67691922307974,-2.314742869263046,3.114373011031267,mr_webots_cross_left_to_right_large_ship.wbt,ekf_on_cluster_off,1,0,5.0
1782410185.6022573,24.482990264892578,200.0,200.0,0.2,0.17601841802867751,3.1827661473064586,0.8782513346896685,0.13927114658693263,0.2221284542330949,1782410185.5607147,None,None,None, None, 1782410185.5692244,0.9906104973514519,apf_colreg,crossing_from_starboard,1.0,2.114520162359026,13.288393819629636,1.7990697206006931,17.01833228413467,4.7300151594716535,-2.30147290448207,3.1290808888601664,mr_webots_cross_left_to_right_large_ship.wbt,ekf_on_cluster_off,1,0,5.0
1782410185.702866,24.583599090576172,200.0,200.0,0.2,0.20768613881412024,2.980020901451309,0.8573092037262728,0.2432230192079723,0.2547513201814974,1782410185.694842,2.977525135707707,0.8570257403615072,0.2200925505376814, 1782410185.606774, 1782410185.694842,0.9954573916990009,apf_colreg,crossing_from_starboard,1.0,2.8483516312002153,7.990166936370579,1.2019933662986215,16.46555226946362,4.759677697745293,-2.2586235167792497,3.1075215802399483,mr_webots_cross_left_to_right_large_ship.wbt,ekf_on_cluster_off,1,0,5.0
1782410185.8021126,24.68284559249878,200.0,200.0,0.2,0.22189423774273656,2.9957948552687577,0.860633164675148,0.1560167726689188,0.2669599195083967,1782410185.773094,None,None,None, None, 1782410185.773094,1.0668678243476895,apf_colreg,crossing_from_starboard,1.0,1.8700456249062112,14.432982592730179,1.5501634673604023,16.8933966206439,4.5830638705956455,-2.2644535152185052,3.0771964338924875,mr_webots_cross_left_to_right_large_ship.wbt,ekf_on_cluster_off,1,0,5.0
1782410185.9037478,24.784480810165405,200.0,200.0,0.2,0.23488582955937753,3.017295659335635,0.865438647949305,0.14884489734871537,0.2782084636404659,1782410185.8486662,None,None,None, None, 1782410185.9057477,0.9087874102231653,apf_colreg,crossing_from_starboard,1.0,0.4841049497125391,18.20305512061475,2.1575742602055463,17.055544769245387,4.578875220297804,-2.29216333296965,3.055389390829173,mr_webots_cross_left_to_right_large_ship.wbt,ekf_on_cluster_off,1,0,5.0
1782410186.001573,24.88230609893799,200.0,200.0,0.2,0.24724297265099807,3.0431250462690858,0.8715285142824225,0.14578360500252496,0.2981639723632778,1782410185.9855506,None,None,None, None, 1782410185.970357,0.9406629026465091,apf_colreg,crossing_from_starboard,1.0,0.45434234765064857,15.416546109040059,2.3609066149541533,17.475647724681096,4.588409709348529,-2.2459730718501745,3.0739276673277014,mr_webots_cross_left_to_right_large_ship.wbt,ekf_on_cluster_off,1,0,5.0
1782410186.1014426,24.982175588607788,200.0,200.0,0.2,0.25888968635133086,3.0719330188397227,0.8786720387430904,0.1409827542270123,0.3084776561970566,1782410186.0587063,None,None,None, None, 1782410186.1049502,0.9369298212184358,apf_colreg,crossing_from_starboard,1.0,2.052942502803553,14.181407626554316,2.949084752516206,17.36044421521749,4.584268328626845,-2.2655643018009086,3.0566752733927314,mr_webots_cross_left_to_right_large_ship.wbt,ekf_on_cluster_off,1,0,5.0
1782410186.2020483,25.082781314849854,200.0,200.0,0.2,0.2730393174991894,3.10263737173207,0.8866456045836224,0.16559995019260987,0.3295770509435345,1782410186.1861181,None,None,None, None, 1782410186.1730363,0.9937890366299731,apf_colreg,crossing_from_starboard,1.0,2.1042433549137436,13.1947495291373,3.145684916841362,17.49088255059784,4.600218026989725,-2.225413053992821,3.034187172488222,mr_webots_cross_left_to_right_large_ship.wbt,ekf_on_cluster_off,1,0,5.0
1782410186.3017669,25.182499885559082,200.0,200.0,0.2,0.28820345418802756,3.1344327333859,0.8954070166611521,0.16753975246375316,0.34137061117078993,1782410186.2565107,None,None,None, None, 1782410186.2510052,0.9146751706464146,apf_colreg,crossing_from_starboard,1.0,2.214590604961526,12.681857561923326,3.611268821788424,17.382552798352137,4.606158959060477,-2.2299363014587046,3.0133026916721235,mr_webots_cross_left_to_right_large_ship.wbt,ekf_on_cluster_off,1,0,5.0
1782410186.4020014,25.282734394073486,200.0,200.0,0.2,0.3008519027022187,3.166804932141094,0.9048728836807749,0.14085213878886788,0.36080652884723885,1782410186.3944988,None,None,None, None, 1782410186.3889902,1.0803888835912598,apf_colreg,crossing_from_starboard,1.0,2.2138028989907266,12.670618654633355,3.689240712763705,17.002719453569483,4.627361466610161,-2.198842621385578,2.999906477598532,mr_webots_cross_left_to_right_large_ship.wbt,ekf_on_cluster_off,1,0,5.0
1782410186.502176,25.382909059524536,200.0,200.0,0.2,0.3184364120453568,3.199482129739499,0.9148478206159529,0.19047563029479353,0.3757790353420715,1782410186.4731047,None,None,None, None, 1782410186.4590836,0.9107260675792366,apf_colreg,crossing_from_starboard,1.0,2.2369646911052485,13.007766484296383,4.010606399156264,16.91865518963614,4.640974295516631,-2.197503564110626,2.9774884535828026,mr_webots_cross_left_to_right_large_ship.wbt,ekf_on_cluster_off,1,0,5.0
1782410186.6036336,25.48436665534973,200.0,200.0,0.2,0.33752740089739164,3.232195021878187,0.9255222476186722,0.19148130137648467,0.3903093309813018,1782410186.5489883,None,None,None, None, 1782410186.5844493,1.0358013679817102,apf_colreg,crossing_from_starboard,1.0,2.1855756717552954,13.847911843614488,4.246888004319571,16.87481215964371,4.672286580765103,-2.1703753686006952,2.9872438334832623,mr_webots_cross_left_to_right_large_ship.wbt,ekf_on_cluster_off,1,0,5.0
1782410186.7020583,25.582791328430176,200.0,200.0,0.2,0.362948210350246,3.0726259519093557,0.8782453686415237,0.15689194114791224,0.40976835695758723,1782410186.6730165,3.0701504458379167,0.8774899710570155,0.38091425180646254, 1782410186.611641, 1782410186.6587029,1.063596937298469,apf_colreg,crossing_from_starboard,1.0,2.212959588981787,14.892609830729308,3.874132803012312,17.24766461768452,4.710711038814255,-2.1391166992061965,2.984892279396579,mr_webots_cross_left_to_right_large_ship.wbt,ekf_on_cluster_off,1,0,5.0
1782410186.802374,25.683106899261475,200.0,200.0,0.2,0.37124848943325073,3.089552399714722,0.8846146977158509,0.12740537068061025,0.4191106491687423,1782410186.7463439,None,None,None, None, 1782410186.8006763,1.0928384172384669,apf_colreg,crossing_from_starboard,1.0,1.6711221652471886,19.728448781262436,3.9713520634559,17.180373479465104,4.710711038814255,-2.1391166992061965,2.984892279396579,mr_webots_cross_left_to_right_large_ship.wbt,ekf_on_cluster_off,1,0,5.0
1782410186.9019103,25.78264331817627,200.0,200.0,0.2,0.3832481312268395,3.1115633504461178,0.8930628896883865,0.16594711059723505,0.44069008335253856,1782410186.8763819,None,None,None, None, 1782410186.8673062,0.9515199712910061,apf_colreg,crossing_from_starboard,1.0,1.4451964059689786,20.97101834307629,4.4151165148627545,17.423398271927866,4.573279563785748,-2.1543661174852726,2.959292484352725,mr_webots_cross_left_to_right_large_ship.wbt,ekf_on_cluster_off,1,0,5.0
1782410187.0026815,25.88341450691223,200.0,200.0,0.2,0.3972028850361539,3.1372409826073677,0.9032928265625317,0.16754475926355794,0.4572377439797145,1782410186.9751475,None,None,None, None, 1782410186.9476888,1.0434407952979097,apf_colreg,crossing_from_starboard,1.0,1.8271788726569889,17.02070343605218,4.604282642786025,17.28644951991571,4.574241951811415,-2.1291380582683104,2.950273085615166,mr_webots_cross_left_to_right_large_ship.wbt,ekf_on_cluster_off,1,0,5.0
1782410187.1015513,25.98228430747986,200.0,200.0,0.2,0.4099045401181644,3.165322746720176,0.9149507849316683,0.14669292698755726,0.46701915173230424,1782410187.104556,None,None,None, None, 1782410187.0705113,1.0614879498396603,apf_colreg,crossing_from_starboard,1.0,2.091516749118583,15.04333308080588,5.063796000887393,17.2821548332556,4.590504803820897,-2.133298179545513,2.9327005593728064,mr_webots_cross_left_to_right_large_ship.wbt,ekf_on_cluster_off,1,0,5.0
1782410187.201702,26.082435131072998,200.0,200.0,0.2,0.42362756289212566,3.1948842788901706,0.9276437588320268,0.1578923397665881,0.48832863062471454,1782410187.176789,None,None,None, None, 1782410187.136573,0.9906419797914966,apf_colreg,crossing_from_starboard,1.0,2.2893409860141616,13.536848928961891,5.607661855957144,17.123057623022994,4.585757871129677,-2.129296505546402,2.917174633047129,mr_webots_cross_left_to_right_large_ship.wbt,ekf_on_cluster_off,1,0,5.0
1782410187.3023121,26.183045148849487,200.0,200.0,0.2,0.43594335410089385,3.2252496645821456,0.9411827941943769,0.14258853149223327,0.4987949377352734,1782410187.2501912,None,None,None, None, 1782410187.269723,0.9480017613958237,apf_colreg,crossing_from_starboard,1.0,2.3680598664458605,12.88256286919736,5.957530007841793,17.039247507437835,4.602532137300757,-2.1052335412201795,2.9133339259454645,mr_webots_cross_left_to_right_large_ship.wbt,ekf_on_cluster_off,1,0,5.0
1782410187.4017124,26.282445430755615,200.0,200.0,0.2,0.458780273876328,3.2560335539263745,0.9553447478927639,0.2391459612274482,0.5285478074279505,1782410187.3746042,None,None,None, None, 1782410187.3932047,1.0371505370750629,apf_colreg,crossing_from_starboard,1.0,2.4024009826003163,12.744321107045447,6.256446839573037,4.826423174257538,4.611651670640056,-2.09243356798532,2.891588932705676,mr_webots_cross_left_to_right_large_ship.wbt,ekf_on_cluster_off,1,0,5.0
1782410187.5020795,26.3828125,200.0,200.0,0.2,0.47399272517079627,3.286749927865629,0.9704725016625719,0.14322800253338192,0.5376560247159007,1782410187.4381967,None,None,None, None, 1782410187.4677198,1.0789345468058902,apf_colreg,crossing_from_starboard,1.0,2.2832487035366196,13.645726446063897,6.182490560778235,4.812124721266143,4.657461003523467,-2.034964311123055,2.8834423878059536,mr_webots_cross_left_to_right_large_ship.wbt,ekf_on_cluster_off,1,0,5.0
1782410187.601874,26.482607126235962,200.0,200.0,0.2,0.49462130202521404,3.3174502052887305,0.9861012666696762,0.20570615363072609,0.5652461161737174,1782410187.5723205,None,None,None, None, 1782410187.5993721,1.0719106072278055,apf_colreg,crossing_from_starboard,1.0,2.2217694233900955,15.001422556720655,6.171475293120969,4.633575853397419,4.678824776163803,-2.034660730323314,2.8676744196642594,mr_webots_cross_left_to_right_large_ship.wbt,ekf_on_cluster_off,1,0,5.0
1782410187.7160857,26.596818685531616,200.0,200.0,0.2,0.5232278794081348,3.159373947634536,0.9130007315130046,0.19148133440982001,0.5775187966197196,1782410187.7184222,3.156884604342474,0.9118194917484473,0.5390555882168551, 1782410187.612394, 1782410187.6644876,0.9447061505408524,apf_colreg,crossing_from_starboard,1.0,2.5159612076078983,12.558752072208923,5.351744564268884,4.659486932461597,4.7061100676652154,-2.023600297168418,2.85772535950332,mr_webots_cross_left_to_right_large_ship.wbt,ekf_on_cluster_off,1,0,5.0
1782410187.802346,26.68307900428772,200.0,200.0,0.2,0.5344532286168121,3.1743588355342673,0.9216176056273442,0.13925397042957519,0.5889387866110793,1782410187.7184222,None,None,None, None, 1782410187.7379391,1.0480329257235466,apf_colreg,crossing_from_starboard,1.0,1.2750886523587794,25.287140456401136,5.675998174613654,4.7417611165228895,4.577131021680141,-2.04487852664026,2.842428257364145,mr_webots_cross_left_to_right_large_ship.wbt,ekf_on_cluster_off,1,0,5.0
1782410187.9017,26.782433032989502,200.0,200.0,0.2,0.5466741524085768,3.1941489926303674,0.9332411366129585,0.1544901923968993,0.613776460150773,1782410187.879194,None,None,None, None, 1782410187.8851917,1.0754893747654273,apf_colreg,crossing_from_starboard,1.0,1.5549577167746993,22.28412365163588,6.001597871072978,4.805823254949903,4.568729524017739,-2.0205788534865254,2.8382850293934876,mr_webots_cross_left_to_right_large_ship.wbt,ekf_on_cluster_off,1,0,5.0
1782410188.001742,26.882474899291992,200.0,200.0,0.2,0.5571884144197845,3.2174358539146537,0.9472893913823421,0.1327584589198955,0.6230737847917232,1782410187.949226,None,None,None, None, 1782410187.9532254,1.094031345740857,apf_colreg,crossing_from_starboard,1.0,1.415569577878462,17.241595940446775,6.261130098136128,4.980832851939978,4.564983373149787,-1.9846381437541458,2.8318778092523633,mr_webots_cross_left_to_right_large_ship.wbt,ekf_on_cluster_off,1,0,5.0
1782410188.1017077,26.98244071006775,200.0,200.0,0.2,0.5709705902670726,3.2430765865376276,0.9630880123261636,0.16698233349408068,0.6447751771967459,1782410188.079188,None,None,None, None, 1782410188.083188,0.9206953540029975,apf_colreg,crossing_from_starboard,1.0,1.973660590893702,12.201636103869516,6.6021110580391245,4.904502994510098,4.568859399207103,-1.9903224924972764,2.8170224475945838,mr_webots_cross_left_to_right_large_ship.wbt,ekf_on_cluster_off,1,0,5.0
1782410188.2015555,27.08228850364685,200.0,200.0,0.2,0.6045593958350971,3.270065981182993,0.980265143837066,0.33520939195140637,0.6700205130494629,1782410188.1545002,None,None,None, None, 1782410188.1600075,1.0810992482904869,apf_colreg,crossing_from_starboard,1.0,2.228658138223819,11.08410590605228,6.923724067203542,4.520696108323069,4.570758488297113,-1.9884843950723496,2.808306865738502,mr_webots_cross_left_to_right_large_ship.wbt,ekf_on_cluster_off,1,0,5.0
1782410188.3014863,27.18221926689148,200.0,200.0,0.2,0.6249137581937743,3.2972479120498166,0.9991664974612338,0.15744569346423068,0.6812105469087143,1782410188.3054912,None,None,None, None, 1782410188.2275734,1.0313718488104675,apf_colreg,crossing_from_starboard,1.0,2.191312318361524,14.400343000424774,6.712017029004741,4.620453081611448,4.669947104512306,-1.8914547718401433,2.79118491225532,mr_webots_cross_left_to_right_large_ship.wbt,ekf_on_cluster_off,1,0,5.0
1782410188.4021535,27.282886505126953,200.0,200.0,0.2,0.6414576949123052,3.3246486863969054,1.018919803800138,0.1488606194162223,0.7040698916098416,1782410188.3791347,None,None,None, None, 1782410188.383133,1.0323036180119318,apf_colreg,crossing_from_starboard,1.0,2.0736732563026865,16.024991711968493,6.523949011038123,4.609198153660831,4.6818792904606195,-1.8827770654897693,2.7826926344667395,mr_webots_cross_left_to_right_large_ship.wbt,ekf_on_cluster_off,1,0,5.0
1782410188.5030363,27.383769273757935,200.0,200.0,0.2,0.6537886939250552,3.352079472493891,1.0393019482145434,0.12754125929909926,0.7137417080018407,1782410188.4549675,None,None,None, None, 1782410188.4720142,1.0975885435344048,apf_colreg,crossing_from_starboard,1.0,1.839059262152473,17.972242032418446,6.239909853932375,4.768916290213037,4.696563107708804,-1.84329183385307,2.7794481870392955,mr_webots_cross_left_to_right_large_ship.wbt,ekf_on_cluster_off,1,0,5.0
1782410188.6024578,27.483190774917603,200.0,200.0,0.2,0.6689260595978378,3.3794865225247555,1.0601093800367,0.16731534109867027,0.7346265264534466,1782410188.5797906,None,None,None, None, 1782410188.5974443,0.9735496812778971,apf_colreg,crossing_from_starboard,1.0,1.841048793285204,18.197501359091376,6.4450216966137415,4.528014705544107,4.696563107708804,-1.84329183385307,2.7794481870392955,mr_webots_cross_left_to_right_large_ship.wbt,ekf_on_cluster_off,1,0,5.0
1782410188.702293,27.58302593231201,200.0,200.0,0.2,0.6857474229114301,3.2393403069453766,0.9609701476825145,0.12520327736002593,0.7459161241318312,1782410188.6699607,3.2371303886114076,0.9593792753095151,0.6971969304477854, 1782410188.618583, 1782410188.681474,1.0719422205969502,apf_colreg,crossing_from_starboard,1.0,2.171816307827967,8.989254782050036,5.184610841013791,5.305654419117326,4.746821322054041,-1.8095781693739823,2.7625463529519747,mr_webots_cross_left_to_right_large_ship.wbt,ekf_on_cluster_off,1,0,5.0
1782410188.8035343,27.684267282485962,200.0,200.0,0.2,0.6944085777048704,3.252960639932094,0.9719952746853484,0.15748539844180445,0.7570736102236288,1782410188.8290489,None,None,None, None, 1782410188.7493174,1.050699696283542,apf_colreg,crossing_from_starboard,1.0,1.5412470834189713,17.159578224693643,5.75459403949427,4.971919711247972,4.5893280751285666,-1.9223501521157047,2.7542970516602954,mr_webots_cross_left_to_right_large_ship.wbt,ekf_on_cluster_off,1,0,5.0
1782410188.902375,27.78310799598694,200.0,200.0,0.2,0.7025795921448292,3.2708118188279194,0.986718605387404,0.12748919833534395,0.768323306175162,1782410188.9404135,None,None,None, None, 1782410188.9509234,1.0044483445040102,apf_colreg,crossing_from_starboard,1.0,1.2994126192796878,27.585212392345223,6.333090159235489,4.475220298392639,4.562693563520013,-1.90137984141208,2.7345453691656947,mr_webots_cross_left_to_right_large_ship.wbt,ekf_on_cluster_off,1,0,5.0
1782410189.0022023,27.882935285568237,200.0,200.0,0.2,0.7122702866702415,3.2917730869829027,1.004263827779611,0.14090860617962184,0.7840155371676419,1782410189.010366,None,None,None, None, 1782410188.9509234,1.0044483445040102,apf_colreg,crossing_from_starboard,1.0,2.1574105755925186,19.80554152428458,6.790458452777013,4.185322090046769,4.562693563520013,-1.90137984141208,2.7345453691656947,mr_webots_cross_left_to_right_large_ship.wbt,ekf_on_cluster_off,1,0,5.0
1782410189.102016,27.982748985290527,200.0,200.0,0.2,0.7278740952825897,3.314749896432534,1.023879994148802,0.18883751162883516,0.809961029244865,1782410189.0778093,None,None,None, None, 1782410189.102016,1.0248779894300457,apf_colreg,crossing_from_starboard,1.0,2.1366983364823326,14.184729399651273,7.125565111216082,4.081265748653934,4.564639584357727,-1.8475082303471246,2.718171674694913,mr_webots_cross_left_to_right_large_ship.wbt,ekf_on_cluster_off,1,0,5.0
1782410189.2020698,28.082802772521973,200.0,200.0,0.2,0.7432795504911744,3.33875583962591,1.045115353695087,0.16743994262215386,0.8218626153230183,1782410189.148889,None,None,None, None, 1782410189.1699398,1.0978038717948542,apf_colreg,crossing_from_starboard,1.0,2.4308355313685768,9.70172535920628,7.430839230148705,3.8255329012413277,4.572961595574559,-1.848152502448776,2.7126649074719493,mr_webots_cross_left_to_right_large_ship.wbt,ekf_on_cluster_off,1,0,5.0
1782410189.303212,28.183944940567017,200.0,200.0,0.2,0.7589932836502212,3.3632574723450026,1.0674796162236255,0.16691787723017773,0.8429113681748783,1782410189.2749915,None,None,None, None, 1782410189.298171,0.9680159422692993,apf_colreg,crossing_from_starboard,1.0,2.425915533935183,9.683435834968186,7.547513581464859,3.6853260457933636,4.585879773591914,-1.808254681405142,2.709783762158638,mr_webots_cross_left_to_right_large_ship.wbt,ekf_on_cluster_off,1,0,5.0
1782410189.4022872,28.28302025794983,-72.47165658336755,72.47165658336755,0.2,0.7749507669189204,3.387886233914875,1.0906833199151782,0.16745989868547728,0.8548647188445827,1782410189.346372,None,None,None, None, 1782410189.3654637,1.0847739592026246,apf_colreg,crossing_from_starboard,1.0,2.6256867636135586,8.420099770168552,7.671810879240509,3.2578896498291616,4.598105754263645,-1.8363146823006995,2.6913098953915977,mr_webots_cross_left_to_right_large_ship.wbt,ekf_on_cluster_off,1,0,5.0
1782410189.5014637,28.38219666481018,-72.47165658336755,72.47165658336755,0.2,0.7982123525289264,3.41228023394988,1.1148121768002754,0.16728302771831768,0.876376658356706,1782410189.474968,None,None,None, None, 1782410189.4946198,1.0981865556799697,apf_colreg,crossing_from_starboard,1.0,2.634099437342996,11.355348188789124,7.328206200766861,2.8608459378283406,4.622431782545154,-1.7531972860763119,2.692097761985543,mr_webots_cross_left_to_right_large_ship.wbt,ekf_on_cluster_off,1,0,5.0
1782410189.6031427,28.48387575149536,-72.47165658336755,72.47165658336755,0.2,0.8253495769604177,3.436173952559434,1.1397933804060543,0.16728302771831768,0.9098332639003696,1782410189.6101425,None,None,None, None, 1782410189.4946198,1.0981865556799697,apf_colreg,crossing_from_starboard,1.0,2.5091216813735446,15.455014373330242,6.942959533852196,2.7466279054630416,4.735578814399125,-1.7172743517181155,2.6889227472544066,mr_webots_cross_left_to_right_large_ship.wbt,ekf_on_cluster_off,1,0,5.0
1782410189.701331,28.582063913345337,-72.47165658336755,72.47165658336755,0.2,0.8407858792045199,3.3108631645928965,1.0208944273443954,0.04539657242170722,0.9192457135560963,1782410189.6823063,3.3089013249887755,1.018983742640017,0.8409256001656598, 1782410189.618256, 1782410189.6327674,1.0070612208958851,apf_colreg,crossing_from_starboard,1.0,0.5034787654172079,27.9850138900248,6.984310907152267,4.014809061152924,4.735578814399125,-1.7172743517181155,2.6889227472544066,mr_webots_cross_left_to_right_large_ship.wbt,ekf_on_cluster_off,1,0,5.0
1782410189.8017902,28.682523250579834,-72.47165658336755,72.47165658336755,0.2,0.8561122903249154,3.3225182223339753,1.0341327901377095,0.07107866972486822,0.9241183166929509,1782410189.7508585,None,None,None, None, 1782410189.7709036,0.9877245293460637,apf_colreg,crossing_from_starboard,1.0,0.03610990448179287,31.05955803120724,6.8190317012018,4.182793373674009,4.662581768603432,-1.7072933384698754,2.663099080042091,mr_webots_cross_left_to_right_large_ship.wbt,ekf_on_cluster_off,1,0,5.0
1782410189.9027078,28.783440828323364,-200.0,-200.0,0.2,0.866091602425818,3.337667852854138,1.0518487356071993,0.02807327551194313,0.9277842172660958,1782410189.8814418,None,None,None, None, 1782410189.8448675,0.979439821896288,apf_colreg,static_obstacle,1.0,0.7797962487955531,33.932954899820096,3.6134931553450484,-16.15262166636172,4.695429291414266,-1.7142518434845677,2.6632231505004627,mr_webots_cross_left_to_right_large_ship.wbt,ekf_on_cluster_off,1,0,5.0
1782410190.0015326,28.88226556777954,-200.0,-200.0,0.2,0.8774409226019748,3.3551717980303293,1.0729956172154835,-0.010168092002798845,0.9271231864608229,1782410189.9464521,None,None,None, None, 1782410189.9776134,0.9999762171865823,apf_colreg,static_obstacle,1.0,1.0993216800189316,36.74393219048255,3.3300138178710528,-16.261270771021593,4.728832007298007,-1.66951761032635,2.655320070899646,mr_webots_cross_left_to_right_large_ship.wbt,ekf_on_cluster_off,1,0,5.0
1782410190.1018867,28.982619762420654,-72.47165658336755,72.47165658336755,0.2,0.8800439005139049,3.3741754019602053,1.0965732786117584,-0.09988180132937771,0.9132010916427103,1782410190.0858378,None,None,None, None, 1782410190.0582802,0.9106781073363853,apf_colreg,crossing_from_starboard,1.0,0.2180139987960952,49.669060384501094,5.699953777295732,4.204921706343153,4.812447932257297,-1.6011740845926519,2.649482931906368,mr_webots_cross_left_to_right_large_ship.wbt,ekf_on_cluster_off,1,0,5.0
1782410190.201558,29.08229112625122,-72.47165658336755,72.47165658336755,0.2,0.8746044607965096,3.3945912721734466,1.1214704576760886,-0.08020393903249574,0.9072837549561932,1782410190.1596165,None,None,None, None, 1782410190.1784472,1.0363454240687127,apf_colreg,crossing_from_starboard,1.0,1.431974676531759,56.371731537839636,4.454204039682026,3.5654864132607855,4.854041672831251,-1.6230412666185603,2.651406756507307,mr_webots_cross_left_to_right_large_ship.wbt,ekf_on_cluster_off,1,0,5.0
1782410190.31787,29.19860291481018,-72.47165658336755,72.47165658336755,0.2,0.86597341015419,3.416024603589756,1.14705448881082,-0.06784188067538308,0.898849359155197,1782410190.2839408,None,None,None, None, 1782410190.2464733,1.0517671596163436,apf_colreg,crossing_from_starboard,1.0,2.2589831876987696,35.99384192686918,3.46952180343475,3.3843483447027687,4.866112780487147,-1.565952739862563,2.6331369119356216,mr_webots_cross_left_to_right_large_ship.wbt,ekf_on_cluster_off,1,0,5.0
1782410190.401637,29.28237009048462,-72.47165658336755,72.47165658336755,0.2,0.8574494559394757,3.4381886805709,1.172935605707898,-0.049554704078472414,0.8957275918155291,1782410190.3469372,None,None,None, None, 1782410190.3896747,0.942558087209563,apf_colreg,crossing_from_starboard,1.0,2.2092632851866743,39.21529142617337,2.5756651352203312,3.3531386514496546,4.862408719818965,-1.5127604211821903,2.632299750359499,mr_webots_cross_left_to_right_large_ship.wbt,ekf_on_cluster_off,1,0,5.0
1782410190.5021138,29.38284683227539,-72.47165658336755,72.47165658336755,0.2,0.8508612809455365,3.4608494975505644,1.198921805892391,-0.029060915647036157,0.8916541481548216,1782410190.4871063,None,None,None, None, 1782410190.4755867,0.9013501706696875,apf_colreg,crossing_from_starboard,1.0,2.361129605409818,26.171144846154828,2.59638179543956,3.2051054952066966,4.862408719818965,-1.5127604211821903,2.632299750359499,mr_webots_cross_left_to_right_large_ship.wbt,ekf_on_cluster_off,1,0,5.0
1782410190.602105,29.482837915420532,-72.47165658336755,72.47165658336755,0.2,0.844846313956068,3.4838181424838908,1.2249446384963236,-0.02858514809231122,0.8890680885370467,1782410190.577575,None,None,None, None, 1782410190.5557904,1.0361443272882336,apf_colreg,crossing_from_starboard,1.0,2.4463968115363843,21.270766527633157,1.9228699997083725,3.1092756649421727,4.871208099678426,-1.504975108176868,2.630033837214531,mr_webots_cross_left_to_right_large_ship.wbt,ekf_on_cluster_off,1,0,5.0
1782410190.7021399,29.58287286758423,-72.47165658336755,72.47165658336755,0.2,0.8279285288736721,3.3763440283831163,1.0899412580387458,-0.026117808156387697,0.8871449322220911,1782410190.6512089,3.3746181631519367,1.0878150100225896,0.8058672282778973, 1782410190.624132, 1782410190.680593,0.9029928645618814,apf_colreg,crossing_from_starboard,1.0,2.9172361988362367,0.0,3.0642381822102562,4.178737773470113,4.8803798107282566,-1.493690573330354,2.626249233525616,mr_webots_cross_left_to_right_large_ship.wbt,ekf_on_cluster_off,1,0,5.0
1782410190.8015351,29.682268142700195,-72.47165658336755,72.47165658336755,0.2,0.8227571300223648,3.3884032515387044,1.1030030099192556,-0.02516962445879337,0.8840801974659553,1782410190.772972,None,None,None, None, 1782410190.7509317,1.057558358925187,apf_colreg,crossing_from_starboard,1.0,2.8968035242018733,0.0,2.749635114293171,3.8540960022305946,4.733056050291341,-1.6312668252105718,2.609100872522899,mr_webots_cross_left_to_right_large_ship.wbt,ekf_on_cluster_off,1,0,5.0
1782410190.9100244,29.790757417678833,-72.47165658336755,72.47165658336755,0.2,0.8182951080584266,3.4043888121950077,1.120146244205403,-0.020371364579069507,0.8824852847699575,1782410190.851264,None,None,None, None, 1782410190.889381,1.0351786313999827,apf_colreg,crossing_from_starboard,1.0,2.9041621752861735,0.0,3.763025701384592,3.662973613764734,4.731545899926791,-1.6254967682691528,2.604224640697323,mr_webots_cross_left_to_right_large_ship.wbt,ekf_on_cluster_off,1,0,5.0
1782410191.0025754,29.88330841064453,-72.47165658336755,72.47165658336755,0.2,0.8140816922182824,3.4233292297562343,1.14028994687698,-0.020953613195905243,0.8808031323250944,1782410190.9315438,None,None,None, None, 1782410190.9794126,0.9973930008574591,apf_colreg,crossing_from_starboard,1.0,2.9268949673282716,0.0,4.573586728039682,3.2639867144757435,4.735295445943104,-1.6134827665512617,2.5993216854392363,mr_webots_cross_left_to_right_large_ship.wbt,ekf_on_cluster_off,1,0,5.0
1782410191.101794,29.982527017593384,-72.47165658336755,72.47165658336755,0.2,0.8081019260398059,3.4443268968897156,1.1624401545123275,-0.03825462463155807,0.874807788412181,1782410191.088266,None,None,None, None, 1782410191.1048732,1.069953133594849,apf_colreg,crossing_from_starboard,1.0,2.944935985214711,0.0,5.1227628456379986,2.896365264014097,4.742414591162062,-1.59614216310943,2.5945407576419335,mr_webots_cross_left_to_right_large_ship.wbt,ekf_on_cluster_off,1,0,5.0
1782410191.2019308,30.082663774490356,-72.47165658336755,72.47165658336755,0.2,0.8036699572520571,3.466739304313972,1.18577213280392,-0.01906635714122104,0.8733348076974924,1782410191.1655214,None,None,None, None, 1782410191.176033,1.0628181747813024,apf_colreg,crossing_from_starboard,1.0,2.9487141176957525,0.0,5.351727668115923,2.6726919716818447,4.745066117196986,-1.5781498526619044,2.5881296564467107,mr_webots_cross_left_to_right_large_ship.wbt,ekf_on_cluster_off,1,0,5.0
1782410191.3016953,30.18242835998535,-72.47165658336755,72.47165658336755,0.2,0.8002542960080681,3.4900199313906057,1.2098152864625504,-0.013545420948350826,0.8723380448380039,1782410191.3097026,None,None,None, None, 1782410191.311701,1.0543148910267715,apf_colreg,crossing_from_starboard,1.0,2.9430838417905094,0.0,5.475265539881753,2.52809078890712,4.7543647748852464,-1.5564916160039624,2.5828805809742033,mr_webots_cross_left_to_right_large_ship.wbt,ekf_on_cluster_off,1,0,5.0
1782410191.4205885,30.301321506500244,-72.47165658336755,72.47165658336755,0.2,0.7975063108569622,3.513830589709075,1.2342608465519795,-0.011223458985605315,0.8715457298106852,1782410191.4390988,None,None,None, None, 1782410191.4430995,0.9003278821125201,apf_colreg,crossing_from_starboard,1.0,2.93793999174142,0.0,5.516794187344539,2.3953197492180784,4.767328238268479,-1.5310461062815293,2.5769659697447866,mr_webots_cross_left_to_right_large_ship.wbt,ekf_on_cluster_off,1,0,5.0
1782410191.5019772,30.382710218429565,-72.47165658336755,72.47165658336755,0.2,0.7950706477958196,3.5379666858250953,1.258921403909401,-0.011083039390125716,0.8701116266271571,1782410191.5129197,None,None,None, None, 1782410191.5169191,0.9707992044400424,apf_colreg,crossing_from_starboard,1.0,2.9489878377745056,0.0,5.517232904991623,2.153855196960185,4.767328238268479,-1.5310461062815293,2.5769659697447866,mr_webots_cross_left_to_right_large_ship.wbt,ekf_on_cluster_off,1,0,5.0
1782410191.6020699,30.482802867889404,-72.47165658336755,72.47165658336755,0.2,0.791926321747773,3.562311292553831,1.283683345278325,-0.018762259283303162,0.8687265810856057,1782410191.6020699,None,None,None, None, 1782410191.6090746,1.0021156472159372,apf_colreg,crossing_from_starboard,1.0,2.9259611174632894,0.0,5.381780373328322,2.20420386725686,4.797216051920975,-1.4735594013740603,2.5625579024247838,mr_webots_cross_left_to_right_large_ship.wbt,ekf_on_cluster_off,1,0,5.0
1782410191.702757,30.583489894866943,-72.47165658336755,72.47165658336755,0.2,0.7887567253474682,3.4436263491892825,1.1596349061134419,-0.009014545403346293,0.8681140942142439,1782410191.6700141,3.4417350939489983,1.1576694674848005,0.786934353946081, 1782410191.629834, 1782410191.6760132,1.0990380325659181,apf_colreg,crossing_from_starboard,1.0,2.717659728497343,10.042221041339838,5.15481064446304,3.758252158338781,4.809528697855511,-1.4450933059846554,2.555093708260071,mr_webots_cross_left_to_right_large_ship.wbt,ekf_on_cluster_off,1,0,5.0
1782410191.8016284,30.682361364364624,-72.47165658336755,72.47165658336755,0.2,0.7867276269515994,3.4562129854040595,1.1722783092534295,-0.00902717528506367,0.8675222716776058,1782410191.7355742,None,None,None, None, 1782410191.7465782,1.0236180376944795,apf_colreg,crossing_from_starboard,1.0,2.7137741404732476,26.48349396537527,5.91280170815039,3.2919440366226436,4.675267533657769,-1.5712672598387705,2.549117075954947,mr_webots_cross_left_to_right_large_ship.wbt,ekf_on_cluster_off,1,0,5.0
1782410191.9026747,30.78340768814087,-72.47165658336755,72.47165658336755,0.2,0.784720662041069,3.47281497137773,1.1888926790068401,-0.010494530360790911,0.86614157281681,1782410191.867138,None,None,None, None, 1782410191.8701417,0.9662450893310602,apf_colreg,crossing_from_starboard,1.0,2.889360727706577,0.0,6.361845551268298,2.8489629749795107,4.680803618928225,-1.5503725352295816,2.5413627181382408,mr_webots_cross_left_to_right_large_ship.wbt,ekf_on_cluster_off,1,0,5.0
1782410192.0019255,30.8826584815979,-72.47165658336755,72.47165658336755,0.2,0.7828344793513712,3.4924209838277136,1.2084355655313015,-0.009502484952160014,0.8653536147291496,1782410191.9500592,None,None,None, None, 1782410191.9530594,1.0107580476702784,apf_colreg,crossing_from_starboard,1.0,2.9002169554429234,0.0,6.655233108522644,2.534160420672528,4.690307811337206,-1.5268061968881022,2.5346151770470935,mr_webots_cross_left_to_right_large_ship.wbt,ekf_on_cluster_off,1,0,5.0
1782410192.1019223,30.98265528678894,-72.47165658336755,72.47165658336755,0.2,0.7807891578340735,3.5140916314580544,1.2299573322063768,-0.011378532077353051,0.8638452546466022,1782410192.082621,None,None,None, None, 1782410192.0891294,1.0196889269443,apf_colreg,crossing_from_starboard,1.0,2.919261400786738,0.0,6.7916149979411795,2.1959051616863494,4.695710822334491,-1.5252470203638067,2.542139259298933,mr_webots_cross_left_to_right_large_ship.wbt,ekf_on_cluster_off,1,0,5.0
1782410192.2019024,31.082635402679443,190.10772011948714,199.17065709048936,0.2,0.7788847845733275,3.537103765106812,1.2527158635876887,-0.009685523781023705,0.8631310325237412,1782410192.1563623,None,None,None, None, 1782410192.1553564,0.9923185598496058,apf_colreg,crossing_from_starboard,1.0,2.9223732303316785,0.0,6.8224632126530125,1.9993782272755016,4.708995708022624,-1.4959381454155336,2.5346639049477124,mr_webots_cross_left_to_right_large_ship.wbt,ekf_on_cluster_off,1,0,5.0
1782410192.3023334,31.183066368103027,188.5044320332916,198.46278849898496,0.2,0.7711265764371419,3.5613904901683275,1.276262450042364,0.0008771382370287859,0.8631979815106977,1782410192.3063283,None,None,None, None, 1782410192.3063283,0.9549113946264812,apf_colreg,crossing_from_starboard,1.0,2.9025354717816363,0.0,6.82842353869485,1.983154228013431,4.7201260910163,-1.4515181117268223,2.5244996927819803,mr_webots_cross_left_to_right_large_ship.wbt,ekf_on_cluster_off,1,0,5.0
1782410192.4014843,31.282217264175415,173.5195293059721,192.07186753819727,0.2,0.7751063696796886,3.586575263633405,1.300121711010106,0.13366702714148657,0.8826171754910732,1782410192.3779693,None,None,None, None, 1782410192.387485,0.9276228170915647,apf_colreg,crossing_from_starboard,1.0,2.8829819566592128,0.0,6.955376246993579,1.8626684935402054,4.678854227945777,-1.4451835865136538,2.5243339445512887,mr_webots_cross_left_to_right_large_ship.wbt,ekf_on_cluster_off,1,0,5.0
1782410192.50134,31.382072925567627,-200.0,-200.0,0.2,0.7847027595071439,3.611983792542521,1.3245756852672936,0.15263393383044999,0.8939649807179277,1782410192.4523158,None,None,None, None, 1782410192.4713087,0.989549698868321,apf_colreg,crossing_from_starboard,1.0,2.8545540142865145,3.008000724798906,3.5204486706688525,-5.557822174623196,4.679588776698438,-1.3879383187839782,2.514159172219406,mr_webots_cross_left_to_right_large_ship.wbt,ekf_on_cluster_off,1,0,5.0
1782410192.6014154,31.48214840888977,-200.0,-200.0,0.2,0.7979307818449088,3.63655217636295,1.3495938737878137,0.042059401695300064,0.8994156906721186,1782410192.5819113,None,None,None, None, 1782410192.5557353,0.9420443719590414,apf_colreg,static_obstacle,1.0,2.7818319123175317,0.9709319204349017,1.5227904942041195,-18.786154846188538,4.706882837390783,-1.3628072101296906,2.5077443671607536,mr_webots_cross_left_to_right_large_ship.wbt,ekf_on_cluster_off,1,0,5.0
1782410192.7016158,31.582348823547363,-72.47165658336755,72.47165658336755,0.2,0.8061549665805037,3.5099992333406496,1.226563901112939,-0.09630055073042962,0.8926694007462758,1782410192.6519659,3.5080106449219586,1.2246037360660056,0.8176881444733324, 1782410192.637342, 1782410192.6886148,1.0321257387078133,apf_colreg,crossing_from_starboard,1.0,2.15774378938562,7.5825911940867305,7.109331358242605,3.8923695583749147,4.793423793289711,-1.3044327476237998,2.491458401515538,mr_webots_cross_left_to_right_large_ship.wbt,ekf_on_cluster_off,1,0,5.0
1782410192.802142,31.68287491798401,-72.47165658336755,72.47165658336755,0.2,0.8038723284146907,3.522017954817322,1.2391988737867794,-0.07533542673391297,0.8833817762740362,1782410192.7752495,None,None,None, None, 1782410192.7659574,1.084645994501815,apf_colreg,crossing_from_starboard,1.0,2.355249590958475,5.527784594546192,7.1020627166296215,3.7585163007748843,4.793423793289711,-1.3044327476237998,2.491458401515538,mr_webots_cross_left_to_right_large_ship.wbt,ekf_on_cluster_off,1,0,5.0
1782410192.9023283,31.783061265945435,-72.47165658336755,72.47165658336755,0.2,0.7981721324100267,3.538111968837047,1.255872490394074,-0.048741057261490514,0.8798742897942345,1782410192.8472111,None,None,None, None, 1782410192.904469,0.9484640203908302,apf_colreg,crossing_from_starboard,1.0,2.58452147189799,2.8042956522538476,7.2071095641609295,3.419616762676327,4.6789584180758075,-1.4115851432448174,2.4962486317854613,mr_webots_cross_left_to_right_large_ship.wbt,ekf_on_cluster_off,1,0,5.0
1782410193.0020177,31.882750749588013,-72.47165658336755,72.47165658336755,0.2,0.7917490537285476,3.557326385556941,1.2754900146314316,-0.03931059091774651,0.8745929376072371,1782410192.9815605,None,None,None, None, 1782410192.968053,0.9263528430027952,apf_colreg,crossing_from_starboard,1.0,2.678425631241018,1.4381106110853186,7.2151397388689755,3.1133916613782553,4.69399655220786,-1.3992599700022268,2.4833192081190574,mr_webots_cross_left_to_right_large_ship.wbt,ekf_on_cluster_off,1,0,5.0
1782410193.1033857,31.984118700027466,-72.47165658336755,72.47165658336755,0.2,0.7851956930231437,3.578743738243911,1.2970570778052428,-0.0361430237210668,0.8719460020020926,1782410193.0547955,None,None,None, None, 1782410193.094354,0.9825287344913657,apf_colreg,crossing_from_starboard,1.0,2.682593915743225,1.136957643186947,7.18457537860592,3.0453637869690464,4.703076016714891,-1.3473240282126684,2.4815263513680628,mr_webots_cross_left_to_right_large_ship.wbt,ekf_on_cluster_off,1,0,5.0
1782410193.2021577,32.08289074897766,-72.47165658336755,72.47165658336755,0.2,0.7788037158158072,3.601636527817793,1.319804042888736,-0.03358070077916805,0.8674676267562509,1782410193.188157,None,None,None, None, 1782410193.177146,0.9683389872672598,apf_colreg,crossing_from_starboard,1.0,2.6513852130594966,1.7393908796077666,7.0295453838020325,3.070292375718175,4.709137486880605,-1.3385365012661306,2.478928154574007,mr_webots_cross_left_to_right_large_ship.wbt,ekf_on_cluster_off,1,0,5.0
1782410193.3022814,32.18301439285278,-72.47165658336755,72.47165658336755,0.2,0.7718192243139357,3.6254905399013544,1.3432067527599085,-0.03911586020248125,0.8645305873606115,1782410193.2632427,None,None,None, None, 1782410193.2517338,1.006060181777948,apf_colreg,crossing_from_starboard,1.0,2.616651411758605,2.483052921384931,6.8673699424122985,3.0583413363858334,4.716456197974625,-1.326336255096906,2.474957211927509,mr_webots_cross_left_to_right_large_ship.wbt,ekf_on_cluster_off,1,0,5.0
1782410193.4058716,32.28660464286804,-200.0,-200.0,0.2,0.7670079537845258,3.6499979821401314,1.3669071904013963,-0.01823655219085616,0.8630238286193442,1782410193.3458657,None,None,None, None, 1782410193.3353307,1.0665586283031376,apf_colreg,crossing_from_starboard,1.0,2.5328340060613295,8.664996067851416,3.2937215717855093,-4.652882078293833,4.724917921593868,-1.2589684677478747,2.4630447342624437,mr_webots_cross_left_to_right_large_ship.wbt,ekf_on_cluster_off,1,0,5.0
1782410193.5015945,32.38232755661011,-200.0,-200.0,0.2,0.7667722222197036,3.674621723720271,1.3909222504637562,-0.047144040450038345,0.8585150539072665,1782410193.5030565,None,None,None, None, 1782410193.4996037,1.078034448031438,apf_colreg,crossing_from_starboard,1.0,2.42911129146136,10.326754213800031,3.1482882235488368,-4.5780712987343595,4.738070808473094,-1.2418749266121172,2.459712006253535,mr_webots_cross_left_to_right_large_ship.wbt,ekf_on_cluster_off,1,0,5.0
1782410193.6017582,32.48249125480652,200.0,200.0,0.2,0.7577925422396131,3.699288739716828,1.4151441318454896,-0.151931682622269,0.8395756102898227,1782410193.5661616,None,None,None, None, 1782410193.5661616,1.0210490975249449,apf_colreg,crossing_from_starboard,1.0,2.402303023122374,12.415444857179242,6.1932303086892935,3.5079937565707855,4.791398541023593,-1.2451802567590131,2.444534488614052,mr_webots_cross_left_to_right_large_ship.wbt,ekf_on_cluster_off,1,0,5.0
1782410193.7156487,32.59638166427612,200.0,200.0,0.2,0.7444110126176173,3.576316364601621,1.2941601873932875,-0.08728619102903179,0.8332368945158748,1782410193.6387815,3.5743567478170086,1.292250775221491,0.7533337336922257, 1782410193.645789, 1782410193.6387815,1.0305380302765343,apf_colreg,crossing_from_starboard,1.0,0.550768712315504,13.436537801348193,5.258188157969378,5.66115609425575,4.8222281259286,-1.1629147030814118,2.440619001006071,mr_webots_cross_left_to_right_large_ship.wbt,ekf_on_cluster_off,1,0,5.0
1782410193.80129,32.68202304840088,200.0,200.0,0.2,0.7331929878414609,3.589404447712544,1.3058165099703383,0.07710518583946022,0.8447257455975834,1782410193.7877839,None,None,None, None, 1782410193.791788,0.9161679703418852,apf_colreg,crossing_from_starboard,1.0,0.5796594538830266,16.142298833247583,5.688672769992195,5.2282516230049065,4.648567668167553,-1.2975028978519456,2.433578626678164,mr_webots_cross_left_to_right_large_ship.wbt,ekf_on_cluster_off,1,0,5.0
1782410193.9020572,32.782790184020996,200.0,200.0,0.2,0.7301357392703867,3.606821748033271,1.3210631923620966,0.10858172480408251,0.8529974734673623,1782410193.8639636,None,None,None, None, 1782410193.8629656,1.063313768670317,apf_colreg,crossing_from_starboard,1.0,2.067158577051719,9.806601170913048,6.3419662565302595,4.3351883048428554,4.584248675145126,-1.3623045717803395,2.4444450149585144,mr_webots_cross_left_to_right_large_ship.wbt,ekf_on_cluster_off,1,0,5.0
1782410194.002302,32.8830349445343,200.0,200.0,0.2,0.7330255163648716,3.6274070449032463,1.339070200979605,0.12784180341723234,0.864283647882651,1782410193.952246,None,None,None, None, 1782410193.9492433,1.0782526271170005,apf_colreg,crossing_from_starboard,1.0,2.4539180984641384,4.617725607531133,6.766429451338878,3.803773850267005,4.569639585588718,-1.3101931630018377,2.4246276770158706,mr_webots_cross_left_to_right_large_ship.wbt,ekf_on_cluster_off,1,0,5.0
1782410194.1018362,32.982569217681885,200.0,200.0,0.2,0.7455290480499629,3.6500610417667243,1.3590922429484618,0.19035316917624148,0.8894084450555123,1782410194.0842364,None,None,None, None, 1782410194.0903337,1.078634305596173,apf_colreg,crossing_from_starboard,1.0,2.564543060145808,2.5130015359947366,7.129100065325277,3.3572864044524113,4.550916360050651,-1.2726747963926108,2.4188445757401,mr_webots_cross_left_to_right_large_ship.wbt,ekf_on_cluster_off,1,0,5.0
1782410194.2017114,33.08244442939758,-200.0,-200.0,0.2,0.7634981868676016,3.673754672597696,1.380727769058539,0.20532190035564649,0.9046446343146344,1782410194.1584427,None,None,None, None, 1782410194.164448,1.04332754080405,apf_colreg,static_obstacle,1.0,2.569860215087216,2.4299600188548465,1.8774314956627571,-19.009979533218004,4.569098637608694,-1.256472128723279,2.412867229137596,mr_webots_cross_left_to_right_large_ship.wbt,ekf_on_cluster_off,1,0,5.0
1782410194.3023853,33.18311834335327,-200.0,-200.0,0.2,0.7773376138326408,3.697431588049281,1.4040187838636946,0.01637332033699244,0.9068704832635015,1782410194.2943864,None,None,None, None, 1782410194.300385,0.9209694295431617,apf_colreg,static_obstacle,1.0,2.5756248911804813,2.5023180905849216,1.390785699270669,-19.24549762386757,4.602912025912398,-1.2357821014470047,2.4042894575874403,mr_webots_cross_left_to_right_large_ship.wbt,ekf_on_cluster_off,1,0,5.0
1782410194.401966,33.28269910812378,-200.0,-200.0,0.2,0.78348986916667,3.7211895593423145,1.4281693565497942,-0.07096752215051606,0.9003986771223725,1782410194.3855803,None,None,None, None, 1782410194.3935828,0.9482842200213143,apf_colreg,static_obstacle,1.0,2.6920767238661822,3.496049510861529,1.039777243865014,-19.470994439667255,4.681291615670065,-1.185041003020728,2.401398784767234,mr_webots_cross_left_to_right_large_ship.wbt,ekf_on_cluster_off,1,0,5.0
1782410194.5022545,33.38298749923706,-200.0,-200.0,0.2,0.7790787265733454,3.7451240894426414,1.4526940980756242,-0.14698955455670337,0.88922617795424,1782410194.461589,None,None,None, None, 1782410194.461589,0.9316911556674136,apf_colreg,static_obstacle,1.0,2.6362270497829394,4.942521501487708,0.8902989604597757,-19.687566290900364,4.744482275530555,-1.1341571200484486,2.396816378176575,mr_webots_cross_left_to_right_large_ship.wbt,ekf_on_cluster_off,1,0,5.0
1782410194.602015,33.48274803161621,-200.0,-200.0,0.2,0.7700711635842112,3.7694332340833885,1.4771756048388904,-0.15470571917104206,0.8695179355694554,1782410194.588981,None,None,None, None, 1782410194.588981,1.0094330941436371,apf_colreg,static_obstacle,1.0,2.457366431485016,8.447832264669978,0.833090385032055,-19.90062731284959,4.78525846325352,-1.0692907787558195,2.38480699732238,mr_webots_cross_left_to_right_large_ship.wbt,ekf_on_cluster_off,1,0,5.0
1782410194.7015305,33.582263469696045,-72.47165658336755,72.47165658336755,0.2,0.768766015288518,3.643156256701826,1.3607199504475747,-0.12097511357802976,0.8598478674594204,1782410194.6689153,3.641162469641875,1.3588610784921387,0.78054490903311, 1782410194.654393, 1782410194.6568983,1.0208961393408258,apf_colreg,crossing_from_starboard,1.0,0.3807748872390522,16.609236244768653,6.195018220007578,4.717581175596671,4.78525846325352,-1.0692907787558195,2.38480699732238,mr_webots_cross_left_to_right_large_ship.wbt,ekf_on_cluster_off,1,0,5.0
1782410194.8024688,33.68320178985596,200.0,200.0,0.2,0.7566910200378346,3.655868449386566,1.3729918644661945,-0.12041353477084119,0.8510826329011816,1782410194.8054771,None,None,None, None, 1782410194.793956,1.0886975160754933,apf_colreg,crossing_from_starboard,1.0,0.11008285743516083,21.012160592698873,6.080079274903013,4.614301285520714,4.683854107480477,-1.163148636753113,2.3841611959633897,mr_webots_cross_left_to_right_large_ship.wbt,ekf_on_cluster_off,1,0,5.0
1782410194.9015524,33.78228545188904,200.0,200.0,0.2,0.7456197833041646,3.672997322864889,1.3887263620709025,0.024738222261352135,0.8549379062570417,1782410194.8975508,None,None,None, None, 1782410194.8935518,0.9546135851984134,apf_colreg,crossing_from_starboard,1.0,1.9283579133874922,19.814416110142012,6.0014797876377655,4.422322184137752,4.680410471772198,-1.1591316989801843,2.379694890261524,mr_webots_cross_left_to_right_large_ship.wbt,ekf_on_cluster_off,1,0,5.0
1782410195.0015867,33.882319688797,200.0,200.0,0.2,0.7411527678343784,3.6934142006383257,1.4070353152177622,0.08643780254060898,0.8617993626910253,1782410194.976931,None,None,None, None, 1782410194.9689317,1.0895849266310345,apf_colreg,crossing_from_starboard,1.0,2.2875891858843267,13.831519566481063,6.037873060307653,4.156131676177029,4.665755624826038,-1.145170905833601,2.3726500727845443,mr_webots_cross_left_to_right_large_ship.wbt,ekf_on_cluster_off,1,0,5.0
1782410195.1028109,33.98354387283325,200.0,200.0,0.2,0.7630019720201362,3.716005708857944,1.4271948626955815,0.3034239773057427,0.8901207877883321,1782410195.0702705,None,None,None, None, 1782410195.0536551,0.9383208923095647,apf_colreg,crossing_from_starboard,1.0,2.4132579915053953,10.61961663500607,6.2162500888143155,3.753512816984113,4.657882219159961,-1.1287287560257702,2.3662772769587797,mr_webots_cross_left_to_right_large_ship.wbt,ekf_on_cluster_off,1,0,5.0
1782410195.2020748,34.082807779312134,-200.0,-200.0,0.2,0.7760522483456588,3.7392785916942977,1.4493274379100267,0.13887982137188268,0.9045591696387354,1782410195.1742337,None,None,None, None, 1782410195.1875758,0.9738647491670009,apf_colreg,static_obstacle,1.0,2.364029354170982,10.577748219409136,0.9840487738063985,-19.653293274850533,4.688281392739213,-1.0692802369902699,2.3599974134341988,mr_webots_cross_left_to_right_large_ship.wbt,ekf_on_cluster_off,1,0,5.0
1782410195.3019373,34.18267035484314,-200.0,-200.0,0.2,0.7976548204342884,3.762704398459338,1.4729005288815604,0.09490568928258757,0.9113001530097388,1782410195.245262,None,None,None, None, 1782410195.2583601,1.067208048439342,apf_colreg,static_obstacle,1.0,2.3839952459793783,9.983507748072212,0.3295601869358582,-19.879229573078394,4.688281392739213,-1.0692802369902699,2.3599974134341988,mr_webots_cross_left_to_right_large_ship.wbt,ekf_on_cluster_off,1,0,5.0
1782410195.4020915,34.28282451629639,-200.0,-200.0,0.2,0.8041253571816394,3.7859094447866757,1.4975933523894889,-0.0877510468029477,0.899910018161716,1782410195.3750625,None,None,None, None, 1782410195.3850665,1.0523854431694732,apf_colreg,static_obstacle,1.0,2.1974981272011993,14.634195658305877,-0.045781716577433684,-20.095902756302877,4.76891948266332,-1.0044772573698004,2.3439979338441295,mr_webots_cross_left_to_right_large_ship.wbt,ekf_on_cluster_off,1,0,5.0
1782410195.5017657,34.3824987411499,-200.0,-200.0,0.2,0.805878798581083,3.8093182735771904,1.5226249597611972,-0.09769628625282233,0.8934884785792154,1782410195.440792,None,None,None, None, 1782410195.461305,1.0074471814942363,apf_colreg,static_obstacle,1.0,1.6223708690479843,23.873233767422253,-0.33114188408507905,-20.313012026107117,4.814943629840316,-0.9478667781028508,2.334117335933207,mr_webots_cross_left_to_right_large_ship.wbt,ekf_on_cluster_off,1,0,5.0
1782410195.6021795,34.48291254043579,-200.0,-200.0,0.2,0.7980548535091933,3.832901814386991,1.5478030180555105,-0.1622637419168486,0.8709606769199728,1782410195.5796266,None,None,None, None, 1782410195.5493124,1.0200646076662077,apf_colreg,static_obstacle,1.0,1.6928645891591,14.074901383755845,-0.41372180672800996,-20.538321534491047,4.868364473610603,-0.9040813698744196,2.3311585010103872,mr_webots_cross_left_to_right_large_ship.wbt,ekf_on_cluster_off,1,0,5.0
1782410195.7043366,34.58506965637207,-72.47165658336755,72.47165658336755,0.2,0.7810303102234017,3.7097951070252004,1.4275094260009331,-0.12619442128775876,0.8620496617597745,1782410195.65024,3.707852615538024,1.4255905765137586,0.7621340243443697, 1782410195.656244, 1782410195.743142,0.9156302785552068,apf_colreg,crossing_from_starboard,1.0,2.2638948843510986,1.8934527805142811,2.410875175634458,6.380260446288117,4.9119209935067705,-0.8765617943607912,2.333774803694466,mr_webots_cross_left_to_right_large_ship.wbt,ekf_on_cluster_off,1,0,5.0
1782410195.8043287,34.68506169319153,-72.47165658336755,72.47165658336755,0.2,0.7700037936878902,3.722326457806683,1.439912528637187,-0.11146846934586192,0.850355702171686,1782410195.7551482,None,None,None, None, 1782410195.8239875,1.0064245698092729,apf_colreg,crossing_from_starboard,1.0,2.2500586118359927,2.363269387166911,2.4176960457387864,6.314403654408533,4.9119209935067705,-0.8765617943607912,2.333774803694466,mr_webots_cross_left_to_right_large_ship.wbt,ekf_on_cluster_off,1,0,5.0
1782410195.9065049,34.787237882614136,200.0,200.0,0.2,0.7575169172393,3.739148484529889,1.4560645393191998,-0.07539957119705798,0.8435430698741414,1782410195.845502,None,None,None, None, 1782410195.894729,0.9434291579788563,apf_colreg,crossing_from_starboard,1.0,2.325284334524488,3.5140384468437533,3.049534678117057,5.675519355814,4.768222705923461,-1.002467717849096,2.3270426657049423,mr_webots_cross_left_to_right_large_ship.wbt,ekf_on_cluster_off,1,0,5.0
1782410196.0022473,34.88298034667969,200.0,200.0,0.2,0.7377360949105165,3.7593668028162828,1.474657363004539,-0.06296411721490194,0.8389736233964793,1782410196.0063872,None,None,None, None, 1782410195.9822373,0.9453376224739044,apf_colreg,crossing_from_starboard,1.0,2.198609823943542,9.64740969396714,3.571684347007154,5.402189603525281,4.761031955664258,-0.9638297628294307,2.3180945453208976,mr_webots_cross_left_to_right_large_ship.wbt,ekf_on_cluster_off,1,0,5.0
1782410196.101767,34.982500076293945,200.0,200.0,0.2,0.7332222368562475,3.7821538472971445,1.4946204648535493,0.10995911654469448,0.8567511560980009,1782410196.0797482,None,None,None, None, 1782410196.0643222,0.9506321765007473,apf_colreg,crossing_from_starboard,1.0,1.259184393183961,37.84840995240011,4.423212562791274,4.905201891966557,4.709845334637811,-0.9763101107678621,2.3104088761084234,mr_webots_cross_left_to_right_large_ship.wbt,ekf_on_cluster_off,1,0,5.0
1782410196.2031107,35.08384370803833,200.0,200.0,0.2,0.7477019501159445,3.806306720128518,1.515788143994608,0.23848370701749505,0.8733836488653758,1782410196.1494908,None,None,None, None, 1782410196.197311,1.0506532951463645,apf_colreg,crossing_from_starboard,1.0,1.9066797633498331,21.309563783495864,4.955188781034721,4.677624658292103,4.6911353645155165,-0.9298339836914592,2.3029170548552367,mr_webots_cross_left_to_right_large_ship.wbt,ekf_on_cluster_off,1,0,5.0
1782410196.3017585,35.18249154090881,200.0,200.0,0.2,0.7561106208000192,3.8308139663913083,1.5382472499800213,0.12083310314658786,0.8915410646336192,1782410196.2997594,None,None,None, None, 1782410196.2817695,1.027911332739288,apf_colreg,crossing_from_starboard,1.0,1.1396219577014348,30.25597321255701,5.167931609190375,4.478854116683454,4.726324600822018,-0.9194038557128466,2.288390280504804,mr_webots_cross_left_to_right_large_ship.wbt,ekf_on_cluster_off,1,0,5.0
1782410196.4015296,35.282262563705444,-200.0,-200.0,0.2,0.7671747438613473,3.8556319155690293,1.5613476477108648,0.1485077791178865,0.9037879611893544,1782410196.3822258,None,None,None, None, 1782410196.3671296,1.0024271291396734,apf_colreg,static_obstacle,1.0,2.1955945389626,12.966853687066237,0.09402010793035576,-20.66794326161544,4.722949091393546,-0.8858490195216256,2.287406708511796,mr_webots_cross_left_to_right_large_ship.wbt,ekf_on_cluster_off,1,0,5.0
1782410196.502144,35.38287711143494,-200.0,-200.0,0.2,0.7831869413822771,3.880056319725287,1.585413523876496,0.05840917467468339,0.9089698887699547,1782410196.4709435,None,None,None, None, 1782410196.491982,1.0474068911645564,apf_colreg,static_obstacle,1.0,2.1339801000079386,12.99072519117192,-0.46781364591336594,-20.883686692481405,4.7460255962252695,-0.8499389239356443,2.274650979204511,mr_webots_cross_left_to_right_large_ship.wbt,ekf_on_cluster_off,1,0,5.0
1782410196.6016576,35.48239064216614,-200.0,-200.0,0.2,0.7931817064427151,3.904104259626839,1.6101555851619591,-0.037415812968129195,0.9062269125617134,1782410196.544254,None,None,None, None, 1782410196.5802908,0.9193236152977352,apf_colreg,static_obstacle,1.0,1.9536530070609714,16.574846721426766,-0.9171345524268886,-21.09784786431187,4.823052512265122,-0.8087972349656746,2.2724514750344804,mr_webots_cross_left_to_right_large_ship.wbt,ekf_on_cluster_off,1,0,5.0
1782410196.7025943,35.583327293395996,-72.47165658336755,72.47165658336755,0.2,0.7846025135548539,3.776672219779434,1.4918201147084407,-0.18136370167325078,0.8810514858342996,1782410196.683066,3.774673475456843,1.4899264249161999,0.7818266757691835, 1782410196.658506, 1782410196.6785495,0.9281068225498216,apf_colreg,crossing_from_starboard,1.0,2.033032406346892,4.43289524133969,3.771976866933639,6.220744458155428,4.896398135448896,-0.7564270231981198,2.2687008125469776,mr_webots_cross_left_to_right_large_ship.wbt,ekf_on_cluster_off,1,0,5.0
1782410196.8023543,35.68308734893799,-72.47165658336755,72.47165658336755,0.2,0.7769931329042802,3.7890187315882424,1.5041699197057703,-0.09433446941448435,0.8745662249693914,1782410196.7518134,None,None,None, None, 1782410196.7518134,0.9067185602248164,apf_colreg,crossing_from_starboard,1.0,1.8485957365348549,9.476787406963602,4.312424029430536,5.770042639543391,4.7486645131463625,-0.8730622426230259,2.2631030297754187,mr_webots_cross_left_to_right_large_ship.wbt,ekf_on_cluster_off,1,0,5.0
1782410196.901954,35.782686948776245,200.0,200.0,0.2,0.7675274745751445,3.805608737101983,1.520375385241127,-0.06119534222906495,0.8670077035545143,1782410196.875328,None,None,None, None, 1782410196.875328,1.0705333641740062,apf_colreg,crossing_from_starboard,1.0,1.1307758321454935,22.278131236176606,4.623102260348759,5.491480917123647,4.754693939611527,-0.828891592870735,2.250803984308041,mr_webots_cross_left_to_right_large_ship.wbt,ekf_on_cluster_off,1,0,5.0
1782410197.0030448,35.88377785682678,200.0,200.0,0.2,0.7549827379126718,3.8255485603679102,1.5391376199098743,-0.007533739046120439,0.8664782228278539,1782410196.9456093,None,None,None, None, 1782410197.0030448,1.073755603034052,apf_colreg,crossing_from_starboard,1.0,1.3665334409710839,26.643685174224732,4.6494170960575145,5.340564712130023,4.754693939611527,-0.828891592870735,2.250803984308041,mr_webots_cross_left_to_right_large_ship.wbt,ekf_on_cluster_off,1,0,5.0
1782410197.1023097,35.98304271697998,200.0,200.0,0.2,0.7562819381553197,3.847890441343893,1.5595250944388703,0.13819355201296415,0.8838270438463309,1782410197.0711493,None,None,None, None, 1782410197.0620964,0.9567963074743483,apf_colreg,crossing_from_starboard,1.0,1.665866145805761,22.44514900614588,5.2354106975906065,4.780406068055081,4.7176209728138385,-0.8511189352176213,2.2518013062914357,mr_webots_cross_left_to_right_large_ship.wbt,ekf_on_cluster_off,1,0,5.0
1782410197.2028189,36.08355188369751,-200.0,-200.0,0.2,0.7635612517174247,3.871471038682821,1.581292296339291,0.1518957777892916,0.9033687540012859,1782410197.1998014,None,None,None, None, 1782410197.191796,0.9382539134537219,apf_colreg,static_obstacle,1.0,2.1532055403119084,11.573621064278376,-0.00805405119099678,-20.85470144409215,4.719236857820054,-0.7866604945210204,2.242088729725454,mr_webots_cross_left_to_right_large_ship.wbt,ekf_on_cluster_off,1,0,5.0
1782410197.3016925,36.1824254989624,-200.0,-200.0,0.2,0.7765315374049501,3.8952704540471466,1.6044730689142122,0.04779299165582159,0.9067909809919761,1782410197.2714067,None,None,None, None, 1782410197.266893,1.091692191963312,apf_colreg,static_obstacle,1.0,2.282118080254193,8.593417474578741,-0.4981485458417505,-21.064994028561916,4.708812032908869,-0.7956048177304369,2.2398397759737265,mr_webots_cross_left_to_right_large_ship.wbt,ekf_on_cluster_off,1,0,5.0
1782410197.4015148,36.28224778175354,-200.0,-200.0,0.2,0.7849225932936353,3.919091664894646,1.628581333644575,-0.040329900471332635,0.9039473521620938,1782410197.3419158,None,None,None, None, 1782410197.399002,0.9207064602741147,apf_colreg,static_obstacle,1.0,2.3427986402338092,7.411036348157056,-0.9064668177248265,-21.277828146162477,4.740990143802918,-0.7793288621200787,2.2213394445762185,mr_webots_cross_left_to_right_large_ship.wbt,ekf_on_cluster_off,1,0,5.0
1782410197.5023124,36.38304543495178,-200.0,-200.0,0.2,0.7738231579571431,3.9429869764709755,1.6531605179762443,-0.20987197551435666,0.877220537084953,1782410197.469264,None,None,None, None, 1782410197.463847,1.0700854330771554,apf_colreg,static_obstacle,1.0,2.2420160115220917,9.208772742479049,-0.9046929260673027,-21.50968503781474,4.807683983820062,-0.7083846824004701,2.224148195140882,mr_webots_cross_left_to_right_large_ship.wbt,ekf_on_cluster_off,1,0,5.0
1782410197.603247,36.48397994041443,-200.0,-200.0,0.2,0.7652021474763904,3.967485357431144,1.6774633823963476,-0.13385254399861438,0.8603842627508071,1782410197.5950463,None,None,None, None, 1782410197.5950463,0.9941372625527927,apf_colreg,static_obstacle,1.0,2.1269204505539037,11.835621327613557,-0.9504435218947491,-21.73882186673484,4.827533438063371,-0.6844553392684066,2.222740994648939,mr_webots_cross_left_to_right_large_ship.wbt,ekf_on_cluster_off,1,0,5.0
1782410197.7021077,36.58284068107605,200.0,200.0,0.2,0.7546223754843614,3.8442847421243282,1.5576020212310149,-0.11566885586585773,0.8522481800534575,1782410197.6653857,3.842329892674717,1.5556998681311782,0.7480233906173321, 1782410197.662883, 1782410197.667896,0.9187728810642837,apf_colreg,crossing_from_starboard,1.0,1.095609830514689,14.108428315880428,4.647128814864752,6.077216220252078,4.871810969085652,-0.6505591560751777,2.208277817320992,mr_webots_cross_left_to_right_large_ship.wbt,ekf_on_cluster_off,1,0,5.0
1782410197.8081846,36.68891763687134,200.0,200.0,0.2,0.7345591476177725,3.857192168498395,1.5695137730374413,-0.10877953637444586,0.8444302629440191,1782410197.8121662,None,None,None, None, 1782410197.8101668,0.9976331977119525,apf_colreg,crossing_from_starboard,1.0,0.21488902081833694,21.523753651447187,4.825783958713043,5.915690845421937,4.751219526083911,-0.7219593710282844,2.2061181295986647,mr_webots_cross_left_to_right_large_ship.wbt,ekf_on_cluster_off,1,0,5.0
1782410197.9028826,36.783615589141846,200.0,200.0,0.2,0.725309794572584,3.874662665802547,1.5847406344344956,0.08179714825892413,0.8558841150065151,1782410197.8772826,None,None,None, None, 1782410197.8692963,1.0573462869213153,apf_colreg,crossing_from_starboard,1.0,1.4880337136528616,15.442926241764187,5.330399511073583,5.565088211866714,4.7093724600832765,-0.7207350741613034,2.1980969596597033,mr_webots_cross_left_to_right_large_ship.wbt,ekf_on_cluster_off,1,0,5.0
1782410198.0013933,36.882126331329346,200.0,200.0,0.2,0.7245157672478012,3.8953997055248495,1.6025972252639806,0.11927504267851448,0.8645135535977487,1782410197.9496317,None,None,None, None, 1782410197.941626,1.0045100147192518,apf_colreg,crossing_from_starboard,1.0,2.108668641242809,5.416845492455461,5.8793347833463185,5.1059743008718375,4.680564745584369,-0.7197045423363475,2.190574150318996,mr_webots_cross_left_to_right_large_ship.wbt,ekf_on_cluster_off,1,0,5.0
1782410198.10203,36.982763051986694,-200.0,-200.0,0.2,0.7380645185351297,3.9182680394398566,1.6223875157607974,0.21580587618667368,0.8914053696964622,1782410198.0742428,None,None,None, None, 1782410198.0682383,1.0917957490932046,apf_colreg,static_obstacle,1.0,2.273356708714473,1.8351522215938956,0.154423587388115,-21.241406036742514,4.650654469626422,-0.727155283436805,2.183386161428744,mr_webots_cross_left_to_right_large_ship.wbt,ekf_on_cluster_off,1,0,5.0
1782410198.2162836,37.09701657295227,-200.0,-200.0,0.2,0.7569845430086676,3.941767734248348,1.6442430951671296,0.08153008815733812,0.8973046956525376,1782410198.225484,None,None,None, None, 1782410198.1857107,1.0250366492891507,apf_colreg,static_obstacle,1.0,2.2887559026173183,1.4625991543062773,-0.45129985325540867,-21.44398931219842,4.66876768409203,-0.6898398248172004,2.1831635318527614,mr_webots_cross_left_to_right_large_ship.wbt,ekf_on_cluster_off,1,0,5.0
1782410198.3020754,37.18280839920044,-200.0,-200.0,0.2,0.7654074923270813,3.96551042298787,1.667473937773714,-0.06179694094349499,0.8881918398032949,1782410198.294065,None,None,None, None, 1782410198.2600186,0.9903797520669749,apf_colreg,static_obstacle,1.0,2.2837923066318613,1.5668464835842226,-0.8505906064404312,-21.65298895350621,4.738139022325813,-0.6403561563505404,2.1739108755445513,mr_webots_cross_left_to_right_large_ship.wbt,ekf_on_cluster_off,1,0,5.0
1782410198.4015794,37.28231239318848,-200.0,-200.0,0.2,0.7635342406789891,3.989587130385796,1.6913177915844773,-0.13339613838526806,0.8784836646576772,1782410198.366842,None,None,None, None, 1782410198.3885791,1.0274880579372083,apf_colreg,static_obstacle,1.0,2.2175985423481754,2.856683449372734,-1.0339129792849486,-21.87347244257847,4.807514988997215,-0.5841251313614757,2.1667128134885365,mr_webots_cross_left_to_right_large_ship.wbt,ekf_on_cluster_off,1,0,5.0
1782410198.5022104,37.38294339179993,-200.0,-200.0,0.2,0.7574352534570147,4.01408890381009,1.7152909464026582,-0.1379154082501855,0.8611251743684786,1782410198.4927053,None,None,None, None, 1782410198.4576628,1.0885530582973086,apf_colreg,static_obstacle,1.0,2.049286802424415,5.985651774436851,-1.1257670186209539,-22.099927806466727,4.846258782292977,-0.5489553964302373,2.1643755084926406,mr_webots_cross_left_to_right_large_ship.wbt,ekf_on_cluster_off,1,0,5.0
1782410198.6016583,37.482391357421875,-200.0,-200.0,0.2,0.7460287241139639,4.038957786498932,1.7392126768954046,-0.16593761592231335,0.851034730532985,1782410198.553514,None,None,None, None, 1782410198.6045485,1.0166710465180775,apf_colreg,crossing_from_starboard,1.0,1.8430789693092915,14.48693673033847,1.9950115944281586,-4.114743641309648,4.893406833344475,-0.5173187845799382,2.1647016701705963,mr_webots_cross_left_to_right_large_ship.wbt,ekf_on_cluster_off,1,0,5.0
1782410198.701625,37.58235812187195,200.0,200.0,0.2,0.7291868046086735,3.9137411345496536,1.6237147657243391,-0.14011067542695024,0.8339007776298836,1782410198.6758027,3.9117533599220495,1.6218768433401904,0.7171685016019804, 1782410198.672813, 1782410198.665285,0.9844377167259524,apf_colreg,crossing_from_starboard,1.0,1.210479191274451,12.130579221811287,4.223862838436118,6.671559372646154,4.915632208183881,-0.5000337215053898,2.152996269241922,mr_webots_cross_left_to_right_large_ship.wbt,ekf_on_cluster_off,1,0,5.0
1782410198.802296,37.68302893638611,200.0,200.0,0.2,0.7091401723368457,3.9270766932165655,1.6353744155037437,-0.0917392227521699,0.8272416795805847,1782410198.8063033,None,None,None, None, 1782410198.7962542,0.9773977551016609,apf_colreg,crossing_from_starboard,1.0,0.7866816504824323,21.341955941909983,4.376929518645311,6.314521624608011,4.76762310436567,-0.6106200834201355,2.1478203643965337,mr_webots_cross_left_to_right_large_ship.wbt,ekf_on_cluster_off,1,0,5.0
1782410198.9015794,37.78231239318848,200.0,200.0,0.2,0.703739986439316,3.945017243111261,1.650223705306511,0.12059090628614684,0.8439647641832595,1782410198.8870661,None,None,None, None, 1782410198.8677137,1.0856412972599432,apf_colreg,crossing_from_starboard,1.0,1.1206173521342537,25.141857738737706,4.870182464276248,5.928726871820045,4.719362434441555,-0.5963621880955544,2.1451539877548096,mr_webots_cross_left_to_right_large_ship.wbt,ekf_on_cluster_off,1,0,5.0
1782410199.0023992,37.883132219314575,200.0,200.0,0.2,0.7028795053857576,3.9661710615194945,1.667713536574762,0.1051498392717963,0.8515072266855752,1782410198.9587967,None,None,None, None, 1782410198.9948945,1.0627549836312997,apf_colreg,crossing_from_starboard,1.0,1.910297146930289,10.599067570742719,5.383494773071159,5.524398466258562,4.709515708344311,-0.583172952294715,2.1341094679485377,mr_webots_cross_left_to_right_large_ship.wbt,ekf_on_cluster_off,1,0,5.0
1782410199.1013632,37.98209619522095,200.0,200.0,0.2,0.7083832246493366,3.989498771966347,1.687044417639829,0.14031743675499686,0.8707397934078531,1782410199.0958614,None,None,None, None, 1782410199.0649755,1.040904872557026,apf_colreg,crossing_from_starboard,1.0,2.0870369215339126,5.413940246654589,5.818807112594011,5.186561954709466,4.690434802546833,-0.5594936844004991,2.133875740767322,mr_webots_cross_left_to_right_large_ship.wbt,ekf_on_cluster_off,1,0,5.0
1782410199.2019403,38.08267331123352,-200.0,-200.0,0.2,0.7190890415019431,4.0140697566352825,1.707738499857802,0.1633499997009838,0.88192355022761,1782410199.1643264,None,None,None, None, 1782410199.191936,0.9272709360626608,apf_colreg,static_obstacle,1.0,2.1840543409529056,2.4667578536759573,-0.20314456754783894,-22.058183402212986,4.665363929141755,-0.553829488217955,2.123985347738857,mr_webots_cross_left_to_right_large_ship.wbt,ekf_on_cluster_off,1,0,5.0
1782410199.3025124,38.18324542045593,-200.0,-200.0,0.2,0.7380104100597258,4.038851545459701,1.7298945350620856,0.08706631078440853,0.8883079710066388,1782410199.2376547,None,None,None, None, 1782410199.276992,0.9067728950546338,apf_colreg,static_obstacle,1.0,2.2118743822773337,2.104197215173146,-0.8241754379367161,-22.259549582088077,4.743393499376633,-0.5103226214712956,2.1248699734410117,mr_webots_cross_left_to_right_large_ship.wbt,ekf_on_cluster_off,1,0,5.0
1782410199.4022295,38.28296256065369,-200.0,-200.0,0.2,0.7441878220510472,4.063529356702964,1.7531341581000845,-0.0794493264660998,0.8764248877181399,1782410199.3872228,None,None,None, None, 1782410199.36437,1.0548939541233802,apf_colreg,static_obstacle,1.0,2.148119458062958,3.528857852849715,-1.1757779629937821,-22.472207936303292,4.782416801712398,-0.48395071925747396,2.1219703024347107,mr_webots_cross_left_to_right_large_ship.wbt,ekf_on_cluster_off,1,0,5.0
1782410199.503288,38.384021043777466,-200.0,-200.0,0.2,0.745495973992465,4.0884130886133585,1.7767155266708836,-0.09843884678153113,0.8681546524588749,1782410199.4712367,None,None,None, None, 1782410199.4561536,0.9294531849796446,apf_colreg,static_obstacle,1.0,1.910480601893146,8.37482740288078,-1.4238850098788804,-22.68905278046688,4.8716059043817985,-0.4009534804966304,2.110572509911697,mr_webots_cross_left_to_right_large_ship.wbt,ekf_on_cluster_off,1,0,5.0
1782410199.6035273,38.48426032066345,-200.0,-200.0,0.2,0.7406277656698107,4.113484738451404,1.8004236193822816,-0.1342712004583297,0.857732261823094,1782410199.6105266,None,None,None, None, 1782410199.6004581,0.9916825560316677,apf_colreg,static_obstacle,1.0,1.952851006310387,8.065159043124316,-1.5316016635046508,-22.919738601150694,4.8716059043817985,-0.4009534804966304,2.110572509911697,mr_webots_cross_left_to_right_large_ship.wbt,ekf_on_cluster_off,1,0,5.0
1782410199.701279,38.58201193809509,200.0,200.0,0.2,0.7283977558659703,3.982846137925758,1.6867898360195563,-0.1264176611062879,0.8408571191042651,1782410199.6823459,3.980786027013144,1.6849772957769364,0.717108399987973, 1782410199.679345, 1782410199.665447,1.0288592547010196,apf_colreg,crossing_from_starboard,1.0,1.1161055565538067,12.883363666797358,4.699860922688115,6.603740832492704,4.908973063776268,-0.363836445701461,2.098700969458264,mr_webots_cross_left_to_right_large_ship.wbt,ekf_on_cluster_off,1,0,5.0
1782410199.8017914,38.68252444267273,200.0,200.0,0.2,0.709791358999981,3.9959604438837095,1.6982888889154142,-0.10221783566196146,0.8343907376914331,1782410199.8047976,None,None,None, None, 1782410199.7861853,1.075678978854457,apf_colreg,crossing_from_starboard,1.0,0.6345525989528906,22.092790515505804,4.720837080737096,6.34921008641656,4.79155429366548,-0.4818916947858562,2.0965916208941087,mr_webots_cross_left_to_right_large_ship.wbt,ekf_on_cluster_off,1,0,5.0
1782410199.902055,38.782788038253784,200.0,200.0,0.2,0.7000684401253501,4.013717665777766,1.7130285274360308,0.07036841468049142,0.8433904975293123,1782410199.8735015,None,None,None, None, 1782410199.855366,0.905776341951784,apf_colreg,crossing_from_starboard,1.0,1.226347892472218,24.892630556942034,5.002112405127002,5.975292837044046,4.758234737026099,-0.48337688515339106,2.0934977800973553,mr_webots_cross_left_to_right_large_ship.wbt,ekf_on_cluster_off,1,0,5.0
1782410200.0017128,38.88244581222534,200.0,200.0,0.2,0.7028196125790954,4.034845684501205,1.7303092099554709,0.1534434894900398,0.8624757061395159,1782410199.997881,None,None,None, None, 1782410199.9753797,0.9573810001680111,apf_colreg,crossing_from_starboard,1.0,1.8120944449013168,14.789877810907063,5.383220351134274,5.673266035067188,4.73771359101332,-0.44998108526249725,2.0884738310551154,mr_webots_cross_left_to_right_large_ship.wbt,ekf_on_cluster_off,1,0,5.0
1782410200.1020358,38.98276877403259,200.0,200.0,0.2,0.7083197369282961,4.058077605756095,1.7496009724990458,0.13130937486907013,0.8714124240148475,1782410200.0659394,None,None,None, None, 1782410200.0500033,0.9195216976948835,apf_colreg,crossing_from_starboard,1.0,2.083110269311412,4.680363322391374,5.848767025376311,5.229416998071313,4.717154886633506,-0.44990003089566566,2.0816489971722563,mr_webots_cross_left_to_right_large_ship.wbt,ekf_on_cluster_off,1,0,5.0
1782410200.2019968,39.08272981643677,-200.0,-200.0,0.2,0.7190716736441296,4.082598316472263,1.7702590271957968,0.1620578158159058,0.8925690955467317,1782410200.1964896,None,None,None, None, 1782410200.1802263,0.9911672806480121,apf_colreg,static_obstacle,1.0,2.1283329868162557,3.236363556751162,-0.7592402727810028,-22.660572286316746,4.730585648330578,-0.43128400738409567,2.0734621964476614,mr_webots_cross_left_to_right_large_ship.wbt,ekf_on_cluster_off,1,0,5.0
1782410200.3202,39.20093297958374,-200.0,-200.0,0.2,0.7327943349596423,4.107351294612559,1.792391281695507,0.04029124474273303,0.8956500956882526,1782410200.2729578,None,None,None, None, 1782410200.2578294,1.0604595782530304,apf_colreg,static_obstacle,1.0,2.1278803507619286,2.958026437722763,-1.270732801217155,-22.859775033600553,4.705516229668086,-0.40265089207783583,2.0622969298254934,mr_webots_cross_left_to_right_large_ship.wbt,ekf_on_cluster_off,1,0,5.0
1782410200.4019876,39.2827205657959,-200.0,-200.0,0.2,0.7418630941654891,4.1321786292983615,1.8154423314367962,-0.03946090367208724,0.8929354312129663,1782410200.404992,None,None,None, None, 1782410200.3557608,1.0936103533495132,apf_colreg,static_obstacle,1.0,2.083418731259302,3.7263736302312096,-1.6889441302050485,-23.064362072093523,4.754862189757139,-0.35129974108375694,2.0485003927099905,mr_webots_cross_left_to_right_large_ship.wbt,ekf_on_cluster_off,1,0,5.0
1782410200.508451,39.38918399810791,-200.0,-200.0,0.2,0.7414149094173582,4.157093412740453,1.8389730005792346,-0.1187671979629005,0.878226752289301,1782410200.4655962,None,None,None, None, 1782410200.47791,0.9524520423272571,apf_colreg,static_obstacle,1.0,1.9166622138157905,7.026947512375354,-1.8956029016359242,-23.285266236312868,4.8148638907419565,-0.301008616604378,2.0534883222173477,mr_webots_cross_left_to_right_large_ship.wbt,ekf_on_cluster_off,1,0,5.0
1782410200.6036897,39.48442268371582,-200.0,-200.0,0.2,0.7356134047562211,4.182268716256482,1.8625621135177672,-0.13876675172060418,0.8602370163884034,1782410200.5952363,None,None,None, None, 1782410200.606691,1.0653946016713032,apf_colreg,static_obstacle,1.0,1.8946468452339766,10.949367426456476,-1.9835266877220752,-23.51449763011701,4.89811965656248,-0.29203502274593307,2.046625011291462,mr_webots_cross_left_to_right_large_ship.wbt,ekf_on_cluster_off,1,0,5.0
1782410200.7017794,39.58251237869263,200.0,200.0,0.2,0.7238991327206172,4.052809559983038,1.7500190574643415,-0.13299451150867894,0.8497951355459745,1782410200.67375,4.050763362115982,1.748222783783433,0.7157741093751132, 1782410200.682753, 1782410200.6757555,1.0876129488330935,apf_colreg,crossing_from_starboard,1.0,1.4672059275520772,8.803436148072215,4.402954066299711,6.948434936552154,4.9308771172649495,-0.2535442986550171,2.0370097358079153,mr_webots_cross_left_to_right_large_ship.wbt,ekf_on_cluster_off,1,0,5.0
1782410200.8031187,39.68385171890259,200.0,200.0,0.2,0.7144585813471996,4.066099683328555,1.7615554174140309,0.003979844245739055,0.8502979079180459,1782410200.8000796,None,None,None, None, 1782410200.806634,1.0190559206472274,apf_colreg,crossing_from_starboard,1.0,1.1982575452034108,15.1223299443046,4.5315948987430765,6.743620022818064,4.800765697867721,-0.3314206311850305,2.0339477055572885,mr_webots_cross_left_to_right_large_ship.wbt,ekf_on_cluster_off,1,0,5.0
1782410200.9016995,39.782432556152344,200.0,200.0,0.2,0.7088087534586307,4.083825896500467,1.77653166327128,0.07115276503767796,0.8550723466927507,1782410200.8671808,None,None,None, None, 1782410200.8761854,0.9305451399630269,apf_colreg,crossing_from_starboard,1.0,0.7554696411935853,26.507068852358074,4.7909522876857675,6.481226195443778,4.790222829903425,-0.3198220642757517,2.0380916704106995,mr_webots_cross_left_to_right_large_ship.wbt,ekf_on_cluster_off,1,0,5.0
1782410201.012363,39.89309597015381,200.0,200.0,0.2,0.7083020798191934,4.104836879806112,1.794103073017343,0.10364050376435378,0.8625942140800215,1782410200.9397573,None,None,None, None, 1782410200.9502652,0.9444007005962364,apf_colreg,crossing_from_starboard,1.0,1.5081645839974167,21.144508042360417,5.251537417287736,5.975878883627429,4.7658025111896425,-0.3425516842475005,2.0352800481667908,mr_webots_cross_left_to_right_large_ship.wbt,ekf_on_cluster_off,1,0,5.0
1782410201.102159,39.98289203643799,-200.0,-200.0,0.2,0.7192907638767003,4.128026488095397,1.8135417207823048,0.18848359854320923,0.8921605366191423,1782410201.0966215,None,None,None, None, 1782410201.0966215,0.9707769258903344,apf_colreg,static_obstacle,1.0,2.0165533588506315,4.202505304490205,-1.1448723211425644,-23.07860627388594,4.700807179798441,-0.31568229014010374,2.018342288433671,mr_webots_cross_left_to_right_large_ship.wbt,ekf_on_cluster_off,1,0,5.0
1782410201.2020712,40.08280420303345,-200.0,-200.0,0.2,0.7341208043139799,4.15195757010367,1.8349381810127623,0.051572554120196075,0.8957999744666333,1782410201.1671908,None,None,None, None, 1782410201.1671908,0.9062303097191948,apf_colreg,static_obstacle,1.0,2.0103795574682253,3.790660463083704,-1.6805199695101436,-23.263068611917227,4.741351918521278,-0.2728382118994112,2.0040424211578576,mr_webots_cross_left_to_right_large_ship.wbt,ekf_on_cluster_off,1,0,5.0
1782410201.302498,40.18323111534119,-200.0,-200.0,0.2,0.7328188200674022,4.176268091715265,1.8575844437136455,-0.13537030735492248,0.8776869069179087,1782410201.3009946,None,None,None, None, 1782410201.3009946,1.0654124728692165,apf_colreg,static_obstacle,1.0,1.9547398885246758,5.180019228510917,-1.856429663144728,-23.48018967238325,4.806580037446407,-0.23154536464627531,1.9972856763528366,mr_webots_cross_left_to_right_large_ship.wbt,ekf_on_cluster_off,1,0,5.0
1782410201.4016635,40.2823965549469,-200.0,-200.0,0.2,0.7312533503863541,4.20120438097473,1.8805408197814277,-0.10080218908060118,0.8700602383018909,1782410201.3766544,None,None,None, None, 1782410201.3766544,1.054381089965656,apf_colreg,static_obstacle,1.0,1.9519666200069012,7.896394783162176,-2.0295843020590336,-23.700183544679582,4.831111037316691,-0.20096331403774315,1.993335753043975,mr_webots_cross_left_to_right_large_ship.wbt,ekf_on_cluster_off,1,0,5.0
1782410201.5209699,40.401702880859375,-200.0,-200.0,0.2,0.7257561355744484,4.226488083207695,1.903695397214193,-0.12691200235442077,0.8603966230713459,1782410201.4527986,None,None,None, None, 1782410201.5354784,0.9818075638009932,apf_colreg,static_obstacle,1.0,2.369738208835927,0.0,-2.0921152090926185,-23.93182269198409,4.867781493591405,-0.1452016443820835,1.9921326632947574,mr_webots_cross_left_to_right_large_ship.wbt,ekf_on_cluster_off,1,0,5.0
1782410201.6033814,40.48411440849304,200.0,200.0,0.2,0.7117566945932026,4.252102602812624,1.9268201606066073,-0.1891917387389881,0.8436191844230677,1782410201.611382,None,None,None, None, 1782410201.6063802,1.038949912007559,apf_colreg,crossing_from_starboard,1.0,1.497426285879115,16.99042335364707,5.354180094210475,5.7505022668846735,4.937906250453271,-0.13326187653426555,2.001493147004126,mr_webots_cross_left_to_right_large_ship.wbt,ekf_on_cluster_off,1,0,5.0
1782410201.7011905,40.581923484802246,200.0,200.0,0.2,0.6947460281336785,4.123658596868894,1.813479656766086,-0.0471172926520609,0.8370437204774216,1782410201.6810334,4.121612486711516,1.811687951516354,0.6912460489837624, 1782410201.688554, 1782410201.677033,0.9846683370347257,apf_colreg,crossing_from_starboard,1.0,1.309444683089487,9.157418326422306,4.319030304437884,7.353352168207673,4.796758103675036,-0.23853406263466756,1.9825517620697055,mr_webots_cross_left_to_right_large_ship.wbt,ekf_on_cluster_off,1,0,5.0
1782410201.8020732,40.68280625343323,200.0,200.0,0.2,0.6791495495504998,4.137374908404997,1.8245367217798232,0.022888596161388244,0.8386825594257208,1782410201.752634,None,None,None, None, 1782410201.8062513,0.936024126396413,apf_colreg,crossing_from_starboard,1.0,0.8781959624304233,17.972041021144054,4.569430843580014,6.995027401282092,4.796758103675036,-0.23853406263466756,1.9825517620697055,mr_webots_cross_left_to_right_large_ship.wbt,ekf_on_cluster_off,1,0,5.0
1782410201.9019597,40.782692670822144,200.0,200.0,0.2,0.6799368160705278,4.155671762294641,1.8388277731691551,0.1654187168051663,0.8602569367026374,1782410201.8830569,None,None,None, None, 1782410201.8730156,0.9551099980363132,apf_colreg,crossing_from_starboard,1.0,1.329403260901296,20.829699264942477,5.151508443470117,6.46782199611574,4.751647348320776,-0.24530909667586578,1.9931018000820215,mr_webots_cross_left_to_right_large_ship.wbt,ekf_on_cluster_off,1,0,5.0
1782410202.0015423,40.882275342941284,200.0,200.0,0.2,0.6898443256319159,4.177152593489183,1.8558381072244161,0.1825107138532871,0.8731574724829171,1782410201.9537406,None,None,None, None, 1782410201.9995427,1.0051945864603342,apf_colreg,crossing_from_starboard,1.0,2.3424277267037352,0.0,5.902574883672129,5.967018216637806,4.7002955316663995,-0.20873551423109754,1.9662193321840327,mr_webots_cross_left_to_right_large_ship.wbt,ekf_on_cluster_off,1,0,5.0
1782410202.1021442,40.982877254486084,-200.0,-200.0,0.2,0.7003300129815907,4.200621929060599,1.8749538823303717,0.14798725889449887,0.8934164971530685,1782410202.0906377,None,None,None, None, 1782410202.070619,0.941738082330182,apf_colreg,static_obstacle,1.0,1.9762057375095559,2.9923754519817716,-1.23788822444492,-23.701908962600395,4.7181038846281,-0.19421725446359395,1.9640471640168666,mr_webots_cross_left_to_right_large_ship.wbt,ekf_on_cluster_off,1,0,5.0
1782410202.2016704,41.08240342140198,-200.0,-200.0,0.2,0.7197488734519503,4.224943594072458,1.8959121165637967,0.08741799311245334,0.8989912933437435,1782410202.1544094,None,None,None, None, 1782410202.2037807,1.054900855044223,apf_colreg,static_obstacle,1.0,1.991462313597662,2.4621878643549757,-1.8852962526677028,-23.87554349322922,4.7537573698729165,-0.1654151235512192,1.9579513745949912,mr_webots_cross_left_to_right_large_ship.wbt,ekf_on_cluster_off,1,0,5.0
1782410202.301818,41.18255090713501,-200.0,-200.0,0.2,0.7264779268345416,4.249535153709193,1.9182499369126962,-0.07800918057920449,0.8876480480416741,1782410202.2998185,None,None,None, None, 1782410202.2699945,0.9967369132246867,apf_colreg,static_obstacle,1.0,1.9895673265489415,2.6995699776777777,-2.2480509059442957,-24.07627034283157,4.797917594101643,-0.14082351816692285,1.9517996344637358,mr_webots_cross_left_to_right_large_ship.wbt,ekf_on_cluster_off,1,0,5.0
1782410202.4024637,41.283196687698364,-200.0,-200.0,0.2,0.7241701830158799,4.27453677617121,1.941125910550814,-0.13277047262012248,0.8783489957201673,1782410202.369857,None,None,None, None, 1782410202.3957162,0.9814965297677156,apf_colreg,static_obstacle,1.0,1.9767577894657449,3.5946096932529126,-2.3993496592369845,-24.299982050927973,4.849557663196418,-0.11597795355605789,1.939026835321473,mr_webots_cross_left_to_right_large_ship.wbt,ekf_on_cluster_off,1,0,5.0
1782410202.504152,41.38488507270813,-200.0,-200.0,0.2,0.7163338945621589,4.299970610922438,1.9641100226240211,-0.15108793553013983,0.8674971366231319,1782410202.5071368,None,None,None, None, 1782410202.4700904,0.9031041354418723,apf_colreg,static_obstacle,1.0,1.906702623276884,7.2918830205999665,-2.414220316370284,-24.53809179772677,4.882932829315979,-0.050977187836999976,1.9392050307079869,mr_webots_cross_left_to_right_large_ship.wbt,ekf_on_cluster_off,1,0,5.0
1782410202.60344,41.4841730594635,-200.0,-200.0,0.2,0.7043969402210978,4.3258180606991115,1.986972856733947,-0.1653845344393736,0.8437500488829386,1782410202.585269,None,None,None, None, 1782410202.60344,0.9666132355459245,apf_colreg,static_obstacle,1.0,1.748790111026826,11.057571215191835,-2.3305809251729075,-24.783491950504775,4.901083856298234,-0.023625726986238105,1.9401508549403674,mr_webots_cross_left_to_right_large_ship.wbt,ekf_on_cluster_off,1,0,5.0
1782410202.7012389,41.581971883773804,200.0,200.0,0.2,0.6863391025174701,4.194009874471695,1.8751440003040316,-0.17819434205389045,0.830432580421525,1782410202.6600046,4.191922218564865,1.8733688219511018,0.6808652250542755, 1782410202.688729, 1782410202.675774,0.9813801177270627,apf_colreg,crossing_from_starboard,1.0,1.2199039146423047,9.470229504034739,4.498279601038303,7.5816901561340195,4.914509578988686,-0.006253799472090843,1.9258515267563288,mr_webots_cross_left_to_right_large_ship.wbt,ekf_on_cluster_off,1,0,5.0
1782410202.801957,41.682689905166626,200.0,200.0,0.2,0.660566206795033,4.207655123508558,1.886041248537354,-0.13410671198682297,0.821658212005765,1782410202.8079674,None,None,None, None, 1782410202.8129687,0.9048421742894691,apf_colreg,crossing_from_starboard,1.0,0.7689813911193981,21.91046065704619,4.705744723421286,7.117791171811129,4.80834353638454,-0.1384970408659561,1.9325957736578083,mr_webots_cross_left_to_right_large_ship.wbt,ekf_on_cluster_off,1,0,5.0
1782410202.9046986,41.78543162345886,200.0,200.0,0.2,0.6472526443110265,4.226170929153776,1.8998328953325134,0.06795445183103933,0.8328544113537615,1782410202.8901932,None,None,None, None, 1782410202.8901932,1.0684165044829266,apf_colreg,crossing_from_starboard,1.0,1.5317557888770184,19.317726804110016,5.292014241993227,6.6747914207742,4.760521810599066,-0.13876056067870246,1.9240862043845604,mr_webots_cross_left_to_right_large_ship.wbt,ekf_on_cluster_off,1,0,5.0
1782410203.0023654,41.88309836387634,200.0,200.0,0.2,0.6421134210450049,4.248214177045425,1.9159335979940373,0.09599432097516235,0.8403563707970549,1782410202.9683433,None,None,None, None, 1782410202.953709,0.9039030804328207,apf_colreg,crossing_from_starboard,1.0,2.26556063122839,0.0,5.969689314511054,6.1294621150338955,4.686891325341526,-0.10499575356776841,1.9186069679877915,mr_webots_cross_left_to_right_large_ship.wbt,ekf_on_cluster_off,1,0,5.0
1782410203.103219,41.983952045440674,-200.0,-200.0,0.2,0.6461336943773669,4.27262886725891,1.9336957976789355,0.14538313457566446,0.8592359869601345,1782410203.0982044,None,None,None, None, 1782410203.0811837,0.9967450751696703,apf_colreg,static_obstacle,1.0,1.9836875050660774,0.906217140638956,-0.42753770772267563,-24.34278682361332,4.679336793445143,-0.09426596675444301,1.9045229141534954,mr_webots_cross_left_to_right_large_ship.wbt,ekf_on_cluster_off,1,0,5.0
1782410203.202414,42.083147048950195,-200.0,-200.0,0.2,0.6586254029437034,4.298086127848101,1.9531818652363546,0.055032495795726506,0.8636495120261,1782410203.178403,None,None,None, None, 1782410203.1718981,1.016809274895259,apf_colreg,static_obstacle,1.0,1.998570560489919,0.43371191631111067,-0.8950018138863269,-24.534234951850685,4.708375160335463,-0.07188197210507626,1.8992134175877213,mr_webots_cross_left_to_right_large_ship.wbt,ekf_on_cluster_off,1,0,5.0
1782410203.3021736,42.18290662765503,-200.0,-200.0,0.2,0.6773937730538796,4.324050588737227,1.9738785215626269,0.055032495795726506,0.8746560111852453,1782410203.3111806,None,None,None, None, 1782410203.299665,1.0546246525517036,apf_colreg,static_obstacle,1.0,2.0171372625511554,0.19453140909026662,-1.5334647971556417,-24.719395997106023,4.708375160335463,-0.07188197210507626,1.8992134175877213,mr_webots_cross_left_to_right_large_ship.wbt,ekf_on_cluster_off,1,0,5.0
1782410203.4048362,42.285569190979004,-200.0,-200.0,0.2,0.678162724541053,4.350058747711015,1.995588757968854,-0.133505374005477,0.8452327191099263,1782410203.3987932,None,None,None, None, 1782410203.385789,1.0877339833886612,apf_colreg,static_obstacle,1.0,1.9844226494468546,1.146442994405064,-1.7351603894007086,-24.935040795343856,4.851496562708105,0.013463541753337686,1.8863614057346574,mr_webots_cross_left_to_right_large_ship.wbt,ekf_on_cluster_off,1,0,5.0
1782410203.5056522,42.38638520240784,-200.0,-200.0,0.2,0.6742224874691887,4.376476805813431,2.0174254831972567,-0.13126185181150274,0.8334405383786341,1782410203.4886303,None,None,None, None, 1782410203.4756162,1.0187036284072202,apf_colreg,static_obstacle,1.0,1.9317338169337515,3.1836351673249434,-1.8227082374997454,-25.159367266407408,4.87934977879116,0.03778142851602537,1.8890835295272954,mr_webots_cross_left_to_right_large_ship.wbt,ekf_on_cluster_off,1,0,5.0
1782410203.6018074,42.48254036903381,-200.0,-200.0,0.2,0.6667218824929958,4.4032210261008515,2.0392259031806197,-0.14014052294071203,0.8229173961123183,1782410203.5637202,None,None,None, None, 1782410203.5998015,1.097311489879716,apf_colreg,static_obstacle,1.0,1.8669194906047024,8.198903853513531,-1.8223484400941747,-25.388200823804276,4.965818018387713,0.03923524210662656,1.8757167519856939,mr_webots_cross_left_to_right_large_ship.wbt,ekf_on_cluster_off,1,0,5.0
1782410203.701659,42.58239197731018,200.0,200.0,0.2,0.6557170165980297,4.265633303203221,1.9352752708509426,-0.11111837072962959,0.8144832911852549,1782410203.6396222,4.263458915076265,1.9336167197828589,0.6458539086346021, 1782410203.694658, 1782410203.6659904,0.9701499683276535,apf_colreg,crossing_from_starboard,1.0,0.975401648695833,20.055834782620334,5.25905984053883,6.97959188531058,4.965818018387713,0.03923524210662656,1.8757167519856939,mr_webots_cross_left_to_right_large_ship.wbt,ekf_on_cluster_off,1,0,5.0
1782410203.8018422,42.68257522583008,200.0,200.0,0.2,0.6434215251727395,4.27960076825567,1.94582827011148,-0.03138131307102303,0.8102937406219345,1782410203.7731268,None,None,None, None, 1782410203.7886753,0.9157353948615132,apf_colreg,crossing_from_starboard,1.0,0.6918395263586138,39.809528246009315,5.3726363393432575,6.552158475997755,4.824487910832814,-0.054940521182087886,1.8814607074080956,mr_webots_cross_left_to_right_large_ship.wbt,ekf_on_cluster_off,1,0,5.0
1782410203.9023178,42.783050775527954,200.0,200.0,0.2,0.6379984665096183,4.298299801202213,1.9594397484651946,0.08562452740538391,0.8211389729735153,1782410203.8997872,None,None,None, None, 1782410203.8812191,0.9934465264144694,apf_colreg,crossing_from_starboard,1.0,1.9489920819530937,5.478225696716105,5.613337072159647,6.225907763772959,4.820248035973558,-0.023961682151601795,1.8815590223392178,mr_webots_cross_left_to_right_large_ship.wbt,ekf_on_cluster_off,1,0,5.0
1782410204.0029082,42.88364124298096,200.0,200.0,0.2,0.6395017087323037,4.320456436967747,1.9754455032607825,0.12321705792624908,0.82893401687146,1782410203.96305,None,None,None, None, 1782410203.9473467,0.9645892579967539,apf_colreg,crossing_from_starboard,1.0,1.992705932246161,0.0,5.840110750633194,5.834658098882281,4.820670293192194,-0.026732047399004356,1.8699900854195348,mr_webots_cross_left_to_right_large_ship.wbt,ekf_on_cluster_off,1,0,5.0
1782410204.102723,42.98345589637756,-200.0,-200.0,0.2,0.6465972444397573,4.344884044242634,1.993240425772187,0.14673018439498742,0.8387050001269517,1782410204.0296414,None,None,None, None, 1782410204.076867,1.0836439483729134,apf_colreg,static_obstacle,1.0,1.9932037678309138,0.0,-0.8974073572367174,-24.958422298067,4.7504056961374275,0.009348190022653368,1.8563209965891059,mr_webots_cross_left_to_right_large_ship.wbt,ekf_on_cluster_off,1,0,5.0
1782410204.2029626,43.08369565010071,-200.0,-200.0,0.2,0.6572127488591027,4.370312912068176,2.012795357995948,0.02399366467722517,0.8428039067829425,1782410204.2004743,None,None,None, None, 1782410204.1402617,1.0146955675972382,apf_colreg,static_obstacle,1.0,1.9927512584446285,0.0,-1.3536054403362145,-25.142258924112493,4.767866996834778,0.02569812406429639,1.8539123133383149,mr_webots_cross_left_to_right_large_ship.wbt,ekf_on_cluster_off,1,0,5.0
1782410204.301932,43.1826651096344,-200.0,-200.0,0.2,0.6614906842923268,4.396320382173853,2.0334531625943786,-0.07158518444418423,0.8375120219138562,1782410204.2743986,None,None,None, None, 1782410204.2743986,0.9558435315433743,apf_colreg,static_obstacle,1.0,1.9848110042436353,0.0,-1.6324359515088016,-25.346119917245808,4.817200281262788,0.06548802929218667,1.835420589807276,mr_webots_cross_left_to_right_large_ship.wbt,ekf_on_cluster_off,1,0,5.0
1782410204.4013832,43.282116174697876,-200.0,-200.0,0.2,0.6561160757738768,4.422789384537135,2.0546124758118767,-0.14706857269328844,0.8277589685912523,1782410204.4083948,None,None,None, None, 1782410204.4083948,0.9970450448489219,apf_colreg,static_obstacle,1.0,1.9726539758908597,0.8387673956933146,-1.6716662130427968,-25.570193923832644,4.850552907735332,0.09085325291095303,1.8362929645434203,mr_webots_cross_left_to_right_large_ship.wbt,ekf_on_cluster_off,1,0,5.0
1782410204.5028715,43.383604526519775,-200.0,-200.0,0.2,0.6477658555512533,4.449758295524815,2.075774196926335,-0.14437136276352167,0.8077316647534191,1782410204.4794357,None,None,None, None, 1782410204.4794357,0.9154746838441704,apf_colreg,static_obstacle,1.0,1.9271116265471147,3.3990743154813616,-1.6318065784643074,-25.79978278898184,4.875016545536207,0.11974400561468992,1.8340200296689344,mr_webots_cross_left_to_right_large_ship.wbt,ekf_on_cluster_off,1,0,5.0
1782410204.6020203,43.48275327682495,-200.0,-200.0,0.2,0.6364553277917423,4.47712022545573,2.0967969319862103,-0.1559617389097141,0.7939184126158395,1782410204.568004,None,None,None, None, 1782410204.5574174,1.038900984161923,apf_colreg,crossing_from_starboard,1.0,1.101583966657511,43.29328142463693,2.2487837828398014,-3.9476553209016307,4.896104892330943,0.1400866092914439,1.8288224036607807,mr_webots_cross_left_to_right_large_ship.wbt,ekf_on_cluster_off,1,0,5.0
1782410204.7016191,43.58235216140747,200.0,200.0,0.2,0.6218261291688931,4.340235790923643,1.9942395835403983,-0.1484072126346766,0.775622481199432,1782410204.6912858,4.338061725488846,1.9926110879186867,0.6162621443163614, 1782410204.699617, 1782410204.6827726,1.0614176429554427,apf_colreg,crossing_from_starboard,1.0,1.3423999750916227,11.459864284553012,4.75845613423421,7.477437611697072,4.991710066763597,0.1588211975117832,1.8220814745586602,mr_webots_cross_left_to_right_large_ship.wbt,ekf_on_cluster_off,1,0,5.0
1782410204.8031344,43.68386745452881,200.0,200.0,0.2,0.6041717498550563,4.354688178600394,2.0043545227912003,-0.06028780420205794,0.7711636774735935,1782410204.7652445,None,None,None, None, 1782410204.7562423,0.9320605803732762,apf_colreg,crossing_from_starboard,1.0,0.09015861360097221,34.70049460145649,4.970676054585617,7.129768692328563,4.84253009313372,0.05619998878471818,1.8231814429351376,mr_webots_cross_left_to_right_large_ship.wbt,ekf_on_cluster_off,1,0,5.0
1782410204.9019291,43.78266215324402,200.0,200.0,0.2,0.6038059238741051,4.3740243542999915,2.017230390833557,0.1603012992423255,0.7912296982344154,1782410204.8904214,None,None,None, None, 1782410204.884906,1.0156835804063673,apf_colreg,crossing_from_starboard,1.0,1.7697831980371013,12.322065567424927,5.597349139954578,6.6103680694931874,4.790841003745979,0.054645807744070685,1.8181246376911395,mr_webots_cross_left_to_right_large_ship.wbt,ekf_on_cluster_off,1,0,5.0
1782410205.0012684,43.8820013999939,200.0,200.0,0.2,0.6126763740412983,4.396752777381232,2.03255032983633,0.17760040440504724,0.8058523843477791,1782410204.9727561,None,None,None, None, 1782410204.9847584,0.9158364172843205,apf_colreg,crossing_from_starboard,1.0,1.9219398183185086,0.5207203884361475,6.08018942142448,6.162968008732163,4.795376793244173,0.07928463578879795,1.802118093835593,mr_webots_cross_left_to_right_large_ship.wbt,ekf_on_cluster_off,1,0,5.0
1782410205.1022704,43.98300337791443,-200.0,-200.0,0.2,0.6203363534024553,4.4216395969925415,2.049791286650827,0.1262507015708017,0.8148953309294784,1782410205.1052768,None,None,None, None, 1782410205.0575364,1.0247675451185037,apf_colreg,static_obstacle,1.0,1.9174364486933186,0.2470147890660101,-0.7075622708128444,-25.566196634480185,4.774223792087003,0.1352897927082664,1.798796689873344,mr_webots_cross_left_to_right_large_ship.wbt,ekf_on_cluster_off,1,0,5.0
1782410205.2017386,44.0824716091156,-200.0,-200.0,0.2,0.6344578413327586,4.447583774089953,2.068712221444697,0.04892760370208115,0.8212465578145168,1782410205.1741917,None,None,None, None, 1782410205.184719,0.9004866233901743,apf_colreg,static_obstacle,1.0,1.9125462038038694,0.6868855265148966,-1.2224346163795712,-25.750219203765145,4.794969694372319,0.14403136551904228,1.793875885109991,mr_webots_cross_left_to_right_large_ship.wbt,ekf_on_cluster_off,1,0,5.0
1782410205.302399,44.18313193321228,-200.0,-200.0,0.2,0.64335614533754,4.4740387615889645,2.0888214026936622,-0.04176013274649665,0.8181872972200332,1782410205.2474496,None,None,None, None, 1782410205.2544472,1.092300616802618,apf_colreg,static_obstacle,1.0,1.8966068808488847,1.568739764497343,-1.6156496304826349,-25.944857779231683,4.857584399848042,0.17574969910589747,1.7894122338377738,mr_webots_cross_left_to_right_large_ship.wbt,ekf_on_cluster_off,1,0,5.0
1782410205.4016354,44.282368421554565,-200.0,-200.0,0.2,0.6348337522348622,4.500851231294247,2.109554361761646,-0.19024458052501306,0.7938032839168481,1782410205.3756216,None,None,None, None, 1782410205.3851295,1.0072854100969084,apf_colreg,static_obstacle,1.0,1.839743888504412,3.8510258452249033,-1.5615813153692497,-26.1718266015377,4.910551641372321,0.21617654900743874,1.7850369754291895,mr_webots_cross_left_to_right_large_ship.wbt,ekf_on_cluster_off,1,0,5.0
1782410205.5055203,44.386253356933594,-200.0,-200.0,0.2,0.6262492272678845,4.528282917425775,2.1301215619134686,-0.14112296823811768,0.775754446349033,1782410205.503516,None,None,None, None, 1782410205.4600978,1.0308240340732173,apf_colreg,static_obstacle,1.0,2.116723259493187,0.0,-1.4699283065007434,-26.40248491727047,4.921487177793721,0.23044207039426967,1.7699093070834642,mr_webots_cross_left_to_right_large_ship.wbt,ekf_on_cluster_off,1,0,5.0
1782410205.6025043,44.48323726654053,-200.0,-200.0,0.2,0.6180251542812215,4.556098959443446,2.1505465287010326,-0.12692204923220515,0.7658115477778944,1782410205.5818546,None,None,None, None, 1782410205.5913663,0.9672381663489765,apf_colreg,static_obstacle,1.0,2.116723259493187,0.0,-1.4158719401325992,-26.629291698144925,4.921487177793721,0.23044207039426967,1.7699093070834642,mr_webots_cross_left_to_right_large_ship.wbt,ekf_on_cluster_off,1,0,5.0
1782410205.722749,44.60348200798035,-200.0,-200.0,0.2,0.6014604340536982,4.584187910439866,2.170811285503344,-0.19895201940401808,0.7528933160835467,1782410205.7332582,None,None,None, None, 1782410205.6668434,1.028063370411585,apf_colreg,crossing_from_starboard,1.0,1.7414519619539104,10.665573952443907,2.2816896574724486,-3.870203023794236,5.0366343823126325,0.2765530964149169,1.7718569429968853,mr_webots_cross_left_to_right_large_ship.wbt,ekf_on_cluster_off,1,0,5.0
1782410205.8020718,44.68280482292175,200.0,200.0,0.2,0.5866905140030655,4.415832229446328,2.0503556681692228,-0.14079780300186825,0.7407182100424609,1782410205.803079,4.4137574951431615,2.0488782617566486,0.5826160811380321, 1782410205.701867, 1782410205.7562606,1.0321152288271416,apf_colreg,crossing_from_starboard,1.0,1.5159427088966506,5.910137129611832,4.130166643085899,8.055032816154016,5.0366343823126325,0.2765530964149169,1.7718569429968853,mr_webots_cross_left_to_right_large_ship.wbt,ekf_on_cluster_off,1,0,5.0
1782410205.9019778,44.782710790634155,200.0,200.0,0.2,0.5686555749770823,4.429132119363506,2.058970422973754,-0.0554243712436885,0.7330376017419394,1782410205.8718364,None,None,None, None, 1782410205.8871856,0.9322658441531226,apf_colreg,crossing_from_starboard,1.0,1.2623134312346636,16.384319112244892,4.607700894423676,7.632584283354671,4.849781588389735,0.15306129721659723,1.7657188135406552,mr_webots_cross_left_to_right_large_ship.wbt,ekf_on_cluster_off,1,0,5.0
1782410206.010701,44.89143395423889,200.0,200.0,0.2,0.5552968544685557,4.447707779632201,2.0704042572115147,0.03402611358316253,0.7353682783757715,1782410205.9403331,None,None,None, None, 1782410205.9560845,1.0583653430341837,apf_colreg,crossing_from_starboard,1.0,1.1922624639631523,29.86829362451176,5.028465165706482,7.246903159546287,4.850882431369432,0.16418303682345395,1.7458315420717319,mr_webots_cross_left_to_right_large_ship.wbt,ekf_on_cluster_off,1,0,5.0
1782410206.102331,44.98306393623352,200.0,200.0,0.2,0.5515370681611712,4.470343080035919,2.0839530579851004,0.10516511123837391,0.7453997612379856,1782410206.1077738,None,None,None, None, 1782410206.1107721,0.9978500450735517,apf_colreg,crossing_from_starboard,1.0,1.8369646732792193,3.8481306659703423,5.658145292241754,6.797042847905264,4.822645100651776,0.16805660669003555,1.7515329292391202,mr_webots_cross_left_to_right_large_ship.wbt,ekf_on_cluster_off,1,0,5.0
1782410206.202357,45.08309006690979,200.0,200.0,0.2,0.575817651090185,4.495732649901113,2.0991380631432213,0.32557397118034087,0.7928136038679641,1782410206.1813526,None,None,None, None, 1782410206.17835,1.0220001050493026,apf_colreg,crossing_from_starboard,1.0,1.8803476649600452,0.5044839467373673,6.338558684176814,6.228148441154689,4.791683170660583,0.1759745960785955,1.7412989299621922,mr_webots_cross_left_to_right_large_ship.wbt,ekf_on_cluster_off,1,0,5.0
1782410206.3020003,45.18273329734802,-200.0,-200.0,0.2,0.6037797464363684,4.522336827386733,2.11634212261675,0.265630368250127,0.8119569202089042,1782410206.25342,None,None,None, None, 1782410206.25342,1.0117134042104166,apf_colreg,static_obstacle,1.0,1.886241464223971,0.1750642725384208,-0.795284889153812,-26.28263069186277,4.834133147636909,0.22220926295553411,1.7250388639117678,mr_webots_cross_left_to_right_large_ship.wbt,ekf_on_cluster_off,1,0,5.0
1782410206.4029026,45.28363561630249,-200.0,-200.0,0.2,0.6285591426884288,4.5491283768432655,2.1355452543422166,0.07922528629362457,0.8195963362453113,1782410206.3498466,None,None,None, None, 1782410206.4204085,1.008026379687086,apf_colreg,static_obstacle,1.0,1.8783895506132315,0.7229591820786584,-1.5978013434994183,-26.456490738794244,4.854901280256605,0.26489558589542095,1.7159487285919617,mr_webots_cross_left_to_right_large_ship.wbt,ekf_on_cluster_off,1,0,5.0
1782410206.5072975,45.38803052902222,-200.0,-200.0,0.2,0.6464478196447946,4.575974132866121,2.1559415557314643,-0.004867834800974045,0.8192260339070431,1782410206.513297,None,None,None, None, 1782410206.5072975,1.0126872780809522,apf_colreg,static_obstacle,1.0,1.857773020284711,1.8036054305576903,-2.23726910854215,-26.631757603112316,4.933601292209175,0.2991789535264006,1.726245679368261,mr_webots_cross_left_to_right_large_ship.wbt,ekf_on_cluster_off,1,0,5.0
1782410206.6019857,45.48271870613098,-200.0,-200.0,0.2,0.6492290463107494,4.602832778837368,2.1770385536524532,-0.1240484312992828,0.7986238932302215,1782410206.5919993,None,None,None, None, 1782410206.5774722,0.9689470647364592,apf_colreg,static_obstacle,1.0,1.8107496985160327,4.349923505784017,-2.4851556298669837,-26.839888302538814,4.9889596830868,0.3334077795150779,1.714455867738607,mr_webots_cross_left_to_right_large_ship.wbt,ekf_on_cluster_off,1,0,5.0
1782410206.701931,45.582664012908936,-200.0,-200.0,0.2,0.6455896203499184,4.629967848687144,2.198221543507711,-0.13601335161092779,0.7878154744448096,1782410206.6714652,None,None,None, None, 1782410206.6524382,0.914754984963193,apf_colreg,static_obstacle,1.0,1.713907131017976,9.718777890060451,-2.569439697536097,-27.05973995877982,5.0552798140619215,0.35342378944486363,1.7094477097366032,mr_webots_cross_left_to_right_large_ship.wbt,ekf_on_cluster_off,1,0,5.0
1782410206.8025043,45.68323731422424,200.0,200.0,0.2,0.6188134629264415,4.492966223365672,2.10330945620592,-0.1558123189995282,0.776961299162751,1782410206.8055084,4.490848418438332,2.1018153224506344,0.585117517893142, 1782410206.705951, 1782410206.786601,1.0805910518571051,apf_colreg,crossing_from_starboard,1.0,1.4878189842988514,6.779519755949428,4.503637181614597,7.929322079177604,5.108616525842699,0.37324345088962757,1.6996550046604844,mr_webots_cross_left_to_right_large_ship.wbt,ekf_on_cluster_off,1,0,5.0
1782410206.9016309,45.78236389160156,200.0,200.0,0.2,0.6033519541689458,4.507817006133157,2.1136770595117302,-0.05795218338231385,0.7693102034033696,1782410206.8731513,None,None,None, None, 1782410206.8650913,0.9488133951707342,apf_colreg,crossing_from_starboard,1.0,1.3513536965615196,16.58904372562381,4.769510800216667,7.5982423353769395,4.935469581529172,0.2716549587574451,1.6958869058771198,mr_webots_cross_left_to_right_large_ship.wbt,ekf_on_cluster_off,1,0,5.0
1782410207.001586,45.88231897354126,200.0,200.0,0.2,0.5950296677294379,4.527460039936891,2.1267643710471362,0.07124563513871243,0.7781079090077783,1782410206.9966354,None,None,None, None, 1782410206.9966354,1.0124868057406036,apf_colreg,crossing_from_starboard,1.0,0.9072643478782699,42.895688243106726,5.142197368146218,7.253694598408025,4.91459060612955,0.2803342955655498,1.6900082679058095,mr_webots_cross_left_to_right_large_ship.wbt,ekf_on_cluster_off,1,0,5.0
1782410207.1017215,45.98245453834534,200.0,200.0,0.2,0.5949309818791791,4.550586210396334,2.1419582731492492,0.12017307214553052,0.7872874462784238,1782410207.0730214,None,None,None, None, 1782410207.0730214,1.0583715705146812,apf_colreg,crossing_from_starboard,1.0,1.7753247565898067,5.0271676986286895,5.822470331828319,6.819230392578996,4.8763468748950025,0.29428693469557715,1.6799539361181686,mr_webots_cross_left_to_right_large_ship.wbt,ekf_on_cluster_off,1,0,5.0
1782410207.2012947,46.08202767372131,-200.0,-200.0,0.2,0.6024057014930528,4.575981568831868,2.158748319599341,0.15723475162908396,0.7976392959094604,1782410207.203454,None,None,None, None, 1782410207.2054517,0.9857422585919052,apf_colreg,static_obstacle,1.0,1.794887020165125,2.3819731102652977,-1.0742204932723447,-26.735769081585865,4.870279018914205,0.32395100072993954,1.685755984989624,mr_webots_cross_left_to_right_large_ship.wbt,ekf_on_cluster_off,1,0,5.0
1782410207.301515,46.18224811553955,-200.0,-200.0,0.2,0.6163113061301227,4.602362875657264,2.1772393691308114,0.05372976852497617,0.8045725853915958,1782410207.2678983,None,None,None, None, 1782410207.272911,1.0774549589434756,apf_colreg,static_obstacle,1.0,1.8031828302419364,1.7513081301172362,-1.5923826935794305,-26.914338023483495,4.882454358190202,0.33947233504690155,1.6689119460179507,mr_webots_cross_left_to_right_large_ship.wbt,ekf_on_cluster_off,1,0,5.0
1782410207.4111116,46.291844606399536,-200.0,-200.0,0.2,0.6257155946546825,4.629235473525573,2.196896378465781,-0.03527072126478373,0.8022929030150787,1782410207.4251282,None,None,None, None, 1782410207.3385317,1.0085281770166694,apf_colreg,static_obstacle,1.0,1.8021376930005688,3.0262785578265885,-2.0006779456128028,-27.102433944229116,4.971525075742596,0.39444530812495476,1.66121903331733,mr_webots_cross_left_to_right_large_ship.wbt,ekf_on_cluster_off,1,0,5.0
1782410207.5019872,46.38272023200989,-200.0,-200.0,0.2,0.6183157218843427,4.6564376490531165,2.2171794735295913,-0.18129381164391234,0.7746104713400085,1782410207.485226,None,None,None, None, 1782410207.485226,1.0436695942394334,apf_colreg,static_obstacle,1.0,1.8108530042931754,2.5270603158726623,-1.962489972432219,-27.330429728583596,4.971525075742596,0.39444530812495476,1.66121903331733,mr_webots_cross_left_to_right_large_ship.wbt,ekf_on_cluster_off,1,0,5.0
1782410207.6016846,46.482417583465576,-200.0,-200.0,0.2,0.6049854092665411,4.684214265736313,2.237315465662907,-0.18635293519224105,0.7574750636009743,1782410207.5771773,None,None,None, None, 1782410207.5711868,0.9299038221284766,apf_colreg,static_obstacle,1.0,1.7772055431080902,4.422163243829784,-1.755881200408332,-27.566183572470727,5.012216850093122,0.4185509014045641,1.6652844177888841,mr_webots_cross_left_to_right_large_ship.wbt,ekf_on_cluster_off,1,0,5.0
1782410207.7016532,46.58238625526428,-200.0,-200.0,0.2,0.5939223472980405,4.712499598759099,2.257105754481921,-0.1397171616550528,0.7467695873221024,1782410207.6537998,None,None,None, None, 1782410207.7001302,1.011577504329357,apf_colreg,static_obstacle,1.0,1.750137881332467,6.8248442737304575,-1.6079206618471158,-27.79244712469309,5.040051783325659,0.42135443847883897,1.6472292985629327,mr_webots_cross_left_to_right_large_ship.wbt,ekf_on_cluster_off,1,0,5.0
1782410207.8023643,46.68309736251831,200.0,200.0,0.2,0.5721282105266677,4.570946149935199,2.1552578034671854,-0.12128689079975542,0.7378669535366784,1782410207.7272012,4.568699331885404,2.1536548458716744,0.5475547602632203, 1782410207.709179, 1782410207.7903638,0.9959539126863177,apf_colreg,crossing_from_starboard,1.0,1.213516475151795,9.967926308612018,4.7773980603536765,8.168056499850316,5.0798214456329776,0.4590275216757078,1.645288027471529,mr_webots_cross_left_to_right_large_ship.wbt,ekf_on_cluster_off,1,0,5.0
1782410207.9021587,46.78289175033569,200.0,200.0,0.2,0.558624368422242,4.5856084190900175,2.164487593550231,-0.025194980744615028,0.7339541514692921,1782410207.882502,None,None,None, None, 1782410207.8691287,0.9811774956332533,apf_colreg,crossing_from_starboard,1.0,0.2769550158598475,28.724829820060954,5.214298621609405,7.801926513996788,4.918818646569333,0.35770253415684516,1.6445337226671597,mr_webots_cross_left_to_right_large_ship.wbt,ekf_on_cluster_off,1,0,5.0
1782410208.0015335,46.88226652145386,200.0,200.0,0.2,0.5493793899952268,4.605284150263898,2.176383882623536,0.05392347006184652,0.7373963768043439,1782410207.9463375,None,None,None, None, 1782410208.0015335,0.9894607101055739,apf_colreg,crossing_from_starboard,1.0,1.4304602056003428,15.31437421463421,5.758947694334196,7.4196369397193696,4.906350173391305,0.3704262330909949,1.637713920347205,mr_webots_cross_left_to_right_large_ship.wbt,ekf_on_cluster_off,1,0,5.0
1782410208.1016073,46.98234033584595,200.0,200.0,0.2,0.551851402644763,4.628710599319826,2.1902791750790507,0.14658588307680864,0.7579539237912951,1782410208.0865798,4.5988001517795185,2.172782202528521,0.5443400813190991, 1782410208.1057396, 1782410208.0725307,0.9194973310236826,apf_colreg,crossing_from_starboard,1.0,1.726027084649786,3.0754290925782652,6.276112865070825,6.839358220336333,4.8883746126989704,0.382944507794264,1.6257316097423429,mr_webots_cross_left_to_right_large_ship.wbt,ekf_on_cluster_off,1,0,5.0
1782410208.2014444,47.08217740058899,-200.0,-200.0,0.2,0.560640627054174,4.654547504120431,2.205837589849193,0.16151592751445865,0.7709262092970354,1782410208.1668956,None,None,None, None, 1782410208.1492982,1.0119522242402728,apf_colreg,static_obstacle,1.0,1.7684887725691536,0.6791715695693189,-0.29101485070217903,-27.279637218085497,4.87528418844085,0.39925855295897605,1.633466251220071,mr_webots_cross_left_to_right_large_ship.wbt,ekf_on_cluster_off,1,0,5.0
1782410208.30225,47.18298292160034,-200.0,-200.0,0.2,0.5782828779798274,4.681516834539406,2.2231333144507373,0.08198633501110669,0.7775353067070646,1782410208.2475078,None,None,None, None, 1782410208.3077588,0.9407117022306126,apf_colreg,static_obstacle,1.0,1.77462324635076,0.48391361886514045,-0.9008675954360248,-27.459686290101953,4.875557123573254,0.4273448676029481,1.6169172887636782,mr_webots_cross_left_to_right_large_ship.wbt,ekf_on_cluster_off,1,0,5.0
1782410208.4037008,47.28443384170532,-200.0,-200.0,0.2,0.5841427948711295,4.708998699909342,2.2417344615277965,-0.07854211872363401,0.7655077358186132,1782410208.400643,None,None,None, None, 1782410208.3776133,1.05839344381323,apf_colreg,static_obstacle,1.0,1.774513106287873,0.6722357017188846,-1.201861552855733,-27.654369887151407,4.9419477057509695,0.4559354062402113,1.6083638364805226,mr_webots_cross_left_to_right_large_ship.wbt,ekf_on_cluster_off,1,0,5.0
1782410208.503078,47.38381099700928,-200.0,-200.0,0.2,0.5813105204933,4.736985840503528,2.260806827155603,-0.1334559487681158,0.7524389099181955,1782410208.4985693,None,None,None, None, 1782410208.450847,0.9073979524585791,apf_colreg,static_obstacle,1.0,1.7734134515422995,1.0437546950511574,-1.2684869200185438,-27.862671353196312,4.989194731231914,0.46917817012488977,1.6076687866420782,mr_webots_cross_left_to_right_large_ship.wbt,ekf_on_cluster_off,1,0,5.0
1782410208.6021893,47.482922315597534,-200.0,-200.0,0.2,0.5757002205203872,4.7654294317642645,2.2799208641014266,-0.1291128675475669,0.7416158862826211,1782410208.5823953,None,None,None, None, 1782410208.5979111,0.9374165181080492,apf_colreg,static_obstacle,1.0,1.77531150114809,2.114175723907026,-1.25490029092931,-28.075155454933743,5.031126103492698,0.491957425354865,1.6024355636676437,mr_webots_cross_left_to_right_large_ship.wbt,ekf_on_cluster_off,1,0,5.0
1782410208.7019553,47.582688331604004,-200.0,-200.0,0.2,0.5546537465349343,4.794206562815521,2.2989519904551874,-0.2513018877744395,0.7241393284692059,1782410208.6519394,None,None,None, None, 1782410208.6739514,0.9562342759496933,apf_colreg,static_obstacle,1.0,1.7498837741630944,3.5492012660674606,-0.8021443121792475,-28.303460820314825,5.0694890046336605,0.5174952733309438,1.603426211632405,mr_webots_cross_left_to_right_large_ship.wbt,ekf_on_cluster_off,1,0,5.0
1782410208.8026035,47.68333649635315,200.0,200.0,0.2,0.532073929691899,4.65089353107747,2.205231781045334,-0.14851585304308268,0.7095156846666055,1782410208.7504046,4.648612653483355,2.203752100253953,0.5166099787160414, 1782410208.717213, 1782410208.7554066,0.9803451920297173,apf_colreg,crossing_from_starboard,1.0,0.8156867585425847,14.714201176455264,5.322263143740331,8.027317376131263,5.07479099556874,0.5409960180528273,1.587678949757558,mr_webots_cross_left_to_right_large_ship.wbt,ekf_on_cluster_off,1,0,5.0
1782410208.9024186,47.783151626586914,200.0,200.0,0.2,0.5143485728532524,4.66619763195245,2.2139771880478105,-0.04037196574031853,0.7037823281246564,1782410208.892418,None,None,None, None, 1782410208.8954198,0.9151133638530438,apf_colreg,crossing_from_starboard,1.0,0.981883293547323,22.65384662511056,5.75227438499152,7.693733122150622,4.9076942503742265,0.4455959106222877,1.581638357142994,mr_webots_cross_left_to_right_large_ship.wbt,ekf_on_cluster_off,1,0,5.0
1782410209.0020773,47.88281035423279,200.0,200.0,0.2,0.5034985296691484,4.6866064932314755,2.2250610717150625,0.057674630955680053,0.7079707649284356,1782410208.9650397,None,None,None, None, 1782410208.973463,0.9312659650718542,apf_colreg,crossing_from_starboard,1.0,1.598551087112773,5.885399558438803,6.399875679348494,7.285832161627011,4.86566368425761,0.45545392138948704,1.575495869787054,mr_webots_cross_left_to_right_large_ship.wbt,ekf_on_cluster_off,1,0,5.0
1782410209.1063364,47.98706936836243,200.0,200.0,0.2,0.5009405496106573,4.710800697701295,2.237921399513369,0.10734619408763131,0.716696016398563,1782410209.0463212,None,None,None, None, 1782410209.0523221,1.0317478824585893,apf_colreg,crossing_from_starboard,1.0,1.7120198061047254,1.234024827703337,6.95296742367693,6.877470713081614,4.850791303163931,0.46806399839574964,1.581380243443669,mr_webots_cross_left_to_right_large_ship.wbt,ekf_on_cluster_off,1,0,5.0
1782410209.20349,48.08422303199768,-200.0,-200.0,0.2,0.5038439617729823,4.737517328724744,2.252138446087503,0.12492651825932824,0.725067869249309,1782410209.20349,None,None,None, None, 1782410209.123844,1.042761866443026,apf_colreg,static_obstacle,1.0,1.7369549675674618,0.03351029204839134,0.9583388033081657,-27.787878749276018,4.844481912302818,0.4779022476192207,1.5703903432594468,mr_webots_cross_left_to_right_large_ship.wbt,ekf_on_cluster_off,1,0,5.0
1782410209.301698,48.18243098258972,-200.0,-200.0,0.2,0.516264548640727,4.765522051507315,2.2678346078751237,0.05571456196127012,0.7342912419366621,1782410209.2788823,None,None,None, None, 1782410209.2365236,1.0436237994864808,apf_colreg,static_obstacle,1.0,1.7520172213282736,0.0,0.5041692101386881,-27.97374500408384,4.844481912302818,0.4779022476192207,1.5703903432594468,mr_webots_cross_left_to_right_large_ship.wbt,ekf_on_cluster_off,1,0,5.0
1782410209.4068892,48.28762221336365,-200.0,-200.0,0.2,0.5237870280798881,4.794183194778226,2.2846491345473323,-0.04463789221298362,0.73058811922003,1782410209.3618414,None,None,None, None, 1782410209.3282206,0.9354727851917002,apf_colreg,static_obstacle,1.0,1.746266476827852,0.0,0.18217731799406778,-28.168215982871786,4.912335622839051,0.5379429032294417,1.5598732105718507,mr_webots_cross_left_to_right_large_ship.wbt,ekf_on_cluster_off,1,0,5.0
1782410209.5016034,48.382336378097534,-200.0,-200.0,0.2,0.5239680718321883,4.823292559209216,2.3020149717055034,-0.1072998478061512,0.722584601452709,1782410209.5076585,None,None,None, None, 1782410209.4926033,1.0167057387637388,apf_colreg,static_obstacle,1.0,1.7430336685850536,0.2937985618779251,0.05855266592014097,-28.363428691290462,4.952217433828259,0.562331957923871,1.5583321906643552,mr_webots_cross_left_to_right_large_ship.wbt,ekf_on_cluster_off,1,0,5.0
1782410209.6019912,48.4827241897583,-200.0,-200.0,0.2,0.5200793735218071,4.852779120236754,2.319507784811182,-0.1223157804793115,0.7025182768872961,1782410209.600485,None,None,None, None, 1782410209.5768628,0.9287256705263667,apf_colreg,static_obstacle,1.0,1.7626711771046244,0.08731656986488572,0.046282209562949816,-28.5597374083783,4.952217433828259,0.562331957923871,1.5583321906643552,mr_webots_cross_left_to_right_large_ship.wbt,ekf_on_cluster_off,1,0,5.0
1782410209.7052517,48.58598470687866,-200.0,-200.0,0.2,0.5139084589881344,4.88256209389901,2.3369396112626837,-0.12667367974145521,0.6922283417518383,1782410209.681717,None,None,None, None, 1782410209.674209,0.934916793051045,apf_colreg,static_obstacle,1.0,1.7251972047068895,1.5358517775155875,0.10629345648521604,-28.752264255081673,5.055765924276079,0.6051633786508451,1.5365012912037668,mr_webots_cross_left_to_right_large_ship.wbt,ekf_on_cluster_off,1,0,5.0
1782410209.813144,48.69387698173523,200.0,200.0,0.2,0.5017101474843818,4.731645723150036,2.2524625654500015,-0.12729336183739096,0.6797875162757091,1782410209.7794504,4.729256047638866,2.251118727856012,0.4923871200543415, 1782410209.717252, 1782410209.7654305,1.0775665029562638,apf_colreg,crossing_from_starboard,1.0,0.609730942098081,18.81085090087881,6.796863453129104,7.5002639630689565,5.055765924276079,0.6051633786508451,1.5365012912037668,mr_webots_cross_left_to_right_large_ship.wbt,ekf_on_cluster_off,1,0,5.0
1782410209.9025793,48.78331232070923,200.0,200.0,0.2,0.4802747020036757,4.747026747696078,2.2607181321484555,-0.12634165128267208,0.6687990894283318,1782410209.8664243,None,None,None, None, 1782410209.8499126,0.9030152744166215,apf_colreg,crossing_from_starboard,1.0,1.168807125668326,13.27461940041136,6.829837499069902,7.463633970875499,4.891441045650484,0.545840823824814,1.5380330212030324,mr_webots_cross_left_to_right_large_ship.wbt,ekf_on_cluster_off,1,0,5.0
1782410210.0014684,48.88220143318176,200.0,200.0,0.2,0.4663103074662287,4.767693985319911,2.271009384656953,0.04096056814365868,0.6723351150372835,1782410209.9527519,None,None,None, None, 1782410210.004341,1.086134431087824,apf_colreg,crossing_from_starboard,1.0,1.6089679587210917,3.779325851550148,7.22335433672612,7.198447055760816,4.891441045650484,0.545840823824814,1.5380330212030324,mr_webots_cross_left_to_right_large_ship.wbt,ekf_on_cluster_off,1,0,5.0
1782410210.1040812,48.984814167022705,200.0,200.0,0.2,0.46023254303165095,4.792275728963746,2.2828815964337323,0.08697269284475814,0.681572297543885,1782410210.0589597,None,None,None, None, 1782410210.0887637,0.9888046699455252,apf_colreg,crossing_from_starboard,1.0,1.6873260340142016,0.791117115065873,7.596735152958462,6.846869165955059,4.8787486011921875,0.5503599373372776,1.5251714655905844,mr_webots_cross_left_to_right_large_ship.wbt,ekf_on_cluster_off,1,0,5.0
1782410210.2016094,49.08234238624573,-200.0,-200.0,0.2,0.4579017225232841,4.819506100249285,2.2959255604641253,0.09031149249325052,0.6881580129500646,1782410210.2126179,None,None,None, None, 1782410210.1770697,1.0905511419007161,apf_colreg,static_obstacle,1.0,1.699305606016309,0.11010403199783309,1.979033509044549,-28.233529929050853,4.862539232118391,0.5800916297606066,1.5131070403763263,mr_webots_cross_left_to_right_large_ship.wbt,ekf_on_cluster_off,1,0,5.0
1782410210.310658,49.19139099121094,-200.0,-200.0,0.2,0.49809200521173225,4.848192007482235,2.310233137603622,0.3231946581992727,0.7142514316199269,1782410210.3136604,None,None,None, None, 1782410210.253226,1.0539176272819804,apf_colreg,static_obstacle,1.0,1.7047871260866292,0.0286745737075564,0.7489110165376316,-28.452227907226654,4.867363904939615,0.5982501228148148,1.5244067037328914,mr_webots_cross_left_to_right_large_ship.wbt,ekf_on_cluster_off,1,0,5.0
1782410210.4022882,49.283021211624146,-200.0,-200.0,0.2,0.510093005691677,4.876968058878547,2.326786482485958,-0.08000016238179308,0.7000787916161793,1782410210.3897755,None,None,None, None, 1782410210.3488638,0.959423101075084,apf_colreg,static_obstacle,1.0,1.7090748740450852,0.0686258560549507,0.2952366298008302,-28.64701046710139,4.93590653143407,0.6150879199674758,1.5039885423017985,mr_webots_cross_left_to_right_large_ship.wbt,ekf_on_cluster_off,1,0,5.0
1782410210.5068805,49.38761353492737,-200.0,-200.0,0.2,0.5134693768456023,4.9062283442285555,2.343848280553858,-0.10756760783404282,0.6921593991589055,1782410210.463398,None,None,None, None, 1782410210.4953656,0.9338931450956383,apf_colreg,static_obstacle,1.0,1.7016722638524946,0.6095224549313168,0.08686251432973258,-28.839880151465817,4.997682781833675,0.6502426469459022,1.5015532078856124,mr_webots_cross_left_to_right_large_ship.wbt,ekf_on_cluster_off,1,0,5.0
1782410210.603378,49.484111070632935,-200.0,-200.0,0.2,0.5069297826706339,4.9358481486959525,2.3610800190636003,-0.1607798323647115,0.6787121797934581,1782410210.621103,None,None,None, None, 1782410210.5670402,0.933775546591311,apf_colreg,static_obstacle,1.0,1.6727882288518485,2.155253107570471,0.1593199475361915,-29.03142322122519,5.052108176773654,0.6717639018176768,1.5052751280316976,mr_webots_cross_left_to_right_large_ship.wbt,ekf_on_cluster_off,1,0,5.0
1782410210.7016907,49.5824236869812,-200.0,-200.0,0.2,0.49785721410664097,4.9658590819626625,2.3780991340940503,-0.14834995911754234,0.6572520167736069,1782410210.6916945,None,None,None, None, 1782410210.653136,0.95778046401072,apf_colreg,static_obstacle,1.0,1.576711515736765,6.132226167801657,0.3054921624022975,-29.21743373270719,5.101548383293651,0.6852476303944536,1.4924403824711272,mr_webots_cross_left_to_right_large_ship.wbt,ekf_on_cluster_off,1,0,5.0
1782410210.8018727,49.6826057434082,200.0,200.0,0.2,0.474609179542541,4.8143743279462745,2.297715315292849,-0.13632174352275025,0.6446197032622932,1782410210.78436,4.811973320595648,2.296432414134559,0.4479216518302662, 1782410210.721506, 1782410210.7375958,1.0906514049868774,apf_colreg,crossing_from_starboard,1.0,1.1044164322439347,8.990592877502667,6.016381173959863,8.4078306507339,5.136599491837341,0.7079717871282736,1.4903970828548232,mr_webots_cross_left_to_right_large_ship.wbt,ekf_on_cluster_off,1,0,5.0
1782410210.901921,49.78265404701233,200.0,200.0,0.2,0.4593092745121233,4.83010745367171,2.3055981983350886,-0.046980905830251614,0.6401773163456345,1782410210.8789172,None,None,None, None, 1782410210.887943,0.967028899169273,apf_colreg,crossing_from_starboard,1.0,0.8807603731035187,13.801006887073676,6.042468051942888,8.352141073628097,5.136599491837341,0.7079717871282736,1.4903970828548232,mr_webots_cross_left_to_right_large_ship.wbt,ekf_on_cluster_off,1,0,5.0
1782410211.0021024,49.882835388183594,200.0,200.0,0.2,0.4492384144379332,4.851061253635913,2.3155578096541873,0.05338955451987631,0.6439787742561802,1782410210.9501195,None,None,None, None, 1782410210.9631228,0.9542120997795744,apf_colreg,crossing_from_starboard,1.0,0.7128936732263681,24.694172176679764,6.596087630527147,8.007286036178263,4.925964455541378,0.641454432549767,1.4749789298655815,mr_webots_cross_left_to_right_large_ship.wbt,ekf_on_cluster_off,1,0,5.0
1782410211.1035674,49.98430037498474,200.0,200.0,0.2,0.44566673027098225,4.875895561030214,2.3270913653809915,0.09360401799954504,0.6526608215132305,1782410211.0428724,None,None,None, None, 1782410211.066893,0.9790574185599031,apf_colreg,crossing_from_starboard,1.0,1.5194650179816862,5.899257376418664,7.320587673008739,7.522786778623139,4.913595661238441,0.6580049429332733,1.4649716397829757,mr_webots_cross_left_to_right_large_ship.wbt,ekf_on_cluster_off,1,0,5.0
1782410211.2020407,50.08277368545532,-200.0,-200.0,0.2,0.4385550052481972,4.903348868981951,2.339796946902733,0.035968479282417795,0.6582599120211482,1782410211.198539,None,None,None, None, 1782410211.2080448,0.9819563253281408,apf_colreg,static_obstacle,1.0,1.641746201389047,1.5078550311662895,2.286532297487233,-28.71170459183244,4.897793438172454,0.6798748251287247,1.4615032571525655,mr_webots_cross_left_to_right_large_ship.wbt,ekf_on_cluster_off,1,0,5.0
1782410211.3012476,50.1819806098938,-200.0,-200.0,0.2,0.450516268660141,4.9323573118484365,2.3535174635789478,0.08159666486700914,0.6637202280850798,1782410211.2654574,None,None,None, None, 1782410211.2827363,1.0306603332520166,apf_colreg,static_obstacle,1.0,1.6284187004290758,0.8375030564066924,1.8604638686933601,-28.90040353864947,4.894166248837627,0.7040155099139724,1.450483960759169,mr_webots_cross_left_to_right_large_ship.wbt,ekf_on_cluster_off,1,0,5.0
1782410211.4023902,50.283123254776,-200.0,-200.0,0.2,0.4561058969835421,4.962069789660663,2.3683812697306426,-0.05436484569350223,0.6597741111186297,1782410211.4083982,None,None,None, None, 1782410211.3612642,1.0758651762653895,apf_colreg,static_obstacle,1.0,1.6493880736444528,0.5000114692377453,1.6048487256123958,-29.083502630570816,4.977394078066333,0.7335811185844701,1.4516455910306465,mr_webots_cross_left_to_right_large_ship.wbt,ekf_on_cluster_off,1,0,5.0
1782410211.5024462,50.38317918777466,-200.0,-200.0,0.2,0.45234136961948535,4.992298678560976,2.3837102649223523,-0.13527069590385934,0.638820992822868,1782410211.492941,None,None,None, None, 1782410211.5044508,1.0668251026509925,apf_colreg,static_obstacle,1.0,1.6482153523952965,0.7892070548146826,1.622211586774083,-29.25752987220412,4.977394078066333,0.7335811185844701,1.4516455910306465,mr_webots_cross_left_to_right_large_ship.wbt,ekf_on_cluster_off,1,0,5.0
1782410211.6040986,50.48483157157898,-200.0,-200.0,0.2,0.4519704255846816,5.022984899691161,2.398997785948296,-0.07885295907927431,0.6321469703089774,1782410211.5775797,None,None,None, None, 1782410211.618609,0.9142649053246347,apf_colreg,static_obstacle,1.0,1.6375945356687984,1.5088437517632618,1.5405318495051008,-29.43408159182517,5.074314164947949,0.771013874779551,1.4457825403846687,mr_webots_cross_left_to_right_large_ship.wbt,ekf_on_cluster_off,1,0,5.0
1782410211.7079117,50.5886447429657,-200.0,-200.0,0.2,0.42309047904328095,5.053870071877592,2.4143894528378373,-0.3338326390296034,0.6050483149395981,1782410211.658754,None,None,None, None, 1782410211.7104247,0.936185650864326,apf_colreg,static_obstacle,1.0,1.589739070407737,2.8902456467047526,2.2998587290229393,-29.559541088821938,5.074314164947949,0.771013874779551,1.4457825403846687,mr_webots_cross_left_to_right_large_ship.wbt,ekf_on_cluster_off,1,0,5.0
1782410211.8025277,50.683260679244995,200.0,200.0,0.2,0.4082256261015383,4.898848568905385,2.339673562715373,-0.12375244724376659,0.5955199196277076,1782410211.8095334,4.8963842900606425,2.3384989133737157,0.40615707161603876, 1782410211.731749, 1782410211.7835302,1.0173435972063547,apf_colreg,crossing_from_starboard,1.0,0.5366616676404614,14.716950479014665,6.6731951051105955,8.557293684969508,5.085465998986926,0.7805519781924625,1.4422245590213594,mr_webots_cross_left_to_right_large_ship.wbt,ekf_on_cluster_off,1,0,5.0
1782410211.902766,50.783499002456665,200.0,200.0,0.2,0.39235955363203656,4.915031742031352,2.3464217516711305,-0.01716476427124796,0.5926704028692064,1782410211.9017594,None,None,None, None, 1782410211.8750386,1.0734400297155944,apf_colreg,crossing_from_starboard,1.0,1.0829467403741608,16.325845754811084,7.069464174789019,8.262068023499152,4.924342199022064,0.7117927305973452,1.4307013890856828,mr_webots_cross_left_to_right_large_ship.wbt,ekf_on_cluster_off,1,0,5.0
1782410212.0016706,50.88240361213684,200.0,200.0,0.2,0.38268460169850843,4.936560304830102,2.354929396552245,0.06133162821289875,0.5976008948878369,1782410211.98215,None,None,None, None, 1782410211.9609692,0.9078431132296102,apf_colreg,crossing_from_starboard,1.0,1.5365329220916244,5.140295879478911,7.595965558063639,7.915821442540242,4.914579450786884,0.7241457194932422,1.430460680056152,mr_webots_cross_left_to_right_large_ship.wbt,ekf_on_cluster_off,1,0,5.0
1782410212.1033561,50.98408913612366,200.0,200.0,0.2,0.38352565815888245,4.962070502255031,2.364774884208946,0.1341664023553511,0.6070252255899368,1782410212.0523937,None,None,None, None, 1782410212.1033561,1.0658060037094688,apf_colreg,crossing_from_starboard,1.0,1.574220542949906,1.660322821149357,8.090715386617582,7.541179954109841,4.903269434710489,0.7389861551251297,1.4325956877672412,mr_webots_cross_left_to_right_large_ship.wbt,ekf_on_cluster_off,1,0,5.0
1782410212.201939,51.082672119140625,-200.0,-200.0,0.2,0.3875236441286428,4.990220441561204,2.3757907927291866,0.12338039350465109,0.6164232238367114,1782410212.1285646,None,None,None, None, 1782410212.191927,0.9502417926948484,apf_colreg,static_obstacle,1.0,1.607376684138453,0.3171892489096979,3.5704444742839994,-29.004543566780114,4.894780036634029,0.7601208056851214,1.4136082807301584,mr_webots_cross_left_to_right_large_ship.wbt,ekf_on_cluster_off,1,0,5.0
1782410212.3019044,51.182637453079224,-200.0,-200.0,0.2,0.4035459423394724,5.019829107497966,2.388142513500586,0.08265021140571685,0.6286616230556876,1782410212.2766392,None,None,None, None, 1782410212.264503,1.030440770708439,apf_colreg,static_obstacle,1.0,1.6061118499178095,0.15872302443863687,3.0413671698476965,-29.209494222212378,4.905189574469862,0.7917124459815469,1.4148085930241203,mr_webots_cross_left_to_right_large_ship.wbt,ekf_on_cluster_off,1,0,5.0
1782410212.4064875,51.28722047805786,-200.0,-200.0,0.2,0.41627012014673753,5.050167856158538,2.4016652490302013,-0.009670171534101575,0.627799340978788,1782410212.3658085,None,None,None, None, 1782410212.3305907,0.9427578274662296,apf_colreg,static_obstacle,1.0,1.6122707487563361,0.03612206973528815,2.590642072367415,-29.406263748841837,4.960710365207258,0.7993552155566602,1.4079764043576115,mr_webots_cross_left_to_right_large_ship.wbt,ekf_on_cluster_off,1,0,5.0
1782410212.5018365,51.382569551467896,-200.0,-200.0,0.2,0.41434801935627236,5.080932235553723,2.4158702410809862,-0.1428461304461161,0.6098712712980328,1782410212.4913146,None,None,None, None, 1782410212.4796326,1.0679015513429673,apf_colreg,static_obstacle,1.0,1.6106127555657674,0.36387076454040085,2.5740268769699455,-29.57189068813465,5.025158860015552,0.8294612680393838,1.4138650160516208,mr_webots_cross_left_to_right_large_ship.wbt,ekf_on_cluster_off,1,0,5.0
1782410212.6019256,51.48265862464905,-200.0,-200.0,0.2,0.40677875801326124,5.112154380651163,2.4300214438627155,-0.15274219021221516,0.5964115227406116,1782410212.5794353,None,None,None, None, 1782410212.5693297,1.0618926431569815,apf_colreg,static_obstacle,1.0,1.6062515928581558,0.9071693514076294,2.7165173187288683,-29.71965403622755,5.057540252177545,0.838817247730718,1.3797846417550872,mr_webots_cross_left_to_right_large_ship.wbt,ekf_on_cluster_off,1,0,5.0
1782410212.705367,51.58610010147095,-200.0,-200.0,0.2,0.39490679469399403,5.143733974817426,2.443929726066208,-0.1664301276886741,0.5828508312485948,1782410212.6609151,None,None,None, None, 1782410212.6477573,0.954320545859713,apf_colreg,static_obstacle,1.0,1.5753595819667379,2.581557397845035,2.9975696537597676,-29.850946807061874,5.104540777663446,0.8671287031472528,1.382668278711483,mr_webots_cross_left_to_right_large_ship.wbt,ekf_on_cluster_off,1,0,5.0
1782410212.801471,51.68220400810242,200.0,200.0,0.2,0.3767049903361642,4.985682475895695,2.3784291734685703,-0.16730006975286146,0.5598632978701674,1782410212.7983181,4.98317390017507,2.377385649421149,0.3684594232220171, 1782410212.731909, 1782410212.7827866,0.9891526574138161,apf_colreg,crossing_from_starboard,1.0,0.5517800817132503,14.650044417122455,7.198344542972599,8.7247012235311,5.122323753859848,0.8744519786007672,1.3835138062692645,mr_webots_cross_left_to_right_large_ship.wbt,ekf_on_cluster_off,1,0,5.0
1782410212.9016426,51.78237557411194,200.0,200.0,0.2,0.3561855984372934,5.002158435075839,2.3847199217796566,-0.08221173726259721,0.5541097362015686,1782410212.8683028,None,None,None, None, 1782410212.8587945,1.0878383797910975,apf_colreg,crossing_from_starboard,1.0,0.7193173881702397,19.8464243064608,7.528001869307257,8.488910809522924,4.934520366254961,0.8020298120538275,1.3787728323278678,mr_webots_cross_left_to_right_large_ship.wbt,ekf_on_cluster_off,1,0,5.0
1782410213.0016515,51.88238453865051,200.0,200.0,0.2,0.3484521230490381,5.024067722463987,2.392425015150914,0.1001695509501227,0.5667137777066154,1782410212.99413,None,None,None, None, 1782410212.9840872,0.9357695936969148,apf_colreg,crossing_from_starboard,1.0,1.4018735310146413,6.066228474347619,8.127573563337112,8.156060681769343,4.9071984434458455,0.8315072368793482,1.3703573263709246,mr_webots_cross_left_to_right_large_ship.wbt,ekf_on_cluster_off,1,0,5.0
1782410213.1022503,51.982983350753784,-200.0,-200.0,0.2,0.3502238287558493,5.049947260229433,2.401422770164714,0.1384473963702965,0.5768207613883434,1782410213.0671322,None,None,None, None, 1782410213.0555856,1.092997267253878,apf_colreg,static_obstacle,1.0,1.5390665991406358,1.5379351966013248,4.549089695916755,-29.176018662744895,4.888169502158282,0.8499532427499196,1.3747746111490233,mr_webots_cross_left_to_right_large_ship.wbt,ekf_on_cluster_off,1,0,5.0
1782410213.2021382,52.082871198654175,-200.0,-200.0,0.2,0.37006670670915787,5.078307229683544,2.411992449190556,0.12726231551800446,0.5854374098709072,1782410213.2071455,None,None,None, None, 1782410213.1966345,1.080331243431543,apf_colreg,static_obstacle,1.0,1.5419776011962745,1.0777027409579552,3.9133743423568834,-29.38819956263679,4.959089316280522,0.8726280248762178,1.3568118362597827,mr_webots_cross_left_to_right_large_ship.wbt,ekf_on_cluster_off,1,0,5.0
1782410213.301982,52.18271493911743,-200.0,-200.0,0.2,0.3801221286894079,5.108039600126466,2.4241099258461487,-0.04461256039468052,0.5790079124692655,1782410213.2789586,None,None,None, None, 1782410213.2699578,0.983931889560272,apf_colreg,static_obstacle,1.0,1.5562876707930005,0.5631004602141958,3.5551495153154353,-29.575270050765205,4.959089316280522,0.8726280248762178,1.3568118362597827,mr_webots_cross_left_to_right_large_ship.wbt,ekf_on_cluster_off,1,0,5.0
1782410213.404523,52.285255908966064,-200.0,-200.0,0.2,0.38036676166635985,5.138701967733741,2.436916407331178,-0.1189922233713167,0.5678797117966226,1782410213.372479,None,None,None, None, 1782410213.3543675,0.978575687377788,apf_colreg,static_obstacle,1.0,1.5336873743005828,0.8018488872815211,3.3754156462167817,-29.701179581700345,5.00528318784037,0.8890198550024317,1.354406002955275,mr_webots_cross_left_to_right_large_ship.wbt,ekf_on_cluster_off,1,0,5.0
1782410213.5062947,52.387027740478516,-200.0,-200.0,0.2,0.376777094484624,5.17002610009937,2.449869844506611,-0.12248423198498606,0.557667328935667,1782410213.455856,None,None,None, None, 1782410213.5138147,1.057130063336142,apf_colreg,static_obstacle,1.0,1.5235246575585821,1.2758980893126914,3.416246426352952,-29.844201830916614,5.056821957702704,0.9050524377437931,1.3517348277807084,mr_webots_cross_left_to_right_large_ship.wbt,ekf_on_cluster_off,1,0,5.0
1782410213.6056442,52.486377239227295,-200.0,-200.0,0.2,0.3663245147847986,5.201784500805267,2.462789922665052,-0.16593713968659526,0.5449777371273011,1782410213.6076477,None,None,None, None, 1782410213.5959647,1.0473171081634127,apf_colreg,static_obstacle,1.0,1.523920541465376,1.831881554527477,3.660776782632629,-29.963312462193542,5.137355644129036,0.9392730562764302,1.3478164319339097,mr_webots_cross_left_to_right_large_ship.wbt,ekf_on_cluster_off,1,0,5.0
1782410213.7039936,52.58472657203674,-200.0,-200.0,0.2,0.3552544116616513,5.233920235038958,2.4753658463905244,-0.14875661868761794,0.5216074040888533,1782410213.6894329,None,None,None, None, 1782410213.677238,1.036817995631244,apf_colreg,static_obstacle,1.0,1.4724957099152678,3.7883867234879003,3.9324051726460145,-30.072868550602564,5.137355644129036,0.9392730562764302,1.3478164319339097,mr_webots_cross_left_to_right_large_ship.wbt,ekf_on_cluster_off,1,0,5.0
1782410213.8022535,52.68298649787903,200.0,200.0,0.2,0.3310289548315682,5.073972806022261,2.413785605929794,-0.15700954043181467,0.5092877651726633,1782410213.7678971,5.071432454214519,2.4128107083556816,0.30899044368765516, 1782410213.740833, 1782410213.75485,1.0648530859427021,apf_colreg,crossing_from_starboard,1.0,0.6833691733457082,13.764545816105356,7.34275902739493,9.040019745991527,5.159521310531388,0.9478967489017674,1.34008407550095,mr_webots_cross_left_to_right_large_ship.wbt,ekf_on_cluster_off,1,0,5.0
1782410213.902309,52.78304195404053,200.0,200.0,0.2,0.3104443694571863,5.090687993044959,2.41931413123016,-0.0872965637471205,0.50216307945312,1782410213.8495119,None,None,None, None, 1782410213.902309,1.006318822504189,apf_colreg,crossing_from_starboard,1.0,0.4292154249507207,23.374210744694885,7.617920181087408,8.875910327917195,4.9785534386758545,0.8913248001028542,1.337142806920178,mr_webots_cross_left_to_right_large_ship.wbt,ekf_on_cluster_off,1,0,5.0
1782410214.0019734,52.8827064037323,200.0,200.0,0.2,0.30137965790707155,5.112904988476586,2.426002595176653,0.08707335601048173,0.5144359620941943,1782410213.9904606,None,None,None, None, 1782410213.9759257,0.9550688390261047,apf_colreg,crossing_from_starboard,1.0,1.3139860116725763,8.60532133060168,8.17618250549323,8.571805166373807,4.9625704158127295,0.9064135665427121,1.3262212487867941,mr_webots_cross_left_to_right_large_ship.wbt,ekf_on_cluster_off,1,0,5.0
1782410214.1032753,52.98400831222534,200.0,200.0,0.2,0.3000254637547335,5.139167294942114,2.433753797610911,0.11377867943625156,0.5228797410309244,1782410214.064673,None,None,None, None, 1782410214.04571,0.9407150720900609,apf_colreg,crossing_from_starboard,1.0,1.4614735545716404,2.6791647355574963,8.701154126212627,8.25843721604891,4.950301816788209,0.9332024080416997,1.345672103947873,mr_webots_cross_left_to_right_large_ship.wbt,ekf_on_cluster_off,1,0,5.0
1782410214.2021224,53.082855463027954,-200.0,-200.0,0.2,0.3058987674381721,5.168167683842272,2.442365861348424,0.1474471519893819,0.5330055044977283,1782410214.1333468,None,None,None, None, 1782410214.2051275,0.9774357341847417,apf_colreg,static_obstacle,1.0,1.502045941573936,0.7392665091084316,5.559431010387847,-29.443990836640374,4.950792060194371,0.9427548873184337,1.3175572274160567,mr_webots_cross_left_to_right_large_ship.wbt,ekf_on_cluster_off,1,0,5.0
1782410214.3020911,53.18282413482666,-200.0,-200.0,0.2,0.31772726672241947,5.1986943169678055,2.4522831829449956,0.04076815893682218,0.5387438144664892,1782410214.2741015,None,None,None, None, 1782410214.2721164,1.0398369765986775,apf_colreg,static_obstacle,1.0,1.4956535929039672,0.29506710543568293,5.169118246183689,-29.632664514863343,4.9571100254739795,0.9644932327208855,1.3075228868944735,mr_webots_cross_left_to_right_large_ship.wbt,ekf_on_cluster_off,1,0,5.0
1782410214.401781,53.2825140953064,-200.0,-200.0,0.2,0.3245080046441795,5.230105045418069,2.4631144358125407,-0.05153743814378476,0.5350800188656823,1782410214.4079535,None,None,None, None, 1782410214.3941104,1.012829808744805,apf_colreg,static_obstacle,1.0,1.487484064932987,0.41040917900590596,4.9215295808443935,-29.80008939595871,5.013976142151597,0.9785105514444727,1.3048216851384438,mr_webots_cross_left_to_right_large_ship.wbt,ekf_on_cluster_off,1,0,5.0
1782410214.5021713,53.382904291152954,-200.0,-200.0,0.2,0.3223556727781837,5.262077362888953,2.4743651566929907,-0.12596920474552759,0.5199824695531055,1782410214.4650426,None,None,None, None, 1782410214.4650426,1.0868248248022991,apf_colreg,static_obstacle,1.0,1.4823744765930829,0.6265181830397193,4.935914237368811,-29.928653822714846,5.057064415802051,0.9920477326293574,1.302962389182844,mr_webots_cross_left_to_right_large_ship.wbt,ekf_on_cluster_off,1,0,5.0
1782410214.618127,53.498860120773315,-200.0,-200.0,0.2,0.3161205304691036,5.2944790150768055,2.485569798265826,-0.13618433054487247,0.5030839463690275,1782410214.5891283,None,None,None, None, 1782410214.5404491,0.9173043855012468,apf_colreg,static_obstacle,1.0,1.471473848669535,1.2337738694985634,5.073792516680233,-30.034880685277276,5.102845235319518,1.0058197837568872,1.3006313131012857,mr_webots_cross_left_to_right_large_ship.wbt,ekf_on_cluster_off,1,0,5.0
1782410214.7019076,53.582640647888184,-200.0,-200.0,0.2,0.30455660905562,5.327186158280337,2.4965736279673876,-0.1663037792635047,0.4914526450501558,1782410214.6590683,None,None,None, None, 1782410214.6969063,0.9276177393996377,apf_colreg,static_obstacle,1.0,1.449031528454288,2.37246031620541,5.373605190657797,-30.110076107711294,5.144102679273024,1.0205399391783165,1.303511390236076,mr_webots_cross_left_to_right_large_ship.wbt,ekf_on_cluster_off,1,0,5.0
1782410214.802223,53.6829559803009,200.0,200.0,0.2,0.2835483546582722,5.160265785435351,2.443254241896188,-0.2057074977815042,0.4655029114778681,1782410214.785217,5.157625719906636,2.442410243916468,0.27797876413153766, 1782410214.742755, 1782410214.7681866,0.9994273332821416,apf_colreg,crossing_from_starboard,1.0,0.3951780034606913,15.461536022743864,6.826974091073672,9.711311401318088,5.177846653699747,1.0380427272050645,1.2898786310269341,mr_webots_cross_left_to_right_large_ship.wbt,ekf_on_cluster_off,1,0,5.0
1782410214.9037883,53.78452134132385,200.0,200.0,0.2,0.26424438950551576,5.176861112886654,2.447849359677959,-0.0516698476301844,0.46183333700916385,1782410214.8562367,None,None,None, None, 1782410214.911296,0.9313236256395319,apf_colreg,crossing_from_starboard,1.0,0.853775078392168,16.01048614866904,8.300013429409717,9.13089805336635,4.964787159039057,0.9827510391418657,1.2875957016154456,mr_webots_cross_left_to_right_large_ship.wbt,ekf_on_cluster_off,1,0,5.0
1782410215.0020523,53.88278532028198,200.0,200.0,0.2,0.2501065634450937,5.199068043707978,2.4534415515995462,0.032188486411733545,0.46396030915113484,1782410215.0060573,None,None,None, None, 1782410214.994551,0.9902490242757107,apf_colreg,crossing_from_starboard,1.0,1.1983628122906367,9.298631743054843,8.521711767539543,9.01507881278108,4.964787159039057,0.9827510391418657,1.2875957016154456,mr_webots_cross_left_to_right_large_ship.wbt,ekf_on_cluster_off,1,0,5.0
1782410215.1022425,53.982975482940674,-200.0,-200.0,0.2,0.2661631030642534,5.225491874486643,2.459733216666947,0.29473963495740096,0.5122745703824003,1782410215.0862372,None,None,None, None, 1782410215.0812347,1.0247799847169234,apf_colreg,static_obstacle,1.0,1.446794859318048,2.30504290249416,6.665162134341494,-29.423381329469947,4.9493057459459076,1.001112413806608,1.2862630662740426,mr_webots_cross_left_to_right_large_ship.wbt,ekf_on_cluster_off,1,0,5.0
1782410215.209461,54.0901939868927,-200.0,-200.0,0.2,0.2830725814045759,5.254454720960579,2.4679890337816763,0.05921652555732187,0.516297458568099,1782410215.1541724,None,None,None, None, 1782410215.1521733,0.9251753117820029,apf_colreg,static_obstacle,1.0,1.4615553208658736,0.6730653765124838,6.137829258622241,-29.637944060842063,5.016874559853846,1.0437820973340484,1.2720130818289637,mr_webots_cross_left_to_right_large_ship.wbt,ekf_on_cluster_off,1,0,5.0
1782410215.3014593,54.18219232559204,-200.0,-200.0,0.2,0.28821042477114045,5.285037091745097,2.4774462791731864,-0.08804458656085036,0.5048281417982328,1782410215.2844396,None,None,None, None, 1782410215.2904503,0.9802051254538655,apf_colreg,static_obstacle,1.0,1.4422207981278377,0.4208661610574259,5.953869667369909,-29.78913160906415,5.016874559853846,1.0437820973340484,1.2720130818289637,mr_webots_cross_left_to_right_large_ship.wbt,ekf_on_cluster_off,1,0,5.0
1782410215.4016302,54.282363176345825,-200.0,-200.0,0.2,0.2866276274233904,5.316709117345843,2.4873101391589008,-0.12113115984182957,0.49624150651702936,1782410215.3553267,None,None,None, None, 1782410215.3605149,0.9950734303129574,apf_colreg,static_obstacle,1.0,1.43693000497616,0.4669443959123809,5.962679590506053,-29.903439585362047,5.058492106267918,1.0572032599422727,1.2681328249157404,mr_webots_cross_left_to_right_large_ship.wbt,ekf_on_cluster_off,1,0,5.0
1782410215.501523,54.38225603103638,-200.0,-200.0,0.2,0.28135723301323995,5.349087030750708,2.4972309568772353,-0.1292605066212769,0.4798473217690249,1782410215.4821572,None,None,None, None, 1782410215.492158,1.0896150598684948,apf_colreg,static_obstacle,1.0,1.4472768272020144,0.5594859038448967,6.077273412805262,-29.994472737419407,5.094784193690946,1.055910141568316,1.264907027819321,mr_webots_cross_left_to_right_large_ship.wbt,ekf_on_cluster_off,1,0,5.0
1782410215.6019645,54.48269748687744,-200.0,-200.0,0.2,0.27395225927402195,5.381921660914298,2.507033544101467,-0.1326137652008467,0.4686960206973853,1782410215.5662458,None,None,None, None, 1782410215.5726051,1.080577419026661,apf_colreg,static_obstacle,1.0,1.438235993628947,1.0468980337410934,6.26256127017774,-30.0709427637686,5.13882581281953,1.0691546278269477,1.2725458690183964,mr_webots_cross_left_to_right_large_ship.wbt,ekf_on_cluster_off,1,0,5.0
1782410215.7021081,54.58284115791321,-200.0,-200.0,0.2,0.2572311941109839,5.415061034940661,2.5166185339304583,-0.20551019897540693,0.4535990245121054,1782410215.7032418,None,None,None, None, 1782410215.6467135,0.9153537390937385,apf_colreg,static_obstacle,1.0,1.4207694044963646,2.066140221555834,6.729812809301919,-30.08312354936772,5.1801246231273215,1.0831190373942088,1.250834770933905,mr_webots_cross_left_to_right_large_ship.wbt,ekf_on_cluster_off,1,0,5.0
1782410215.801898,54.68263101577759,200.0,200.0,0.2,0.23410235702519655,5.252916857167192,2.4705755091176558,-0.12546087580151172,0.44591769024012007,1782410215.7644668,5.250333634949595,2.4698493012112475,0.2103088583560071, 1782410215.743787, 1782410215.7729757,0.9062059747657607,apf_colreg,crossing_from_starboard,1.0,0.3995131671698268,17.017232152432747,7.125577451107507,10.021875743801012,5.206856827242932,1.1004532967018112,1.249905353374124,mr_webots_cross_left_to_right_large_ship.wbt,ekf_on_cluster_off,1,0,5.0
1782410215.9020114,54.78274440765381,-200.0,-200.0,0.2,0.21343940498999048,5.270358656299162,2.474527165663525,-0.09178317207723347,0.43926625590558455,1782410215.9055212,None,None,None, None, 1782410215.90652,0.991789215491497,track,none,0.0,nan,nan,7.125577451107507,10.021875743801012,5.028015449080968,1.0589400963593973,1.2540348880136742,mr_webots_cross_left_to_right_large_ship.wbt,ekf_on_cluster_off,1,0,5.0
1782410216.0023816,54.88311457633972,-200.0,-200.0,0.2,0.20608017348129273,5.29325386718683,2.479454905624796,-0.05874356878287601,0.43161219033785764,1782410215.967232,None,None,None, None, 1782410215.9713628,1.0844617228640596,track,none,0.0,nan,nan,7.125577451107507,10.021875743801012,5.022272799973262,1.0542297105639475,1.2483221016467954,mr_webots_cross_left_to_right_large_ship.wbt,ekf_on_cluster_off,1,0,5.0
1782410216.103805,54.984538078308105,-200.0,-200.0,0.2,0.1993760689042675,5.32017962263818,2.4852285974467287,-0.1083132059375232,0.4235509819279133,1782410216.041657,None,None,None, None, 1782410216.0456846,0.9577762120480289,track,none,0.0,nan,nan,7.125577451107507,10.021875743801012,5.040731427438281,1.0715803602932128,1.2473272669987783,mr_webots_cross_left_to_right_large_ship.wbt,ekf_on_cluster_off,1,0,5.0
1782410216.20138,55.08211302757263,-200.0,-200.0,0.2,0.193640886484402,5.349888267444819,2.491437687754001,-0.10736666087216198,0.4085535557665143,1782410216.1813412,None,None,None, None, 1782410216.1868742,1.076687128402534,track,none,0.0,nan,nan,7.125577451107507,10.021875743801012,5.066317774946752,1.071349373352248,1.2412038211549568,mr_webots_cross_left_to_right_large_ship.wbt,ekf_on_cluster_off,1,0,5.0
1782410216.3017678,55.1825008392334,-200.0,-200.0,0.2,0.17911933870178937,5.381390913025469,2.497860955558173,-0.19024439420186096,0.3948769096066511,1782410216.253231,None,None,None, None, 1782410216.2647429,1.0054532979393187,apf_colreg,static_obstacle,1.0,1.4495375150084036,0.0,9.104314649501328,-29.228629314043623,5.1155987226469195,1.0638948621476578,1.2467050894865415,mr_webots_cross_left_to_right_large_ship.wbt,ekf_on_cluster_off,1,0,5.0
1782410216.4024107,55.283143758773804,-200.0,-200.0,0.2,0.16950539993992073,5.414075047518498,2.503933754942275,-0.1214413977220008,0.3774967897180623,1782410216.3963463,None,None,None, None, 1782410216.3302796,1.0993377292222124,apf_avoid,crossing_from_starboard,0.0,1.4248672132613884,0.0,8.086292553548475,-21.219363837600845,5.137688827206803,1.0972904080543364,1.2322607283900457,mr_webots_cross_left_to_right_large_ship.wbt,ekf_on_cluster_off,1,0,5.0
1782410216.51254,55.39327311515808,-200.0,-200.0,0.2,0.1608729072587394,5.447448658671953,2.509845864030211,-0.1214413977220008,0.3532085101736621,1782410216.3963463,None,None,None, None, 1782410216.4154427,1.032253774456618,apf_avoid,crossing_from_starboard,0.0,1.4073185310260587,0.0,8.256853974600093,-21.224634238095938,5.177874240252499,1.125188881413428,1.2362126517828658,mr_webots_cross_left_to_right_large_ship.wbt,ekf_on_cluster_off,1,0,5.0
1782410216.601729,55.48246192932129,-200.0,-200.0,0.2,0.11622111345963532,5.481241800279718,2.5155547706557058,-0.4441726443468017,0.2926972859412307,1782410216.6037557,None,None,None, None, 1782410216.5395813,1.0424400356300545,apf_avoid,crossing_from_starboard,0.0,1.4073185310260587,0.0,9.187421218141111,-20.908633379140994,5.177874240252499,1.125188881413428,1.2362126517828658,mr_webots_cross_left_to_right_large_ship.wbt,ekf_on_cluster_off,1,0,5.0
1782410216.7025094,55.583242416381836,-200.0,-200.0,0.2,0.09562017125415657,5.515467909555719,2.5193342738912516,-0.1340294477465358,0.2701234928790198,1782410216.701004,None,None,None, None, 1782410216.7025094,0.9627565472523197,apf_avoid,crossing_from_starboard,0.0,1.367135796900907,1.5933831733002666,9.611487801197473,-20.763849684033133,5.177732613447615,1.1754221306790162,1.240929054863485,mr_webots_cross_left_to_right_large_ship.wbt,ekf_on_cluster_off,1,0,5.0
1782410216.8033,55.684032917022705,-200.0,-200.0,0.2,0.05655843335373368,5.340593526530704,2.4889982694722743,-0.4470416233562738,0.23691968196684465,1782410216.7752786,5.33782978979653,2.488554268459535,0.079767556384021, 1782410216.74655, 1782410216.7762802,0.918632510713801,apf_avoid,crossing_from_starboard,0.0,0.37479200403088253,21.25959299903161,10.437314797781923,-19.97892734530695,5.222753601474757,1.1144836664878188,1.218716629851695,mr_webots_cross_left_to_right_large_ship.wbt,ekf_on_cluster_off,1,0,5.0
1782410216.9014978,55.782230854034424,-200.0,-200.0,0.2,0.03457250861749336,5.357526466989973,2.4897873475454855,-0.12183261300794074,0.22574791243755968,1782410216.8669763,None,None,None, None, 1782410216.867983,0.9451838396161683,apf_avoid,crossing_from_starboard,0.0,1.2767063017230915,9.636888527255406,10.873657531341971,-19.754895178266775,4.991809167976571,1.1024627438378272,1.2191938850277237,mr_webots_cross_left_to_right_large_ship.wbt,ekf_on_cluster_off,1,0,5.0
1782410217.0016758,55.88240885734558,-200.0,-200.0,0.2,0.020880009032251422,5.380191400409921,2.4905267691652524,-0.11641538233665115,0.2152291821901105,1782410216.9573314,None,None,None, None, 1782410216.9633372,0.9547158378849026,apf_colreg,static_obstacle,1.0,1.4312510011772541,0.5605023025713836,13.60573902041879,-27.344004751834426,5.006834608696942,1.1032385528522648,1.2213368766176043,mr_webots_cross_left_to_right_large_ship.wbt,ekf_on_cluster_off,1,0,5.0
1782410217.102362,55.983094930648804,-200.0,-200.0,0.2,0.005456943853576236,5.407179562228267,2.491158961723264,-0.16729021018039988,0.19799973884907024,1782410217.0603228,None,None,None, None, 1782410217.0743456,1.0714147576490547,apf_colreg,static_obstacle,1.0,1.4591480831677535,0.0,14.015822063278865,-27.138246529893447,5.030528244174716,1.0773213248182913,1.2126233415768528,mr_webots_cross_left_to_right_large_ship.wbt,ekf_on_cluster_off,1,0,5.0
1782410217.2019348,56.0826678276062,-200.0,-200.0,0.2,-0.012895953739452458,5.43715379036896,2.491408780735463,-0.1913442447379322,0.18031636869324666,1782410217.1527393,None,None,None, None, 1782410217.1754127,0.9193860195571611,apf_colreg,static_obstacle,1.0,1.4518464179934023,0.0,14.512295941758989,-26.880519125915665,5.056159772671889,1.0903399890454302,1.2137095069424952,mr_webots_cross_left_to_right_large_ship.wbt,ekf_on_cluster_off,1,0,5.0
1782410217.3032613,56.18399429321289,-200.0,-200.0,0.2,6.256458786201984,5.469043530867628,2.491063898841758,-0.14086256288771506,0.16901251395551833,1782410217.3082597,None,None,None, None, 1782410217.256991,1.0547145597134422,apf_colreg,static_obstacle,1.0,1.4527547730032337,0.0,14.881344245089712,-26.67264177795181,5.078901567146269,1.0880626017425183,1.2244981932404408,mr_webots_cross_left_to_right_large_ship.wbt,ekf_on_cluster_off,1,0,5.0
1782410217.4029086,56.28364157676697,-200.0,-200.0,0.2,6.241037074781963,5.502108229548309,2.4903024706267987,-0.16623652730300822,0.14251274916351148,1782410217.3923967,None,None,None, None, 1782410217.4003985,0.9246073691701955,apf_colreg,static_obstacle,1.0,1.4490915937400795,0.0,15.29123843830637,-26.430413531263785,5.112558288015337,1.0910940469618164,1.210782271883121,mr_webots_cross_left_to_right_large_ship.wbt,ekf_on_cluster_off,1,0,5.0
1782410217.5033355,56.38406848907471,-200.0,-200.0,0.2,6.2290104197637,5.535857326257469,2.4889987570399805,-0.13385855651217538,0.13330941171044297,1782410217.461151,None,None,None, None, 1782410217.4732938,0.9311101620381476,apf_colreg,static_obstacle,1.0,1.4446598137159807,0.0,15.608788582929941,-26.228309519122917,5.143060653295998,1.0987825942110032,1.2003578256354845,mr_webots_cross_left_to_right_large_ship.wbt,ekf_on_cluster_off,1,0,5.0
1782410217.6099544,56.49068737030029,-200.0,-200.0,0.2,6.217169520529475,5.570003385365864,2.487310123961387,-0.14111723188206396,0.12318994682005063,1782410217.5328605,None,None,None, None, 1782410217.5498903,0.938582126428108,apf_colreg,static_obstacle,1.0,1.4446598137159807,0.0,15.907029672797783,-26.018422249650264,5.170643944239303,1.0686739165610089,1.2021824093339284,mr_webots_cross_left_to_right_large_ship.wbt,ekf_on_cluster_off,1,0,5.0
1782410217.701489,56.58222198486328,-200.0,-200.0,0.2,6.202640964891676,5.604367077497246,2.4852149360299336,-0.16725054231125017,0.09808181357023277,1782410217.6829834,None,None,None, None, 1782410217.6919858,0.9902904066545171,apf_colreg,static_obstacle,1.0,1.4736157232306253,0.0,16.281741480877564,-25.75899219173664,5.170643944239303,1.0686739165610089,1.2021824093339284,mr_webots_cross_left_to_right_large_ship.wbt,ekf_on_cluster_off,1,0,5.0
1782410217.802642,56.683375120162964,-200.0,-200.0,0.2,6.193807727185578,5.4351300357323185,2.495773728705663,-0.14838116558542683,0.08872404151146918,1782410217.7460492,5.432439777268968,2.495947969812178,6.202131357278819, 1782410217.754048, 1782410217.7671955,1.0960401648444138,apf_colreg,static_obstacle,1.0,1.4615265864575613,0.0,16.51972552550874,-25.75181361300868,5.207444501886887,1.0790244911959714,1.1936987756495474,mr_webots_cross_left_to_right_large_ship.wbt,ekf_on_cluster_off,1,0,5.0
1782410217.9016135,56.78234648704529,-200.0,-200.0,0.2,6.18129255371674,5.4527931736606625,2.4942722757990166,-0.1914030266480454,0.06019263722438263,1782410217.8951137,None,None,None, None, 1782410217.8356643,1.0975520195110364,apf_colreg,static_obstacle,1.0,1.466079246804105,0.0,16.839876501379972,-25.52382757146689,5.040144549663179,1.0841568774550963,1.1954943880783468,mr_webots_cross_left_to_right_large_ship.wbt,ekf_on_cluster_off,1,0,5.0
1782410218.0021946,56.882927656173706,-200.0,-200.0,0.2,6.152207879608664,5.475968073376566,2.4919729342400148,-0.3175776439118015,0.04052090801509372,1782410217.9570568,None,None,None, None, 1782410217.9937787,0.9079148465692779,apf_colreg,static_obstacle,1.0,1.467957944474816,0.0,17.571574002607544,-24.995639082222375,5.056361636981115,1.0812555493904283,1.1977794316970602,mr_webots_cross_left_to_right_large_ship.wbt,ekf_on_cluster_off,1,0,5.0
1782410218.1014962,56.982229232788086,-200.0,-200.0,0.2,6.13586985949498,5.5031270380125115,2.4883134111691545,-0.12750361925810244,0.024152867277260782,1782410218.08543,None,None,None, None, 1782410218.0562592,1.014222875343839,apf_colreg,static_obstacle,1.0,1.4850289470207128,0.0,17.967409581023876,-24.657838097151664,5.0527721836675985,1.0691121030855715,1.1897608936806385,mr_webots_cross_left_to_right_large_ship.wbt,ekf_on_cluster_off,1,0,5.0
1782410218.2022042,57.082937240600586,-200.0,-200.0,0.2,6.125542725709202,5.533040260562051,2.4839221585653473,-0.10715476528554047,0.015339911662296934,1782410218.167675,None,None,None, None, 1782410218.1871989,1.0195959845624538,apf_colreg,static_obstacle,1.0,1.4897921173490327,0.0,18.21277792465014,-24.413755442161513,5.074162925448294,1.0624637756256925,1.20078450417866,mr_webots_cross_left_to_right_large_ship.wbt,ekf_on_cluster_off,1,0,5.0
1782410218.301349,57.18208193778992,-200.0,-200.0,0.2,6.111192928211132,5.56472411650705,2.479041068233397,-0.16710142693097368,6.276607156362982,1782410218.2988412,None,None,None, None, 1782410218.2523754,1.04022024961851,apf_colreg,static_obstacle,1.0,1.4787031965865969,0.0,18.555430618342143,-24.087540793414576,5.10412888603578,1.0696941483525302,1.193485578951776,mr_webots_cross_left_to_right_large_ship.wbt,ekf_on_cluster_off,1,0,5.0
1782410218.401685,57.28241801261902,-200.0,-200.0,0.2,6.099744789421191,5.5974273193075925,2.4734976561730306,-0.1338171921125026,6.267469004288348,1782410218.3671296,None,None,None, None, 1782410218.3756444,1.0461857266671346,apf_colreg,static_obstacle,1.0,1.4681872688628372,0.0,18.822075974214506,-23.80234058017547,5.129370728518213,1.0781564943012008,1.1781337891005166,mr_webots_cross_left_to_right_large_ship.wbt,ekf_on_cluster_off,1,0,5.0
1782410218.5018907,57.38262367248535,-200.0,-200.0,0.2,6.087397643984418,5.630725330771549,2.467493902411344,-0.14839687160713882,6.258032935169045,1782410218.5018907,None,None,None, None, 1782410218.4492433,1.0191297869809472,apf_colreg,static_obstacle,1.0,1.4951809029870984,0.0,19.0936326419366,-23.490349965480057,5.159968937983677,1.0449867814936413,1.172767361088778,mr_webots_cross_left_to_right_large_ship.wbt,ekf_on_cluster_off,1,0,5.0
1782410218.6022644,57.48299741744995,-200.0,-200.0,0.2,6.0667276313942935,5.664326848062989,2.4610035406210087,-0.2207912789145062,6.242957837111847,1782410218.5701683,None,None,None, None, 1782410218.5781682,1.0195825272250376,apf_colreg,static_obstacle,1.0,1.4897584120847658,0.0,19.56069609589144,-23.00819126596712,5.194525362241444,1.0443779691850437,1.1734038893955245,mr_webots_cross_left_to_right_large_ship.wbt,ekf_on_cluster_off,1,0,5.0
1782410218.7033677,57.5841007232666,-200.0,-200.0,0.2,6.053287573284887,5.697970358498241,2.4536760663097965,-0.1338841305265501,6.2324213068572165,1782410218.6488671,None,None,None, None, 1782410218.6448658,0.9022132998244378,apf_colreg,static_obstacle,1.0,1.4821674611622617,0.0,19.851194285499727,-22.649847360578935,5.209596339091663,1.0519577540198068,1.1678505846890428,mr_webots_cross_left_to_right_large_ship.wbt,ekf_on_cluster_off,1,0,5.0
1782410218.8015056,57.68223857879639,-200.0,-200.0,0.2,6.040815267248334,5.528133648347298,2.4881526270159307,-0.15452415719882306,6.220959090632506,1782410218.7230446,5.52544575330024,2.488710221923853,6.043990049770982, 1782410218.758614, 1782410218.7749436,1.0742307202410708,apf_avoid,crossing_from_starboard,0.0,1.5155565820237233,0.0,15.855530110219902,-16.00849048794628,5.244219598366216,1.0091889564367906,1.169343563467449,mr_webots_cross_left_to_right_large_ship.wbt,ekf_on_cluster_off,1,0,5.0
1782410218.9017904,57.78252339363098,-200.0,-200.0,0.2,6.031721403825644,5.544997107651373,2.484057670405157,-0.14889215073373036,6.197030902730192,1782410218.8837528,None,None,None, None, 1782410218.9002855,0.93768093140051,apf_colreg,static_obstacle,1.0,1.5038967505621674,0.0,20.41785375121877,-22.604741731854027,5.062983945864725,1.0587000402086755,1.1636404611211222,mr_webots_cross_left_to_right_large_ship.wbt,ekf_on_cluster_off,1,0,5.0
1782410219.0020566,57.882789611816406,-200.0,-200.0,0.2,6.01933291365027,5.567301051246861,2.4784344190659784,-0.1668138232002641,6.184494364494945,1782410218.9589057,None,None,None, None, 1782410218.9741309,1.0922236972670645,apf_colreg,static_obstacle,1.0,1.508308471941063,0.0,20.678191321392568,-22.2785706024762,5.084817147706518,1.0485189246419182,1.1654530729401407,mr_webots_cross_left_to_right_large_ship.wbt,ekf_on_cluster_off,1,0,5.0
1782410219.1031966,57.98392963409424,-200.0,-200.0,0.2,6.0072209142333355,5.593614461505404,2.4714369422018296,-0.14847919764860673,6.163890882081975,1782410219.0976691,None,None,None, None, 1782410219.0411878,1.0489757436646034,apf_colreg,static_obstacle,1.0,1.493943681319115,0.0,20.92815962899891,-21.93788826266742,5.104993884497379,1.0588798863132538,1.1596263264066158,mr_webots_cross_left_to_right_large_ship.wbt,ekf_on_cluster_off,1,0,5.0
1782410219.2020566,58.08278965950012,-200.0,-200.0,0.2,5.991633925982398,5.622642661695609,2.4633537704213118,-0.17854478564481968,6.1503633275314815,1782410219.1734347,None,None,None, None, 1782410219.1804693,1.0757133569331008,apf_colreg,static_obstacle,1.0,1.4893627546574593,0.0,21.241299072473165,-21.50767006692866,5.127913289658423,1.0579505125255435,1.1552774158295536,mr_webots_cross_left_to_right_large_ship.wbt,ekf_on_cluster_off,1,0,5.0
1782410219.3022268,58.18295979499817,-200.0,-200.0,0.2,5.964828879549752,5.653318453791301,2.4542615641973367,-0.267978906183213,6.116114732116393,1782410219.301238,None,None,None, None, 1782410219.2518528,1.0921062176742729,apf_colreg,static_obstacle,1.0,1.487418039662437,0.0,21.776569726612497,-20.81829536157669,5.152101684991325,1.05358868020343,1.1534692393727712,mr_webots_cross_left_to_right_large_ship.wbt,ekf_on_cluster_off,1,0,5.0
1782410219.4014795,58.28221249580383,-200.0,-200.0,0.2,5.948301571222049,5.684761992140618,2.4438729329322406,-0.14136928620937333,6.106908328610365,1782410219.3663611,None,None,None, None, 1782410219.3740485,0.9291805714041556,apf_colreg,static_obstacle,1.0,1.4770184770991635,0.0,22.079641709489838,-20.326624682135563,5.153868834497091,1.0657483119432358,1.1485652877386272,mr_webots_cross_left_to_right_large_ship.wbt,ekf_on_cluster_off,1,0,5.0
1782410219.5020237,58.38275671005249,-200.0,-200.0,0.2,5.9358059811809,5.716699609593462,2.4328368023367863,-0.1275036423562374,6.098452841570298,1782410219.4326768,None,None,None, None, 1782410219.459858,1.0363278267712286,apf_colreg,static_obstacle,1.0,1.4809863838977917,0.0,22.285275671797205,-19.911988103776917,5.181687501253537,1.0523737990489894,1.15280961842525,mr_webots_cross_left_to_right_large_ship.wbt,ekf_on_cluster_off,1,0,5.0
1782410219.6038337,58.4845666885376,-200.0,-200.0,0.2,5.921781459418733,5.748898451399382,2.421334978319147,-0.15681756503536023,6.076487186936441,1782410219.5727482,None,None,None, None, 1782410219.5867813,1.0269579112206562,apf_colreg,static_obstacle,1.0,1.4948298095659303,0.0,22.50885793825147,-19.455404158446704,5.215870608777125,1.0256115875439016,1.1478252112276663,mr_webots_cross_left_to_right_large_ship.wbt,ekf_on_cluster_off,1,0,5.0
1782410219.70192,58.5826530456543,-200.0,-200.0,0.2,5.911530219746039,5.781147776576152,2.4093003556098513,-0.12276148528642326,6.061551674134247,1782410219.694411,None,None,None, None, 1782410219.658299,1.0713686257435815,apf_colreg,static_obstacle,1.0,1.4948298095659303,0.0,22.65396334831905,-19.07632539141325,5.215870608777125,1.0256115875439016,1.1478252112276663,mr_webots_cross_left_to_right_large_ship.wbt,ekf_on_cluster_off,1,0,5.0
1782410219.8023558,58.68308877944946,200.0,200.0,0.2,5.894981850446338,5.61872945418027,2.4660544206232142,-0.14653230272354875,6.051964495654647,1782410219.759838,5.61615817554552,2.466967362942095,5.885848720468293, 1782410219.758847, 1782410219.78371,0.9818009745624606,apf_colreg,crossing_from_starboard,1.0,1.48677386583842,0.0,7.029576838743069,12.918689858987777,5.249577627931151,1.0208658381447535,1.143804520952963,mr_webots_cross_left_to_right_large_ship.wbt,ekf_on_cluster_off,1,0,5.0
1782410219.903563,58.7842960357666,-200.0,-200.0,0.2,5.882265315772524,5.634835008728614,2.459254822423664,-0.0050070520054529616,6.051318994474584,1782410219.8887565,None,None,None, None, 1782410219.849588,0.9852183265886757,apf_colreg,static_obstacle,1.0,1.4869893813190957,0.0,23.444535242769774,-19.016320856554543,5.079450457906547,1.0803374255387734,1.150521289477654,mr_webots_cross_left_to_right_large_ship.wbt,ekf_on_cluster_off,1,0,5.0
1782410220.002257,58.88299012184143,-200.0,-200.0,0.2,5.8821990367105865,5.656123125184694,2.4502833341912504,-0.021025988288630577,6.049719987210831,1782410219.9648056,None,None,None, None, 1782410219.9728317,1.0095681718028189,apf_colreg,static_obstacle,1.0,1.4771676369827145,0.0,23.40590283155649,-18.90542150902605,5.074938552572242,1.0923873170618859,1.1396294714147146,mr_webots_cross_left_to_right_large_ship.wbt,ekf_on_cluster_off,1,0,5.0
1782410220.1015506,58.98228359222412,-200.0,-200.0,0.2,5.876538813400459,5.681360845690342,2.439837428507413,-0.12843700267592417,6.033506465523838,1782410220.0910428,None,None,None, None, 1782410220.1046796,0.9987794079632062,apf_colreg,static_obstacle,1.0,1.4709279559059423,0.11140870667625019,23.46380497996874,-18.646447801414894,5.094772403107741,1.0907021000617132,1.1322928728911463,mr_webots_cross_left_to_right_large_ship.wbt,ekf_on_cluster_off,1,0,5.0
1782410220.201893,59.08262610435486,-200.0,-200.0,0.2,5.871366163680939,5.70919036807508,2.4281044126819507,-0.11048203315530679,6.024589573257644,1782410220.1717517,None,None,None, None, 1782410220.180752,0.9095423047122222,apf_colreg,static_obstacle,1.0,1.4689242901046078,0.3028053162050556,23.502520753826648,-18.381858924899625,5.123065843618547,1.0803454087360622,1.1294598984497775,mr_webots_cross_left_to_right_large_ship.wbt,ekf_on_cluster_off,1,0,5.0
1782410220.3020341,59.182767152786255,-200.0,-200.0,0.2,5.860112113185273,5.7386676689290255,2.415505355704651,-0.16412216055987017,6.013075442103692,1782410220.3055437,None,None,None, None, 1782410220.2549074,0.9185323134828155,apf_colreg,static_obstacle,1.0,1.4646588358967847,0.4345961370923975,23.645211585710925,-17.964121497272348,5.155743467765801,1.0701084966299008,1.1266671577841518,mr_webots_cross_left_to_right_large_ship.wbt,ekf_on_cluster_off,1,0,5.0
1782410220.4012947,59.28202772140503,-200.0,-200.0,0.2,5.848557682781783,5.7690093854767355,2.4020569837998984,-0.14867512277437317,5.994186633680765,1782410220.3689551,None,None,None, None, 1782410220.3854828,0.9644667767767269,apf_colreg,static_obstacle,1.0,1.4523155237852985,0.6801769681373511,23.784430446906175,-17.52789181684821,5.182470888367118,1.0691662792621675,1.1234383604258709,mr_webots_cross_left_to_right_large_ship.wbt,ekf_on_cluster_off,1,0,5.0
1782410220.5019274,59.38266038894653,-200.0,-200.0,0.2,5.8364611682618115,5.7997967588939385,2.3879660521034283,-0.14885848537243349,5.974540938198518,1782410220.5009308,None,None,None, None, 1782410220.4689066,1.0365547886939326,apf_colreg,static_obstacle,1.0,1.4368434783256192,1.0753908788402367,23.922694764311355,-17.07027519042325,5.210944015084717,1.0671057971030484,1.120427517368431,mr_webots_cross_left_to_right_large_ship.wbt,ekf_on_cluster_off,1,0,5.0
1782410220.6028037,59.48353672027588,-200.0,-200.0,0.2,5.827457947867001,5.830759026649769,2.373329926031154,-0.11900316148882462,5.965060302458913,1782410220.5805979,None,None,None, None, 1782410220.543706,1.0319996326101952,apf_colreg,static_obstacle,1.0,1.4267569019420503,1.6690106302019556,23.99552058541215,-16.67916598906853,5.241782859427918,1.052868887314386,1.1241520413054027,mr_webots_cross_left_to_right_large_ship.wbt,ekf_on_cluster_off,1,0,5.0
1782410220.7016554,59.582388401031494,-200.0,-200.0,0.2,5.815974444985276,5.861807943483845,2.358350502351599,-0.14880645337000323,5.954386962842915,1782410220.6523242,None,None,None, None, 1782410220.6811368,0.9186522132404937,apf_colreg,static_obstacle,1.0,1.3719655708238654,2.727166610579268,24.112240397986636,-16.224665080312192,5.272367385016673,1.0704660429648523,1.1213770311233884,mr_webots_cross_left_to_right_large_ship.wbt,ekf_on_cluster_off,1,0,5.0
1782410220.8021493,59.68288230895996,200.0,200.0,0.2,5.787559854654856,5.706668903589336,2.4303534387541292,-0.14081990159875354,5.9361773550390895,1782410220.7816355,5.70421082792583,2.431507924427906,5.754349846730549, 1782410220.760525, 1782410220.7530067,1.0203166737864802,apf_colreg,crossing_from_starboard,1.0,0.21270659959210964,30.194004131166068,6.258505343413868,14.473557356960278,5.2978362654531015,1.0869763538908561,1.1188290865570463,mr_webots_cross_left_to_right_large_ship.wbt,ekf_on_cluster_off,1,0,5.0
1782410220.9015455,59.782278537750244,200.0,200.0,0.2,5.7686820735480495,5.722067497112887,2.421805876665846,-0.07445757408977431,5.931108091962426,1782410220.849718,None,None,None, None, 1782410220.8894916,0.9529595370142561,apf_colreg,crossing_from_starboard,1.0,1.040093242615092,10.383990387674821,6.400639127110978,14.739956128013478,5.1056262593263035,1.1924870390047289,1.117268716201484,mr_webots_cross_left_to_right_large_ship.wbt,ekf_on_cluster_off,1,0,5.0
1782410221.001775,59.88250803947449,200.0,200.0,0.2,5.758089305456361,5.742064354224759,2.410042462298696,0.06426487254447574,5.939787281257523,1782410220.9847715,None,None,None, None, 1782410220.9561017,1.0519534848281025,apf_colreg,crossing_from_starboard,1.0,1.2406540014481182,4.120409118448944,6.7061970727857485,14.474570767363163,5.083002810469027,1.2027748472288469,1.1109464402325027,mr_webots_cross_left_to_right_large_ship.wbt,ekf_on_cluster_off,1,0,5.0
1782410221.1018066,59.982539653778076,200.0,200.0,0.2,5.752856055046465,5.765544572219601,2.395968192622239,0.08178175119451882,5.946279957988874,1782410221.0641618,None,None,None, None, 1782410221.0902882,1.003219337972984,apf_colreg,crossing_from_starboard,1.0,1.3229864949348789,2.294654081200315,7.080344205573404,14.467220153395536,5.0710139331662,1.1890304856560305,1.106673842992395,mr_webots_cross_left_to_right_large_ship.wbt,ekf_on_cluster_off,1,0,5.0
1782410221.201679,60.082412004470825,200.0,200.0,0.2,5.75714111804745,5.791432274131698,2.3803356769921264,0.14588396363098532,5.966122043276025,1782410221.2001746,None,None,None, None, 1782410221.1579554,0.9837486278190201,apf_colreg,crossing_from_starboard,1.0,1.3635331484347648,1.5010348606427282,7.282879035387633,14.768751019536708,5.068640209371604,1.1775025628370102,1.1011260808827465,mr_webots_cross_left_to_right_large_ship.wbt,ekf_on_cluster_off,1,0,5.0
1782410221.301647,60.182379961013794,-200.0,-200.0,0.2,5.764490417160592,5.819032417587742,2.3639663842855887,0.1399773656971993,5.976187935765489,1782410221.2720854,None,None,None, None, 1782410221.2856052,1.0826634164613405,apf_avoid,crossing_from_starboard,0.0,1.377124304991133,1.0653189495504416,18.821164176820893,-9.67339678190035,5.079189299630339,1.174181820049533,1.1026714450288277,mr_webots_cross_left_to_right_large_ship.wbt,ekf_on_cluster_off,1,0,5.0
1782410221.4016197,60.282352685928345,-200.0,-200.0,0.2,5.773001794704375,5.848032156414328,2.3477577184615823,0.005306679793044355,5.976867349041719,1782410221.4001153,None,None,None, None, 1782410221.354498,0.9429332018763898,apf_avoid,crossing_from_starboard,0.0,1.37557876222705,1.0736618245631815,18.635250636881448,-9.649359063549648,5.122859444152292,1.1587692082283592,1.0946290298675432,mr_webots_cross_left_to_right_large_ship.wbt,ekf_on_cluster_off,1,0,5.0
1782410221.5020123,60.38274526596069,-200.0,-200.0,0.2,5.778282868611517,5.8778271667745825,2.331601930438634,-0.05606228555886986,5.972697627801109,1782410221.4744918,None,None,None, None, 1782410221.4990149,0.9170158306487003,apf_avoid,crossing_from_starboard,0.0,1.3744841929123202,0.8979700452385921,18.482438187102822,-9.563819537920931,5.122859444152292,1.1587692082283592,1.0946290298675432,mr_webots_cross_left_to_right_large_ship.wbt,ekf_on_cluster_off,1,0,5.0
1782410221.6024773,60.48321032524109,-200.0,-200.0,0.2,5.7773120932674376,5.9080477328225225,2.315413734291904,-0.10925009730961202,5.96466093022883,1782410221.5480542,None,None,None, None, 1782410221.5659876,1.0545420844226445,apf_avoid,crossing_from_starboard,0.0,1.3689699534179403,0.8827535627835845,18.38973740277043,-9.361784267255036,5.157417907287512,1.1483015709056037,1.0942809405660516,mr_webots_cross_left_to_right_large_ship.wbt,ekf_on_cluster_off,1,0,5.0
1782410221.701423,60.58215594291687,-200.0,-200.0,0.2,5.773347076397889,5.938413780396608,2.2990211820575133,-0.11801086108829593,5.94809845944309,1782410221.6884012,None,None,None, None, 1782410221.6966887,0.9098262971612064,apf_avoid,crossing_from_starboard,0.0,1.365251803076762,1.008533778050909,18.322710347116985,-9.102793793556732,5.196901459502343,1.1287538077128805,1.09344713429698,mr_webots_cross_left_to_right_large_ship.wbt,ekf_on_cluster_off,1,0,5.0
1782410221.8027542,60.68348717689514,-200.0,-200.0,0.2,5.762492035491506,5.788452315838041,2.386680644038568,-0.13506042146585964,5.93811585416254,1782410221.7623134,5.786070423727806,2.388057896735475,5.755600701804311, 1782410221.768822, 1782410221.7643123,0.9444533542404787,apf_colreg,static_obstacle,1.0,1.2366518865959344,7.433914751045017,25.137706042072313,-15.25757539008183,5.232544962663898,1.1116816475988087,1.0929310495418134,mr_webots_cross_left_to_right_large_ship.wbt,ekf_on_cluster_off,1,0,5.0
1782410221.9014337,60.782166719436646,-200.0,-200.0,0.2,5.755677331561739,5.803597072585671,2.3781511115817855,-0.16700475780639912,5.916725066794228,1782410221.8903983,None,None,None, None, 1782410221.8989158,0.9264235238547233,apf_colreg,static_obstacle,1.0,1.3270373819575778,2.7191072210564076,25.190263925352397,-14.987494124404765,5.078527713214266,1.2091978843318925,1.0925509541385883,mr_webots_cross_left_to_right_large_ship.wbt,ekf_on_cluster_off,1,0,5.0
1782410222.0018651,60.88259816169739,-200.0,-200.0,0.2,5.747861214292261,5.82356678954933,2.366668993067612,-0.13328823426684086,5.908005934203817,1782410221.955814,None,None,None, None, 1782410221.955814,0.9849472236233529,apf_avoid,crossing_from_starboard,0.0,1.3414034385880975,1.5982060986621405,18.997337894622493,-9.38931158312698,5.096956224936544,1.2062091689711911,1.0924651364174118,mr_webots_cross_left_to_right_large_ship.wbt,ekf_on_cluster_off,1,0,5.0
1782410222.1019504,60.982683420181274,-200.0,-200.0,0.2,5.737693668258032,5.847100807499538,2.3528993685686266,-0.14777076575524897,5.888627840619153,1782410222.08695,None,None,None, None, 1782410222.08695,0.9349350455610831,apf_avoid,crossing_from_starboard,0.0,1.3342963118926499,1.24146085584018,18.998945816418697,-9.042646759317165,5.119431431396466,1.2081410380507396,1.0925952205258824,mr_webots_cross_left_to_right_large_ship.wbt,ekf_on_cluster_off,1,0,5.0
1782410222.2016773,61.08241033554077,-200.0,-200.0,0.2,5.729894827564585,5.872978257658167,2.337387181449425,-0.11646448524034964,5.8792870607156384,1782410222.167153,None,None,None, None, 1782410222.1656437,0.9330110553279428,apf_avoid,crossing_from_starboard,0.0,1.3110355500439892,1.1944297963646908,18.96292007901407,-8.722632517291446,5.1413641712692835,1.2206760161804546,1.0930135491009052,mr_webots_cross_left_to_right_large_ship.wbt,ekf_on_cluster_off,1,0,5.0
1782410222.3024232,61.18315625190735,-200.0,-200.0,0.2,5.718167481497586,5.900344623359034,2.320729367436058,-0.1571894826451879,5.859052311730661,1782410222.2958813,None,None,None, None, 1782410222.2958813,1.0546774181415517,apf_avoid,crossing_from_starboard,0.0,1.290238462481045,1.2880915405517512,18.94795868573042,-8.316758149857039,5.1667986633094785,1.2238184877737188,1.0935481766213437,mr_webots_cross_left_to_right_large_ship.wbt,ekf_on_cluster_off,1,0,5.0
1782410222.4015496,61.28228259086609,-200.0,-200.0,0.2,5.705216596458065,5.928461363014981,2.303116400945845,-0.15746269325537737,5.847852735325461,1782410222.3670065,None,None,None, None, 1782410222.3735335,1.033199895458618,apf_colreg,static_obstacle,1.0,1.3091348990661191,1.5224669412657692,25.41280374609035,-12.86010819409632,5.194059719173501,1.1769059565017612,1.0944486970079228,mr_webots_cross_left_to_right_large_ship.wbt,ekf_on_cluster_off,1,0,5.0
1782410222.501686,61.38241910934448,-200.0,-200.0,0.2,5.691615374289143,5.956903353595596,2.2847584084241905,-0.15752018976941468,5.828498272139617,1782410222.4898763,None,None,None, None, 1782410222.4433777,1.0035719447566442,apf_colreg,static_obstacle,1.0,1.3048762945170989,1.7220392475390782,25.457298243421324,-12.310738786506167,5.216108005218331,1.164431205190292,1.09534558158494,mr_webots_cross_left_to_right_large_ship.wbt,ekf_on_cluster_off,1,0,5.0
1782410222.6014245,61.482157468795776,-200.0,-200.0,0.2,5.6803494144434135,5.985411574992188,2.2657902353666297,-0.1338295889750934,5.818539443215307,1782410222.5642905,None,None,None, None, 1782410222.5697997,0.9159336469482194,apf_colreg,static_obstacle,1.0,1.2992226698778564,2.0590703129835055,25.459093334191852,-11.814971625806198,5.237966004182805,1.1501835402765868,1.0962908604617299,mr_webots_cross_left_to_right_large_ship.wbt,ekf_on_cluster_off,1,0,5.0
1782410222.7015083,61.58224129676819,-200.0,-200.0,0.2,5.663211811701833,6.013905740106139,2.2463976425971763,-0.19134402039663131,5.80371035280172,1782410222.7036574,None,None,None, None, 1782410222.704658,1.0562562711030412,apf_colreg,static_obstacle,1.0,1.3038661753036562,2.6456297401147375,25.510447664959727,-11.16614456278003,5.270452587998949,1.11438842252721,1.0970884064341713,mr_webots_cross_left_to_right_large_ship.wbt,ekf_on_cluster_off,1,0,5.0
1782410222.802065,61.68279790878296,200.0,200.0,0.2,5.633963085350664,5.868107897093852,2.337893029336138,-0.11632623040092616,5.788311556893184,1782410222.774166,5.865809653703735,2.3393655790058108,5.597520287396037, 1782410222.772167, 1782410222.777166,0.9160614334508055,apf_colreg,crossing_from_starboard,1.0,0.31340638994370146,35.3076179049157,6.40852055524164,16.09300697407344,5.288275834787465,1.1061728133226478,1.0977566635550047,mr_webots_cross_left_to_right_large_ship.wbt,ekf_on_cluster_off,1,0,5.0
1782410222.9017744,61.78250741958618,-200.0,-200.0,0.2,5.616004859839557,5.881944613488835,2.3271422079068573,-0.06192861111700149,5.782829145894914,1782410222.862694,None,None,None, None, 1782410222.8712108,0.9091839848483804,apf_colreg,static_obstacle,1.0,1.1575349363818377,9.960730779092433,26.651263495948182,-10.807154126527962,5.1053272823271945,1.2399244280985,1.097939070511547,mr_webots_cross_left_to_right_large_ship.wbt,ekf_on_cluster_off,1,0,5.0
1782410223.002085,61.88281798362732,-200.0,-200.0,0.2,5.606895779618617,5.900117778660107,2.3128203839577495,-0.08781953434462585,5.771956141891112,1782410222.9865048,None,None,None, None, 1782410222.9443648,1.007441576111605,apf_colreg,static_obstacle,1.0,1.2904527698206476,2.8035307268906764,26.63703669389928,-10.41646314583513,5.093193155657437,1.2519137883596598,1.0970700441968662,mr_webots_cross_left_to_right_large_ship.wbt,ekf_on_cluster_off,1,0,5.0
1782410223.1021678,61.982900857925415,-200.0,-200.0,0.2,5.596887829787624,5.921516151983583,2.2958089172104112,-0.13461704711075495,5.7629630333282895,1782410223.05331,None,None,None, None, 1782410223.0710442,1.0982286548873261,apf_colreg,static_obstacle,1.0,1.3164650572100072,1.4754130771088891,26.602076142841412,-9.973510116714477,5.11446255229729,1.2316527869913407,1.0966007912609814,mr_webots_cross_left_to_right_large_ship.wbt,ekf_on_cluster_off,1,0,5.0
1782410223.2022176,62.082950592041016,-200.0,-200.0,0.2,5.578501223764111,5.9449912905575175,2.2767869012199724,-0.21170500505795625,5.745070916188488,1782410223.1378243,None,None,None, None, 1782410223.1388214,0.9564540693410656,apf_colreg,static_obstacle,1.0,1.3082776164893355,0.9911544978719891,26.632853150560813,-9.29045520741214,5.135616223458504,1.2347865413942571,1.0962579125357648,mr_webots_cross_left_to_right_large_ship.wbt,ekf_on_cluster_off,1,0,5.0
1782410223.3014982,62.182231187820435,-200.0,-200.0,0.2,5.559712134000513,5.9694618782952755,2.2560861955522338,-0.18915349798004652,5.719298928871723,1782410223.2740734,None,None,None, None, 1782410223.2750766,0.9057584209530218,apf_colreg,static_obstacle,1.0,1.3109742374468774,0.8303844354905252,26.629210903630824,-8.583376047755873,5.146791988439007,1.228873001474285,1.0961663880700139,mr_webots_cross_left_to_right_large_ship.wbt,ekf_on_cluster_off,1,0,5.0
1782410223.4016361,62.2823691368103,-200.0,-190.24453717846927,0.2,5.541435327801124,5.994367671884173,2.2341769376815,-0.17833441091564087,5.70146095533611,1782410223.3740988,None,None,None, None, 1782410223.3645906,1.0461953258115553,apf_colreg,static_obstacle,1.0,1.3084315843021974,0.7111614371852588,26.595863274547202,-7.879692181319043,5.146791988439007,1.228873001474285,1.0961663880700139,mr_webots_cross_left_to_right_large_ship.wbt,ekf_on_cluster_off,1,0,5.0
1782410223.5017707,62.38250374794006,-200.0,-160.37237617031624,0.2,5.52731895636492,6.019744892765133,2.211014353162496,-0.1400799856071338,5.691509050497742,1782410223.5038712,None,None,None, None, 1782410223.4997683,1.0084947948183087,apf_colreg,static_obstacle,1.0,1.3080834277328646,0.6674296713035917,26.50292674004226,-7.277685777778808,5.160980353328087,1.2168812100050828,1.0962663258491157,mr_webots_cross_left_to_right_large_ship.wbt,ekf_on_cluster_off,1,0,5.0
1782410223.6020043,62.48273730278015,-200.0,-141.0571111277988,0.2,5.523018203275462,6.04642467126445,2.186012037486508,-0.06033858011019447,5.683885649397985,1782410223.571487,None,None,None, None, 1782410223.5724876,1.030284188722442,apf_colreg,static_obstacle,1.0,1.3033914208709754,0.7091676085328157,26.31623621706707,-6.918546153120925,5.181208568637711,1.2024517436588715,1.0965727438417616,mr_webots_cross_left_to_right_large_ship.wbt,ekf_on_cluster_off,1,0,5.0
1782410223.706291,62.587023973464966,-200.0,-107.19143022839992,0.2,5.513359416864373,6.0746460156319,2.159518253681352,-0.13355972783183004,5.673105925175802,1782410223.6521978,None,None,None, None, 1782410223.7092881,0.9055952509296719,apf_colreg,static_obstacle,1.0,1.3007686014996946,0.7620046361362696,26.147879772395775,-6.40772529746421,5.212773255448498,1.1756099157632431,1.0970306684334203,mr_webots_cross_left_to_right_large_ship.wbt,ekf_on_cluster_off,1,0,5.0
1782410223.801586,62.682318925857544,-200.0,-117.90565561242997,0.2,5.488031018709201,5.943321483221408,2.2765989545479943,-0.1419967743427506,5.652958808421267,1782410223.7940822,5.941193960115262,2.2785227586897916,5.4625431886237585, 1782410223.775972, 1782410223.7774763,0.9566988578751988,apf_colreg,static_obstacle,1.0,1.252449742017246,5.181312767892617,27.371388456119547,-6.8539336926030705,5.24002038645393,1.1551892044808834,1.0964881454039948,mr_webots_cross_left_to_right_large_ship.wbt,ekf_on_cluster_off,1,0,5.0
1782410223.9020307,62.782763719558716,-200.0,-87.44437929416608,0.2,5.478798180927943,5.961583105650242,2.2581084123730273,-0.1430017883206915,5.6428882436211385,1782410223.8645048,None,None,None, None, 1782410223.8539925,1.0274278716677563,apf_colreg,static_obstacle,1.0,1.2898884848041008,1.3490467463976217,27.263511186215368,-6.428150923469135,5.08836870886709,1.289919197509619,1.0956057378846198,mr_webots_cross_left_to_right_large_ship.wbt,ekf_on_cluster_off,1,0,5.0
1782410224.001885,62.88261795043945,-200.0,-40.50230239871308,0.2,5.466266615365846,5.9855137827109175,2.2333768023916685,-0.1489930451698979,5.632380128648097,1782410224.0059078,None,None,None, None, 1782410223.9893818,0.9641453365484703,apf_colreg,static_obstacle,1.0,1.285045538349345,0.7321956782448698,27.117895397371186,-5.858688528887699,5.104687311304327,1.287782032838904,1.0947330169044691,mr_webots_cross_left_to_right_large_ship.wbt,ekf_on_cluster_off,1,0,5.0
1782410224.1021776,62.98291063308716,-200.0,13.239018615077184,0.2,5.452292634895772,6.01372156607127,2.2034047415453806,-0.14192728943821947,5.611568917221323,1782410224.0816653,None,None,None, None, 1782410224.059492,1.0085842643079215,apf_colreg,static_obstacle,1.0,1.2887331352175009,0.5390477595183745,26.91351311305014,-5.207260471418249,5.123487174150007,1.2651709387434111,1.094041123394995,mr_webots_cross_left_to_right_large_ship.wbt,ekf_on_cluster_off,1,0,5.0
1782410224.202265,63.08299803733826,-200.0,44.30720336942613,0.2,5.438176415116067,6.044913440324663,2.16925269946816,-0.13074162506640086,5.6026746112598165,1782410224.149695,None,None,None, None, 1782410224.2052705,0.9209519039725764,apf_colreg,static_obstacle,1.0,1.2908502358691734,0.45329773082761077,26.657286057288168,-4.521231173034739,5.1457042965814095,1.238927831799749,1.0933371926634419,mr_webots_cross_left_to_right_large_ship.wbt,ekf_on_cluster_off,1,0,5.0
1782410224.3016505,63.18238353729248,-200.0,73.3820431923064,0.2,5.4249834712609495,6.078172447766221,2.131740325069302,-0.11521719047970114,5.585627686133641,1782410224.2976496,None,None,None, None, 1782410224.285644,1.0119812340467012,apf_colreg,static_obstacle,1.0,1.294862837626646,0.4130431732900891,26.350379653742372,-3.8378988753066396,5.169587128664421,1.2066289506555876,1.0927701601080575,mr_webots_cross_left_to_right_large_ship.wbt,ekf_on_cluster_off,1,0,5.0
1782410224.4021468,63.28287982940674,-200.0,101.94405912334187,0.2,5.411361682472225,6.11309164759982,2.0912632633624533,-0.11521719047970114,5.562584248037701,1782410224.4111516,None,None,None, None, 1782410224.379057,1.0365835001350983,apf_colreg,static_obstacle,1.0,1.2853667482003648,0.3624430256960651,26.023652611718973,-3.1263032638592865,5.192634647035958,1.193047942282667,1.0920488760348561,mr_webots_cross_left_to_right_large_ship.wbt,ekf_on_cluster_off,1,0,5.0
1782410224.501296,63.38202905654907,-200.0,127.78864310242713,0.2,5.398996114149198,6.149482330204066,2.0478174148606385,-0.09630899986321315,5.544466494931329,1782410224.4857707,None,None,None, None, 1782410224.4492114,0.9298547789569583,apf_colreg,static_obstacle,1.0,1.2909052146695674,0.38023323924841673,25.639670706330804,-2.4299724154520796,5.218909382476647,1.1524751066679142,1.091459486306407,mr_webots_cross_left_to_right_large_ship.wbt,ekf_on_cluster_off,1,0,5.0
1782410224.6016467,63.4823796749115,-200.0,154.44443787236472,0.2,5.383797575185905,6.18727428325241,2.001501032844004,-0.11728211830202767,5.534745703208431,1782410224.5686545,None,None,None, None, 1782410224.5836604,0.9416937221821112,apf_colreg,static_obstacle,1.0,1.2852646912113894,0.3506108432746529,25.226527097804432,-1.6502217519004394,5.244389613041976,1.128539998013602,1.089706255926858,mr_webots_cross_left_to_right_large_ship.wbt,ekf_on_cluster_off,1,0,5.0
1782410224.7015204,63.58225345611572,200.0,200.0,0.2,5.369891130009146,6.226281245411332,1.9519811289561586,-0.09047982106943903,5.528723147884442,1782410224.703553,None,None,None, None, 1782410224.6542377,0.9659144690443818,apf_colreg,crossing_from_starboard,1.0,1.2814241227494674,0.35391780820833335,5.145166509916771,19.177890395490127,5.267188438431415,1.1029360913430386,1.0877275276907268,mr_webots_cross_left_to_right_large_ship.wbt,ekf_on_cluster_off,1,0,5.0
1782410224.8030465,63.68377947807312,200.0,200.0,0.2,5.352883824920535,6.033484886740961,2.1748615394798647,-0.0027552934765488328,5.5283424785351585,1782410224.7733762,6.030575553311616,2.1782894228884437,5.344416262913425, 1782410224.780524, 1782410224.7825243,1.0163067456591848,apf_colreg,crossing_from_starboard,1.0,1.2803338174527337,2.084984910055117,5.830000781771526,18.815364566244128,5.290197169749279,1.0677869864930958,1.084988189762941,mr_webots_cross_left_to_right_large_ship.wbt,ekf_on_cluster_off,1,0,5.0
1782410224.9016774,63.78241038322449,200.0,200.0,0.2,5.342585401470741,6.041537037189975,2.1636889808443374,0.07760161524871931,5.534142677083955,1782410224.8481195,None,None,None, None, 1782410224.8581433,0.9121177457041745,apf_colreg,crossing_from_starboard,1.0,1.1947008508644847,20.43061853328603,5.771229763037649,18.9067803395535,5.290197169749279,1.0677869864930958,1.084988189762941,mr_webots_cross_left_to_right_large_ship.wbt,ekf_on_cluster_off,1,0,5.0
1782410225.0017786,63.882511615753174,-200.0,153.45903776965656,0.2,5.341715325562969,6.053176579721001,2.147263605013264,0.1258387719850194,5.552235954860102,1782410224.991901,None,None,None, None, 1782410224.991901,0.9943172542024549,apf_colreg,static_obstacle,1.0,1.2665977634336292,2.0972558236796863,26.758451385060148,-1.7814675249299277,5.050513568503882,1.3594439706131385,1.0801481777563757,mr_webots_cross_left_to_right_large_ship.wbt,ekf_on_cluster_off,1,0,5.0
1782410225.1015735,63.982306480407715,-200.0,153.13708549730714,0.2,5.351659550910247,6.0784900425205635,2.11246310896529,0.09745401048789074,5.559150436126863,1782410225.0628521,None,None,None, None, 1782410225.0628521,1.027021266520862,apf_colreg,static_obstacle,1.0,1.268321742843379,0.2503473426080663,26.385000143636052,-1.7665648611454183,5.047826717717069,1.3715930332166815,1.0753882760632598,mr_webots_cross_left_to_right_large_ship.wbt,ekf_on_cluster_off,1,0,5.0
1782410225.2018244,64.08255743980408,169.18119484493752,200.0,0.2,5.360206232568446,6.112686866774976,2.066984953680424,0.032841640764572584,5.563681635491281,1782410225.2008233,None,None,None, None, 1782410225.1928241,0.9422958331321414,track,none,0.0,nan,nan,26.385000143636052,-1.7665648611454183,5.066335684267886,1.3588912290334536,1.0696215523020451,mr_webots_cross_left_to_right_large_ship.wbt,ekf_on_cluster_off,1,0,5.0
1782410225.3014662,64.18219923973083,170.73793669402087,200.0,0.2,5.365862591767275,6.140258615413472,2.0302878347603213,0.07843156964969543,5.569784455871972,1782410225.278634,None,None,None, None, 1782410225.2660713,0.9494222620834359,track,none,0.0,nan,nan,26.385000143636052,-1.7665648611454183,5.099905126165511,1.3152017144774604,1.0661950520400334,mr_webots_cross_left_to_right_large_ship.wbt,ekf_on_cluster_off,1,0,5.0
1782410225.4023447,64.28307771682739,168.06172302107336,200.0,0.2,5.376166977251272,6.1654933078363,1.9968903414354198,0.14178966788130695,5.580329712197828,1782410225.3530066,None,None,None, None, 1782410225.4023447,1.032882577753283,track,none,0.0,nan,nan,26.385000143636052,-1.7665648611454183,5.115243589206078,1.3083237523028217,1.0645483231271349,mr_webots_cross_left_to_right_large_ship.wbt,ekf_on_cluster_off,1,0,5.0
1782410225.5025175,64.38325047492981,164.9643106142137,200.0,0.2,5.386743314489992,6.190062202907951,1.9651300756214056,0.13507353271921538,5.596539680011626,1782410225.473015,None,None,None, None, 1782410225.473015,1.0999787495646185,track,none,0.0,nan,nan,26.385000143636052,-1.7665648611454183,5.134032198708352,1.2779518230131053,1.063286709202861,mr_webots_cross_left_to_right_large_ship.wbt,ekf_on_cluster_off,1,0,5.0
1782410225.6020951,64.48282814025879,160.08971190096432,200.0,0.2,5.399339349904966,6.214551434581739,1.9341770535707459,0.14975344689600728,5.615643321588962,1782410225.6005824,None,None,None, None, 1782410225.544061,1.0038316866703982,track,none,0.0,nan,nan,26.385000143636052,-1.7665648611454183,5.149379863065698,1.269194431457147,1.0564229591507812,mr_webots_cross_left_to_right_large_ship.wbt,ekf_on_cluster_off,1,0,5.0
1782410225.701711,64.58244395256042,155.96346644461894,200.0,0.2,5.410998933489719,6.239383841872444,1.9036439805967589,0.13457322796657464,5.62419836932317,1782410225.664154,None,None,None, None, 1782410225.6746619,0.9991096319522476,track,none,0.0,nan,nan,26.385000143636052,-1.7665648611454183,5.1663266025712495,1.2701553615797898,1.0573944482798963,mr_webots_cross_left_to_right_large_ship.wbt,ekf_on_cluster_off,1,0,5.0
1782410225.8028445,64.68357753753662,-200.0,77.71839625143174,0.2,5.435192399603667,6.110518218798107,2.07690994882912,0.12751392822826343,5.6345957775625335,1782410225.7456934,6.1084824987976365,2.0795991227745665,5.460943527591611, 1782410225.783232, 1782410225.7456934,0.9047288474805535,apf_colreg,static_obstacle,1.0,1.2347098430575016,0.8715923908939158,25.821793460365164,-3.6645030936507355,5.187238650532219,1.2540214683259576,1.052403811244636,mr_webots_cross_left_to_right_large_ship.wbt,ekf_on_cluster_off,1,0,5.0
1782410225.9019976,64.78273057937622,-200.0,177.05698595797674,0.2,5.448706318606115,6.129617527208523,2.055558707034775,0.0649069426022779,5.6428582007903705,1782410225.87299,None,None,None, None, 1782410225.87299,1.0445008846244734,apf_avoid,crossing_from_starboard,0.0,1.236020957391178,0.0,17.924027970156484,-0.6574408114260768,5.055968500813921,1.4330499364753007,1.052748901433061,mr_webots_cross_left_to_right_large_ship.wbt,ekf_on_cluster_off,1,0,5.0
1782410226.0012631,64.88199615478516,-200.0,182.7982246652101,0.2,5.458613674731837,6.164341507729709,2.0178010211541784,0.026996511634228164,5.64457910045003,1782410226.0036073,None,None,None, None, 1782410226.0026073,0.9888670656353618,apf_avoid,crossing_from_starboard,0.0,1.2411852806177939,0.0,17.55622490260822,-0.5017613207485265,5.077542147091993,1.3994813935964068,1.051819140515332,mr_webots_cross_left_to_right_large_ship.wbt,ekf_on_cluster_off,1,0,5.0
1782410226.1013384,64.98207139968872,-200.0,193.92378094971525,0.2,5.464729532203273,6.20755957619025,1.9715827254137648,0.007867058235023249,5.645625971702596,1782410226.0698054,None,None,None, None, 1782410226.0793178,1.0661914809302966,apf_avoid,crossing_from_starboard,0.0,1.2420596543823759,0.0,17.114161311644494,-0.19854042788081205,5.113623647549212,1.3601939793271818,1.0579456625672903,mr_webots_cross_left_to_right_large_ship.wbt,ekf_on_cluster_off,1,0,5.0
1782410226.2043622,65.08509516716003,-194.67141514504956,200.0,0.2,5.4687856336725185,6.254141786483183,1.9221690014663135,0.007542193646250449,5.646169693162179,1782410226.141896,None,None,None, None, 1782410226.1481123,0.9778086354009206,apf_avoid,crossing_from_starboard,0.0,1.2438887743453726,0.0,16.64600459957937,0.17291222811357532,5.155179271921811,1.3179508627743044,1.0606632055073015,mr_webots_cross_left_to_right_large_ship.wbt,ekf_on_cluster_off,1,0,5.0
1782410226.302465,65.18319797515869,-178.07209715412372,200.0,0.2,5.471766044700383,6.30148866797397,1.8721929272738453,0.010894944464891337,5.64790269499487,1782410226.3009608,None,None,None, None, 1782410226.2949622,1.0336902554688683,apf_avoid,crossing_from_starboard,0.0,1.2420734138536325,0.0,16.175249334081442,0.5705908197820113,5.1905639096297795,1.2932456851135803,1.0661591655981442,mr_webots_cross_left_to_right_large_ship.wbt,ekf_on_cluster_off,1,0,5.0
1782410226.4024732,65.28320622444153,-200.0,122.92600925857201,0.2,5.4742809882791414,6.347795896728705,1.823473445807565,0.017384629311969962,5.649467546395473,1782410226.3909743,None,None,None, None, 1782410226.3769486,1.0587490774085173,apf_colreg,static_obstacle,1.0,1.2482793645004193,0.0,23.381590967975857,-2.3321941683827383,5.228811655431124,1.2490085675283606,1.0742348153767411,mr_webots_cross_left_to_right_large_ship.wbt,ekf_on_cluster_off,1,0,5.0
1782410226.5012782,65.38201117515564,-200.0,135.71309317641555,0.2,5.4775909032220875,6.39062633944005,1.7789206297880362,6.37211230753544e-06,5.649468080289344,1782410226.4747603,None,None,None, None, 1782410226.4662528,1.0780021927527856,apf_colreg,static_obstacle,1.0,1.2482793645004193,0.0,22.94076422586768,-1.9830618876481327,5.285867576984957,1.1959656195875432,1.078591450266187,mr_webots_cross_left_to_right_large_ship.wbt,ekf_on_cluster_off,1,0,5.0
1782410226.6023607,65.48309373855591,-200.0,149.86362035260493,0.2,5.478674032661375,6.433652401513588,1.7345109819804652,-0.023967981631931715,5.647790191743665,1782410226.5447657,None,None,None, None, 1782410226.5417602,1.028839269987453,apf_colreg,static_obstacle,1.0,1.2493198200762001,0.0,22.52770458990946,-1.5938991018861701,5.285867576984957,1.1959656195875432,1.078591450266187,mr_webots_cross_left_to_right_large_ship.wbt,ekf_on_cluster_off,1,0,5.0
1782410226.70227,65.58300304412842,-66.43493188901088,200.0,0.2,5.4730522354068025,6.477576988078985,1.689169181420759,-0.07431950281916672,5.638178491841668,1782410226.6740952,None,None,None, None, 1782410226.6750836,0.9428878119554854,apf_avoid,crossing_from_starboard,0.0,1.2526404843802756,0.0,14.452448777870876,2.1900861781732726,5.319495623931795,1.163399953086193,1.0870724311827138,mr_webots_cross_left_to_right_large_ship.wbt,ekf_on_cluster_off,1,0,5.0
1782410226.8020673,65.68280029296875,-200.0,197.37619634260756,0.2,5.468054341947629,6.2254298586892425,1.9541636313848672,-0.0072901443310283785,5.637293017291145,1782410226.795557,6.221585004933624,1.9582103335929486,5.469286290822572, 1782410226.792554, 1782410226.8040724,0.9750757210813256,apf_avoid,crossing_from_starboard,0.0,0.9021414473275734,10.236461636791903,16.948594103291068,-0.1001484608685228,5.353646719975012,1.1210972223087998,1.097812061260527,mr_webots_cross_left_to_right_large_ship.wbt,ekf_on_cluster_off,1,0,5.0
1782410226.9023116,65.7830445766449,-193.7704494222465,200.0,0.2,5.4648292666680485,6.25106282704638,1.9267869628916738,0.0021487720432576893,5.637446839570378,1782410226.8671432,None,None,None, None, 1782410226.8768022,1.0909045462995772,apf_avoid,crossing_from_starboard,0.0,1.2617951972174735,0.0,16.6890160712773,0.1977401771959073,5.087468108841226,1.4093950733292493,1.1052082327153092,mr_webots_cross_left_to_right_large_ship.wbt,ekf_on_cluster_off,1,0,5.0
1782410227.0030472,65.88378024101257,-200.0,112.07572246890913,0.2,5.463273667926119,6.290816110833142,1.8841656667902615,0.0026932668658264628,5.637639655538877,1782410227.006047,None,None,None, None, 1782410227.004046,1.0715777242494868,apf_colreg,static_obstacle,1.0,1.2675765090063111,0.0,23.912071226640457,-2.6420229300794036,5.100838070884007,1.3964672808669967,1.112876864793474,mr_webots_cross_left_to_right_large_ship.wbt,ekf_on_cluster_off,1,0,5.0
1782410227.1014898,65.98222279548645,-200.0,127.32914493912732,0.2,5.462891613311325,6.3311358265761974,1.8411524527892222,-0.022964014711637087,5.63454656563332,1782410227.073428,None,None,None, None, 1782410227.0635152,0.973818067950296,apf_colreg,static_obstacle,1.0,1.2701741445084136,0.0,23.50996794327473,-2.239279368177792,5.128944984343447,1.3759294644066005,1.1178556334321381,mr_webots_cross_left_to_right_large_ship.wbt,ekf_on_cluster_off,1,0,5.0
1782410227.2019174,66.08265042304993,-200.0,145.9605649723269,0.2,5.45869763493765,6.372454686013748,1.7970976233185096,-0.061916910916039465,5.6299705525936155,1782410227.2089236,None,None,None, None, 1782410227.196904,1.0714804814133714,apf_colreg,static_obstacle,1.0,1.2760957909339263,0.0,23.106570538246395,-1.7374949850608479,5.160921543992045,1.3384751428067978,1.1302818717105865,mr_webots_cross_left_to_right_large_ship.wbt,ekf_on_cluster_off,1,0,5.0
1782410227.310073,66.19080591201782,-200.0,161.66338084816024,0.2,5.457194342508308,6.414882875945601,1.751310065415261,-0.021690284699093315,5.6270718773567525,1782410227.280973,None,None,None, None, 1782410227.280973,0.9017992390420478,apf_colreg,static_obstacle,1.0,1.2785574586643305,0.0,22.683279788965574,-1.2863363175253835,5.192237956115026,1.3146958813042937,1.1418906794831187,mr_webots_cross_left_to_right_large_ship.wbt,ekf_on_cluster_off,1,0,5.0
1782410227.401814,66.28254699707031,-200.0,181.92961360757567,0.2,5.448660741359158,6.458581934574092,1.7040187991881268,-0.08484686919411018,5.620730205516974,1782410227.3557155,None,None,None, None, 1782410227.3617172,0.9874027495425326,apf_colreg,static_obstacle,1.0,1.2847932683152132,0.0,22.248033186014087,-0.6636890177288617,5.227460905294932,1.2693582887873835,1.151056726801591,mr_webots_cross_left_to_right_large_ship.wbt,ekf_on_cluster_off,1,0,5.0
1782410227.5013154,66.38204836845398,-200.0,200.0,0.2,5.439993380297328,6.5033720809026665,1.6543857678764393,-0.0604407492345124,5.612736278116599,1782410227.487976,None,None,None, None, 1782410227.494076,1.0156629442690461,apf_colreg,static_obstacle,1.0,1.2898147269453824,0.0,21.781697775488027,-0.02822321774981873,5.257340970131171,1.2477822861590373,1.163347394846965,mr_webots_cross_left_to_right_large_ship.wbt,ekf_on_cluster_off,1,0,5.0
1782410227.6021872,66.48292016983032,-184.75522143600415,200.0,0.2,5.434925843603704,6.549249575374173,1.602500963809363,-0.017336665385670972,5.611172755681067,1782410227.578162,None,None,None, None, 1782410227.5821595,1.057916421734338,apf_colreg,static_obstacle,1.0,1.2983118696076135,0.0,21.28696962766969,0.5476161590824331,5.290547631683805,1.2061256650866896,1.1741152908938244,mr_webots_cross_left_to_right_large_ship.wbt,ekf_on_cluster_off,1,0,5.0
1782410227.702394,66.58312702178955,200.0,200.0,0.2,5.427940084719428,6.594034701302386,1.5513687715923457,-0.0370543709487859,5.608536467315982,1782410227.6493084,None,None,None, None, 1782410227.6503062,1.0723978302629715,apf_avoid,crossing_from_starboard,0.0,1.3024916572350331,0.0,12.986948557494474,4.014839776571117,5.328717398202677,1.1663211775922873,1.1834710769065562,mr_webots_cross_left_to_right_large_ship.wbt,ekf_on_cluster_off,1,0,5.0
1782410227.8117995,66.69253253936768,-200.0,161.5834782872166,0.2,5.429129001393529,6.342409990880385,1.828595876899708,0.0624377803682303,5.6186820498771946,1782410227.8117995,6.338687019782305,1.8327279585279792,5.43694466622008, 1782410227.792766, 1782410227.729579,1.0639916967855876,apf_colreg,static_obstacle,1.0,1.068286386402842,5.910197928414494,23.376807917498773,-1.3279684482262735,5.358242035294429,1.1389353540905307,1.1980400889857297,mr_webots_cross_left_to_right_large_ship.wbt,ekf_on_cluster_off,1,0,5.0
1782410227.9029083,66.78364133834839,-200.0,166.33754609755363,0.2,5.429449048697024,6.358320953731972,1.8102568050914023,0.02867675171455274,5.620956661153443,1782410227.8911185,None,None,None, None, 1782410227.8911185,0.9999814682742361,apf_colreg,static_obstacle,1.0,1.3123711377646983,0.0,23.20770143227014,-1.18022389500587,5.08236018638673,1.4607844804035852,1.2081649709647415,mr_webots_cross_left_to_right_large_ship.wbt,ekf_on_cluster_off,1,0,5.0
1782410228.0022976,66.88303065299988,-200.0,172.87766554805816,0.2,5.434094453218942,6.389441555369105,1.7746586453388637,0.032992410965495954,5.6235007155481895,1782410227.9682288,None,None,None, None, 1782410227.9682288,1.052182021074977,apf_colreg,static_obstacle,1.0,1.3171586282018775,0.0,22.856772925847284,-0.9677816481849206,5.095278655244772,1.4482119521567036,1.2170595823871893,mr_webots_cross_left_to_right_large_ship.wbt,ekf_on_cluster_off,1,0,5.0
1782410228.101919,66.98265194892883,-200.0,181.17862979897052,0.2,5.439357644298569,6.429685673492228,1.729216239166024,0.022190608142705622,5.625320171205261,1782410228.050221,None,None,None, None, 1782410228.0512223,1.090933898732026,apf_colreg,static_obstacle,1.0,1.3236651615304222,0.0,22.445258740764537,-0.6936787990469866,5.121047928280219,1.4221392952566747,1.2316534728431716,mr_webots_cross_left_to_right_large_ship.wbt,ekf_on_cluster_off,1,0,5.0
1782410228.2015548,67.08228778839111,-200.0,191.90531147416658,0.2,5.442474273138839,6.473684777943025,1.680076786082422,0.0012351024058728458,5.6254934458101244,1782410228.1905127,None,None,None, None, 1782410228.1825125,1.0325621090251447,apf_colreg,static_obstacle,1.0,1.3306739000676193,0.0,21.984009492113717,-0.32595086233188875,5.1545291663175465,1.388607601006265,1.2438922062960551,mr_webots_cross_left_to_right_large_ship.wbt,ekf_on_cluster_off,1,0,5.0
1782410228.3023033,67.18303632736206,-198.1772792747425,200.0,0.2,5.444072091830685,6.519289055471354,1.629344372987699,-0.002633802257600699,5.625303386856863,1782410228.262674,None,None,None, None, 1782410228.2466063,1.0491920862107398,apf_colreg,static_obstacle,1.0,1.3383189470118186,0.0,21.501283759437662,0.09792334443752537,5.1905361254392774,1.349104175850678,1.2564365143784442,mr_webots_cross_left_to_right_large_ship.wbt,ekf_on_cluster_off,1,0,5.0
1782410228.401516,67.28224897384644,-184.10723342229042,200.0,0.2,5.444411971827827,6.565624171860865,1.577842615357035,-0.0044339568534539344,5.624698867952924,1782410228.3990126,None,None,None, None, 1782410228.3710184,0.9500127587420863,apf_colreg,static_obstacle,1.0,1.3481323976442956,0.0,21.00863412317541,0.5604333887724984,5.2269097550338,1.3014358093161125,1.271396417977721,mr_webots_cross_left_to_right_large_ship.wbt,ekf_on_cluster_off,1,0,5.0
1782410228.5014162,67.38214921951294,-166.8812226473343,200.0,0.2,5.444150370204445,6.610997907273514,1.5273163408126322,9.320306877195144e-06,5.6246994621094215,1782410228.4627612,None,None,None, None, 1782410228.4430609,1.0216567014868752,apf_colreg,static_obstacle,1.0,1.3481323976442956,0.0,20.524578887048065,1.0295539061810266,5.285934561372731,1.241056288168375,1.2832915877867306,mr_webots_cross_left_to_right_large_ship.wbt,ekf_on_cluster_off,1,0,5.0
1782410228.601595,67.48232793807983,-148.21890169776756,200.0,0.2,5.4454066473505405,6.6549885718984285,1.4781922190312233,0.02212379535620221,5.627472152351178,1782410228.5880873,None,None,None, None, 1782410228.573955,0.9329636601012679,apf_colreg,static_obstacle,1.0,1.3557223314066784,0.0,20.048539153626564,1.4562464109298223,5.317368010359457,1.2162271980406016,1.2971408131679045,mr_webots_cross_left_to_right_large_ship.wbt,ekf_on_cluster_off,1,0,5.0
1782410228.7016137,67.58234667778015,-127.98748942695568,200.0,0.2,5.447514910076522,6.697604654852711,1.4306881966229756,0.03237881038064088,5.629883797463626,1782410228.6625695,None,None,None, None, 1782410228.705619,1.0778721704615197,apf_colreg,static_obstacle,1.0,1.3632886030827285,0.0,19.589658298619693,1.8525636762930908,5.317368010359457,1.2162271980406016,1.2971408131679045,mr_webots_cross_left_to_right_large_ship.wbt,ekf_on_cluster_off,1,0,5.0
1782410228.8016887,67.68242168426514,-200.0,177.92480577847076,0.2,5.45501615302475,6.456284716579135,1.7029016077375405,0.05765437032228132,5.63770169403215,1782410228.798169,6.452553265261937,1.7071014716644486,5.460594711723143, 1782410228.797168, 1782410228.7741609,0.913889023116269,apf_colreg,static_obstacle,1.0,0.6965613712639801,58.51518510090522,22.12082241692933,-0.7848457617274263,5.3489119948385175,1.1814173703836544,1.3096072702726445,mr_webots_cross_left_to_right_large_ship.wbt,ekf_on_cluster_off,1,0,5.0
1782410228.9153075,67.79604053497314,-200.0,181.27898922545137,0.2,5.461999996651626,6.482912025756301,1.6740107087421077,0.05240335157611258,5.641268561868807,1782410228.8662345,None,None,None, None, 1782410228.849701,1.0386416315413654,apf_colreg,static_obstacle,1.0,1.3784051806089899,0.0,21.842122417867046,-0.6719126036641372,5.0979050932993415,1.470220833898609,1.3207822969315146,mr_webots_cross_left_to_right_large_ship.wbt,ekf_on_cluster_off,1,0,5.0
1782410229.0013955,67.88212847709656,-200.0,188.86109762482553,0.2,5.467954870179752,6.522516101461466,1.63180002071522,0.020347536582980344,5.643896667620909,1782410228.9953954,None,None,None, None, 1782410228.985886,0.9276212714225194,apf_colreg,static_obstacle,1.0,1.3881178798750433,0.0,21.457529215125458,-0.41975932540939587,5.109914547559641,1.4681610712632978,1.334991076416976,mr_webots_cross_left_to_right_large_ship.wbt,ekf_on_cluster_off,1,0,5.0
1782410229.1022413,67.98297429084778,-200.0,198.31062819500494,0.2,5.473114467207192,6.567958031233612,1.5838870460818795,0.01885554789428104,5.6451535680830025,1782410229.0620549,None,None,None, None, 1782410229.0590534,0.9400613220895798,apf_colreg,static_obstacle,1.0,1.396012865571902,0.0,21.027314467394646,-0.09099566131783732,5.145055476969515,1.420564196552197,1.3465246958148316,mr_webots_cross_left_to_right_large_ship.wbt,ekf_on_cluster_off,1,0,5.0
1782410229.201909,68.08264207839966,-192.836212406682,200.0,0.2,5.477945354789236,6.615614139336834,1.534082102991981,0.022397562063140704,5.6469318397921215,1782410229.1414506,None,None,None, None, 1782410229.1999085,0.9970163015233988,apf_colreg,static_obstacle,1.0,1.405496547171266,0.0,20.568473366443385,0.2745459145752984,5.179299262732339,1.3913644713150004,1.3604913827985021,mr_webots_cross_left_to_right_large_ship.wbt,ekf_on_cluster_off,1,0,5.0
1782410229.3021863,68.18291926383972,-179.26624735494565,200.0,0.2,5.481370259137139,6.663385083180476,1.4845772963200652,0.014677404004391955,5.648828471564294,1782410229.2706718,None,None,None, None, 1782410229.2706718,1.0675908744260028,apf_colreg,static_obstacle,1.0,1.417093003524036,0.0,20.109516566551378,0.6758638773818917,5.216166159289911,1.3498785985218897,1.374770762819891,mr_webots_cross_left_to_right_large_ship.wbt,ekf_on_cluster_off,1,0,5.0
1782410229.4039297,68.28466272354126,-162.93332334352465,200.0,0.2,5.484107775482444,6.710249916235661,1.4362306005349978,0.01770561539065668,5.650129541570375,1782410229.3441553,None,None,None, None, 1782410229.4059303,1.0174734984043086,apf_colreg,static_obstacle,1.0,1.4259784464983698,0.0,19.660826181372688,1.0840169361099607,5.253743841247373,1.3224230578700529,1.3869224646428928,mr_webots_cross_left_to_right_large_ship.wbt,ekf_on_cluster_off,1,0,5.0
1782410229.5019302,68.38266324996948,-143.09130313743546,200.0,0.2,5.48558608662815,6.755887712458488,1.3893035527864441,0.015010009838387099,5.652188734166116,1782410229.4813433,None,None,None, None, 1782410229.4813433,0.9333135020889678,apf_colreg,static_obstacle,1.0,1.4387877637673274,0.0,19.22528014842902,1.5073103623461535,5.287788654541652,1.2866172480044094,1.402268694843399,mr_webots_cross_left_to_right_large_ship.wbt,ekf_on_cluster_off,1,0,5.0
1782410229.604795,68.48552799224854,-127.08553895949025,200.0,0.2,5.49342885421406,6.799995099526223,1.3439587868210818,0.0817891056925497,5.657609082942202,1782410229.5476155,None,None,None, None, 1782410229.5526125,1.0353023856130696,apf_colreg,static_obstacle,1.0,1.448692916087046,0.0,18.818181966615796,1.7971189784523878,5.323116914153824,1.2641129372710442,1.4152165927853495,mr_webots_cross_left_to_right_large_ship.wbt,ekf_on_cluster_off,1,0,5.0
1782410229.7017615,68.5824944972992,-109.1884966250375,200.0,0.2,5.5006692552660255,6.8432189426069385,1.3003409077892343,0.0652255892127783,5.666162533033647,1782410229.678752,None,None,None, None, 1782410229.688835,1.0705977843999472,apf_colreg,static_obstacle,1.0,1.45979173782235,0.0,18.431730649948776,2.087825683640732,5.354540293683365,1.2338500147546494,1.430043190275731,mr_webots_cross_left_to_right_large_ship.wbt,ekf_on_cluster_off,1,0,5.0
1782410229.8016577,68.68239068984985,-200.0,181.73461413415765,0.2,5.505232288809998,6.578852443774673,1.57320040152919,0.06987743616417261,5.671379303583919,1782410229.753408,6.574803809770117,1.5773586820361354,5.499777409123791, 1782410229.798658, 1782410229.7569158,1.0141282458649705,apf_colreg,static_obstacle,1.0,0.411388052020435,24.061455864352123,20.84876613714271,-0.6277752981305409,5.3863047096420456,1.2181278849039843,1.4415647763324497,mr_webots_cross_left_to_right_large_ship.wbt,ekf_on_cluster_off,1,0,5.0
1782410229.9019327,68.7826657295227,-200.0,176.62263296004164,0.2,5.524053914442411,6.604912942965534,1.54768949405522,0.1678248344298953,5.691660589180286,1782410229.874256,None,None,None, None, 1782410229.8934278,0.9723713883674934,apf_colreg,static_obstacle,1.0,1.4813132937824167,0.0,20.610351753233303,-0.768280395712166,5.100712301022378,1.5118537262017893,1.4552743562095014,mr_webots_cross_left_to_right_large_ship.wbt,ekf_on_cluster_off,1,0,5.0
1782410230.0014274,68.88216042518616,-200.0,180.49291400743553,0.2,5.53627835997344,6.645827856360835,1.5095952172228944,0.028677828067034554,5.6951209261982,1782410229.9949183,None,None,None, None, 1782410229.97012,1.0994794406441522,apf_colreg,static_obstacle,1.0,1.49032198277304,0.0,20.277080576698417,-0.646431905917316,5.125112717961706,1.4628897020153362,1.4683239457321113,mr_webots_cross_left_to_right_large_ship.wbt,ekf_on_cluster_off,1,0,5.0
1782410230.1020014,68.9827344417572,-200.0,188.31181533065921,0.2,5.545583583443385,6.693510047975341,1.4660610710842987,0.026298685195404875,5.696903551871772,1782410230.0627022,None,None,None, None, 1782410230.092352,0.9262913668571384,apf_colreg,static_obstacle,1.0,1.5024888613703125,0.0,19.905805937431218,-0.4061021558448368,5.1591262678231,1.4323508234021332,1.481585092967926,mr_webots_cross_left_to_right_large_ship.wbt,ekf_on_cluster_off,1,0,5.0
1782410230.201491,69.0822241306305,-200.0,198.72017553713007,0.2,5.551664950806254,6.7437489259550425,1.4208871142696058,0.012253694619045193,5.697837803533086,1782410230.2040796,None,None,None, None, 1782410230.1529853,1.0213780463272817,apf_colreg,static_obstacle,1.0,1.5176797982581434,0.0,19.51951984536396,-0.0708276119030109,5.194562964933379,1.3933565460449253,1.497261439175736,mr_webots_cross_left_to_right_large_ship.wbt,ekf_on_cluster_off,1,0,5.0
1782410230.301646,69.18237900733948,-190.4564332428886,200.0,0.2,5.555258878712905,6.795422390427098,1.3748126893699535,0.0056701302804547955,5.698551433826271,1782410230.2648025,None,None,None, None, 1782410230.2839913,1.037781108080568,apf_colreg,static_obstacle,1.0,1.5280271982825386,0.0,19.128995875556665,0.3270925795993609,5.236982001766648,1.3572075468760256,1.5097802536770915,mr_webots_cross_left_to_right_large_ship.wbt,ekf_on_cluster_off,1,0,5.0
1782410230.4031057,69.28383874893188,-174.73699062342914,200.0,0.2,5.557752122860931,6.8466939972322205,1.329269384352953,0.009496334590995815,5.699786499530391,1782410230.3948596,None,None,None, None, 1782410230.3482609,1.064065800335343,apf_colreg,static_obstacle,1.0,1.5434653593452334,0.0,18.741714020067782,0.7467633378310254,5.274026882896647,1.327505576984002,1.5247578677810747,mr_webots_cross_left_to_right_large_ship.wbt,ekf_on_cluster_off,1,0,5.0
1782410230.5182605,69.39899349212646,-156.56126636642048,200.0,0.2,5.56035268687367,6.896711724877093,1.2849409335023978,0.021000078878439236,5.7011581298673875,1782410230.460175,None,None,None, None, 1782410230.4762337,0.9526476742019137,apf_colreg,static_obstacle,1.0,1.5591157572214802,0.0,18.36644270943519,1.155287367432098,5.311355592623482,1.2985133407531482,1.539793826255946,mr_webots_cross_left_to_right_large_ship.wbt,ekf_on_cluster_off,1,0,5.0
1782410230.603141,69.48387408256531,-135.6793913302815,200.0,0.2,5.562591896611875,6.945248825951886,1.2420701932721272,0.024802922884428077,5.70348777986125,1782410230.5541015,None,None,None, None, 1782410230.5611007,0.9734274236357392,apf_colreg,static_obstacle,1.0,1.5704156908657974,0.0,18.00613434433942,1.5571486492724955,5.347282801091298,1.2723472992551648,1.5535526009647316,mr_webots_cross_left_to_right_large_ship.wbt,ekf_on_cluster_off,1,0,5.0
1782410230.7018466,69.58257961273193,-115.18712970934432,200.0,0.2,5.567355733592639,6.992112471749584,1.2007775213712808,0.054959155393411015,5.71016759805153,1782410230.675643,None,None,None, None, 1782410230.692332,0.9880896630911724,apf_colreg,static_obstacle,1.0,1.5704156908657974,0.0,17.669382763995188,1.8986557597834386,5.347282801091298,1.2723472992551648,1.5535526009647316,mr_webots_cross_left_to_right_large_ship.wbt,ekf_on_cluster_off,1,0,5.0
1782410230.8021212,69.68285417556763,-92.50855452531694,200.0,0.2,5.571764710917273,7.037504126749571,1.161166966925192,0.05151859381671095,5.713556462691632,1782410230.7414224,None,None,None, None, 1782410230.7644434,1.0437580460590001,apf_colreg,static_obstacle,1.0,1.5852928361170244,0.0,17.345071772740198,2.2343197282772764,5.4095675357334745,1.2255755145749057,1.569481226766259,mr_webots_cross_left_to_right_large_ship.wbt,ekf_on_cluster_off,1,0,5.0
1782410230.9018056,69.78253865242004,-200.0,179.37259942282972,0.2,5.5686702664596766,6.70599662474676,1.448758871286463,0.15736056074137852,5.7349245455221975,1782410230.877213,6.7020416050294,1.4521893628372478,5.53360723497701, 1782410230.806137, 1782410230.8496845,0.9072367493101896,apf_colreg,static_obstacle,1.0,0.6669760118392619,14.5668085439808,19.70919640872181,-0.6594685327740084,5.444937487384685,1.198843686234525,1.5811159261331265,mr_webots_cross_left_to_right_large_ship.wbt,ekf_on_cluster_off,1,0,5.0
1782410231.0018148,69.8825478553772,-200.0,177.24816083360136,0.2,5.582644463080514,6.730724634237238,1.4275597401342868,0.08409177296008256,5.740573202438177,1782410230.9443855,None,None,None, None, 1782410230.9831617,1.0678461997161248,apf_colreg,static_obstacle,1.0,1.6136961974783357,0.0,19.520186586697548,-0.7108435551232675,5.09557054612359,1.5459783090690116,1.5949582554687671,mr_webots_cross_left_to_right_large_ship.wbt,ekf_on_cluster_off,1,0,5.0
1782410231.1016443,69.98237729072571,-200.0,181.87957984587646,0.2,5.594025626248646,6.772065073440098,1.3932204622755173,0.04013172798754379,5.746140832124086,1782410231.0831194,None,None,None, None, 1782410231.0583878,1.0470290088701628,apf_colreg,static_obstacle,1.0,1.6253811466007915,0.0,19.236252404059446,-0.575224177753535,5.110641466351096,1.5211586852561167,1.6061818959345022,mr_webots_cross_left_to_right_large_ship.wbt,ekf_on_cluster_off,1,0,5.0
1782410231.2072797,70.0880126953125,-200.0,189.8304462107963,0.2,5.603696370624864,6.821731849422777,1.3528199125315612,0.03559060110697087,5.748882526853573,1782410231.1601536,None,None,None, None, 1782410231.1360438,1.064727847553123,apf_colreg,static_obstacle,1.0,1.6412326431430844,0.0,18.91360901216424,-0.3417795786615905,5.139930155820664,1.4984716059644534,1.619311272131688,mr_webots_cross_left_to_right_large_ship.wbt,ekf_on_cluster_off,1,0,5.0
1782410231.3023522,70.18308520317078,-200.0,200.0,0.2,5.610220085618,6.8745496965041095,1.3106045503099448,0.016600050483001307,5.750221781538687,1782410231.3132007,None,None,None, None, 1782410231.2883742,1.037147355010474,apf_colreg,static_obstacle,1.0,1.654957952667885,0.0,18.579402632809224,-0.01796475476236692,5.17660708507186,1.4633709966209574,1.6340987180095086,mr_webots_cross_left_to_right_large_ship.wbt,ekf_on_cluster_off,1,0,5.0
1782410231.4016607,70.28239369392395,-190.0718970317736,200.0,0.2,5.6166471953192705,6.928952845624763,1.2675456714879427,0.03030924376337885,5.7544430458965765,1782410231.3801045,None,None,None, None, 1782410231.3605158,0.9932207571571205,apf_colreg,static_obstacle,1.0,1.6700814354363414,0.0,18.243010995181386,0.3228407680328935,5.2163688478329755,1.422430327249371,1.6468956614106522,mr_webots_cross_left_to_right_large_ship.wbt,ekf_on_cluster_off,1,0,5.0
1782410231.5016603,70.38239336013794,-176.84167453040135,200.0,0.2,5.623031287109166,6.9829477045830854,1.2253038414333801,0.036043063763841594,5.7567815332489305,1782410231.507802,None,None,None, None, 1782410231.4810271,0.9262794904242777,apf_colreg,static_obstacle,1.0,1.6857056909468062,0.0,17.916294593732534,0.6624650862134205,5.258660855388898,1.387763134362895,1.6623654119107911,mr_webots_cross_left_to_right_large_ship.wbt,ekf_on_cluster_off,1,0,5.0
1782410231.6014328,70.48216581344604,-159.790267920773,200.0,0.2,5.626893184248681,7.035986431146339,1.1842944835258624,0.018994966775712215,5.759363909720667,1782410231.5809355,None,None,None, None, 1782410231.562904,1.0891095741456442,apf_colreg,static_obstacle,1.0,1.705969886879152,0.0,17.600734014264013,1.0385334228360756,5.295581966157533,1.357336158166527,1.679098496589368,mr_webots_cross_left_to_right_large_ship.wbt,ekf_on_cluster_off,1,0,5.0
1782410231.703258,70.58399105072021,-141.11711923515287,200.0,0.2,5.631246667844587,7.087576986424779,1.1445840819449842,0.0362549276515274,5.7620511525106375,1782410231.6550562,None,None,None, None, 1782410231.696818,0.9659958269824948,apf_colreg,static_obstacle,1.0,1.7190656661430477,0.0,17.299947661095565,1.3940722160633259,5.337806776532356,1.331520905867977,1.6920130741388455,mr_webots_cross_left_to_right_large_ship.wbt,ekf_on_cluster_off,1,0,5.0
1782410231.8019164,70.68264937400818,-121.17470481765606,200.0,0.2,5.636205242027092,7.1376436479921,1.1063261818163852,0.04793926469434981,5.76837853964751,1782410231.7870438,None,None,None, None, 1782410231.7649224,1.0472038746399221,apf_colreg,static_obstacle,1.0,1.7386821560243138,0.0,17.01388727247576,1.727090283645456,5.374023573779744,1.3182100763184466,1.7079832631966916,mr_webots_cross_left_to_right_large_ship.wbt,ekf_on_cluster_off,1,0,5.0
1782410231.901536,70.78226900100708,-200.0,189.51519223154338,0.2,5.618626554259919,6.838832603059912,1.328834823314436,0.06204876478051855,5.772970939756884,1782410231.8610566,6.834358835644469,1.3321740866434253,5.573857913997616, 1782410231.813419, 1782410231.8995485,0.9590102586756034,apf_colreg,static_obstacle,1.0,1.2160966775094162,34.19067365674345,18.699064572579676,-0.347004822217992,5.412119577412708,1.294572281328577,1.7201167228730212,mr_webots_cross_left_to_right_large_ship.wbt,ekf_on_cluster_off,1,0,5.0
1782410232.0019538,70.88268685340881,200.0,200.0,0.2,5.626497638577582,6.8697372479176835,1.3047324592965825,0.060105320528792645,5.780658002104777,1782410231.9889498,None,None,None, None, 1782410231.968845,1.0048259579639127,apf_avoid,none,0.0,nan,nan,11.566312846434682,3.913638136564419,5.091200983402457,1.5929581910757207,1.7344460754212259,mr_webots_cross_left_to_right_large_ship.wbt,ekf_on_cluster_off,1,0,5.0
1782410232.101586,70.98231911659241,200.0,200.0,0.2,5.628801660982131,6.899067998751489,1.2819036535746107,0.06904469394894124,5.785783367752994,1782410232.0631824,None,None,None, None, 1782410232.0406568,1.096439263968581,apf_avoid,none,0.0,nan,nan,11.394661431297731,4.122446491948508,5.116250997159853,1.5712856132225994,1.747318296437225,mr_webots_cross_left_to_right_large_ship.wbt,ekf_on_cluster_off,1,0,5.0
1782410232.2037504,71.08448338508606,200.0,200.0,0.2,5.637928635651411,6.927539757569804,1.2596973228770845,0.15635382435287884,5.805248529887372,1782410232.1876767,None,None,None, None, 1782410232.1761713,0.9462220724645527,apf_avoid,none,0.0,nan,nan,11.258197227554765,4.248918851024083,5.141200913733775,1.5934077084804512,1.7569155119345892,mr_webots_cross_left_to_right_large_ship.wbt,ekf_on_cluster_off,1,0,5.0
1782410232.3015733,71.18230628967285,200.0,200.0,0.2,5.652834955705126,6.955790554455894,1.2381544244661857,0.18769336964917813,5.818420481174044,1782410232.2578547,None,None,None, None, 1782410232.304609,0.9152489030496489,apf_avoid,none,0.0,nan,nan,11.155206086798165,4.306871220845574,5.161999044146728,1.5987449335379633,1.7665896077801102,mr_webots_cross_left_to_right_large_ship.wbt,ekf_on_cluster_off,1,0,5.0
1782410232.4022985,71.28303146362305,200.0,200.0,0.2,5.666772607951136,6.984141884545943,1.2172927429839615,0.15730139341495777,5.84004061692926,1782410232.3952987,None,None,None, None, 1782410232.3716402,0.9252022183578276,apf_avoid,none,0.0,nan,nan,11.057363343970383,4.372269764019645,5.182988515339217,1.5918492634661243,1.7760656847596155,mr_webots_cross_left_to_right_large_ship.wbt,ekf_on_cluster_off,1,0,5.0
1782410232.5026832,71.38341617584229,200.0,200.0,0.2,5.676264876682236,7.012628069223646,1.1969355022739365,0.11631466679088084,5.848442730305949,1782410232.4675348,None,None,None, None, 1782410232.5001798,1.0723930654858247,apf_avoid,none,0.0,nan,nan,10.94743004492987,4.4844957875787985,5.204902505029655,1.6033074044775184,1.785687183396722,mr_webots_cross_left_to_right_large_ship.wbt,ekf_on_cluster_off,1,0,5.0
1782410232.6011746,71.48190760612488,200.0,200.0,0.2,5.688968779490203,7.041187934409721,1.176860507826829,0.15698958076743713,5.868340784178159,1782410232.5942824,None,None,None, None, 1782410232.5748158,1.0439548963544414,apf_avoid,none,0.0,nan,nan,10.85740636671587,4.561303105216647,5.204902505029655,1.6033074044775184,1.785687183396722,mr_webots_cross_left_to_right_large_ship.wbt,ekf_on_cluster_off,1,0,5.0
1782410232.7024922,71.58322525024414,200.0,200.0,0.2,5.702442071176487,7.069963907177966,1.1572066036969844,0.15742215004425697,5.879782037829072,1782410232.6669612,None,None,None, None, 1782410232.7054923,0.9928190228736173,apf_avoid,none,0.0,nan,nan,10.77769548700029,4.628221238776007,5.2395701236144285,1.5892893434235325,1.7924468645720197,mr_webots_cross_left_to_right_large_ship.wbt,ekf_on_cluster_off,1,0,5.0
1782410232.8018432,71.6825761795044,200.0,200.0,0.2,5.716310954012353,7.098978448993881,1.137975245752362,0.15738720287226352,5.899436863791633,1782410232.7918432,None,None,None, None, 1782410232.7803223,1.0392555887211246,apf_avoid,none,0.0,nan,nan,10.706591588410934,4.689208677954092,5.262288785128122,1.6037768781269899,1.8004216872783385,mr_webots_cross_left_to_right_large_ship.wbt,ekf_on_cluster_off,1,0,5.0
1782410232.9025156,71.78324866294861,187.88661323181387,200.0,0.2,5.724149332290844,6.935029164195086,1.248549255431599,0.1675204596777393,5.915714806102504,1782410232.889013,6.932477862811698,1.2502577010484421,5.710018432546537, 1782410232.819595, 1782410232.8709917,1.0517792394337655,apf_avoid,none,0.0,nan,nan,11.505403700967614,3.3865105121994574,5.2896808256944805,1.589667047647517,1.8089670118332084,mr_webots_cross_left_to_right_large_ship.wbt,ekf_on_cluster_off,1,0,5.0
1782410233.0021615,71.88289451599121,184.55825197545454,200.0,0.2,5.735347463927324,6.948298816837477,1.2401802971695082,0.16605693120779175,5.927084724385008,1782410232.957483,None,None,None, None, 1782410232.9419699,1.0879330482384493,apf_avoid,none,0.0,nan,nan,11.485938285791,3.3503362361240194,5.118665583435775,1.7368078317402948,1.8157541066768355,mr_webots_cross_left_to_right_large_ship.wbt,ekf_on_cluster_off,1,0,5.0
1782410233.1016476,71.98238062858582,185.77229081698323,200.0,0.2,5.746869717996026,6.967477391727911,1.228393818771457,0.1458657020660167,5.94513949587689,1782410233.0812597,None,None,None, None, 1782410233.080267,1.013638623375349,apf_avoid,none,0.0,nan,nan,11.445485074791089,3.3494839697023355,5.1282002259481425,1.7669306362216541,1.824425282324986,mr_webots_cross_left_to_right_large_ship.wbt,ekf_on_cluster_off,1,0,5.0
1782410233.2022107,72.08294367790222,191.01377989114678,200.0,0.2,5.758008617524119,6.991188242948971,1.2141760898619531,0.13843242411118634,5.955047390382404,1782410233.1528318,None,None,None, None, 1782410233.1690748,0.9440878495391916,apf_avoid,none,0.0,nan,nan,11.38941613013374,3.3817105711215594,5.145925234163618,1.7540911349497137,1.8320949525674308,mr_webots_cross_left_to_right_large_ship.wbt,ekf_on_cluster_off,1,0,5.0
1782410233.3015604,72.18229341506958,186.57350423893044,200.0,0.2,5.778025137964806,7.017854578793454,1.19856139259422,0.2204453815851887,5.984425678928763,1782410233.2860997,None,None,None, None, 1782410233.295623,1.034618452348292,apf_avoid,none,0.0,nan,nan,11.356583076569121,3.330708742186464,5.1650542002876785,1.7694866179367783,1.8398900727501868,mr_webots_cross_left_to_right_large_ship.wbt,ekf_on_cluster_off,1,0,5.0
1782410233.4024498,72.28318285942078,192.90675299744666,200.0,0.2,5.7905443315633685,7.046877690576949,1.1824528159698264,0.12472278086200185,5.9945119399063564,1782410233.366969,None,None,None, None, 1782410233.3654613,1.027630855503724,apf_avoid,none,0.0,nan,nan,11.29834772487682,3.3727859059121545,5.181441201710198,1.7637690477468824,1.848425482648061,mr_webots_cross_left_to_right_large_ship.wbt,ekf_on_cluster_off,1,0,5.0
1782410233.5012136,72.3819465637207,188.15359162601794,200.0,0.2,5.8118658952346856,7.076982040930101,1.166140795099464,0.2205095411404218,6.009985603757764,1782410233.5012136,None,None,None, None, 1782410233.5012136,0.9258661702672909,apf_avoid,none,0.0,nan,nan,11.27140053243847,3.320074866462739,5.2081108309446185,1.7604114605633492,1.8557749069613412,mr_webots_cross_left_to_right_large_ship.wbt,ekf_on_cluster_off,1,0,5.0
1782410233.602058,72.48279094696045,188.11414476798373,200.0,0.2,5.829316916873276,7.108222627290342,1.1501715807417519,0.16405449480758097,6.021745627964958,1782410233.5728972,None,None,None, None, 1782410233.5728972,1.0169950639381289,apf_avoid,none,0.0,nan,nan,11.236598844846473,3.309463781181707,5.227831842848372,1.7624687141096613,1.865225881111027,mr_webots_cross_left_to_right_large_ship.wbt,ekf_on_cluster_off,1,0,5.0
1782410233.7034369,72.58416986465454,191.25437736862773,200.0,0.2,5.844117814167154,7.140157766067926,1.1345105483604527,0.146632840975521,6.032299945151311,1782410233.644875,None,None,None, None, 1782410233.658383,1.003423910870797,apf_avoid,none,0.0,nan,nan,11.197802664940633,3.327077889810706,5.251606719650195,1.7632257996041723,1.8734377383923135,mr_webots_cross_left_to_right_large_ship.wbt,ekf_on_cluster_off,1,0,5.0
1782410233.8019738,72.68270683288574,189.1989115747014,200.0,0.2,5.862532088489493,7.17239855685988,1.1192392844304164,0.18753609316474354,6.057915366724426,1782410233.7814643,None,None,None, None, 1782410233.7864656,1.0476190912327057,apf_avoid,none,0.0,nan,nan,11.176096854308675,3.3015454378080933,5.279553893575312,1.7564370758399983,1.8817607287283595,mr_webots_cross_left_to_right_large_ship.wbt,ekf_on_cluster_off,1,0,5.0
1782410233.9018693,72.78260231018066,-76.03174267002116,200.0,0.2,5.886015441932039,7.016356215337481,1.1968766540440359,0.3151056250756042,6.079749461894948,1782410233.8507557,7.013863749422896,1.1980962594206663,5.866183815049071, 1782410233.823004, 1782410233.8537495,0.9529155777433036,track,none,0.0,nan,nan,11.176096854308675,3.3015454378080933,5.306228678600955,1.7370124855006048,1.8922186004274228,mr_webots_cross_left_to_right_large_ship.wbt,ekf_on_cluster_off,1,0,5.0
1782410234.002185,72.88291811943054,-82.86938849776416,200.0,0.2,5.90336405528744,7.043963899498944,1.1855381037102624,0.10106013150603135,6.093334462478024,1782410233.9851806,None,None,None, None, 1782410233.9841814,0.9864183269649649,track,none,0.0,nan,nan,11.176096854308675,3.3015454378080933,5.120720652675381,1.8174150911914726,1.9007333529673924,mr_webots_cross_left_to_right_large_ship.wbt,ekf_on_cluster_off,1,0,5.0
1782410234.1017008,72.98243379592896,-87.94294460079162,200.0,0.2,5.919325981100713,7.084806058336363,1.1694321519200503,0.11694891053462235,6.1036641729465195,1782410234.0735073,None,None,None, None, 1782410234.0652053,0.9859834995514639,track,none,0.0,nan,nan,11.176096854308675,3.3015454378080933,5.1455072713060215,1.8144718153015376,1.9118246388328195,mr_webots_cross_left_to_right_large_ship.wbt,ekf_on_cluster_off,1,0,5.0
1782410234.202042,73.0827751159668,-93.1625349616971,200.0,0.2,5.936633709840347,7.133336301390383,1.1511302745184588,0.13427034648531794,6.113347103538211,1782410234.1456225,None,None,None, None, 1782410234.203048,1.036500524036389,track,none,0.0,nan,nan,11.176096854308675,3.3015454378080933,5.1455072713060215,1.8144718153015376,1.9118246388328195,mr_webots_cross_left_to_right_large_ship.wbt,ekf_on_cluster_off,1,0,5.0
1782410234.30122,73.18195295333862,-97.3417753282353,200.0,0.2,5.952191476787569,7.185564076162162,1.1324789537661166,0.11271023669030761,6.129926534323754,1782410234.2927203,None,None,None, None, 1782410234.2792037,1.071723153060468,track,none,0.0,nan,nan,11.176096854308675,3.3015454378080933,5.201425504054007,1.777806542314839,1.9253469151653482,mr_webots_cross_left_to_right_large_ship.wbt,ekf_on_cluster_off,1,0,5.0
1782410234.4016588,73.28239178657532,-100.82997459999741,200.0,0.2,5.966381250154375,7.239488483808557,1.1141271950580283,0.10386811270303327,6.138279436389656,1782410234.3731387,None,None,None, None, 1782410234.3536005,1.0835304480366228,track,none,0.0,nan,nan,11.176096854308675,3.3015454378080933,5.234423836526027,1.7745725438408126,1.937591914962317,mr_webots_cross_left_to_right_large_ship.wbt,ekf_on_cluster_off,1,0,5.0
1782410234.5023365,73.38306951522827,-103.49729124442538,200.0,0.2,5.978788088099299,7.294339705493133,1.0962895110368969,0.09181445419718919,6.144537886962011,1782410234.5201433,None,None,None, None, 1782410234.517135,1.0852826480682307,track,none,0.0,nan,nan,11.176096854308675,3.3015454378080933,5.311461244913353,1.7563124624491449,1.968250503534448,mr_webots_cross_left_to_right_large_ship.wbt,ekf_on_cluster_off,1,0,5.0
1782410234.6036377,73.48437070846558,-104.89090060528528,200.0,0.2,5.988392600732273,7.349790284105804,1.07897080472274,0.07220044187883924,6.150230205478012,1782410234.610635,None,None,None, None, 1782410234.5941248,0.9625793645444163,track,none,0.0,nan,nan,11.176096854308675,3.3015454378080933,5.311461244913353,1.7563124624491449,1.968250503534448,mr_webots_cross_left_to_right_large_ship.wbt,ekf_on_cluster_off,1,0,5.0
1782410234.7030149,73.58374786376953,-107.35438800960918,200.0,0.2,6.000167103660668,7.405604563786273,1.0620557367914927,0.09994455735073064,6.16810256665204,1782410234.698966,None,None,None, None, 1782410234.6724122,0.9011436015194583,track,none,0.0,nan,nan,11.176096854308675,3.3015454378080933,5.354549638425961,1.7619207551705987,1.9816817327861844,mr_webots_cross_left_to_right_large_ship.wbt,ekf_on_cluster_off,1,0,5.0
1782410234.8027475,73.68348050117493,-109.09173983781142,200.0,0.2,6.010218047096214,7.46186839650356,1.0457610205543766,0.08010393610337556,6.174236261453046,1782410234.7755377,None,None,None, None, 1782410234.7545016,0.9116447468293145,track,none,0.0,nan,nan,11.176096854308675,3.3015454378080933,5.400314282196812,1.7439263511202139,1.998508688282085,mr_webots_cross_left_to_right_large_ship.wbt,ekf_on_cluster_off,1,0,5.0
1782410234.9016576,73.78239059448242,-124.42457634288641,200.0,0.2,6.0064879685346755,7.146459998109689,1.1429201696999918,0.08783452037671358,6.182940106922915,1782410234.8746314,7.14154659520509,1.1444121573140187,5.979044829361632, 1782410234.823494, 1782410234.8686328,1.0433831563328781,track,none,0.0,nan,nan,11.176096854308675,3.3015454378080933,5.442437894560266,1.7375036382281457,2.0121679627555604,mr_webots_cross_left_to_right_large_ship.wbt,ekf_on_cluster_off,1,0,5.0
1782410235.001971,73.88270401954651,-126.96137264287944,200.0,0.2,6.0159920977025125,7.1805771400876495,1.133273543627558,0.09048228163518943,6.18965839320844,1782410234.9488811,None,None,None, None, 1782410234.9488811,0.9628582237940629,track,none,0.0,nan,nan,11.176096854308675,3.3015454378080933,5.442437894560266,1.7375036382281457,2.0121679627555604,mr_webots_cross_left_to_right_large_ship.wbt,ekf_on_cluster_off,1,0,5.0
1782410235.102444,73.98317694664001,-129.6600951818973,200.0,0.2,6.027367067707465,7.229470607357047,1.1199757177319558,0.0965941369710844,6.20371423961486,1782410235.0943956,None,None,None, None, 1782410235.0883713,0.9465222814252453,track,none,0.0,nan,nan,11.176096854308675,3.3015454378080933,5.13813072691225,1.8885358013425517,2.03914410667589,mr_webots_cross_left_to_right_large_ship.wbt,ekf_on_cluster_off,1,0,5.0
1782410235.2014942,74.08222723007202,-131.98259155742707,200.0,0.2,6.0384407921285295,7.285576717986787,1.1054356411629236,0.08433900696946536,6.211269192083628,1782410235.183974,None,None,None, None, 1782410235.170464,0.9723924541722754,track,none,0.0,nan,nan,11.176096854308675,3.3015454378080933,5.17272732486887,1.8815214671002467,2.061692337350771,mr_webots_cross_left_to_right_large_ship.wbt,ekf_on_cluster_off,1,0,5.0
1782410235.3022914,74.1830244064331,-134.74220646756737,200.0,0.2,6.050639724610081,7.3443254216898275,1.0908967650521948,0.09368154727064051,6.217431132807075,1782410235.2497494,None,None,None, None, 1782410235.3042972,1.0175520487667915,track,none,0.0,nan,nan,11.176096854308675,3.3015454378080933,5.207611665808829,1.8955257532668934,2.0792204686886144,mr_webots_cross_left_to_right_large_ship.wbt,ekf_on_cluster_off,1,0,5.0
1782410235.4014351,74.28216814994812,-137.45011273433872,200.0,0.2,6.062616547780796,7.404140548050249,1.0768921498056532,0.08723793647478816,6.22572791169096,1782410235.3448546,None,None,None, None, 1782410235.3798814,0.9531033316938733,track,none,0.0,nan,nan,11.176096854308675,3.3015454378080933,5.207611665808829,1.8955257532668934,2.0792204686886144,mr_webots_cross_left_to_right_large_ship.wbt,ekf_on_cluster_off,1,0,5.0
1782410235.5012598,74.38199281692505,-140.05619186733685,200.0,0.2,6.0742089524663365,7.464566834078132,1.0635087242185115,0.08289242897347257,6.237986979365758,1782410235.4927459,None,None,None, None, 1782410235.4556832,0.9315309751590999,track,none,0.0,nan,nan,11.176096854308675,3.3015454378080933,5.293939508411827,1.87577039363869,2.1131561875006892,mr_webots_cross_left_to_right_large_ship.wbt,ekf_on_cluster_off,1,0,5.0
1782410235.6021976,74.4829306602478,-141.73693396569115,200.0,0.2,6.083362416609739,7.5254752135724825,1.0507532035781892,0.06150174903095696,6.242933772220206,1782410235.5731792,None,None,None, None, 1782410235.5917027,1.019864016371638,track,none,0.0,nan,nan,11.176096854308675,3.3015454378080933,5.33947229764761,1.8516262254757188,2.129268994806775,mr_webots_cross_left_to_right_large_ship.wbt,ekf_on_cluster_off,1,0,5.0
1782410235.7028604,74.58359336853027,-143.7154985811676,200.0,0.2,6.093128034592299,7.586713980291746,1.038458634994825,0.07329265028667865,6.249650904495358,1782410235.6648273,None,None,None, None, 1782410235.6648273,0.9505933784116076,track,none,0.0,nan,nan,11.176096854308675,3.3015454378080933,5.3810485166847615,1.854747159079595,2.146129034345514,mr_webots_cross_left_to_right_large_ship.wbt,ekf_on_cluster_off,1,0,5.0
1782410235.8019094,74.68264245986938,-145.7616726127918,200.0,0.2,6.102907077278525,7.64829878255482,1.0267249555233455,0.07261155761391631,6.254920158322096,1782410235.8044224,None,None,None, None, 1782410235.8044224,0.9465526045684516,track,none,0.0,nan,nan,11.176096854308675,3.3015454378080933,5.425628961746802,1.8705437059074432,2.1644660601752292,mr_webots_cross_left_to_right_large_ship.wbt,ekf_on_cluster_off,1,0,5.0
1782410235.901509,74.78224205970764,-154.28554112235378,200.0,0.2,6.0972842671318634,7.3049778690247855,1.0968604347296065,0.07126087522724552,6.2644771223386115,1782410235.8715074,7.299625638547971,1.0979342150767908,6.067807728721716, 1782410235.831451, 1782410235.8930063,0.980163678661325,track,none,0.0,nan,nan,0.0,0.0,5.470388310235835,1.8717763074736797,2.1800831446987665,mr_webots_cross_left_to_right_large_ship.wbt,ekf_on_cluster_off,1,0,5.0
1782410236.002959,74.8836920261383,-158.5635900748173,200.0,0.2,6.1115508870801225,7.343521318770649,1.0896945192111076,0.13140674985619866,6.274300615777371,1782410235.9462638,None,None,None, None, 1782410235.9617682,1.0197402462524583,track,none,0.0,nan,nan,0.0,0.0,5.1076336376968445,1.9724567012751937,2.2009655167218884,mr_webots_cross_left_to_right_large_ship.wbt,ekf_on_cluster_off,1,0,5.0
1782410236.1020925,74.98282551765442,-161.07095694232788,200.0,0.2,6.122041276371107,7.398298907404034,1.080472799001317,0.056331698139051534,6.281585371976663,1782410236.0755827,None,None,None, None, 1782410236.0910919,0.9048533487154248,track,none,0.0,nan,nan,0.0,0.0,5.128287539162768,1.963084351924206,2.218490341949013,mr_webots_cross_left_to_right_large_ship.wbt,ekf_on_cluster_off,1,0,5.0
1782410236.2032547,75.08398771286011,-163.4555344008667,200.0,0.2,6.132545181936227,7.460020943659989,1.0706536568815022,0.06898907685319841,0.002905659259712756,1782410236.2052555,None,None,None, None, 1782410236.1645617,0.9457113646943112,track,none,0.0,nan,nan,0.0,0.0,5.168757802883523,1.968979441965331,2.2363360806593113,mr_webots_cross_left_to_right_large_ship.wbt,ekf_on_cluster_off,1,0,5.0
1782410236.3024766,75.18320965766907,-165.49328859543533,200.0,0.2,6.142046733520468,7.523895023849969,1.0611668296330876,0.06036815299584972,0.01175364475378749,1782410236.2874587,None,None,None, None, 1782410236.2353063,1.0664438611969713,track,none,0.0,nan,nan,0.0,0.0,5.209360572566175,1.973733129319762,2.2558506669536222,mr_webots_cross_left_to_right_large_ship.wbt,ekf_on_cluster_off,1,0,5.0
1782410236.401869,75.28260207176208,-167.86652404711708,200.0,0.2,6.152407383102233,7.588482209562784,1.0521757936445528,0.07061861111477898,0.01703549696912672,1782410236.3622527,None,None,None, None, 1782410236.3898652,0.9813330889857694,track,none,0.0,nan,nan,0.0,0.0,5.261320684737482,1.9584715502380052,2.2728689561427973,mr_webots_cross_left_to_right_large_ship.wbt,ekf_on_cluster_off,1,0,5.0
1782410236.5019891,75.38272213935852,-169.74871177842618,200.0,0.2,6.161194132126026,7.653515764739727,1.0438284751617104,0.05386334135895507,0.024400550296080854,1782410236.4989886,None,None,None, None, 1782410236.4592052,1.0051572757127225,track,none,0.0,nan,nan,0.0,0.0,5.301201426303721,1.9639264620502872,2.2942788834212346,mr_webots_cross_left_to_right_large_ship.wbt,ekf_on_cluster_off,1,0,5.0
1782410236.602787,75.48352003097534,-171.74308632845185,200.0,0.2,6.170190776132272,7.7188708072260965,1.035993222955776,0.05907166842487181,0.02860855939095259,1782410236.5702243,None,None,None, None, 1782410236.5441577,0.9171139963860295,track,none,0.0,nan,nan,0.0,0.0,5.352180727748489,1.9527947844206637,2.3131663828795443,mr_webots_cross_left_to_right_large_ship.wbt,ekf_on_cluster_off,1,0,5.0
1782410236.701703,75.58243608474731,-173.45098534444332,200.0,0.2,6.178192271132876,7.784540588427472,1.0287219309847124,0.04983870224819641,0.03186238438585821,1782410236.6355114,None,None,None, None, 1782410236.7088652,0.9888119222758132,track,none,0.0,nan,nan,0.0,0.0,5.430795447185647,1.929386893879161,2.3322777051198544,mr_webots_cross_left_to_right_large_ship.wbt,ekf_on_cluster_off,1,0,5.0
1782410236.8020866,75.68281960487366,-176.10674605467625,200.0,0.2,6.188973854667276,7.850482276007259,1.021935091248169,0.07650839699935785,0.04387178162021657,1782410236.7924798,None,None,None, None, 1782410236.7839494,0.9921111943036603,track,none,0.0,nan,nan,0.0,0.0,5.430795447185647,1.929386893879161,2.3322777051198544,mr_webots_cross_left_to_right_large_ship.wbt,ekf_on_cluster_off,1,0,5.0
1782410236.902496,75.78322911262512,-177.28656519456604,200.0,0.2,6.176526516773528,7.478490352565798,1.0623482824065233,0.04567902524343611,0.04710747144979285,1782410236.863315,7.47270146131686,1.0629617371877094,6.136865407022312, 1782410236.83815, 1782410236.8663166,0.9802450556566691,track,none,0.0,nan,nan,0.0,0.0,5.470773738504888,1.9369419818479339,2.353043301911436,mr_webots_cross_left_to_right_large_ship.wbt,ekf_on_cluster_off,1,0,5.0
1782410237.0020707,75.88280367851257,-179.2471831523072,200.0,0.2,6.1843810956787415,7.52014465149039,1.058002159731644,0.05390244691921035,0.05426342152060062,1782410236.9960725,None,None,None, None, 1782410236.9400733,1.0404368444872965,track,none,0.0,nan,nan,0.0,0.0,5.095042823897224,2.0474953957543134,2.371275031326306,mr_webots_cross_left_to_right_large_ship.wbt,ekf_on_cluster_off,1,0,5.0
1782410237.1020308,75.98276376724243,-181.00812657112155,200.0,0.2,6.192220254801902,7.578822935304318,1.0523515404623893,0.05016468249559276,0.058162360496122126,1782410237.0737953,None,None,None, None, 1782410237.0812802,1.0149301127429964,track,none,0.0,nan,nan,0.0,0.0,5.119447512519361,2.0427847629362073,2.3939794540405273,mr_webots_cross_left_to_right_large_ship.wbt,ekf_on_cluster_off,1,0,5.0
1782410237.2016106,76.08234357833862,-182.77899534174009,200.0,0.2,6.200227484954097,7.644061030994571,1.0465832173233398,0.05084433571430221,0.0645844777710557,1782410237.2001047,None,None,None, None, 1782410237.1503952,0.960820958397805,track,none,0.0,nan,nan,0.0,0.0,5.164690520257473,2.035817190245957,2.4117933050736036,mr_webots_cross_left_to_right_large_ship.wbt,ekf_on_cluster_off,1,0,5.0
1782410237.3014739,76.18220686912537,-187.53872973764794,200.0,0.2,6.2181836540777224,7.710999673051049,1.0412098268219534,0.14035601801900865,0.07395723108863261,1782410237.2668831,None,None,None, None, 1782410237.299474,0.9046321912022459,track,none,0.0,nan,nan,0.0,0.0,5.21046973974246,2.0131552940000543,2.4271272554510785,mr_webots_cross_left_to_right_large_ship.wbt,ekf_on_cluster_off,1,0,5.0
1782410237.4018178,76.28255081176758,-190.43491570767566,200.0,0.2,6.229750655482861,7.778823338973961,1.0372518145088394,0.05044728469152819,0.0776062995865603,1782410237.4028249,None,None,None, None, 1782410237.3672626,0.9238541135735953,track,none,0.0,nan,nan,0.0,0.0,5.240957320045552,2.002290991265251,2.451848199234593,mr_webots_cross_left_to_right_large_ship.wbt,ekf_on_cluster_off,1,0,5.0
1782410237.5019891,76.38272213935852,-192.59419161869414,200.0,0.2,6.238710753487887,7.847120163451176,1.033957460741468,0.038895568123747885,0.08274438968400019,1782410237.471317,None,None,None, None, 1782410237.445791,1.0205324528779676,track,none,0.0,nan,nan,0.0,0.0,5.282991763407412,2.0136280161394384,2.473701829831167,mr_webots_cross_left_to_right_large_ship.wbt,ekf_on_cluster_off,1,0,5.0
1782410237.601615,76.48234796524048,-194.4090709030412,200.0,0.2,6.2463854054242605,7.915743249329779,1.0311831371049394,0.036591699623487885,0.08539930283431561,1782410237.543872,None,None,None, None, 1782410237.5719209,1.0983521370788456,track,none,0.0,nan,nan,0.0,0.0,5.332791033356546,2.0085634622434587,2.4964299641420413,mr_webots_cross_left_to_right_large_ship.wbt,ekf_on_cluster_off,1,0,5.0
1782410237.7025392,76.58327221870422,-195.81730008985627,200.0,0.2,6.252493796622302,7.984628787322388,1.0288832137119357,0.027700981306476375,0.08973913230907886,1782410237.700539,None,None,None, None, 1782410237.7015414,0.9735472598791095,track,none,0.0,nan,nan,0.0,0.0,5.370411056218892,2.015663407643128,2.5155324026558183,mr_webots_cross_left_to_right_large_ship.wbt,ekf_on_cluster_off,1,0,5.0
1782410237.801742,76.68247509002686,-197.09306602074867,200.0,0.2,6.258040905819298,8.053717655341858,1.0269542053109006,0.027700981306476375,0.09527932857037413,1782410237.8049626,None,None,None, None, 1782410237.8149583,1.0993600433167598,track,none,0.0,nan,nan,0.0,0.0,5.370411056218892,2.015663407643128,2.5155324026558183,mr_webots_cross_left_to_right_large_ship.wbt,ekf_on_cluster_off,1,0,5.0
1782410237.9122336,76.79296660423279,-192.45593382452947,200.0,0.2,6.236586974630986,7.661740665983684,1.0380351433731267,0.03447460790300508,0.10131612313062187,1782410237.8756475,7.655648967251687,1.0382022233875192,6.183666490648724, 1782410237.838046, 1782410237.8856473,1.0485760674873892,track,none,0.0,nan,nan,0.0,0.0,5.472655971489147,2.0255633293763866,2.5610882545479075,mr_webots_cross_left_to_right_large_ship.wbt,ekf_on_cluster_off,1,0,5.0
1782410238.0033424,76.8840754032135,-193.56606707985534,200.0,0.2,6.241355134208895,7.705425497185766,1.0360976785123892,0.025121201469712355,0.10333051898011368,1782410237.9558346,None,None,None, None, 1782410237.9558346,0.9119096303417461,track,none,0.0,nan,nan,0.0,0.0,5.072089083904968,2.097999894590896,2.5778197546305233,mr_webots_cross_left_to_right_large_ship.wbt,ekf_on_cluster_off,1,0,5.0
1782410238.102092,76.98282504081726,-194.6145750563046,200.0,0.2,6.24615014435352,7.766715290405175,1.0336534418369343,0.028157860000491038,0.10613407055841727,1782410238.0554001,None,None,None, None, 1782410238.0554001,0.9429131056316385,track,none,0.0,nan,nan,0.0,0.0,5.106936927502023,2.1053531323797348,2.6017875787829903,mr_webots_cross_left_to_right_large_ship.wbt,ekf_on_cluster_off,1,0,5.0
1782410238.202322,77.08305501937866,-195.61999205070646,200.0,0.2,6.250801361106605,7.834224710257075,1.0312854856175804,0.02635230783207941,0.10822310923974388,1782410238.1346736,None,None,None, None, 1782410238.1367137,1.031059706788289,track,none,0.0,nan,nan,0.0,0.0,5.155958315525149,2.0944653341965442,2.619716900641255,mr_webots_cross_left_to_right_large_ship.wbt,ekf_on_cluster_off,1,0,5.0
1782410238.3014498,77.18218278884888,-196.47735423220033,200.0,0.2,6.2548335354714855,7.903084065986697,1.0291886340329022,0.020771854558697785,0.1103618955691111,1782410238.2376392,None,None,None, None, 1782410238.3039594,1.0401963655495017,track,none,0.0,nan,nan,0.0,0.0,5.20859842804758,2.1026062756899706,2.6440171910849997,mr_webots_cross_left_to_right_large_ship.wbt,ekf_on_cluster_off,1,0,5.0
1782410238.4018512,77.28258419036865,-197.32982949187152,200.0,0.2,6.258778227755987,7.972247635515978,1.0273472063724114,0.021624673066764927,0.11373988457419032,1782410238.3938491,None,None,None, None, 1782410238.3823285,1.05816945988542,track,none,0.0,nan,nan,0.0,0.0,5.249991280299341,2.12121808135989,2.6666167411816324,mr_webots_cross_left_to_right_large_ship.wbt,ekf_on_cluster_off,1,0,5.0
1782410238.5023706,77.38310360908508,-198.31102568730333,200.0,0.2,6.263142503690012,8.041553669299143,1.025772624961892,0.02565112065776499,0.11585584467964256,1782410238.476339,None,None,None, None, 1782410238.4578264,1.0891527206474223,track,none,0.0,nan,nan,0.0,0.0,5.303649989838214,2.1317451116436503,2.6883251338537124,mr_webots_cross_left_to_right_large_ship.wbt,ekf_on_cluster_off,1,0,5.0
1782410238.6028273,77.48356032371521,-199.35430274872544,200.0,0.2,6.267668848411593,8.110993237589815,1.0245107213321312,0.025650286577913392,0.11823765648054839,1782410238.5691962,None,None,None, None, 1782410238.5545614,0.9160069335786156,track,none,0.0,nan,nan,0.0,0.0,5.34918890406973,2.1242644981494507,2.708090408523891,mr_webots_cross_left_to_right_large_ship.wbt,ekf_on_cluster_off,1,0,5.0
1782410238.7052817,77.58601474761963,-200.0,200.0,0.2,6.271404656912117,8.180570871562441,1.0235709556628763,0.017585157300678382,0.11940861980787607,1782410238.706282,None,None,None, None, 1782410238.7072825,0.9021319566725701,track,none,0.0,nan,nan,0.0,0.0,5.400634999622519,2.134100392128531,2.7318047185588834,mr_webots_cross_left_to_right_large_ship.wbt,ekf_on_cluster_off,1,0,5.0
1782410238.8020184,77.68275141716003,-200.0,200.0,0.2,6.275366292847147,8.25024137504654,1.0228744534063026,0.02131252807787265,0.12092635409980622,1782410238.7774951,None,None,None, None, 1782410238.7774951,1.0605749472763688,track,none,0.0,nan,nan,0.0,0.0,5.483480499357988,2.1235586787672225,2.7487240491029,mr_webots_cross_left_to_right_large_ship.wbt,ekf_on_cluster_off,1,0,5.0
1782410238.9022346,77.78296756744385,-195.90718163943046,200.0,0.2,6.255965796902139,7.845296036718938,1.0210342599582805,0.026112187344251536,0.12329479565295139,1782410238.8681977,7.839027545177453,1.0210154829234268,6.209933533805096, 1782410238.839989, 1782410238.8681977,1.0217292597910117,track,none,0.0,nan,nan,0.0,0.0,5.483480499357988,2.1235586787672225,2.7487240491029,mr_webots_cross_left_to_right_large_ship.wbt,ekf_on_cluster_off,1,0,5.0
1782410239.0038753,77.8846082687378,-196.72864435090594,200.0,0.2,6.259476285341242,7.888483000526865,1.0199334865362584,0.017775685404727813,0.12457909543309338,1782410238.940448,None,None,None, None, 1782410238.94345,1.07369563958411,track,none,0.0,nan,nan,0.0,0.0,5.074587633686131,2.226805751406189,2.776258807625599,mr_webots_cross_left_to_right_large_ship.wbt,ekf_on_cluster_off,1,0,5.0
1782410239.102006,77.9827389717102,-197.7038353965209,200.0,0.2,6.263706224033718,7.949909179798826,1.0185698419636111,0.02705801516378266,0.12839536023897372,1782410239.0814881,None,None,None, None, 1782410239.0920072,0.9177449815618689,track,none,0.0,nan,nan,0.0,0.0,5.09927599012721,2.2220468658246983,2.7931661344182843,mr_webots_cross_left_to_right_large_ship.wbt,ekf_on_cluster_off,1,0,5.0
1782410239.2030692,78.08380222320557,-198.19860168838528,200.0,0.2,6.266072474427449,8.017812152331897,1.0173698658607577,0.006326175349503728,0.12903470710587983,1782410239.1825519,None,None,None, None, 1782410239.1825519,0.9071197177832755,track,none,0.0,nan,nan,0.0,0.0,5.139649448160463,2.215213014593924,2.8130904589671735,mr_webots_cross_left_to_right_large_ship.wbt,ekf_on_cluster_off,1,0,5.0
1782410239.3018365,78.18256950378418,-198.83787449800548,200.0,0.2,6.268969186267061,8.087035986754145,1.0162645740930571,0.016970968677467984,0.13041358536310255,1782410239.263801,None,None,None, None, 1782410239.2542963,0.9383674295086242,track,none,0.0,nan,nan,0.0,0.0,5.193248394640359,2.232652155340225,2.837524898567414,mr_webots_cross_left_to_right_large_ship.wbt,ekf_on_cluster_off,1,0,5.0
1782410239.40159,78.28232312202454,-199.50060941411624,200.0,0.2,6.271895411573451,8.156527461806155,1.015363604247657,0.016316505558848567,0.13254283615229112,1782410239.3942978,None,None,None, None, 1782410239.3827868,1.0599432017048105,track,none,0.0,nan,nan,0.0,0.0,5.238430026683048,2.2315219398463286,2.8621253245508025,mr_webots_cross_left_to_right_large_ship.wbt,ekf_on_cluster_off,1,0,5.0
1782410239.5017421,78.38247513771057,-200.0,200.0,0.2,6.2746983397226215,8.226131302364758,1.0146687836535833,0.014746692184076572,0.13361488234810995,1782410239.4669952,None,None,None, None, 1782410239.4492576,1.0608540998745957,track,none,0.0,nan,nan,0.0,0.0,5.28882983911727,2.228087242874746,2.8854717508487204,mr_webots_cross_left_to_right_large_ship.wbt,ekf_on_cluster_off,1,0,5.0
1782410239.601396,78.48212909698486,-200.0,200.0,0.2,6.277619266086793,8.295807297624844,1.0141676213316764,0.01588695570551255,0.13572622087785813,1782410239.5998929,None,None,None, None, 1782410239.5783467,0.9141126890944964,track,none,0.0,nan,nan,0.0,0.0,5.341769699568234,2.2448394260079385,2.904004191957278,mr_webots_cross_left_to_right_large_ship.wbt,ekf_on_cluster_off,1,0,5.0
1782410239.7025757,78.58330869674683,-200.0,200.0,0.2,6.2801699008232275,8.365493912367983,1.0138726608861894,0.012307821757545584,0.13651524648709418,1782410239.6640005,None,None,None, None, 1782410239.7051315,1.0013937682768106,track,none,0.0,nan,nan,0.0,0.0,5.3894291445220235,2.2432977672695125,2.9257455675501083,mr_webots_cross_left_to_right_large_ship.wbt,ekf_on_cluster_off,1,0,5.0
1782410239.8021274,78.68286037445068,-200.0,199.53822052712604,0.2,6.282685061778909,8.435182419380066,1.0137467902096162,0.012945253387890833,0.13751106061259458,1782410239.7409256,None,None,None, None, 1782410239.7720995,1.0517482578417976,track,none,0.0,nan,nan,0.0,0.0,5.439443968875131,2.2420018876012513,2.9496888778079517,mr_webots_cross_left_to_right_large_ship.wbt,ekf_on_cluster_off,1,0,5.0
1782410239.901392,78.7821249961853,-197.08307458083962,200.0,0.2,-0.017531765379618452,8.03775033018239,1.0078228115829333,0.01336383618204039,0.13938020207062812,1782410239.8807912,8.031581691513027,1.0077439407291362,6.228001867954667, 1782410239.84524, 1782410239.9039032,1.0009001982961128,track,none,0.0,nan,nan,0.0,0.0,5.484400491813052,2.242645586610088,2.971600888664346,mr_webots_cross_left_to_right_large_ship.wbt,ekf_on_cluster_off,1,0,5.0
1782410240.0021262,78.8828592300415,-197.53774058889957,200.0,0.2,6.267665191434081,8.081740804257425,1.0070935621446075,0.010652566909317157,0.14013786621714386,1782410239.9519162,None,None,None, None, 1782410239.9749644,0.969693224395457,track,none,0.0,nan,nan,0.0,0.0,5.07244423606046,2.294396847445184,2.9905816008009585,mr_webots_cross_left_to_right_large_ship.wbt,ekf_on_cluster_off,1,0,5.0
1782410240.1029866,78.98371958732605,-198.04479695484477,200.0,0.2,6.269958106505111,8.143629350940177,1.006185025539672,0.014462667818759954,0.14197658494163656,1782410240.0790517,None,None,None, None, 1782410240.0488038,1.0248295067286912,track,none,0.0,nan,nan,0.0,0.0,5.114523461207012,2.31342667518967,3.0149041099270693,mr_webots_cross_left_to_right_large_ship.wbt,ekf_on_cluster_off,1,0,5.0
1782410240.2017908,79.08252382278442,-198.59574888019796,200.0,0.2,6.272402584237838,8.211682195337483,1.0053497946554586,0.014576947885802861,0.1429727675290558,1782410240.1473913,None,None,None, None, 1782410240.1859715,0.9132638388403308,track,none,0.0,nan,nan,0.0,0.0,5.16144102624978,2.313013832467598,3.0350836795183413,mr_webots_cross_left_to_right_large_ship.wbt,ekf_on_cluster_off,1,0,5.0
1782410240.3022516,79.1829845905304,-199.63123311053386,200.0,0.2,6.276678998699628,8.280978174925322,1.0046747891400116,0.030437123435438692,0.14662215649870167,1782410240.2672906,None,None,None, None, 1782410240.2582748,0.9371773269130766,track,none,0.0,nan,nan,0.0,0.0,5.205923450178423,2.3136342963969567,3.0583876326694344,mr_webots_cross_left_to_right_large_ship.wbt,ekf_on_cluster_off,1,0,5.0
1782410240.4015353,79.28226828575134,-200.0,200.0,0.2,6.279838247834946,8.35057175219119,1.0043454044281503,0.014252002694527572,0.14767312643922256,1782410240.3410325,None,None,None, None, 1782410240.386135,0.9524852071376686,track,none,0.0,nan,nan,0.0,0.0,5.248062055950429,2.3058569057085605,3.0862506560137213,mr_webots_cross_left_to_right_large_ship.wbt,ekf_on_cluster_off,1,0,5.0
1782410240.5022378,79.38297080993652,-200.0,200.0,0.2,6.282202936054594,8.420247389459043,1.0042182740807526,0.009167373043109854,0.1489045100326351,1782410240.475355,None,None,None, None, 1782410240.4552846,0.9991089137412341,track,none,0.0,nan,nan,0.0,0.0,5.3069336457355565,2.3223681343795133,3.1034007228636713,mr_webots_cross_left_to_right_large_ship.wbt,ekf_on_cluster_off,1,0,5.0
1782410240.6021438,79.48287677764893,-200.0,199.91986501401192,0.2,0.0018172253132244353,8.489934366222727,1.0042322382596147,0.015673330375297174,0.14995129602892227,1782410240.5421426,None,None,None, None, 1782410240.5956447,1.0116369555024458,track,none,0.0,nan,nan,0.0,0.0,5.351605238325694,2.324637412588006,3.1253156091154226,mr_webots_cross_left_to_right_large_ship.wbt,ekf_on_cluster_off,1,0,5.0
1782410240.7014742,79.58220720291138,-200.0,199.35457295418422,0.2,0.003933169430889288,8.5596136231893,1.0044472528032315,0.008965074328740764,0.15114695019906754,1782410240.6755106,None,None,None, None, 1782410240.6655757,0.9927953712856882,track,none,0.0,nan,nan,0.0,0.0,5.400023243456864,2.3224556816265784,3.1425963375474,mr_webots_cross_left_to_right_large_ship.wbt,ekf_on_cluster_off,1,0,5.0
1782410240.8020172,79.68275022506714,-200.0,198.7805830793751,0.2,0.006013518196192441,8.62922870776825,1.004795238756131,0.01020824725303219,0.15184879543020885,1782410240.7442634,None,None,None, None, 1782410240.7995136,1.0816937926486745,track,none,0.0,nan,nan,0.0,0.0,5.446714470039006,2.3245075514995537,3.169632353117282,mr_webots_cross_left_to_right_large_ship.wbt,ekf_on_cluster_off,1,0,5.0
1782410240.9020066,79.78273963928223,-198.26387510199905,200.0,0.2,-0.009101754566774659,8.227518374476738,0.9979646235024767,0.009964430527931856,0.15311807779141617,1782410240.8716447,8.221294491885638,0.997867940698572,6.241120028311036, 1782410240.847072, 1782410240.866132,1.0846892355165965,track,none,0.0,nan,nan,0.0,0.0,5.446714470039006,2.3245075514995537,3.169632353117282,mr_webots_cross_left_to_right_large_ship.wbt,ekf_on_cluster_off,1,0,5.0
1782410241.0022223,79.88295531272888,-198.62421465919653,200.0,0.2,6.275611036210636,8.271169773322406,0.9976020071697462,0.0072675112230785625,0.15366380684021358,1782410241.0032296,None,None,None, None, 1782410241.0042274,1.055691783835959,track,none,0.0,nan,nan,0.0,0.0,5.078665495170895,2.4197964933080462,3.191946548871338,mr_webots_cross_left_to_right_large_ship.wbt,ekf_on_cluster_off,1,0,5.0
1782410241.1014597,79.98219275474548,-199.0325894346737,200.0,0.2,6.277356402004648,8.333028510195836,0.9971744245056797,0.010793107434796683,0.15504696656925804,1782410241.0748885,None,None,None, None, 1782410241.067332,1.0129174072202294,track,none,0.0,nan,nan,0.0,0.0,5.1045138869470925,2.4219602667005695,3.2093070265967234,mr_webots_cross_left_to_right_large_ship.wbt,ekf_on_cluster_off,1,0,5.0
1782410241.205323,80.08605599403381,-199.46732983838484,200.0,0.2,6.279179851750322,8.401187763941241,0.996828293457817,0.010533770609036902,0.15583554322818485,1782410241.1497502,None,None,None, None, 1782410241.209322,0.9039635244324926,track,none,0.0,nan,nan,0.0,0.0,5.157258722000602,2.466189902626549,3.235361074461216,mr_webots_cross_left_to_right_large_ship.wbt,ekf_on_cluster_off,1,0,5.0
1782410241.301752,80.18248510360718,-199.8970797134218,200.0,0.2,6.280943659232238,8.4705995317688,0.9966061500800478,0.00945357050845869,0.15660240573244932,1782410241.230869,None,None,None, None, 1782410241.2892425,1.0411215263278435,track,none,0.0,nan,nan,0.0,0.0,5.190453397812448,2.4263814606415357,3.257365319797352,mr_webots_cross_left_to_right_large_ship.wbt,ekf_on_cluster_off,1,0,5.0
1782410241.403098,80.28383111953735,-200.0,200.0,0.2,6.283583252269072,8.540239886682714,0.9965062993697344,0.017278511501984086,0.15927277627303535,1782410241.3854177,None,None,None, None, 1782410241.3583763,0.976551541081341,track,none,0.0,nan,nan,0.0,0.0,5.250181362146748,2.4483007297870727,3.27629699768813,mr_webots_cross_left_to_right_large_ship.wbt,ekf_on_cluster_off,1,0,5.0
1782410241.504341,80.38507390022278,-200.0,200.0,0.2,0.0025756360111076596,8.609922371691445,0.9966128048204936,0.010563214851096384,0.16001596571512136,1782410241.455774,None,None,None, None, 1782410241.491837,0.970164243180728,track,none,0.0,nan,nan,0.0,0.0,5.294625745791068,2.4483243914055373,3.2983818612180404,mr_webots_cross_left_to_right_large_ship.wbt,ekf_on_cluster_off,1,0,5.0
1782410241.601781,80.48251390457153,-200.0,200.0,0.2,0.004447624962579861,8.679610163047343,0.996864103161812,0.008631167901747689,0.16059514836364913,1782410241.60479,None,None,None, None, 1782410241.5730271,1.0491383085030077,track,none,0.0,nan,nan,0.0,0.0,5.35714660043064,2.490766928061541,3.3157671422548822,mr_webots_cross_left_to_right_large_ship.wbt,ekf_on_cluster_off,1,0,5.0
1782410241.7019503,80.58268332481384,-200.0,199.50049695266492,0.2,0.006250506046362805,8.749298257000671,0.9972366888760789,0.009034653293334428,0.16198639274390836,1782410241.6768675,None,None,None, None, 1782410241.7094626,1.0321068291963278,track,none,0.0,nan,nan,0.0,0.0,5.408105593742219,2.4922417070868237,3.3424082091765377,mr_webots_cross_left_to_right_large_ship.wbt,ekf_on_cluster_off,1,0,5.0
1782410241.801752,80.68248510360718,-200.0,198.991332344706,0.2,0.008025652654912547,8.818930184684234,0.9977321873152576,0.009045578426214966,0.16269031375372542,1782410241.7546868,None,None,None, None, 1782410241.801752,1.0393101231239483,track,none,0.0,nan,nan,0.0,0.0,5.435958569705294,2.45425008251527,3.364638128396726,mr_webots_cross_left_to_right_large_ship.wbt,ekf_on_cluster_off,1,0,5.0
1782410241.9061787,80.78691172599792,-198.58252581765734,200.0,0.2,-0.004961949757488754,8.40963211282707,0.9906705704466224,0.006873159209268499,0.16330557259294964,1782410241.9112227,8.403307689090003,0.9905691347909433,6.250297006124408, 1782410241.847203, 1782410241.8871458,0.9973688472977439,track,none,0.0,nan,nan,0.0,0.0,5.50054336850631,2.475821017153674,3.380555472484475,mr_webots_cross_left_to_right_large_ship.wbt,ekf_on_cluster_off,1,0,5.0
1782410242.0017138,80.88244676589966,-199.3125465640923,200.0,0.2,6.281116794953718,8.452617667398059,0.9904834737907962,0.02442326207111789,0.1666882520138061,1782410241.9827054,None,None,None, None, 1782410241.9681869,0.9348338282301648,track,none,0.0,nan,nan,0.0,0.0,5.071784939073871,2.521951905198147,3.4030480229963382,mr_webots_cross_left_to_right_large_ship.wbt,ekf_on_cluster_off,1,0,5.0
1782410242.102374,80.98310708999634,-199.8222629261898,200.0,0.2,-6.552798312110797e-05,8.514246564124228,0.990435189587842,0.007232151531257134,0.16723356913411314,1782410242.0581071,None,None,None, None, 1782410242.0416012,0.9989427703557453,track,none,0.0,nan,nan,0.0,0.0,5.113494073212697,2.5623024553908453,3.4335099821927346,mr_webots_cross_left_to_right_large_ship.wbt,ekf_on_cluster_off,1,0,5.0
1782410242.202954,81.08368706703186,-200.0,200.0,0.2,0.001650529384132375,8.58244077209777,0.9904969176101517,0.007589186918148442,0.16825098748484316,1782410242.1921687,None,None,None, None, 1782410242.1808257,1.0905135014642158,track,none,0.0,nan,nan,0.0,0.0,5.16101911744875,2.563887869313217,3.450978110601683,mr_webots_cross_left_to_right_large_ship.wbt,ekf_on_cluster_off,1,0,5.0
1782410242.3015575,81.18229055404663,-200.0,200.0,0.2,0.0031721993925152518,8.651917109462616,0.9906688937886159,0.007080034377030403,0.16882370285873508,1782410242.2730603,None,None,None, None, 1782410242.2470326,1.0042555215492874,track,none,0.0,nan,nan,0.0,0.0,5.19934335938764,2.5463834619693246,3.4732403732444417,mr_webots_cross_left_to_right_large_ship.wbt,ekf_on_cluster_off,1,0,5.0
1782410242.4016187,81.28235173225403,-200.0,200.0,0.2,0.004470689059990538,8.721577265634785,0.990940470857332,0.005877633708996691,0.16927476103319042,1782410242.3498018,None,None,None, None, 1782410242.3753285,1.0334954729149899,track,none,0.0,nan,nan,0.0,0.0,5.2511656640579005,2.549646054167597,3.49236550931976,mr_webots_cross_left_to_right_large_ship.wbt,ekf_on_cluster_off,1,0,5.0
1782410242.502198,81.38293099403381,-200.0,200.0,0.2,0.005822346485494986,8.791261919637538,0.9912955809323591,0.0071534689468799794,0.1701858872862565,1782410242.4771702,None,None,None, None, 1782410242.5006905,0.9446843525256596,track,none,0.0,nan,nan,0.0,0.0,5.314865861653611,2.598208757563062,3.511520672417642,mr_webots_cross_left_to_right_large_ship.wbt,ekf_on_cluster_off,1,0,5.0
1782410242.6021073,81.48284029960632,-200.0,199.82804729169987,0.2,0.0071709067887698414,8.860949397178612,0.9917447470522518,0.007138636060881208,0.17070051943094625,1782410242.5492613,None,None,None, None, 1782410242.5704458,1.0601597097876778,track,none,0.0,nan,nan,0.0,0.0,5.362146854600389,2.602925775423557,3.5427939659524776,mr_webots_cross_left_to_right_large_ship.wbt,ekf_on_cluster_off,1,0,5.0
1782410242.7018452,81.58257818222046,-200.0,199.44401047857892,0.2,0.008449430970713483,8.930617543197224,0.9922881084987054,0.006477322296908238,0.17156844241858138,1782410242.6832554,None,None,None, None, 1782410242.6983333,1.0513079448365408,track,none,0.0,nan,nan,0.0,0.0,5.413414439457565,2.606346306553508,3.5604229423693092,mr_webots_cross_left_to_right_large_ship.wbt,ekf_on_cluster_off,1,0,5.0
1782410242.801675,81.68240809440613,-200.0,200.0,0.2,0.010018806446842627,9.00023978447669,0.9929195483032771,0.00910623907569302,0.17220192497909814,1782410242.7528212,None,None,None, None, 1782410242.7717118,1.0135452297268328,track,none,0.0,nan,nan,0.0,0.0,5.439021057906,2.5680806309091846,3.581312749512733,mr_webots_cross_left_to_right_large_ship.wbt,ekf_on_cluster_off,1,0,5.0
1782410242.9016068,81.78233981132507,-198.90506477044278,200.0,0.2,-0.0013229838996565004,8.60272385141497,0.9846784609090148,0.005499406238546658,0.17293088046043542,1782410242.8853729,8.59655358480024,0.9845597565254722,6.257683284936002, 1782410242.858598, 1782410242.8422954,0.9400409555433659,track,none,0.0,nan,nan,0.0,0.0,5.499257628756588,2.5926881135779056,3.6006424266224872,mr_webots_cross_left_to_right_large_ship.wbt,ekf_on_cluster_off,1,0,5.0
1782410243.0022714,81.88300442695618,-199.1661566567823,200.0,0.2,6.282886296654574,8.64693333199894,0.9846414827784713,0.005422280429855814,0.17332601892868815,1782410242.958246,None,None,None, None, 1782410242.971763,0.957745791222846,track,none,0.0,nan,nan,0.0,0.0,5.075460840462962,2.633240740512352,3.620071116600915,mr_webots_cross_left_to_right_large_ship.wbt,ekf_on_cluster_off,1,0,5.0
1782410243.1016076,81.98234057426453,-199.44126639569524,200.0,0.2,0.0007643682092235242,8.70910634761232,0.9846505596175064,0.006167619159373323,0.17414728803703722,1782410243.0914042,None,None,None, None, 1782410243.0995166,0.9808667321421236,track,none,0.0,nan,nan,0.0,0.0,5.1275372746000265,2.6841929922717807,3.652032728114036,mr_webots_cross_left_to_right_large_ship.wbt,ekf_on_cluster_off,1,0,5.0
1782410243.2017803,82.08251333236694,-199.70442892234425,200.0,0.2,0.0017550234673875337,8.777383575350866,0.9847344454459801,0.005226739217525431,0.17452432869136542,1782410243.163541,None,None,None, None, 1782410243.1700678,1.016848882560605,track,none,0.0,nan,nan,0.0,0.0,5.181448455014275,2.6881579301324767,3.6695906599241916,mr_webots_cross_left_to_right_large_ship.wbt,ekf_on_cluster_off,1,0,5.0
1782410243.3020725,82.18280553817749,-200.0,200.0,0.2,0.0029655679457177863,8.84683992251414,0.9848873978395574,0.007359347073804368,0.17545526424084087,1782410243.290038,None,None,None, None, 1782410243.3052032,1.038706379853747,track,none,0.0,nan,nan,0.0,0.0,5.181448455014275,2.6881579301324767,3.6695906599241916,mr_webots_cross_left_to_right_large_ship.wbt,ekf_on_cluster_off,1,0,5.0
1782410243.4021227,82.28285574913025,-200.0,200.0,0.2,0.004242375579059426,8.916497662032365,0.9851313386837433,0.007196987230667502,0.1759774455500728,1782410243.3625937,None,None,None, None, 1782410243.3751075,0.9252269448836855,track,none,0.0,nan,nan,0.0,0.0,5.264677269213543,2.6923906392957324,3.691928204242997,mr_webots_cross_left_to_right_large_ship.wbt,ekf_on_cluster_off,1,0,5.0
1782410243.5015726,82.38230562210083,-200.0,200.0,0.2,0.005360704065658737,8.986182171018246,0.9854672069605499,0.005449011369666312,0.17641018963305402,1782410243.4420106,None,None,None, None, 1782410243.5036998,0.9319032454157677,track,none,0.0,nan,nan,0.0,0.0,5.305501526581279,2.673615010662533,3.71108926005066,mr_webots_cross_left_to_right_large_ship.wbt,ekf_on_cluster_off,1,0,5.0
1782410243.6025088,82.48324179649353,-199.35925428518163,200.0,0.2,0.00682285677011235,9.055869935949321,0.9858776156369657,0.00887461584755339,0.17760297723633428,1782410243.576415,None,None,None, None, 1782410243.5668843,1.0234505502548308,track,none,0.0,nan,nan,0.0,0.0,5.356006388911714,2.677747909237983,3.7286817124425427,mr_webots_cross_left_to_right_large_ship.wbt,ekf_on_cluster_off,1,0,5.0
1782410243.701712,82.58244490623474,-199.46839426790817,200.0,0.2,0.008026920479743986,9.125486184739854,0.9863954269758537,0.0059202061319798055,0.17831253040709638,1782410243.6962678,None,None,None, None, 1782410243.6862247,0.9050969786501715,track,none,0.0,nan,nan,0.0,0.0,5.418206619792078,2.729036886804642,3.7510999194417542,mr_webots_cross_left_to_right_large_ship.wbt,ekf_on_cluster_off,1,0,5.0
1782410243.8016665,82.68239951133728,-199.58204745180117,200.0,0.2,0.009262320734522182,9.195104519739733,0.9869922738642813,0.006724754834043848,0.17877097665890285,1782410243.7644408,None,None,None, None, 1782410243.7554405,1.027984473728685,track,none,0.0,nan,nan,0.0,0.0,5.4696992181326145,2.732974083749537,3.780415192892518,mr_webots_cross_left_to_right_large_ship.wbt,ekf_on_cluster_off,1,0,5.0
1782410243.902563,82.78329610824585,-199.01281824494862,200.0,0.2,0.0009038661729074605,8.791361775055451,0.9801515509767288,0.011434402061167286,0.1794656984565731,1782410243.825198,8.78510988245567,0.9800521842439132,6.264607135530594, 1782410243.858738, 1782410243.8993218,0.9927060918348667,track,none,0.0,nan,nan,0.0,0.0,5.517772481965431,2.7381652118093243,3.8011098934878937,mr_webots_cross_left_to_right_large_ship.wbt,ekf_on_cluster_off,1,0,5.0
1782410244.0031533,82.88388633728027,-199.36252864710374,200.0,0.2,0.0022308675072458444,8.834965542649257,0.9802198464708667,0.006648003965467875,0.1804755052513108,1782410243.9770942,None,None,None, None, 1782410243.969089,1.011235413073328,track,none,0.0,nan,nan,0.0,0.0,5.100506093440408,2.7710271945459337,3.8220582265700167,mr_webots_cross_left_to_right_large_ship.wbt,ekf_on_cluster_off,1,0,5.0
1782410244.1020536,82.98278665542603,-199.828830884892,200.0,0.2,0.003976171718829611,8.896885551540358,0.9803949109536418,0.0114377014817695,0.1812105956410946,1782410244.103563,None,None,None, None, 1782410244.0950453,0.9449655153738182,track,none,0.0,nan,nan,0.0,0.0,5.1200147016527975,2.750674680394606,3.8394571620859206,mr_webots_cross_left_to_right_large_ship.wbt,ekf_on_cluster_off,1,0,5.0
1782410244.202862,83.08359503746033,-200.0,200.0,0.2,0.005599053996492868,8.96514753363567,0.9807191768850103,0.008442787938055802,0.1823079758637494,1782410244.1713417,None,None,None, None, 1782410244.170341,1.0364501179367689,track,none,0.0,nan,nan,0.0,0.0,5.1790644758450775,2.8014186823354557,3.8613314633375895,mr_webots_cross_left_to_right_large_ship.wbt,ekf_on_cluster_off,1,0,5.0
1782410244.3028004,83.18353343009949,-198.55945263886147,200.0,0.2,0.0069665478568561616,9.034633243610873,0.9811606690208805,0.006252364816256722,0.182796729566247,1782410244.2495127,None,None,None, None, 1782410244.3048012,0.9172185297801603,track,none,0.0,nan,nan,0.0,0.0,5.230782326129563,2.8036459052854337,3.880252915391955,mr_webots_cross_left_to_right_large_ship.wbt,ekf_on_cluster_off,1,0,5.0
1782410244.4021132,83.28284621238708,-198.66815669238454,200.0,0.2,0.00849040529914113,9.104133493519896,0.9816863391301638,0.008934820765649283,0.18349007593856612,1782410244.3271132,None,None,None, None, 1782410244.3736777,0.9161796029019695,track,none,0.0,nan,nan,0.0,0.0,5.2828476041628605,2.807130953384771,3.899201066407414,mr_webots_cross_left_to_right_large_ship.wbt,ekf_on_cluster_off,1,0,5.0
1782410244.5015929,83.38232588768005,-198.8062826600672,200.0,0.2,0.010202537303100645,9.17364697434193,0.9823200636562106,0.010358005733671367,0.1851129891427612,1782410244.4837952,None,None,None, None, 1782410244.500594,1.0026880120217718,track,none,0.0,nan,nan,0.0,0.0,5.3390624104016435,2.7767276443927877,3.9211860148445643,mr_webots_cross_left_to_right_large_ship.wbt,ekf_on_cluster_off,1,0,5.0
1782410244.6019492,83.48268222808838,-198.91973588656953,200.0,0.2,0.011790650899107533,9.243176424961163,0.9830784641429844,0.00863073349829645,0.18572730508393162,1782410244.554973,None,None,None, None, 1782410244.5629685,0.9409732774261563,track,none,0.0,nan,nan,0.0,0.0,5.39092973353703,2.7777525890533368,3.9383569749395018,mr_webots_cross_left_to_right_large_ship.wbt,ekf_on_cluster_off,1,0,5.0
1782410244.7016964,83.5824294090271,-199.16096888302727,200.0,0.2,0.014122567500359492,9.31271952800101,0.9839458429348582,0.015376441107592304,0.18774329488961028,1782410244.686082,None,None,None, None, 1782410244.6890864,0.9372924149141626,track,none,0.0,nan,nan,0.0,0.0,5.442551283285005,2.7800852713624624,3.957003240581952,mr_webots_cross_left_to_right_large_ship.wbt,ekf_on_cluster_off,1,0,5.0
1782410244.801665,83.6823980808258,-199.34614233354378,200.0,0.2,0.016080282317815435,9.382288801291283,0.9849946376316723,0.009995001453302184,0.18863336461222013,1782410244.7751334,None,None,None, None, 1782410244.7751334,1.0200072421693571,track,none,0.0,nan,nan,0.0,0.0,5.4894141753597925,2.7794780493504594,3.985784901676715,mr_webots_cross_left_to_right_large_ship.wbt,ekf_on_cluster_off,1,0,5.0
1782410244.9016051,83.78233814239502,-200.0,200.0,0.2,0.008635282351935517,8.9766106118031,0.9771134727570039,0.009990956112445246,0.18932874335563926,1782410244.8447342,8.970333672102884,0.9769937904848021,6.273846217135838, 1782410244.861833, 1782410244.8457341,0.93211077163008,track,none,0.0,nan,nan,0.0,0.0,5.5405132570796525,2.780191922848519,4.006989871294421,mr_webots_cross_left_to_right_large_ship.wbt,ekf_on_cluster_off,1,0,5.0
1782410245.0011735,83.88190650939941,-198.57219819038835,200.0,0.2,0.010455868286103424,9.020112549187598,0.9775251934263132,0.010071277425761591,0.19082767735321174,1782410244.9935668,None,None,None, None, 1782410244.9835627,1.0434437865281692,track,none,0.0,nan,nan,0.0,0.0,5.107914957169674,2.809328414107699,4.027269524714466,mr_webots_cross_left_to_right_large_ship.wbt,ekf_on_cluster_off,1,0,5.0
1782410245.1015527,83.98228573799133,-198.73364459245016,200.0,0.2,0.012129135479075575,9.08189561255666,0.9782201242968185,0.008808526918793831,0.19145149384992527,1782410245.0643864,None,None,None, None, 1782410245.063384,1.0680734453367675,track,none,0.0,nan,nan,0.0,0.0,5.144036909720928,2.810272485982881,4.04586256424218,mr_webots_cross_left_to_right_large_ship.wbt,ekf_on_cluster_off,1,0,5.0
1782410245.2023711,84.08310413360596,-198.93108401584234,200.0,0.2,0.014086614659078808,9.150000573375777,0.9790957525937074,0.011999906853120638,0.19242191383035662,1782410245.1452553,None,None,None, None, 1782410245.2103784,0.9326722370157176,track,none,0.0,nan,nan,0.0,0.0,5.197671889623342,2.81115523389475,4.061293445435962,mr_webots_cross_left_to_right_large_ship.wbt,ekf_on_cluster_off,1,0,5.0
1782410245.3012345,84.18196749687195,-199.1673876149269,200.0,0.2,0.016250464846612096,9.219338150594833,0.9801301233100403,0.012899039233897831,0.1944144064661151,1782410245.2997236,None,None,None, None, 1782410245.2807038,1.018823953899973,track,none,0.0,nan,nan,0.0,0.0,5.24462578213005,2.813054991001373,4.0923289109353265,mr_webots_cross_left_to_right_large_ship.wbt,ekf_on_cluster_off,1,0,5.0
1782410245.401647,84.28238010406494,-199.38761348056744,200.0,0.2,0.01827837202500274,9.288878118639918,0.9813250462477967,0.010799937963140794,0.19526100976499403,1782410245.3781133,None,None,None, None, 1782410245.3510668,0.9285499131214371,track,none,0.0,nan,nan,0.0,0.0,5.297164302082407,2.7803858320279393,4.114796326618284,mr_webots_cross_left_to_right_large_ship.wbt,ekf_on_cluster_off,1,0,5.0
1782410245.503868,84.38460111618042,-199.66719386570804,200.0,0.2,0.020598465147740587,9.3584678523684,0.9826604408701911,0.01356247063801432,0.19635534162565407,1782410245.4588015,None,None,None, None, 1782410245.4202368,1.046162629445167,track,none,0.0,nan,nan,0.0,0.0,5.297164302082407,2.7803858320279393,4.114796326618284,mr_webots_cross_left_to_right_large_ship.wbt,ekf_on_cluster_off,1,0,5.0
1782410245.6033077,84.4840407371521,-199.94986051128672,200.0,0.2,0.022832556065431078,9.428092173249622,0.9841658612831949,0.011917891718829541,0.19723576676102125,1782410245.6188314,None,None,None, None, 1782410245.598796,1.0618992914175522,track,none,0.0,nan,nan,0.0,0.0,5.425959054842564,2.7773094732041423,4.1517464606302825,mr_webots_cross_left_to_right_large_ship.wbt,ekf_on_cluster_off,1,0,5.0
1782410245.70207,84.58280301094055,-200.0,200.0,0.2,0.025335525196125367,9.497749468925502,0.985827992762843,0.014255578956483982,0.1994866152708938,1782410245.6905682,None,None,None, None, 1782410245.6720207,1.0174105398506677,track,none,0.0,nan,nan,0.0,0.0,5.425959054842564,2.7773094732041423,4.1517464606302825,mr_webots_cross_left_to_right_large_ship.wbt,ekf_on_cluster_off,1,0,5.0
1782410245.802323,84.68305611610413,-200.0,200.0,0.2,0.02747181432417655,9.567412583847691,0.9876716402380588,0.010258670682791196,0.2002015003392744,1782410245.7602541,None,None,None, None, 1782410245.7437463,1.009672155747714,track,none,0.0,nan,nan,0.0,0.0,5.47225585083604,2.7770746068978127,4.171770202254182,mr_webots_cross_left_to_right_large_ship.wbt,ekf_on_cluster_off,1,0,5.0
1782410245.9019914,84.78272438049316,-199.2989772262227,200.0,0.2,0.020214381507703532,9.161889182664076,0.9759542191185384,0.011089645033728899,0.20093569849479223,1782410245.9040666,9.155613375004583,0.975773251057478,0.002146675675304799, 1782410245.869673, 1782410245.8928454,1.0117512455078872,track,none,0.0,nan,nan,0.0,0.0,5.5208897894303055,2.77757090780485,4.199548638699766,mr_webots_cross_left_to_right_large_ship.wbt,ekf_on_cluster_off,1,0,5.0
1782410246.0015135,84.88224649429321,-199.58498950622055,200.0,0.2,0.022215258822095373,9.205373908383656,0.9768730836518174,0.011041529820950566,0.20257024770274817,1782410245.9744964,None,None,None, None, 1782410245.9663303,0.9076244866499449,track,none,0.0,nan,nan,0.0,0.0,5.10301102205914,2.803874133527374,4.223242403054651,mr_webots_cross_left_to_right_large_ship.wbt,ekf_on_cluster_off,1,0,5.0
1782410246.1014698,84.9822027683258,-199.80665096878732,200.0,0.2,0.023953175302577543,9.26725251157554,0.9783047291187756,0.008218384502568503,0.20311836481319748,1782410246.0411904,None,None,None, None, 1782410246.038681,0.9515480507350645,track,none,0.0,nan,nan,0.0,0.0,5.124528446666667,2.8054570520405804,4.243387488602177,mr_webots_cross_left_to_right_large_ship.wbt,ekf_on_cluster_off,1,0,5.0
1782410246.2018209,85.08255386352539,-200.0,200.0,0.2,0.02573017071215404,9.335486348896177,0.9799950183330353,0.009542282235469088,0.2043579957989773,1782410246.1710997,None,None,None, None, 1782410246.1770973,0.9382413879325823,track,none,0.0,nan,nan,0.0,0.0,5.182051107270226,2.8318570450758718,4.260422483668781,mr_webots_cross_left_to_right_large_ship.wbt,ekf_on_cluster_off,1,0,5.0
1782410246.302529,85.18326210975647,-200.0,200.0,0.2,0.0273758420188828,9.404947878036984,0.9818396842880119,0.008249757515631752,0.20539417796568898,1782410246.2967012,None,None,None, None, 1782410246.2465482,0.9057280382220741,track,none,0.0,nan,nan,0.0,0.0,5.22804780884667,2.803845278900129,4.280571558927834,mr_webots_cross_left_to_right_large_ship.wbt,ekf_on_cluster_off,1,0,5.0
1782410246.402352,85.28308510780334,-200.0,200.0,0.2,0.02878328326613845,9.474582394069525,0.983800217800777,0.006498204429523448,0.20580657023703006,1782410246.3601637,None,None,None, None, 1782410246.3695738,0.9456792785816208,track,none,0.0,nan,nan,0.0,0.0,5.275515323415285,2.8069596986668355,4.303638782272321,mr_webots_cross_left_to_right_large_ship.wbt,ekf_on_cluster_off,1,0,5.0
1782410246.5019004,85.3826334476471,-200.0,200.0,0.2,0.03042716540207,9.544237963701281,0.9858526981940372,0.009372171240880665,0.20692663111288964,1782410246.479673,None,None,None, None, 1782410246.4868817,0.9975023843194091,track,none,0.0,nan,nan,0.0,0.0,5.324755435046154,2.810742334012113,4.33138833929411,mr_webots_cross_left_to_right_large_ship.wbt,ekf_on_cluster_off,1,0,5.0
1782410246.6037576,85.48449063301086,0.0,0.0,0.2,0.03201269022019048,9.613893064648174,0.9880242872068337,0.00834223164572207,0.20756927451274476,1782410246.5567079,None,None,None, None, 1782410246.5607076,1.0967265524814853,arrived,none,0.0,nan,nan,0.0,0.0,5.36852751000366,2.7847936760922805,4.353328097022759,mr_webots_cross_left_to_right_large_ship.wbt,ekf_on_cluster_off,1,0,5.0
1782410246.703707,85.58443999290466,0.0,0.0,0.2,0.03342532488070128,9.65334361335127,0.9893165379458893,0.006867625774876873,0.20850602511050484,1782410246.6931088,None,None,None, None, 1782410246.7057076,0.9194382981447352,arrived,none,0.0,nan,nan,0.0,0.0,5.416715997297893,2.7882452149184496,4.3718622865952925,mr_webots_cross_left_to_right_large_ship.wbt,ekf_on_cluster_off,1,0,5.0
1782410246.8012772,85.68201017379761,0.0,0.0,0.2,0.03481404468776899,9.683103938616005,0.9903315664732375,0.007143228075070777,0.20902926696211793,1782410246.7663589,None,None,None, None, 1782410246.7737691,1.008847895080709,arrived,none,0.0,nan,nan,0.0,0.0,5.4472209742979345,2.7831626652165062,4.384993518229176,mr_webots_cross_left_to_right_large_ship.wbt,ekf_on_cluster_off,1,0,5.0
1782410246.9022496,85.78298258781433,0.0,0.0,0.2,0.027847867831094764,9.335013037553754,0.9766707918228353,0.006643822202044309,0.20953828244820052,1782410246.904256,9.33009555542009,0.9764790133031431,0.01192457029478966, 1782410246.875119, 1782410246.8439736,1.0090933918914804,arrived,none,0.0,nan,nan,0.0,0.0,5.458221511253114,2.783673913676178,4.397438193120381,mr_webots_cross_left_to_right_large_ship.wbt,ekf_on_cluster_off,1,0,5.0
1782410247.0027814,85.88351440429688,0.0,0.0,0.2,0.029058572109322417,9.318388485803043,0.9761982172953143,0.006464599578446315,0.21041743355249448,1782410246.9789684,None,None,None, None, 1782410246.9912806,1.0919484647501354,arrived,none,0.0,nan,nan,0.0,0.0,5.097653221467965,2.8030638241606898,4.421240493556369,mr_webots_cross_left_to_right_large_ship.wbt,ekf_on_cluster_off,1,0,5.0
1782410247.1016123,85.98234534263611,0.0,0.0,0.2,0.03043225087814814,9.303484828279252,0.9757565731778808,0.008054015054644127,0.21107435659104848,1782410247.060533,None,None,None, None, 1782410247.0680754,0.9890754230356963,arrived,none,0.0,nan,nan,0.0,0.0,5.068395473721138,2.801558861280769,4.4287102329908485,mr_webots_cross_left_to_right_large_ship.wbt,ekf_on_cluster_off,1,0,5.0
1782410247.2015927,86.08232569694519,0.0,0.0,0.2,0.03154764754706879,9.289964330423704,0.97533648958699,0.0049596413255242975,0.21173907300025793,1782410247.1945581,None,None,None, None, 1782410247.1499836,1.0838448500776199,arrived,none,0.0,nan,nan,0.0,0.0,5.038528609195749,2.7989264089684593,4.436098636481178,mr_webots_cross_left_to_right_large_ship.wbt,ekf_on_cluster_off,1,0,5.0
1782410247.3022866,86.18301963806152,0.0,0.0,0.2,0.03273196983991715,9.2775821521125,0.9749390933327895,0.006389278593741507,0.21218880204468382,1782410247.2649462,None,None,None, None, 1782410247.2902687,0.9548160413535488,arrived,none,0.0,nan,nan,0.0,0.0,5.031153738546721,2.790304329053919,4.440980375812055,mr_webots_cross_left_to_right_large_ship.wbt,ekf_on_cluster_off,1,0,5.0
1782410247.40254,86.28327298164368,0.0,0.0,0.2,0.0338278229433801,9.266154778199828,0.9745586931191497,0.005508576495332111,0.21289439377012567,1782410247.393036,None,None,None, None, 1782410247.357422,1.0896449215483424,arrived,none,0.0,nan,nan,0.0,0.0,5.008072508241943,2.7879236834949817,4.453454523150534,mr_webots_cross_left_to_right_large_ship.wbt,ekf_on_cluster_off,1,0,5.0
1782410247.5016165,86.38234949111938,0.0,0.0,0.2,0.03448341567640967,9.255540659467568,0.974194049981854,0.0018300202026175403,0.21304147632790008,1782410247.473408,None,None,None, None, 1782410247.483649,0.921292419722115,arrived,none,0.0,nan,nan,0.0,0.0,4.987524361923255,2.785334228293773,4.466453145683165,mr_webots_cross_left_to_right_large_ship.wbt,ekf_on_cluster_off,1,0,5.0
1782410247.6022987,86.48303174972534,0.0,0.0,0.2,0.035409811514822254,9.245628083432797,0.9738486447564583,0.005523933669626322,0.21344383952026966,1782410247.546248,None,None,None, None, 1782410247.5547566,1.0303724118779856,arrived,none,0.0,nan,nan,0.0,0.0,4.9665850576301915,2.7857936850064267,4.47082079684046,mr_webots_cross_left_to_right_large_ship.wbt,ekf_on_cluster_off,1,0,5.0
1782410247.702378,86.58311104774475,0.0,0.0,0.2,0.0364976781407348,9.236327510909609,0.9735153662706661,0.006473604413105262,0.21427024620241178,1782410247.6739058,None,None,None, None, 1782410247.6888704,0.947871769289097,arrived,none,0.0,nan,nan,0.0,0.0,4.964090000655595,2.807995061918489,4.475135661800434,mr_webots_cross_left_to_right_large_ship.wbt,ekf_on_cluster_off,1,0,5.0
1782410247.8016632,86.68239617347717,0.0,0.0,0.2,0.037320979684103334,9.227565773366424,0.9731912276054455,0.003592452599270283,0.21451103699670934,1782410247.7409327,None,None,None, None, 1782410247.7692,0.9014934102268853,arrived,none,0.0,nan,nan,0.0,0.0,4.964090000655595,2.807995061918489,4.475135661800434,mr_webots_cross_left_to_right_large_ship.wbt,ekf_on_cluster_off,1,0,5.0
1782410247.9020622,86.78279519081116,0.0,0.0,0.2,0.031206185124763836,9.379388256871973,0.9767986644730269,0.005447092349431075,0.2152140661710983,1782410247.8699977,9.381502795106323,0.9768504371616603,0.017587742801341125, 1782410247.876997, 1782410247.897557,0.9727701847337475,arrived,none,0.0,nan,nan,0.0,0.0,4.942087393322731,2.80310253136918,4.478146807644609,mr_webots_cross_left_to_right_large_ship.wbt,ekf_on_cluster_off,1,0,5.0
1782410248.0016143,86.88234734535217,0.0,0.0,0.2,0.03201922355167805,9.388968529807407,0.977101545728571,0.004161918692926256,0.21575351850869934,1782410247.999614,None,None,None, None, 1782410247.970066,1.0609244587252389,arrived,none,0.0,nan,nan,0.0,0.0,5.098338861074684,2.8356954079802605,4.498813257959305,mr_webots_cross_left_to_right_large_ship.wbt,ekf_on_cluster_off,1,0,5.0
1782410248.1019466,86.98267960548401,0.0,0.0,0.2,0.032970476508723305,9.397976761440184,0.9773935157744322,0.00568584375017787,0.2161433176127092,1782410248.06817,None,None,None, None, 1782410248.099946,1.0254412879831087,arrived,none,0.0,nan,nan,0.0,0.0,5.099162321658613,2.8349409364263187,4.501593436240624,mr_webots_cross_left_to_right_large_ship.wbt,ekf_on_cluster_off,1,0,5.0
1782410248.2016804,87.0824134349823,0.0,0.0,0.2,0.03405650022898719,9.406479066984847,0.9776776305623756,0.006395128156342532,0.21696040907617953,1782410248.1959379,None,None,None, None, 1782410248.174881,1.0625220024917208,arrived,none,0.0,nan,nan,0.0,0.0,5.09668994498792,2.803290922468145,4.50432551405798,mr_webots_cross_left_to_right_large_ship.wbt,ekf_on_cluster_off,1,0,5.0
1782410248.3025396,87.18327260017395,0.0,0.0,0.2,0.03480247183251233,9.414530531821178,0.9779558910424981,0.0027633316055360453,0.21714135069497398,1782410248.2614174,None,None,None, None, 1782410248.2388778,0.929799109192824,arrived,none,0.0,nan,nan,0.0,0.0,5.116756636599336,2.8242331554709366,4.507153641309836,mr_webots_cross_left_to_right_large_ship.wbt,ekf_on_cluster_off,1,0,5.0
1782410248.4014163,87.28214931488037,0.0,0.0,0.2,0.035751587263884804,9.42217784672267,0.9782250005542998,0.005554421192473915,0.21788381598182702,1782410248.3950884,None,None,None, None, 1782410248.375199,1.001880283276167,arrived,none,0.0,nan,nan,0.0,0.0,5.117469522240901,2.823514524824848,4.516388785229319,mr_webots_cross_left_to_right_large_ship.wbt,ekf_on_cluster_off,1,0,5.0
1782410248.5018897,87.38262271881104,0.0,0.0,0.2,0.03660947908298168,9.429460377225341,0.9784885641979688,0.004329322884812925,0.21816710493346916,1782410248.4605234,None,None,None, None, 1782410248.445626,0.9794752108059079,arrived,none,0.0,nan,nan,0.0,0.0,5.11457424436832,2.822451456329513,4.530056260230703,mr_webots_cross_left_to_right_large_ship.wbt,ekf_on_cluster_off,1,0,5.0
1782410248.6011872,87.48192024230957,0.0,0.0,0.2,0.03728644582562484,9.436412100121933,0.9787459701829846,0.002900217080445437,0.2183743876613917,1782410248.5319948,None,None,None, None, 1782410248.5830593,0.9060676356070897,arrived,none,0.0,nan,nan,0.0,0.0,5.1134368123344744,2.821307368823632,4.531943904961095,mr_webots_cross_left_to_right_large_ship.wbt,ekf_on_cluster_off,1,0,5.0
1782410248.7028553,87.58358836174011,0.0,0.0,0.2,0.037939362209002854,9.443062440255037,0.9789962593275146,0.003227146420695212,0.21887055739185646,1782410248.6857436,None,None,None, None, 1782410248.6622036,0.9003374281574062,arrived,none,0.0,nan,nan,0.0,0.0,5.133346924011744,2.8440932148917937,4.534177688155771,mr_webots_cross_left_to_right_large_ship.wbt,ekf_on_cluster_off,1,0,5.0
1782410248.8015578,87.68229079246521,0.0,0.0,0.2,0.03858140753337106,9.449436931929837,0.979240181423263,0.003314916684310591,0.21910007699976772,1782410248.754982,None,None,None, None, 1782410248.728411,0.9160891986735464,arrived,none,0.0,nan,nan,0.0,0.0,5.132626384377049,2.84366209137795,4.536371864444945,mr_webots_cross_left_to_right_large_ship.wbt,ekf_on_cluster_off,1,0,5.0
1782410248.9042883,87.78502130508423,0.0,0.0,0.2,0.033189550506775675,9.407092826510207,0.977062774496045,0.003475454856473943,0.2193371274378845,1782410248.906288,9.40645274226586,0.9770308726037333,0.021564073949483564, 1782410248.88035, 1782410248.8987646,0.9444151613264583,arrived,none,0.0,nan,nan,0.0,0.0,5.131449808551572,2.843286262736654,4.552195702454555,mr_webots_cross_left_to_right_large_ship.wbt,ekf_on_cluster_off,1,0,5.0
1782410249.0016856,87.88241863250732,0.0,0.0,0.2,0.033805285849481656,9.407604879563161,0.977079913294872,0.0035443282100731496,0.21992897467279063,1782410248.9901733,None,None,None, None, 1782410248.9841769,0.9146330181015145,arrived,none,0.0,nan,nan,0.0,0.0,5.109422224100382,2.890181583134743,4.5541558244126685,mr_webots_cross_left_to_right_large_ship.wbt,ekf_on_cluster_off,1,0,5.0
1782410249.1016564,87.98238945007324,0.0,0.0,0.2,0.03436735381473903,9.408114877494713,0.9770973068932521,0.0027544082079040333,0.2201326508263745,1782410249.0641189,None,None,None, None, 1782410249.05661,0.9580179168836568,arrived,none,0.0,nan,nan,0.0,0.0,5.102916844489737,2.889385664180039,4.555754133858543,mr_webots_cross_left_to_right_large_ship.wbt,ekf_on_cluster_off,1,0,5.0
1782410249.201454,88.08218693733215,0.0,0.0,0.2,0.03480275465081102,9.408622851791693,0.9771149059689029,0.0017662718164691885,0.2203107070937616,1782410249.164928,None,None,None, None, 1782410249.1504238,0.9418112929941042,arrived,none,0.0,nan,nan,0.0,0.0,5.096528164741072,2.889027979344283,4.557371039372835,mr_webots_cross_left_to_right_large_ship.wbt,ekf_on_cluster_off,1,0,5.0
1782410249.3017218,88.18245482444763,0.0,0.0,0.2,0.035485310100134865,9.409128855499898,0.9771326310451296,0.004476926891805873,0.2206176873820312,1782410249.2334974,None,None,None, None, 1782410249.289721,1.0792277459050146,arrived,none,0.0,nan,nan,0.0,0.0,5.123490607993303,2.9379780882914206,4.559263071174604,mr_webots_cross_left_to_right_large_ship.wbt,ekf_on_cluster_off,1,0,5.0
1782410249.4024913,88.28322434425354,0.0,0.0,0.2,0.036020804194050245,9.409632826039429,0.9771506707598974,0.002463511122535012,0.22099208221580624,1782410249.3854735,None,None,None, None, 1782410249.3644407,1.065083693301473,arrived,none,0.0,nan,nan,0.0,0.0,5.121070005908438,2.9343788255254477,4.560664455385356,mr_webots_cross_left_to_right_large_ship.wbt,ekf_on_cluster_off,1,0,5.0
1782410249.5019755,88.38270854949951,0.0,0.0,0.2,0.03665575552325066,9.410134823878767,0.9771688900310782,0.0036486087211047217,0.22130030293453648,1782410249.4699497,None,None,None, None, 1782410249.5019755,0.9085412501736119,arrived,none,0.0,nan,nan,0.0,0.0,5.121070005908438,2.9343788255254477,4.560664455385356,mr_webots_cross_left_to_right_large_ship.wbt,ekf_on_cluster_off,1,0,5.0
1782410249.6023698,88.48310279846191,0.0,0.0,0.2,0.0371962874852233,9.410634831917898,0.9771873689448195,0.002591508923336731,0.22163698313878857,1782410249.5998664,None,None,None, None, 1782410249.5681274,0.9527876162417258,arrived,none,0.0,nan,nan,0.0,0.0,5.11889355094327,2.932181224607778,4.562299480190047,mr_webots_cross_left_to_right_large_ship.wbt,ekf_on_cluster_off,1,0,5.0
1782410249.701958,88.58269095420837,0.0,0.0,0.2,0.03774781653050644,9.411132893267618,0.9772060315540735,0.002903882522336269,0.22184482485483262,1782410249.6714401,None,None,None, None, 1782410249.6994529,0.9656037324515718,arrived,none,0.0,nan,nan,0.0,0.0,5.117180316715609,2.9303558293302165,4.563640782650445,mr_webots_cross_left_to_right_large_ship.wbt,ekf_on_cluster_off,1,0,5.0
1782410249.8016195,88.6823525428772,0.0,0.0,0.2,0.0383326824189128,9.411629017767652,0.9772248944862232,0.0032145612287583043,0.22207694165963843,1782410249.743648,None,None,None, None, 1782410249.7736974,0.913861844002203,arrived,none,0.0,nan,nan,0.0,0.0,5.115516032032977,2.928415397164113,4.564882906142617,mr_webots_cross_left_to_right_large_ship.wbt,ekf_on_cluster_off,1,0,5.0
1782410249.9017305,88.78246355056763,0.0,0.0,0.2,0.03404302332317891,9.422913604644554,0.9771518640281357,0.003151041592084575,0.22227855689280773,1782410249.8076317,9.423056114578529,0.9771506474557122,0.024662015938298865, 1782410249.88022, 1782410249.7736974,0.913861844002203,arrived,none,0.0,nan,nan,0.0,0.0,5.112840726109657,2.9266887070313476,4.576422478810191,mr_webots_cross_left_to_right_large_ship.wbt,ekf_on_cluster_off,1,0,5.0
1782410250.0023923,88.88312530517578,0.0,0.0,0.2,0.03455524974497842,9.424636239537922,0.9772109518162959,0.0027009675900280575,0.22276948173854927,1782410249.9893906,None,None,None, None, 1782410249.9973903,0.9019337762188616,arrived,none,0.0,nan,nan,0.0,0.0,5.112840726109657,2.9266887070313476,4.576422478810191,mr_webots_cross_left_to_right_large_ship.wbt,ekf_on_cluster_off,1,0,5.0
1782410250.1015885,88.9823215007782,0.0,0.0,0.2,0.03506109776698177,9.426339876319526,0.9772702535824007,0.0026597332602390114,0.22293996627365897,1782410250.053489,None,None,None, None, 1782410250.0680308,1.0227951756883122,arrived,none,0.0,nan,nan,0.0,0.0,5.129431306337621,2.944486467993188,4.5884531389767504,mr_webots_cross_left_to_right_large_ship.wbt,ekf_on_cluster_off,1,0,5.0
1782410250.2018988,89.08263182640076,0.0,0.0,0.2,0.03554107736470759,9.428024928958136,0.9773297548338937,0.0024398359404704814,0.22327151734184147,1782410250.1893797,None,None,None, None, 1782410250.1983943,1.0245445406567684,arrived,none,0.0,nan,nan,0.0,0.0,5.128038000268353,2.9431100278116733,4.589701474944553,mr_webots_cross_left_to_right_large_ship.wbt,ekf_on_cluster_off,1,0,5.0
1782410250.3014264,89.18215942382812,0.0,0.0,0.2,0.03599567731519438,9.429691805886023,0.9773893967810525,0.0022976246283183187,0.2234526139012469,1782410250.2681987,None,None,None, None, 1782410250.2722032,1.0581130455981549,arrived,none,0.0,nan,nan,0.0,0.0,5.126978085934058,2.94180151445268,4.590762896618839,mr_webots_cross_left_to_right_large_ship.wbt,ekf_on_cluster_off,1,0,5.0
1782410250.4021137,89.28284668922424,0.0,0.0,0.2,0.03643144415631042,9.431340902046617,0.9774491338648321,0.002220731043176742,0.22359572577822256,1782410250.4021137,None,None,None, None, 1782410250.4021137,1.001595417191061,arrived,none,0.0,nan,nan,0.0,0.0,5.122286827788851,2.910614808363362,4.610317957067379,mr_webots_cross_left_to_right_large_ship.wbt,ekf_on_cluster_off,1,0,5.0
1782410250.502457,89.38318991661072,0.0,0.0,0.2,0.036701964776932036,9.432972597386158,0.9775089373312493,0.0008214091887614107,0.2236564684431418,1782410250.476063,None,None,None, None, 1782410250.476063,1.064338283277728,arrived,none,0.0,nan,nan,0.0,0.0,5.118760862928349,2.9103434211092085,4.613672453961684,mr_webots_cross_left_to_right_large_ship.wbt,ekf_on_cluster_off,1,0,5.0
1782410250.60166,89.48239302635193,0.0,0.0,0.2,0.03716144377828529,9.434587317488,0.9775684563294202,0.002977647431810843,0.2238919169766899,1782410250.555135,None,None,None, None, 1782410250.5571392,0.9109922276622214,arrived,none,0.0,nan,nan,0.0,0.0,5.116368258965744,2.9106954700261185,4.614590824220938,mr_webots_cross_left_to_right_large_ship.wbt,ekf_on_cluster_off,1,0,5.0
1782410250.7018847,89.58261775970459,0.0,0.0,0.2,0.03761442959947613,9.436185335233011,0.9776281821304229,0.0024980004555252137,0.22420824906848594,1782410250.6817691,None,None,None, None, 1782410250.6887763,0.9633724271772129,arrived,none,0.0,nan,nan,0.0,0.0,5.111716091850681,2.9105133759837676,4.615873485017511,mr_webots_cross_left_to_right_large_ship.wbt,ekf_on_cluster_off,1,0,5.0
1782410250.8015418,89.68227481842041,0.0,0.0,0.2,0.03799875534690456,9.437766995148303,0.977688029257159,0.0018181833399511925,0.22434472474576164,1782410250.7568307,None,None,None, None, 1782410250.763069,1.0424835730530815,arrived,none,0.0,nan,nan,0.0,0.0,5.107270894112005,2.910391097046407,4.623292826312731,mr_webots_cross_left_to_right_large_ship.wbt,ekf_on_cluster_off,1,0,5.0
1782410250.910636,89.79136896133423,0.0,0.0,0.2,0.03454367370755285,9.435318966008316,0.977245046390621,0.001979963765215708,0.22450463653693323,1782410250.8375957,9.435265956804384,0.9772384059625823,0.027160894928629276, 1782410250.888644, 1782410250.8431149,0.9910858817165535,arrived,none,0.0,nan,nan,0.0,0.0,5.1016583203113655,2.911190388938209,4.639216076618671,mr_webots_cross_left_to_right_large_ship.wbt,ekf_on_cluster_off,1,0,5.0
1782410251.0016537,89.88238668441772,0.0,0.0,0.2,0.03502944673539373,9.436412211778528,0.9772829993470311,0.0034353810228338866,0.22503213242993303,1782410250.9911437,None,None,None, None, 1782410250.9901533,0.9752014106109604,arrived,none,0.0,nan,nan,0.0,0.0,5.098132242041815,2.9286764995933203,4.640437528227342,mr_webots_cross_left_to_right_large_ship.wbt,ekf_on_cluster_off,1,0,5.0
1782410251.1014297,89.98216271400452,0.0,0.0,0.2,0.0354642868699173,9.437497487023533,0.9773212742281148,0.0021156735551963782,0.22518648671658736,1782410251.0641012,None,None,None, None, 1782410251.0641012,1.0879678647458486,arrived,none,0.0,nan,nan,0.0,0.0,5.092239851156937,2.9284049013252003,4.641333955471065,mr_webots_cross_left_to_right_large_ship.wbt,ekf_on_cluster_off,1,0,5.0
1782410251.202185,90.08291792869568,0.0,0.0,0.2,0.03588530602749432,9.438574926477086,0.9773597217731917,0.002155668139810918,0.22547871276424883,1782410251.199663,None,None,None, None, 1782410251.1986637,0.9384516147779322,arrived,none,0.0,nan,nan,0.0,0.0,5.10774353345116,2.951416432823227,4.642405852342875,mr_webots_cross_left_to_right_large_ship.wbt,ekf_on_cluster_off,1,0,5.0
1782410251.301847,90.18257999420166,0.0,0.0,0.2,0.0362751188827538,9.439644644901279,0.9773983358528113,0.0019362982503270815,0.22561944245263765,1782410251.2723427,None,None,None, None, 1782410251.26834,1.0686481868008855,arrived,none,0.0,nan,nan,0.0,0.0,5.10774353345116,2.951416432823227,4.642405852342875,mr_webots_cross_left_to_right_large_ship.wbt,ekf_on_cluster_off,1,0,5.0
1782410251.4013844,90.28211736679077,0.0,0.0,0.2,0.0366310649921816,9.440706761667245,0.9774370759445383,0.0017385645127004632,0.22575689764310206,1782410251.3514051,None,None,None, None, 1782410251.3414047,1.0755058692752737,arrived,none,0.0,nan,nan,0.0,0.0,5.10192421947524,2.9514260104680425,4.662544351589796,mr_webots_cross_left_to_right_large_ship.wbt,ekf_on_cluster_off,1,0,5.0
1782410251.5014863,90.3822193145752,0.0,0.0,0.2,0.03700140875846238,9.4417613945845,0.9774759030112996,0.0019855700242902294,0.22600919114530296,1782410251.4784687,None,None,None, None, 1782410251.4704676,1.0407453409217315,arrived,none,0.0,nan,nan,0.0,0.0,5.095327265757457,2.9525522132553164,4.666310714584251,mr_webots_cross_left_to_right_large_ship.wbt,ekf_on_cluster_off,1,0,5.0
1782410251.601782,90.48251509666443,0.0,0.0,0.2,0.03733083658222865,9.44280864075517,0.9775148485528509,0.0016064300200662992,0.22612740303303056,1782410251.5520554,None,None,None, None, 1782410251.5400558,1.028991203773283,arrived,none,0.0,nan,nan,0.0,0.0,5.10938803410602,2.976355432395678,4.667419323929431,mr_webots_cross_left_to_right_large_ship.wbt,ekf_on_cluster_off,1,0,5.0
1782410251.7024894,90.58322238922119,0.0,0.0,0.2,0.0377938009754366,9.443848616613794,0.9775538518870133,0.0028961460351167464,0.22649926912743196,1782410251.6804557,None,None,None, None, 1782410251.673939,1.0564231742824606,arrived,none,0.0,nan,nan,0.0,0.0,5.105472316596294,2.97661144781312,4.66816125937185,mr_webots_cross_left_to_right_large_ship.wbt,ekf_on_cluster_off,1,0,5.0
1782410251.8034847,90.68421769142151,0.0,0.0,0.2,0.03821081999102646,9.44488137033225,0.9775931093160537,0.002147897170274768,0.22665351015056803,1782410251.752266,None,None,None, None, 1782410251.746266,0.9574377386025558,arrived,none,0.0,nan,nan,0.0,0.0,5.0994963589487226,2.976937283062767,4.669147802922257,mr_webots_cross_left_to_right_large_ship.wbt,ekf_on_cluster_off,1,0,5.0
1782410251.903267,90.78399991989136,0.0,0.0,0.2,0.035431297296712606,9.44529441178927,0.9773147508804523,0.0019325490693530227,0.2269453269472953,1782410251.903267,9.445286321037418,0.9773105540923375,0.029340833596648075, 1782410251.896731, 1782410251.8927317,0.9756699132587164,arrived,none,0.0,nan,nan,0.0,0.0,5.112850201196992,3.000724019751907,4.692992643956879,mr_webots_cross_left_to_right_large_ship.wbt,ekf_on_cluster_off,1,0,5.0
1782410252.0023828,90.88311576843262,0.0,0.0,0.2,0.03579013250308619,9.446242929196963,0.9773485291779638,0.001961581617509434,0.2271102702547792,1782410251.9873538,None,None,None, None, 1782410251.9793487,1.0992222310756439,arrived,none,0.0,nan,nan,0.0,0.0,5.113544962764396,3.0146496035140045,4.693770369186467,mr_webots_cross_left_to_right_large_ship.wbt,ekf_on_cluster_off,1,0,5.0
1782410252.105083,90.98581600189209,0.0,0.0,0.2,0.03613379769191094,9.447185339871478,0.9773824307046048,0.0017602455940779827,0.2272325971976431,1782410252.056848,None,None,None, None, 1782410252.0558434,0.9576934152264955,arrived,none,0.0,nan,nan,0.0,0.0,5.106941131113531,3.015840602941551,4.694778843706647,mr_webots_cross_left_to_right_large_ship.wbt,ekf_on_cluster_off,1,0,5.0
1782410252.2030983,91.08383131027222,0.0,0.0,0.2,0.03650024680567087,9.44812172627222,0.9774164312224167,0.002031184047458781,0.22751312725874026,1782410252.1949596,None,None,None, None, 1782410252.2070975,0.9167276417351216,arrived,none,0.0,nan,nan,0.0,0.0,5.101821975603002,3.016542619041202,4.695542710396854,mr_webots_cross_left_to_right_large_ship.wbt,ekf_on_cluster_off,1,0,5.0
1782410252.3038924,91.18462538719177,0.0,0.0,0.2,0.036887111601067425,9.449052154196416,0.9774505635666482,0.0021454536425011086,0.2276607185534214,1782410252.2637522,None,None,None, None, 1782410252.2822688,1.0465591348273646,arrived,none,0.0,nan,nan,0.0,0.0,5.118584990118145,3.0391400542924636,4.703054510433405,mr_webots_cross_left_to_right_large_ship.wbt,ekf_on_cluster_off,1,0,5.0
1782410252.4019916,91.28272461891174,0.0,0.0,0.2,0.037229584053753775,9.449976689492223,0.9774848457727918,0.0016713576604657043,0.22778940376559378,1782410252.3407466,None,None,None, None, 1782410252.355752,0.9011356243354617,arrived,none,0.0,nan,nan,0.0,0.0,5.110918547209142,3.040689580653161,4.715308853154279,mr_webots_cross_left_to_right_large_ship.wbt,ekf_on_cluster_off,1,0,5.0
1782410252.5046268,91.38535976409912,0.0,0.0,0.2,0.03759131836900872,9.450895421888587,0.9775192143828901,0.001958289728728872,0.22796330633886464,1782410252.42955,None,None,None, None, 1782410252.4360645,0.9874573162076037,arrived,none,0.0,nan,nan,0.0,0.0,5.1040118201247875,3.0421230280985165,4.716117538830329,mr_webots_cross_left_to_right_large_ship.wbt,ekf_on_cluster_off,1,0,5.0
1782410252.6013658,91.48209881782532,0.0,0.0,0.2,0.037918922619477984,9.451808414371872,0.9775537024757233,0.0016248188486101814,0.2282156525557573,1782410252.5848572,None,None,None, None, 1782410252.5933657,1.0027919359486088,arrived,none,0.0,nan,nan,0.0,0.0,5.120428594904171,3.0649382954658515,4.716903814054154,mr_webots_cross_left_to_right_large_ship.wbt,ekf_on_cluster_off,1,0,5.0
1782410252.7012866,91.58201956748962,0.0,0.0,0.2,0.03821904817311362,9.452715749735273,0.977588264113948,0.001470200989799974,0.22832765349113676,1782410252.661038,None,None,None, None, 1782410252.661038,0.9447974428509887,arrived,none,0.0,nan,nan,0.0,0.0,5.115491089646845,3.0657116632737607,4.717780207768678,mr_webots_cross_left_to_right_large_ship.wbt,ekf_on_cluster_off,1,0,5.0
1782410252.8017654,91.68249845504761,0.0,0.0,0.2,0.038519820119009784,9.453617506381516,0.97762287310456,0.0015706109747049195,0.22854553918634715,1782410252.7997646,None,None,None, None, 1782410252.7997646,1.0953974010429735,arrived,none,0.0,nan,nan,0.0,0.0,5.112380841880605,3.0658820488905514,4.71842057677246,mr_webots_cross_left_to_right_large_ship.wbt,ekf_on_cluster_off,1,0,5.0
1782410252.9014013,91.78213429450989,0.0,0.0,0.2,0.03633139703406311,9.453637285292455,0.9773745479370525,0.002982882984491009,0.22874874811811258,1782410252.8678896,9.453625709719553,0.9773708104535229,0.031239512541535674, 1782410252.898401, 1782410252.8738904,1.0214250353334808,arrived,none,0.0,nan,nan,0.0,0.0,5.13327132117429,3.087116470097874,4.71915917016332,mr_webots_cross_left_to_right_large_ship.wbt,ekf_on_cluster_off,1,0,5.0
1782410253.0023544,91.8830873966217,0.0,0.0,0.2,0.036667304989397985,9.454427570595564,0.9774034163162595,0.0015193209864866482,0.22894468357633366,1782410252.9968522,None,None,None, None, 1782410252.9408443,0.9064988335506895,arrived,none,0.0,nan,nan,0.0,0.0,5.137116218251737,3.096353114528672,4.7199197385311855,mr_webots_cross_left_to_right_large_ship.wbt,ekf_on_cluster_off,1,0,5.0
1782410253.1029413,91.98367428779602,0.0,0.0,0.2,0.0369931319703327,9.45521345678813,0.9774323701071514,0.001674824368638942,0.22905486258078644,1782410253.0626376,None,None,None, None, 1782410253.0701635,1.0708206843228791,arrived,none,0.0,nan,nan,0.0,0.0,5.1366704915702455,3.095308928249948,4.72057536514096,mr_webots_cross_left_to_right_large_ship.wbt,ekf_on_cluster_off,1,0,5.0
1782410253.2022667,92.08299970626831,0.0,0.0,0.2,0.037325863830598265,9.455994994493699,0.977461413934809,0.0017883619251226352,0.22929377962664751,1782410253.196233,None,None,None, None, 1782410253.196233,0.9638368538632115,arrived,none,0.0,nan,nan,0.0,0.0,5.1366704915702455,3.095308928249948,4.72057536514096,mr_webots_cross_left_to_right_large_ship.wbt,ekf_on_cluster_off,1,0,5.0
1782410253.3016622,92.18239521980286,0.0,0.0,0.2,0.03758975803718815,9.456772227302828,0.9774905578150022,0.0011409753574508324,0.22936633621059216,1782410253.2598248,None,None,None, None, 1782410253.2598248,0.9843065974775274,arrived,none,0.0,nan,nan,0.0,0.0,5.136070066273387,3.093694325254157,4.7214131384498454,mr_webots_cross_left_to_right_large_ship.wbt,ekf_on_cluster_off,1,0,5.0
1782410253.4017813,92.28251433372498,0.0,0.0,0.2,0.03787717106886738,9.45754522797051,0.9775197275452716,0.0015617989684007419,0.22956535619403418,1782410253.3872547,None,None,None, None, 1782410253.4040985,0.940447674859782,arrived,none,0.0,nan,nan,0.0,0.0,nan,nan,nan,mr_webots_cross_left_to_right_large_ship.wbt,ekf_on_cluster_off,1,0,5.0
1782410253.5018296,92.3825626373291,0.0,0.0,0.2,0.03817349710883982,9.458314031507312,0.9775489628382208,0.0016116303193080695,0.22968878414243502,1782410253.4638405,None,None,None, None, 1782410253.4788604,0.9766017038511324,arrived,none,0.0,nan,nan,0.0,0.0,nan,nan,nan,mr_webots_cross_left_to_right_large_ship.wbt,ekf_on_cluster_off,1,0,5.0
1782410253.602273,92.4830060005188,0.0,0.0,0.2,0.03848593633971283,9.459078678678715,0.9775782699497895,0.0017230677678126427,0.22981046523746837,1782410253.5344594,None,None,None, None, 1782410253.553969,0.9781208300738895,arrived,none,0.0,nan,nan,0.0,0.0,nan,nan,nan,mr_webots_cross_left_to_right_large_ship.wbt,ekf_on_cluster_off,1,0,5.0
1782410253.70245,92.58318305015564,0.0,0.0,0.2,0.03879625313856122,9.459839206816085,0.9776076621656085,0.0016528556892752716,0.23003698108512668,1782410253.6715045,None,None,None, None, 1782410253.6845276,0.9344024044694851,arrived,none,0.0,nan,nan,0.0,0.0,nan,nan,nan,mr_webots_cross_left_to_right_large_ship.wbt,ekf_on_cluster_off,1,0,5.0
1782410253.8023453,92.68307828903198,0.0,0.0,0.2,0.039099846375474784,9.460595659734167,0.9776371324783937,0.0015881449268283733,0.2301513404361371,1782410253.7435126,None,None,None, None, 1782410253.778698,1.020273567611289,arrived,none,0.0,nan,nan,0.0,0.0,nan,nan,nan,mr_webots_cross_left_to_right_large_ship.wbt,ekf_on_cluster_off,1,0,5.0
1782410253.9014132,92.78214621543884,0.0,0.0,0.2,0.039408491268071194,9.461348082201642,0.9776666728394177,0.0016498152053186098,0.23036848309821617,1782410253.875129,None,None,None, None, 1782410253.8500822,0.9291722295781567,arrived,none,0.0,nan,nan,0.0,0.0,nan,nan,nan,mr_webots_cross_left_to_right_large_ship.wbt,ekf_on_cluster_off,1,0,5.0
1782410254.0023735,92.88310647010803,0.0,0.0,0.2,0.03733591469504811,9.460620311152935,0.9774243508489143,0.001766044987153583,0.23049268508408335,1782410253.9454567,9.460604755622104,0.9774214852938382,0.032884104525883195, 1782410253.902417, 1782410253.9755561,0.9518866739844444,arrived,none,0.0,nan,nan,0.0,0.0,nan,nan,nan,mr_webots_cross_left_to_right_large_ship.wbt,ekf_on_cluster_off,1,0,5.0
1782410254.115792,92.9965250492096,0.0,0.0,0.2,0.03762255881611658,9.46120784647872,0.9774463767436399,0.0015311148895956908,0.2306836904166421,1782410254.070206,None,None,None, None, 1782410254.0471523,1.0787794565644273,arrived,none,0.0,nan,nan,0.0,0.0,nan,nan,nan,mr_webots_cross_left_to_right_large_ship.wbt,ekf_on_cluster_off,1,0,5.0
1782410254.2013865,93.08211946487427,0.0,0.0,0.2,0.03788673177408083,9.461792746421894,0.9774684710830241,0.0013014715456365516,0.2307770342884199,1782410254.2023919,None,None,None, None, 1782410254.1918542,1.0583152177340958,arrived,none,0.0,nan,nan,0.0,0.0,nan,nan,nan,mr_webots_cross_left_to_right_large_ship.wbt,ekf_on_cluster_off,1,0,5.0
1782410254.3021383,93.18287134170532,0.0,0.0,0.2,0.03813908999335225,9.462375042272706,0.97749061533694,0.0012795537506018154,0.23094729229308428,1782410254.2749882,None,None,None, None, 1782410254.25997,1.0426624686514365,arrived,none,0.0,nan,nan,0.0,0.0,nan,nan,nan,mr_webots_cross_left_to_right_large_ship.wbt,ekf_on_cluster_off,1,0,5.0
1782410254.4020321,93.28276515007019,0.0,0.0,0.2,0.03837176176662033,9.462954760610895,0.9775128045048729,0.0011495176342875232,0.23108814650679912,1782410254.3975215,None,None,None, None, 1782410254.3975215,0.9497015399851687,arrived,none,0.0,nan,nan,0.0,0.0,nan,nan,nan,mr_webots_cross_left_to_right_large_ship.wbt,ekf_on_cluster_off,1,0,5.0
1782410254.5203016,93.40103459358215,0.0,0.0,0.2,0.038623177724774714,9.463531930806557,0.9775350256881952,0.0013867222234458549,0.23118052678969328,1782410254.4641392,None,None,None, None, 1782410254.4734077,0.9694709871591846,arrived,none,0.0,nan,nan,0.0,0.0,nan,nan,nan,mr_webots_cross_left_to_right_large_ship.wbt,ekf_on_cluster_off,1,0,5.0
1782410254.6023085,93.48304152488708,0.0,0.0,0.2,0.03885694271701596,9.464106566994298,0.9775572969078716,0.0011873463794749284,0.23127810747206407,1782410254.546323,None,None,None, None, 1782410254.542321,1.064964047356008,arrived,none,0.0,nan,nan,0.0,0.0,nan,nan,nan,mr_webots_cross_left_to_right_large_ship.wbt,ekf_on_cluster_off,1,0,5.0
1782410254.7017717,93.5825047492981,0.0,0.0,0.2,0.03908468255039207,9.464678697350934,0.9775796018700942,0.0011753112303734075,0.23142234026885175,1782410254.6690419,None,None,None, None, 1782410254.677491,0.9004904871755375,arrived,none,0.0,nan,nan,0.0,0.0,nan,nan,nan,mr_webots_cross_left_to_right_large_ship.wbt,ekf_on_cluster_off,1,0,5.0
1782410254.8017783,93.68251132965088,0.0,0.0,0.2,0.039327373781722935,9.465248345074805,0.9776019380595677,0.0013329008334296234,0.23153657849733983,1782410254.7547483,None,None,None, None, 1782410254.7742639,1.0102489487045572,arrived,none,0.0,nan,nan,0.0,0.0,nan,nan,nan,mr_webots_cross_left_to_right_large_ship.wbt,ekf_on_cluster_off,1,0,5.0
1782410254.9016514,93.78238439559937,0.0,0.0,0.2,0.03959422678131994,9.465815525100211,0.977624317962178,0.001510442518371705,0.23172775662673284,1782410254.8813193,None,None,None, None, 1782410254.8430724,0.9276559443664737,arrived,none,0.0,nan,nan,0.0,0.0,nan,nan,nan,mr_webots_cross_left_to_right_large_ship.wbt,ekf_on_cluster_off,1,0,5.0
1782410255.0021467,93.8828797340393,0.0,0.0,0.2,0.03796614366676399,9.466858244322232,0.9774691145054855,0.001302034810341671,0.2318318836128545,1782410254.9612918,9.466864401193119,0.9774668263587049,0.03440341714397821, 1782410254.906661, 1782410254.9786887,1.0582460762634855,arrived,none,0.0,nan,nan,0.0,0.0,nan,nan,nan,mr_webots_cross_left_to_right_large_ship.wbt,ekf_on_cluster_off,1,0,5.0
1782410255.1016183,93.98235130310059,0.0,0.0,0.2,0.03819508670573147,9.467475085040123,0.9774926110619981,0.0012312945247074801,0.23199974057495765,1782410255.0976174,None,None,None, None, 1782410255.042491,0.9403160637851284,arrived,none,0.0,nan,nan,0.0,0.0,nan,nan,nan,mr_webots_cross_left_to_right_large_ship.wbt,ekf_on_cluster_off,1,0,5.0
1782410255.201921,94.08265399932861,0.0,0.0,0.2,0.038438728262182906,9.468089072889178,0.9775161395929208,0.001363881594145537,0.2320869270690185,1782410255.1615427,None,None,None, None, 1782410255.1710486,0.9382370146686002,arrived,none,0.0,nan,nan,0.0,0.0,nan,nan,nan,mr_webots_cross_left_to_right_large_ship.wbt,ekf_on_cluster_off,1,0,5.0
1782410255.3019774,94.18271040916443,0.0,0.0,0.2,0.03867320411921769,9.468700227433265,0.9775397118939577,0.0012160711194086906,0.23225223232981712,1782410255.2974765,None,None,None, None, 1782410255.2974765,1.0952895729738101,arrived,none,0.0,nan,nan,0.0,0.0,nan,nan,nan,mr_webots_cross_left_to_right_large_ship.wbt,ekf_on_cluster_off,1,0,5.0
1782410255.4021926,94.28292560577393,0.0,0.0,0.2,0.038940564379302815,9.469308577579705,0.9775633169503322,0.0015400219504644727,0.23234703815404054,1782410255.3590379,None,None,None, None, 1782410255.369056,0.957352428234795,arrived,none,0.0,nan,nan,0.0,0.0,nan,nan,nan,mr_webots_cross_left_to_right_large_ship.wbt,ekf_on_cluster_off,1,0,5.0
1782410255.5023713,94.38310432434082,0.0,0.0,0.2,0.03918902793203437,9.46991413500524,0.9775869827237922,0.0012718321009641408,0.23252742114989897,1782410255.5008671,None,None,None, None, 1782410255.5008671,1.0078515520265354,arrived,none,0.0,nan,nan,0.0,0.0,nan,nan,nan,mr_webots_cross_left_to_right_large_ship.wbt,ekf_on_cluster_off,1,0,5.0
1782410255.6021683,94.48290133476257,0.0,0.0,0.2,0.03941613935499489,9.470516931940802,0.9776106877367781,0.0011183518281644065,0.23261044942168752,1782410255.5751088,None,None,None, None, 1782410255.5751088,0.9049623486121645,arrived,none,0.0,nan,nan,0.0,0.0,nan,nan,nan,mr_webots_cross_left_to_right_large_ship.wbt,ekf_on_cluster_off,1,0,5.0
1782410255.701869,94.58260202407837,0.0,0.0,0.2,0.03972111271723719,9.471117000871338,0.9776344166999982,0.001876048405371276,0.2327512850905619,1782410255.6501791,None,None,None, None, 1782410255.655687,1.0254479735479982,arrived,none,0.0,nan,nan,0.0,0.0,nan,nan,nan,mr_webots_cross_left_to_right_large_ship.wbt,ekf_on_cluster_off,1,0,5.0
1782410255.8026536,94.68338656425476,0.0,0.0,0.2,0.04001692842151698,9.471714334881185,0.9776582355431924,0.0015932223121089076,0.23298062979914866,1782410255.7941294,None,None,None, None, 1782410255.7430625,1.0482051589324337,arrived,none,0.0,nan,nan,0.0,0.0,nan,nan,nan,mr_webots_cross_left_to_right_large_ship.wbt,ekf_on_cluster_off,1,0,5.0
1782410255.9041314,94.78486442565918,0.0,0.0,0.2,0.040234599111781164,9.472308961723662,0.9776821240561087,0.000885134471186346,0.23304974315489208,1782410255.8722117,None,None,None, None, 1782410255.8927557,1.0969374391288373,arrived,none,0.0,nan,nan,0.0,0.0,nan,nan,nan,mr_webots_cross_left_to_right_large_ship.wbt,ekf_on_cluster_off,1,0,5.0
1782410256.0021317,94.88286471366882,0.0,0.0,0.2,0.03883815774198624,9.472334144051457,0.9775087926520105,0.0010457102841065454,0.23313822467578046,1782410255.9568255,9.472326659750493,0.977506188342349,0.03576349102352783, 1782410255.913147, 1782410255.9841256,0.9444501005081531,arrived,none,0.0,nan,nan,0.0,0.0,nan,nan,nan,mr_webots_cross_left_to_right_large_ship.wbt,ekf_on_cluster_off,1,0,5.0
1782410256.1016622,94.98239517211914,0.0,0.0,0.2,0.038859197229144465,9.472858179338806,0.9775291554566278,0.0011480815988230118,0.23323445781665395,1782410256.0406463,None,None,None, None, 1782410256.071127,1.023814329739306,arrived,none,0.0,nan,nan,0.0,0.0,nan,nan,nan,mr_webots_cross_left_to_right_large_ship.wbt,ekf_on_cluster_off,1,0,5.0
1782410256.2034073,95.08414030075073,0.0,0.0,0.2,0.03894402357950748,9.473380103608775,0.9775494472295789,0.0017947586990574738,0.23351487303094037,1782410256.1968875,None,None,None, None, 1782410256.1512604,0.9118230017228253,arrived,none,0.0,nan,nan,0.0,0.0,nan,nan,nan,mr_webots_cross_left_to_right_large_ship.wbt,ekf_on_cluster_off,1,0,5.0
1782410256.3030121,95.18374514579773,0.0,0.0,0.2,0.03910264132561038,9.473899906234852,0.9775697649843482,0.0004039000164777132,0.23355065439941597,1782410256.2854772,None,None,None, None, 1782410256.2939944,1.0996544558853796,arrived,none,0.0,nan,nan,0.0,0.0,nan,nan,nan,mr_webots_cross_left_to_right_large_ship.wbt,ekf_on_cluster_off,1,0,5.0
1782410256.4021628,95.28289580345154,0.0,0.0,0.2,0.039094160776456124,9.474417580280688,0.9775900177301997,0.0007445714147453178,0.23361278432725985,1782410256.368921,None,None,None, None, 1782410256.3795571,0.9584702646153453,arrived,none,0.0,nan,nan,0.0,0.0,nan,nan,nan,mr_webots_cross_left_to_right_large_ship.wbt,ekf_on_cluster_off,1,0,5.0
1782410256.5017703,95.3825032711029,0.0,0.0,0.2,0.03912739794588754,9.47493320522826,0.97761018593056,0.0010383883491377852,0.2337496938548823,1782410256.5007691,None,None,None, None, 1782410256.4577668,1.0115565849038815,arrived,none,0.0,nan,nan,0.0,0.0,nan,nan,nan,mr_webots_cross_left_to_right_large_ship.wbt,ekf_on_cluster_off,1,0,5.0
1782410256.6020021,95.48273515701294,0.0,0.0,0.2,0.03923137997820717,9.475446781111673,0.9776302910795877,0.0017408519164192184,0.23388441042128463,1782410256.5781546,None,None,None, None, 1782410256.5964956,0.9063041766452183,arrived,none,0.0,nan,nan,0.0,0.0,nan,nan,nan,mr_webots_cross_left_to_right_large_ship.wbt,ekf_on_cluster_off,1,0,5.0
1782410256.7017267,95.58245968818665,0.0,0.0,0.2,0.03947664637941494,9.475958294449493,0.9776504271330833,0.0012933497561095973,0.2339853099842265,1782410256.6561687,None,None,None, None, 1782410256.6691961,1.0976216049892462,arrived,none,0.0,nan,nan,0.0,0.0,nan,nan,nan,mr_webots_cross_left_to_right_large_ship.wbt,ekf_on_cluster_off,1,0,5.0
1782410256.801479,95.6822121143341,0.0,0.0,0.2,0.03969688486884913,9.476467709295719,0.9776706052929867,0.0010781520658912768,0.2341310954478958,1782410256.7913866,None,None,None, None, 1782410256.798385,0.992070144311644,arrived,none,0.0,nan,nan,0.0,0.0,nan,nan,nan,mr_webots_cross_left_to_right_large_ship.wbt,ekf_on_cluster_off,1,0,5.0
1782410256.9016392,95.78237223625183,0.0,0.0,0.2,0.039897189872674634,9.476975051779837,0.977690808624196,0.0009724005593226199,0.23420813881238994,1782410256.8706167,None,None,None, None, 1782410256.8706167,0.9590763195906917,arrived,none,0.0,nan,nan,0.0,0.0,nan,nan,nan,mr_webots_cross_left_to_right_large_ship.wbt,ekf_on_cluster_off,1,0,5.0
1782410257.0022736,95.88300657272339,0.0,0.0,0.2,0.038953322436675014,9.477323323944924,0.9775442490781773,0.0014486742961799107,0.2343306099238448,1782410256.9551568,9.477321250117075,0.9775420470550749,0.0370337133835541, 1782410256.918339, 1782410256.9551568,0.9411302471894977,arrived,none,0.0,nan,nan,0.0,0.0,nan,nan,nan,mr_webots_cross_left_to_right_large_ship.wbt,ekf_on_cluster_off,1,0,5.0
1782410257.101776,95.98250889778137,0.0,0.0,0.2,0.03919737766764863,9.477808218481465,0.977563197445324,0.0014336110739943517,0.23453072260243685,1782410257.0947433,None,None,None, None, 1782410257.101776,1.0570067446484281,arrived,none,0.0,nan,nan,0.0,0.0,nan,nan,nan,mr_webots_cross_left_to_right_large_ship.wbt,ekf_on_cluster_off,1,0,5.0
1782410257.202209,96.08294200897217,0.0,0.0,0.2,0.039451208052406345,9.478291157720674,0.977582192010999,0.001400562572967089,0.2346227539979134,1782410257.1604536,None,None,None, None, 1782410257.166977,1.0491787916766666,arrived,none,0.0,nan,nan,0.0,0.0,nan,nan,nan,mr_webots_cross_left_to_right_large_ship.wbt,ekf_on_cluster_off,1,0,5.0
1782410257.3013809,96.18211388587952,0.0,0.0,0.2,0.0396627823014354,9.478772152805165,0.9776012341777114,0.0009571308038610237,0.23475476960046984,1782410257.298382,None,None,None, None, 1782410257.241329,0.9490189442872345,arrived,none,0.0,nan,nan,0.0,0.0,nan,nan,nan,mr_webots_cross_left_to_right_large_ship.wbt,ekf_on_cluster_off,1,0,5.0
1782410257.404559,96.28529191017151,0.0,0.0,0.2,0.03985215044900219,9.47925123552091,0.977620294488132,0.0008925405998579318,0.23480954366020962,1782410257.3597507,None,None,None, None, 1782410257.3692596,0.9013434074162444,arrived,none,0.0,nan,nan,0.0,0.0,nan,nan,nan,mr_webots_cross_left_to_right_large_ship.wbt,ekf_on_cluster_off,1,0,5.0
1782410257.5015702,96.38230323791504,0.0,0.0,0.2,0.03987765553259073,9.479728430694777,0.9776393218160899,0.0011303887321523203,0.23496815367927923,1782410257.5000653,None,None,None, None, 1782410257.4384115,0.9947042977282343,arrived,none,0.0,nan,nan,0.0,0.0,nan,nan,nan,mr_webots_cross_left_to_right_large_ship.wbt,ekf_on_cluster_off,1,0,5.0
1782410257.6022017,96.48293471336365,0.0,0.0,0.2,0.03987903634061327,9.480203814789833,0.977658289074429,0.0009505143144330925,0.23504641177803895,1782410257.5823977,None,None,None, None, 1782410257.5823977,1.0040659257553994,arrived,none,0.0,nan,nan,0.0,0.0,nan,nan,nan,mr_webots_cross_left_to_right_large_ship.wbt,ekf_on_cluster_off,1,0,5.0
1782410257.701686,96.58241891860962,0.0,0.0,0.2,0.03993036719456067,9.480677410855932,0.9776771856475318,0.0013398444930305296,0.23513957501266294,1782410257.6519306,None,None,None, None, 1782410257.6519306,0.9376801778624826,arrived,none,0.0,nan,nan,0.0,0.0,nan,nan,nan,mr_webots_cross_left_to_right_large_ship.wbt,ekf_on_cluster_off,1,0,5.0
1782410257.8019426,96.68267560005188,0.0,0.0,0.2,0.04012115036587505,9.481149210997364,0.9776960827588388,0.000907479865147578,0.2352583973613007,1782410257.7828672,None,None,None, None, 1782410257.772359,1.0443337469569007,arrived,none,0.0,nan,nan,0.0,0.0,nan,nan,nan,mr_webots_cross_left_to_right_large_ship.wbt,ekf_on_cluster_off,1,0,5.0
1782410257.9017398,96.78247284889221,0.0,0.0,0.2,0.04013120429182381,9.481619178476066,0.9777149485185854,0.000996951340106282,0.23534463572108863,1782410257.8693693,None,None,None, None, 1782410257.8942442,0.9799751879588614,arrived,none,0.0,nan,nan,0.0,0.0,nan,nan,nan,mr_webots_cross_left_to_right_large_ship.wbt,ekf_on_cluster_off,1,0,5.0
1782410258.001878,96.88261103630066,0.0,0.0,0.2,0.03948168350449375,9.481754479310592,0.9775759361636023,0.001136333869554085,0.23543210487158148,1782410257.9463441,9.48175008246051,0.9775738519164209,0.03817964301834298, 1782410257.919999, 1782410257.96086,1.0221578783388219,arrived,none,0.0,nan,nan,0.0,0.0,nan,nan,nan,mr_webots_cross_left_to_right_large_ship.wbt,ekf_on_cluster_off,1,0,5.0
1782410258.1021101,96.98284316062927,0.0,0.0,0.2,0.03948835664216918,9.482182236234697,0.9775928335078881,0.0009719518313260614,0.2355568746052083,1782410258.0747144,None,None,None, None, 1782410258.048085,0.926413055585874,arrived,none,0.0,nan,nan,0.0,0.0,nan,nan,nan,mr_webots_cross_left_to_right_large_ship.wbt,ekf_on_cluster_off,1,0,5.0
1782410258.201725,97.08245801925659,0.0,0.0,0.2,0.03952466150959095,9.482608463025372,0.9776096732572293,0.0012324610545376424,0.23571154372142303,1782410258.2002106,None,None,None, None, 1782410258.1701248,1.0171487225829876,arrived,none,0.0,nan,nan,0.0,0.0,nan,nan,nan,mr_webots_cross_left_to_right_large_ship.wbt,ekf_on_cluster_off,1,0,5.0
1782410258.3019907,97.18272376060486,0.0,0.0,0.2,0.03952227005846154,9.483033158855255,0.9776264679626175,0.0009418562627336914,0.23576994400863377,1782410258.262216,None,None,None, None, 1782410258.2899814,1.0835033207443177,arrived,none,0.0,nan,nan,0.0,0.0,nan,nan,nan,mr_webots_cross_left_to_right_large_ship.wbt,ekf_on_cluster_off,1,0,5.0
1782410258.4011922,97.28192520141602,0.0,0.0,0.2,0.039529303398101644,9.483456349870938,0.9776432021461195,0.0009597058129127839,0.23589802524541983,1782410258.395675,None,None,None, None, 1782410258.359347,1.0831893489716264,arrived,none,0.0,nan,nan,0.0,0.0,nan,nan,nan,mr_webots_cross_left_to_right_large_ship.wbt,ekf_on_cluster_off,1,0,5.0
1782410258.50262,97.38335299491882,0.0,0.0,0.2,0.039577509313811425,9.483878043017693,0.9776598800701483,0.0012991722671401112,0.235989397455704,1782410258.466006,None,None,None, None, 1782410258.4449897,0.9194043386904337,arrived,none,0.0,nan,nan,0.0,0.0,nan,nan,nan,mr_webots_cross_left_to_right_large_ship.wbt,ekf_on_cluster_off,1,0,5.0
1782410258.6018836,97.48261666297913,0.0,0.0,0.2,0.039579494236688446,9.484298232724633,0.9776765188206267,0.0010055150992921015,0.2360539910051554,1782410258.6018836,None,None,None, None, 1782410258.5700536,1.084099393322723,arrived,none,0.0,nan,nan,0.0,0.0,nan,nan,nan,mr_webots_cross_left_to_right_large_ship.wbt,ekf_on_cluster_off,1,0,5.0
1782410258.701637,97.5823700428009,0.0,0.0,0.2,0.03960027674283463,9.48471694760908,0.9776931000032287,0.0011179238691577424,0.23620825491667524,1782410258.6682367,None,None,None, None, 1782410258.701637,0.9797048737628805,arrived,none,0.0,nan,nan,0.0,0.0,nan,nan,nan,mr_webots_cross_left_to_right_large_ship.wbt,ekf_on_cluster_off,1,0,5.0
1782410258.8019247,97.68265771865845,0.0,0.0,0.2,0.03962680314736069,9.485134190684459,0.9777096315868965,0.0011848742987579442,0.23635598311685296,1782410258.792915,None,None,None, None, 1782410258.7728965,1.062799727469596,arrived,none,0.0,nan,nan,0.0,0.0,nan,nan,nan,mr_webots_cross_left_to_right_large_ship.wbt,ekf_on_cluster_off,1,0,5.0
1782410258.9020789,97.7828118801117,0.0,0.0,0.2,0.039625975042307755,9.485549969994619,0.9777261162211929,0.0009792781048614265,0.23642174875950098,1782410258.8600724,None,None,None, None, 1782410258.9010992,1.0551200388243878,arrived,none,0.0,nan,nan,0.0,0.0,nan,nan,nan,mr_webots_cross_left_to_right_large_ship.wbt,ekf_on_cluster_off,1,0,5.0
1782410259.0022957,97.88302874565125,0.0,0.0,0.2,0.03952035912109761,9.48589021116063,0.977605615662149,0.0011613530392219399,0.23656949488733617,1782410258.9872913,9.485889232578156,0.9776038072439327,0.03926520090059249, 1782410258.925158, 1782410258.9702258,0.9782650834484679,arrived,none,0.0,nan,nan,0.0,0.0,nan,nan,nan,mr_webots_cross_left_to_right_large_ship.wbt,ekf_on_cluster_off,1,0,5.0
1782410259.1015952,97.98232817649841,0.0,0.0,0.2,0.0395130135419361,9.486293993966637,0.9776215816167038,0.0008749131496754346,0.2366331538686844,1782410259.0600517,None,None,None, None, 1782410259.0945961,1.096445196794903,arrived,none,0.0,nan,nan,0.0,0.0,nan,nan,nan,mr_webots_cross_left_to_right_large_ship.wbt,ekf_on_cluster_off,1,0,5.0
1782410259.2021224,98.08285546302795,0.0,0.0,0.2,0.03953186069665669,9.486696378378644,0.9776374893170684,0.0010503384116652315,0.2367660889266,1782410259.1866157,None,None,None, None, 1782410259.1623437,0.9139494699091946,arrived,none,0.0,nan,nan,0.0,0.0,nan,nan,nan,mr_webots_cross_left_to_right_large_ship.wbt,ekf_on_cluster_off,1,0,5.0
1782410259.3034244,98.184157371521,0.0,0.0,0.2,0.03949675041067548,9.487097363677496,0.9776533492747164,0.0005557453307321727,0.23681487158855322,1782410259.2743945,None,None,None, None, 1782410259.3134253,0.9878336414460975,arrived,none,0.0,nan,nan,0.0,0.0,nan,nan,nan,mr_webots_cross_left_to_right_large_ship.wbt,ekf_on_cluster_off,1,0,5.0
1782410259.401917,98.28264999389648,0.0,0.0,0.2,0.03953762939128066,9.487496980891631,0.9776691410686346,0.00107044642664658,0.23688643368277235,1782410259.341247,None,None,None, None, 1782410259.3793817,1.094399000587025,arrived,none,0.0,nan,nan,0.0,0.0,nan,nan,nan,mr_webots_cross_left_to_right_large_ship.wbt,ekf_on_cluster_off,1,0,5.0
1782410259.502255,98.38298797607422,0.0,0.0,0.2,0.039552296903899074,9.487895209445945,0.9776848942910895,0.000936991558209722,0.23701572490136036,1782410259.4792325,None,None,None, None, 1782410259.4600255,1.0896632088252318,arrived,none,0.0,nan,nan,0.0,0.0,nan,nan,nan,mr_webots_cross_left_to_right_large_ship.wbt,ekf_on_cluster_off,1,0,5.0
1782410259.6016247,98.48235774040222,0.0,0.0,0.2,0.0395440417914046,9.488292069171528,0.9777005991951404,0.0007351948064207454,0.23706853957858162,1782410259.5510702,None,None,None, None, 1782410259.603155,0.9101716306780995,arrived,none,0.0,nan,nan,0.0,0.0,nan,nan,nan,mr_webots_cross_left_to_right_large_ship.wbt,ekf_on_cluster_off,1,0,5.0
1782410259.701323,98.58205604553223,0.0,0.0,0.2,0.03956722442097697,9.488687578407982,0.9777162473862878,0.0009342099282461723,0.23718870381133128,1782410259.6796968,None,None,None, None, 1782410259.671699,1.0602604353888077,arrived,none,0.0,nan,nan,0.0,0.0,nan,nan,nan,mr_webots_cross_left_to_right_large_ship.wbt,ekf_on_cluster_off,1,0,5.0
1782410259.8037412,98.68447422981262,0.0,0.0,0.2,0.03958549973187038,9.489081734071632,0.9777318511756551,0.0009283191414914886,0.2372534992879838,1782410259.7494955,None,None,None, None, 1782410259.7952833,1.017698359560417,arrived,none,0.0,nan,nan,0.0,0.0,nan,nan,nan,mr_webots_cross_left_to_right_large_ship.wbt,ekf_on_cluster_off,1,0,5.0
1782410259.9032106,98.78394365310669,0.0,0.0,0.2,0.03959243367404809,9.489474547259848,0.9777474090092971,0.0008459218329802645,0.23736300414097108,1782410259.8789458,None,None,None, None, 1782410259.8703256,1.0929685263682256,arrived,none,0.0,nan,nan,0.0,0.0,nan,nan,nan,mr_webots_cross_left_to_right_large_ship.wbt,ekf_on_cluster_off,1,0,5.0
1782410260.001739,98.88247203826904,0.0,0.0,0.2,0.039834019702520845,9.489654740501178,0.9776329042184825,0.0009183032046422755,0.23742446732023498,1782410259.945877,9.489651949958562,0.9776311871265104,0.04026424896216785, 1782410259.925621, 1782410259.9959962,1.0754552495354333,arrived,none,0.0,nan,nan,0.0,0.0,nan,nan,nan,mr_webots_cross_left_to_right_large_ship.wbt,ekf_on_cluster_off,1,0,5.0
1782410260.101473,98.98220610618591,0.0,0.0,0.2,0.03984501221496777,9.490019914094868,0.977647458249288,0.0009093096725469064,0.23753820105451473,1782410260.070954,None,None,None, None, 1782410260.070954,0.9305821128366384,arrived,none,0.0,nan,nan,0.0,0.0,nan,nan,nan,mr_webots_cross_left_to_right_large_ship.wbt,ekf_on_cluster_off,1,0,5.0
1782410260.2021852,99.08291816711426,0.0,0.0,0.2,0.039843852609149626,9.490383876058049,0.9776619679976494,0.0007772857025735559,0.23759295977282735,1782410260.1414027,None,None,None, None, 1782410260.1394029,0.9570978382344922,arrived,none,0.0,nan,nan,0.0,0.0,nan,nan,nan,mr_webots_cross_left_to_right_large_ship.wbt,ekf_on_cluster_off,1,0,5.0
1782410260.3017461,99.1824791431427,0.0,0.0,0.2,0.039856374439018974,9.490746639216809,0.9776764295330087,0.0008529353815171981,0.2377143126587391,1782410260.2836795,None,None,None, None, 1782410260.2906818,0.9169451626074461,arrived,none,0.0,nan,nan,0.0,0.0,nan,nan,nan,mr_webots_cross_left_to_right_large_ship.wbt,ekf_on_cluster_off,1,0,5.0
1782410260.4024246,99.28315758705139,0.0,0.0,0.2,0.03987286586764019,9.491108206040295,0.9776908479111972,0.0008879477723573459,0.23778641920780194,1782410260.3648853,None,None,None, None, 1782410260.3648853,1.0707945804701868,arrived,none,0.0,nan,nan,0.0,0.0,nan,nan,nan,mr_webots_cross_left_to_right_large_ship.wbt,ekf_on_cluster_off,1,0,5.0
1782410260.5019972,99.38273024559021,0.0,0.0,0.2,0.03987374977009207,9.491468582806457,0.9777052247854665,0.0007606269263244996,0.23788101845325707,1782410260.4892554,None,None,None, None, 1782410260.4984941,1.061088722031786,arrived,none,0.0,nan,nan,0.0,0.0,nan,nan,nan,mr_webots_cross_left_to_right_large_ship.wbt,ekf_on_cluster_off,1,0,5.0
1782410260.6018255,99.48255848884583,0.0,0.0,0.2,0.03997259386144178,9.491827783434118,0.9777195550568585,0.001589445944907016,0.23798470958930137,1782410260.5544927,None,None,None, None, 1782410260.571008,1.05937476624509,arrived,none,0.0,nan,nan,0.0,0.0,nan,nan,nan,mr_webots_cross_left_to_right_large_ship.wbt,ekf_on_cluster_off,1,0,5.0
1782410260.7019093,99.58264231681824,0.0,0.0,0.2,0.04015077754736962,9.492185775699827,0.9777339092043795,0.0007898175555034174,0.23808226457154796,1782410260.6780086,None,None,None, None, 1782410260.697407,1.0442040637046992,arrived,none,0.0,nan,nan,0.0,0.0,nan,nan,nan,mr_webots_cross_left_to_right_large_ship.wbt,ekf_on_cluster_off,1,0,5.0
1782410260.801456,99.68218898773193,0.0,0.0,0.2,0.040144589788680705,9.492542539338311,0.9777482412441816,0.0008099061233741473,0.23815286476808456,1782410260.7651794,None,None,None, None, 1782410260.7785268,0.9196394216709446,arrived,none,0.0,nan,nan,0.0,0.0,nan,nan,nan,mr_webots_cross_left_to_right_large_ship.wbt,ekf_on_cluster_off,1,0,5.0
1782410260.9021065,99.78283953666687,0.0,0.0,0.2,0.0401535707170347,9.4928981527059,0.9777625248708789,0.0008680701854488096,0.23825826266447717,1782410260.8865957,None,None,None, None, 1782410260.849796,0.9851142042778261,arrived,none,0.0,nan,nan,0.0,0.0,nan,nan,nan,mr_webots_cross_left_to_right_large_ship.wbt,ekf_on_cluster_off,1,0,5.0
1782410261.0041118,99.88484477996826,0.0,0.0,0.2,0.04053059580991475,9.493175495009638,0.9776582597573567,0.0009730794411347372,0.23832290372513615,1782410260.953025,9.493174476446764,0.9776566946385129,0.041211839224509106, 1782410260.930003, 1782410260.9866009,1.000602855997841,arrived,none,0.0,nan,nan,0.0,0.0,nan,nan,nan,mr_webots_cross_left_to_right_large_ship.wbt,ekf_on_cluster_off,1,0,5.0
1782410261.101356,99.98208904266357,0.0,0.0,0.2,0.04054352297829413,9.493519236936994,0.9776721994563635,0.0009652990864481549,0.23844967370523104,1782410261.0843523,None,None,None, None, 1782410261.0628154,1.033919666616996,arrived,none,0.0,nan,nan,0.0,0.0,nan,nan,nan,mr_webots_cross_left_to_right_large_ship.wbt,ekf_on_cluster_off,1,0,5.0
1782410261.2027457,100.08347868919373,0.0,0.0,0.2,0.04053738530137204,9.493861866508885,0.9776860984827537,0.0007691908034767744,0.23850404022002203,1782410261.1550324,None,None,None, None, 1782410261.1912336,1.0776955177296224,arrived,none,0.0,nan,nan,0.0,0.0,nan,nan,nan,mr_webots_cross_left_to_right_large_ship.wbt,ekf_on_cluster_off,1,0,5.0
1782410261.302,100.18273305892944,0.0,0.0,0.2,0.04055997970003013,9.494203398465421,0.9776999508838893,0.000966296174260518,0.238633877375656,1782410261.2893982,None,None,None, None, 1782410261.257979,1.0902337078079,arrived,none,0.0,nan,nan,0.0,0.0,nan,nan,nan,mr_webots_cross_left_to_right_large_ship.wbt,ekf_on_cluster_off,1,0,5.0
1782410261.402458,100.28319096565247,0.0,0.0,0.2,0.040556373534463945,9.494543828447336,0.9777137662938413,0.0007603261382240991,0.23868312568095962,1782410261.3541708,None,None,None, None, 1782410261.3807502,1.0652753196716849,arrived,none,0.0,nan,nan,0.0,0.0,nan,nan,nan,mr_webots_cross_left_to_right_large_ship.wbt,ekf_on_cluster_off,1,0,5.0
1782410261.5019462,100.38267922401428,0.0,0.0,0.2,0.04057383548320954,9.494883173855479,0.9777275364636135,0.0008876708034184549,0.2387930345991799,1782410261.477988,None,None,None, None, 1782410261.5030146,1.0784624064932622,arrived,none,0.0,nan,nan,0.0,0.0,nan,nan,nan,mr_webots_cross_left_to_right_large_ship.wbt,ekf_on_cluster_off,1,0,5.0
