EpochTime(s),TimeFromStart(s),right_prop_rate(rad/s),left_prop_rate(rad/s),LastDT(s),Yaw(rad),North(m),East(m),IMUSensedYawRate(rad/s),IMUIntegratedYaw(rad),IMUSensedTimeStamp(s),ARUCOSensedNorth(m),ARUCOSensedEast(m),ARUCOSensedYaw(rad),ArucoSensedTimeStamp(s),DepthTimeStamp(s),Depth(m),NavigationMode,APFEncounter,APFSide,APFDCPA(m),APFTCPA(s),APFForceX,APFForceY,NearestObstacleNorth(m),NearestObstacleEast(m),NearestObstacleDistance(m)
1781912780.5159101,2.3937127590179443,-200.0,200.0,0.2,6.283185305568055,-6.712772810511512e-05,1.0000000007707004,6.496740908930805e-12,6.2831853055691775,1781912780.4631758,-6.712772810511512e-05,1.0000000007707004,6.283185305567878, 1781912780.142508, 1781912780.4616704,0.9506723504876314,track,none,0.0,nan,nan,0.0,0.0,nan,nan,nan
1781912780.5380266,2.4158291816711426,-200.0,200.0,0.2,6.283185305567014,0.030150535317798006,1.0000000007220036,-4.694314083056944e-12,6.283185305568854,1781912780.532003,None,None,None, None, 1781912780.532003,1.087511222398822,track,none,0.0,nan,nan,0.0,0.0,nan,nan,nan
1781912780.638704,2.5165066719055176,-200.0,200.0,0.2,6.283185305563556,0.08490459607022982,1.0000000006337086,-3.1185466473027315e-11,6.283185305566075,1781912780.6211205,None,None,None, None, 1781912780.6211205,1.0796320124142238,track,none,0.0,nan,nan,0.0,0.0,nan,nan,nan
1781912780.7391768,2.6169793605804443,-200.0,200.0,0.2,6.283185305568015,0.15122300625684665,1.0000000005265361,2.5180465650304257e-11,6.28318530556799,1781912780.6971648,None,None,None, None, 1781912780.708307,1.0946554311493009,track,none,0.0,nan,nan,0.0,0.0,nan,nan,nan
1781912780.8391564,2.716958999633789,-200.0,200.0,0.2,6.2831853056858815,0.22039432613577986,1.0000000004150615,1.032015402494731e-09,6.283185305675843,1781912780.8016722,None,None,None, None, 1781912780.8316357,0.9177846447047138,track,none,0.0,nan,nan,0.0,0.0,nan,nan,nan
1781912780.942314,2.8201165199279785,-200.0,200.0,0.2,6.283185305866911,0.29001354105299193,1.000000000311071,2.0067116763234502e-09,6.283185305852554,1781912780.8897321,None,None,None, None, 1781912780.9217513,0.9956538805426391,track,none,0.0,nan,nan,0.0,0.0,nan,nan,nan
1781912781.041498,2.9193005561828613,-200.0,200.0,0.2,6.283185305910868,0.3596938750905033,1.0000000002196032,1.4259929231746993e-09,6.283185305968878,1781912780.971306,None,None,None, None, 1781912780.9998176,0.9212169203101324,track,none,0.0,nan,nan,0.0,0.0,nan,nan,nan
1781912781.140547,3.0183496475219727,-200.0,200.0,0.2,6.28318530560886,0.42938235578976003,1.0000000001311882,-1.5184619174074981e-09,6.2831853057166365,1781912781.1374228,None,None,None, None, 1781912781.1415462,0.9191211256834968,track,none,0.0,nan,nan,0.0,0.0,nan,nan,nan
1781912781.2392983,3.117100954055786,-200.0,200.0,0.2,6.283185305665255,0.08915048317701013,1.0000000003634415,-1.505404435243961e-09,6.283185305601756,1781912781.2137346,0.0843617840055359,1.0000000003674334,6.283185305890498, 1781912781.147568, 1781912781.2137346,0.9112229631737399,track,none,0.0,nan,nan,0.0,0.0,nan,nan,nan
1781912781.3387766,3.2165791988372803,-200.0,200.0,0.2,6.283185305653747,0.13326893142436014,1.0000000002966316,-7.519648341721634e-10,6.283185305537992,1781912781.2985315,None,None,None, None, 1781912781.282981,1.0078927106958313,track,none,0.0,nan,nan,0.0,0.0,nan,nan,nan
1781912781.4391565,3.3169591426849365,-200.0,200.0,0.2,6.283185305855653,0.195494495071927,1.0000000002016853,1.4914781999326492e-09,6.2831853057446745,1781912781.437107,None,None,None, None, 1781912781.4161515,0.9972568834373766,track,none,0.0,nan,nan,0.0,0.0,nan,nan,nan
1781912781.5392275,3.417030096054077,-200.0,200.0,0.2,6.283185305983702,0.26384637918721726,1.000000000111192,1.5097687134157978e-09,6.2831853058812746,1781912781.5275843,None,None,None, None, 1781912781.501884,0.9978160956811912,track,none,0.0,nan,nan,0.0,0.0,nan,nan,nan
1781912781.6390898,3.516892433166504,-200.0,200.0,0.2,6.283185305957051,0.333347313641003,1.0000000000280769,5.069886737889537e-10,6.2831853059189395,1781912781.6018767,None,None,None, None, 1781912781.6315494,1.0064689968790577,track,none,0.0,nan,nan,0.0,0.0,nan,nan,nan
1781912781.7386365,3.6164391040802,-200.0,200.0,0.2,6.283185305731639,0.40301174986775745,0.9999999999429097,-1.4372632557051342e-09,6.283185305741921,1781912781.7250402,None,None,None, None, 1781912781.7000313,0.9379791267032008,track,none,0.0,nan,nan,0.0,0.0,nan,nan,nan
1781912781.8392134,3.7170159816741943,-200.0,200.0,0.2,6.283185305653252,0.47269811599636596,0.9999999998420075,-9.602315762415784e-10,6.2831853056666915,1781912781.803385,None,None,None, None, 1781912781.8417456,0.9835356742531353,track,none,0.0,nan,nan,0.0,0.0,nan,nan,nan
1781912781.938229,3.8160316944122314,-200.0,200.0,0.2,6.283185305854377,0.5423873982020837,0.9999999997356384,1.2605001672766754e-09,6.283185305831623,1781912781.934231,None,None,None, None, 1781912781.9011717,1.0242501218158069,track,none,0.0,nan,nan,0.0,0.0,nan,nan,nan
1781912782.0392866,3.9170892238616943,-200.0,200.0,0.2,6.283185305979155,0.6120770677155006,0.9999999996432849,1.3340926520554494e-09,6.283185305920231,1781912782.0006497,None,None,None, None, 1781912782.035286,1.0545313231174018,track,none,0.0,nan,nan,0.0,0.0,nan,nan,nan
1781912782.1454124,4.023215055465698,-200.0,200.0,0.2,6.283185306053494,0.6817667886624137,0.9999999995596272,1.3192557334878276e-09,6.283185306016375,1781912782.0735273,None,None,None, None, 1781912782.1011739,0.987792342525019,track,none,0.0,nan,nan,0.0,0.0,nan,nan,nan
1781912782.238357,4.116159677505493,-200.0,200.0,0.2,6.283185305955899,0.27618217628251235,0.9999999999985041,-1.1638378104483401e-09,6.283185305830387,1781912782.233333,0.2696145303420345,1.0000000000056533,6.283185306155493, 1781912782.150925, 1781912782.2565389,1.0529097467129613,track,none,0.0,nan,nan,0.0,0.0,nan,nan,nan
1781912782.3388581,4.216660737991333,-200.0,200.0,0.2,6.283185305825656,0.31957283182770346,0.9999999999454074,-1.483635237913151e-09,6.283185305713986,1781912782.31179,None,None,None, None, 1781912782.3308282,0.936966868078318,track,none,0.0,nan,nan,0.0,0.0,nan,nan,nan
1781912782.438802,4.3166046142578125,-200.0,200.0,0.2,6.283185305815835,0.38146686644315864,0.9999999998616073,-6.959819227953905e-10,6.283185305658408,1781912782.3916452,None,None,None, None, 1781912782.4077227,1.0427493251260231,track,none,0.0,nan,nan,0.0,0.0,nan,nan,nan
1781912782.5396838,4.4174864292144775,-200.0,200.0,0.2,6.283185305994279,0.4497432482224353,0.9999999997684953,1.0976677653351765e-09,6.283185305794264,1781912782.515413,None,None,None, None, 1781912782.5357108,1.0429585891727657,track,none,0.0,nan,nan,0.0,0.0,nan,nan,nan
1781912782.6383555,4.516158103942871,-200.0,200.0,0.2,6.283185306209958,0.5192328639693641,0.9999999996861287,2.1074016183332126e-09,6.2831853059290435,1781912782.579368,None,None,None, None, 1781912782.6149473,1.0219585482628133,track,none,0.0,nan,nan,0.0,0.0,nan,nan,nan
1781912782.7391498,4.616952419281006,-200.0,200.0,0.2,6.28318530617776,0.5888957697473358,0.9999999996185817,6.29873090248943e-10,6.283185306005644,1781912782.7009811,None,None,None, None, 1781912782.6844237,1.0180173629177993,track,none,0.0,nan,nan,0.0,0.0,nan,nan,nan
1781912782.8387108,4.716513395309448,-200.0,200.0,0.2,6.28318530591688,0.6585819321447212,0.9999999995487682,-1.5823176961204744e-09,6.2831853058188685,1781912782.8190207,None,None,None, None, 1781912782.8069787,0.9426176650809289,track,none,0.0,nan,nan,0.0,0.0,nan,nan,nan
1781912782.9386759,4.816478490829468,-200.0,200.0,0.2,6.283185305825047,0.7282711872872988,0.9999999994607711,-1.0582002174868295e-09,6.283185305739285,1781912782.8942273,None,None,None, None, 1781912782.8787646,1.0629856736975238,track,none,0.0,nan,nan,0.0,0.0,nan,nan,nan
1781912783.038933,4.916735649108887,-200.0,200.0,0.2,6.283185305917687,0.7979608532067285,0.9999999993663737,2.6040749041025136e-10,6.283185305774738,1781912783.0303736,None,None,None, None, 1781912783.0080595,0.9425415743731025,track,none,0.0,nan,nan,0.0,0.0,nan,nan,nan
1781912783.1406963,5.01849889755249,-200.0,200.0,0.2,6.283185306028265,0.8676505736763775,0.9999999992784323,7.834577099104775e-10,6.283185305828189,1781912783.0985973,None,None,None, None, 1781912783.141696,1.0231435483679756,track,none,0.0,nan,nan,0.0,0.0,nan,nan,nan
1781912783.2382753,5.116077899932861,-200.0,200.0,0.2,6.283185306130008,0.46629525842988334,0.9999999999694505,8.726530545271717e-10,6.283185305938152,1781912783.2246068,0.46007318822753185,0.9999999999796381,6.28318530617671, 1781912783.162436, 1781912783.2062137,0.9124778849652221,track,none,0.0,nan,nan,0.0,0.0,nan,nan,nan
1781912783.3391273,5.216929912567139,-200.0,200.0,0.2,6.283185306100192,0.5102762384337763,0.999999999923289,1.3702087411427935e-10,6.283185305947718,1781912783.294427,None,None,None, None, 1781912783.338118,0.9076745811609301,track,none,0.0,nan,nan,0.0,0.0,nan,nan,nan
1781912783.4391232,5.316925764083862,-200.0,200.0,0.2,6.283185305959386,0.5724396865343954,0.9999999998561901,-1.1020777497970962e-09,6.2831853058026175,1781912783.426088,None,None,None, None, 1781912783.399505,1.0534835823310478,track,none,0.0,nan,nan,0.0,0.0,nan,nan,nan
1781912783.5386086,5.4164111614227295,-200.0,200.0,0.2,6.283185305955301,0.6407775285932037,0.9999999997728043,-3.2178020363332644e-10,6.283185305773506,1781912783.5165596,None,None,None, None, 1781912783.5320857,1.0249894381046611,track,none,0.0,nan,nan,0.0,0.0,nan,nan,nan
1781912783.6383069,5.516109466552734,-200.0,200.0,0.2,6.283185306019899,0.7102763633437773,0.9999999996877179,3.101636788674763e-10,6.283185305797728,1781912783.5946562,None,None,None, None, 1781912783.6061754,0.9038279382631835,track,none,0.0,nan,nan,0.0,0.0,nan,nan,nan
1781912783.7389688,5.616771459579468,-200.0,200.0,0.2,6.2831853061578125,0.779940515781486,0.9999999996069292,1.2168258082424492e-09,6.283185305961129,1781912783.7289407,None,None,None, None, 1781912783.7374625,0.966844414371572,track,none,0.0,nan,nan,0.0,0.0,nan,nan,nan
1781912783.838256,5.7160584926605225,-200.0,200.0,0.2,6.283185306180077,0.8496268441346909,0.9999999995357255,6.784381104208202e-10,6.283185306015218,1781912783.8086665,None,None,None, None, 1781912783.8131711,1.0334914064412228,track,none,0.0,nan,nan,0.0,0.0,nan,nan,nan
1781912783.9388123,5.816614866256714,-200.0,200.0,0.2,6.283185306074227,0.9193161213224587,0.9999999994660704,-4.075791853633784e-10,6.2831853059807665,1781912783.8931935,None,None,None, None, 1781912783.9002066,1.0657030275275452,track,none,0.0,nan,nan,0.0,0.0,nan,nan,nan
1781912784.0584452,5.936247825622559,-200.0,200.0,0.2,6.283185305935012,0.9890057901694921,0.9999999993890383,-1.1124692715978704e-09,6.283185305901854,1781912783.9641285,None,None,None, None, 1781912783.9935946,1.031661504985793,track,none,0.0,nan,nan,0.0,0.0,5.9683982797085315,0.9712065678596848,5.00904621475123
1781912784.1391337,6.016936302185059,-200.0,200.0,0.2,6.28318530597966,1.0586955110279126,0.9999999993023042,5.8921598919240036e-12,6.283185305902876,1781912784.1376178,None,None,None, None, 1781912784.0863163,0.9123415364384279,track,none,0.0,nan,nan,0.0,0.0,5.9212174651061416,0.9718847026283824,4.853663585868139
1781912784.2419376,6.11974024772644,-200.0,200.0,0.2,6.2831853061276695,0.6536372943192154,0.999999999954605,8.188448069024345e-10,6.283185305985836,1781912784.2389317,0.6473672577452965,0.9999999999643244,6.283185306186208, 1781912784.163371, 1781912784.2645593,0.9941929367884624,track,none,0.0,nan,nan,0.0,0.0,5.967527277699364,0.9720207319006307,4.830628060257544
1781912784.3516803,6.229482889175415,-200.0,200.0,0.2,6.2831853061910135,0.6972688961382811,0.9999999999087081,9.229572863712814e-10,6.2831853060508,1781912784.3093183,None,None,None, None, 1781912784.2645593,0.9941929367884624,track,none,0.0,nan,nan,0.0,0.0,5.532682009215421,0.9721940343935237,4.801295900163898
1781912784.4402993,6.31810188293457,-200.0,200.0,0.2,6.283185306192183,0.7592734180759866,0.9999999998474122,5.046652054511136e-10,6.28318530609437,1781912784.3956525,None,None,None, None, 1781912784.446824,0.995235373715614,track,none,0.0,nan,nan,0.0,0.0,5.548544736445142,0.9723556091496992,4.7739755159914585
1781912784.5386486,6.4164512157440186,-200.0,200.0,0.2,6.283185306026133,0.8275751141627057,0.9999999997799709,-1.096579105662174e-09,6.283185305947526,1781912784.529564,None,None,None, None, 1781912784.5210536,0.9455724654206219,track,none,0.0,nan,nan,0.0,0.0,5.582752891432598,0.9725173407593591,4.7466227069025235
1781912784.6388502,6.516652822494507,-200.0,200.0,0.2,6.2831853059716325,0.8970685327330883,0.9999999996998135,-6.933459179996961e-10,6.283185305897258,1781912784.602064,None,None,None, None, 1781912784.6035688,0.9887922594541646,track,none,0.0,nan,nan,0.0,0.0,5.627474145905357,0.9726545458683475,4.723482277150714
1781912784.7381034,6.615906000137329,-200.0,200.0,0.2,6.283185306063953,0.96673195288425,0.9999999996156632,4.4519362461339797e-10,6.283185305955808,1781912784.7335796,None,None,None, None, 1781912784.6801531,1.0375718188336087,track,none,0.0,nan,nan,0.0,0.0,5.671363064485954,0.972803517889167,4.698312428522676
1781912785.0898678,6.967670440673828,-200.0,200.0,0.2,6.283185305986523,1.0364181837575341,0.999999999537919,-7.145072059460773e-10,6.28318530573546,1781912785.0419712,None,None,None, None, 1781912785.0808206,0.9729636386388497,track,none,0.0,nan,nan,0.0,0.0,5.662059410317288,0.9732629718544608,4.620621352759072
1781912785.199575,7.077377557754517,-200.0,200.0,0.2,6.2831853060464375,0.8455458367887562,0.9999999997210506,-1.0345188846530986e-09,6.283185305658443,1781912785.1164181,0.8378241422536022,0.9999999997289416,6.2831853063459215, 1781912785.165955, 1781912785.1574295,1.0950523034653008,track,none,0.0,nan,nan,0.0,0.0,5.701930059534839,0.9734364463729964,4.591221481870979
1781912785.290795,7.16859769821167,-200.0,200.0,0.2,6.283185306119087,0.9002823550226255,0.999999999659026,2.1394143657624536e-10,6.283185305694144,1781912785.2832913,None,None,None, None, 1781912785.2396612,1.0924652320008479,track,none,0.0,nan,nan,0.0,0.0,5.487557040842905,0.9735731804036287,4.5681330274159455
1781912785.3907456,7.268548250198364,-200.0,200.0,0.2,6.283185306283209,0.9665951733542912,0.9999999995887012,1.3977512949182315e-09,6.283185305793385,1781912785.3542917,None,None,None, None, 1781912785.3697047,0.9383516439683267,track,none,0.0,nan,nan,0.0,0.0,5.514509516591617,0.9737348337093712,4.540857942856772
1781912785.4907732,7.368575811386108,-200.0,200.0,0.2,6.283185306323184,1.0357655158821468,0.9999999995266985,8.237467257055988e-10,6.283185305893835,1781912785.4762344,None,None,None, None, 1781912785.44052,0.9727655804541953,track,none,0.0,nan,nan,0.0,0.0,5.55315245589136,0.9738958264750729,4.513590487702633
1781912785.5931108,7.470913410186768,-200.0,200.0,0.2,6.28318530627928,1.105384594701834,0.9999999994670765,1.7289865651638437e-10,6.283185305906288,1781912785.5482578,None,None,None, None, 1781912785.5705507,0.963925708383994,track,none,0.0,nan,nan,0.0,0.0,5.598783509227976,0.9740327922247709,4.490449104350735
1781912785.6914403,7.56924295425415,-200.0,200.0,0.2,6.283185306092038,1.1750649105468263,0.9999999994043428,-1.3053434644904948e-09,6.283185305735745,1781912785.678908,None,None,None, None, 1781912785.641784,0.9686273567004462,track,none,0.0,nan,nan,0.0,0.0,5.640592794405729,0.9741940714603363,4.463101959228515
1781912785.7902615,7.668064117431641,-200.0,200.0,0.2,6.283185306057332,1.2447533888280902,0.9999999993285532,-6.375792217801926e-10,6.2831853056917035,1781912785.7479835,None,None,None, None, 1781912785.7892609,1.044276640512494,track,none,0.0,nan,nan,0.0,0.0,5.684670039365041,0.974343570884893,4.437916433253019
1781912785.892257,7.770059585571289,-200.0,200.0,0.2,6.283185306095951,1.3144429515763871,0.9999999992503438,-9.141979565522775e-11,6.283185305685087,1781912785.8937626,None,None,None, None, 1781912785.8641803,1.0508644534743408,track,none,0.0,nan,nan,0.0,0.0,5.7288322748893155,0.9744920798660748,4.412775671792898
1781912785.990359,7.868161678314209,-200.0,200.0,0.2,6.283185306257684,1.384132658345345,0.9999999991748255,1.1604664013733968e-09,6.283185305851153,1781912785.9634674,None,None,None, None, 1781912785.934423,1.026456169686511,track,none,0.0,nan,nan,0.0,0.0,5.76867622988641,0.974665737925598,4.383405841735473
1781912786.090892,7.968694686889648,-200.0,200.0,0.2,6.283185306284336,1.4538223842396025,0.9999999991105784,5.623079695791568e-10,6.283185305901678,1781912786.0533206,None,None,None, None, 1781912786.0743725,1.0943357108697844,track,none,0.0,nan,nan,0.0,0.0,5.814868199836063,0.9748024536718912,4.360284485590221
1781912786.1907227,8.068525314331055,-200.0,200.0,0.2,6.2831853062804415,1.0335746016034282,0.9999999994113885,-8.641279417487964e-10,6.283185305785978,1781912786.187212,1.0266786629612419,0.9999999994165006,6.283185306559837, 1781912786.169126, 1781912786.156566,1.0101128135370259,track,none,0.0,nan,nan,0.0,0.0,5.8545606429671615,0.9749764444079442,4.330817317962646
1781912786.2909994,8.16880202293396,-200.0,200.0,0.2,6.283185306230837,1.0755112160118214,0.9999999993736814,-6.679739274939533e-10,6.283185305732712,1781912786.2669563,None,None,None, None, 1781912786.2834744,0.9432078343180532,track,none,0.0,nan,nan,0.0,0.0,5.410819338333937,0.975113686817244,4.307716528652879
1781912786.3917766,8.2695791721344,-200.0,200.0,0.2,6.283185306220209,1.136723157175247,0.9999999993156067,-4.4358226853639325e-10,6.283185305701128,1781912786.3942876,None,None,None, None, 1781912786.3516693,1.0602140534069462,track,none,0.0,nan,nan,0.0,0.0,5.427254656124961,0.9752620515636958,4.282579105106224
1781912786.4899094,8.367712020874023,-200.0,200.0,0.2,6.283185306383937,1.2048398974353032,0.999999999250257,1.1760009178359494e-09,6.283185305848237,1781912786.4632506,None,None,None, None, 1781912786.4909155,1.0377773514251374,track,none,0.0,nan,nan,0.0,0.0,5.458538522926403,0.975436188272534,4.253188771115429
1781912786.5917604,8.469563007354736,-200.0,200.0,0.2,6.28318530645567,1.2743053474390698,0.9999999991949868,9.38741547752882e-10,6.28318530591423,1781912786.5972917,None,None,None, None, 1781912786.5503213,1.0975344880810662,track,none,0.0,nan,nan,0.0,0.0,5.503199396648886,0.9755726608813907,4.2300879190182545
1781912786.6911688,8.568971395492554,-200.0,200.0,0.2,6.283185306418123,1.343964980332449,0.9999999991445591,1.9463359840029134e-10,6.283185305938049,1781912786.655928,None,None,None, None, 1781912786.6716385,0.9237010112628242,track,none,0.0,nan,nan,0.0,0.0,5.503199396648886,0.9755726608813907,4.2300879190182545
1781912786.7915618,8.66936445236206,-200.0,200.0,0.2,6.283185306289855,1.4136507069501554,0.999999999091496,-7.795707174865143e-10,6.283185305837823,1781912786.7844925,None,None,None, None, 1781912786.7376754,0.9036022913958838,track,none,0.0,nan,nan,0.0,0.0,5.612371290658857,0.9757463825893682,4.200636005401611
1781912786.8902938,8.768096446990967,-200.0,200.0,0.2,6.283185306211193,1.4833399042031292,0.9999999990294913,-8.195326175953681e-10,6.283185305783589,1781912786.8506696,None,None,None, None, 1781912786.8606985,1.066365495678417,track,none,0.0,nan,nan,0.0,0.0,5.658587408349995,0.975883501171017,4.1775356978256895
1781912786.9899912,8.867793798446655,-200.0,200.0,0.2,6.28318530633166,1.553029562434784,0.9999999989620043,6.66699320229177e-10,6.283185305869117,1781912786.978955,None,None,None, None, 1781912786.9874878,1.0818321377233333,track,none,0.0,nan,nan,0.0,0.0,5.702673693752009,0.9760324629673527,4.152359650529296
1781912787.0903473,8.968149900436401,-200.0,200.0,0.2,6.283185306407585,1.6227192818835336,0.9999999989029126,7.278897868337034e-10,6.283185305919642,1781912787.048368,None,None,None, None, 1781912787.048368,0.9242877026119348,track,none,0.0,nan,nan,0.0,0.0,5.742486601744933,0.9762062960752563,4.122989820605317
1781912787.1904814,9.068284034729004,-200.0,200.0,0.2,6.283185306525894,1.220172067530908,0.999999999259238,7.433464932007763e-10,6.28318530601705,1781912787.1794083,1.2139340981146638,0.9999999992646555,6.2831853066645795, 1781912787.175404, 1781912787.1794083,0.9793122704291137,track,none,0.0,nan,nan,0.0,0.0,5.788760139956559,0.9763425357997331,4.0999078036310515
1781912787.2905033,9.16830587387085,-200.0,200.0,0.2,6.283185306455779,1.264041189923847,0.999999999230561,-2.8691722881830156e-10,6.283185305996244,1781912787.2519271,None,None,None, None, 1781912787.2754676,0.9997532398762001,track,none,0.0,nan,nan,0.0,0.0,5.3562761845478235,0.9765167247990466,4.07046477923629
1781912787.3909662,9.268768787384033,-200.0,200.0,0.2,6.283185306354956,1.326153921216251,0.9999999991856034,-8.582346787526985e-10,6.283185305894544,1781912787.370426,None,None,None, None, 1781912787.347897,1.065751593307654,track,none,0.0,nan,nan,0.0,0.0,5.374527335443103,0.9766657823715664,4.045253207625608
1781912787.4902253,9.368027925491333,-200.0,200.0,0.2,6.283185306298325,1.3944802624522539,0.9999999991292595,-8.050719835970893e-10,6.283185305837933,1781912787.440744,None,None,None, None, 1781912787.478384,1.0245798118466556,track,none,0.0,nan,nan,0.0,0.0,5.411068019979612,0.9768145606028917,4.020083836114659
1781912787.5911455,9.468948125839233,-200.0,200.0,0.2,6.283185306460384,1.4639773756615206,0.9999999990680144,1.0073913155758781e-09,6.2831853059632,1781912787.565092,None,None,None, None, 1781912787.5515237,1.0740135419309997,track,none,0.0,nan,nan,0.0,0.0,5.449563373372439,0.9769881198108051,3.990729026638491
1781912787.693535,9.571337699890137,-200.0,200.0,0.2,6.283185306558991,1.5336412953803844,0.9999999990179119,1.042489504598107e-09,6.283185306036886,1781912787.6357746,None,None,None, None, 1781912787.6788557,1.0203445373796165,track,none,0.0,nan,nan,0.0,0.0,5.495566168525836,0.9771248206989154,3.9676265057297693
1781912787.796654,9.674456596374512,-200.0,200.0,0.2,6.283185306610893,1.603327592755436,0.999999998974665,9.679209021852898e-10,6.283185306102483,1781912787.7035463,None,None,None, None, 1781912787.7524137,0.9506239479001894,track,none,0.0,nan,nan,0.0,0.0,5.5352291134835365,0.9772993780418749,3.938166076860759
1781912787.8910797,9.768882274627686,-200.0,200.0,0.2,6.283185306517589,1.673016865828163,0.9999999989350331,-1.6488791672586427e-10,6.2831853060854765,1781912787.8066897,None,None,None, None, 1781912787.8232105,0.9202973632017306,track,none,0.0,nan,nan,0.0,0.0,5.6490192064115154,0.9774482503367667,3.9129618962967383
1781912787.991146,9.868948698043823,-200.0,200.0,0.2,6.28318530640096,1.7427065341287191,0.9999999988888987,-7.44421121834129e-10,6.283185305992791,1781912788.0218074,None,None,None, None, 1781912787.9121375,0.9120174842975874,track,none,0.0,nan,nan,0.0,0.0,5.623369975094171,0.9775974875477446,3.887763199374147
1781912788.0902576,9.96806025505066,-200.0,200.0,0.2,6.283185306359789,1.8123962549145702,0.9999999988346364,-5.123510345138042e-10,6.2831853059463665,1781912788.0977783,None,None,None, None, 1781912788.0318313,0.9626430749307118,track,none,0.0,nan,nan,0.0,0.0,5.732960324831107,0.9777707948713366,3.8584210261681706
1781912788.1906745,10.068477153778076,-200.0,200.0,0.2,6.2831853065197745,1.4058959324786242,0.9999999993105715,6.089859823129201e-10,6.283185306041296,1781912788.1776888,1.3996068352126567,0.9999999993176117,6.283185306632677, 1781912788.179688, 1781912788.1807356,1.0494707485442647,track,none,0.0,nan,nan,0.0,0.0,5.732960324831107,0.9777707948713366,3.8584210261681706
1781912788.2906601,10.168462753295898,-200.0,200.0,0.2,6.283185306589264,1.4493911890761852,0.9999999992818728,8.564538250498375e-10,6.283185306109706,1781912788.2575648,None,None,None, None, 1781912788.2640781,0.9525631708293776,track,none,0.0,nan,nan,0.0,0.0,5.335000482629803,0.9777187670115632,3.835335909884029
1781912788.3903756,10.268178224563599,-200.0,200.0,0.2,6.283185306515011,1.5113332778515007,0.9999999992453069,-3.371881705693196e-10,6.283185306065262,1781912788.3893745,None,None,None, None, 1781912788.3542871,0.9289698225949344,track,none,0.0,nan,nan,0.0,0.0,5.3503742805178405,0.9778824110968951,3.8079828628271835
1781912788.4903378,10.368140459060669,-200.0,200.0,0.2,6.283185306429203,1.579620688228407,0.9999999991999248,-7.304991603428916e-10,6.2831853060122125,1781912788.4619946,None,None,None, None, 1781912788.4903378,1.053525975228089,track,none,0.0,nan,nan,0.0,0.0,5.384351018777134,0.978045146229093,3.780667485922396
1781912788.590813,10.468615531921387,-200.0,200.0,0.2,6.283185306374525,1.6491119617186758,0.9999999991477797,-7.547157462022949e-10,6.283185305957073,1781912788.5350547,None,None,None, None, 1781912788.577142,0.9121034022034955,track,none,0.0,nan,nan,0.0,0.0,5.429025281977194,0.9781825444616277,3.7575895222393005
1781912788.690899,10.56870150566101,-200.0,200.0,0.2,6.283185306483708,1.7187750917465707,0.9999999990916967,5.39018887363068e-10,6.283185306039725,1781912788.6883934,None,None,None, None, 1781912788.6808822,1.0700882570886219,track,none,0.0,nan,nan,0.0,0.0,5.468415135080192,0.9783576965523803,3.7282270835487887
1781912788.790531,10.668333530426025,200.0,200.0,0.2,6.283185306592635,1.788461283997618,0.9999999990432036,9.527466338416972e-10,6.283185306108133,1781912788.7601948,None,None,None, None, 1781912788.751675,0.923378964150123,apf_colreg,head_on,-1.0,0.01588406020662039,3.973629348979341,16.158320604318867,5.978159764868845,5.512270270181764,0.9785078694548744,3.7030441223659047
1781912788.8916295,10.769432067871094,200.0,200.0,0.2,6.279623818191223,1.835468580985336,0.9996098675719969,0.03250480673868759,0.002702747433313668,1781912788.843344,None,None,None, None, 1781912788.8393433,0.9654872612996358,apf_colreg,head_on,-1.0,0.01540300333405074,3.962747120301958,16.13657424577466,6.177243248835048,5.5562871869222485,0.9787240877786324,3.67534298429356
1781912788.9905202,10.868322849273682,200.0,200.0,0.2,6.286841500831152,1.8762605140534043,0.9989992960012755,0.15121322792974487,0.013040274175139515,1781912788.9951916,None,None,None, None, 1781912788.9845002,0.9916160802049719,apf_colreg,head_on,-1.0,0.030982112323551827,3.9558111663886373,16.165635166491775,6.176806911752164,5.576828786412003,0.9226850248018206,3.6515781367830673
1781912789.1055114,10.983314037322998,200.0,200.0,0.2,6.295211398222132,1.9142388256163405,0.9988247641465624,0.13685394042750051,0.03421057286109416,1781912789.0664005,None,None,None, None, 1781912789.0618865,0.9375325519465603,apf_colreg,static_obstacle,-1.0,0.05335891573205096,3.9526554211965745,16.216623943149774,6.0433550906520495,5.599404401100854,0.9073856391775438,3.6279306256600683
1781912789.1908894,11.068691968917847,200.0,200.0,0.2,6.314555936324375,1.5724298798534615,1.000113232913569,0.14665217645470055,0.04506169770898561,1781912789.1403928,1.5674329863733676,1.0001278980457948,0.048518940981135295, 1781912789.183513, 1781912789.1293468,1.075634368308036,apf_colreg,static_obstacle,-1.0,0.09019261150031149,4.367494935993625,16.302742601449957,5.7586882193355375,5.603426455811502,0.8759358954325686,3.5974704795323413
1781912789.2904696,11.168272256851196,200.0,200.0,0.2,0.03821690362759067,1.573077747925692,1.000129592554692,0.14766154520789015,0.06616383364911894,1781912789.2833016,None,None,None, None, 1781912789.2657688,1.0830451130611245,apf_colreg,static_obstacle,-1.0,0.12380844053884019,4.302340776564623,16.38178127745617,5.905279673990028,5.257540345439803,0.8862177485944898,3.5981138933171724
1781912789.3908982,11.26870083808899,200.0,200.0,0.2,0.04768656558786857,1.5812590712461931,1.0003965802805665,0.14867130735812056,0.07629047281064757,1781912789.3514159,None,None,None, None, 1781912789.3394117,0.9866022638846821,apf_colreg,head_on,-1.0,0.16801247848754705,4.214211553271008,16.4350971482744,5.744171204924354,5.2262461513498994,0.8499439637641149,3.5680341354867253
1781912789.489985,11.367787599563599,200.0,200.0,0.2,0.06052705386759004,1.5965548075616596,1.0010458814067655,0.16693012884081854,0.09783201269086066,1781912789.4804611,None,None,None, None, 1781912789.4619231,1.057523841677359,apf_colreg,head_on,-1.0,0.21388576024548425,4.118862031773396,16.516657535241407,5.564918217999004,5.217003722783662,0.8447140024589881,3.547614496001277
1781912789.590578,11.468380689620972,200.0,200.0,0.2,0.07184735808321045,1.617912463539363,1.0022471140906786,0.13922387298801658,0.10761906687262018,1781912789.5507584,None,None,None, None, 1781912789.536131,1.0360435266561234,apf_colreg,head_on,-1.0,0.2632200540142511,4.031603548954877,16.5796017919833,5.373551953693354,5.229667115578985,0.8304784628153277,3.53801566360253
1781912789.690803,11.568605661392212,200.0,200.0,0.2,0.08491768515872347,1.6439362251165575,1.0039900141297153,0.1570761347810913,0.12074850404848976,1781912789.693316,None,None,None, None, 1781912789.6774588,0.9065553519061028,apf_colreg,crossing_from_starboard,-1.0,0.3171152147525807,3.95271414870492,16.65753773055664,5.1596476653313985,5.218907929780353,0.8125934754057688,3.5055263221209167
1781912789.7903519,11.66815447807312,178.52041306053945,200.0,0.2,0.10487717052640924,1.6732256973485007,1.0063479388171968,0.21354607634646292,0.14724829285383573,1781912789.7584388,None,None,None, None, 1781912789.744475,1.0806657556287236,apf_colreg,crossing_from_starboard,-1.0,0.37147469342402156,3.8579460988134415,16.756816566188878,4.810794742508301,5.24246611587397,0.800581516780099,3.5063612537842137
1781912789.8911798,11.768982410430908,154.47282407487046,200.0,0.2,0.11915042158182795,1.7057302312129758,1.009714415985405,0.13938605177200294,0.15896218670723936,1781912789.842478,None,None,None, None, 1781912789.8760617,0.9021111110368153,apf_colreg,crossing_from_starboard,-1.0,0.42493530379177086,3.750527479657602,16.81757725532965,4.555500358873025,5.25668252882802,0.7934249529794787,3.4723674381194307
1781912789.9901905,11.867993116378784,123.93101702341096,200.0,0.2,0.1339216985205324,1.7413682579793412,1.013883497447953,0.15115890157935866,0.17688619234478792,1781912789.9610553,None,None,None, None, 1781912789.9465468,1.0005329520933526,apf_colreg,crossing_from_starboard,-1.0,0.4690876910642037,3.6423352485169893,16.885227800477995,4.280814368494171,5.2739154308145695,0.8089137284606311,3.483344757931359
1781912790.090015,11.967817544937134,88.12628082008695,200.0,0.2,0.1497345675677315,1.7801037662050454,1.0190129735827025,0.15676247042749136,0.18766819437215482,1781912790.0298345,None,None,None, None, 1781912790.078959,1.0338553629073233,apf_colreg,crossing_from_starboard,-1.0,0.5148621427462439,3.537086431151368,17.01608512298458,4.017289640695076,5.290908348111602,0.78566001457713,3.4352124880878097
1781912790.1902385,12.0680410861969,63.301927657735355,200.0,0.2,0.15770427702368964,1.821804949102403,1.0252488017981118,0.08012231767760368,0.19799237391836852,1781912790.1586897,None,None,None, None, 1781912790.1436427,1.0493658457013866,apf_colreg,crossing_from_starboard,-1.0,0.5503271391375335,3.445101664747424,17.040163108841007,3.83872565306111,5.315753357614949,0.8080459333703005,3.4368957541992735
1781912790.2917747,12.169577360153198,16.467956825195834,200.0,0.2,0.18176865698946357,1.6690216729139418,1.0068948704048215,0.13645256855108398,0.21498114657472586,1781912790.2831929,1.6669479575756498,1.0066294186716256,0.20347709424808524, 1781912790.19226, 1781912790.2831929,0.9503166176160404,apf_colreg,crossing_from_starboard,-1.0,0.5686773222857369,3.5689827626736257,17.094519179342385,3.537047876578247,5.32781148393331,0.8256548510649269,3.3964631525608637
1781912790.3906257,12.268428325653076,-11.067899361191383,200.0,0.2,0.19089811730704348,1.7030944200556721,1.0130874216212646,0.12426833710332305,0.22708357277184998,1781912790.3805823,None,None,None, None, 1781912790.352,1.0305584335612756,apf_colreg,crossing_from_starboard,-1.0,0.5715414856846783,3.534164983655787,17.132304535746478,3.3424016513292063,5.32781148393331,0.8256548510649269,3.3964631525608637
1781912790.491157,12.368959665298462,-200.0,-28.623194150898193,0.2,0.19832782882781042,1.7450422829852545,1.0211330473294336,0.0875975688379272,0.23328876535391174,1781912790.4514198,None,None,None, None, 1781912790.4820268,0.96294098654524,apf_avoid,none,0.0,nan,nan,11.300688993092887,-2.3896522976145453,5.190301581532405,0.8509417886914726,3.39100229316287
1781912790.5908961,12.468698740005493,-42.33934662575506,200.0,0.2,0.2079641094204735,1.7898599445004972,1.0305404994711989,0.015052307156793465,0.23532020582283344,1781912790.5863786,None,None,None, None, 1781912790.549957,0.9361339700270708,apf_colreg,crossing_from_starboard,-1.0,0.5864971543510276,3.375113278272206,17.163920909990118,2.937887028505114,5.220440365384101,0.8463472350287777,3.397377034707329
1781912790.6912975,12.569100141525269,-50.78755684112637,200.0,0.2,0.21079990416096775,1.8386190895787689,1.0408487572551337,0.02276917444972253,0.2367397940684521,1781912790.6487255,None,None,None, None, 1781912790.6892912,1.091950198711627,apf_colreg,crossing_from_starboard,-1.0,0.5819655443768386,3.339218722029487,17.17929777453341,2.8245445547136514,5.25955369070611,0.8700462405587187,3.367303788133164
1781912790.7903776,12.668180227279663,-63.63770084647,200.0,0.2,0.21712894498892335,1.8894642037780733,1.0515425763388837,0.08481538973206212,0.24837184473420598,1781912790.785871,None,None,None, None, 1781912790.7517147,1.0333452324993924,apf_colreg,crossing_from_starboard,-1.0,0.5696577818994348,3.3019952983970473,17.212978202856597,2.648691290888683,5.274857462106822,0.8722781981975204,3.347604110398358
1781912790.8911984,12.769001007080078,-82.00593654524943,200.0,0.2,0.22706604862997826,1.9417494882916233,1.0629252675505292,0.11015292373726408,0.25529926287359705,1781912790.8487601,None,None,None, None, 1781912790.8825595,0.9889858076663892,apf_colreg,head_on,-1.0,0.5526695569091498,3.2661841462225167,17.16126051116462,2.371300877584158,5.290404973795584,0.8678965276007856,3.315971729674737
1781912790.9914174,12.86922001838684,-98.00343831900365,200.0,0.2,0.23663813118026578,1.9955947884290763,1.0753145653975125,0.09185425431274538,0.2674886040343024,1781912790.9814632,None,None,None, None, 1781912790.953632,0.9721366708496797,apf_colreg,head_on,-1.0,0.5353694504442174,3.2389000811796205,17.145488170161908,2.1224834024948875,5.322176408949102,0.8557282864835445,3.298313727518177
1781912791.0902667,12.968069314956665,-113.30692799036191,200.0,0.2,0.2456461797549932,2.0509780001672233,1.0886564869286417,0.08142821401341542,0.27414341229626304,1781912791.0631893,None,None,None, None, 1781912791.0752256,1.058587006678415,apf_colreg,head_on,-1.0,0.512735173973984,3.2207820010319996,17.15007617999685,1.874376240026729,5.3405658699582625,0.8642780638865252,3.274243976450648
1781912791.1909342,13.068736791610718,-158.0777843321545,200.0,0.2,0.2568490410535538,2.1078884006014107,1.1029322955382952,0.09781918032411469,0.2810471874109721,1781912791.1337662,None,None,None, None, 1781912791.1498036,0.9798633587636126,apf_colreg,head_on,-1.0,0.48052064963322305,3.2209318838938903,17.014013263603086,1.0392397053886624,5.380076527268049,0.8907919586457667,3.2418994317094723
1781912791.290549,13.168351650238037,-127.32013745459865,200.0,0.2,0.28014960612827994,1.8039001205600096,1.036750941049829,0.07536799301766635,0.2902999954832055,1781912791.2565346,1.799198888531108,1.035690076677033,0.30411533946618885, 1781912791.193094, 1781912791.2815354,0.9207599062516758,apf_colreg,head_on,-1.0,0.37531943851729854,3.6208914616000167,17.267540375541927,1.6448604461326415,5.408575371244112,0.9260536742873743,3.2197990868571225
1781912791.390719,13.268521547317505,-141.56625429602767,200.0,0.2,0.2924164445557781,1.8428519161624197,1.0480339964475025,0.1130680929730663,0.30524433581454696,1781912791.3887057,None,None,None, None, 1781912791.356632,0.9231159882248161,apf_avoid,none,0.0,nan,nan,17.30540792253079,1.385962488568028,5.0870207885508805,0.9005538382658282,3.1978192082824037
1781912791.4913027,13.369105339050293,-159.89402145970996,200.0,0.2,0.3042619576610122,1.8951192672033454,1.0639615650930292,0.08427436487341668,0.3111292900945669,1781912791.4585366,None,None,None, None, 1781912791.4409413,1.0929919053470945,apf_colreg,head_on,-1.0,0.26565926769828463,3.5430039293308333,17.25163166839333,1.0157522249799364,5.107165091211914,0.9160607141270138,3.178555124282899
1781912791.591018,13.468820571899414,-181.41794141805678,200.0,0.2,0.3143159441242847,1.9542964210625735,1.0827836748554098,0.06210157030914343,0.3157791523968741,1781912791.5334117,None,None,None, None, 1781912791.5718992,1.0039100252239284,apf_colreg,head_on,-1.0,0.2126657925748332,3.511969552897308,17.25471713753381,0.5273710523668438,5.14280678834967,0.9345556057223521,3.1546745113309043
1781912791.6912663,13.569068908691406,-200.0,184.04061251023055,0.2,0.32408994725059354,2.01727912928634,1.1035199762477053,0.058317406452365966,0.32431339886075994,1781912791.679753,None,None,None, None, 1781912791.6466787,1.0931279339387157,apf_colreg,static_obstacle,-1.0,0.1667944691785119,3.503622158502818,17.039992925277428,-0.45622505001532687,5.1959933868978965,0.9305568972688207,3.1423666945057636
1781912791.7907524,13.66855502128601,-200.0,182.4821118193576,0.2,0.3338142228071953,2.0810905296818545,1.1253114955037882,0.04759004874263451,0.3276571233509875,1781912791.750014,None,None,None, None, 1781912791.774323,1.008205438716901,apf_colreg,crossing_from_starboard,-1.0,0.2880029815233036,8.355388697039515,17.03900635124846,-0.49475618574574654,5.234257766909485,0.985147317989366,3.108889987004882
1781912791.8904676,13.768270254135132,-200.0,165.54307122478843,0.2,0.34163959884911227,2.144702674571106,1.1477487708067473,0.028433208956398826,0.3313086413233551,1781912791.8784385,None,None,None, None, 1781912791.8534539,0.9459367117911252,apf_colreg,crossing_from_starboard,-1.0,0.2886407033389238,8.369665169222033,16.96874661780111,-0.880044664304446,5.334394969371549,1.0500376001390093,3.0816160703298388
1781912791.992079,13.869881629943848,-200.0,-200.0,0.2,0.3476051624626619,2.206516113625405,1.170097798740728,0.01199360768582276,0.3322080051992519,1781912791.9534254,None,None,None, None, 1781912791.9805062,0.9012663653250009,apf_avoid,none,0.0,nan,nan,10.221831700276448,-5.6936439376494965,5.309308982048645,1.0514841092879783,3.0602464437944565
1781912792.090561,13.968363523483276,-200.0,-200.0,0.2,0.34467819934736077,2.2499357801699693,1.1864019852474526,-0.1148589448538,0.3181253858455306,1781912792.0760334,None,None,None, None, 1781912792.0493197,0.9880478180637527,apf_avoid,none,0.0,nan,nan,10.177853053859542,-5.832498343475915,5.309308982048645,1.0514841092879783,3.0602464437944565
1781912792.19133,14.069132566452026,-200.0,-200.0,0.2,0.34247993410478966,2.287948686318358,1.2004723621570206,-0.09449539999036483,0.3113666157347066,1781912792.1475582,None,None,None, None, 1781912792.1310155,1.0671864427331348,apf_avoid,none,0.0,nan,nan,10.138672952327621,-5.955896245938735,5.393743151450784,1.100057597728593,3.0363114000256117
1781912792.2912462,14.16904878616333,-200.0,-200.0,0.2,0.3336910800611509,1.9616725572899494,1.0891872820909687,-0.1543834561091332,0.2903429828762476,1781912792.2837362,1.9568950787593984,1.087545395558763,0.334323651767118, 1781912792.198355, 1781912792.27723,0.912743638179577,apf_avoid,none,0.0,nan,nan,10.752235423877135,-4.246475376232219,5.416854888403494,1.143068538565956,3.030201409751555
1781912792.3906488,14.268451452255249,-200.0,-200.0,0.2,0.3272732772879041,1.9629807145529854,1.0896513695657364,-0.15633873218409755,0.2796653442888555,1781912792.3520343,None,None,None, None, 1781912792.3595443,1.0587498114978686,apf_avoid,none,0.0,nan,nan,10.778446320154181,-4.179799673132832,5.06142591667788,1.076170390861536,2.9872697184838475
1781912792.4905043,14.368306875228882,-200.0,-200.0,0.2,0.3162209661085953,1.9714032468948954,1.0925655234671556,-0.16681298350028903,0.2687691177121598,1781912792.4173543,None,None,None, None, 1781912792.4278724,0.9004856844509783,apf_avoid,none,0.0,nan,nan,10.818999226396048,-4.07565321357423,5.037803305876971,1.0911727627108154,2.9849574943879413
1781912792.5911086,14.468911170959473,-200.0,-200.0,0.2,0.2849903672473479,1.9865422151407794,1.0975970996129936,-0.33452723595449607,0.22053329210490857,1781912792.5615454,None,None,None, None, 1781912792.568058,1.0393302239937339,apf_avoid,none,0.0,nan,nan,10.933207496118506,-3.7623943122521593,5.014979671854052,1.1126958754926317,2.9656208467678353
1781912792.6905205,14.568323135375977,-200.0,-200.0,0.2,0.2581956737300018,2.00756827927432,1.1036937971456768,-0.22179168113273967,0.2049635235347897,1781912792.6317453,None,None,None, None, 1781912792.6593413,1.0950217515015686,apf_avoid,none,0.0,nan,nan,10.875898757678987,-4.0519584208456285,5.026372856403249,1.0385150829637166,2.9596214409875423
1781912792.7900157,14.667818307876587,-200.0,-200.0,0.2,0.24059705376289853,2.033130167056153,1.1103853617802786,-0.1409058077145989,0.18662267294209015,1781912792.7619092,None,None,None, None, 1781912792.7920344,1.0939984746048395,apf_avoid,none,0.0,nan,nan,10.927980489570258,-3.931427058856716,5.042727903119651,1.0334053899887123,2.9376428498961853
1781912792.891592,14.769394636154175,-200.0,-200.0,0.2,0.2218699427432439,2.061860830300032,1.1174782608785403,-0.17800377582499302,0.1654134942616483,1781912792.8810594,None,None,None, None, 1781912792.8545148,1.062457237913688,apf_avoid,none,0.0,nan,nan,10.98251522845638,-3.8022095434087113,5.064250758026143,1.0208282981048766,2.9266508392799127
1781912792.9906914,14.868494033813477,-200.0,-200.0,0.2,0.2057690472520068,2.092724267777481,1.124500737088054,-0.15696840789848887,0.15441819392638606,1781912792.9511073,None,None,None, None, 1781912792.977672,1.093975762175349,apf_avoid,none,0.0,nan,nan,11.0265248863385,-3.700513665526646,5.082531216942507,1.0404394045521763,2.9217236439807723
1781912793.0906487,14.968451261520386,-200.0,-200.0,0.2,0.1905144069529798,2.124936008902572,1.1313225888354772,-0.1572208187112764,0.1337507024266985,1781912793.0825624,None,None,None, None, 1781912793.0518389,0.9472952327932269,apf_avoid,none,0.0,nan,nan,11.06747982231078,-3.6055666247757063,5.091254657728529,1.0334156807911032,2.8872416041625577
1781912793.1903355,15.068138122558594,-200.0,-200.0,0.2,0.1775569198018084,2.1579913915383586,1.137817195029851,-0.14094924631406186,0.1227442177159433,1781912793.1606507,None,None,None, None, 1781912793.1782887,0.9759655465277098,apf_avoid,none,0.0,nan,nan,11.100650276883535,-3.532178721282225,5.090155682557754,1.0462591744854088,2.8631780511600913
1781912793.290874,15.168676614761353,-200.0,-182.0225946195169,0.2,0.1694100869286159,2.055843196491754,1.118729090295317,-0.12739240840222954,0.10653864195179544,1781912793.2878606,2.054050727743515,1.1183953893288872,0.17413191994856803, 1781912793.203356, 1781912793.2497637,0.9702440582786185,apf_avoid,none,0.0,nan,nan,11.164458640511878,-3.234664045471238,5.116945435816401,1.0646373621304241,2.86063025641124
1781912793.3908615,15.268664121627808,-200.0,-161.4879214474993,0.2,0.1520517202241011,2.0800597531496723,1.1230003326128015,-0.25161043962575835,0.08340457690841349,1781912793.3798046,None,None,None, None, 1781912793.3798046,1.062409545500018,apf_avoid,none,0.0,nan,nan,11.211805898788,-3.086831286038915,4.997990693042104,1.054791691378277,2.846117086347846
1781912793.4901373,15.367939949035645,-48.167943074750056,200.0,0.2,0.13918050403730448,2.1100298409698457,1.1275975153185982,-0.12905630669936563,0.07434867468811096,1781912793.4499748,None,None,None, None, 1781912793.4519742,0.9391552443727732,apf_colreg,crossing_from_starboard,-1.0,0.3153056062905286,2.99413738005884,16.78796038857455,2.7955861759752034,5.013858352831352,1.0577962973627,2.820261162693703
1781912793.590182,15.467984676361084,-34.63179998430887,200.0,0.2,0.12351119754017184,2.151679537725488,1.133015465008898,-0.06085214524043081,0.06691119252667996,1781912793.572197,None,None,None, None, 1781912793.5807295,1.0923665853621127,apf_colreg,crossing_from_starboard,-1.0,0.30476423960529986,2.9520908756323325,16.748633306773538,2.9680647611456648,5.013858352831352,1.0577962973627,2.820261162693703
1781912793.7011385,15.578941106796265,-31.238492749921917,200.0,0.2,0.11010973027976297,2.1990671485052316,1.1382904737111483,-0.01784036433628879,0.06563044588937313,1781912793.7135708,None,None,None, None, 1781912793.6504972,1.0651984406660147,apf_colreg,crossing_from_starboard,-1.0,0.2459161283182326,2.8938287939093095,16.736220930626956,3.0098703199444072,5.091035834884313,0.9856999912968212,2.7799024083005883
1781912793.7906742,15.668476819992065,-40.45431351761783,200.0,0.2,0.10815455377243106,2.2488478979571513,1.1431660349188837,0.08191514288450624,0.07628395482014091,1781912793.7740417,None,None,None, None, 1781912793.783552,1.0826279938200654,apf_colreg,crossing_from_starboard,-1.0,0.17834196264844457,2.855082774105059,16.753703784873448,2.8926067548585186,5.091035834884313,0.9856999912968212,2.7799024083005883
1781912793.8909018,15.768704414367676,-54.63475182278635,200.0,0.2,0.11073680781440917,2.3000311267626183,1.1483006800381856,0.08680097966843092,0.08242266126514045,1781912793.8447633,None,None,None, None, 1781912793.8517678,1.0114826659377736,apf_colreg,crossing_from_starboard,-1.0,0.10321866306688036,2.8385485751361674,16.793205812213607,2.7086764761749356,5.120230215831315,0.953291341145216,2.7681971710616344
1781912793.9901898,15.867992401123047,-200.0,-150.78333049036956,0.2,0.1169355099411449,2.35251792492246,1.1538510861031481,0.09644523931996135,0.09557036322912958,1781912793.9810863,None,None,None, None, 1781912793.9916997,1.0998319305075883,apf_avoid,none,0.0,nan,nan,11.273676580115115,-3.02833375424067,5.152469113274216,0.9348560065554162,2.7541551069409915
1781912794.0901103,15.967912912368774,-200.0,-178.56277615805237,0.2,0.12881712083750957,2.397641709320389,1.1595376967319546,0.04035048541734499,0.09849276188148491,1781912794.0535116,None,None,None, None, 1781912794.0615184,1.0800869550746048,apf_avoid,none,0.0,nan,nan,11.228864590965332,-3.224100723592235,5.181633151931099,0.9282334997368376,2.7180159985927945
1781912794.197213,16.075015544891357,-200.0,-197.7603003437222,0.2,0.1377708122163292,2.4385061931965235,1.1654141893476488,-0.028043725001195376,0.09670641781765588,1781912794.1172101,None,None,None, None, 1781912794.1353717,1.0963625114543598,apf_avoid,none,0.0,nan,nan,11.1906697211035,-3.388538849079291,5.210220333285999,0.9694482781576392,2.710874141143364
1781912794.290715,16.168517589569092,-200.0,-153.00864357901543,0.2,0.13221010572391437,2.1731339162935046,1.1388536469944734,-0.21169184758053913,0.06328358608072247,1781912794.2750945,2.1691286594711574,1.1384260167525613,0.1434445349743756, 1781912794.208734, 1781912794.2132483,1.0532243929283782,apf_avoid,none,0.0,nan,nan,11.247854139023033,-3.036642526967241,5.2337260721790395,1.000799413402229,2.7026308235464263
1781912794.3906436,16.26844620704651,-200.0,-149.33146677416647,0.2,0.12845444680074108,2.1859495282706387,1.140644756041525,-0.12021858764721698,0.054112868210048196,1781912794.3513782,None,None,None, None, 1781912794.3619244,0.9572038607540085,apf_avoid,none,0.0,nan,nan,11.256655499710869,-3.01391798104536,4.961435089382166,1.0066322590852668,2.6819335975705503
1781912794.4916039,16.3694064617157,-200.0,-134.1221071250251,0.2,0.11752311434602869,2.207745687963902,1.1435941889849737,-0.16766634842255887,0.03332918446374444,1781912794.4753368,None,None,None, None, 1781912794.4931083,1.0658808362553724,apf_avoid,none,0.0,nan,nan,11.285124317169258,-2.922910085920454,4.945137931729656,1.04656507432697,2.6530598799740117
1781912794.591281,16.469083547592163,-200.0,-118.01647373145607,0.2,0.10614114338090086,2.2372880893162157,1.1471884553172034,-0.13816943066089127,0.022276101742594798,1781912794.5553334,None,None,None, None, 1781912794.562331,1.0805664049665007,apf_avoid,none,0.0,nan,nan,11.313472474931572,-2.8335910018533053,4.947145005483297,1.0504866187607258,2.643913367033198
1781912794.6903496,16.56815218925476,-200.0,-93.73609199768693,0.2,0.09137040628462892,2.2727793860664827,1.1510830649161639,-0.1609422658827909,0.0029687272557402146,1781912794.675298,None,None,None, None, 1781912794.6818128,1.0133801088400833,apf_avoid,none,0.0,nan,nan,11.350182118213064,-2.708841648460901,4.960878771206396,1.0540862724575375,2.6355197206913594
1781912794.7904422,16.6682448387146,-200.0,-54.408845939955796,0.2,0.07169037364875472,2.3127710452918455,1.154815041785989,-0.19021610043710274,6.271645552510474,1781912794.7515717,None,None,None, None, 1781912794.7580843,0.9834584312190705,apf_avoid,none,0.0,nan,nan,11.398350361705862,-2.525905855044244,4.973853206889405,1.0803535634667973,2.601062051733457
1781912794.890927,16.76872968673706,-200.0,-22.567037168897155,0.2,0.056922327562748766,2.356486338902157,1.1579203173691113,-0.12545004907860513,6.2549549662564665,1781912794.8846173,None,None,None, None, 1781912794.836111,0.945704382409498,apf_avoid,none,0.0,nan,nan,11.432465454974897,-2.391407879053429,4.99423456253154,1.0617313203122163,2.5777637981448334
1781912794.99032,16.868122577667236,-200.0,6.249966961992604,0.2,0.04434378827670026,2.40285605826158,1.160572934892798,-0.11314745572389313,6.247533230762019,1781912794.9502108,None,None,None, None, 1781912794.9597292,0.9598164938861481,apf_avoid,none,0.0,nan,nan,11.46034719709532,-2.2765688831792334,5.020421995798726,1.0559667627671703,2.5624533029777394
1781912795.0914133,16.969215869903564,-200.0,19.682567230567987,0.2,0.032675545328581995,2.451154382679744,1.1627632835462833,-0.11055849191253089,6.232365831606313,1781912795.0873997,None,None,None, None, 1781912795.0472028,0.9090020279394427,apf_avoid,none,0.0,nan,nan,11.485342871824741,-2.166775802797231,5.054756365392345,1.0704795165884766,2.5562854951152647
1781912795.1912448,17.069047451019287,-200.0,38.02313780280028,0.2,0.01746589651634613,2.5008545969037868,1.1644507057393767,-0.1437950661632248,6.22200113234209,1781912795.1594794,None,None,None, None, 1781912795.1791306,1.0317790165204914,apf_avoid,none,0.0,nan,nan,11.51664487475261,-2.010402700364817,5.0847808014174,1.0721404997536508,2.5377163034254084
1781912795.2906094,17.16841197013855,-200.0,68.14967622526171,0.2,0.006135793360635693,2.287980555546356,1.1510171519726695,-0.08755843639027798,6.213765620336249,1781912795.2535367,2.2844932078681843,1.150828107563496,0.003900953267961249, 1781912795.212289, 1781912795.272068,0.9655606779254705,apf_avoid,none,0.0,nan,nan,11.539589937245253,-1.7320253702559798,5.113962317102343,1.0640248323980703,2.5198629345009422
1781912795.390413,17.268215656280518,-200.0,84.92631732192243,0.2,-0.008291916767738664,2.3245865857096555,1.151261561488468,-0.16436139174554748,6.198763185448021,1781912795.3448138,None,None,None, None, 1781912795.355848,0.9382511058100874,apf_avoid,none,0.0,nan,nan,11.563399510004471,-1.5680494348342076,4.875530016811962,1.0509249275881376,2.4915188368374532
1781912795.4914324,17.369235038757324,-200.0,98.90220703672404,0.2,6.262944284871725,2.372612732266199,1.1507415111196906,-0.09349240270876819,6.186992444548839,1781912795.4707143,None,None,None, None, 1781912795.4899206,1.051502757784051,apf_avoid,none,0.0,nan,nan,11.581194562601308,-1.4240491168868796,4.938520871638438,1.0126511296320992,2.477631140636394
1781912795.5907779,17.46858048439026,-200.0,112.03115933160367,0.2,6.251795923532483,2.4270510854763083,1.1495476188547187,-0.08993810020907522,6.178851856655502,1781912795.5612276,None,None,None, None, 1781912795.5521908,1.0156568801761026,apf_avoid,none,0.0,nan,nan,11.595938202100767,-1.281725610253269,4.938520871638438,1.0126511296320992,2.477631140636394
1781912795.6901984,17.56800103187561,-200.0,123.72206488020124,0.2,6.242100135879223,2.484816291857453,1.1476491855732682,-0.07643959596955285,6.171953910937669,1781912795.651468,None,None,None, None, 1781912795.6734638,0.9292798030132313,apf_avoid,none,0.0,nan,nan,11.606962563130182,-1.1483702278223895,4.969229525075211,1.0128878631198628,2.455754112133168
1781912795.7911267,17.6689293384552,-200.0,136.95321626524304,0.2,6.230747097436459,2.5445278691433373,1.1451258208538526,-0.09285316142108642,6.160228318722261,1781912795.777749,None,None,None, None, 1781912795.7514727,0.9183498198545796,apf_avoid,none,0.0,nan,nan,11.617796902092593,-0.9888059015938453,5.0027373945336695,1.0161598814121529,2.4286896016227844
1781912795.8903883,17.76819086074829,-200.0,149.19634048227837,0.2,6.2203667782234335,2.605872732893408,1.1417790183018965,-0.07630771365836346,6.154580847401468,1781912795.8517582,None,None,None, None, 1781912795.8723083,0.9954383008600821,apf_avoid,none,0.0,nan,nan,11.625123796886486,-0.8314161417558128,5.041054012433746,1.0146625276057881,2.3972266178729527
1781912795.9923635,17.870166063308716,-200.0,161.11245426122971,0.2,6.210126958829849,2.66870119024318,1.1376825206176306,-0.07303841533541834,6.145194889733888,1781912795.9802654,None,None,None, None, 1781912795.9381497,0.9267461531222275,apf_avoid,none,0.0,nan,nan,11.629738545714162,-0.6673941959956935,5.084748884270734,0.9997326037984854,2.3693984508514405
1781912796.0911143,17.96891689300537,-200.0,171.38262011743416,0.2,6.201665953502136,2.7329593895475046,1.1328054712825448,-0.05408613834826029,6.141252729301953,1781912796.053152,None,None,None, None, 1781912796.0645678,1.0522271618976433,apf_avoid,none,0.0,nan,nan,11.630600557379825,-0.5155028149177856,5.115644216332668,0.9858825893855814,2.359868338346424
1781912796.1903796,18.068182229995728,-200.0,182.52432811961023,0.2,6.191517894974675,2.7984991267984047,1.1272849136029883,-0.07029313812019336,6.131994248798538,1781912796.1848645,None,None,None, None, 1781912796.1848645,0.9490616450249915,apf_avoid,none,0.0,nan,nan,11.629674132942869,-0.3369791069203702,5.155323616704765,0.989541599390477,2.3335981904371432
1781912796.2912288,18.169031381607056,-200.0,174.22108535107168,0.2,6.184156902765294,2.448491283335119,1.1474833253539263,-0.05495035772506732,6.1280463635484095,1781912796.256709,2.4429855543160413,1.1478343846975558,6.187809589991242, 1781912796.218488, 1781912796.2606287,1.069764880210462,apf_avoid,none,0.0,nan,nan,11.653805977688018,-0.47245879879068287,5.20109536440442,0.9738519511365383,2.299198335208924
1781912796.3921952,18.2699978351593,-200.0,182.4496138992288,0.2,6.176915802114272,2.4923836554656607,1.1429862349633604,-0.04272216914916445,6.125204862769447,1781912796.3232203,None,None,None, None, 1781912796.3307393,1.0881740425703759,apf_avoid,none,0.0,nan,nan,11.651674495460465,-0.3388718369896008,4.818305408129023,0.9919380266874251,2.2899589047637843
1781912796.4905293,18.368331909179688,200.0,200.0,0.2,6.168542350480491,2.552354451775928,1.136426923934673,-0.0567278694885755,6.117017747238211,1781912796.467543,None,None,None, None, 1781912796.473543,1.064146309527477,apf_colreg,static_obstacle,-1.0,0.06949325763862482,7.8028434035284135,15.520281893867958,6.884727696707429,4.84175052060186,0.9846434789358559,2.2476387640512137
1781912796.5910602,18.468862771987915,200.0,200.0,0.2,6.157427238727803,2.5972110005713844,1.1307146360165918,0.0012762879923031661,6.117131901920445,1781912796.5569856,None,None,None, None, 1781912796.5549812,1.0188302488252383,apf_avoid,none,0.0,nan,nan,15.439655205638328,7.112908825905076,4.866919374329362,0.9740494644141507,2.2362392703404184
1781912796.6900694,18.567872047424316,200.0,200.0,0.2,6.167452523748049,2.636845334686656,1.125112604198861,0.21260599523797616,6.143289972158216,1781912796.680021,None,None,None, None, 1781912796.6158454,0.9163141486266854,apf_avoid,none,0.0,nan,nan,15.503225227931477,7.018132636565672,4.896314677846722,0.9307230634131096,2.2054115477104825
1781912796.790646,18.66844868659973,200.0,200.0,0.2,6.177993595556572,2.6741595404301965,1.120490960058161,0.1544712705543088,6.1548855263989255,1781912796.7550871,None,None,None, None, 1781912796.7560935,1.02356977189754,apf_avoid,none,0.0,nan,nan,15.564629320342766,6.899427364990481,4.913573107630723,0.9249750600815241,2.193573239318376
1781912796.890128,18.767930507659912,200.0,200.0,0.2,6.186638516736661,2.7102757877275523,1.1164571451658978,0.1241258105862523,6.1633754242558725,1781912796.8234847,None,None,None, None, 1781912796.8835564,1.003665851124503,apf_avoid,none,0.0,nan,nan,15.622521668732116,6.804239025527758,4.932917286553895,0.8942054198460095,2.1752615928649903
1781912796.9903302,18.868132829666138,200.0,200.0,0.2,6.198717881282787,2.745745879553569,1.1127894984904756,0.15709902695348218,6.1880918198476875,1781912796.9808147,None,None,None, None, 1781912796.9502726,1.052618693060722,apf_avoid,none,0.0,nan,nan,15.702832810255785,6.655919607222495,4.946859313133038,0.8876296956487204,2.15319784318808
1781912797.0906384,18.968441009521484,200.0,200.0,0.2,6.210008343875089,2.780882861127579,1.1096235573366258,0.14109201652060077,6.198336934566012,1781912797.0534277,None,None,None, None, 1781912797.0744915,0.9977741675396039,apf_avoid,none,0.0,nan,nan,15.766668423571836,6.519146979203249,4.975252361306098,0.8739625255006914,2.144796801454433
1781912797.1901608,19.067963361740112,200.0,200.0,0.2,6.230638737812623,2.8158390695880464,1.1068691182544668,0.22364254210564657,6.22700056234426,1781912797.1815948,None,None,None, None, 1781912797.141292,1.0871954136097575,apf_avoid,none,0.0,nan,nan,15.891577315106574,6.219985404644265,4.984563108062786,0.8613671840825124,2.119390636090866
1781912797.2905374,19.16833996772766,200.0,200.0,0.2,6.259355101739778,2.5801682339613925,1.1356584276354975,0.24252091204219473,6.243202433300391,1781912797.248401,2.5765950467385137,1.1360638716057938,6.265222883883194, 1781912797.223821, 1781912797.254429,1.0821214071293666,apf_avoid,none,0.0,nan,nan,16.10617327355772,5.4220668252075255,5.010354355614935,0.8685727215627033,2.11003432083499
1781912797.3902502,19.26805281639099,200.0,200.0,0.2,6.273342094684383,2.5911356917379758,1.135401373704342,0.14837935850515122,6.252983511475854,1781912797.3143203,None,None,None, None, 1781912797.3143203,0.9854735793934243,apf_avoid,none,0.0,nan,nan,16.169817150514902,5.202665651562432,4.76276987267024,0.9379338610212112,2.088635540905431
1781912797.4908257,19.36862826347351,200.0,200.0,0.2,6.288126186334651,2.608899577049468,1.1351894527758253,0.1669394629998595,6.281865527468203,1781912797.4873292,None,None,None, None, 1781912797.4873292,1.0447957699569346,apf_avoid,none,0.0,nan,nan,16.237058155240625,4.964323091792795,4.755267812409361,0.920772885095367,2.0731825814460865
1781912797.5908723,19.468674898147583,188.6504046473231,200.0,0.2,6.297987829577284,2.6322420198337033,1.1352428818561915,0.11600528592834228,0.005966588792655436,1781912797.55014,None,None,None, None, 1781912797.55014,1.0811750941442428,apf_avoid,none,0.0,nan,nan,16.285386774567463,4.803571503126257,4.768925538043197,0.9410153986774127,2.0449056820632094
1781912797.690817,19.56861972808838,169.65829511009593,200.0,0.2,0.027419751704440703,2.6603428706919248,1.1355242511545511,0.15477562247931623,0.026806534697465006,1781912797.684786,None,None,None, None, 1781912797.6742628,1.0528149854146587,apf_avoid,none,0.0,nan,nan,16.349582178332135,4.590539016872128,4.768925538043197,0.9410153986774127,2.0449056820632094
1781912797.791024,19.668826580047607,138.7037243124202,200.0,0.2,0.04453130525980706,2.692644828307771,1.1362808443101415,0.18564654815407727,0.04326945464788262,1781912797.773465,None,None,None, None, 1781912797.7669451,1.0374989763438385,apf_avoid,none,0.0,nan,nan,16.424272548239344,4.29597490910168,4.791467487095094,0.9327987404837167,2.0394056190407426
1781912797.8905761,19.768378734588623,104.96810281811342,200.0,0.2,0.06069011294965716,2.729000247856195,1.1378354126666732,0.1579225981412983,0.05564074292753109,1781912797.8518026,None,None,None, None, 1781912797.8432875,0.9825449598032376,apf_avoid,none,0.0,nan,nan,16.480404447396623,4.020837919448885,4.804256629062859,0.9492470746350213,2.0113788781223403
1781912797.990845,19.868647575378418,59.20650580335303,200.0,0.2,0.07825878271230927,2.769049987721268,1.140219506017873,0.16515902432129811,0.0767514900169433,1781912797.9796233,None,None,None, None, 1781912797.965291,1.0306937627937345,apf_avoid,none,0.0,nan,nan,16.545235062014736,3.6990494246270287,4.8243410475542206,0.9387530918775155,2.0056488048935663
1781912798.0909572,19.968759775161743,1.4738280865664155,200.0,0.2,0.09734746750037826,2.8125782129819017,1.1436329432477552,0.16808138373555975,0.08864917850689753,1781912798.0504086,None,None,None, None, 1781912798.0424588,0.9581546601842318,apf_colreg,static_obstacle,-1.0,0.24457834739280054,9.487416553475654,16.611533929198153,3.34687215540596,4.847470379043999,0.9569462081086073,1.9864101703260257
1781912798.192165,20.06996750831604,-27.096709016054398,200.0,0.2,0.11200365244021013,2.859200367745945,1.148244246440992,0.119790307647752,0.0980775689458354,1781912798.1972384,None,None,None, None, 1781912798.1972384,1.022414864639139,apf_colreg,static_obstacle,-1.0,0.26606016138622895,8.739879869187286,16.647006539577355,3.0468215347187253,4.871677156419329,0.9795362916583594,1.9648923654734622
1781912798.2901819,20.16798448562622,-38.20392030682313,200.0,0.2,0.12826001368158838,2.68114349496909,1.1362072617059265,0.1201963008378812,0.11477195176203432,1781912798.2680087,2.678142643438505,1.1359749880213956,0.1325878533942042, 1781912798.22354, 1781912798.2690134,1.0575803468736154,apf_avoid,none,0.0,nan,nan,16.699301530686675,2.912746940124728,4.902454548101757,0.9931259819302585,1.9558354279075654
1781912798.3905687,20.26837134361267,-53.697126786208,200.0,0.2,0.13711696796642409,2.717502023803206,1.1409046338261675,0.09427825425407708,0.12259164700531858,1781912798.3509514,None,None,None, None, 1781912798.3604698,0.9586430499385763,apf_avoid,none,0.0,nan,nan,16.72792036752009,2.7109097375870554,4.704477627257498,0.9698041950172214,1.9257128964282273
1781912798.501383,20.379185676574707,-71.89604187059642,200.0,0.2,0.14723371328624926,2.7631126191028654,1.1471688594335205,0.10640348272116727,0.136100485124699,1781912798.47791,None,None,None, None, 1781912798.4322639,1.070476982316877,apf_colreg,static_obstacle,-1.0,0.38042811281016675,8.566981973052206,16.752440338477264,2.461230615977388,4.7192570539113445,0.972476930952061,1.9004609311568579
1781912798.5950384,20.472841024398804,-88.35468300271657,200.0,0.2,0.15620284245170057,2.8142788774129777,1.1547480556170342,0.08582413292020334,0.14256312231572102,1781912798.553211,None,None,None, None, 1781912798.5176148,0.9242144036962231,apf_colreg,static_obstacle,-1.0,0.40276301615082716,7.541278672536635,16.760865255989977,2.2217327731900176,4.747825212430812,0.9785979934585085,1.889483552373788
1781912798.6906648,20.568467378616333,-114.39094639150099,200.0,0.2,0.17471913042674722,2.8686917362542363,1.1632977409338423,0.1719647584638047,0.15631659990955235,1781912798.7212265,None,None,None, None, 1781912798.6286776,0.9304415237440724,apf_colreg,static_obstacle,-1.0,0.4164740874550208,7.022202736792056,16.78105997068483,1.816289618772736,4.784404519860506,0.9720932268140117,1.8741788222282043
1781912798.7962012,20.674003839492798,-158.39743972034051,200.0,0.2,0.1894220670455779,2.9259448082938304,1.1736267185172764,0.10206033704015734,0.16530168723117383,1781912798.7962012,None,None,None, None, 1781912798.7347455,0.9237348699173313,apf_colreg,head_on,-1.0,0.1600044370325025,1.9042467279739599,16.616774108434697,1.0085632754833798,4.813101045195209,0.9983377313738605,1.8471283971644565
1781912798.8905995,20.768402099609375,-196.89821692742413,200.0,0.2,0.20088113978925556,2.987754819603942,1.1857695643461623,0.0664137896594293,0.17494647468384195,1781912798.866449,None,None,None, None, 1781912798.9031277,0.9557747348539533,apf_colreg,head_on,-1.0,0.11831357487170051,1.8711983497051392,16.75175234884582,0.11241974722009651,4.845849723501386,1.018227497551321,1.824986151400132
1781912798.9914281,20.8692307472229,-171.5063723387494,200.0,0.2,0.21375343417805798,3.0544744658835046,1.1997030281250352,0.07547829181514736,0.1806523027459282,1781912798.9420447,None,None,None, None, 1781912798.974347,0.9629061976487309,apf_colreg,static_obstacle,-1.0,0.4677399740659014,5.39060568769994,16.735803284138136,0.7390490797037099,4.877702222835598,1.0340704049397802,1.7999850057243805
1781912799.0905826,20.968385219573975,-185.83840125471016,200.0,0.2,0.22446604166256917,3.119323460219402,1.2140932921636436,0.059267073530530755,0.18882928023199527,1781912799.080013,None,None,None, None, 1781912799.04235,0.9502409395817354,apf_colreg,static_obstacle,-1.0,0.4858775211154256,5.440758452185749,16.715699565451157,0.4032330036372427,4.920283054230214,1.053285573177239,1.7758889823324975
1781912799.1904438,21.068246364593506,-197.9616205538176,200.0,0.2,0.23282800260544562,3.1851956875705785,1.229430792854127,0.040936782482280054,0.19174903052981324,1781912799.1513364,None,None,None, None, 1781912799.1924505,1.0742113491990057,apf_colreg,static_obstacle,-1.0,0.5059691054251604,5.24606565953714,16.677371726512057,0.08205777031877748,4.958680443787758,1.0691330213043817,1.7492988480835512
1781912799.2908883,21.1686909198761,-167.19311867215504,200.0,0.2,0.23739365512906857,2.8367871675734437,1.1610395833033071,0.04499057659255292,0.1957325854677313,1781912799.2398784,2.831297849728303,1.1599221714750425,0.2299237762604749, 1781912799.22886, 1781912799.2724242,0.9482739910257983,apf_avoid,none,0.0,nan,nan,16.80148171181623,0.8360982204552423,5.002642437571116,1.0921341527687756,1.719811493116367
1781912799.391216,21.26901865005493,-177.0721999282364,200.0,0.2,0.24426436990945144,2.8798699889482364,1.171582203282476,0.044332626268418905,0.2010537004947561,1781912799.3599055,None,None,None, None, 1781912799.3458364,1.0234634907786568,apf_colreg,static_obstacle,-1.0,0.5694760824561146,7.693568623058519,16.752269393832204,0.6141105082507945,4.629547802598477,1.013685770646883,1.6984434558668107
1781912799.4905293,21.368331909179688,-189.9104785838259,200.0,0.2,0.2513429030671839,2.9379329621957626,1.1861944906818351,0.04776458498923937,0.2070060528752358,1781912799.484524,None,None,None, None, 1781912799.4752204,1.017131313397015,apf_colreg,static_obstacle,-1.0,0.5651026913489126,5.606165539329683,16.716941883438828,0.30001458020586114,4.644193365223036,1.0192272109070784,1.672846808802364
1781912799.5904086,21.46821117401123,-200.0,200.0,0.2,0.2583348262718377,3.0024729155291277,1.2029555376581271,0.04156987633612743,0.20969490563367083,1781912799.5492067,None,None,None, None, 1781912799.5396724,1.0278251331325883,apf_colreg,static_obstacle,-1.0,0.5574781536753411,5.041453708333515,16.681419180513117,-0.021802383495251654,4.644193365223036,1.0192272109070784,1.672846808802364
1781912799.6900787,21.5678813457489,-200.0,188.28218343197486,0.2,0.26543138290605306,3.0693513797516148,1.2208527753056462,0.03880154297092004,0.2151024440287196,1781912799.6885707,None,None,None, None, 1781912799.6885707,0.9629655183019936,apf_colreg,static_obstacle,-1.0,0.542139535561916,4.780529504817875,16.65363432204489,-0.3405054412345123,4.7394706166131755,1.079294517878714,1.6619406096854976
1781912799.7900848,21.667887449264526,-200.0,174.94276925492147,0.2,0.27190920551783276,3.1352351440848265,1.2390262663476737,0.028576870127317248,0.2169282946444759,1781912799.7524633,None,None,None, None, 1781912799.7570007,1.0020724547086142,apf_colreg,static_obstacle,-1.0,0.5442234825099935,4.7930599326690295,16.60947082237178,-0.6571790792283227,4.791203951933659,1.1014689364008197,1.63296527642534
1781912799.8904028,21.768205404281616,-200.0,160.3879835303797,0.2,0.2777686850243572,3.19952429090889,1.2572367133044233,0.020013699709253915,0.21828924210471592,1781912799.8204641,None,None,None, None, 1781912799.8249881,1.019246284054427,apf_colreg,static_obstacle,-1.0,0.5523566259170263,4.804046390205744,16.559939741776198,-0.9650342078770713,4.828084970918699,1.114300497592025,1.600080307863398
1781912799.9912503,21.86905288696289,-200.0,146.59473581090583,0.2,0.28089850665268834,3.2620702626332054,1.27537696129603,-0.007137975896811162,0.2172331654272396,1781912799.968416,None,None,None, None, 1781912799.968416,1.014396174999234,apf_colreg,static_obstacle,-1.0,0.5595394715278517,4.8683242712365855,16.51676992421326,-1.2301589727521156,4.876160620202949,1.1345037562369802,1.5793325333155568
1781912800.090864,21.968666553497314,-200.0,134.52250811726353,0.2,0.28201986466998696,3.323022769739225,1.2932349590578553,-0.02159068559002674,0.21582819960418198,1781912800.0334888,None,None,None, None, 1781912800.040028,0.9291937859134168,apf_colreg,static_obstacle,-1.0,0.555270692687107,4.9108740916466465,16.46797569984722,-1.4444664630910982,4.913602445718901,1.1607531825726038,1.557096453551386
1781912800.190784,22.068586587905884,-200.0,123.84812787471029,0.2,0.28123731836914456,3.382611765494553,1.310739792388544,-0.03518147341233647,0.21091138725059566,1781912800.1732445,None,None,None, None, 1781912800.1732445,1.0513646384880895,apf_colreg,static_obstacle,-1.0,0.55088532729833,4.929672686098752,16.416887464427212,-1.6221531921088381,4.946258642868445,1.183227581444051,1.5289456723737078
1781912800.29084,22.16864252090454,-200.0,196.45268943649003,0.2,0.26705097791380655,3.0112805660623776,1.2036104585010514,-0.05346325425829299,0.20677422528728545,1781912800.2506278,3.0056046070692077,1.2019698982910019,0.2459917278136201, 1781912800.233555, 1781912800.2506278,1.0917688728320138,apf_avoid,none,0.0,nan,nan,16.66950009105271,-0.12425933434391201,4.984385694887053,1.201274025997978,1.509730074071835
1781912800.3906088,22.26841139793396,-200.0,195.62489907511332,0.2,0.2607911085356603,3.048360971738621,1.2137417882965735,-0.06453572135449753,0.19848512500111123,1781912800.3790698,None,None,None, None, 1781912800.3790698,1.0571475694153853,apf_colreg,static_obstacle,-1.0,0.5490210153543174,7.7142469660324355,16.649220175924974,-0.14693027645118661,4.586976930705811,1.0736391527889768,1.4871841128618362
1781912800.4909334,22.368736028671265,-200.0,193.21751482469597,0.2,0.2539699166933979,3.1053857805366025,1.228800490139248,-0.041944089229027495,0.19547383967397852,1781912800.4508626,None,None,None, None, 1781912800.4433477,0.9529249232788869,apf_colreg,static_obstacle,-1.0,0.5382355303532783,4.957527250074516,16.598942733894656,-0.21143420463650564,4.600961173306455,1.085324466408129,1.4608909860112385
1781912800.591167,22.468969583511353,-200.0,190.10556741119566,0.2,0.24685032116937994,3.170095085564769,1.2454029428129072,-0.042126673015419336,0.19038631280042204,1781912800.57163,None,None,None, None, 1781912800.57163,0.9893020916036637,apf_colreg,static_obstacle,-1.0,0.5340395371040814,4.308342104692319,16.550137653634074,-0.2920184135735324,4.634327870432151,1.092412316574732,1.439832778840903
1781912800.691435,22.56923770904541,-200.0,186.82777494729325,0.2,0.24004772086088377,3.2362431638636964,1.2618739326309854,-0.03888657718260737,0.1869071620664451,1781912800.6610992,None,None,None, None, 1781912800.6374645,1.0132420899925585,apf_colreg,static_obstacle,-1.0,0.5365204859985234,4.151051770211521,16.50763446452809,-0.373814736052279,4.675465703459233,1.0917852640955732,1.4099967199588923
1781912800.7917671,22.669569730758667,-200.0,184.0018196906834,0.2,0.2336898042859348,3.3023675068438516,1.2778805198007959,-0.03681633005810218,0.18408306091221938,1781912800.737807,None,None,None, None, 1781912800.7836971,1.0285766370655296,apf_colreg,static_obstacle,-1.0,0.5274214878002906,4.089419013172317,16.46724765995449,-0.4418244219965022,4.715352144816813,1.1015695860068144,1.3882205608096876
1781912800.8904889,22.768291473388672,-200.0,183.51541198154894,0.2,0.22407417464637552,3.3682751327732112,1.2934149534611308,-0.06833025893556827,0.17584016822390985,1781912800.8584402,None,None,None, None, 1781912800.8514228,0.9783558971937407,apf_colreg,static_obstacle,-1.0,0.522534908915224,4.034071031484226,16.431763972911977,-0.4525293944895017,4.7553133530260725,1.111885774734297,1.36661387502574
1781912800.9909432,22.868745803833008,-200.0,181.3793068630987,0.2,0.2167145057690562,3.4342442225201393,1.3082209410145822,-0.03977295470995709,0.17094845885100002,1781912800.981431,None,None,None, None, 1781912800.982432,1.0723820142933815,apf_colreg,static_obstacle,-1.0,0.5107878354089315,3.959579248693505,16.406292047421303,-0.5023451457950747,4.790261803605108,1.118067855129043,1.3403346281682422
1781912801.0904229,22.968225479125977,-200.0,133.33825082873744,0.2,0.21079768818111597,3.5000760857897606,1.322533786969867,-0.03209443693038555,0.1687557963742604,1781912801.04975,None,None,None, None, 1781912801.055271,1.056460911866003,apf_colreg,crossing_from_starboard,-1.0,0.07786738013627338,1.428532541581733,16.246698009250355,-1.4454836690264168,4.831929586491096,1.1261954718826024,1.313374117216449
1781912801.1911945,23.068997144699097,-200.0,126.7134233691017,0.2,0.20516431825831538,3.561406646221517,1.3356393326937166,-0.04756945762051963,0.1654412711466805,1781912801.193703,None,None,None, None, 1781912801.1234283,1.0608910324033989,apf_colreg,crossing_from_starboard,-1.0,0.10259631530940821,1.3783894496944293,16.293314455821218,-1.5622350451092677,4.870533902575301,1.136573572319477,1.2911100482427804
1781912801.290429,23.16823172569275,-200.0,196.55959803774277,0.2,0.1969276247680807,3.188729763982083,1.2450112210872228,-0.07072943087026835,0.15557804683144333,1781912801.2588778,3.183015820286542,1.2436490221456764,0.1955920300788465, 1781912801.239317, 1781912801.2588778,0.9435867005574358,apf_colreg,crossing_from_starboard,-1.0,0.009509397555799383,1.8199324416101748,16.479766104540587,-0.11991133112164931,4.907676761179333,1.1457001963774345,1.2690692729305808
1781912801.3907647,23.268567323684692,-181.0093713823697,200.0,0.2,0.18842058400283618,3.227060856955159,1.2525619459911477,-0.06420765154221424,0.15104490798465608,1781912801.329479,None,None,None, None, 1781912801.329479,1.0881120769977046,apf_colreg,crossing_from_starboard,-1.0,0.03834231528431356,1.7019640249166395,16.393080878125552,0.5105863326951754,4.512132621448297,1.0476375184347826,1.249048450606321
1781912801.4906514,23.368453979492188,-176.33714098713926,200.0,0.2,0.18023601832552372,3.2838294236591015,1.263113727844253,-0.0355064411321019,0.14582393472588992,1781912801.476522,None,None,None, None, 1781912801.396347,1.0411719642255846,apf_colreg,static_obstacle,-1.0,0.4451183805601203,4.26453893879585,16.475870467819984,0.6206095620497605,4.520408765760103,1.0494107114095086,1.2260054247954215
1781912801.5919423,23.46974492073059,-177.8204418147957,200.0,0.2,0.17331079276024877,3.347517155869975,1.2744002047644738,-0.02250091239641626,0.14393858720396577,1781912801.5603118,None,None,None, None, 1781912801.5698342,1.0953528098472207,apf_colreg,static_obstacle,-1.0,0.45311720342115214,3.7440551053555233,16.443143306881986,0.5857809959588982,4.558166916925229,1.0451678538867935,1.2001539176520484
1781912801.691919,23.569721698760986,-179.47409354407782,200.0,0.2,0.1674376502854031,3.413055849121779,1.2855793763246854,-0.01758000069086516,0.14279211808561582,1781912801.6944284,None,None,None, None, 1781912801.7004282,1.02030160758784,apf_colreg,static_obstacle,-1.0,0.45593782166273433,3.639172312079903,16.426142222803286,0.5472766142435805,4.558166916925229,1.0451678538867935,1.2001539176520484
1781912801.7904122,23.668214797973633,-183.14665448647978,200.0,0.2,0.16440829661508397,3.4791495209872263,1.2964892305762685,0.0034371348993372727,0.14325660492184858,1781912801.760664,None,None,None, None, 1781912801.7681637,0.9726271511678573,apf_colreg,static_obstacle,-1.0,0.4428796169966085,3.5372042303789044,16.42294008507452,0.46108495993492404,4.657247076361615,1.0579170190987381,1.1832927829873778
1781912801.89029,23.7680926322937,-187.5624159514365,200.0,0.2,0.16299451401982534,3.545726515028669,1.3073584120852306,0.0075482336720812185,0.1437586466553598,1781912801.89029,None,None,None, None, 1781912801.8467607,0.9837322848261137,apf_colreg,static_obstacle,-1.0,0.43922008306614724,3.457407791017029,16.409700956095314,0.3534372282123259,4.703106285012965,1.0623817571227256,1.1603021323553855
1781912801.9905012,23.868303775787354,-193.87835864653036,200.0,0.2,0.1641372859950504,3.6128469359664277,1.3182887352575392,0.0222051756485688,0.14688275830697145,1781912801.967868,None,None,None, None, 1781912801.976429,0.9282044885179535,apf_colreg,static_obstacle,-1.0,0.4341818657902974,3.381105680588332,16.41008328460308,0.19157672741405563,4.751273990790691,1.0688350949358894,1.1409534847216867
1781912802.0906026,23.96840524673462,-199.263158374955,200.0,0.2,0.16620570837243903,3.6806980041003925,1.3295140769565137,0.019664110673046995,0.14845333054287999,1781912802.047738,None,None,None, None, 1781912802.0562532,1.0409176330234176,apf_colreg,static_obstacle,-1.0,0.42594888050003715,3.273269289133842,16.37272590038733,0.04414553433076662,4.792774709041618,1.0814110720496009,1.1056841268296178
1781912802.1903656,24.06816816329956,-200.0,196.57469137247534,0.2,0.1690150935162612,3.749213694778966,1.3410550031027952,0.019660101747149415,0.1498695521190176,1781912802.1197734,None,None,None, None, 1781912802.1383114,1.0102476453902407,apf_colreg,static_obstacle,-1.0,0.4224237056527457,3.196814003521634,16.332421651944998,-0.11842844086887538,4.845143675225321,1.0930559909100594,1.0841275877216585
1781912802.3050146,24.182817220687866,-179.43567721562383,200.0,0.2,0.17698853466730793,3.3654789511392513,1.2783328321353613,0.02025425710511269,0.15181701183501228,1781912802.3186142,3.359509144043797,1.2773493714717525,0.18575332967575076, 1781912802.24653, 1781912802.3115323,0.9299022206445748,apf_colreg,static_obstacle,-1.0,0.4298410066022721,13.216832472281776,16.41105170132817,0.5476593907968512,4.8835332587265645,1.1021032688517747,1.0651177695506315
1781912802.3910544,24.2688570022583,-184.5135476600021,200.0,0.2,0.17998529343769226,3.4074506560627817,1.285871186027439,0.02421120288904529,0.15430326558322707,1781912802.3915594,None,None,None, None, 1781912802.3915594,1.0596422430054615,apf_colreg,static_obstacle,-1.0,0.42284514646851046,4.986269410453299,16.380656160555333,0.4272195669627896,4.486041184332541,1.0471659890140477,1.0385328620644327
1781912802.4918153,24.36961793899536,-192.41752238806998,200.0,0.2,0.18355294481252474,3.4663409085331267,1.2966321258792206,0.027989475749858793,0.15638815021500993,1781912802.4660475,None,None,None, None, 1781912802.4660475,1.0467035802406999,apf_colreg,static_obstacle,-1.0,0.41866627740290224,3.510033300867274,16.331222715679036,0.22888008964160367,4.515043019287878,1.05700316588288,1.0158302531888612
1781912802.5917077,24.469510316848755,-200.0,200.0,0.2,0.18729486881792476,3.5321514499242586,1.3089329603576978,0.024367478721855174,0.1581293400710176,1781912802.537503,None,None,None, None, 1781912802.5510206,1.0220253932312247,apf_colreg,static_obstacle,-1.0,0.4155578053122708,3.0444464466099497,16.30282502959057,0.004642630975205897,4.5427832747397385,1.0672886732715787,0.9886942170032454
1781912802.6907213,24.56852388381958,-200.0,193.34067503822342,0.2,0.19235461081166375,3.6001970940303227,1.3219444409645789,0.03263891842390309,0.16309737978770525,1781912802.6897151,None,None,None, None, 1781912802.634177,1.0550047304294288,apf_colreg,static_obstacle,-1.0,0.42143211658180907,2.9237638183223007,16.240134695427464,-0.20365461435881294,4.6037061563286725,1.0742167554611106,0.9685283878466587
1781912802.7903783,24.6681809425354,-200.0,172.02673803213813,0.2,0.19690110369669522,3.667792811681756,1.3352826136932823,0.021201313928557206,0.16466830653567513,1781912802.7638109,None,None,None, None, 1781912802.7678144,1.0030894824437804,apf_colreg,crossing_from_starboard,-1.0,0.3167304153951418,1.0238941720594343,15.919874712394666,-0.6920660907702683,4.640745151242702,1.0892723870332675,0.9509077601592097
1781912802.8905969,24.768399477005005,-200.0,163.15293656466645,0.2,0.20146549238592767,3.733067438569695,1.3485254709991246,0.015175950458493789,0.16570968336607678,1781912802.832431,None,None,None, None, 1781912802.8545783,1.0830287191619694,apf_colreg,crossing_from_starboard,-1.0,0.31769898240270605,0.9692683797877601,15.875091383070982,-0.8709487687447615,4.69716164609751,1.1077687184343226,0.9184760616931298
1781912802.9904463,24.86824893951416,-200.0,155.74137474402016,0.2,0.203557261105671,3.7970547004411164,1.3618451626959551,-0.010532375638223916,0.16420357743508288,1781912802.9754288,None,None,None, None, 1781912802.9814324,1.0468250996018442,apf_colreg,crossing_from_starboard,-1.0,0.3156774821960975,0.9279273707374808,15.840756080488202,-1.0119002914779065,4.752697957456883,1.1247566573162622,0.9051171772094765
1781912803.091032,24.96883463859558,-200.0,150.73934134230578,0.2,0.20305242060196987,3.8601009391102297,1.375073038498945,-0.029420357563214112,0.16219009842667573,1781912803.043867,None,None,None, None, 1781912803.0498717,1.0496966765648101,apf_colreg,static_obstacle,-1.0,0.3107121779169328,0.8963060657951392,15.812361164045118,-1.102804701037038,4.79750286580749,1.1415913021013893,0.876085033734091
1781912803.1903715,25.068174123764038,-200.0,147.62209274356394,0.2,0.2012187739813672,3.9225255016367973,1.3880813045699476,-0.0344398308486512,0.15792911462047318,1781912803.1675897,None,None,None, None, 1781912803.1903715,1.0466627013194918,apf_colreg,static_obstacle,-1.0,0.30390780743808843,0.8744667844936361,15.785186492469254,-1.157294839209901,4.8418174830308685,1.1540887234449988,0.8610028599855619
1781912803.2904556,25.16825819015503,-196.76668870653114,200.0,0.2,0.19294872400535862,3.541752074519204,1.3126334823145047,-0.07167391570864587,0.15282995519532322,1781912803.2387335,3.5359037676362544,1.311468330241496,0.18963581589113598, 1781912803.253854, 1781912803.255858,0.9106253800898906,apf_colreg,static_obstacle,-1.0,0.43270428554026613,15.886556601032602,16.106821814173763,0.11163307867383665,4.880354718498241,1.16618387543787,0.8375261763713202
1781912803.3907108,25.268513441085815,-193.95329147736027,200.0,0.2,0.18606826486694628,3.581223642537009,1.3202607816797833,-0.050742011367536366,0.14655364510205568,1781912803.3624241,None,None,None, None, 1781912803.3883705,1.099531506672242,apf_colreg,static_obstacle,-1.0,0.411912769570814,4.282462850118114,16.04417400509958,0.18536228413987654,4.4688069117441955,1.0861917117361968,0.8146139554218337
1781912803.490394,25.368196725845337,-194.75224150962524,200.0,0.2,0.17865130266508106,3.6399249930369915,1.3311046124067527,-0.04012472837291363,0.14390702081046003,1781912803.428384,None,None,None, None, 1781912803.47759,1.0383453857383484,apf_colreg,static_obstacle,-1.0,0.40014749543777584,2.821145056351972,15.990778601714121,0.1639985392294454,4.486092822015977,1.0957852114469955,0.7900059664894308
1781912803.5904064,25.46820902824402,-196.64497020132862,200.0,0.2,0.17176338441696107,3.706057101157546,1.3427975188045238,-0.03263903210643889,0.13932404377070945,1781912803.568798,None,None,None, None, 1781912803.550222,1.0952595259215776,apf_colreg,static_obstacle,-1.0,0.40060424118542703,2.5069599350002565,15.961452225521224,0.11386831584806156,4.586758146701717,1.1087619032023088,0.7697226678540052
1781912803.69019,25.567992687225342,-198.31170117472618,200.0,0.2,0.16635102979801555,3.7740203800322427,1.35434921366946,-0.02130740579582844,0.13679092213450467,1781912803.6876826,None,None,None, None, 1781912803.6791396,1.0634141080802542,apf_colreg,static_obstacle,-1.0,0.39256840219970557,2.3857428255215414,15.933196103159219,0.06892177244482234,4.586758146701717,1.1087619032023088,0.7697226678540052
1781912803.7902882,25.6680908203125,-199.351153355444,200.0,0.2,0.16195865194035308,3.842489129112874,1.3656521254005956,-0.017585621783416994,0.13568586708372044,1781912803.7505212,None,None,None, None, 1781912803.7505212,1.0116737823509678,apf_colreg,static_obstacle,-1.0,0.390609152293385,2.3173691492099056,15.880032920306085,0.04040823530384241,4.634725784314503,1.1128154028620227,0.7467939564296014
1781912803.8911839,25.768986463546753,-200.0,200.0,0.2,0.15658335103504933,3.9111783880282434,1.3767200203296195,-0.030670151975070475,0.13155614599063972,1781912803.8851707,None,None,None, None, 1781912803.8936934,0.9367828763866978,apf_colreg,static_obstacle,-1.0,0.38497480289905833,2.2667368139744566,15.840426662996403,0.020198174022570292,4.6858622658507585,1.1232485063504851,0.7281570211274059
1781912803.9908874,25.868690013885498,-200.0,199.0064886094846,0.2,0.15275072692378266,3.980023674131865,1.3874186149162853,-0.015306561605084276,0.13047915525720513,1781912803.955532,None,None,None, None, 1781912803.955532,1.0125118048327848,apf_colreg,static_obstacle,-1.0,0.37514926138932647,2.213207171553865,15.836928905312693,-0.049692698170966665,4.733914859039195,1.1352762018763827,0.7033998110592729
1781912804.090843,25.968645572662354,-200.0,197.23697857861916,0.2,0.1489902761211968,4.04880798535129,1.3978765151043362,-0.01890202880540292,0.1279596713008392,1781912804.0888238,None,None,None, None, 1781912804.0888238,1.000277128324334,apf_colreg,static_obstacle,-1.0,0.3721624573571743,2.120482616734725,15.811961814576309,-0.09713318267256099,4.7682267790631085,1.139618562043844,0.6845015692219294
1781912804.1904101,26.068212747573853,-200.0,195.11012054340648,0.2,0.144368192104653,4.117422739131641,1.4080601160833837,-0.028169582257457495,0.12609831670080895,1781912804.1549006,None,None,None, None, 1781912804.1549006,1.0899415740217495,apf_colreg,static_obstacle,-1.0,0.36735919146962676,2.071513531816655,15.813160727442343,-0.15292600556335145,4.816447610256467,1.149092857404868,0.6633732584002562
1781912804.2907104,26.16851305961609,-178.02026896129308,200.0,0.2,0.14860222414615368,3.7241327778433546,1.3454295395053937,-0.011777355267060268,0.12497214169722091,1781912804.2505226,3.718035146564105,1.3444727141303998,0.16234906381058423, 1781912804.256041, 1781912804.277135,0.9126875764057147,apf_colreg,static_obstacle,-1.0,0.3442402812251998,9.465461764006463,15.914902241617924,0.5625520545095739,4.867305952798378,1.1563915826318554,0.6415112276943163
1781912804.390292,26.268094539642334,-179.10999761079606,200.0,0.2,0.1456311078436001,3.7651825598776254,1.3514794585571126,-0.005461897455225365,0.12427681206889707,1781912804.3778281,None,None,None, None, 1781912804.354257,0.9574838238413252,apf_colreg,static_obstacle,-1.0,0.3508819415396644,3.255004784684748,15.910600164833511,0.5382259913688427,4.443232782872074,1.0963032138385487,0.6236315241151504
1781912804.4910908,26.36889338493347,-184.153274981119,200.0,0.2,0.1437478804780668,3.823330792318809,1.3598739694595778,0.00349937794318014,0.12453715058862144,1781912804.4522238,None,None,None, None, 1781912804.4923832,0.9728496553615983,apf_colreg,static_obstacle,-1.0,0.35289268453052547,2.217591923552364,15.890638928396,0.4228333324941298,4.461018868083862,1.097104256059818,0.5999926290892391
1781912804.5905042,26.46830677986145,-190.93924798106957,200.0,0.2,0.14403268951344628,3.8884414662568454,1.3691861029327228,0.01755165462488507,0.1268412429715398,1781912804.5834987,None,None,None, None, 1781912804.566433,1.08512995151495,apf_colreg,static_obstacle,-1.0,0.3513581466012758,1.8930149641377196,15.87901975384796,0.2595562773712574,4.489770452675755,1.1012669073044012,0.582903748249488
1781912804.7051764,26.58297896385193,-198.4762818536443,200.0,0.2,0.14714840305464869,3.955822014405804,1.3789206495778075,0.033027272942578664,0.12910169122100726,1781912804.6519406,None,None,None, None, 1781912804.636868,0.9838233598003919,apf_colreg,static_obstacle,-1.0,0.3499207144594635,1.780282415635837,15.884551122655811,0.06425653129755204,4.537577937706469,1.1078179788072542,0.5619209969244947
1781912804.790394,26.66819667816162,-200.0,196.10844790237226,0.2,0.15012920659647688,4.024353637642765,1.3891470757149662,0.018967566704242732,0.13168033811531754,1781912804.787891,None,None,None, None, 1781912804.7778747,0.9103253347085618,apf_colreg,static_obstacle,-1.0,0.3471708059690722,1.6769757840956627,15.882324317885026,-0.12747092541219462,4.58019824588578,1.1177031284029857,0.5444681517310492
1781912804.8912785,26.769081115722656,-200.0,188.47638819413447,0.2,0.1531150635587738,4.092764843093011,1.3995968447977667,0.015276017005320415,0.1327230856244891,1781912804.8561513,None,None,None, None, 1781912804.848618,0.96984667317395,apf_colreg,static_obstacle,-1.0,0.3445095196109831,1.563218231599486,15.872638605847719,-0.31983906921474237,4.609217615831515,1.1260744497149766,0.5281717765114482
1781912804.9901106,26.867913246154785,-200.0,179.87376900358242,0.2,0.15650088116373312,4.1603095783358555,1.4101486296646542,0.015704019309023806,0.1337842132433717,1781912804.9924889,None,None,None, None, 1781912804.9924889,1.0709476001007114,apf_colreg,static_obstacle,-1.0,0.34316404784382754,1.5381123422380498,15.884853709968727,-0.5203080863397762,4.662971849800164,1.1368240343542828,0.5098762258765484
1781912805.0904973,26.968299865722656,-200.0,171.93258851277582,0.2,0.15868321652418774,4.226794576219488,1.4208041006557703,0.0007492616911309924,0.13389336779326252,1781912805.0694046,None,None,None, None, 1781912805.0694046,1.012336781797581,apf_colreg,static_obstacle,-1.0,0.3432035071819737,1.5165578791962278,15.884783138771052,-0.6925208511925769,4.716555501918534,1.147335353321575,0.49545874413351737
1781912805.192021,27.069823503494263,-200.0,162.70048185829268,0.2,0.15986364779755358,4.29229279999684,1.431447662502988,-0.008000982517895763,0.13324142463672306,1781912805.1508875,None,None,None, None, 1781912805.1508875,0.9808449896667214,apf_colreg,static_obstacle,-1.0,0.3432935207532159,1.480773580894747,15.917612022040087,-0.8822367449762645,4.764922617509154,1.1568927369662576,0.48046344047034417
1781912805.2899733,27.167775869369507,-200.0,192.17591469049378,0.2,0.16010670653407144,3.907282892583888,1.375891801499783,-0.0466893985452333,0.12972237445545268,1781912805.2980063,3.901347274744298,1.3750188084923503,0.16679057606090986, 1781912805.26192, 1781912805.2899733,0.959092496221155,apf_colreg,static_obstacle,-1.0,0.36254606174964266,7.138924132641439,16.043433631838862,-0.23099948895911382,4.425679015619111,1.1121534713900536,0.4650878470521608
1781912805.391591,27.26939368247986,-200.0,193.7307474596996,0.2,0.15404281857166513,3.9478379998086144,1.3824291158387467,-0.06297485504228809,0.12001151182590658,1781912805.3804612,None,None,None, None, 1781912805.365263,0.9185935252922818,apf_colreg,static_obstacle,-1.0,0.351467763308951,2.2561195391728504,16.042522841435332,-0.19110748389938959,4.425679015619111,1.1121534713900536,0.4650878470521608
1781912805.490266,27.36806869506836,-200.0,190.3004065965675,0.2,0.14801516814429558,4.007251234400914,1.3915055669531142,-0.03570377552946664,0.11761101129100637,1781912805.447695,None,None,None, None, 1781912805.4336672,0.9242892611490445,apf_colreg,static_obstacle,-1.0,0.34741927450898713,1.4928973703620145,16.027215635161134,-0.27794366779550383,4.448613351883733,1.1155683035107993,0.4539606504275349
1781912805.591241,27.469043493270874,-200.0,186.49329665073913,0.2,0.14233839181214875,4.073321990074349,1.401197678476196,-0.03258204779876317,0.11338292307801513,1781912805.5774624,None,None,None, None, 1781912805.5609236,1.0336842493888425,apf_colreg,static_obstacle,-1.0,0.34250364616688767,1.2641885732793823,16.019108554882926,-0.370781691903308,4.479159341654736,1.121704643965902,0.4405059314756139
1781912805.6932342,27.57103681564331,-200.0,183.46938714678052,0.2,0.1372308842486391,4.14043157157003,1.4106753222249662,-0.02978311990334378,0.11122356195886714,1781912805.6499653,None,None,None, None, 1781912805.6419392,0.9830140579422645,apf_colreg,static_obstacle,-1.0,0.33950054361624227,1.196682258397414,16.039194331313446,-0.4427921179101375,4.526595991525777,1.1286756256234223,0.42894966363934517
1781912805.790558,27.668360710144043,-200.0,180.37853679387828,0.2,0.1320737835481155,4.207428899613948,1.4198157672877123,-0.03328200972843808,0.10910507832170613,1781912805.790558,None,None,None, None, 1781912805.8005278,1.0927769680163892,apf_colreg,static_obstacle,-1.0,0.33558535231482645,1.1386065089147,16.072522468342598,-0.5149946360111084,4.571251659423602,1.136434452887415,0.4183369160852183
1781912805.890631,27.768433570861816,-200.0,177.32399068418536,0.2,0.12639799226882065,4.2741249638330165,1.42857795307539,-0.03924082773639139,0.10331490291291953,1781912805.8611727,None,None,None, None, 1781912805.8685267,1.0478389741069178,apf_colreg,static_obstacle,-1.0,0.33238781007521506,1.0977906780508457,16.124488476093184,-0.5854994248545653,4.620898105483346,1.1443727817604539,0.4058016216222877
1781912805.9908237,27.868626356124878,-200.0,170.63949577796762,0.2,0.12091061033111641,4.340499556205663,1.436913365201189,-0.03726375584258071,0.10061800745546233,1781912805.9335458,None,None,None, None, 1781912805.9511025,0.9251841633122894,apf_colreg,static_obstacle,-1.0,0.32889665256073414,1.0312837003198712,16.11141486252894,-0.7298463023684709,4.661484869338318,1.1508759183230604,0.3932868092835564
1781912806.0921605,27.96996307373047,-200.0,174.8882610773257,0.2,0.1038917798419281,4.406177928614756,1.444816635813428,-0.14149960330621938,0.08228582577836016,1781912806.0631022,None,None,None, None, 1781912806.0786135,0.9890235826722715,apf_colreg,static_obstacle,-1.0,0.32968305915916685,0.9965238616807679,16.08903911125901,-0.637774834490294,4.714497832431188,1.1585856339677285,0.38270833759814216
1781912806.1905854,28.068387985229492,-200.0,176.3686121618373,0.2,0.09250664817586964,4.472302636712158,1.451352842913356,-0.05942671158155851,0.07829698707912516,1781912806.1302242,None,None,None, None, 1781912806.161932,0.9492836787694977,apf_colreg,static_obstacle,-1.0,0.3264982519236091,0.9412585798209465,16.062766381350134,-0.6043565884838742,4.758562521681991,1.161548413836268,0.3693028864790073
1781912806.290873,28.168675661087036,-200.0,197.01082672500985,0.2,0.09771704041221065,4.084404098781665,1.4035717488840407,-0.04751734322432369,0.07197312953617704,1781912806.2633095,4.078404240665071,1.4028631902149111,0.125333739201146, 1781912806.270326, 1781912806.2417004,0.9155300605828168,apf_colreg,static_obstacle,-1.0,0.3061121950906944,4.553224729282971,16.20098332596523,-0.10566932796098616,4.804471575584055,1.1660185822971774,0.3587441342772682
1781912806.3910577,28.268860340118408,-200.0,196.8358622457712,0.2,0.08881951742656212,4.126676299418446,1.4075431593851455,-0.0493067895303604,0.06860549888995474,1781912806.331609,None,None,None, None, 1781912806.3713322,1.0198685291299072,apf_colreg,static_obstacle,-1.0,0.31241106652380274,1.3731214761713888,16.16908485540175,-0.11019560829042607,4.40516583785722,1.121273061453642,0.34710831669263065
1781912806.491871,28.36967372894287,-200.0,196.51973221504286,0.2,0.08186972252401276,4.187566537409831,1.4127188160939346,-0.029364413789269114,0.06437852695576063,1781912806.4755578,None,None,None, None, 1781912806.4377432,1.0556156084216415,apf_colreg,static_obstacle,-1.0,0.3102211210981683,0.8986355845098948,16.086051422027143,-0.11811480150805842,4.429742089795941,1.1250872476905012,0.3341281115020375
1781912806.5906525,28.46845507621765,-200.0,195.6117918798648,0.2,0.07428625230672052,4.255063059850491,1.4180401975876507,-0.043182654902604034,0.061436471381112696,1781912806.5436883,None,None,None, None, 1781912806.5717435,0.9771340938585645,apf_colreg,static_obstacle,-1.0,0.3097145770058071,0.7737712430048842,16.02417023465346,-0.14176025589329733,4.47728651482845,1.1288142410119575,0.3229542110018134
1781912806.6905417,28.568344354629517,-200.0,197.0694742862411,0.2,0.06769414773145445,4.323803400709505,1.4229298596052669,-0.03314674294476202,0.05673590213051509,1781912806.6854992,None,None,None, None, 1781912806.6388009,0.9685824765553891,apf_colreg,static_obstacle,-1.0,0.30676184696992576,0.7136877758520087,15.992972995048632,-0.10274073393335126,4.526848874502331,1.1339405759018817,0.3085588444349215
1781912806.7908254,28.668627977371216,-200.0,198.3533846236542,0.2,0.06193339429261192,4.392913326463629,1.4274092977406045,-0.028100948259995394,0.0546938736985836,1781912806.7581668,None,None,None, None, 1781912806.7714074,1.0331579043939738,apf_colreg,static_obstacle,-1.0,0.3049535286349452,0.6867818704994377,15.976455309539203,-0.0679749678393895,4.585509087619228,1.1382085757150997,0.2972599062576601
1781912806.8921525,28.769955158233643,-200.0,199.9498299038006,0.2,0.056032697914858445,4.46223605525824,1.4315235590981779,-0.03182131588901806,0.05250298239969754,1781912806.8270166,None,None,None, None, 1781912806.8460562,0.9714897912634657,apf_colreg,static_obstacle,-1.0,0.302311833106611,0.6506481100429394,15.956147669045066,-0.024061507620086076,4.640960759123436,1.1429660989041517,0.2851026615064165
1781912806.991622,28.86942458152771,-200.0,200.0,0.2,0.050869404019498195,4.53178490115851,1.4352362209774512,-0.024893328829647877,0.05043725887104251,1781912806.9099996,None,None,None, None, 1781912806.977077,0.995068120709989,apf_colreg,static_obstacle,-1.0,0.2999114174763104,0.6164789757738136,15.936190244353057,0.014026643372746506,4.697034666728112,1.1470807503991431,0.2747015483718594
1781912807.0900831,28.967885732650757,-198.97278644730838,200.0,0.2,0.046096380054724946,4.60138438151625,1.4386089587640143,-0.0233932833552183,0.04657576729791492,1781912807.075068,None,None,None, None, 1781912807.0499494,1.0227446576316983,apf_colreg,static_obstacle,-1.0,0.29788470419721524,0.590744430628113,15.920581639429537,0.050876389223678764,4.755919352338067,1.1508725308024321,0.2680661887269209
1781912807.190908,29.068710565567017,-197.73139243243315,200.0,0.2,0.04205952902313631,4.670889412378567,1.4416553848774214,-0.018078173505403035,0.04538094439584755,1781912807.14116,None,None,None, None, 1781912807.1883893,0.9930637850354819,apf_colreg,static_obstacle,-1.0,0.2966543624822388,0.5543044291635006,15.898801548177058,0.08442197550650565,4.810779588434274,1.1534095967008584,0.2609356101522913
1781912807.292495,29.170297622680664,-195.97081635386402,200.0,0.2,0.05777227707353688,4.27163250216596,1.4250274841508017,-0.012953067707702085,0.04369246114552047,1781912807.271514,4.265443366645217,1.4247712024278343,0.09422837863101385, 1781912807.280591, 1781912807.2500687,1.0483425970991929,apf_colreg,static_obstacle,-1.0,0.29621688628765713,2.416444381436252,16.048785145773422,0.13246457356931085,4.475965299025841,1.1429050083112506,0.2582483979671524
1781912807.3980794,29.27588200569153,-194.99170694506694,200.0,0.2,0.05469794967136467,4.315073822466783,1.4274666886472485,-0.013652213894766617,0.0427348638842317,1781912807.3416562,None,None,None, None, 1781912807.3794615,1.0666649519569027,apf_colreg,static_obstacle,-1.0,0.2949021688308942,0.8522692003659441,16.047525038439993,0.15830305101983555,4.506566171417018,1.1451886249451344,0.25747943250344457
1781912807.4907038,29.36850643157959,-196.64382729709692,200.0,0.2,0.05216349557322247,4.376382330201883,1.4307219141041472,-0.008896717313874187,0.04153842485936369,1781912807.4761372,None,None,None, None, 1781912807.4605892,0.9759620469732224,apf_colreg,static_obstacle,-1.0,0.29347125338546987,0.5663387670233496,15.943830878453753,0.1137729985700151,4.506566171417018,1.1451886249451344,0.25747943250344457
1781912807.5909154,29.4687180519104,-198.10196133053486,200.0,0.2,0.05041536649825253,4.444082694041812,1.4341631409899733,-0.00431738993270048,0.041246117365975346,1781912807.5438418,None,None,None, None, 1781912807.536505,1.014558909784735,apf_colreg,static_obstacle,-1.0,0.29253960640117505,0.49114309165486,15.880725907451948,0.07435735416907363,4.5594107668340955,1.1482474534788722,0.25921560340715655
1781912807.6899853,29.567787885665894,-198.7416701402302,200.0,0.2,0.049022521735230765,4.5132016385665885,1.4375824399955874,-0.004572912401080353,0.04092872529789251,1781912807.6924927,None,None,None, None, 1781912807.6633801,0.9259757314668164,apf_colreg,static_obstacle,-1.0,0.29214342089078427,0.4475365925399418,15.848429929876694,0.05692391628112681,4.614729729419036,1.1509533187650736,0.2613801505997732
1781912807.7905753,29.66837787628174,-199.43079463269487,200.0,0.2,0.04810140794942526,4.582604259670655,1.44093446070314,-0.0022041892926468634,0.04056997928887042,1781912807.7760053,None,None,None, None, 1781912807.7931561,1.0318689801798748,apf_colreg,static_obstacle,-1.0,0.2918868855748319,0.41511936371538605,15.827046060560956,0.03809816439960123,4.672532844313296,1.1536616723248823,0.2643121406512769
1781912807.890315,29.768117666244507,-200.0,200.0,0.2,0.04737755785426751,4.6521240450223615,1.4442449146080918,-0.0023966784696790987,0.040411067709630294,1781912807.8423102,None,None,None, None, 1781912807.8605638,1.091411804984942,apf_colreg,static_obstacle,-1.0,0.29188936575432445,0.3973105908148118,15.814507571503324,0.012922520768857026,4.735503701864503,1.1564394624580374,0.26638360212650786
1781912807.9912417,29.869044303894043,-200.0,200.0,0.2,0.04687737953286482,4.721724532296205,1.4475188377870012,-0.001548992572553415,0.04019831492939146,1781912807.9796593,None,None,None, None, 1781912807.9540982,1.0545190779626077,apf_colreg,static_obstacle,-1.0,0.29218875251287474,0.36600601529889526,15.795117305071688,-0.008374520275128639,4.793907419837198,1.158708499466743,0.2694194213277642
1781912808.0919435,29.969746112823486,-200.0,199.9519807872665,0.2,0.04648530216086514,4.79133685583774,1.4507662122913416,-0.001456474588646503,0.040084738633268814,1781912808.0576396,4.417918904999918,1.4391731717446223,0.08998285772536274, 1781912808.0934505, 1781912808.0356147,1.0601955092693032,apf_colreg,static_obstacle,-1.0,0.29259662730086866,0.3245244396277004,15.771332198795402,-0.023723843935368194,4.848829223839164,1.160737239339977,0.2720314469350527
1781912808.1904247,30.068227291107178,-200.0,198.90949796453694,0.2,0.04612385634380907,4.860946331106293,1.4539906516053236,-0.0016863540806997003,0.03996697499883862,1781912808.192428,None,None,None, None, 1781912808.1723468,1.0144122317140365,apf_colreg,static_obstacle,-1.0,0.29241576586362383,0.30851157409354735,15.76203933348208,-0.05208137726725148,4.912654015213038,1.1638104334023436,0.2744403433826448
1781912808.2911282,30.168930768966675,-200.0,191.81928401877593,0.2,0.060648451647751206,4.46354132265709,1.4429445304814832,-0.003196446628490118,0.039482924476856474,1781912808.2789068,4.4573749341684215,1.4427563982254448,0.0894973692545955, 1781912808.286422, 1781912808.241383,1.0294883490325049,apf_colreg,overtaking,-1.0,0.27839835375816147,0.46512771926886043,15.719545892095274,-0.23520588299877332,4.967571028588743,1.1654187934581275,0.2772505308160136
1781912808.3906913,30.26849389076233,-200.0,192.02025196895133,0.2,0.060428091432426737,4.506824273132297,1.4455818165480707,-0.004880500449851441,0.03908501448849297,1781912808.3604374,None,None,None, None, 1781912808.3755858,0.9330935792583878,apf_colreg,overtaking,-1.0,0.28205237515044534,0.3630482931091271,15.650845956386497,-0.22920563769235702,4.562432435427663,1.1546269116294543,0.2796660757643596
1781912808.4903488,30.368151426315308,-200.0,191.96417812408149,0.2,0.05978184988525565,4.567715205004574,1.4492801441143968,-0.008701749934325723,0.03847632202837764,1781912808.430388,None,None,None, None, 1781912808.444977,1.058935108523369,apf_colreg,overtaking,-1.0,0.28647055388517734,0.249695756857908,15.54663164147074,-0.22905862954117673,4.599645963053572,1.1564024935035977,0.28210799674706294
1781912808.5917091,30.46951174736023,-200.0,192.71159490598737,0.2,0.05832758321299828,4.634777971546453,1.4532940632375138,-0.012709610657531819,0.03767585943412976,1781912808.6002228,None,None,None, None, 1781912808.5104544,0.9695622086916232,apf_colreg,crossing_from_starboard,-1.0,0.29106046498495614,0.16314983020977325,15.442943832188913,-0.20920147441401848,4.599645963053572,1.1564024935035977,0.28210799674706294
1781912808.6903005,30.568103075027466,-200.0,196.8788627751305,0.2,0.056323040550521314,4.703177316472827,1.457276473946166,-0.0168958430308068,0.03461925477457867,1781912808.6742775,None,None,None, None, 1781912808.6742775,1.0903218082875397,apf_colreg,crossing_from_starboard,-1.0,0.29395081732396916,0.07638411074824464,15.320268695535384,-0.10330916821644731,4.705519951696633,1.161084436047936,0.2870916195240269
1781912808.7908578,30.668660402297974,-200.0,196.5419693324929,0.2,0.053692360056351925,4.772249036278218,1.4611259761410693,-0.01846707236647643,0.0332087131035813,1781912808.750659,None,None,None, None, 1781912808.741619,1.048787136707211,apf_colreg,crossing_from_starboard,-1.0,0.2960189496161194,0.1531677970706024,15.81539979699307,-0.11554171210061082,4.7585202680941014,1.1632790856593278,0.289829541372574
1781912808.89188,30.76968264579773,-200.0,197.73313582762452,0.2,0.050590192853660995,4.841389581523394,1.4647757391023504,-0.020175870747067986,0.03192569961733913,1781912808.897074,None,None,None, None, 1781912808.8062296,0.9536315703231653,apf_colreg,crossing_from_starboard,-1.0,0.29692313718722335,0.10359480172875324,15.828894502657839,-0.08400413257420247,4.8119508744882555,1.1655279218873784,0.2923519231631548
1781912808.9903653,30.868167877197266,-200.0,198.60800627327802,0.2,0.04789319091077154,4.910681185432585,1.4681985166185996,-0.014371950234840529,0.02964154752482364,1781912808.9731817,None,None,None, None, 1781912808.9872072,0.9500580033065992,apf_colreg,crossing_from_starboard,-1.0,0.2978390935933092,0.060808436741744264,15.865425254756232,-0.060611354125306605,4.867395537115527,1.1676803338948913,0.29464924803853065
1781912809.0906649,30.968467473983765,-200.0,200.0,0.2,0.04448842008304634,4.980097492669338,1.4714433210553857,-0.021005997332921265,0.028129686093016852,1781912809.0451546,None,None,None, None, 1781912809.0531595,0.9673073063948326,apf_colreg,crossing_from_starboard,-1.0,0.2989105189742229,0.0,15.866046699494888,-0.017920795089514385,4.918218838775441,1.1693830515979247,0.29754328696036564
1781912809.1949482,31.07275080680847,-200.0,200.0,0.2,0.04145459951384784,5.049695397174976,1.4744383611085716,-0.015439804172991348,0.027039304109623796,1781912809.2019577,None,None,None, None, 1781912809.125317,1.0836872948329515,apf_colreg,crossing_from_starboard,-1.0,0.3000678099515398,0.0,15.866290908830035,0.013689332624551298,4.974156284590701,1.171434333497213,0.2995820327068727
1781912809.309124,31.18692660331726,-200.0,194.26278330507327,0.2,0.04842389778716149,4.646996073931419,1.4587261202989181,-0.04075000803907551,0.02053078311652626,1781912809.2754943,4.640757978091559,1.4584817668509513,0.07307859911497074, 1781912809.288036, 1781912809.217885,0.9112301902556278,apf_colreg,overtaking,-1.0,0.2828881189272949,0.3881965817778506,16.13326074549954,-0.17830563855144366,5.027842726776691,1.1728887921101554,0.3021880908568546
1781912809.391158,31.26896071434021,-200.0,197.79490561300227,0.2,0.044392889213888516,4.690140469932907,1.4607258332289472,-0.019058325103942363,0.0190047463168907,1781912809.3555663,None,None,None, None, 1781912809.4132254,1.047068006771351,apf_colreg,overtaking,-1.0,0.2883643236010858,0.26614377504967784,16.057905058965886,-0.0835424609625246,4.646230410730783,1.1577878907512076,0.3049170984671894
1781912809.4946702,31.372472763061523,-200.0,200.0,0.2,0.040870452496179474,4.7516405335425524,1.4633465157073449,-0.017172949572850624,0.017739145809747135,1781912809.4956694,None,None,None, None, 1781912809.475041,1.0557190935644523,apf_colreg,crossing_from_starboard,-1.0,0.29403325557745585,0.137931690601727,15.929128252316382,0.020475904970482794,4.693345545919187,1.1592487485381378,0.3069847649150387
1781912809.5984619,31.476264476776123,-193.90567310052373,200.0,0.2,0.037881632105873156,4.819784780112392,1.4660199766875444,-0.013503596113280692,0.01599551168179289,1781912809.5583873,None,None,None, None, 1781912809.559387,0.9811576742317455,apf_colreg,crossing_from_starboard,-1.0,0.29911970384895215,0.01922694798822881,15.869837524587563,0.18456945174021744,4.739936716525051,1.160691698481383,0.30957825701701935
1781912809.690538,31.56834053993225,-187.24467732570523,200.0,0.2,0.034705680841654304,4.888544286653425,1.468510503225687,-0.015147376807418155,0.014730670990996684,1781912809.6418896,None,None,None, None, 1781912809.6383796,0.9421613730362951,apf_colreg,static_obstacle,-1.0,0.3155963731271118,0.0,15.801787086753569,0.34792243273150625,4.739936716525051,1.160691698481383,0.30957825701701935
1781912809.7903702,31.66817283630371,-184.97723707478073,200.0,0.2,0.0320703620813289,4.9566830332155885,1.4707387173218152,-0.007608853230012965,0.013967731027423718,1781912809.7421596,None,None,None, None, 1781912809.7863228,0.9059645480069871,apf_colreg,static_obstacle,-1.0,0.32292867748840126,0.0,15.812131040888273,0.4016012052736464,4.785050894591508,1.1626150169171667,0.3117377705246708
1781912809.8903341,31.768136739730835,-184.50526845486883,200.0,0.2,0.03073532823432787,5.024493497228327,1.472779771945092,0.0035747691862043148,0.01445269164665965,1781912809.8778217,None,None,None, None, 1781912809.8552575,1.059424856900501,apf_colreg,static_obstacle,-1.0,0.3290522297056336,0.0,15.839113123865939,0.41328830437248776,4.8372032128383164,1.1641446169270686,0.3136214757466993
1781912809.990458,31.868260622024536,-184.72602516151105,200.0,0.2,0.03045825275638974,5.092204868043408,1.4747581385008033,0.009324384741111693,0.01508584128765076,1781912809.9457242,None,None,None, None, 1781912809.990458,1.0918565674338419,apf_colreg,static_obstacle,-1.0,0.3394114714167186,0.0,15.892658818825009,0.40952814031115725,4.879786831225124,1.165761649119257,0.31586848396251344
1781912810.0910459,31.96884846687317,-186.72919268240696,200.0,0.2,0.03169379644668115,5.15992372938793,1.4767507116179814,0.01890907713438988,0.017387572801270824,1781912810.0674505,None,None,None, None, 1781912810.0794814,1.0988451097458767,apf_colreg,static_obstacle,-1.0,0.34888299762412517,0.0,15.950171901763952,0.36355011033425644,4.926913810787177,1.1675152176347359,0.31767299010971867
1781912810.1906247,32.068427324295044,-190.20361896782322,200.0,0.2,0.03455652210909879,5.227852698854409,1.4788826870078822,0.027682999728734056,0.01940188317391234,1781912810.140214,None,None,None, None, 1781912810.1556463,1.050858777026886,apf_colreg,static_obstacle,-1.0,0.3630781365296985,0.0,16.01318948572321,0.280107846743177,4.971086490193936,1.166643906920844,0.3196693807830558
1781912810.290411,32.16821360588074,-189.8134580392331,200.0,0.2,0.03846742121545252,5.296178692716428,1.481282960679053,0.03020126382481271,0.022994867429086893,1781912810.259182,None,None,None, None, 1781912810.2793396,1.0519846138314635,apf_colreg,static_obstacle,-1.0,0.3761580044948596,0.0,16.042686213376285,0.2903218407671879,5.024992855301156,1.1621134836135112,0.32132837717022705
1781912810.390082,32.267884492874146,-200.0,196.7004578016558,0.2,0.05381513457353216,4.831873251256679,1.4717339995989769,0.033872573791569396,0.025418890611850015,1781912810.3931375,4.826260549957423,1.4716048615921278,0.0734010127601028, 1781912810.293417, 1781912810.3603363,1.0680492357686764,apf_colreg,crossing_from_starboard,-1.0,0.3058608893062114,0.1768602899058093,15.99600532213481,-0.11263393189445381,5.076580605761437,1.1615606755523507,0.32298932972870015
1781912810.490325,32.3681275844574,-200.0,198.42744238156783,0.2,0.05852177394463221,4.8721571010105915,1.473990898429772,0.025959135922855595,0.028878842849401107,1781912810.4640296,None,None,None, None, 1781912810.4319596,0.9208185386160912,apf_colreg,crossing_from_starboard,-1.0,0.31227419754396385,0.03769188211928607,15.881083249387748,-0.06556514447313688,4.5955639115692515,1.1484284544271561,0.3249804905896576
1781912810.5904307,32.46823334693909,-194.46717575113405,200.0,0.2,0.06412539079740995,4.932307930552722,1.4776515866294222,0.03334717103114471,0.03304382047668644,1781912810.588927,None,None,None, None, 1781912810.5844045,0.9358941971321906,apf_colreg,static_obstacle,-1.0,0.41537171939109613,0.0,16.036614487298337,0.1719140079673922,4.6222998019015025,1.142170170698928,0.3273161544601141
1781912810.6903114,32.568114042282104,-192.04049700634877,200.0,0.2,0.06870792602788686,4.999433646247706,1.4821192104763465,0.022547422434149478,0.03444628246895033,1781912810.6511276,None,None,None, None, 1781912810.657643,0.9635906130817549,apf_colreg,static_obstacle,-1.0,0.43288985850998996,0.0,15.97839689422388,0.23349060968005997,4.66189921854933,1.139609047777482,0.33300564454692505
1781912810.790877,32.66867971420288,-195.97715702344922,200.0,0.2,0.07277531638605526,5.067720516210298,1.4869444725301868,0.021969283537514376,0.03739500765185615,1781912810.785348,None,None,None, None, 1781912810.7359273,1.0821629943114026,apf_colreg,static_obstacle,-1.0,0.4451806663284337,0.0,16.05786595363246,0.1323710536196625,4.717108504866736,1.1379123828031532,0.3395458096064616
1781912810.890795,32.76859760284424,-197.11976656392213,200.0,0.2,0.07662290773676377,5.136599589134251,1.4920841753690688,0.020976676372689292,0.038742038771732094,1781912810.8495636,None,None,None, None, 1781912810.8601863,1.0563786204798487,apf_colreg,static_obstacle,-1.0,0.46011339649061367,0.0,16.082003952125326,0.10195635146283522,4.764155111259585,1.14118099477807,0.3465133127449632
1781912810.995972,32.87377452850342,-199.1287371054616,200.0,0.2,0.0812702853697668,5.205672221529535,1.4975012110475845,0.028562637894396736,0.040502722180697774,1781912810.9112065,None,None,None, None, 1781912810.9253356,0.9379412556527521,apf_colreg,static_obstacle,-1.0,0.4802423947142774,0.0,16.100941184046476,0.047138382290115466,4.811285393448635,1.1388088836115995,0.3575888864724438
1781912811.090225,32.96802759170532,-200.0,198.59674238794378,0.2,0.08482084457703576,5.274967741708708,1.5032846189492126,0.016042383776982683,0.043165404231152824,1781912811.0771844,None,None,None, None, 1781912811.0716631,0.917275291236509,apf_colreg,static_obstacle,-1.0,0.4925259513405064,0.0,16.091466194108403,-0.06178457589495334,4.867146703679957,1.1397550908610112,0.3684662888029967
1781912811.1908038,33.06860637664795,-200.0,194.53302481431567,0.2,0.08850640835005355,5.344219226655447,1.509296272517357,0.018977597130949077,0.044539162323866566,1781912811.1495728,None,None,None, None, 1781912811.1435647,1.08311737074319,apf_colreg,static_obstacle,-1.0,0.5102804546793075,0.0,16.085890236352615,-0.1707192667833608,4.911811606626036,1.144810402331704,0.3783283423371454
1781912811.2917042,33.169506788253784,-200.0,190.46622345810653,0.2,0.09182429571796207,5.412998179889966,1.515533646960634,0.014492150194917954,0.046545257110384125,1781912811.2879992,None,None,None, None, 1781912811.2879992,0.907063414919136,apf_colreg,static_obstacle,-1.0,0.5332671329441429,0.0,16.06576219005121,-0.27446856022013133,4.958379992695939,1.1411904173397933,0.3975273731815903
1781912811.3909767,33.268779277801514,-200.0,198.035139383941,0.2,0.09555452735848968,5.019968264560086,1.4872141360635576,0.008654289600950375,0.04704639370923829,1781912811.3459053,5.014026626079341,1.4867666327292035,0.09748373147364121, 1781912811.295231, 1781912811.3564184,0.9520810947294919,apf_colreg,static_obstacle,-1.0,0.5470060131245837,0.0,16.12258679964751,-0.0773181871314037,5.011267306197164,1.144281867818136,0.4105822438744558
1781912811.4921103,33.36991286277771,-200.0,196.3225452977027,0.2,0.09768559863430251,5.063513447062263,1.491453773974678,0.0054503564028645,0.04778016850272754,1781912811.480534,None,None,None, None, 1781912811.4275756,0.9020651209303064,apf_colreg,static_obstacle,-1.0,0.5696749284053794,0.0,16.088598916289012,-0.12341070720380021,4.591598049766965,1.1116765438949843,0.4272646604855935
1781912811.5910015,33.468804121017456,-200.0,194.76337577864828,0.2,0.09921459403443185,5.12486445909979,1.4975385290164986,0.00365092353650664,0.04809707250680926,1781912811.5673351,None,None,None, None, 1781912811.5744596,0.9489367221225224,apf_colreg,static_obstacle,-1.0,0.5696749284053794,0.0,16.047156841821185,-0.16428525388643944,4.591598049766965,1.1116765438949843,0.4272646604855935
1781912811.6907744,33.56857705116272,-200.0,193.45215057790662,0.2,0.10036458853908803,5.192167457284301,1.5043048141873996,0.002152650311960974,0.04828514579719732,1781912811.6547034,None,None,None, None, 1781912811.663206,1.0402229266172125,apf_colreg,static_obstacle,-1.0,0.6072477063149139,0.0,15.996564107218639,-0.1977353342698267,4.653036177991291,1.1152718028017732,0.46141122273572915
1781912811.7920141,33.669816732406616,-200.0,191.02542819507116,0.2,0.10075472140984303,5.260486258452575,1.5112451307083035,-0.0036734933276580312,0.04784985087215469,1781912811.7731996,None,None,None, None, 1781912811.7885075,0.9211660960817183,apf_colreg,static_obstacle,-1.0,0.627635558028969,0.0,15.968445573731433,-0.2588640687087702,4.7003687504853415,1.1143555537788086,0.4803830954598374
1781912811.8901694,33.767971992492676,-200.0,187.7687915400519,0.2,0.10062992050322103,5.328696965858438,1.5181877586973727,-0.006528527113957375,0.04731890092922653,1781912811.8545272,None,None,None, None, 1781912811.8545272,1.0230562567550487,apf_colreg,static_obstacle,-1.0,0.627635558028969,0.0,15.967732940890393,-0.3389310843567843,4.7003687504853415,1.1143555537788086,0.4803830954598374
1781912811.990791,33.86859369277954,-200.0,186.00999313054967,0.2,0.0996880247740129,5.396545129463123,1.5250785809001286,-0.012961122878784596,0.04574814770627858,1781912811.9757168,None,None,None, None, 1781912811.9234123,0.9342832349291254,apf_colreg,static_obstacle,-1.0,0.6525503837772562,0.0,15.94283415812965,-0.3805182117201502,4.808200160462914,1.1246079333240455,0.4994272455722946
1781912812.090742,33.968544721603394,-200.0,184.81147272440566,0.2,0.09777049727659352,5.464160457829683,1.531864936372017,-0.01964584374909364,0.044272057381579744,1781912812.0508518,None,None,None, None, 1781912812.073277,1.0463836466302827,apf_colreg,static_obstacle,-1.0,0.6711654291274929,0.0,15.918774412325826,-0.40819875286048024,4.85569682896529,1.127654186701059,0.5203097248127239
1781912812.1903691,34.06817173957825,-200.0,82.05272486059327,0.2,0.09447637453410057,5.531627435928984,1.5384823151491414,-0.02918919143558638,0.040438633523607846,1781912812.182182,None,None,None, None, 1781912812.1435897,0.9264302544892299,track,none,0.0,nan,nan,15.918774412325826,-0.40819875286048024,4.8990072820045425,1.1292811125173738,0.5444614030908399
1781912812.2903433,34.16814589500427,-200.0,82.57908237318976,0.2,0.0911115338602412,5.590116536237246,1.544184583223176,-0.05037530439474963,0.03665621959690399,1781912812.2572668,None,None,None, None, 1781912812.2622664,0.9673225638426467,track,none,0.0,nan,nan,15.918774412325826,-0.40819875286048024,4.947503923687996,1.1307575544382606,0.5604814318599831
1781912812.3914614,34.26926398277283,-200.0,95.16536687364257,0.2,0.08156899343924895,5.202518519920812,1.5050872085282803,-0.1360889454451562,0.02674103825820278,1781912812.3301249,5.1966526142568545,1.5045001392764956,0.08741562215389732, 1781912812.299861, 1781912812.3311107,0.9589020899112276,track,none,0.0,nan,nan,15.918774412325826,-0.40819875286048024,4.9774808183726265,1.1331412953194384,0.5839906611233165
1781912812.4905095,34.36831212043762,-200.0,98.76286441556594,0.2,0.0732727350681816,5.228014119307388,1.5071665282511333,-0.0885968719449784,0.014132255583496175,1781912812.4724412,None,None,None, None, 1781912812.4644372,1.0820127672199689,track,none,0.0,nan,nan,15.918774412325826,-0.40819875286048024,4.5721725433429175,1.089876972877443,0.6023152342835951
1781912812.5907533,34.46855592727661,-200.0,104.58762348205249,0.2,0.059779844542415014,5.270186622632274,1.5102523478785486,-0.13146747845367138,0.00404165118199511,1781912812.5491948,None,None,None, None, 1781912812.5436783,0.9219081345348122,track,none,0.0,nan,nan,15.918774412325826,-0.40819875286048024,4.574443528654571,1.0862928882110126,0.6217857243644659
1781912812.6987643,34.57656693458557,-200.0,108.53711402386496,0.2,0.05012857450177824,5.322476583375357,1.5132689337187486,-0.07176817111445825,6.280764252950327,1781912812.6392446,None,None,None, None, 1781912812.6392446,0.9304985938222124,track,none,0.0,nan,nan,15.918774412325826,-0.40819875286048024,4.574443528654571,1.0862928882110126,0.6217857243644659
1781912812.8065674,34.684370040893555,-200.0,114.0816497893294,0.2,0.036973362249926006,5.379238545261604,1.516066908463813,-0.11290027498012606,6.270793248688276,1781912812.7275615,None,None,None, None, 1781912812.7275615,0.9327361218036219,track,none,0.0,nan,nan,15.918774412325826,-0.40819875286048024,4.63462316698839,1.0846741402759317,0.665240651637817
1781912812.9005184,34.77832102775574,-200.0,120.1289975191781,0.2,0.022760915242224296,5.4378981224163825,1.5181179855448956,-0.11159539123065858,6.260125380143381,1781912812.9086204,None,None,None, None, 1781912812.8245869,1.030438670181587,track,none,0.0,nan,nan,15.918774412325826,-0.40819875286048024,4.662190658161253,1.0910275878175852,0.681387794110068
1781912812.9937415,34.87154412269592,-200.0,125.21908132814593,0.2,0.010778247625860245,5.497595780936161,1.5193120904564559,-0.08514252151933545,6.252848698725813,1781912812.9987469,None,None,None, None, 1781912812.9166572,1.0357917650943982,track,none,0.0,nan,nan,15.918774412325826,-0.40819875286048024,4.701518894939673,1.0883793803402075,0.7030280527726327
1781912813.0908484,34.96865105628967,-200.0,129.45581410008697,0.2,0.0008205424823364239,5.55799609323339,1.5198278544177093,-0.07093591420365507,6.24180484166471,1781912813.0643082,None,None,None, None, 1781912813.07031,1.0551121595751887,track,none,0.0,nan,nan,15.918774412325826,-0.40819875286048024,4.739863189688568,1.088673768571001,0.7275661542397593
1781912813.1911163,35.06891894340515,-200.0,133.69047088024638,0.2,6.2741053804923395,5.618937232260825,1.5197853376536123,-0.07582016226888956,6.235931952675641,1781912813.1417663,None,None,None, None, 1781912813.1443038,1.0994112396557345,track,none,0.0,nan,nan,15.918774412325826,-0.40819875286048024,4.775158096728683,1.086947202645142,0.7469869889845105
1781912813.290991,35.16879367828369,-200.0,139.34060727474792,0.2,6.260844887493717,5.680375751223289,1.5191373618136303,-0.10575090758300938,6.221953926366102,1781912813.273945,None,None,None, None, 1781912813.2834618,0.9939570988573186,track,none,0.0,nan,nan,15.918774412325826,-0.40819875286048024,4.817887583435808,1.086233317810379,0.7659861606198873
1781912813.3907478,35.268550395965576,-200.0,141.43384426817886,0.2,6.257585602883257,5.364600712364766,1.5145175213761894,-0.0787731038392556,6.21679484984105,1781912813.339438,5.359610874074763,1.514477138525396,6.273186762018125, 1781912813.304185, 1781912813.348476,1.0833089362076718,track,none,0.0,nan,nan,15.918774412325826,-0.40819875286048024,4.845285651908298,1.0904729725772333,0.7878745318292341
1781912813.490415,35.3682177066803,-200.0,145.79120111163792,0.2,6.247260945028841,5.405167265924306,1.513377377346055,-0.0833243157112534,6.21059469070026,1781912813.413848,None,None,None, None, 1781912813.472034,0.9202761331057601,track,none,0.0,nan,nan,15.918774412325826,-0.40819875286048024,4.521879997982977,1.0768336262111908,0.8077131819059998
1781912813.591021,35.46882367134094,-200.0,149.55136749568453,0.2,6.238613796796873,5.460167772574264,1.511252688436885,-0.059306102725523835,6.2020881056347035,1781912813.5572832,None,None,None, None, 1781912813.5492237,0.9113159218405488,track,none,0.0,nan,nan,15.918774412325826,-0.40819875286048024,4.533033042972261,1.0735838718811597,0.8312903791024837
1781912813.7122574,35.590059995651245,-200.0,154.52987221215656,0.2,6.226884589977221,5.521345849152042,1.5084048596968138,-0.09313305651756437,6.195162186326622,1781912813.631649,None,None,None, None, 1781912813.6256444,0.9661295461480196,track,none,0.0,nan,nan,15.918774412325826,-0.40819875286048024,4.557338533022089,1.074820070298778,0.8505196859894142
1781912813.7912092,35.66901183128357,-200.0,159.73440110521693,0.2,6.214543462350141,5.584658433181415,1.504640161049835,-0.08714682956429383,6.186411504406622,1781912813.732062,None,None,None, None, 1781912813.7932131,1.0158443038967568,track,none,0.0,nan,nan,15.918774412325826,-0.40819875286048024,4.589676625041965,1.0730120950385975,0.8698634612588457
1781912813.8909037,35.76870632171631,-200.0,164.52862075291455,0.2,6.203251111556061,5.64890004482996,1.4999883410299724,-0.07242697383876953,6.176722275462405,1781912813.8658414,None,None,None, None, 1781912813.8658414,1.0700293728132886,track,none,0.0,nan,nan,15.918774412325826,-0.40819875286048024,4.69499450669483,1.0797475427756833,0.8939655017560975
1781912813.9908786,35.86868119239807,-200.0,167.48566912999937,0.2,6.197084290327326,5.713752788003714,1.4945639775756892,-0.02748066392453484,6.174621087413104,1781912813.942302,None,None,None, None, 1781912813.942302,0.945142806723919,track,none,0.0,nan,nan,15.918774412325826,-0.40819875286048024,4.69499450669483,1.0797475427756833,0.8939655017560975
1781912814.0915425,35.96934509277344,-200.0,169.36426105578764,0.2,6.193980291948538,5.779006910486064,1.4888178715421603,-0.014147525626914653,6.173311773836852,1781912814.0348492,None,None,None, None, 1781912814.0915425,0.9730466198698947,track,none,0.0,nan,nan,0.0,0.0,4.745505766401678,1.0757952215391462,0.9051831395983186
1781912814.1904268,36.06822943687439,-200.0,173.5098982899021,0.2,6.184204337980479,5.844521870330224,1.4829377024254882,-0.0839981102005179,6.162181208747649,1781912814.1673589,None,None,None, None, 1781912814.1564183,1.025125214190277,track,none,0.0,nan,nan,0.0,0.0,4.793917232243018,1.0672370786777392,0.9202680868983154
1781912814.2907271,36.168529748916626,-200.0,177.92485650686126,0.2,6.173547722691398,5.910425393705723,1.4762244493136905,-0.07463162825146538,6.15698055843464,1781912814.2370431,None,None,None, None, 1781912814.2801828,0.9055127669915278,track,none,0.0,nan,nan,0.0,0.0,4.83315915834744,1.0603628797887574,0.9513158952362302
1781912814.390315,36.26811766624451,-200.0,171.76413701430772,0.2,6.178711255589581,5.524664496375261,1.510102607612666,-0.044367080712677455,6.150849808667247,1781912814.3752255,5.5186933920554555,1.5106496153764515,6.204132912162061, 1781912814.304761, 1781912814.3591886,0.9198094235099842,track,none,0.0,nan,nan,0.0,0.0,4.868040903179508,1.0626128976824303,0.9744356482965401
1781912814.490945,36.36874771118164,-200.0,175.1211772529054,0.2,6.170485161470889,5.564652530510795,1.5058085318429066,-0.060316926754313105,6.146258217016652,1781912814.45135,None,None,None, None, 1781912814.4296806,0.9030524584712005,track,none,0.0,nan,nan,0.0,0.0,4.461667198806574,1.082903640279115,0.9976958818959827
1781912814.5908484,36.46865105628967,-200.0,178.47043428289226,0.2,6.162940221543902,5.621980308482829,1.4991575365761403,-0.047265686252031404,6.140186323752236,1781912814.579813,None,None,None, None, 1781912814.5561702,1.067503333075089,track,none,0.0,nan,nan,0.0,0.0,4.469315038722071,1.0772826405750495,1.0266594676837824
1781912814.690799,36.56860160827637,-200.0,181.79630671090504,0.2,6.155688963264264,5.686382271212578,1.4912086474140338,-0.0456302024190671,6.137026775491701,1781912814.6490555,None,None,None, None, 1781912814.631303,1.0776136940707213,track,none,0.0,nan,nan,0.0,0.0,4.518587736231912,1.074617255827131,1.0479414632628024
1781912814.790424,36.66822671890259,-200.0,185.31270634706996,0.2,6.147793187372268,5.75275613952956,1.4825318423103262,-0.05150096003857155,6.130239885427223,1781912814.7808373,None,None,None, None, 1781912814.7525,0.9484313738414946,track,none,0.0,nan,nan,0.0,0.0,4.551544656732977,1.0732785355516574,1.0732235589689387
1781912814.8907743,36.768576860427856,-200.0,188.71283323192327,0.2,6.140160203125064,5.819786976716247,1.4732072041931215,-0.04602403797895076,6.126104210993964,1781912814.8706963,None,None,None, None, 1781912814.8320508,1.0877228730768946,track,none,0.0,nan,nan,0.0,0.0,4.59036505221253,1.0656852879338556,1.095887590900532
1781912814.9904964,36.86829900741577,-200.0,192.20490950200184,0.2,6.132040819310275,5.887220642623395,1.4632950161815383,-0.049486131789166644,6.122406092755453,1781912814.9454267,None,None,None, None, 1781912814.9875083,1.0311094282740352,track,none,0.0,nan,nan,0.0,0.0,4.633834131524506,1.0587248749231657,1.1152967347607101
1781912815.0906572,36.96845984458923,-200.0,195.92092896182533,0.2,6.122891392477403,5.955013607795523,1.4527443211103943,-0.05598761048621516,6.117316047868243,1781912815.0363405,None,None,None, None, 1781912815.0485172,1.0116576298302635,track,none,0.0,nan,nan,0.0,0.0,4.668448977286289,1.057788505548138,1.1431962405052754
1781912815.1915748,37.069377422332764,-200.0,198.90270985859792,0.2,6.116209176924295,6.023166142235984,1.441457050933117,-0.02963128499657411,6.11307228503594,1781912815.1795595,None,None,None, None, 1781912815.1795595,1.0788393745271074,track,none,0.0,nan,nan,0.0,0.0,4.70881272758132,1.0598909075290845,1.165349082803823
1781912815.2906384,37.1684410572052,-199.83156946154253,200.0,0.2,6.10968677477717,6.091641525440428,1.4296904337326204,-0.03308667339838712,6.110064195515727,1781912815.270475,None,None,None, None, 1781912815.2504485,0.9856346879285915,track,none,0.0,nan,nan,0.0,0.0,4.753792867433395,1.0508716796347324,1.1847895117003062
1781912815.3903258,37.268128395080566,-200.0,192.07794326874912,0.2,6.120937042656831,5.70469421053062,1.493246005645927,-0.035188701145255026,6.107566759052938,1781912815.3414476,5.698678338798322,1.494246924717089,6.155319267862743, 1781912815.30576, 1781912815.3735247,0.916986267874981,track,none,0.0,nan,nan,0.0,0.0,4.753792867433395,1.0508716796347324,1.1847895117003062
1781912815.4899766,37.36777925491333,-200.0,194.2305951110955,0.2,6.1161506150114215,5.748031985501657,1.4860345539067712,-0.020973739136564213,6.104903987317093,1781912815.468405,None,None,None, None, 1781912815.440344,0.9827532416281485,track,none,0.0,nan,nan,0.0,0.0,4.4141073879998896,1.089562729226552,1.2135223355085976
1781912815.591225,37.469027519226074,-200.0,196.67825994322263,0.2,6.111302855737688,5.808660357360435,1.4756859504694866,-0.02815218714013581,6.103042855873363,1781912815.5345147,None,None,None, None, 1781912815.5676014,1.0726209718362916,track,none,0.0,nan,nan,0.0,0.0,4.433744051835912,1.0910077404949143,1.231305456983009
1781912815.6908772,37.56867980957031,-200.0,199.27924950401774,0.2,6.106142055887034,5.875453918921145,1.4639473851413385,-0.030161794486415254,6.099457141632153,1781912815.6533973,None,None,None, None, 1781912815.6403399,0.9491499947032046,track,none,0.0,nan,nan,0.0,0.0,4.465158639769239,1.0883086249693479,1.2599092571609098
1781912815.790086,37.66788864135742,-199.95659314941804,200.0,0.2,6.1017547104190735,5.943679215020613,1.451578487510524,-0.021028095153132434,6.0979526288074295,1781912815.724945,None,None,None, None, 1781912815.7820654,1.0514692400726173,track,none,0.0,nan,nan,0.0,0.0,4.510460763077162,1.0780454976593488,1.2844485467538977
1781912815.9007626,37.77856516838074,-197.64469228240193,200.0,0.2,6.097940425177021,6.012145551967614,1.438871128725598,-0.017682912414129136,6.095269734345564,1781912815.8766675,None,None,None, None, 1781912815.8714895,0.9570765357671379,track,none,0.0,nan,nan,0.0,0.0,4.553486058702646,1.0746018085513662,1.304395923205129
1781912815.9901326,37.86793518066406,-195.4275854730278,200.0,0.2,6.094787041760166,6.080352865637192,1.425953845762546,-0.013076724706738688,6.0941987209661255,1781912815.9585698,None,None,None, None, 1781912815.946499,0.927403563327092,track,none,0.0,nan,nan,0.0,0.0,4.598817726276757,1.0612873653584898,1.3332695123226361
1781912816.0907304,37.96853303909302,-193.1151797671118,200.0,0.2,6.0915584206042706,6.148253519381106,1.4128855707051748,-0.01518424836003933,6.093046742162931,1781912816.0344365,None,None,None, None, 1781912816.0404365,0.9220132151729172,track,none,0.0,nan,nan,0.0,0.0,4.645492047335269,1.056941074276119,1.3514904026151064
1781912816.190773,38.068575620651245,-191.0217335044995,200.0,0.2,6.089350523135877,6.215825737032947,1.3996484699408214,-0.005556070697301034,6.09224472969288,1781912816.1787853,None,None,None, None, 1781912816.1807754,1.092282468804526,track,none,0.0,nan,nan,0.0,0.0,4.6893543147699726,1.0521275144960023,1.3784210580504692
1781912816.2907941,38.16859674453735,-189.00192090552866,200.0,0.2,6.087577227806077,6.283109387763425,1.3863320359125453,-0.0037605619165865657,6.091937106822476,1781912816.2605877,None,None,None, None, 1781912816.2752454,1.0360060617152782,track,none,0.0,nan,nan,0.0,0.0,4.739406327047429,1.0374821316283254,1.401041489723245
1781912816.390194,38.26799654960632,-200.0,199.69530093161336,0.2,6.102879722970646,5.888978591090663,1.468347939446399,-0.00031096735503081474,6.09191009147123,1781912816.347463,5.8828882480091185,1.4696077982887674,6.134739103127645, 1781912816.307825, 1781912816.3589728,1.0957249122278012,track,none,0.0,nan,nan,0.0,0.0,4.757897909751616,1.038466204166475,1.4239844966546655
1781912816.4902854,38.36808800697327,-200.0,200.0,0.2,6.10239282559495,5.931134544299096,1.4606342212456518,0.00267149938530389,6.092262172627296,1781912816.4792545,None,None,None, None, 1781912816.4351027,0.9383896245378611,track,none,0.0,nan,nan,0.0,0.0,4.349226575842929,1.1014751232883284,1.4533799292889626
1781912816.5907552,38.468557834625244,-199.90174966225143,200.0,0.2,6.102329559005616,5.991772535039878,1.4495345752876574,0.0018361284161692523,6.092402290503034,1781912816.555566,None,None,None, None, 1781912816.5686133,1.0951717257493863,track,none,0.0,nan,nan,0.0,0.0,4.379430060815825,1.090940224458278,1.4766033818269113
1781912816.6904368,38.56823945045471,-198.7645159932569,200.0,0.2,6.102734344169137,6.058867677070255,1.4372659768644702,0.003169652264267192,6.092622627336613,1781912816.6250806,None,None,None, None, 1781912816.6406336,1.0336996588077074,track,none,0.0,nan,nan,0.0,0.0,4.426806782791007,1.0759542147907033,1.4975841447102556
1781912816.7910774,38.668879985809326,-197.5782324114193,200.0,0.2,6.103087372082485,6.127083642292969,1.4248209656640602,0.0036667008000587226,6.093184979268412,1781912816.7784479,None,None,None, None, 1781912816.7784479,0.9879425934785888,track,none,0.0,nan,nan,0.0,0.0,4.4426988273133174,1.0748708893076782,1.5271939983465075
1781912816.8911347,38.76893734931946,-196.37790916777612,200.0,0.2,6.103446818482853,6.195335788784969,1.4123942489712653,0.003968544472579695,6.0934714970629145,1781912816.850645,None,None,None, None, 1781912816.850645,0.9050063235727912,track,none,0.0,nan,nan,0.0,0.0,4.495269795035419,1.0681324287577119,1.5461588362527685
1781912816.9903765,38.86817908287048,-195.2911105756796,200.0,0.2,6.104261505163023,6.263466557035569,1.4000149312216656,0.007788872010118134,6.0944330373445075,1781912816.9740956,None,None,None, None, 1781912816.9793363,1.085716325920118,track,none,0.0,nan,nan,0.0,0.0,4.5449848338855965,1.0607394335897444,1.575787003176849
1781912817.08992,38.96772265434265,-194.25292801850117,200.0,0.2,6.105266220247397,6.331474485575413,1.3877259480306918,0.007715480578175864,6.095031797284825,1781912817.0517006,None,None,None, None, 1781912817.0496984,0.9041713192884588,track,none,0.0,nan,nan,0.0,0.0,4.561556628470692,1.0608617867402939,1.597024173998991
1781912817.1910849,39.06888747215271,-193.19287928122543,200.0,0.2,6.106203566911917,6.399364189264922,1.3755293713166168,0.007034841872713719,6.0955371823387186,1781912817.1235409,None,None,None, None, 1781912817.1891582,1.068919387509301,track,none,0.0,nan,nan,0.0,0.0,4.621541594037405,1.0441153686417652,1.6203618051577282
1781912817.290686,39.16848850250244,-192.39552263450324,200.0,0.2,6.108077161368889,6.467131066139108,1.3634090601785418,0.017497095868335366,6.097932825869638,1781912817.2604575,None,None,None, None, 1781912817.2554557,0.9699449743619218,track,none,0.0,nan,nan,0.0,0.0,4.746613335765651,1.011116783936385,1.6481208024559484
1781912817.3911939,39.268996477127075,-200.0,197.6957513658468,0.2,6.121048519501383,6.077448556749538,1.4406183803485015,0.016848297153531477,6.099228154722747,1781912817.3373394,6.071407980913828,1.4417958391071424,6.141561878364867, 1781912817.311079, 1781912817.3230987,0.9404254847510044,track,none,0.0,nan,nan,0.0,0.0,4.746613335765651,1.011116783936385,1.6481208024559484
1781912817.4902506,39.36805319786072,-200.0,197.68473497343845,0.2,6.1237785897007155,6.120324951201673,1.4336522017223494,0.017123499042872043,6.101648721061409,1781912817.4786987,None,None,None, None, 1781912817.4598951,0.961242722202777,track,none,0.0,nan,nan,0.0,0.0,4.348426721867322,1.0731922397377693,1.6736659106372795
1781912817.5910919,39.468894481658936,-200.0,197.85421427873902,0.2,6.126898796639473,6.181215716482011,1.42394762094073,0.017573978047034835,6.102934235191204,1781912817.5518475,None,None,None, None, 1781912817.531292,0.9631211371658999,track,none,0.0,nan,nan,0.0,0.0,4.378008134343731,1.0687126872004287,1.6951849730861646
1781912817.6907222,39.5685248374939,-200.0,198.3113009617637,0.2,6.129245146211635,6.248387275235098,1.4134681321741986,0.008652320881174905,6.104070821032512,1781912817.6832094,None,None,None, None, 1781912817.661352,0.9142275860741502,track,none,0.0,nan,nan,0.0,0.0,4.38913052901785,1.0682121763568038,1.7235611678738587
1781912817.7901633,39.66796588897705,-200.0,198.89243346755595,0.2,6.131137851042865,6.316838900778356,1.402932918744419,0.007112132930630699,6.104559957538013,1781912817.7519844,None,None,None, None, 1781912817.7941108,1.0344128757590578,track,none,0.0,nan,nan,0.0,0.0,4.446416892369742,1.050561155788222,1.74428155637224
1781912817.8910697,39.76887226104736,-200.0,199.5229588326389,0.2,6.132799322528743,6.385555333958173,1.3924730535507521,0.007044252204121801,6.1054867604335765,1781912817.883553,None,None,None, None, 1781912817.8677294,1.0933853879406146,track,none,0.0,nan,nan,0.0,0.0,4.498142587580756,1.043921072549236,1.7717301331459447
1781912817.990653,39.86845564842224,-200.0,200.0,0.2,6.134166691432015,6.454390429400498,1.382101045400475,0.00567878250679576,6.105894532182846,1781912817.9553592,None,None,None, None, 1781912817.9553592,0.9766354164995191,track,none,0.0,nan,nan,0.0,0.0,4.552118242774236,1.026701364022748,1.7953045783452823
1781912818.0909662,39.96876883506775,-200.0,200.0,0.2,6.1356389535766205,6.523304349720939,1.3718023416219864,0.00784518541397914,6.106890394501954,1781912818.0822985,None,None,None, None, 1781912818.0879354,1.0993927567962103,track,none,0.0,nan,nan,0.0,0.0,4.607353026853731,1.0105169597567463,1.8184536395702977
1781912818.1906905,40.068493127822876,-199.91526620797768,200.0,0.2,6.136361064760057,6.592242223220417,1.3616040275001353,0.0011900290274582243,6.107008944749787,1781912818.1819181,None,None,None, None, 1781912818.1819181,1.0391095139684599,track,none,0.0,nan,nan,0.0,0.0,4.656519816261075,1.004830144871914,1.8442728347604556
1781912818.2932422,40.17104482650757,-199.27323702043975,200.0,0.2,6.137859987650142,6.661176610705084,1.3514379825453346,0.01012292552704596,6.107836954039336,1781912818.2637136,None,None,None, None, 1781912818.280228,1.0586556753889116,track,none,0.0,nan,nan,0.0,0.0,4.682788721476825,0.9997005102509459,1.8611107428241571
1781912818.3900511,40.26785373687744,-200.0,194.1477453110201,0.2,6.143749351236714,6.260547228343453,1.4153841753153,0.008920225504521007,6.108540158843428,1781912818.3425462,6.2543463706896905,1.416361306680623,6.152136935961381, 1781912818.315314, 1781912818.3783588,0.9178240404351097,track,none,0.0,nan,nan,0.0,0.0,4.7791758924657115,0.9750530343059106,1.8926637399696438
1781912818.4920769,40.369879484176636,-200.0,194.3990028713936,0.2,6.14515035370405,6.303007567978405,1.4094656056479558,0.004183195952299461,6.108998051955244,1781912818.4520063,None,None,None, None, 1781912818.4711492,1.0309429330395965,track,none,0.0,nan,nan,0.0,0.0,4.7791758924657115,0.9750530343059106,1.8926637399696438
1781912818.5903106,40.46811318397522,-200.0,194.9999914903353,0.2,6.14623219700639,6.363469683364206,1.401121502544008,0.0019271676827917565,6.109165501683053,1781912818.6053493,None,None,None, None, 1781912818.5755913,1.0024257286648315,track,none,0.0,nan,nan,0.0,0.0,4.339039933308477,1.0429818529472679,1.9393479632508244
1781912818.6920185,40.56982111930847,-200.0,195.88772999854197,0.2,6.146574639994051,6.430366597348323,1.3919536911292596,-0.0034459030847254104,6.108679357297592,1781912818.6799743,None,None,None, None, 1781912818.6436152,1.0736759343936944,track,none,0.0,nan,nan,0.0,0.0,4.373204494946868,1.0400497556732065,1.970428939646761
1781912818.7935796,40.671382188797,-200.0,196.8959157311947,0.2,6.146511443008448,6.4986463784320065,1.382597442970365,-0.0041350536480184935,6.108359444267058,1781912818.7573404,None,None,None, None, 1781912818.7394829,1.0318028030416264,track,none,0.0,nan,nan,0.0,0.0,4.4186043526692895,1.0262498043524668,1.997230249908811
1781912818.8965127,40.77431535720825,-200.0,197.9445016216661,0.2,6.146276436237898,6.567242110626648,1.3731765138870742,-0.0036089645497414803,6.107857176313761,1781912818.8965127,None,None,None, None, 1781912818.850299,0.9774811610691755,track,none,0.0,nan,nan,0.0,0.0,4.4186043526692895,1.0262498043524668,1.997230249908811
1781912818.9906688,40.86847138404846,-200.0,199.23113616243265,0.2,6.145103565297613,6.635993304852322,1.3637046108521678,-0.010070181951912128,6.1070994128310545,1781912818.971761,None,None,None, None, 1781912818.9375114,1.077771850707737,track,none,0.0,nan,nan,0.0,0.0,4.586572612297093,0.9944222395094217,2.0403796646138654
1781912819.0908709,40.96867346763611,-200.0,200.0,0.2,6.143828972696429,6.704893025397979,1.3541048321978906,-0.008538552320869888,6.106400159338452,1781912819.0536547,None,None,None, None, 1781912819.1042588,1.051150331911228,track,none,0.0,nan,nan,0.0,0.0,4.586572612297093,0.9944222395094217,2.0403796646138654
1781912819.1908543,41.06865692138672,-199.7392935276317,200.0,0.2,6.142391354431416,6.7738854058579605,1.3443898688629758,-0.008589678630597055,6.1056936388238565,1781912819.135907,None,None,None, None, 1781912819.19186,1.0200422232653092,track,none,0.0,nan,nan,0.0,0.0,4.627753512496868,0.9958676946226216,2.06914959574981
1781912819.2911768,41.16897940635681,-198.31481453824037,200.0,0.2,6.140798469956516,6.842848175387865,1.3345703312239223,-0.009126967496075316,6.104816627802025,1781912819.231997,None,None,None, None, 1781912819.273593,1.034130126929343,track,none,0.0,nan,nan,0.0,0.0,4.721254465909977,0.9755349762999891,2.118594231644122
1781912819.3913133,41.269115924835205,-200.0,197.149874077284,0.2,6.14226943576795,6.445060618988353,1.3910768652439667,-0.007711473575795996,6.103985724349139,1781912819.339746,6.438898515144455,1.3919541148651016,6.14808245737347, 1781912819.319192, 1781912819.349777,0.9565683464575268,track,none,0.0,nan,nan,0.0,0.0,4.721254465909977,0.9755349762999891,2.118594231644122
1781912819.4915392,41.36934185028076,-200.0,198.11895244346462,0.2,6.141039679999636,6.488112706507921,1.3849434053838365,-0.006351034255397801,6.10353414766493,1781912819.495055,None,None,None, None, 1781912819.4380405,1.0475703051634822,track,none,0.0,nan,nan,0.0,0.0,4.2975730996259065,1.038012202605091,2.147487573905485
1781912819.591415,41.46921753883362,-200.0,199.3138363494755,0.2,6.139933733381248,6.549215095717895,1.3761678466186495,-0.006054647905165206,6.1024622249760405,1781912819.5878901,None,None,None, None, 1781912819.6275475,1.00761118234077,track,none,0.0,nan,nan,0.0,0.0,4.32269637750184,1.031734302664091,2.1680931497975218
1781912819.7398279,41.61763048171997,-200.0,200.0,0.2,6.138798272895523,6.6166741723237115,1.3664042787747093,-0.006417916946137858,6.1017994891915395,1781912819.6911535,None,None,None, None, 1781912819.7343156,1.0990754559905207,track,none,0.0,nan,nan,0.0,0.0,4.361768457755088,1.0219757578072413,2.189320830297649
1781912819.8924334,41.770236015319824,-199.70033368063196,200.0,0.2,6.137572072487054,6.685418303192713,1.356372619063805,-0.006919327592409072,6.100908979854821,1781912819.9119284,None,None,None, None, 1781912819.8894334,1.0919785286236556,track,none,0.0,nan,nan,0.0,0.0,4.361768457755088,1.0219757578072413,2.189320830297649
1781912819.9580007,41.835803270339966,-198.4361849736243,200.0,0.2,6.136711223548908,6.754302772866464,1.3462306301802656,-0.003204531805865165,6.100613919181878,1781912819.9119284,None,None,None, None, 1781912819.8894334,1.0919785286236556,track,none,0.0,nan,nan,0.0,0.0,4.46386806007277,1.002362294515586,2.2243216737069305
1781912820.0565715,41.9343740940094,-197.17473253362175,200.0,0.2,6.135949614328387,6.823061049703484,1.3360518062791868,-0.002906183480738925,6.100284014353644,1781912820.0254467,None,None,None, None, 1781912820.0057242,1.0202252415420294,track,none,0.0,nan,nan,0.0,0.0,4.5893380893908,0.9839271644743587,2.2366817578669314
1781912820.1457093,42.02351188659668,-195.84731753969584,200.0,0.2,6.1350290294181935,6.891657763469767,1.3258434689373217,-0.004321095095847213,6.099833758796328,1781912820.129646,None,None,None, None, 1781912820.1271126,1.0993223406227255,track,none,0.0,nan,nan,0.0,0.0,4.5893380893908,0.9839271644743587,2.2366817578669314
1781912820.2305543,42.108356952667236,-194.4674525466561,200.0,0.2,6.134012247871707,6.960078471178853,1.3155891635759431,-0.004321095095847213,6.098969539777159,1781912820.2365842,None,None,None, None, 1781912820.2355762,1.0160520565509608,track,none,0.0,nan,nan,0.0,0.0,4.5893380893908,0.9839271644743587,2.2366817578669314
1781912820.2962985,42.17410111427307,-193.08033809698904,200.0,0.2,6.133067043502439,7.0283151482659925,1.3052834945410794,-0.002817726986546573,6.09866821734011,1781912820.2365842,None,None,None, None, 1781912820.3233938,1.0747200300909108,track,none,0.0,nan,nan,0.0,0.0,4.687222774060774,0.9621513320936365,2.27792151170339
1781912820.3977685,42.27557110786438,-200.0,200.0,0.2,6.136055411451673,6.572729843992679,1.3735788905541133,-0.000589378508483734,6.098601138168014,1781912820.3503976,6.565814101931292,1.3746175361780892,6.1432263728876215, 1781912820.320887, 1781912820.3233938,1.0747200300909108,track,none,0.0,nan,nan,0.0,0.0,4.262670862580801,1.0253532030474641,2.2985509567128837
1781912820.4948769,42.372679471969604,-200.0,200.0,0.2,6.135932038098555,6.609764802747079,1.3680744056281995,0.0036363614289704953,6.098936158550139,1781912820.4425282,None,None,None, None, 1781912820.4334886,0.9955123827914352,track,none,0.0,nan,nan,0.0,0.0,4.262670862580801,1.0253532030474641,2.2985509567128837
1781912820.5904658,42.468268394470215,-199.6635622840411,200.0,0.2,6.136242098956105,6.668064016998638,1.3594270635876085,0.0023048518743640735,6.099184099554488,1781912820.5501018,None,None,None, None, 1781912820.5465877,1.0673329159040617,track,none,0.0,nan,nan,0.0,0.0,4.262670862580801,1.0253532030474641,2.2985509567128837
1781912820.6904562,42.56825876235962,-198.74183263456266,200.0,0.2,6.136577226754358,6.734841549856498,1.349543318441507,0.003536873004432338,6.099556678830345,1781912820.6554432,None,None,None, None, 1781912820.6554432,1.036042114663817,track,none,0.0,nan,nan,0.0,0.0,4.301953899581417,1.016887799131292,2.3637560043602694
1781912820.7910397,42.66884231567383,-197.7880342709161,200.0,0.2,6.136919788584014,6.803330125186569,1.3394376663786716,0.0021963359994720735,6.099798277654471,1781912820.765444,None,None,None, None, 1781912820.7478411,1.0466041647649662,track,none,0.0,nan,nan,0.0,0.0,4.301953899581417,1.016887799131292,2.3637560043602694
1781912820.8955324,42.773334980010986,-196.8266047501768,200.0,0.2,6.137279106456983,6.8719712649580105,1.3293256203864825,0.003821244607807767,6.10011351112956,1781912820.847939,None,None,None, None, 1781912820.8995748,0.9444175964541619,track,none,0.0,nan,nan,0.0,0.0,4.391133892640562,1.0037091806947926,2.4157560125884183
1781912820.9906023,42.86840486526489,-195.8936890392553,200.0,0.2,6.137770283567016,6.94053171454315,1.3192506297804567,0.004951368831995437,6.100698341803031,1781912820.966054,None,None,None, None, 1781912820.9906023,0.9120519373975212,track,none,0.0,nan,nan,0.0,0.0,4.43653518484047,0.9895361520233905,2.4427988517556596
1781912821.0904937,42.96829628944397,-195.03513261269418,200.0,0.2,6.138550095461413,7.00898396483842,1.3092258848658174,0.007560507422039385,6.101440818506469,1781912821.0642586,None,None,None, None, 1781912821.08383,1.0805439270801807,track,none,0.0,nan,nan,0.0,0.0,4.43653518484047,0.9895361520233905,2.4427988517556596
1781912821.190328,43.06813049316406,-194.30252106778988,200.0,0.2,6.139784638919479,7.07733652025194,1.299279976597603,0.009829689735343193,6.102290544607744,1781912821.1507034,None,None,None, None, 1781912821.1697583,0.98802453599148,track,none,0.0,nan,nan,0.0,0.0,4.515289801249757,0.9899893467799191,2.4875984070311823
1781912821.2900736,43.16787624359131,-193.64259207841172,200.0,0.2,6.141261679372288,7.145607697743557,1.2894391167639583,0.011170443504326858,6.103584637509151,1781912821.2665532,None,None,None, None, 1781912821.2900736,0.9222890180765669,track,none,0.0,nan,nan,0.0,0.0,4.515289801249757,0.9899893467799191,2.4875984070311823
1781912821.3915362,43.269338846206665,-200.0,200.0,0.2,6.145083680035175,6.757879936069338,1.347720892696276,0.016288133489977104,6.105286064882519,1781912821.3710113,6.751858425923467,1.3486190297478071,6.14833759199942, 1781912821.324173, 1781912821.3991342,0.9655098072502962,track,none,0.0,nan,nan,0.0,0.0,4.6148889816452705,0.9739196901925459,2.5356212309164157
1781912821.4913738,43.369176387786865,-200.0,200.0,0.2,6.149016620597019,6.801741280893107,1.341662408642069,0.03303471264699597,6.107917308779268,1781912821.4506621,None,None,None, None, 1781912821.4854481,0.9061604280248221,track,none,0.0,nan,nan,0.0,0.0,4.6148889816452705,0.9739196901925459,2.5356212309164157
1781912821.5960042,43.473806858062744,-200.0,200.0,0.2,6.152025567074499,6.863493533843979,1.3334393527965958,0.012287136332665347,6.108913742645815,1781912821.6419735,None,None,None, None, 1781912821.57192,1.0039855373110977,track,none,0.0,nan,nan,0.0,0.0,4.203047494791444,1.0300922935556311,2.5955351438748084
1781912821.6911652,43.56896781921387,-200.0,200.0,0.2,6.154255880377388,6.931287031971257,1.3245961858671471,0.008211472548796199,6.109818775544459,1781912821.6419735,None,None,None, None, 1781912821.6705775,0.9840395314092468,track,none,0.0,nan,nan,0.0,0.0,4.247355386121039,1.011631224717175,2.6207485379509117
1781912821.7903512,43.66815376281738,-200.0,200.0,0.2,6.156750581095813,7.000222995302625,1.31573618862501,0.013648298849632425,6.110904101109036,1781912821.795872,None,None,None, None, 1781912821.7600014,0.9108574199826293,track,none,0.0,nan,nan,0.0,0.0,4.247355386121039,1.011631224717175,2.6207485379509117
1781912821.8923995,43.77020215988159,-200.0,200.0,0.2,6.158717515721482,7.069341178027292,1.3070305721486584,0.00857208813676743,6.111541671909656,1781912821.8980598,None,None,None, None, 1781912821.8780096,0.9939700256661518,track,none,0.0,nan,nan,0.0,0.0,4.387893702021735,0.9930988365372498,2.6703666636637595
1781912822.0075033,43.885305881500244,-199.77785981625442,200.0,0.2,6.160516462722994,7.138496254019254,1.298445391153713,0.00855476492162277,6.112415865131883,1781912822.0359356,None,None,None, None, 1781912821.9737163,1.0553929341940484,track,none,0.0,nan,nan,0.0,0.0,4.387893702021735,0.9930988365372498,2.6703666636637595
1781912822.0946488,43.97245144844055,-199.3576728891462,200.0,0.2,6.16222303483278,7.207644101966085,1.2899797462325324,0.008582127803442773,6.113599132828702,1781912822.0359356,None,None,None, None, 1781912822.055285,0.9304932531902584,track,none,0.0,nan,nan,0.0,0.0,4.489281601514755,0.9616934127498811,2.722768483541437
1781912822.2119226,44.08972525596619,-198.8732327960524,200.0,0.2,6.16364783985304,7.276756457466544,1.2816329439238174,0.006660316754257457,6.114267925302274,1781912822.1363502,None,None,None, None, 1781912822.169835,0.9484549092636091,track,none,0.0,nan,nan,0.0,0.0,4.543260897725333,0.9642117729423231,2.741037657640788
1781912822.2908149,44.168617486953735,-198.41612256032943,200.0,0.2,6.165151200038426,7.345819598805332,1.2733823093418977,0.008401358186509998,6.1152007089263805,1781912822.2473779,None,None,None, None, 1781912822.246377,1.0085568991434877,track,none,0.0,nan,nan,0.0,0.0,4.585537686789646,0.9488673470630843,2.7682220071379344
1781912822.4011192,44.27892184257507,-200.0,198.13072337164402,0.2,6.165264423283951,6.947964203121313,1.3228337406061652,0.014706246919791756,6.1164459509483144,1781912822.4341416,6.941798169141515,1.3235943749807535,6.161248881639966, 1781912822.329049, 1781912822.3320522,0.9118980435583267,track,none,0.0,nan,nan,0.0,0.0,4.585537686789646,0.9488673470630843,2.7682220071379344
1781912822.4964638,44.374266386032104,-200.0,198.1023836008439,0.2,6.167371222923619,6.991340856655272,1.3177383689901987,0.011303430302742171,6.117599911423056,1781912822.4341416,None,None,None, None, 1781912822.4490917,1.0580618773580783,track,none,0.0,nan,nan,0.0,0.0,4.585537686789646,0.9488673470630843,2.7682220071379344
1781912822.594311,44.472113609313965,-200.0,198.3133480077626,0.2,6.16935338665799,7.052748037357718,1.3106606611856755,0.00921673640659567,6.118497078320499,1781912822.5314827,None,None,None, None, 1781912822.5377753,1.0723792394402383,track,none,0.0,nan,nan,0.0,0.0,4.171245512362652,1.015221732140894,2.8163064016979105
1781912822.6935565,44.571359157562256,-200.0,198.7208245666175,0.2,6.170818058946489,7.120385787960297,1.3029969468011018,0.0049003323645639375,6.1189572917959,1781912822.6253974,None,None,None, None, 1781912822.6410801,0.9518603956070704,track,none,0.0,nan,nan,0.0,0.0,4.171245512362652,1.015221732140894,2.8163064016979105
1781912822.7933338,44.67113637924194,-200.0,199.18945273474526,0.2,6.172063087785805,7.189270892128488,1.295278717893602,0.004860836493734378,6.119518244285413,1781912822.7408,None,None,None, None, 1781912822.730886,0.9569972406153506,track,none,0.0,nan,nan,0.0,0.0,4.253251531565623,0.9852765595324725,2.87424461952026
1781912822.8901877,44.76799035072327,-200.0,199.68014201497192,0.2,6.173193289383657,7.258395922190898,1.2876110821337647,0.0049769039571629274,6.119957097321349,1781912822.8289778,None,None,None, None, 1781912822.9012234,0.9123064268802192,track,none,0.0,nan,nan,0.0,0.0,4.253251531565623,0.9852765595324725,2.87424461952026
1781912822.991445,44.86924767494202,-200.0,200.0,0.2,6.174235292223604,7.32761458520709,1.2800060235642619,0.004898584330997911,6.120735740590682,1781912822.9879305,None,None,None, None, 1781912822.9764042,0.98040027020617,track,none,0.0,nan,nan,0.0,0.0,4.341600253446882,0.9755256922998106,2.9241685744028256
1781912823.0936928,44.971495389938354,-200.0,200.0,0.2,6.175221545608849,7.396887534598999,1.272463593826231,0.004898584330997911,6.121715457456881,1781912822.9879305,None,None,None, None, 1781912823.0936928,1.0834354675691804,track,none,0.0,nan,nan,0.0,0.0,4.341600253446882,0.9755256922998106,2.9241685744028256
1781912823.1951714,45.07297396659851,-200.0,200.0,0.2,6.176025001884166,7.466173890522203,1.2649864681686864,0.0035435471716413164,6.122115054263596,1781912823.100698,None,None,None, None, 1781912823.1951714,1.0742259503704377,track,none,0.0,nan,nan,0.0,0.0,4.419172264142438,0.9667040492687836,2.9740908904510137
1781912823.2904594,45.168262004852295,-199.801090538973,200.0,0.2,6.176690431252505,7.535466543356613,1.2575598682150968,0.002885150313870155,6.12243964110294,1781912823.2959855,None,None,None, None, 1781912823.2734241,1.046466438094979,track,none,0.0,nan,nan,0.0,0.0,4.419172264142438,0.9667040492687836,2.9740908904510137
1781912823.394759,45.27256155014038,-200.0,198.126932609662,0.2,6.174170878064809,7.136595404959565,1.3002012161716006,0.0034219742331352393,6.122722928867274,1781912823.2959855,7.130412545880686,1.3008618966192607,6.168050365203787, 1781912823.330003, 1781912823.3662012,1.013787423545208,track,none,0.0,nan,nan,0.0,0.0,4.513133953373711,0.9425338253304946,3.0279680207333097
1781912823.4904475,45.368250131607056,-200.0,198.41295139210263,0.2,6.174955234555018,7.180113451591093,1.2954544141695976,0.0042173503920027704,6.123166965376457,1781912823.496966,None,None,None, None, 1781912823.4764352,0.9283374643679791,track,none,0.0,nan,nan,0.0,0.0,4.513133953373711,0.9425338253304946,3.0279680207333097
1781912823.5932345,45.47103714942932,-200.0,198.93863606012627,0.2,6.175574432033079,7.24164836385304,1.2887951969259461,0.0019039283637159521,6.123513846966735,1781912823.583466,None,None,None, None, 1781912823.5699255,1.0370574537143504,track,none,0.0,nan,nan,0.0,0.0,4.109430822703001,0.9810936036069761,3.0757438067455496
1781912823.6911833,45.56898593902588,-200.0,199.5660641990396,0.2,6.176039802982323,7.30941508064171,1.281498480672738,0.0012943069071673886,6.123632566794299,1781912823.6751907,None,None,None, None, 1781912823.646469,0.9399598440704032,track,none,0.0,nan,nan,0.0,0.0,4.109430822703001,0.9810936036069761,3.0757438067455496
1781912823.7907646,45.668567180633545,-200.0,200.0,0.2,6.17634262155641,7.378442351975753,1.2740920086731364,0.0006443923904229273,6.123689478465641,1781912823.763509,None,None,None, None, 1781912823.7478495,1.012979807803835,track,none,0.0,nan,nan,0.0,0.0,4.1872874001711855,0.9587912160405019,3.1275731515087357
1781912823.8920474,45.76985001564026,-200.0,200.0,0.2,6.176520725113239,7.447700290485244,1.266675430658296,0.00030186517627076655,6.123715883996534,1781912823.8509836,None,None,None, None, 1781912823.8479402,0.9784024113334868,track,none,0.0,nan,nan,0.0,0.0,4.210606496757864,0.9660084407609038,3.154529827249293
1781912823.9918416,45.86964416503906,-199.90892342926142,200.0,0.2,6.176439005672709,7.516989206820669,1.2592566004913404,0.0002627960400234274,6.1237486218495105,1781912823.9755588,None,None,None, None, 1781912823.9616277,0.9949511976807286,track,none,0.0,nan,nan,0.0,0.0,4.210606496757864,0.9660084407609038,3.154529827249293
1781912824.0907965,45.96859908103943,-199.15946968875485,200.0,0.2,6.176475917293301,7.58627155062607,1.2518327473799697,0.0009242455750986066,6.123837448324609,1781912824.0716658,None,None,None, None, 1781912824.0564497,1.0396898267217332,track,none,0.0,nan,nan,0.0,0.0,4.311103595544823,0.966422283719418,3.2001713701911108
1781912824.1911988,46.06900143623352,-198.42912864646615,200.0,0.2,6.176608596619714,7.655470535964356,1.244420409993179,0.0015228279486990816,6.123957171540127,1781912824.1502848,None,None,None, None, 1781912824.141765,1.0096683770181576,track,none,0.0,nan,nan,0.0,0.0,4.311103595544823,0.966422283719418,3.2001713701911108
1781912824.2906687,46.168471336364746,-197.69683028750626,200.0,0.2,6.176751962954332,7.724578805742395,1.2370270640329022,0.0014299095617654996,6.124083439017126,1781912824.2385893,None,None,None, None, 1781912824.2285671,1.0970408795341218,track,none,0.0,nan,nan,0.0,0.0,4.476268368846705,0.9390728308186647,3.252014923594034
1781912824.3905115,46.26831412315369,-200.0,200.0,0.2,6.174557207532648,7.320750251662499,1.2789965993697083,0.002095984504462877,6.124247970870359,1781912824.402047,7.314505336530031,1.2796482783759873,6.169819863408035, 1781912824.337271, 1781912824.4010487,1.0236935932074276,track,none,0.0,nan,nan,0.0,0.0,4.476268368846705,0.9390728308186647,3.252014923594034
1781912824.4917774,46.369580030441284,-200.0,200.0,0.2,6.174861797809835,7.3638342192991955,1.2742979739246036,0.00391439132135344,6.124870942066638,1781912824.4762368,None,None,None, None, 1781912824.483739,0.942313170402417,track,none,0.0,nan,nan,0.0,0.0,4.05310781896892,0.9866091649183919,3.2706762234249935
1781912824.5904613,46.46826386451721,-200.0,200.0,0.2,6.175471860016707,7.425343234180442,1.2676206991121148,0.004186086472979517,6.125227013078888,1781912824.5612974,None,None,None, None, 1781912824.5678365,1.006244786214028,track,none,0.0,nan,nan,0.0,0.0,4.06925354369706,0.9786461448461563,3.297671598137876
1781912824.6912205,46.56902313232422,-199.9457073246215,200.0,0.2,6.176170382789061,7.493220434492825,1.2602995738265435,0.004186086472979517,6.126064230373484,1781912824.694275,None,None,None, None, 1781912824.6676772,1.0575049274011419,track,none,0.0,nan,nan,0.0,0.0,4.1018354118537035,0.9876074876856018,3.326771715077047
1781912824.7905655,46.668368101119995,-199.37387615676678,200.0,0.2,6.176879360657165,7.562307942812106,1.2528995927559805,0.0039002175119160136,6.126917306246247,1781912824.7800226,None,None,None, None, 1781912824.7635221,0.9039468275594897,track,none,0.0,nan,nan,0.0,0.0,4.1018354118537035,0.9876074876856018,3.326771715077047
1781912824.8901138,46.767916440963745,-198.88975302838503,200.0,0.2,6.177926069098728,7.631509559121202,1.2455361039102115,0.007025630745740063,6.127488942428962,1781912824.861387,None,None,None, None, 1781912824.861387,1.0304281726417266,track,none,0.0,nan,nan,0.0,0.0,4.185101722317172,0.9638751106273352,3.380804687487703
1781912824.9906888,46.868491411209106,-198.32984093645612,200.0,0.2,6.178663688300591,7.700680776800537,1.2382560597455097,0.0034558308143023066,6.127844745261533,1781912824.9643443,None,None,None, None, 1781912824.9643443,1.0158531417287342,track,none,0.0,nan,nan,0.0,0.0,4.211193693151776,0.9708634016522951,3.403686923274321
1781912825.0906,46.96840262413025,-197.84655943325734,200.0,0.2,6.179686425813291,7.769789603767501,1.2310261534761224,0.006864555153936621,6.128380315239165,1781912825.042364,None,None,None, None, 1781912825.0660443,0.92538681980188,track,none,0.0,nan,nan,0.0,0.0,4.211193693151776,0.9708634016522951,3.403686923274321
1781912825.1931262,47.07092881202698,-197.36275913746243,200.0,0.2,6.180686745714176,7.838843965039658,1.2238773665562093,0.006212038274824636,6.1288723029287375,1781912825.121563,None,None,None, None, 1781912825.144114,1.0020488120403792,track,none,0.0,nan,nan,0.0,0.0,4.316377645928678,0.9677437367215495,3.4558620472142407
1781912825.2909513,47.16875386238098,-196.91372976414064,200.0,0.2,6.181799065999441,7.907843710585373,1.2168029275954524,0.00731147231248921,6.129576355047486,1781912825.2919571,None,None,None, None, 1781912825.233561,1.0077590247905985,track,none,0.0,nan,nan,0.0,0.0,4.362779126481604,0.9554844405318448,3.4787018862603136
1781912825.3981025,47.2759051322937,-200.0,200.0,0.2,6.180111350866546,7.504808683282052,1.2582639582062507,0.005002834656751783,6.130287727089337,1781912825.360051,7.498575125741407,1.258903863778577,6.1751983526465075, 1781912825.33871, 1781912825.4081314,0.9406063133369503,track,none,0.0,nan,nan,0.0,0.0,4.404965592850351,0.942553665912135,3.505700907005137
1781912825.492288,47.37009072303772,-200.0,200.0,0.2,6.181347083689164,7.547922608991562,1.2538205126391517,0.009082327941486808,6.131125432078638,1781912825.4522855,None,None,None, None, 1781912825.4781525,1.09545429921554,track,none,0.0,nan,nan,0.0,0.0,3.9722042909512147,0.987828209223253,3.534824700925501
1781912825.592161,47.46996355056763,-200.0,200.0,0.2,6.183742823756014,7.60947733417924,1.2475653753126252,0.018172605677638398,6.132670719495996,1781912825.5373194,None,None,None, None, 1781912825.561763,0.921367510888253,track,none,0.0,nan,nan,0.0,0.0,3.9863212262508894,0.9768796117872808,3.5640069106723455
1781912825.6911066,47.56890916824341,-200.0,200.0,0.2,6.185604041082349,7.6774180992898415,1.2408580329875178,0.008361802286792399,6.133322376457173,1781912825.615252,None,None,None, None, 1781912825.652305,0.9756753172300119,track,none,0.0,nan,nan,0.0,0.0,4.078429114992868,0.9896024076195649,3.5869683532407732
1781912825.7908328,47.66863536834717,-200.0,200.0,0.2,6.187557317834595,7.746582093569197,1.2341496941178676,0.010466196967967559,6.134317167031067,1781912825.7943487,None,None,None, None, 1781912825.804702,1.0396374421789014,track,none,0.0,nan,nan,0.0,0.0,4.136441216007499,0.9745324056978132,3.612379545809556
1781912825.8905923,47.768394947052,-199.98274760408802,200.0,0.2,6.189243029917484,7.815932224379347,1.2275605283749869,0.00797839661898902,6.13563209943244,1781912825.8751116,None,None,None, None, 1781912825.8761122,0.9743188845190104,track,none,0.0,nan,nan,0.0,0.0,4.136441216007499,0.9745324056978132,3.612379545809556
1781912825.9946005,47.872403144836426,-199.70587971942473,200.0,0.2,6.190732970807235,7.885314073442863,1.22107951769906,0.007005909332874659,6.136191549397125,1781912825.9549656,None,None,None, None, 1781912825.9444387,1.009947286188432,track,none,0.0,nan,nan,0.0,0.0,4.179038390263042,0.9599766470986869,3.6394613444043196
1781912826.0946038,47.9724063873291,-199.51630864565468,200.0,0.2,6.192525706468693,7.954677041370448,1.2146973243902366,0.010486010715556104,6.1371595200408455,1781912826.0472763,None,None,None, None, 1781912826.098115,0.943258296301581,track,none,0.0,nan,nan,0.0,0.0,4.223712165885333,0.946302626336318,3.664476068929925
1781912826.192322,48.07012462615967,-199.27262780336827,200.0,0.2,6.194060277040225,8.024027106604425,1.2084471691989407,0.007592913455255912,6.1377606997906575,1781912826.2005193,None,None,None, None, 1781912826.1772678,1.0885905909778242,track,none,0.0,nan,nan,0.0,0.0,4.266365717885571,0.9313845351927769,3.691565978428024
1781912826.291134,48.16893672943115,-199.18917979152818,200.0,0.2,6.196174182468146,8.093355916075742,1.2023002129136344,0.01335390324545947,6.139762054553665,1781912826.276323,None,None,None, None, 1781912826.2444253,1.0499528854291436,track,none,0.0,nan,nan,0.0,0.0,4.310952217919769,0.9399523895404087,3.7165742699584374
1781912826.3910306,48.26883316040039,-200.0,199.42708070597237,0.2,6.193534946134456,7.692268856662243,1.2385401090935144,0.00826649633279377,6.140536575426581,1781912826.370017,7.686056015341985,1.2390977968652732,6.185194732111101, 1781912826.344538, 1781912826.407483,1.0369207250542696,track,none,0.0,nan,nan,0.0,0.0,4.325892681400297,0.9455680966409955,3.7457453276687294
1781912826.4909294,48.36873197555542,-200.0,199.33205061730487,0.2,6.195436351219055,7.735811116828582,1.2346613004701865,0.011258467158030918,6.141527654046416,1781912826.4580467,None,None,None, None, 1781912826.4781713,1.072445308461868,track,none,0.0,nan,nan,0.0,0.0,4.325892681400297,0.9455680966409955,3.7457453276687294
1781912826.5904722,48.46827483177185,-200.0,199.45419494551493,0.2,6.197092876693655,7.797545734126518,1.2292868910534693,0.007468352970761506,6.142223875243862,1781912826.5512695,None,None,None, None, 1781912826.4781713,1.072445308461868,track,none,0.0,nan,nan,0.0,0.0,3.9436182244147915,0.9782464400324656,3.7941973525727266
1781912826.696363,48.57416558265686,-200.0,199.69074672828503,0.2,6.198479851414934,7.86553029265324,1.2234749350087455,0.005906257826948585,6.142660295502918,1781912826.707894,None,None,None, None, 1781912826.6837337,0.9540872388882712,track,none,0.0,nan,nan,0.0,0.0,3.9436182244147915,0.9782464400324656,3.7941973525727266
1781912826.7907126,48.6685152053833,-200.0,199.94391950498115,0.2,6.1998065304670735,7.934733745619533,1.217646623528296,0.006464491313658631,6.143630048420466,1781912826.775173,None,None,None, None, 1781912826.7716599,1.0884820004599116,track,none,0.0,nan,nan,0.0,0.0,4.023941611187895,0.9752386976274642,3.8441226876238286
1781912826.891115,48.76891756057739,-200.0,200.0,0.2,6.200855502253534,8.004146335031802,1.211889571618869,0.004415151799505996,6.143980024368509,1781912826.85444,None,None,None, None, 1781912826.8619843,1.058845947088962,track,none,0.0,nan,nan,0.0,0.0,4.066389353444055,0.9626289946708433,3.87115351004111
1781912826.991269,48.86907172203064,-200.0,200.0,0.2,6.201786492113882,8.073597669597195,1.206194632248284,0.004277263052049299,6.144317136784816,1781912826.933255,None,None,None, None, 1781912826.943316,0.9464959619586156,track,none,0.0,nan,nan,0.0,0.0,4.066389353444055,0.9626289946708433,3.87115351004111
1781912827.0961902,48.97399282455444,-200.0,200.0,0.2,6.202567137054345,8.143058367444524,1.2005593567197366,0.003464724439206659,6.144621282682681,1781912827.0961902,None,None,None, None, 1781912827.1243105,1.0449587983913025,track,none,0.0,nan,nan,0.0,0.0,4.157853595371254,0.9404427572139913,3.9189781572268076
1781912827.1935058,49.07130837440491,-200.0,200.0,0.2,6.203497540452814,8.212523679092701,1.194973500478568,0.005315683870300077,6.145075011981695,1781912827.181547,None,None,None, None, 1781912827.1243105,1.0449587983913025,track,none,0.0,nan,nan,0.0,0.0,4.157853595371254,0.9404427572139913,3.9189781572268076
1781912827.3117678,49.18957042694092,-200.0,200.0,0.2,6.2047160004503565,8.281994450939456,1.1894549448711302,0.007559709267505994,6.145593686883428,1781912827.2501574,None,None,None, None, 1781912827.3233101,0.9041199607164871,track,none,0.0,nan,nan,0.0,0.0,4.215620842851239,0.9419302520371371,3.9751898624682007
1781912827.4050539,49.282856464385986,-200.0,199.371560555393,0.2,6.201010675198267,7.883152737019466,1.2202024780229677,0.005393644188054981,6.146082172374584,1781912827.3407242,7.87696758713773,1.22068022794865,6.191826872997609, 1781912827.352248, 1781912827.3233101,0.9041199607164871,track,none,0.0,nan,nan,0.0,0.0,4.215620842851239,0.9419302520371371,3.9751898624682007
1781912827.4943886,49.372191190719604,-200.0,199.52548372569183,0.2,6.201839963876379,7.927041089971571,1.2166099796500518,0.0031157213694590316,6.146381044521538,1781912827.4366481,None,None,None, None, 1781912827.4943886,0.9457823422429266,track,none,0.0,nan,nan,0.0,0.0,3.902744407152676,0.9918430770457901,4.02588181503936
1781912827.5900586,49.46786117553711,-200.0,199.73748451704589,0.2,6.2030104340723495,7.988972758457577,1.2115867220344114,0.007544268552981492,6.147474024399667,1781912827.5815237,None,None,None, None, 1781912827.567634,1.0326300058555082,track,none,0.0,nan,nan,0.0,0.0,3.902744407152676,0.9918430770457901,4.02588181503936
1781912827.6915658,49.56936836242676,-200.0,200.0,0.2,6.203818672311326,8.057058334779963,1.2061529888675082,0.002878903518085845,6.147708430056161,1781912827.6629455,None,None,None, None, 1781912827.64437,0.997474785274745,track,none,0.0,nan,nan,0.0,0.0,3.9337343611184052,0.9804328465780249,4.057043019099805
1781912827.7918878,49.66969037055969,-200.0,200.0,0.2,6.20455784487579,8.126335163109754,1.200671201335112,0.0034244736788838705,6.147978886716664,1781912827.741923,None,None,None, None, 1781912827.7379172,0.9944718409177914,track,none,0.0,nan,nan,0.0,0.0,3.9791333876524644,0.9704740955011426,4.07989345713964
1781912827.8911982,49.7690007686615,-200.0,200.0,0.2,6.204989242963071,8.195785199165957,1.1952239218006326,0.001061002869819665,6.148125308919283,1781912827.8799267,None,None,None, None, 1781912827.8460426,0.9867422977091279,track,none,0.0,nan,nan,0.0,0.0,4.023634905009289,0.9605988752197457,4.104820038271508
1781912827.9910238,49.868826389312744,-200.0,200.0,0.2,6.205441322526257,8.265259686639086,1.1897963525125022,0.0022199488976446763,6.148296097629434,1781912827.9568603,None,None,None, None, 1781912827.9332905,0.9044549226365529,track,none,0.0,nan,nan,0.0,0.0,4.023634905009289,0.9605988752197457,4.104820038271508
1781912828.0910618,49.96886444091797,-199.8528868956644,200.0,0.2,6.205843633080679,8.334739563000367,1.1843987007587486,0.0019189062478323306,6.148453113997578,1781912828.1416936,None,None,None, None, 1781912828.1291602,1.0555293420988507,track,none,0.0,nan,nan,0.0,0.0,4.108683753694873,0.9430616965882452,4.15886458883078
1781912828.190113,50.06791567802429,-199.43891615163233,200.0,0.2,6.206370410533758,8.404205542198529,1.1790282996970802,0.0032323333692009385,6.148786067984262,1781912828.1416936,None,None,None, None, 1781912828.1291602,1.0555293420988507,track,none,0.0,nan,nan,0.0,0.0,4.108683753694873,0.9430616965882452,4.15886458883078
1781912828.29061,50.16841268539429,-199.05239179090702,200.0,0.2,6.206994971108702,8.473626437829573,1.1736996745799217,0.00392794849070447,6.1491132122232965,1781912828.3086307,None,None,None, None, 1781912828.2916281,0.941768709463482,track,none,0.0,nan,nan,0.0,0.0,4.195844737278379,0.9254620126781896,4.210833001234238
1781912828.3912468,50.269049406051636,-200.0,200.0,0.2,6.203407164376597,8.072698580214453,1.2030082212955997,0.004344534714019197,6.149476636146827,1781912828.3922524,8.066487237523363,1.2034650341285267,6.195173819462364, 1781912828.359237, 1781912828.3812325,1.0830919977024556,track,none,0.0,nan,nan,0.0,0.0,4.240452086526095,0.916063488114247,4.235777707086918
1781912828.4908485,50.368651151657104,-200.0,200.0,0.2,6.20420136188011,8.116398655031661,1.1995266821582504,0.005397765352846449,6.14992475332675,1781912828.4752715,None,None,None, None, 1781912828.4752715,1.0405412646288235,track,none,0.0,nan,nan,0.0,0.0,3.8135969906528713,0.9846678244654055,4.260710492941149
1781912828.5911255,50.46892809867859,-200.0,200.0,0.2,6.205145527003577,8.178305537967194,1.1946496494256849,0.005760126264400788,6.1503917374401915,1781912828.5563433,None,None,None, None, 1781912828.560493,1.0239794970460294,track,none,0.0,nan,nan,0.0,0.0,3.83248648935586,0.9765774975542558,4.285659968924453
1781912828.6907272,50.56852984428406,-200.0,200.0,0.2,6.2060969340638055,8.246422883087469,1.1893523316903014,0.005172607529428405,6.1507929714743685,1781912828.6339123,None,None,None, None, 1781912828.6431444,1.0260189352232438,track,none,0.0,nan,nan,0.0,0.0,3.832868223709269,0.9913574724687597,4.316864577249017
1781912828.791105,50.6689076423645,-200.0,200.0,0.2,6.207052292873891,8.315715321944975,1.1840306058975614,0.005105571816174582,6.151569817879144,1781912828.786069,None,None,None, None, 1781912828.8076313,1.0509167100752372,track,none,0.0,nan,nan,0.0,0.0,3.892356608547189,0.9811167213243828,4.339758416127224
1781912828.890375,50.76817750930786,-199.79025835320346,200.0,0.2,6.207838247551031,8.385179580403715,1.1787625955523282,0.003553432470884527,6.151876662576016,1781912828.8724205,None,None,None, None, 1781912828.8834436,0.9726108178254449,track,none,0.0,nan,nan,0.0,0.0,3.9490590498983735,0.9705681128502971,4.367803784521518
1781912828.9909544,50.868757009506226,-199.40635574520095,200.0,0.2,6.2084226046120365,8.454646709723976,1.1735443731134438,0.002313995039755553,6.152073924906654,1781912828.957668,None,None,None, None, 1781912828.957668,0.9816698783010489,track,none,0.0,nan,nan,0.0,0.0,3.9937008262671916,0.9606960222855536,4.392756616829402
1781912829.090955,50.96875762939453,-199.06825673882017,200.0,0.2,6.209176323193151,8.524073682837953,1.168362757165653,0.004618360404395466,6.15239005706205,1781912829.0984855,None,None,None, None, 1781912829.0321355,0.9676466608632038,track,none,0.0,nan,nan,0.0,0.0,4.038316105461578,0.9517251682130249,4.417683223786297
1781912829.1904883,51.0682909488678,-198.73143998925102,200.0,0.2,6.20991808548403,8.593461529279717,1.1632383644380866,0.004318551218302002,6.1530525277265316,1781912829.1795204,None,None,None, None, 1781912829.1795204,0.9509038667369336,track,none,0.0,nan,nan,0.0,0.0,4.078755581107425,0.941808127929271,4.446775948507109
1781912829.2905285,51.168331146240234,-198.4187903705083,200.0,0.2,6.210736576449929,8.662810050269943,1.1581677075012777,0.005090090453403099,6.153414587263954,1781912829.2506506,None,None,None, None, 1781912829.251652,0.9644646954683397,track,none,0.0,nan,nan,0.0,0.0,4.125406462673425,0.9322639751593738,4.469623074447808
1781912829.396331,51.27413368225098,-200.0,200.0,0.2,6.207709038324052,8.263781593839592,1.1863720140382674,0.007266964272625061,6.153968472074017,1781912829.4048502,8.257596165755373,1.1868106810981205,6.199816195087902, 1781912829.36518, 1781912829.3993335,0.9209421497118049,track,none,0.0,nan,nan,0.0,0.0,4.165640561741718,0.9489126058942202,4.498706740755434
1781912829.4912717,51.36907434463501,-200.0,200.0,0.2,6.208936419743952,8.30762223092588,1.1830756670623757,0.00834279712809044,6.1546190437403245,1781912829.5078056,None,None,None, None, 1781912829.4947777,1.0644393437821733,track,none,0.0,nan,nan,0.0,0.0,3.7430817267054213,0.989794677821696,4.521549099471589
1781912829.5905805,51.46838307380676,-200.0,200.0,0.2,6.209986887840075,8.369609361163883,1.178499986803864,0.004853183075795256,6.155118704860474,1781912829.6089478,None,None,None, None, 1781912829.5964055,0.9466520699176537,track,none,0.0,nan,nan,0.0,0.0,3.7430817267054213,0.989794677821696,4.521549099471589
1781912829.691563,51.56936550140381,-200.0,200.0,0.2,6.211004896871345,8.437764819420511,1.1735363232387925,0.005184933362198375,6.156007832994875,1781912829.6792886,None,None,None, None, 1781912829.6782885,1.083634554495646,track,none,0.0,nan,nan,0.0,0.0,3.797200153403687,0.9693704628320168,4.573574785775991
1781912829.792004,51.669806718826294,-200.0,200.0,0.2,6.212777074862878,8.507084659002242,1.1685572183395294,0.012252360985672277,6.1568826302282025,1781912829.750687,None,None,None, None, 1781912829.7466443,0.9357517781295983,track,none,0.0,nan,nan,0.0,0.0,3.9039642027886226,0.9452295566598186,4.604811847100265
1781912829.8919122,51.76971483230591,-199.83238738993097,200.0,0.2,6.2139846455351275,8.576579604370911,1.1637084632419175,0.004874159569085112,6.15737515775506,1781912829.8517356,None,None,None, None, 1781912829.8718197,0.9449245707643494,track,none,0.0,nan,nan,0.0,0.0,3.9039642027886226,0.9452295566598186,4.604811847100265
1781912829.9909837,51.868786334991455,-199.64031734475003,200.0,0.2,6.215137487622464,8.646083159104968,1.158932296884288,0.005656448535241652,6.157850518531364,1781912829.9357743,None,None,None, None, 1781912829.947215,0.9126217015333079,track,none,0.0,nan,nan,0.0,0.0,3.929683111527887,0.9610084508933069,4.627714766217787
1781912830.0912724,51.969074964523315,-199.4224846867618,200.0,0.2,6.21616201748613,8.715571062700423,1.1542334168235584,0.0049930576840461075,6.158287749639205,1781912830.0233421,None,None,None, None, 1781912830.0519094,0.9748673960049673,track,none,0.0,nan,nan,0.0,0.0,3.9973281376437404,0.9501778408813513,4.6505594034340145
1781912830.1901968,52.06799936294556,-199.2252878840964,200.0,0.2,6.217241752639433,8.78503651553893,1.1496027769524204,0.006005582928815306,6.159014192092535,1781912830.1443033,None,None,None, None, 1781912830.1761177,1.0245942572684732,track,none,0.0,nan,nan,0.0,0.0,3.9973281376437404,0.9501778408813513,4.6505594034340145
1781912830.2904878,52.16829037666321,-199.06424771366505,200.0,0.2,6.218432656088348,8.85448146481827,1.1450485756159168,0.007009856010905216,6.159591851609287,1781912830.29807,None,None,None, None, 1781912830.2574184,0.9574021859054788,track,none,0.0,nan,nan,0.0,0.0,4.082469623176389,0.9566569879436598,4.703791515889484
1781912830.3915026,52.26930522918701,-200.0,200.0,0.2,6.2152057755799515,8.44871945659149,1.1712811689874536,0.0066636199402886785,6.160588131982764,1781912830.3762205,8.442443554430074,1.1716866335242877,6.206729795781632, 1781912830.371709, 1781912830.3379982,0.958647592854282,track,none,0.0,nan,nan,0.0,0.0,4.125039615487001,0.9454172484229949,4.730811453272638
1781912830.5008993,52.37870192527771,-200.0,200.0,0.2,6.216397499390903,8.492021243422727,1.1683551039263378,0.006999434253436795,6.161077502828547,1781912830.4461362,None,None,None, None, 1781912830.5084188,0.910874093614683,track,none,0.0,nan,nan,0.0,0.0,3.693618217148015,0.9859905494971576,4.7557652587278305
1781912830.5934334,52.47123599052429,-200.0,200.0,0.2,6.217513770016016,8.553784008522978,1.1642583493796224,0.005618605526750857,6.161497726378517,1781912830.5209277,None,None,None, None, 1781912830.5889244,0.9609511292170287,track,none,0.0,nan,nan,0.0,0.0,3.693618217148015,0.9859905494971576,4.7557652587278305
1781912830.691631,52.56943368911743,-200.0,200.0,0.2,6.218764035726853,8.621916461866833,1.159813332074478,0.007149300172012475,6.162700049579609,1781912830.6891012,None,None,None, None, 1781912830.6620536,0.9749192494149024,track,none,0.0,nan,nan,0.0,0.0,3.749013892358519,0.9660333409505432,4.80571244820928
1781912830.7903817,52.66818428039551,-200.0,200.0,0.2,6.220141186995406,8.691264472106948,1.1553792319008735,0.007878886755683122,6.1632935174282935,1781912830.764425,None,None,None, None, 1781912830.7858806,0.9336871807902473,track,none,0.0,nan,nan,0.0,0.0,3.788153827553438,0.9544007088727098,4.834867661044191
1781912830.8907871,52.76858973503113,-200.0,200.0,0.2,6.221289489641931,8.76079154638367,1.1510335641063563,0.005359517005632714,6.163903535505521,1781912830.8782446,None,None,None, None, 1781912830.7858806,0.9336871807902473,track,none,0.0,nan,nan,0.0,0.0,3.834817718924669,0.9423509847350259,4.8577715479891665
1781912830.990138,52.86794066429138,-200.0,200.0,0.2,6.222496734401046,8.83034645621093,1.1467612062780717,0.006465536804296824,6.164408933039095,1781912830.9564126,None,None,None, None, 1781912830.9716115,1.093530992144942,track,none,0.0,nan,nan,0.0,0.0,3.834817718924669,0.9423509847350259,4.8577715479891665
1781912831.091331,52.969133615493774,-200.0,200.0,0.2,6.223625477241257,8.89990958140065,1.1425730301753205,0.005721301276775393,6.164885737700224,1781912831.039751,None,None,None, None, 1781912831.0538275,1.0269964682200083,track,none,0.0,nan,nan,0.0,0.0,nan,nan,nan
1781912831.1906052,53.06840777397156,-200.0,200.0,0.2,6.224962493363583,8.969477696400679,1.1384614637387926,0.007768688240262148,6.165964021634985,1781912831.1785498,None,None,None, None, 1781912831.1875997,0.9929377748063487,track,none,0.0,nan,nan,0.0,0.0,nan,nan,nan
1781912831.290275,53.16807770729065,-200.0,184.89206505834002,0.2,6.226199429548138,9.039051557333757,1.1344476773133252,0.006358779377115579,6.166485682705196,1781912831.2605877,None,None,None, None, 1781912831.2635832,0.9350628037200582,track,none,0.0,nan,nan,0.0,0.0,nan,nan,nan
1781912831.3904746,53.268277168273926,-200.0,200.0,0.2,6.2224917650605995,8.638380413097714,1.1571468870978674,0.00029240345242344506,6.166514556882442,1781912831.3593354,8.632191384016137,1.15749680982341,6.213340263210903, 1781912831.373352, 1781912831.36685,0.9258509480466319,track,none,0.0,nan,nan,0.0,0.0,nan,nan,nan
1781912831.4905293,53.36833190917969,-200.0,200.0,0.2,6.222916780073264,8.681097494778662,1.1545773735248446,-0.0026494175891540795,6.166305013499932,1781912831.4384258,None,None,None, None, 1781912831.44695,1.0242830553980704,track,none,0.0,nan,nan,0.0,0.0,nan,nan,nan
1781912831.590944,53.46874666213989,-200.0,200.0,0.2,6.2228424046700574,8.742603852679016,1.150879591065177,-0.0029005636785453836,6.1659477700364445,1781912831.5615892,None,None,None, None, 1781912831.5761573,0.9139150412619085,track,none,0.0,nan,nan,0.0,0.0,nan,nan,nan
1781912831.6908662,53.568668842315674,-200.0,200.0,0.2,6.222569313022514,8.81069202487138,1.146765958973328,-0.0025654781294460775,6.1657673921953595,1781912831.6318989,None,None,None, None, 1781912831.6520042,1.0403999524332703,track,none,0.0,nan,nan,0.0,0.0,nan,nan,nan
1781912831.7904954,53.66829800605774,-199.76589101643773,200.0,0.2,6.222144966900515,8.880043937965436,1.142549738113587,-0.003016543499987822,6.165351215599442,1781912831.7698636,None,None,None, None, 1781912831.719551,0.9366910647680293,track,none,0.0,nan,nan,0.0,0.0,nan,nan,nan
1781912831.8906136,53.76841616630554,-199.20922881308238,200.0,0.2,6.2216832547428735,8.949548996986872,1.1382887966257726,-0.0026574540458104826,6.165166600555486,1781912831.8393342,None,None,None, None, 1781912831.8594716,1.06845431288981,track,none,0.0,nan,nan,0.0,0.0,nan,nan,nan
1781912831.9912536,53.869056224823,-200.0,186.59369278692006,0.2,6.22133646893249,9.019010971483977,1.1339946462536261,-0.0012174098139482808,6.164985311070246,1781912831.9882483,None,None,None, None, 1781912831.9882483,0.9381161857713542,track,none,0.0,nan,nan,0.0,0.0,nan,nan,nan
1781912832.0901449,53.967947483062744,-200.0,185.60171099780823,0.2,6.220597717876877,9.087098589718622,1.1298025594710026,-0.009304150825277168,6.164135327358998,1781912832.0796037,None,None,None, None, 1781912832.056068,1.0605216969545384,track,none,0.0,nan,nan,0.0,0.0,nan,nan,nan
1781912832.1902063,54.06800889968872,-200.0,184.54782675632708,0.2,6.219319241757964,9.154881825651337,1.1255809310005844,-0.014258739486484286,6.1631683020174615,1781912832.1474235,None,None,None, None, 1781912832.1824846,0.9552934253781961,track,none,0.0,nan,nan,0.0,0.0,nan,nan,nan
1781912832.2901325,54.16793513298035,-200.0,183.44991542397793,0.2,6.21725864631728,9.222501340477828,1.1212729107167547,-0.020024904925540155,6.16064342282531,1781912832.2735105,None,None,None, None, 1781912832.2519357,0.986577162688002,track,none,0.0,nan,nan,0.0,0.0,nan,nan,nan
1781912832.391535,54.26933765411377,-196.44106881565617,200.0,0.2,6.2089211273152936,8.82330658740363,1.1439505987175675,-0.05687897625283399,6.157025943455836,1781912832.33711,8.817143308197492,1.1443089359809444,6.2052443264284705, 1781912832.377447, 1781912832.383487,0.959291580498737,track,none,0.0,nan,nan,0.0,0.0,nan,nan,nan
1781912832.4902582,54.36806082725525,-194.64750733160093,200.0,0.2,6.203585614594228,8.86540971118958,1.1407134143972444,-0.029006690259560392,6.15347266705322,1781912832.4596086,None,None,None, None, 1781912832.4525695,0.9188217363285112,track,none,0.0,nan,nan,0.0,0.0,nan,nan,nan
1781912832.5910475,54.46885013580322,-192.76472912376167,200.0,0.2,6.198763684267817,8.92596375554339,1.1357180432781835,-0.02119104695452733,6.151936129414556,1781912832.5920525,None,None,None, None, 1781912832.5865548,0.9648324113659071,track,none,0.0,nan,nan,0.0,0.0,nan,nan,nan
1781912832.693243,54.57104563713074,-191.12588273374246,200.0,0.2,6.1952723521733875,8.99292038232778,1.1298770667724458,-0.01000085579419814,6.150698151831337,1781912832.6559045,None,None,None, None, 1781912832.6559045,1.0997378710630543,track,none,0.0,nan,nan,0.0,0.0,nan,nan,nan
1781912832.8073595,54.68516206741333,-200.0,193.41879793253702,0.2,6.192075647941767,9.060990983298906,1.1237302287457673,-0.011478116718542711,6.149872649354049,1781912832.7278242,None,None,None, None, 1781912832.7478747,1.0756069893334834,track,none,0.0,nan,nan,0.0,0.0,nan,nan,nan
1781912832.8908367,54.76863932609558,-200.0,193.22153970642236,0.2,6.190074944307183,9.129471699573731,1.11738095987198,-0.00727889133284312,6.148781241873994,1781912832.8777657,None,None,None, None, 1781912832.8853326,0.9242775683505717,track,none,0.0,nan,nan,0.0,0.0,nan,nan,nan
1781912832.9906714,54.86847400665283,-200.0,193.01164146470845,0.2,6.187740893837534,9.197984758773554,1.110932244823637,-0.015028232608657394,6.147665392277768,1781912832.9520159,None,None,None, None, 1781912832.9545288,1.007233535333694,track,none,0.0,nan,nan,0.0,0.0,nan,nan,nan
1781912833.0910754,54.96887803077698,-200.0,192.69909128191247,0.2,6.18551291893791,9.26646591223403,1.1043264139550146,-0.014180418610406448,6.145743158461252,1781912833.0875714,None,None,None, None, 1781912833.088571,0.9079022299346143,track,none,0.0,nan,nan,0.0,0.0,nan,nan,nan
1781912833.1920426,55.06984519958496,-200.0,192.24060148755353,0.2,6.183465023065791,9.334896355863147,1.0975754182023323,-0.012997544747291893,6.1447200246203355,1781912833.1662889,None,None,None, None, 1781912833.1561527,1.034738609695251,track,none,0.0,nan,nan,0.0,0.0,nan,nan,nan
1781912833.2903318,55.168134450912476,-200.0,191.76547811728878,0.2,6.180717120173919,9.403258776285249,1.0906963648058152,-0.01989352902102835,6.143216161013829,1781912833.2418845,None,None,None, None, 1781912833.287822,0.9558180448138265,track,none,0.0,nan,nan,0.0,0.0,nan,nan,nan
1781912833.3906798,55.26848244667053,-200.0,195.96392123677063,0.2,6.18098608689904,9.008547564641427,1.1283752431495992,-0.02277242061933754,6.139827730346528,1781912833.3906798,9.002432756578498,1.1289663131124157,6.187768545640292, 1781912833.385162, 1781912833.3615594,1.0366717317939331,track,none,0.0,nan,nan,0.0,0.0,nan,nan,nan
1781912833.4909172,55.368719816207886,-200.0,196.29276059199915,0.2,6.178085422884116,9.051558524807763,1.1239139554851256,-0.018007711859777537,6.1381132276230845,1781912833.4858892,None,None,None, None, 1781912833.448572,0.9727034861225486,track,none,0.0,nan,nan,0.0,0.0,nan,nan,nan
1781912833.5909443,55.46874690055847,-200.0,196.71607024158783,0.2,6.174199512545173,9.112627024666844,1.1173981382421978,-0.02677155741301981,6.135851226898176,1781912833.5703819,None,None,None, None, 1781912833.5955882,1.0981362079144406,track,none,0.0,nan,nan,0.0,0.0,nan,nan,nan
1781912833.691197,55.56899952888489,-200.0,197.20539941288138,0.2,6.169848613062139,9.1800138154723,1.1099164134615833,-0.02692225384568638,6.134079519242631,1781912833.6361902,None,None,None, None, 1781912833.698226,1.0184443765748212,track,none,0.0,nan,nan,0.0,0.0,nan,nan,nan
1781912833.79057,55.668372631073,-200.0,197.66763104979546,0.2,6.165697898889593,9.248662157763974,1.1019757235020649,-0.02283427645291658,6.1308528952777515,1781912833.7774963,None,None,None, None, 1781912833.7689528,1.0339529507161127,track,none,0.0,nan,nan,0.0,0.0,nan,nan,nan
1781912833.891405,55.76920771598816,-200.0,198.11483362559747,0.2,6.161692240231158,9.317519511471515,1.0937225740144818,-0.021627639357135083,6.1292701545506905,1781912833.8506777,None,None,None, None, 1781912833.8369472,1.082045941463344,track,none,0.0,nan,nan,0.0,0.0,nan,nan,nan
1781912833.99043,55.86823272705078,-200.0,198.55935559979994,0.2,6.157777552664818,9.386426097109231,1.0851863546097285,-0.02111432740109504,6.126447151080117,1781912833.9843786,None,None,None, None, 1781912833.9582694,1.06344021010651,track,none,0.0,nan,nan,0.0,0.0,nan,nan,nan
1781912834.0910408,55.96884346008301,-200.0,198.9613689796776,0.2,6.154199320460954,9.455358978917623,1.076374519552413,-0.018310498033829947,6.125224269593883,1781912834.0511644,None,None,None, None, 1781912834.0945716,0.9001434752781923,track,none,0.0,nan,nan,0.0,0.0,nan,nan,nan
1781912834.189945,56.067747592926025,-200.0,199.37464280591263,0.2,6.150652534964562,9.52431330604816,1.067316827468808,-0.018878960014779317,6.123777212619674,1781912834.1278136,None,None,None, None, 1781912834.1633317,0.9120843104256436,track,none,0.0,nan,nan,0.0,0.0,nan,nan,nan
1781912834.3025587,56.18036127090454,-200.0,199.79581224399348,0.2,6.147218803526773,9.593287840284894,1.0580088524769238,-0.01802414400313769,6.121385886314796,1781912834.260487,None,None,None, None, 1781912834.2356355,1.0589621261264672,track,none,0.0,nan,nan,0.0,0.0,nan,nan,nan
1781912834.3909824,56.26878499984741,0.0,0.0,0.2,6.143885418973976,9.662283774941848,1.0484585980265955,-0.01734941841053048,6.120321642410403,1781912834.3218288,None,None,None, None, 1781912834.387939,1.0672166338152402,arrived,none,0.0,nan,nan,0.0,0.0,nan,nan,nan
1781912834.4900253,56.36782789230347,0.0,0.0,0.2,6.149587088354263,9.195964298885123,1.1090998994264754,-0.01470376735540926,6.118374319709342,1781912834.4542658,9.190638685412175,1.109797288826007,6.165765163289069, 1781912834.395499, 1781912834.4542658,1.020792725518075,arrived,none,0.0,nan,nan,0.0,0.0,nan,nan,nan
1781912834.5902693,56.468071937561035,0.0,0.0,0.2,6.146385489109683,9.18234798880199,1.110948980420508,-0.018717762057622208,6.1158846897023835,1781912834.5872748,None,None,None, None, 1781912834.581736,0.9574660784898208,arrived,none,0.0,nan,nan,0.0,0.0,nan,nan,nan
1781912834.690991,56.568793535232544,0.0,0.0,0.2,6.143380724001961,9.169901848777238,1.1126812215903588,-0.015138085576783747,6.114932430930785,1781912834.6501796,None,None,None, None, 1781912834.643175,0.9630552493787258,arrived,none,0.0,nan,nan,0.0,0.0,nan,nan,nan
1781912834.790533,56.66833567619324,0.0,0.0,0.2,6.140709932936977,9.158433948769318,1.1143114813319883,-0.012715491417972066,6.113202358143637,1781912834.7862399,None,None,None, None, 1781912834.7862399,0.9622483224543351,arrived,none,0.0,nan,nan,0.0,0.0,nan,nan,nan
1781912834.89089,56.76869249343872,0.0,0.0,0.2,6.135969802750944,9.147796851255933,1.1158510837576259,-0.03284299666987403,6.110935611737322,1781912834.8552575,None,None,None, None, 1781912834.8607635,1.0622914535110606,arrived,none,0.0,nan,nan,0.0,0.0,nan,nan,nan
1781912834.9912236,56.86902618408203,0.0,0.0,0.2,6.133278610199454,9.137880016490374,1.117341959181184,-0.008196259139553951,6.109850127749852,1781912834.987694,None,None,None, None, 1781912834.9309633,1.0751105180362042,arrived,none,0.0,nan,nan,0.0,0.0,nan,nan,nan
1781912835.0903306,56.968133211135864,0.0,0.0,0.2,6.131068688349628,9.128585531358862,1.1187591128445193,-0.008740388576561396,6.1093177382964585,1781912835.0486054,None,None,None, None, 1781912835.0631564,1.0653825134132924,arrived,none,0.0,nan,nan,0.0,0.0,nan,nan,nan
1781912835.1900642,57.067866802215576,0.0,0.0,0.2,6.128948982157964,9.119837913150995,1.1201099846903708,-0.010285009685493856,6.1085759740908046,1781912835.1207263,None,None,None, None, 1781912835.13124,1.0990216620938418,arrived,none,0.0,nan,nan,0.0,0.0,nan,nan,nan
1781912835.291024,57.16882658004761,0.0,0.0,0.2,6.127054957630201,9.111575243516352,1.1214030813200164,-0.009039728111030173,6.1073050489719956,1781912835.2613196,None,None,None, None, 1781912835.2613196,1.0671459543820787,arrived,none,0.0,nan,nan,0.0,0.0,nan,nan,nan
1781912835.390553,57.26835560798645,0.0,0.0,0.2,6.125385092698367,9.10374530242941,1.1226428331263332,-0.007845990273666049,6.106725694329689,1781912835.3351605,None,None,None, None, 1781912835.398121,0.9803475900788731,arrived,none,0.0,nan,nan,0.0,0.0,nan,nan,nan
1781912835.490716,57.368518590927124,0.0,0.0,0.2,6.134263122244879,9.263992974494249,1.101571114259731,-0.00762696483315129,6.105707713795629,1781912835.4686317,9.266152910316999,1.101284367563439,6.154039542650204, 1781912835.403136, 1781912835.4636273,1.0220821460017147,arrived,none,0.0,nan,nan,0.0,0.0,nan,nan,nan
1781912835.5924838,57.47028636932373,0.0,0.0,0.2,6.132843864347414,9.274955433048307,1.0999187432723465,-0.007431165741046619,6.105217063851761,1781912835.5346577,None,None,None, None, 1781912835.535656,0.907091463127777,arrived,none,0.0,nan,nan,0.0,0.0,nan,nan,nan
1781912835.690664,57.568466663360596,0.0,0.0,0.2,6.131556882604241,9.285159271259378,1.0983660860532218,-0.0062307048251537146,6.104288756120736,1781912835.683647,None,None,None, None, 1781912835.6615636,0.9110240038236556,arrived,none,0.0,nan,nan,0.0,0.0,nan,nan,nan
1781912835.7909875,57.668790102005005,0.0,0.0,0.2,6.130343936197344,9.294705770372207,1.096901444118962,-0.006065175275524466,6.103865583910847,1781912835.7534177,None,None,None, None, 1781912835.7922175,1.0545450023204799,arrived,none,0.0,nan,nan,0.0,0.0,nan,nan,nan
1781912835.8912065,57.76900911331177,0.0,0.0,0.2,6.128986006251625,9.30367670493567,1.0955143116616277,-0.0076997183167796445,6.103182996630094,1781912835.8420687,None,None,None, None, 1781912835.850446,1.099293222895417,arrived,none,0.0,nan,nan,0.0,0.0,nan,nan,nan
1781912835.990771,57.8685736656189,0.0,0.0,0.2,6.127490728169089,9.312138823542048,1.09419368622647,-0.00853325752470039,6.102132861509523,1781912835.9651325,None,None,None, None, 1781912835.9772136,0.9598979930472025,arrived,none,0.0,nan,nan,0.0,0.0,nan,nan,nan
1781912836.0909543,57.968756914138794,0.0,0.0,0.2,6.126315407641974,9.320147738686595,1.0929310397576382,-0.0052060807399523365,6.101752744621466,1781912836.0381465,None,None,None, None, 1781912836.0443983,0.9884760506733082,arrived,none,0.0,nan,nan,0.0,0.0,nan,nan,nan
1781912836.1907568,58.068559408187866,0.0,0.0,0.2,6.1247561204790255,9.327751067646014,1.0917239839241892,-0.0094161652545971,6.100590579055138,1781912836.1615689,None,None,None, None, 1781912836.1690965,0.9358150568560184,arrived,none,0.0,nan,nan,0.0,0.0,nan,nan,nan
1781912836.2918622,58.16966485977173,0.0,0.0,0.2,6.1235619993562445,9.334987921195816,1.0905626798370491,-0.0052951135923167605,6.100155668888374,1781912836.2437031,None,None,None, None, 1781912836.2342002,0.9987932258187363,arrived,none,0.0,nan,nan,0.0,0.0,nan,nan,nan
1781912836.391357,58.26915955543518,0.0,0.0,0.2,6.122158464319032,9.341893251629351,1.0894468633010144,-0.007950605700520615,6.099005640451318,1781912836.3883498,None,None,None, None, 1781912836.3234239,1.0378803013480224,arrived,none,0.0,nan,nan,0.0,0.0,nan,nan,nan
1781912836.4904437,58.36824631690979,0.0,0.0,0.2,6.129886174720036,9.295380985757799,1.0979425166477914,-0.0066765236218507785,6.098595893340593,1781912836.449721,9.294679616397477,1.098068918029125,6.147148753442583, 1781912836.406537, 1781912836.483438,0.9111696080397128,arrived,none,0.0,nan,nan,0.0,0.0,nan,nan,nan
1781912836.5910075,58.468810081481934,0.0,0.0,0.2,6.128877329353343,9.295824176170902,1.0978737841709276,-0.004372439966871627,6.098275127122187,1781912836.523082,None,None,None, None, 1781912836.5513642,1.0138063662922634,arrived,none,0.0,nan,nan,0.0,0.0,nan,nan,nan
1781912836.6905777,58.56838035583496,0.0,0.0,0.2,6.127659609024422,9.296265571363081,1.0978049123340352,-0.007392946291582569,6.097253828778967,1781912836.661227,None,None,None, None, 1781912836.681821,1.0933754208383661,arrived,none,0.0,nan,nan,0.0,0.0,nan,nan,nan
1781912836.790508,58.66831064224243,0.0,0.0,0.2,6.126541213322361,9.296705099528387,1.0977357487399741,-0.005645053959437702,6.09686019757543,1781912836.7309573,None,None,None, None, 1781912836.7495215,0.9548642363677884,arrived,none,0.0,nan,nan,0.0,0.0,nan,nan,nan
1781912836.890825,58.768627643585205,0.0,0.0,0.2,6.12557692568451,9.297142813089854,1.0976663822591275,-0.004479755887961051,6.096267758087559,1781912836.8632054,None,None,None, None, 1781912836.8742669,0.9745405857717881,arrived,none,0.0,nan,nan,0.0,0.0,nan,nan,nan
1781912836.9910553,58.868857860565186,0.0,0.0,0.2,6.124621793816656,9.29757877801042,1.0975968900474806,-0.004911966752268505,6.095657057730557,1781912836.9875345,None,None,None, None, 1781912836.95627,0.9766477761517172,arrived,none,0.0,nan,nan,0.0,0.0,nan,nan,nan
1781912837.090563,58.96836566925049,0.0,0.0,0.2,6.123790184018344,9.298013004817435,1.0975272567037349,-0.00393480338342324,6.095391343599985,1781912837.0550637,None,None,None, None, 1781912837.0825512,0.9738453075550544,arrived,none,0.0,nan,nan,0.0,0.0,nan,nan,nan
1781912837.1906807,59.06848335266113,0.0,0.0,0.2,6.122973826109545,9.298445548497945,1.0974575456321132,-0.004173996757070693,6.094837838501573,1781912837.1876717,None,None,None, None, 1781912837.152486,1.00427605460252,arrived,none,0.0,nan,nan,0.0,0.0,nan,nan,nan
1781912837.2907903,59.16859292984009,0.0,0.0,0.2,6.121922151718967,9.298876422354288,1.0973877498103306,-0.006374698344320408,6.094436387761243,1781912837.2506473,None,None,None, None, 1781912837.280749,0.9459158493473964,arrived,none,0.0,nan,nan,0.0,0.0,nan,nan,nan
1781912837.390292,59.268094539642334,0.0,0.0,0.2,6.12109144433436,9.299305549662877,1.0973177381573886,-0.0038055892981600716,6.093979593177701,1781912837.3706799,None,None,None, None, 1781912837.3515959,0.9411486035342593,arrived,none,0.0,nan,nan,0.0,0.0,nan,nan,nan
1781912837.490613,59.36841559410095,0.0,0.0,0.2,6.127821768175981,9.312325482359755,1.0960763640592275,-0.003985804330844752,6.093708175204717,1781912837.438776,9.312491792312093,1.096060894650641,6.142263677639688, 1781912837.408509, 1781912837.4733768,0.9977745240408743,arrived,none,0.0,nan,nan,0.0,0.0,nan,nan,nan
1781912837.590974,59.46877670288086,0.0,0.0,0.2,6.1271017563303944,9.314175196862488,1.0957860141196696,-0.0038845383282619353,6.093206766184495,1781912837.5678542,None,None,None, None, 1781912837.5558403,0.9039706464960304,arrived,none,0.0,nan,nan,0.0,0.0,nan,nan,nan
1781912837.7014005,59.5792031288147,0.0,0.0,0.2,6.126402993439322,9.316002512652172,1.0954978311886847,-0.0036207461571471367,6.0929768741002865,1781912837.6313472,None,None,None, None, 1781912837.6223865,0.9847823364226829,arrived,none,0.0,nan,nan,0.0,0.0,nan,nan,nan
1781912837.790615,59.66841769218445,0.0,0.0,0.2,6.125210605273526,9.317807972608213,1.0952118213734499,-0.008339258102685237,6.091806422575263,1781912837.7717016,None,None,None, None, 1781912837.7687023,0.9476915575203503,arrived,none,0.0,nan,nan,0.0,0.0,nan,nan,nan
1781912837.8907645,59.76856708526611,0.0,0.0,0.2,6.1242250703268555,9.319591717448587,1.0949267314231212,-0.004772681428708289,6.091477509206634,1781912837.8406174,None,None,None, None, 1781912837.8342805,0.9050053847685151,arrived,none,0.0,nan,nan,0.0,0.0,nan,nan,nan
1781912837.9905736,59.8683762550354,0.0,0.0,0.2,6.123490695135364,9.321354437033213,1.094643302390349,-0.002884556643685743,6.09112115267177,1781912837.9641569,None,None,None, None, 1781912837.9641569,0.9624640689680478,arrived,none,0.0,nan,nan,0.0,0.0,nan,nan,nan
1781912838.090001,59.967803716659546,0.0,0.0,0.2,6.1227777126087135,9.323096778825192,1.0943620173123831,-0.0034970265409021376,6.0908804506210235,1781912838.0329874,None,None,None, None, 1781912838.0398195,0.9923866194530936,arrived,none,0.0,nan,nan,0.0,0.0,nan,nan,nan
1781912838.1907053,60.06850790977478,0.0,0.0,0.2,6.1220256403733755,9.32481919297401,1.0940827402452349,-0.004067183826296102,6.090375286566186,1781912838.1571922,None,None,None, None, 1781912838.1851978,0.985520091319544,arrived,none,0.0,nan,nan,0.0,0.0,nan,nan,nan
1781912838.2913454,60.169147968292236,0.0,0.0,0.2,6.121275942780781,9.32652208715,1.0938053002146708,-0.003985148943124304,6.089873673060576,1781912838.283063,None,None,None, None, 1781912838.2633672,1.017711636474301,arrived,none,0.0,nan,nan,0.0,0.0,nan,nan,nan
1781912838.3908455,60.26864814758301,0.0,0.0,0.2,6.120502192044739,9.328205892350898,1.093529672852607,-0.004190445542894946,6.089593507030426,1781912838.3499212,None,None,None, None, 1781912838.338869,0.9496106539144381,arrived,none,0.0,nan,nan,0.0,0.0,nan,nan,nan
1781912838.4905088,60.368311405181885,0.0,0.0,0.2,6.126112244056308,9.325798883121593,1.0945493408693403,-0.004151423817213501,6.089325387445766,1781912838.4145062,9.32574510216147,1.094566425236072,6.1383831569232, 1781912838.411991, 1781912838.487463,0.9729034033774451,arrived,none,0.0,nan,nan,0.0,0.0,nan,nan,nan
1781912838.590803,60.468605518341064,0.0,0.0,0.2,6.125488130934211,9.326975384314686,1.09436261864773,-0.0029795494575857065,6.088882298608874,1781912838.5632162,None,None,None, None, 1781912838.5461152,1.038791906138663,arrived,none,0.0,nan,nan,0.0,0.0,nan,nan,nan
1781912838.6907244,60.56852698326111,0.0,0.0,0.2,6.124821720949056,9.328142340554733,1.094176701146012,-0.003723298745069766,6.088594479359527,1781912838.6405184,None,None,None, None, 1781912838.6806946,1.0804896807290028,arrived,none,0.0,nan,nan,0.0,0.0,nan,nan,nan
1781912838.7910657,60.66886830329895,0.0,0.0,0.2,6.12426114810104,9.329299867122602,1.0939914785213978,-0.0025665261430943493,6.088271478469899,1781912838.7663698,None,None,None, None, 1781912838.7663698,1.0330894058019493,arrived,none,0.0,nan,nan,0.0,0.0,nan,nan,nan
1781912838.8905303,60.768332958221436,0.0,0.0,0.2,6.1236914872772,9.330448178765993,1.0938071166858323,-0.0029900873163734966,6.088034390428836,1781912838.8456612,None,None,None, None, 1781912838.8354206,0.950581033396711,arrived,none,0.0,nan,nan,0.0,0.0,nan,nan,nan
1781912838.9905155,60.8683180809021,0.0,0.0,0.2,6.123142008954976,9.33158740436021,1.0936235524011442,-0.0028347330671553003,6.0876366164521745,1781912838.9859827,None,None,None, None, 1781912838.9849846,0.9001040813367961,arrived,none,0.0,nan,nan,0.0,0.0,nan,nan,nan
1781912839.0903018,60.96810436248779,0.0,0.0,0.2,6.122595736484491,9.33271769355379,1.093440800496569,-0.0028697430712347105,6.087442980307457,1781912839.0534577,None,None,None, None, 1781912839.052459,0.9135151169340515,arrived,none,0.0,nan,nan,0.0,0.0,nan,nan,nan
1781912839.1964917,61.074294328689575,0.0,0.0,0.2,6.1220712705483304,9.333839181384262,1.0932588464381994,-0.0026984079374481264,6.087259743123523,1781912839.1213634,None,None,None, None, 1781912839.1254995,1.0134651256053762,arrived,none,0.0,nan,nan,0.0,0.0,nan,nan,nan
1781912839.2904804,61.168282985687256,0.0,0.0,0.2,6.121527470076162,9.334952012179972,1.0930777076501557,-0.002934352691263202,6.086834161296253,1781912839.2663977,None,None,None, None, 1781912839.2331078,0.9024129012357642,arrived,none,0.0,nan,nan,0.0,0.0,nan,nan,nan
1781912839.3915954,61.26939797401428,0.0,0.0,0.2,6.121045931468131,9.336056300886451,1.0928973371413029,-0.002346250886996911,6.086658691343555,1781912839.341185,None,None,None, None, 1781912839.3704753,0.9890594940800685,arrived,none,0.0,nan,nan,0.0,0.0,nan,nan,nan
1781912839.4905322,61.36833477020264,0.0,0.0,0.2,6.125620207722544,9.335960510432807,1.0934070129855953,-0.0021932237310223796,6.086357507834248,1781912839.4785097,9.33594477150158,1.0934161152722524,6.135271341451614, 1781912839.413773, 1781912839.4587653,1.0506000996921732,arrived,none,0.0,nan,nan,0.0,0.0,nan,nan,nan
1781912839.5906904,61.46849298477173,0.0,0.0,0.2,6.125213195775,9.336905873365067,1.0932566329002444,-0.0022612438394158376,6.0861344814640885,1781912839.5771396,None,None,None, None, 1781912839.5475464,1.0803398352295783,arrived,none,0.0,nan,nan,0.0,0.0,nan,nan,nan
1781912839.6902175,61.56802010536194,0.0,0.0,0.2,6.12477586726054,9.337844842356,1.0931068728294981,-0.002468970534049603,6.085924296295162,1781912839.6622703,None,None,None, None, 1781912839.6356869,0.9462623890545658,arrived,none,0.0,nan,nan,0.0,0.0,nan,nan,nan
1781912839.7907102,61.66851282119751,0.0,0.0,0.2,6.124279214710998,9.338777482183277,1.0929576931267095,-0.00289768411074981,6.085688787058855,1781912839.7435453,None,None,None, None, 1781912839.758596,1.0474539929028113,arrived,none,0.0,nan,nan,0.0,0.0,nan,nan,nan
1781912839.8909898,61.768792390823364,0.0,0.0,0.2,6.123828821774162,9.339703839064455,1.092809024283532,-0.002256762212630457,6.085402513792655,1781912839.8703966,None,None,None, None, 1781912839.8935025,0.9727108064765148,arrived,none,0.0,nan,nan,0.0,0.0,nan,nan,nan
1781912839.9902406,61.868043184280396,0.0,0.0,0.2,6.123329174886998,9.340624024475318,1.0926609334659179,-0.0028066492687739953,6.085140972980795,1781912839.9635828,None,None,None, None, 1781912839.9550645,0.9354351796794204,arrived,none,0.0,nan,nan,0.0,0.0,nan,nan,nan
1781912840.0911422,61.968944787979126,0.0,0.0,0.2,6.1228208091127945,9.341538085091342,1.0925133456215912,-0.0027602136946364656,6.084940725238925,1781912840.0361307,None,None,None, None, 1781912840.079549,0.9940098605049841,arrived,none,0.0,nan,nan,0.0,0.0,nan,nan,nan
1781912840.1908855,62.06868815422058,0.0,0.0,0.2,6.1224258441562105,9.342446094509468,1.0923662554129054,-0.0017054571484014505,6.084725771077359,1781912840.1621697,None,None,None, None, 1781912840.1516273,1.0319486124344164,arrived,none,0.0,nan,nan,0.0,0.0,nan,nan,nan
1781912840.2911267,62.1689293384552,0.0,0.0,0.2,6.121938447017719,9.343348197615265,1.0922197928293718,-0.0028262571942249126,6.0845034792171795,1781912840.240822,None,None,None, None, 1781912840.2348201,1.0122961099683563,arrived,none,0.0,nan,nan,0.0,0.0,nan,nan,nan
1781912840.390311,62.26811361312866,0.0,0.0,0.2,6.121469418877326,9.344244408009326,1.0920738161761252,-0.002476522797542015,6.0841792754547255,1781912840.371733,None,None,None, None, 1781912840.364227,0.9514333097167005,arrived,none,0.0,nan,nan,0.0,0.0,nan,nan,nan
1781912840.490414,62.3682165145874,0.0,0.0,0.2,6.124997451798218,9.3445864314492,1.092435973091023,-0.0019006898919989381,6.0840238679322995,1781912840.4534967,9.344579188924465,1.092442677224338,6.132556342192081, 1781912840.422927, 1781912840.4494977,1.0508779929969951,arrived,none,0.0,nan,nan,0.0,0.0,nan,nan,nan
1781912840.5983644,62.47616696357727,0.0,0.0,0.2,6.124496085636954,9.345402929212332,1.092305580751169,-0.003441647214157634,6.083786899715255,1781912840.5223498,None,None,None, None, 1781912840.5993645,0.900642176744322,arrived,none,0.0,nan,nan,0.0,0.0,nan,nan,nan
1781912840.6932483,62.57105088233948,0.0,0.0,0.2,6.12403055594163,9.34621435652472,1.0921755318583468,-0.0023447999211555002,6.083554184289197,1781912840.7010796,None,None,None, None, 1781912840.6807268,0.9077523100084437,arrived,none,0.0,nan,nan,0.0,0.0,nan,nan,nan
1781912840.790671,62.66847372055054,0.0,0.0,0.2,6.123618455813637,9.34702080177754,1.0920459070328554,-0.001954447379137622,6.083266832383492,1781912840.768622,None,None,None, None, 1781912840.7519133,0.987719480728329,arrived,none,0.0,nan,nan,0.0,0.0,nan,nan,nan
1781912840.8909292,62.76873183250427,0.0,0.0,0.2,6.1232354289600694,9.347822353883426,1.0919167484969685,-0.00188289789485816,6.083104491571518,1781912840.8548405,None,None,None, None, 1781912840.8858783,0.9541136930144367,arrived,none,0.0,nan,nan,0.0,0.0,nan,nan,nan
1781912840.9903755,62.86817812919617,0.0,0.0,0.2,6.122833294336981,9.348619084379234,1.0917880660388362,-0.0021752256810348737,6.082927676796524,1781912840.9361262,None,None,None, None, 1781912840.9572175,1.009836724375601,arrived,none,0.0,nan,nan,0.0,0.0,nan,nan,nan
1781912841.0912664,62.96906900405884,0.0,0.0,0.2,6.122431803959672,9.349411035229766,1.0916598256260819,-0.002136080800887596,6.082668080814297,1781912841.0576553,None,None,None, None, 1781912841.0225315,0.978901538403757,arrived,none,0.0,nan,nan,0.0,0.0,nan,nan,nan
1781912841.1907656,63.06856822967529,0.0,0.0,0.2,6.12203270694139,9.350198261471641,1.0915320255182224,-0.002109782866832307,6.0825134465485,1781912841.1309493,None,None,None, None, 1781912841.1581182,0.9941351399778616,arrived,none,0.0,nan,nan,0.0,0.0,nan,nan,nan
1781912841.295513,63.17331552505493,0.0,0.0,0.2,6.121614223920075,9.350980817909996,1.0914046636049013,-0.0022865449033089187,6.082226733836581,1781912841.2563405,None,None,None, None, 1781912841.2355888,1.0590682063524623,arrived,none,0.0,nan,nan,0.0,0.0,nan,nan,nan
1781912841.3906353,63.26843786239624,0.0,0.0,0.2,6.121228288020151,9.351758745290267,1.0912777155090578,-0.001947382780193104,6.081981780217557,1781912841.3821266,None,None,None, None, 1781912841.3821266,0.965522211750821,arrived,none,0.0,nan,nan,0.0,0.0,nan,nan,nan
1781912841.4903352,63.3681378364563,0.0,0.0,0.2,6.12406461633162,9.351925002446865,1.091609613384618,-0.0017237233830817817,6.081876627561208,1781912841.4431298,9.351916984242058,1.0916156675316497,6.130196148019318, 1781912841.430934, 1781912841.4431298,0.9825163545036797,arrived,none,0.0,nan,nan,0.0,0.0,nan,nan,nan
1781912841.589975,63.467777729034424,0.0,0.0,0.2,6.1236256989134725,9.35261948554306,1.0914980579108133,-0.003024055862842659,6.081475422689647,1781912841.575801,None,None,None, None, 1781912841.575801,0.9498917040497089,arrived,none,0.0,nan,nan,0.0,0.0,nan,nan,nan
1781912841.6905386,63.56834125518799,0.0,0.0,0.2,6.123234699180184,9.353310070490608,1.0913867804590895,-0.0018893214410815899,6.0813462608477735,1781912841.644165,None,None,None, None, 1781912841.644165,0.960889168316227,arrived,none,0.0,nan,nan,0.0,0.0,nan,nan,nan
1781912841.7904801,63.66828274726868,0.0,0.0,0.2,6.122811131599784,9.353996832724,1.0912758560778684,-0.002359610895117143,6.081030110531838,1781912841.7781491,None,None,None, None, 1781912841.7131772,1.082778748378409,arrived,none,0.0,nan,nan,0.0,0.0,nan,nan,nan
1781912841.8907533,63.768555879592896,0.0,0.0,0.2,6.122363409776224,9.354679790477624,1.0911652426780618,-0.0024869089884971296,6.080862448449741,1781912841.845567,None,None,None, None, 1781912841.8596075,0.9215651880029674,arrived,none,0.0,nan,nan,0.0,0.0,nan,nan,nan
1781912841.9908502,63.86865282058716,0.0,0.0,0.2,6.122005258177871,9.355358969292663,1.0910549221122992,-0.0015918431283187186,6.080643194213965,1781912841.983303,None,None,None, None, 1781912841.9252381,1.0539189102690538,arrived,none,0.0,nan,nan,0.0,0.0,nan,nan,nan
1781912842.0903456,63.96814823150635,0.0,0.0,0.2,6.121639842357327,9.356034462377803,1.090944973263821,-0.0019011448947271583,6.080531251910495,1781912842.0421846,None,None,None, None, 1781912842.0582736,0.9471285682584686,arrived,none,0.0,nan,nan,0.0,0.0,nan,nan,nan
1781912842.1903768,64.06817936897278,0.0,0.0,0.2,6.121173531267218,9.356706300369769,1.0908353700115805,-0.002824188759992179,6.080194946651297,1781912842.161265,None,None,None, None, 1781912842.1270103,1.0443497724780477,arrived,none,0.0,nan,nan,0.0,0.0,nan,nan,nan
1781912842.291125,64.16892766952515,0.0,0.0,0.2,6.120825817890678,9.357374460227032,1.0907260226892492,-0.0015024021330460916,6.080089059335511,1781912842.2317436,None,None,None, None, 1781912842.2780898,0.9190834307290279,arrived,none,0.0,nan,nan,0.0,0.0,nan,nan,nan
1781912842.390684,64.26848649978638,0.0,0.0,0.2,6.1204738326496635,9.358039052007891,1.0906170457055997,-0.0018062232368071332,6.079815604727697,1781912842.3831394,None,None,None, None, 1781912842.33876,0.9957236131519285,arrived,none,0.0,nan,nan,0.0,0.0,nan,nan,nan
1781912842.4903514,64.36815404891968,0.0,0.0,0.2,6.122880832204696,9.358305446905725,1.0908912551825096,-0.0014884420898686496,6.079712300706519,1781912842.4525435,9.358300234598197,1.0908963114068109,6.1281076811908, 1781912842.440494, 1781912842.4686358,1.0710491639229136,arrived,none,0.0,nan,nan,0.0,0.0,nan,nan,nan
1781912842.5902755,64.46807813644409,0.0,0.0,0.2,6.122570730634592,9.358913375175934,1.0907928747429778,-0.0018050103451506235,6.0795358425332715,1781912842.5503037,None,None,None, None, 1781912842.5503037,1.0407452008423166,arrived,none,0.0,nan,nan,0.0,0.0,nan,nan,nan
1781912842.6907332,64.56853580474854,0.0,0.0,0.2,6.122261940976047,9.359518175890587,1.0906948013383644,-0.0016428368742502158,6.079318932888726,1781912842.6823373,None,None,None, None, 1781912842.6847348,0.908748846205656,arrived,none,0.0,nan,nan,0.0,0.0,nan,nan,nan
1781912842.790994,64.66879653930664,0.0,0.0,0.2,6.121974084654154,9.360119881093176,1.0905970397301787,-0.0014433862259498485,6.079222900289079,1781912842.7488701,None,None,None, None, 1781912842.7488701,0.9437683422637112,arrived,none,0.0,nan,nan,0.0,0.0,nan,nan,nan
1781912842.8908095,64.76861214637756,0.0,0.0,0.2,6.121650085113661,9.360718533054104,1.0904996025554958,-0.0018436385123306246,6.078965863224673,1781912842.8882885,None,None,None, None, 1781912842.8892891,0.9982576446903139,arrived,none,0.0,nan,nan,0.0,0.0,nan,nan,nan
1781912842.9910328,64.86883544921875,0.0,0.0,0.2,6.121338194577403,9.361314138716304,1.0904024559674508,-0.0016339781619774789,6.078848722026644,1781912842.9599793,None,None,None, None, 1781912842.9504669,0.9664050171849299,arrived,none,0.0,nan,nan,0.0,0.0,nan,nan,nan
1781912843.0912256,64.96902823448181,0.0,0.0,0.2,6.121046241432661,9.361906735153054,1.0903056118332015,-0.0014727027539183078,6.078744677886604,1781912843.0912256,None,None,None, None, 1781912843.0807908,1.0434742297912285,arrived,none,0.0,nan,nan,0.0,0.0,nan,nan,nan
1781912843.1908343,65.06863689422607,0.0,0.0,0.2,6.120761796532482,9.362496362466564,1.090209080863344,-0.0014658239956393758,6.078563317506529,1781912843.1543536,None,None,None, None, 1781912843.1543536,0.926663298502272,arrived,none,0.0,nan,nan,0.0,0.0,nan,nan,nan
1781912843.2907176,65.16852021217346,0.0,0.0,0.2,6.12044718376907,9.36308305247393,1.090112862068329,-0.0017658307133878502,6.0783322883137725,1781912843.2851868,None,None,None, None, 1781912843.2766416,1.0337748707017957,arrived,none,0.0,nan,nan,0.0,0.0,nan,nan,nan
1781912843.3902783,65.26808094978333,0.0,0.0,0.2,6.120156017521695,9.363666814710003,1.0900169289489157,-0.001483414071332121,6.07823292870237,1781912843.3521671,None,None,None, None, 1781912843.345166,0.9329325140817747,arrived,none,0.0,nan,nan,0.0,0.0,nan,nan,nan
1781912843.4908478,65.36865043640137,0.0,0.0,0.2,6.122025713064219,9.363825304486591,1.090269555552233,-0.001973239442404037,6.077971160813198,1781912843.484826,9.363819725983213,1.0902741549997552,6.126278496790738, 1781912843.446177, 1781912843.4712927,0.9753820841607899,arrived,none,0.0,nan,nan,0.0,0.0,nan,nan,nan
1781912843.591616,65.4694185256958,0.0,0.0,0.2,6.121723274992569,9.364350839003736,1.0901840436363193,-0.0016340694497110413,6.077870371670848,1781912843.546506,None,None,None, None, 1781912843.5610375,1.0987075407411793,arrived,none,0.0,nan,nan,0.0,0.0,nan,nan,nan
1781912843.6906729,65.56847548484802,0.0,0.0,0.2,6.121443017390264,9.364873839165728,1.090098781541389,-0.0013896849397618774,6.077779111042194,1781912843.693183,None,None,None, None, 1781912843.6324062,0.917555555253931,arrived,none,0.0,nan,nan,0.0,0.0,nan,nan,nan
1781912843.7909768,65.66877937316895,0.0,0.0,0.2,6.121040571172449,9.365394340980226,1.0900137821663773,-0.002624552387860175,6.077405748906827,1781912843.7544334,None,None,None, None, 1781912843.7747228,0.9096388689863751,arrived,none,0.0,nan,nan,0.0,0.0,nan,nan,nan
1781912843.8923223,65.77012491226196,0.0,0.0,0.2,6.120673311637466,9.365912293504087,1.089928961226094,-0.0018955853948714305,6.07727473792703,1781912843.8948238,None,None,None, None, 1781912843.8431067,0.9493993876867077,arrived,none,0.0,nan,nan,0.0,0.0,nan,nan,nan
1781912843.9923515,65.87015414237976,0.0,0.0,0.2,6.120364266872217,9.366427743190032,1.0898443587397413,-0.001415241373136346,6.077072922735901,1781912843.9661484,None,None,None, None, 1781912843.969307,0.9758573911401711,arrived,none,0.0,nan,nan,0.0,0.0,nan,nan,nan
1781912844.0907097,65.96851229667664,0.0,0.0,0.2,6.120036618124323,9.366940745916406,1.0897600068921405,-0.0017588946379938047,6.076919279286295,1781912844.0535007,None,None,None, None, 1781912844.0473418,0.9587368495614637,arrived,none,0.0,nan,nan,0.0,0.0,nan,nan,nan
1781912844.1913266,66.06912922859192,0.0,0.0,0.2,6.119740194123052,9.367451310799549,1.0896758830506152,-0.0014657794604991084,6.07680343693406,1781912844.1924624,None,None,None, None, 1781912844.181302,1.0498589696675695,arrived,none,0.0,nan,nan,0.0,0.0,nan,nan,nan
1781912844.2907534,66.16855597496033,0.0,0.0,0.2,6.119454710652405,9.367959477461957,1.0895920052800157,-0.00145230544634835,6.076619584374146,1781912844.2591255,None,None,None, None, 1781912844.2541254,1.0448023261641133,arrived,none,0.0,nan,nan,0.0,0.0,nan,nan,nan
1781912844.3909376,66.26874017715454,0.0,0.0,0.2,6.119175532243258,9.368465272425265,1.089508373927483,-0.0014448767382572107,6.076519878225346,1781912844.3919435,None,None,None, None, 1781912844.3919435,0.9814885053915352,arrived,none,0.0,nan,nan,0.0,0.0,nan,nan,nan
1781912844.4906363,66.3684389591217,0.0,0.0,0.2,6.120847089027077,9.368870361869346,1.089701065793438,-0.0014232922370270521,6.076345499896642,1781912844.4506497,9.368869062849603,1.089704711979092,6.124588366386215, 1781912844.449655, 1781912844.4506497,0.9172361222764899,arrived,none,0.0,nan,nan,0.0,0.0,nan,nan,nan
1781912844.590742,66.4685447216034,0.0,0.0,0.2,6.120583752008703,9.369356414549483,1.08962140208062,-0.0014944171520522628,6.0762070885607224,1781912844.5432687,None,None,None, None, 1781912844.5795646,0.9745907661168278,arrived,none,0.0,nan,nan,0.0,0.0,nan,nan,nan
1781912844.6906075,66.56841015815735,0.0,0.0,0.2,6.120283473958885,9.369840199364797,1.089541976260511,-0.0017704338141522771,6.075968817006829,1781912844.6778524,None,None,None, None, 1781912844.6617835,1.080296090121143,arrived,none,0.0,nan,nan,0.0,0.0,nan,nan,nan
1781912844.7916956,66.66949820518494,0.0,0.0,0.2,6.119939277153346,9.370321714387844,1.089462767475919,-0.002028688770964058,6.0757535400710285,1781912844.7839687,None,None,None, None, 1781912844.7734165,1.0952334990608146,arrived,none,0.0,nan,nan,0.0,0.0,nan,nan,nan
1781912844.891194,66.76899671554565,0.0,0.0,0.2,6.119645254771976,9.370800954114664,1.0893837546206164,-0.0014020190553844527,6.075661073688244,1781912844.849921,None,None,None, None, 1781912844.8457918,1.0626610577242392,arrived,none,0.0,nan,nan,0.0,0.0,nan,nan,nan
1781912844.9906187,66.86842131614685,0.0,0.0,0.2,6.119384910744877,9.371277968922715,1.0893049722191328,-0.0012270688788933802,6.075495180968141,1781912844.9851153,None,None,None, None, 1781912844.9851153,1.0871991764582505,arrived,none,0.0,nan,nan,0.0,0.0,nan,nan,nan
1781912845.0907211,66.96852374076843,0.0,0.0,0.2,6.119106383662343,9.371752796673096,1.0892264315730849,-0.0015112491913917305,6.075392011276944,1781912845.053383,None,None,None, None, 1781912845.0564642,0.9885380766681398,arrived,none,0.0,nan,nan,0.0,0.0,nan,nan,nan
1781912845.1904762,67.06827878952026,0.0,0.0,0.2,6.11877487020639,9.372225444395722,1.089148114680703,-0.001954057172305071,6.075127064242638,1781912845.1889713,None,None,None, None, 1781912845.1889713,0.9756240006723592,arrived,none,0.0,nan,nan,0.0,0.0,nan,nan,nan
1781912845.2904513,67.1682538986206,0.0,0.0,0.2,6.118479159528654,9.372695899859488,1.0890699912736932,-0.0014848954407826508,6.075027842606437,1781912845.255792,None,None,None, None, 1781912845.2617962,0.9517694875362869,arrived,none,0.0,nan,nan,0.0,0.0,nan,nan,nan
1781912845.3900933,67.26789593696594,0.0,0.0,0.2,6.118235609350331,9.373164203557183,1.088992086977729,-0.0010898984434740422,6.074946791897331,1781912845.3301573,None,None,None, None, 1781912845.3540845,1.0447217770011743,arrived,none,0.0,nan,nan,0.0,0.0,nan,nan,nan
1781912845.4903054,67.36810803413391,0.0,0.0,0.2,6.1196612444951715,9.373523795597205,1.0891764546782108,-0.0019070793424522839,6.0747003945531075,1781912845.4593587,9.373522387618143,1.0891799153215813,6.123015931796417, 1781912845.45083, 1781912845.4792655,0.9702847948918307,arrived,none,0.0,nan,nan,0.0,0.0,nan,nan,nan
1781912845.5919628,67.4697654247284,0.0,0.0,0.2,6.119392785789289,9.373971994855669,1.0891024425713254,-0.0013783110945392739,6.074597179547711,1781912845.5944755,None,None,None, None, 1781912845.5578032,0.9289483794388108,arrived,none,0.0,nan,nan,0.0,0.0,nan,nan,nan
1781912845.7015839,67.57938647270203,0.0,0.0,0.2,6.119145007083479,9.374418146833897,1.0890286479876965,-0.0012205938828769474,6.074430531959496,1781912845.6707737,None,None,None, None, 1781912845.6341052,0.9250317513695376,arrived,none,0.0,nan,nan,0.0,0.0,nan,nan,nan
1781912845.7910123,67.66881489753723,0.0,0.0,0.2,6.118889602141357,9.374862280779169,1.0889550783669901,-0.0013758476958978735,6.074331819582047,1781912845.7425203,None,None,None, None, 1781912845.7724366,0.996034568868646,arrived,none,0.0,nan,nan,0.0,0.0,nan,nan,nan
1781912845.8903658,67.76816844940186,0.0,0.0,0.2,6.118618664843087,9.375304408505121,1.0888817244384001,-0.0015006091386833786,6.074150700886368,1781912845.863217,None,None,None, None, 1781912845.8469903,1.0367132801588201,arrived,none,0.0,nan,nan,0.0,0.0,nan,nan,nan
1781912845.9903822,67.86818480491638,0.0,0.0,0.2,6.118214904853947,9.375744537666577,1.0888085769498155,-0.002642947753337494,6.073823922255551,1781912845.9868588,None,None,None, None, 1781912845.9838564,1.0892621985107493,arrived,none,0.0,nan,nan,0.0,0.0,nan,nan,nan
1781912846.0904777,67.96828031539917,0.0,0.0,0.2,6.117897325958282,9.37618260708721,1.0887355677888724,-0.001477511398131448,6.073706570417891,1781912846.0662842,None,None,None, None, 1781912846.0477388,1.063712341736833,arrived,none,0.0,nan,nan,0.0,0.0,nan,nan,nan
1781912846.1903565,68.06815910339355,0.0,0.0,0.2,6.117638222484368,9.376618687061823,1.0886627572204115,-0.0011221375847166282,6.073632729003489,1781912846.1320884,None,None,None, None, 1781912846.1802928,1.0826648667010526,arrived,none,0.0,nan,nan,0.0,0.0,nan,nan,nan
1781912846.2899659,68.16776847839355,0.0,0.0,0.2,6.117403157828715,9.377052826886716,1.0885901663614803,-0.001106770273090014,6.073476614723437,1781912846.2731423,None,None,None, None, 1781912846.2416956,1.0080773904281064,arrived,none,0.0,nan,nan,0.0,0.0,nan,nan,nan
1781912846.3908525,68.2686550617218,0.0,0.0,0.2,6.116929438914917,9.377485055008151,1.0885177970298605,-0.0033206044105410543,6.073260745954075,1781912846.3381512,None,None,None, None, 1781912846.3662708,0.983227865646136,arrived,none,0.0,nan,nan,0.0,0.0,nan,nan,nan
1781912846.4911213,68.3689239025116,0.0,0.0,0.2,6.118323509663757,9.377740838974914,1.0887011350968003,-0.0011479242182359463,6.073121981718291,1781912846.459034,9.37773853553514,1.0887045109988502,6.121578848902223, 1781912846.458033, 1781912846.4439816,1.0935687285378988,arrived,none,0.0,nan,nan,0.0,0.0,nan,nan,nan
1781912846.5905983,68.4684009552002,0.0,0.0,0.2,6.118053449361508,9.378145723532592,1.088633714870735,-0.0012744519981447305,6.073035924157998,1781912846.526559,None,None,None, None, 1781912846.5691838,0.9474222545440215,arrived,none,0.0,nan,nan,0.0,0.0,nan,nan,nan
1781912846.6901827,68.56798529624939,0.0,0.0,0.2,6.117751776815,9.378548804288473,1.08856648909851,-0.001742286377638297,6.0728056927578615,1781912846.6587024,None,None,None, None, 1781912846.6471903,1.0716336516669258,arrived,none,0.0,nan,nan,0.0,0.0,nan,nan,nan
1781912846.7904823,68.66828489303589,0.0,0.0,0.2,6.117485959141403,9.37895007622765,1.0884994359321025,-0.001282063254832613,6.072641882075335,1781912846.7864735,None,None,None, None, 1781912846.7789464,0.9472625192532201,arrived,none,0.0,nan,nan,0.0,0.0,nan,nan,nan
1781912846.8907123,68.76851487159729,0.0,0.0,0.2,6.1172120953156135,9.379349575807092,1.0884325749549115,-0.001462773249617479,6.072548007367179,1781912846.8506494,None,None,None, None, 1781912846.8496497,0.9420144075258198,arrived,none,0.0,nan,nan,0.0,0.0,nan,nan,nan
1781912846.9909937,68.86879634857178,0.0,0.0,0.2,6.116957896796278,9.379747311879255,1.088365896900359,-0.0012781179071527174,6.0723705748588435,1781912846.9894726,None,None,None, None, 1781912846.9894726,0.9204800992650275,arrived,none,0.0,nan,nan,0.0,0.0,nan,nan,nan
1781912847.1987338,69.07653641700745,0.0,0.0,0.2,6.116713611932145,9.380143310118532,1.0882994096059118,-0.0012456733275679013,6.07213535656936,1781912847.1783009,None,None,None, None, 1781912847.1783009,0.957462551329675,arrived,none,0.0,nan,nan,0.0,0.0,nan,nan,nan
1781912847.2112558,69.08905839920044,0.0,0.0,0.2,6.116473768883975,9.380537589804547,1.088233113898932,-0.0012456733275679013,6.0718862219038465,1781912847.1783009,None,None,None, None, 1781912847.1783009,0.957462551329675,arrived,none,0.0,nan,nan,0.0,0.0,nan,nan,nan
1781912847.291775,69.16957759857178,0.0,0.0,0.2,6.116283917846102,9.380930166920209,1.0881670087505448,-0.0008247187138809155,6.071819097733622,1781912847.2596912,None,None,None, None, 1781912847.2596912,0.9057936667463296,arrived,none,0.0,nan,nan,0.0,0.0,nan,nan,nan
1781912847.3907573,69.26855993270874,0.0,0.0,0.2,6.116253340195551,9.381321089822594,1.088101150519111,-0.0011962323259018012,6.071721134718964,1781912847.3415842,None,None,None, None, 1781912847.3325362,1.0594264397080018,arrived,none,0.0,nan,nan,0.0,0.0,nan,nan,nan
1781912847.4898758,69.36767840385437,0.0,0.0,0.2,6.117598826926213,9.381588979595053,1.0882676517723642,-0.0012971375891571756,6.071634173421287,1781912847.490883,9.381587375292183,1.0882707172590955,6.120256347693425, 1781912847.464145, 1781912847.4778607,1.0541461850101845,arrived,none,0.0,nan,nan,0.0,0.0,nan,nan,nan
1781912847.5904984,69.46830105781555,0.0,0.0,0.2,6.117566969947772,9.381959567453631,1.088205720365883,-0.0013248674842271811,6.07142845258643,1781912847.5639017,None,None,None, None, 1781912847.5603852,1.0708245400674663,arrived,none,0.0,nan,nan,0.0,0.0,nan,nan,nan
1781912847.6914637,69.5692663192749,0.0,0.0,0.2,6.117319917956809,9.382328660446662,1.0881439865959328,-0.0014104626005841257,6.0713075315030345,1781912847.6496332,None,None,None, None, 1781912847.6430902,0.9609176333615861,arrived,none,0.0,nan,nan,0.0,0.0,nan,nan,nan
1781912847.790596,69.66839861869812,0.0,0.0,0.2,6.11708294893806,9.382696154693226,1.0880824239575393,-0.0012291342291463792,6.071151515445959,1781912847.7765648,None,None,None, None, 1781912847.7765648,0.9316413568672471,arrived,none,0.0,nan,nan,0.0,0.0,nan,nan,nan
1781912847.8903565,69.76815915107727,0.0,0.0,0.2,6.116856209374325,9.383062069123,1.0880210380248367,-0.0011594372064876429,6.071073893793321,1781912847.8435125,None,None,None, None, 1781912847.8475177,0.9722544537458955,arrived,none,0.0,nan,nan,0.0,0.0,nan,nan,nan
1781912847.9904134,69.86821603775024,0.0,0.0,0.2,6.11664219895368,9.383426421940817,1.0879598308227612,-0.001080229485286374,6.07093504955213,1781912847.9720447,None,None,None, None, 1781912847.9720447,1.0948969438076888,arrived,none,0.0,nan,nan,0.0,0.0,nan,nan,nan
1781912848.090447,69.96824955940247,0.0,0.0,0.2,6.1164423372692305,9.383789232526086,1.0878988049561569,-0.0009979272636250476,6.070837435118821,1781912848.069862,None,None,None, None, 1781912848.041896,1.0769073323999725,arrived,none,0.0,nan,nan,0.0,0.0,nan,nan,nan
1781912848.1904173,70.06821990013123,0.0,0.0,0.2,6.116403893091571,9.384150526508718,1.08783799712602,-0.0012783770373647793,6.070745439180264,1781912848.141825,None,None,None, None, 1781912848.1889133,0.9420428424073827,arrived,none,0.0,nan,nan,0.0,0.0,nan,nan,nan
1781912848.2904031,70.16820573806763,0.0,0.0,0.2,6.116211623171369,9.384510393050343,1.0877773776548028,-0.0009181694987107162,6.0706182276322735,1781912848.280374,None,None,None, None, 1781912848.2521555,0.9647972411677759,arrived,none,0.0,nan,nan,0.0,0.0,nan,nan,nan
1781912848.390782,70.26858472824097,0.0,0.0,0.2,6.116206540034573,9.384868770382985,1.087716975685289,-0.0009591403766645698,6.070549955461998,1781912848.3515546,None,None,None, None, 1781912848.3807538,1.0982423152938312,arrived,none,0.0,nan,nan,0.0,0.0,nan,nan,nan
1781912848.4904523,70.36825489997864,0.0,0.0,0.2,6.117144945401829,9.385156223192691,1.0878659233402543,-0.0012071031957952018,6.070383498095983,1781912848.4894528,9.385155304719946,1.087868685194775,6.119022212615045, 1781912848.471138, 1781912848.449099,1.098056350366069,arrived,none,0.0,nan,nan,0.0,0.0,nan,nan,nan
1781912848.5903947,70.46819734573364,0.0,0.0,0.2,6.117131728724059,9.385500619395389,1.0878082083030798,-0.0010504695513328562,6.070303649162201,1781912848.5654655,None,None,None, None, 1781912848.5843325,0.907306706903549,arrived,none,0.0,nan,nan,0.0,0.0,nan,nan,nan
1781912848.6905897,70.56839227676392,0.0,0.0,0.2,6.117105574308681,9.385843669440929,1.08775071419798,-0.0011673117984156043,6.0701790870400965,1781912848.672174,None,None,None, None, 1781912848.6845937,1.0372448439227815,arrived,none,0.0,nan,nan,0.0,0.0,nan,nan,nan
1781912848.7900705,70.66787314414978,0.0,0.0,0.2,6.1170333050928685,9.386185376473998,1.0876934359893116,-0.0016360283313031547,6.070064849519534,1781912848.742,None,None,None, None, 1781912848.7510228,0.9219073301637881,arrived,none,0.0,nan,nan,0.0,0.0,nan,nan,nan
1781912848.891112,70.76891469955444,0.0,0.0,0.2,6.116825546852011,9.386525718257532,1.0876363203072819,-0.0009281927938762763,6.069944844040658,1781912848.8712895,None,None,None, None, 1781912848.8800757,0.9450649817531119,arrived,none,0.0,nan,nan,0.0,0.0,nan,nan,nan
1781912848.9910986,70.86890125274658,0.0,0.0,0.2,6.116602077578161,9.386864637067067,1.0875793770109616,-0.0012100944323622238,6.069864791738285,1781912848.9374433,None,None,None, None, 1781912848.976043,0.9599512750115948,arrived,none,0.0,nan,nan,0.0,0.0,nan,nan,nan
1781912849.09323,70.97103261947632,0.0,0.0,0.2,6.11640399703989,9.387202133922894,1.0875225942837285,-0.0009644147985662377,6.069753238601375,1781912849.0531125,None,None,None, None, 1781912849.039017,0.9646142795428809,arrived,none,0.0,nan,nan,0.0,0.0,nan,nan,nan
1781912849.1901503,71.06795287132263,0.0,0.0,0.2,6.1164114172314346,9.387538239700813,1.0874660125200757,-0.0008705124314072407,6.069647029046432,1781912849.1751206,None,None,None, None, 1781912849.16509,1.0313127414931373,arrived,none,0.0,nan,nan,0.0,0.0,nan,nan,nan
1781912849.2903054,71.1681079864502,0.0,0.0,0.2,6.116365540253597,9.38787307302937,1.0874096475219845,-0.0012568945303337205,6.069565434514825,1781912849.2400382,None,None,None, None, 1781912849.2481344,0.9501551572758429,arrived,none,0.0,nan,nan,0.0,0.0,nan,nan,nan
1781912849.3906248,71.26842737197876,0.0,0.0,0.2,6.116367476525886,9.388206614147778,1.0873534843156945,-0.0009459611404930605,6.069440243354234,1781912849.372381,None,None,None, None, 1781912849.3936384,0.9652960243249602,arrived,none,0.0,nan,nan,0.0,0.0,nan,nan,nan
1781912849.4903314,71.36813402175903,0.0,0.0,0.2,6.116880036751126,9.388457865127611,1.0874939872463445,-0.0009365786238544846,6.0693523154012965,1781912849.466263,9.388456794903133,1.087496581835126,6.117874666821834, 1781912849.473801, 1781912849.4672437,1.0569851546733384,arrived,none,0.0,nan,nan,0.0,0.0,nan,nan,nan
1781912849.5917027,71.4695053100586,0.0,0.0,0.2,6.116860718701138,9.388776383239412,1.087440522192168,-0.001042145137404597,6.069267433937296,1781912849.5477118,None,None,None, None, 1781912849.536614,1.0670185060915596,arrived,none,0.0,nan,nan,0.0,0.0,nan,nan,nan
1781912849.6910176,71.5688202381134,0.0,0.0,0.2,6.116837515935733,9.38909367833675,1.0873872561255933,-0.0010946277000831149,6.069177548393961,1781912849.629827,None,None,None, None, 1781912849.6723573,1.004904564229814,arrived,none,0.0,nan,nan,0.0,0.0,nan,nan,nan
1781912849.7899013,71.66770386695862,0.0,0.0,0.2,6.116824822372632,9.389409757528988,1.0873341866390438,-0.0010235517019377921,6.069041752401523,1781912849.7624984,None,None,None, None, 1781912849.7374098,0.9435235756693557,arrived,none,0.0,nan,nan,0.0,0.0,nan,nan,nan
1781912849.8900604,71.76786303520203,0.0,0.0,0.2,6.116811087517257,9.389724635895345,1.0872813146607512,-0.0010219641838191448,6.068956082728805,1781912849.8463268,None,None,None, None, 1781912849.869439,0.9407197293604939,arrived,none,0.0,nan,nan,0.0,0.0,nan,nan,nan
1781912849.9911926,71.86899518966675,0.0,0.0,0.2,6.1168131347605925,9.390038321908529,1.08722863846341,-0.0008734180471528061,6.068886840732589,1781912849.9256039,None,None,None, None, 1781912849.9403553,1.0056736323389146,arrived,none,0.0,nan,nan,0.0,0.0,nan,nan,nan
1781912850.0906947,71.96849727630615,0.0,0.0,0.2,6.116786394751177,9.39035083328492,1.087176160176554,-0.0010672215072934986,6.068733127446191,1781912850.0696352,None,None,None, None, 1781912850.0918372,1.091207288650981,arrived,none,0.0,nan,nan,0.0,0.0,nan,nan,nan
1781912850.1906269,72.06842947006226,0.0,0.0,0.2,6.116782933364463,9.390662162892447,1.0871238717777836,-0.000904871429685035,6.068669477353736,1781912850.1399767,None,None,None, None, 1781912850.1484957,1.0932986214745237,arrived,none,0.0,nan,nan,0.0,0.0,nan,nan,nan
1781912850.2902956,72.16809821128845,0.0,0.0,0.2,6.116748382496448,9.390972332367047,1.0870717771216398,-0.0011376918297405238,6.068537263492135,1781912850.256189,None,None,None, None, 1781912850.2802641,0.9766526831564949,arrived,none,0.0,nan,nan,0.0,0.0,nan,nan,nan
1781912850.3904557,72.26825833320618,0.0,0.0,0.2,6.116731502304344,9.39128133325703,1.0870198677581813,-0.0010534204166027911,6.068405841867003,1781912850.3809462,None,None,None, None, 1781912850.3559556,0.9528668575206674,arrived,none,0.0,nan,nan,0.0,0.0,nan,nan,nan
1781912850.4905024,72.36830496788025,0.0,0.0,0.2,6.1167533642033485,9.391579929689751,1.0871420991559901,-0.0008614964990223841,6.068341519608738,1781912850.4556096,9.391579807468739,1.0871443965704657,6.116785084744789, 1781912850.481974, 1781912850.4925113,0.9763054223085471,arrived,none,0.0,nan,nan,0.0,0.0,nan,nan,nan
1781912850.590026,72.46782851219177,0.0,0.0,0.2,6.116754138330417,9.391882319396377,1.0870913019606547,-0.0008240250926984193,6.068264661557321,1781912850.548881,None,None,None, None, 1781912850.5704787,1.0997609396403774,arrived,none,0.0,nan,nan,0.0,0.0,nan,nan,nan
1781912850.690344,72.56814670562744,0.0,0.0,0.2,6.116784969060686,9.392183573955169,1.0870406956938965,-0.0004720566153746867,6.068213223608329,1781912850.6578467,None,None,None, None, 1781912850.6578467,0.9262278899110289,arrived,none,0.0,nan,nan,0.0,0.0,nan,nan,nan
1781912850.7908063,72.66860890388489,0.0,0.0,0.2,6.116695311607106,9.392483718685739,1.086990285376466,-0.0014482454931775957,6.06806579744728,1781912850.759643,None,None,None, None, 1781912850.7616427,0.9321018056102337,arrived,none,0.0,nan,nan,0.0,0.0,nan,nan,nan
1781912850.8904402,72.76824283599854,0.0,0.0,0.2,6.11678146050968,9.392782694741367,1.0869400437799408,-0.0001228226568067122,6.0680507191452095,1781912850.882408,None,None,None, None, 1781912850.8849247,0.9471108829571306,arrived,none,0.0,nan,nan,0.0,0.0,nan,nan,nan
1781912850.993312,72.87111449241638,0.0,0.0,0.2,6.1167121766756125,9.393080608412799,1.0868900071016692,-0.001156970392424961,6.067965345939194,1781912850.9561982,None,None,None, None, 1781912850.966223,0.9847017371594572,arrived,none,0.0,nan,nan,0.0,0.0,nan,nan,nan
1781912851.0904748,72.96827745437622,0.0,0.0,0.2,6.116648791766037,9.393377381609792,1.0868401408321673,-0.0013179380189357875,6.06779433623656,1781912851.0859537,None,None,None, None, 1781912851.0748944,1.0139955350885643,arrived,none,0.0,nan,nan,0.0,0.0,nan,nan,nan
1781912851.1913457,73.06914830207825,0.0,0.0,0.2,6.1165988233338835,9.393673026003508,1.0867904449647845,-0.0013781802082501761,6.067689820969121,1781912851.1617894,None,None,None, None, 1781912851.1474075,0.9222253593520083,arrived,none,0.0,nan,nan,0.0,0.0,nan,nan,nan
1781912851.2904623,73.16826486587524,0.0,0.0,0.2,6.116438612484841,9.393967552028217,1.0867408899466993,-0.0006048944629723764,6.06763177521163,1781912851.2577496,None,None,None, None, 1781912851.2284899,0.9050040512903665,arrived,none,0.0,nan,nan,0.0,0.0,nan,nan,nan
1781912851.3910167,73.2688193321228,0.0,0.0,0.2,6.116417074223931,9.394260918000672,1.0866915136629605,-0.0009982526646685206,6.067553279301978,1781912851.3363829,None,None,None, None, 1781912851.3910167,0.9694216587066996,arrived,none,0.0,nan,nan,0.0,0.0,nan,nan,nan
1781912851.4945889,73.37239146232605,0.0,0.0,0.2,6.116121786726966,9.394448170297597,1.0868186423759125,-0.0018767437163632473,6.067406717762613,1781912851.4144764,9.394446783122097,1.0868209711787629,6.115781184729344, 1781912851.486039, 1781912851.4715655,0.9161946622965427,arrived,none,0.0,nan,nan,0.0,0.0,nan,nan,nan
1781912851.5907829,73.46858549118042,0.0,0.0,0.2,6.115917589766195,9.394724109625695,1.086772074791079,-0.0007909427977057461,6.067277290694208,1781912851.5781128,None,None,None, None, 1781912851.5383499,1.0945404963685041,arrived,none,0.0,nan,nan,0.0,0.0,nan,nan,nan
1781912851.690623,73.56842565536499,0.0,0.0,0.2,6.115911763013286,9.39499892834503,1.086725672930535,-0.0010256396230765303,6.067201082439267,1781912851.652416,None,None,None, None, 1781912851.68619,0.9396679185766953,arrived,none,0.0,nan,nan,0.0,0.0,nan,nan,nan
1781912851.8024306,73.68023324012756,0.0,0.0,0.2,6.115907628556171,9.395272739036285,1.0866794396299244,-0.0009701773799508631,6.067074181610299,1781912851.7832177,None,None,None, None, 1781912851.7581112,1.032637597313397,arrived,none,0.0,nan,nan,0.0,0.0,nan,nan,nan
1781912851.890228,73.76803064346313,0.0,0.0,0.2,6.11591886924131,9.395545549992008,1.0866333739759082,-0.0007867272800878125,6.067016892545659,1781912851.8560371,None,None,None, None, 1781912851.8340135,1.0112414090775972,arrived,none,0.0,nan,nan,0.0,0.0,nan,nan,nan
1781912851.9906843,73.8684868812561,0.0,0.0,0.2,6.115905727347364,9.395817376946098,1.0865874776187001,-0.0009107707451213184,6.06690018336723,1781912851.9841805,None,None,None, None, 1781912851.951885,1.048223923232413,arrived,none,0.0,nan,nan,0.0,0.0,nan,nan,nan
1781912852.0900843,73.96788692474365,0.0,0.0,0.2,6.11589316601227,9.396088213655576,1.0865417447975938,-0.0009032683208819094,6.066839728860411,1781912852.051109,None,None,None, None, 1781912852.0768218,1.0463542378624906,arrived,none,0.0,nan,nan,0.0,0.0,nan,nan,nan
1781912852.190714,74.06851649284363,0.0,0.0,0.2,6.115885379024285,9.39635806758686,1.0864961744396138,-0.0008566852140233152,6.066780143308004,1781912852.1206627,None,None,None, None, 1781912852.150134,1.0295076088272366,arrived,none,0.0,nan,nan,0.0,0.0,nan,nan,nan
1781912852.2905264,74.16832900047302,0.0,0.0,0.2,6.115875209143275,9.396626948409423,1.0864507662574694,-0.0008566852140233152,6.0666088062652,1781912852.1206627,None,None,None, None, 1781912852.150134,1.0295076088272366,arrived,none,0.0,nan,nan,0.0,0.0,nan,nan,nan
1781912852.4104416,74.28824424743652,0.0,0.0,0.2,6.115955017318187,9.396894861805285,1.0864055186505082,-5.185420638034038e-05,6.066597885638565,1781912852.3312652,None,None,None, None, 1781912852.3322656,0.9135353261201163,arrived,none,0.0,nan,nan,0.0,0.0,nan,nan,nan
1781912852.4904268,74.36822938919067,0.0,0.0,0.2,6.115997224883592,9.397161863330515,1.0863604469648158,-5.185420638034038e-05,6.0665875147972885,1781912852.3312652,None,None,None, None, 1781912852.3322656,0.9135353261201163,arrived,none,0.0,nan,nan,0.0,0.0,nan,nan,nan
1781912852.5898936,74.46769618988037,0.0,0.0,0.2,6.115997224883592,9.39742793921762,1.0863155430835296,-5.185420638034038e-05,6.0665875147972885,1781912852.3312652,None,None,None, None, 1781912852.3322656,0.9135353261201163,arrived,none,0.0,nan,nan,0.0,0.0,nan,nan,nan
1781912852.6902406,74.56804323196411,0.0,0.0,0.2,6.115997224883592,9.397693073373835,1.0862707981319852,-5.185420638034038e-05,6.0665875147972885,1781912852.3312652,None,None,None, None, 1781912852.3322656,0.9135353261201163,arrived,none,0.0,nan,nan,0.0,0.0,nan,nan,nan
1781912852.790837,74.66863965988159,0.0,0.0,0.2,6.115997224883592,9.39795727245356,1.0862262109871634,-5.185420638034038e-05,6.0665875147972885,1781912852.3312652,None,None,None, None, 1781912852.3322656,0.9135353261201163,arrived,none,0.0,nan,nan,0.0,0.0,nan,nan,nan
1781912852.8908374,74.76864004135132,0.0,0.0,0.2,6.115997224883592,9.39822054304083,1.0861817805379197,-5.185420638034038e-05,6.0665875147972885,1781912852.3312652,None,None,None, None, 1781912852.3322656,0.9135353261201163,arrived,none,0.0,nan,nan,0.0,0.0,nan,nan,nan
1781912852.9899676,74.86777019500732,0.0,0.0,0.2,6.115997224883592,9.398482891650303,1.0861375056848181,-5.185420638034038e-05,6.0665875147972885,1781912852.3312652,None,None,None, None, 1781912852.3322656,0.9135353261201163,arrived,none,0.0,nan,nan,0.0,0.0,nan,nan,nan
1781912853.0902572,74.9680597782135,0.0,0.0,0.2,6.115997224883592,9.398744324728234,1.0860933853399666,-5.185420638034038e-05,6.0665875147972885,1781912852.3312652,None,None,None, None, 1781912852.3322656,0.9135353261201163,arrived,none,0.0,nan,nan,0.0,0.0,nan,nan,nan
1781912853.1913571,75.06915974617004,0.0,0.0,0.2,6.115997224883592,9.39900484865343,1.0860494184268557,-5.185420638034038e-05,6.0665875147972885,1781912852.3312652,None,None,None, None, 1781912852.3322656,0.9135353261201163,arrived,none,0.0,nan,nan,0.0,0.0,nan,nan,nan
1781912853.2904878,75.16829037666321,0.0,0.0,0.2,6.115997224883592,9.399264469738185,1.0860056038802008,-5.185420638034038e-05,6.0665875147972885,1781912852.3312652,None,None,None, None, 1781912852.3322656,0.9135353261201163,arrived,none,0.0,nan,nan,0.0,0.0,nan,nan,nan
1781912853.390764,75.26856660842896,0.0,0.0,0.2,6.115997224883592,9.399523194229209,1.085961940645786,-5.185420638034038e-05,6.0665875147972885,1781912852.3312652,None,None,None, None, 1781912852.3322656,0.9135353261201163,arrived,none,0.0,nan,nan,0.0,0.0,nan,nan,nan
1781912853.4904332,75.36823582649231,0.0,0.0,0.2,6.115997224883592,9.399781028308528,1.0859184276803113,-5.185420638034038e-05,6.0665875147972885,1781912852.3312652,None,None,None, None, 1781912852.3322656,0.9135353261201163,arrived,none,0.0,nan,nan,0.0,0.0,nan,nan,nan
