epoch [s],elapsed [s],x [m],y [m],z [m],roll [deg],pitch [deg],yaw [deg],broadcast
1782957324.3639905,0.24782800674438477,-3.7316602194543004e-05,1.0000000004486795,0.029617288234523143,0.0,0.0,359.99999990766514,False
1782957324.4445958,0.3284332752227783,-3.0010844790137224e-05,1.0000000003307878,0.030437232992075156,0.0,0.0,359.9999999077052,False
1782957324.529262,0.4130995273590088,-2.9265133714032416e-05,1.0000000002803817,0.03041477761386357,0.0,0.0,359.99999990772653,False
1782957324.6350856,0.5189230442047119,-5.208674344901019e-05,1.000000000558686,0.027645973160379998,0.0,0.0,359.99999990766963,False
1782957324.70849,0.592327356338501,-6.693789209380897e-05,1.0000000007693144,0.025855376313912774,0.0,0.0,359.99999990771033,False
1782957324.7839053,0.6677427291870117,-6.77511191428175e-05,1.000000000840946,0.025454839701211675,0.0,0.0,359.9999999077374,False
1782957324.8507516,0.7345890998840332,-6.156447124541875e-05,1.000000000773138,0.026083606981821546,0.0,0.0,359.99999990771533,False
1782957324.9235582,0.8073956966400146,-5.17935690622907e-05,1.0000000006519194,0.027161091318844272,0.0,0.0,359.99999990769726,False
1782957324.9873004,0.8711378574371338,-4.3792196490034065e-05,1.0000000005430096,0.02811100764746321,0.0,0.0,359.99999990770203,False
1782957325.0500197,0.9338572025299072,-3.0477167052914304e-05,1.0000000002956595,0.030306520682733415,0.0,0.0,359.999999907773,False
1782957325.224649,1.1084864139556885,-3.927310835474736e-05,1.000000000382758,0.02972946866771472,0.0,0.0,359.9999999077431,False
1782957325.318729,1.202566385269165,-5.6045135328831545e-05,1.0000000006033418,0.02795789324672483,0.0,0.0,359.99999990772886,False
1782957325.3983634,1.282200813293457,-6.99334957858403e-05,1.000000000843034,0.025657501657054802,0.0,0.0,359.999999907794,False
1782957325.4929886,1.3768260478973389,-6.687994002765903e-05,1.0000000008351384,0.025461577149732656,0.0,0.0,359.9999999077893,False
1782957325.5834894,1.4673268795013428,-4.950683713058167e-05,1.0000000006308762,0.026779615847661503,0.0,0.0,359.9999999077531,False
1782957325.6911383,1.5749757289886475,-3.3083131668661876e-05,1.0000000003637395,0.029146088501330956,0.0,0.0,359.9999999078039,False
1782957325.7633426,1.6471800804138184,-3.3010272388074956e-05,1.0000000003133167,0.02993261333014956,0.0,0.0,359.9999999078199,False
1782957325.8450897,1.7289271354675293,-5.2394405975420545e-05,1.0000000005259293,0.028987476536098195,0.0,0.0,359.99999990778207,False
1782957325.9397132,1.8235507011413574,-6.181383678490436e-05,1.0000000006712382,0.027858093305393013,0.0,0.0,359.99999990779986,False
1782957326.0158033,1.8996407985687256,-6.609874443737899e-05,1.0000000007531664,0.02708879128953977,0.0,0.0,359.99999990782146,False
1782957326.087417,1.9712543487548828,-6.608785817671008e-05,1.0000000008308296,0.025803675930526557,0.0,0.0,359.9999999078437,False
1782957326.2202127,2.1040501594543457,-4.606920997870498e-05,1.0000000006062029,0.02663162493424683,0.0,0.0,359.99999990781276,False
1782957326.3013387,2.185176134109497,-3.366799181222841e-05,1.0000000003534566,0.028912885115856973,0.0,0.0,359.9999999078665,False
1782957326.6806579,2.564495325088501,-6.58760651817747e-05,1.0000000008129883,0.026513959872643534,0.0,0.0,359.99999990789945,False
1782957326.777987,2.6618244647979736,-4.387776686980996e-05,1.0000000008352978,0.025921273244674525,0.0,0.0,0.005017378988703419,False
1782957326.8949096,2.778747081756592,0.002103158300304341,1.000005161970861,0.027757663021714504,0.0,0.0,0.7144172762914177,False
1782957327.0449548,2.9287922382354736,0.0042731010620952956,1.0000195518027386,0.028950697415478125,0.0,0.0,1.270751238738709,False
1782957327.201893,3.08573055267334,0.012510626824906728,1.0001442870692043,0.02873680413956423,0.0,0.0,2.7879747933678996,False
1782957327.322538,3.2063753604888916,0.018426788434524867,1.00029401443676,0.027216505844325938,0.0,0.0,3.635068400065909,False
1782957327.4492567,3.3330941200256348,0.024431051134578597,1.000493592481025,0.026412171006100448,0.0,0.0,4.401404374628565,False
1782957327.5586846,3.4425220489501953,0.02696999610157227,1.0005920766829974,0.026405291016940783,0.0,0.0,4.706957532544712,False
1782957327.636808,3.5206453800201416,0.02957619200291967,1.0007018022733183,0.026579870029494305,0.0,0.0,5.012230551366616,False
1782957327.740597,3.624434471130371,0.041960831399065125,1.001342749026734,0.028414610111250307,0.0,0.0,6.388623784556313,False
1782957327.8579767,3.741814136505127,0.04773269854146804,1.0017095757315622,0.028879892493973516,0.0,0.0,7.0038696386792765,False
1782957327.961258,3.84509539604187,0.051405389419622416,1.001965865167675,0.028875928523568233,0.0,0.0,7.3893425522898255,False
1782957328.0432146,3.9270520210266113,0.06492053625090348,1.0030653972306245,0.027580303387091394,0.0,0.0,8.777016934967426,False
1782957328.1388514,4.022688865661621,0.06949177273982748,1.0034943308823254,0.027161036993177342,0.0,0.0,9.237935399244634,False
1782957328.2469459,4.130783319473267,0.0733173219661004,1.0038760440288104,0.026975762926890835,0.0,0.0,9.621249761732404,False
1782957328.3238244,4.207661867141724,0.08717479620893065,1.0054367399130304,0.02760883079370537,0.0,0.0,10.998798685715588,False
1782957328.405288,4.289125442504883,0.09104098420064678,1.005923095496095,0.027945301797689857,0.0,0.0,11.38195400214715,False
1782957328.4967184,4.380555868148804,0.0949130903525071,1.0064329399189977,0.028226960827614465,0.0,0.0,11.765665018774753,False
1782957328.5719185,4.455755949020386,0.10189670754843974,1.0074107706635034,0.028445996403615365,0.0,0.0,12.45768444892755,False
1782957328.6561835,4.540020942687988,0.11044884180418868,1.0087120199218134,0.028159373613037175,0.0,0.0,13.304650350714068,False
1782957328.7393641,4.623201608657837,0.11433758501301854,1.0093421164907126,0.027908690214973803,0.0,0.0,13.689475714599748,False
1782957328.8422487,4.726086139678955,0.12754098685700105,1.011664590649941,0.02731139801377546,0.0,0.0,14.994969449726476,False
1782957328.9646096,4.84844708442688,0.13219064021134197,1.0125510534689561,0.02735167371998722,0.0,0.0,15.454804573801548,False
1782957329.0307066,4.914544105529785,0.135287036804976,1.0131615338252877,0.027449758459039922,0.0,0.0,15.761287736661462,False
1782957329.1078174,4.991654872894287,0.1399265838441606,1.0141066850956109,0.027663954530989885,0.0,0.0,16.221120601135276,False
1782957329.2250216,5.108859062194824,0.15150105977178177,1.0166258097050234,0.028138030306683378,0.0,0.0,17.372416887759705,False
1782957329.2930937,5.176931142807007,0.15612174319259953,1.0176966272071186,0.02816922272761412,0.0,0.0,17.833672344196902,False
1782957329.367106,5.250943422317505,0.16534420208610318,1.0199467949904433,0.027940700472922853,0.0,0.0,18.75656015757459,False
1782957329.447256,5.3310935497283936,0.16917742772176048,1.0209268214608194,0.0277916127701427,0.0,0.0,19.140920890716277,False
1782957329.5236554,5.4074928760528564,0.1730039967257907,1.0219316611503628,0.027655548338547557,0.0,0.0,19.525051270730852,False
1782957329.6075456,5.491383075714111,0.18519976322435314,1.0253133942836576,0.027545265238482587,0.0,0.0,20.75278963258494,False
1782957329.7409453,5.6247828006744385,0.1912686532053541,1.0270993928667977,0.0276847683241208,0.0,0.0,21.366348387718734,False
1782957329.819512,5.703349351882935,0.19580784558872913,1.0284807187838392,0.02782002357639951,0.0,0.0,21.826688505752827,False
1782957329.9047844,5.78862190246582,0.2048550784516518,1.0313515150486632,0.028004203459989413,0.0,0.0,22.748146734565957,False
1782957329.9835112,5.867348670959473,0.2108633049795026,1.0333456506113365,0.027994482638155356,0.0,0.0,23.362926649122752,False
1782957330.0806627,5.964500188827515,0.2146878212023451,1.0346591636393667,0.02793757816550443,0.0,0.0,23.736997255429795,False
1782957330.1788225,6.062659978866577,0.22622092165134994,1.0388642661771816,0.02771269423279161,0.0,0.0,24.71349121537569,False
1782957330.314467,6.1983044147491455,0.23865669756143706,1.043739811409861,0.027647084614554014,0.0,0.0,25.645901996615443,False
1782957330.4374132,6.321250677108765,0.25093692935975387,1.048861517192195,0.02777349648880522,0.0,0.0,26.47376008705813,False
1782957330.5340612,6.417898654937744,0.2548477209933897,1.050551495248313,0.027820918270430577,0.0,0.0,26.721294519695967,False
1782957330.6277792,6.5116167068481445,0.2578319078327968,1.051860026652695,0.02785209086011249,0.0,0.0,26.9030243743491,False
1782957330.7359161,6.61975359916687,0.27014794972603007,1.0574219153195836,0.02790425881160057,0.0,0.0,27.60474154740008,False
1782957330.8270087,6.710846185684204,0.28233018930885057,1.063180767401319,0.027846894679655797,0.0,0.0,28.16280097473091,False
1782957330.897249,6.781086444854736,0.29641449130652625,1.0701046205557099,0.02775340325774055,0.0,0.0,28.706225698705225,False
1782957330.9818323,6.8656697273254395,0.30246267659336235,1.0731536341487267,0.027729763639856294,0.0,0.0,28.916948231192865,False
1782957331.0619538,6.945791244506836,0.3112125863699439,1.077642808238677,0.02772163886886879,0.0,0.0,29.17760569187903,False
1782957331.147636,7.031473398208618,0.33090236287455754,1.0880319698287075,0.02777624050611133,0.0,0.0,29.58068816613891,False
1782957331.2228334,7.10667085647583,0.33755421563071975,1.0916129489144648,0.027799073404035285,0.0,0.0,29.67224018229325,False
1782957331.304949,7.188786506652832,0.34416486675081615,1.0952003292312562,0.027816520400781506,0.0,0.0,29.738018515173003,False
1782957331.4032245,7.287061929702759,0.36473192497139734,1.1065075782731615,0.027819284020480728,0.0,0.0,29.723654945364032,False
1782957331.4914765,7.375313997268677,0.3709672165223965,1.109969468845738,0.027807612794816416,0.0,0.0,29.640247890977307,False
1782957331.5913692,7.475206613540649,0.3783153861617282,1.1140622031454048,0.027792164488242278,0.0,0.0,29.487960279661106,False
1782957331.6654835,7.549320936203003,0.3970391271053722,1.124513459265236,0.02777279244604873,0.0,0.0,28.83169218906572,False
1782957331.7436001,7.627437591552734,0.4028177608071139,1.1277323556695413,0.027776042487603545,0.0,0.0,28.59799119011455,False
1782957331.8333275,7.717164993286133,0.40996713026356935,1.131700263081209,0.027783517995474984,0.0,0.0,28.341810034341336,False
1782957331.907207,7.791044473648071,0.42218549232239005,1.138435820926263,0.02779724631020212,0.0,0.0,27.941882078645502,False
1782957331.977522,7.861359357833862,0.4345633339528416,1.1451916563784352,0.027803390975174258,0.0,0.0,27.549104738541676,True
1782957332.0786805,7.962517976760864,0.4420274887997043,1.1492289647907252,0.027801924668914506,0.0,0.0,27.31323666158316,False
1782957332.198552,8.08238935470581,0.4544155275513394,1.155865355539532,0.027794165195541568,0.0,0.0,26.905477426619004,False
1782957332.2712862,8.155123710632324,0.4678446269483745,1.1629635717146802,0.02778629102331319,0.0,0.0,26.421959196209812,False
1782957332.3544896,8.238327026367188,0.4775076733115217,1.1680030932199066,0.027785052264750098,0.0,0.0,26.053495301198996,False
1782957332.4296906,8.313528060913086,0.48350087465932395,1.1710982894553872,0.02778642729694942,0.0,0.0,25.816223802605517,False
1782957332.5247614,8.408598899841309,0.5036074157236003,1.181300036343917,0.027796328794390448,0.0,0.0,24.97270497926386,False
1782957332.6299484,8.51378583908081,0.5117636061551396,1.18535362296103,0.02779896296644941,0.0,0.0,24.609467824889684,False
1782957332.7101576,8.593995094299316,0.5163845551924487,1.1876275680745436,0.027799518297889597,0.0,0.0,24.397214097524085,False
1782957332.7924197,8.676257133483887,0.5259431850266759,1.1922641819270714,0.027797985250540662,0.0,0.0,24.015736698634296,False
1782957332.8636389,8.74747633934021,0.5421429007791125,1.1999347454449416,0.02779130544943359,0.0,0.0,23.46653228131146,False
1782957332.9562848,8.84012222290039,0.5497550381570352,1.2034666646435257,0.027788555522286734,0.0,0.0,23.22250131227085,False
1782957333.0967507,8.98058819770813,0.5561055680479967,1.2063808462707635,0.027787179301870597,0.0,0.0,23.01653989474924,False
1782957333.1923075,9.076144933700562,0.5711928652634533,1.2131930066469898,0.027788166730067725,0.0,0.0,22.491891927323383,False
1782957333.3081553,9.19199275970459,0.587306089243473,1.2202934170616975,0.027793340602367267,0.0,0.0,21.885163137640816,False
1782957333.3989265,9.282763957977295,0.5969988884314369,1.2244789655347084,0.027796236155965284,0.0,0.0,21.48077367530475,False
1782957333.4856644,9.369501829147339,0.6122164793131322,1.230918872017919,0.0277980033079753,0.0,0.0,20.763202880605334,False
1782957333.5916915,9.475528955459595,0.6190956248251718,1.2337716829144523,0.027797487934668873,0.0,0.0,20.42010184183768,False
1782957333.733587,9.617424488067627,0.6282191962830406,1.2374931724705889,0.02779603495957621,0.0,0.0,19.96178389573069,False
1782957333.8143241,9.698161602020264,0.6415600205674181,1.2427726619973571,0.027792870111181058,0.0,0.0,19.43354636962741,False
1782957333.8906932,9.77453064918518,0.6585695569461356,1.2492564066337464,0.027789115932085266,0.0,0.0,18.934255323685864,False
1782957334.0024767,9.886314153671265,0.666661054719253,1.2522617403037364,0.027788001774187988,0.0,0.0,18.72326993370519,False
1782957334.0850775,9.968914985656738,0.6748181496609541,1.2552465621457212,0.02778747110590358,0.0,0.0,18.515392482685474,False
1782957334.1917806,10.075618028640747,0.6883857751754433,1.260121063119201,0.027788108626433713,0.0,0.0,18.1555533145486,False
1782957334.3311458,10.214983224868774,0.7180309711877042,1.2703990015252784,0.027792571605401568,0.0,0.0,17.30775953509582,False
1782957334.4061046,10.289942026138306,0.7247258384595595,1.2726508195502177,0.027793209824339672,0.0,0.0,17.10540073082911,False
1782957334.482665,10.366502523422241,0.7313756289981954,1.2748629894898842,0.027793559193398567,0.0,0.0,16.89607791240511,False
1782957334.5582912,10.442128658294678,0.7392755639341612,1.277459508677947,0.027793650725283368,0.0,0.0,16.633598372455793,False
1782957334.660973,10.54481053352356,0.7599755286350368,1.2840939728007372,0.027793035660322832,0.0,0.0,15.886779563916562,False
1782957334.7564895,10.640326976776123,0.7677351496737514,1.2865116071459826,0.027792722224172364,0.0,0.0,15.608236716156279,False
1782957334.8503428,10.734180212020874,0.7868613378303713,1.2922836955250427,0.02779058517742043,0.0,0.0,15.082521607223406,False
1782957334.9657285,10.849565982818604,0.8024340371153831,1.2968168633298316,0.027788470680861245,0.0,0.0,14.729037656403367,False
1782957335.0626502,10.946487665176392,0.8109981438779669,1.2992546720266325,0.027787612272606607,0.0,0.0,14.542701275170524,False
1782957335.1762085,11.060045957565308,0.8295141369540583,1.3044040687109688,0.027787493601623248,0.0,0.0,14.128361554849437,False
1782957335.2884817,11.172319173812866,0.8465273413273875,1.3089951547090772,0.02778936703497327,0.0,0.0,13.72862894060053,False
1782957335.4055743,11.289411783218384,0.8704731101582008,1.3152343963974205,0.027792137282348153,0.0,0.0,13.130566243966504,False
1782957335.4822187,11.366056203842163,0.8774780269611314,1.317010377710967,0.027792391538053907,0.0,0.0,12.947532653457296,False
1782957335.5894158,11.47325325012207,0.8886028277843386,1.319785514360441,0.027792270143689735,0.0,0.0,12.642198466596598,False
1782957335.679461,11.563298463821411,0.9023805162957006,1.3231431791546855,0.02779163210341062,0.0,0.0,12.241919932434904,False
1782957335.7687128,11.652550220489502,0.9192726852037242,1.327124740173017,0.027790183427797228,0.0,0.0,11.806695115971587,False
1782957335.8525994,11.73643684387207,0.9310274717593704,1.3298057184373993,0.027788584614441163,0.0,0.0,11.579581615093364,False
1782957335.947873,11.831710577011108,0.9515836826173353,1.3343537539020311,0.02778700090390414,0.0,0.0,11.18434023755932,False
1782957336.0543227,11.938160181045532,0.9604083572748601,1.3362783964454663,0.027790439695989193,0.0,0.0,10.799482964799969,False
1782957336.1409652,12.024802684783936,0.9694470692621948,1.3382307970715654,0.027796678334836032,0.0,0.0,10.2547434321569,False
1782957336.220981,12.104818344116211,0.9806877005021041,1.3406150972828859,0.0278040953041263,0.0,0.0,9.438151221286065,False
1782957336.3151152,12.198952674865723,0.9864399596307678,1.3418078440189307,0.02780570482573088,0.0,0.0,8.984385503255414,False
1782957336.393248,12.277085542678833,1.0009834425932551,1.3446315184422375,0.027800680095644126,0.0,0.0,8.092269566446555,False
1782957336.5728264,12.456663846969604,1.017056319900994,1.3474655434765905,0.027791403026311733,0.0,0.0,7.316086827304863,False
1782957336.7145913,12.598428726196289,1.0230774222668713,1.3484602147619063,0.02778937618794753,0.0,0.0,7.054261081225156,False
1782957336.848599,12.732436418533325,1.0317533063391915,1.349833350780981,0.027788393520043645,0.0,0.0,6.703286304307082,False
1782957336.9412806,12.825118064880371,1.0445382476530654,1.351738454376128,0.027790165058473055,0.0,0.0,6.223643392140203,False
1782957337.056431,12.940268516540527,1.0536873897089802,1.3530222115891148,0.027792399646273305,0.0,0.0,5.89768612962007,False
1782957337.2196317,13.103469133377075,1.0642754322029833,1.354431022244429,0.027794513465920823,0.0,0.0,5.530185925366208,False
1782957337.3370638,13.220901250839233,1.0709389118061128,1.3552774303829267,0.027795179090689563,0.0,0.0,5.301464490783213,False
1782957337.4822767,13.366114139556885,1.0829794281846723,1.356731381642615,0.027794925582869858,0.0,0.0,4.888837893791292,False
1782957337.6195793,13.503416776657104,1.0869979950094952,1.3571955886123428,0.02779451360059891,0.0,0.0,4.7504945970110075,False
1782957337.8057854,13.68962287902832,1.0910166920463833,1.357649451293765,0.027794005765102894,0.0,0.0,4.6116271373277655,False
1782957337.907414,13.791251420974731,1.1031086605391422,1.358952098015168,0.02779230941537064,0.0,0.0,4.197056170926779,False
1782957338.0205138,13.904351234436035,1.124676047816933,1.3610463919194864,0.027791098487467823,0.0,0.0,3.461433263934265,False
1782957338.1201692,14.004006624221802,1.1341279546121625,1.3618732868355568,0.027791590746447884,0.0,0.0,3.1396247691061583,False
1782957338.206957,14.090794563293457,1.142241696535089,1.3625392296506544,0.02779225561251584,0.0,0.0,2.8645583846023235,False
1782957338.3240516,14.207889080047607,1.1666610257127894,1.3643010671461921,0.027793496053121904,0.0,0.0,2.0452198924895213,False
1782957338.4229043,14.306741714477539,1.1762075759442372,1.364891457687892,0.027793242291823436,0.0,0.0,1.7312523425933792,False
1782957338.5564642,14.440301656723022,1.1995417052425112,1.366105371027297,0.027791757258652298,0.0,0.0,0.9827283733326825,False
1782957338.6334379,14.517275333404541,1.2091951371197096,1.366514412224384,0.027791348945473582,0.0,0.0,0.6782956276801861,False
1782957338.7714734,14.655310869216919,1.2327547972826425,1.3672881353013389,0.02779146492989051,0.0,0.0,359.94968044204904,False
1782957338.8504114,14.734248876571655,1.2411573197612267,1.3674870181711654,0.0277916051524436,0.0,0.0,359.70224419863274,False
1782957338.9499614,14.833798885345459,1.2653707880488618,1.3678387935903695,0.027791025214169807,0.0,0.0,359.0469825147655,False
1782957339.0601022,14.943939685821533,1.2754557350600313,1.367893799991662,0.027790464560800834,0.0,0.0,358.7895142508871,False
1782957339.1898782,15.073715686798096,1.2928538758705403,1.367869149691276,0.02778959658840533,0.0,0.0,358.3603565713361,False
1782957339.3046935,15.188530921936035,1.3132988488476536,1.36765512381098,0.02778932638119378,0.0,0.0,357.8769977572321,False
1782957339.3840175,15.267854928970337,1.3206439431179786,1.3675310678171897,0.027789400473052388,0.0,0.0,357.7098031607419,False
1782957339.5117323,15.395569801330566,1.3488406057568647,1.3668331918948602,0.027789410308037436,0.0,0.0,357.1126246238998,False
1782957339.6117399,15.495577335357666,1.3563251952516084,1.366591579695477,0.027789225814019724,0.0,0.0,356.9645814703714,False
1782957339.6818633,15.565700769424438,1.3638565676649423,1.3663253014619907,0.027788917842803646,0.0,0.0,356.8232078683376,False
1782957339.7578022,15.641639709472656,1.3867008091873967,1.3653833126651258,0.027787597863439338,0.0,0.0,356.43780289226703,False
1782957339.8496964,15.73353385925293,1.3958968090369193,1.3649511202872022,0.02778716947274941,0.0,0.0,356.2946486487043,False
1782957339.9268456,15.810683012008667,1.4066299362684855,1.364411073225056,0.02778693346430027,0.0,0.0,356.1305585794975,False
1782957340.0062003,15.890037775039673,1.4281279117408916,1.3632194073593205,0.027787261294920804,0.0,0.0,355.81276573268667,False
1782957340.088981,15.972818374633789,1.4358198636689177,1.362758896079702,0.027787523116578547,0.0,0.0,355.7028628400735,False
1782957340.1706188,16.05445623397827,1.4435206916757148,1.3622805045474107,0.02778777613031756,0.0,0.0,355.5950086150922,True
1782957340.240761,16.124598503112793,1.4682337342972487,1.3606326177324597,0.02778798899440513,0.0,0.0,355.26549925480447,False
1782957340.3203135,16.204150915145874,1.4759765878772513,1.3600824314843052,0.027787810835567462,0.0,0.0,355.1673517514741,False
1782957340.4097931,16.293630599975586,1.4853062609630414,1.3593986432063991,0.02778742379243228,0.0,0.0,355.05629219214285,False
1782957340.4954402,16.37927770614624,1.4946810243055357,1.358689361084058,0.027786903742691126,0.0,0.0,354.95374633968834,False
1782957340.5820775,16.465914964675903,1.5198088355111457,1.3566870179506727,0.027785687959067846,0.0,0.0,354.71990186347216,False
1782957340.6456444,16.529481887817383,1.52609903726123,1.3561645896430579,0.027785573341438205,0.0,0.0,354.6699767939799,False
1782957340.7217755,16.605612993240356,1.533951617567523,1.3555015473181422,0.027785594504575958,0.0,0.0,354.6133005037599,False
1782957340.7899146,16.673752069473267,1.544917351099195,1.3545566918553273,0.027785928370939166,0.0,0.0,354.5455840385874,False
1782957340.8627446,16.74658203125,1.5653117405415213,1.3527455397801134,0.02778686749655087,0.0,0.0,354.42948469126884,False
1782957340.9400206,16.82385802268982,1.5731713597392811,1.3520306034958405,0.027787149669121592,0.0,0.0,354.3859171594228,False
1782957341.0158753,16.899712800979614,1.5810422162844717,1.3513059320461447,0.027787295324010048,0.0,0.0,354.3439412477217,False
1782957341.079475,16.96331238746643,1.6062526914759079,1.348931278114493,0.027786728759588448,0.0,0.0,354.2225769057904,False
1782957341.1427965,17.026633977890015,1.6125548430520529,1.3483259644970462,0.027786417638332846,0.0,0.0,354.1953790452279,False
1782957341.2340312,17.117868661880493,1.6220018712879896,1.3474105966589647,0.027785964925514446,0.0,0.0,354.15745796292293,False
1782957341.3207133,17.204550743103027,1.6298631150637324,1.346641978101708,0.027785696775871935,0.0,0.0,354.1293556669712,False
1782957341.4086134,17.29245090484619,1.6565219903862112,1.3439938011831805,0.02778613125835092,0.0,0.0,354.06029357791675,False
1782957341.4877982,17.371635675430298,1.6643405222682477,1.3432064903839491,0.027786614433093066,0.0,0.0,354.04902623118124,False
1782957341.5634034,17.447240829467773,1.6721429908595977,1.3424167575396133,0.027787158932655487,0.0,0.0,354.0434119031609,False
1782957341.63983,17.523667573928833,1.6970157688219947,1.3398781987665709,0.027788310934814483,0.0,0.0,354.0688831634822,False
1782957341.7019017,17.585739135742188,1.7032189722869389,1.339241649030372,0.027788298052458176,0.0,0.0,354.08568457524814,False
1782957341.7647357,17.64857316017151,1.709414387477969,1.338605195160774,0.027788166146618717,0.0,0.0,354.10706578340375,False
1782957341.8269198,17.7107572555542,1.7156155186193731,1.3379678083604034,0.027787911924778495,0.0,0.0,354.13128433092265,False
1782957341.9070988,17.79093623161316,1.7359077903167899,1.3358837513350734,0.027786472726317676,0.0,0.0,354.20929350210736,False
1782957341.9859388,17.869776248931885,1.7468866207317186,1.3347596777008117,0.027785758018988894,0.0,0.0,354.2508903371633,False
1782957342.077156,17.96099352836609,1.7563092333770938,1.3337979848800163,0.027785390322834672,0.0,0.0,354.28684423385783,False
1782957342.1568105,18.040647983551025,1.7814558278089447,1.331249307977253,0.027785725601929313,0.0,0.0,354.3858035402805,False
1782957342.2330089,18.116846323013306,1.7893168368643808,1.330458819138981,0.027786101128595392,0.0,0.0,354.4177101147518,False
1782957342.3281505,18.21198797225952,1.7987461063697796,1.329515027324159,0.02778659215847121,0.0,0.0,354.4573675188355,False
1782957342.3941557,18.277993202209473,1.817586455257305,1.3276448675607622,0.027787320085960143,0.0,0.0,354.54278101846313,False
1782957342.4657276,18.349565029144287,1.8301395886663245,1.3264114095898931,0.027787395513255982,0.0,0.0,354.6038889687074,False
1782957342.5458395,18.42967700958252,1.8364140188802713,1.3257989557250414,0.02778730268220552,0.0,0.0,354.6357138415415,False
1782957342.6400232,18.523860692977905,1.8458192819825647,1.3248862258452283,0.027787050702876445,0.0,0.0,354.68558587844757,False
1782957342.7195992,18.603436708450317,1.8708607767993344,1.322489685737759,0.0277863376937717,0.0,0.0,354.8325808449197,False
1782957342.8127189,18.696556329727173,1.8802450867436526,1.3216052585508427,0.027786263334396145,0.0,0.0,354.89164987943906,False
1782957342.8880246,18.771862030029297,1.8880748230894835,1.3208735136036174,0.027786295424272744,0.0,0.0,354.93776744108607,False
1782957342.9642787,18.848116159439087,1.90375733144091,1.3194251176987226,0.027786541233745927,0.0,0.0,355.01964458678145,False
1782957343.087039,18.970876455307007,1.9210252010071833,1.3178565426545004,0.027786826835971612,0.0,0.0,355.09488682439616,False
1782957343.1901777,19.074015140533447,1.9320128838447417,1.3168721047474348,0.027786878170446207,0.0,0.0,355.1345229992845,False
1782957343.3003557,19.18419313430786,1.9414302529157528,1.3160362969521688,0.027786815027332205,0.0,0.0,355.1637364967181,False
1782957343.3699403,19.253777742385864,1.9524213540763158,1.3150694860336392,0.027786644923439036,0.0,0.0,355.19324126144784,False
1782957343.4711003,19.35493779182434,1.9697039637602751,1.3135664100538729,0.02778635989098133,0.0,0.0,355.23108683916087,False
1782957343.5569537,19.440791130065918,1.9838504895298144,1.3123498783427234,0.02778629198512305,0.0,0.0,355.25470469939273,False
1782957343.6320755,19.515913009643555,1.9995789589389623,1.3110097830276763,0.027786414108190258,0.0,0.0,355.27441177962606,False
1782957343.726735,19.610572576522827,2.016896520937334,1.3095470219515666,0.027786588573554226,0.0,0.0,355.29010359510625,False
1782957343.8518045,19.735641956329346,2.0373627817762388,1.3078320013543392,0.027786587385066525,0.0,0.0,355.29936255116746,False
1782957343.960214,19.844051361083984,2.054601481613379,1.3063958771231932,0.027786609535601175,0.0,0.0,355.28597169550966,False
1782957344.0604322,19.94426965713501,2.081153262366715,1.3041902167990784,0.027787048071075036,0.0,0.0,355.2205458758673,False
1782957344.1553671,20.039204597473145,2.0905170152484436,1.3034114866176507,0.027787277096184632,0.0,0.0,355.1858119216692,False
1782957344.294988,20.17882537841797,2.0983270240914385,1.3027606365044335,0.02778741679820939,0.0,0.0,355.15380374907227,False
1782957344.3881934,20.2720308303833,2.118668795924937,1.3010562964626566,0.027787287717081614,0.0,0.0,355.0616886982205,False
1782957344.4753008,20.359138250350952,2.137502371167702,1.2994616608559648,0.027786483894871667,0.0,0.0,354.97238179031547,False
1782957344.5736465,20.457484006881714,2.1532306280960314,1.298114432450776,0.027785763372082856,0.0,0.0,354.89841843907305,False
1782957344.6703556,20.554193019866943,2.1611060576951675,1.2974339267417476,0.027785551510264118,0.0,0.0,354.8624377319645,False
1782957344.744047,20.62788438796997,2.1784420663962636,1.2959212026729698,0.02778565838875548,0.0,0.0,354.7891154854877,False
1782957344.829066,20.71290349960327,2.195771178699972,1.2943884734162894,0.027786394944538485,0.0,0.0,354.72534552486155,False
1782957344.9182186,20.802056074142456,2.2099409731608306,1.2931200683493025,0.02778700753714709,0.0,0.0,354.6730319226743,False
1782957345.0184667,20.90230417251587,2.231985412691589,1.2911200002273213,0.02778712265742259,0.0,0.0,354.58841234638163,False
1782957345.1216466,21.005484104156494,2.2414381403008887,1.2902523491280553,0.027786820165257096,0.0,0.0,354.55188805536835,False
1782957345.1965005,21.08033800125122,2.2477440392398034,1.2896701791577911,0.027786547134879276,0.0,0.0,354.5280214892247,False
1782957345.2700417,21.153879165649414,2.2635114462546486,1.2882028222809339,0.02778588698660948,0.0,0.0,354.4718869703337,False
1782957345.4248714,21.308708906173706,2.2871485514417826,1.2859726505923248,0.027785737397647767,0.0,0.0,354.39901759288506,False
1782957345.5093179,21.393155336380005,2.3107455667234023,1.283712391972086,0.02778662619053203,0.0,0.0,354.3444947938017,False
1782957345.585653,21.46949052810669,2.318597846995975,1.2829534898131028,0.02778694299635826,0.0,0.0,354.33162641876265,False
1782957345.6780798,21.561917304992676,2.329574321062874,1.2818876246765685,0.027787257375101834,0.0,0.0,354.3195936626068,False
1782957345.7546856,21.63852310180664,2.3530334902850805,1.2795933667498651,0.027787233927307295,0.0,0.0,354.3207595221798,False
1782957345.8498573,21.733694791793823,2.3608418890404304,1.2788260458110017,0.027787069870572636,0.0,0.0,354.329646497189,False
1782957345.946662,21.830499410629272,2.3765141169870767,1.277282745353562,0.027786582241460776,0.0,0.0,354.3493743770607,False
1782957346.040316,21.924153566360474,2.3969501490361793,1.2752677345775074,0.02778608266725914,0.0,0.0,354.3785025674976,False
1782957346.1249602,22.008797645568848,2.4063882905881093,1.2743373577633639,0.027785994696947383,0.0,0.0,354.39415450181394,False
1782957346.211634,22.095471382141113,2.4111074961325514,1.2738724016251175,0.027785984552363432,0.0,0.0,354.4025856330448,False
1782957346.2870877,22.17092514038086,2.4378298605516675,1.2712453196311473,0.027786294129249465,0.0,0.0,354.4612571522592,False
1782957346.3730955,22.256932973861694,2.447253389582941,1.2703222786414323,0.02778650277655308,0.0,0.0,354.4867253717973,False
1782957346.4481254,22.331962823867798,2.4551023013669218,1.2695552867974436,0.027786690206209615,0.0,0.0,354.5101827963482,False
1782957346.5192873,22.403124809265137,2.4629489316471918,1.2687904208825536,0.02778686536031302,0.0,0.0,354.53558740506867,False
1782957346.6092644,22.493101835250854,2.488050878439815,1.266359169577314,0.02778707674787109,0.0,0.0,354.6290242123813,False
1782957346.6970887,22.580926179885864,2.494323199101432,1.2657560197520379,0.02778701574796581,0.0,0.0,354.65536909084943,False
1782957346.7934391,22.677276611328125,2.514694944427541,1.263811456975556,0.027786613310493754,0.0,0.0,354.749789618858,False
1782957346.8848658,22.76870322227478,2.52882423145511,1.2624774769497165,0.02778628239446894,0.0,0.0,354.8148376236201,False
1782957347.0038748,22.887712240219116,2.5414057807687374,1.2613007462574028,0.027786103202685614,0.0,0.0,354.86766294001876,False
1782957347.073905,22.95774245262146,2.5665857203794387,1.2589778492327373,0.027786273643360927,0.0,0.0,354.95785051808264,True
1782957347.2066836,23.090521097183228,2.5728828635377314,1.2584035136344147,0.027786377046984757,0.0,0.0,354.97745097067303,False
1782957347.3005707,23.18440818786621,2.5823322726032187,1.257546438084557,0.02778651556899111,0.0,0.0,355.0051684961335,False
1782957347.3990028,23.282840251922607,2.5902114652962687,1.256836029985884,0.027786586612307672,0.0,0.0,355.0271127568603,False
1782957347.4796064,23.363443851470947,2.6012473056859795,1.2558472505389016,0.02778659663022759,0.0,0.0,355.05615021671883,False
1782957347.5757813,23.45961880683899,2.626498193842178,1.2536105550242378,0.027786285305055558,0.0,0.0,355.11778215617056,False
1782957347.6539247,23.53776216506958,2.6343965458415326,1.2529178278833994,0.02778615920634703,0.0,0.0,355.1363774238035,False
1782957347.7300532,23.613890647888184,2.6422969227087703,1.2522280379228345,0.027786058072128375,0.0,0.0,355.15468372365746,False
1782957347.8070145,23.69085192680359,2.6644106419033253,1.2503130779341247,0.027786041210306155,0.0,0.0,355.2024418171569,False
1782957347.8849957,23.76883316040039,2.672288841338107,1.2496361834801168,0.02778617011576749,0.0,0.0,355.2154196049198,False
1782957347.9630337,23.84687113761902,2.686449761689387,1.248425898195554,0.027786511336731046,0.0,0.0,355.23233899088774,False
1782957348.0296545,23.91349196434021,2.7053095149952515,1.2468251693567614,0.02778695079264765,0.0,0.0,355.2423472180635,False
1782957348.10709,23.99092745780945,2.713164180734162,1.2461615963893342,0.027787054823337567,0.0,0.0,355.24234512041727,False
1782957348.2199798,24.103817224502563,2.722588867753099,1.245367281407849,0.027787082908860034,0.0,0.0,355.23918955585657,False
1782957348.3278024,24.211639881134033,2.752453962582168,1.2428588726380596,0.027786495157155557,0.0,0.0,355.2115292428507,False
1782957348.3996303,24.283467769622803,2.760315872235413,1.2421994551970845,0.027786285176970158,0.0,0.0,355.20002928179235,False
1782957348.49384,24.37767744064331,2.769754688808097,1.2414075938843108,0.02778608516870221,0.0,0.0,355.18459818885106,False
1782957348.5644174,24.448254823684692,2.7886561289496448,1.2398196987880021,0.027785989437778016,0.0,0.0,355.1510154890049,False
1782957348.6679385,24.55177593231201,2.8044274067158956,1.2384908797227543,0.02778622151992115,0.0,0.0,355.1214698573613,False
1782957348.742839,24.626676559448242,2.8123194008346357,1.2378241599762245,0.027786376238930665,0.0,0.0,355.1070964144014,False
1782957348.8238003,24.707637786865234,2.8249444613461288,1.236754764061492,0.02778658431970979,0.0,0.0,355.0846206040171,False
1782957348.9130373,24.79687476158142,2.8470205711185046,1.2348754872320344,0.027786609889207458,0.0,0.0,355.0393769863418,False
1782957349.0009,24.884737491607666,2.8549051218555714,1.234201074058387,0.027786506003751238,0.0,0.0,355.0219247132877,False
1782957349.076244,24.960081577301025,2.880164151635821,1.2320275903675781,0.02778609402736491,0.0,0.0,354.96700695053937,False
1782957349.1498845,25.033721923828125,2.8896439011635597,1.2312064899550361,0.027786029149632043,0.0,0.0,354.94705606334037,False
1782957349.2142274,25.09806489944458,2.895964389465546,1.2306573415859738,0.027786028983033704,0.0,0.0,354.93401455246686,False
1782957349.2914226,25.175260066986084,2.9038625089960997,1.2299692051328455,0.027786076793333392,0.0,0.0,354.9184309138422,False
1782957349.3676722,25.25150966644287,2.9291046125736155,1.227755802982961,0.027786420041434164,0.0,0.0,354.87717950752216,False
1782957349.459114,25.34295153617859,2.9369840051144673,1.2270606424384167,0.027786518819451468,0.0,0.0,354.8673608691917,False
1782957349.5222454,25.40608286857605,2.943282949517378,1.2265035653053573,0.027786584798177548,0.0,0.0,354.8609536845692,False
1782957349.58765,25.471487522125244,2.9558654525296344,1.2253874473767445,0.027786686666172563,0.0,0.0,354.8530067704971,False
1782957349.6618314,25.545668840408325,2.9762714427141637,1.2235695023374769,0.027786797739525824,0.0,0.0,354.8564078167421,False
1782957349.725394,25.60923147201538,2.9825440568079298,1.223009228584863,0.0277868204063102,0.0,0.0,354.861590143691,False
1782957349.8090312,25.69286870956421,2.9903822662876136,1.2223085010319226,0.02778684054338244,0.0,0.0,354.8707955439705,False
1782957349.9177582,25.80159568786621,3.020127935204024,1.2196483773522895,0.027786849752271154,0.0,0.0,354.93702224765144,False
1782957349.9906821,25.87451958656311,3.027962418844904,1.2189491397199395,0.027786796459522648,0.0,0.0,354.9605561609568,False
1782957350.0675113,25.951348781585693,3.035812671270981,1.2182497759420514,0.02778669440654072,0.0,0.0,354.9842314948307,False
1782957350.1462526,26.03009009361267,3.049969630430244,1.2169927199679234,0.027786440645225594,0.0,0.0,355.0271860127356,False
1782957350.2230132,26.106850624084473,3.068874714547656,1.2153243906690012,0.02778611548878055,0.0,0.0,355.0852382076787,False
1782957350.301119,26.184956550598145,3.076753031393629,1.2146331649043678,0.02778604200244296,0.0,0.0,355.11028442593636,False
1782957350.3785503,26.26238775253296,3.083055057334594,1.214082097396704,0.027786023358294075,0.0,0.0,355.13081471637275,False
1782957350.4569492,26.340786695480347,3.109815432797385,1.211762279745899,0.027786387784134017,0.0,0.0,355.22615955521337,False
1782957350.534186,26.418023347854614,3.117681863473481,1.2110871479953196,0.02778657645867543,0.0,0.0,355.2566765534888,False
1782957350.6126351,26.496472597122192,3.125547680132082,1.2104154349624283,0.02778675445859321,0.0,0.0,355.2882191548819,False
1782957350.6789813,26.56281876564026,3.1428518607600413,1.208950306591843,0.027786968046134484,0.0,0.0,355.3609604904693,False
1782957350.7553964,26.639233827590942,3.157009783126023,1.2077653073081012,0.027786868532362372,0.0,0.0,355.4235923196036,False
1782957350.8601313,26.743968725204468,3.16644657327943,1.2069827501059565,0.027786688176509703,0.0,0.0,355.4669936285399,False
1782957350.9329288,26.816766262054443,3.179031597937066,1.205948674129375,0.02778639289851798,0.0,0.0,355.52626514748147,False
1782957351.0531366,26.936974048614502,3.2042749035298383,1.2039091467782803,0.027785951672932862,0.0,0.0,355.6370154915424,False
1782957351.161302,27.04513955116272,3.213753743722518,1.2031554134954987,0.027785954817910716,0.0,0.0,355.6757450860496,False
1782957351.2531352,27.136972665786743,3.2311298371280204,1.201790703129384,0.027786173988396005,0.0,0.0,355.74142715782773,False
1782957351.39685,27.2806875705719,3.248505174987858,1.2004474692478788,0.027786442267019488,0.0,0.0,355.8007886460637,False
1782957351.4760091,27.359846591949463,3.256403198775968,1.1998437149892316,0.027786516913881107,0.0,0.0,355.82585211462384,False
1782957351.571083,27.454920530319214,3.2832734192003334,1.1978197671009327,0.02778642344892,0.0,0.0,355.9053914527789,False
1782957351.6568818,27.540719270706177,3.291182422701077,1.1972324648986745,0.027786323878568952,0.0,0.0,355.9277770483946,False
1782957351.7448907,27.62872815132141,3.302257528417284,1.1964161680793008,0.02778618146204892,0.0,0.0,355.95841808564546,False
1782957351.8201807,27.704018115997314,3.3228302593091747,1.1949180055880029,0.027786026938771972,0.0,0.0,356.01328886910227,False
1782957351.917344,27.80118155479431,3.3354916675359108,1.1940072023482646,0.027786045843839778,0.0,0.0,356.0457529639235,False
1782957352.0007498,27.884587287902832,3.3433957940138113,1.19344276590172,0.027786120295079757,0.0,0.0,356.06418757915003,False
1782957352.0708747,27.95471215248108,3.3686391049512086,1.1916601273602345,0.027786566316835085,0.0,0.0,356.10933692290047,False
1782957352.1414826,28.025320053100586,3.3765192919915155,1.1911093575148484,0.027786701557657795,0.0,0.0,356.11930030176865,False
1782957352.2172034,28.101040840148926,3.3843975742297485,1.1905611372690055,0.02778680381367383,0.0,0.0,356.127354382129,False
1782957352.3055925,28.189429998397827,3.3938504451874465,1.1899062609553128,0.027786863297724305,0.0,0.0,356.1346092763859,False
1782957352.409238,28.293075561523438,3.414343500883163,1.1884958686195182,0.027786689499702918,0.0,0.0,356.1438538654991,False
1782957352.5136864,28.397523880004883,3.4332684867907344,1.1872022785455028,0.027786299979274256,0.0,0.0,356.144994984509,False
1782957352.594612,28.47844934463501,3.4474637603494878,1.186235954031744,0.02778606876526933,0.0,0.0,356.1412161481201,False
1782957352.6875384,28.571375846862793,3.455352805943116,1.185699943500519,0.027786016510904878,0.0,0.0,356.1377754745002,False
1782957352.7705684,28.65440583229065,3.4806178039863847,1.1839859979712228,0.02778626575594269,0.0,0.0,356.12273573804566,False
1782957352.8602405,28.744077920913696,3.4916771053118367,1.1832361241572225,0.027786474771980593,0.0,0.0,356.1142532746108,False
1782957352.9886305,28.87246799468994,3.501157044886165,1.1825931216213021,0.0277866149161757,0.0,0.0,356.10593100234945,False
1782957353.076752,28.96058940887451,3.5185267550011767,1.181413723736902,0.02778666661823712,0.0,0.0,356.08641638132593,False
1782957353.1508262,29.034663677215576,3.535894689966009,1.1802316625992089,0.027786432653405514,0.0,0.0,356.06246897500705,False
1782957353.226259,29.11009645462036,3.5501109226528484,1.1792610916865474,0.027786182205882116,0.0,0.0,356.0410350285271,False
1782957353.3119059,29.195743322372437,3.570652782384285,1.177852460634196,0.027786065106714677,0.0,0.0,356.0076745397115,False
1782957353.3890543,29.272891759872437,3.578559440976219,1.1773079998451732,0.027786114090778295,0.0,0.0,355.9948331647346,False
1782957353.4737718,29.357609272003174,3.5943804160799266,1.17621434689452,0.027786287121337735,0.0,0.0,355.96956290314716,False
1782957353.596417,29.480254411697388,3.6165385836904442,1.1746725966908633,0.02778640128880923,0.0,0.0,355.93507075320554,False
1782957353.6685166,29.552354097366333,3.622868466799345,1.1742299385817159,0.02778637506424892,0.0,0.0,355.92564316501205,False
1782957353.7695386,29.65337610244751,3.63709731214438,1.1732312439295738,0.02778627647517902,0.0,0.0,355.9069982856953,False
1782957353.8601658,29.744003295898438,3.657623863260316,1.1717819179474682,0.027786230802576597,0.0,0.0,355.8874818368983,False
1782957353.9582906,29.842128038406372,3.668675408808242,1.1709977241237473,0.027786309061987022,0.0,0.0,355.8797763265904,True
1782957354.045029,29.928866386413574,3.697136345539945,1.1689674684609996,0.027786518974685575,0.0,0.0,355.86030895750145,False
1782957354.1256988,30.009536266326904,3.705046735031984,1.168400720181133,0.0277864899809251,0.0,0.0,355.8551047910982,False
1782957354.2037976,30.087635040283203,3.7129543791961903,1.1678331906123074,0.027786410670048,0.0,0.0,355.8505117111351,False
1782957354.2891088,30.172946214675903,3.7176978044550344,1.1674923075704358,0.027786342549698705,0.0,0.0,355.84805882147486,False
1782957354.3793385,30.26317596435547,3.746125032380955,1.1654432122116503,0.027786015685233114,0.0,0.0,355.8417951868808,False
1782957354.468442,30.35227942466736,3.7540144585077178,1.1648729878212,0.027786064421616546,0.0,0.0,355.84288095093194,False
1782957354.547061,30.430898427963257,3.763478404760867,1.1641883512715445,0.02778623330877137,0.0,0.0,355.84604377856584,False
1782957354.628156,30.511993408203125,3.7886922849694824,1.1623628021830958,0.027786930101028662,0.0,0.0,355.86720021532085,False
1782957354.7040753,30.587912797927856,3.7965678581350324,1.1617927328762272,0.027787049223704407,0.0,0.0,355.87757752584884,False
1782957354.7846467,30.668484210968018,3.804439245364549,1.1612233431197996,0.027787066510233438,0.0,0.0,355.89014799259803,False
1782957354.8680298,30.751867294311523,3.8217431798466563,1.1599739766542672,0.027786759892474887,0.0,0.0,355.92578984018985,False
1782957354.9418228,30.825660228729248,3.8374748145371385,1.158842612509875,0.02778629819637085,0.0,0.0,355.9657488446995,False
1782957355.0203946,30.904232025146484,3.845353057998747,1.1582782591136038,0.027786104296745783,0.0,0.0,355.986344873879,False
1782957355.0965285,30.980365991592407,3.853237559107495,1.1577152096685668,0.027785991418298166,0.0,0.0,356.00719174372273,False
1782957355.2053256,31.089163064956665,3.881652280322722,1.155703005668027,0.027786291431990743,0.0,0.0,356.0842593930915,False
1782957355.2813573,31.165194749832153,3.8895463246852024,1.1551492342745453,0.02778645525577609,0.0,0.0,356.10675483133446,False
1782957355.3569343,31.240771770477295,3.897438509262614,1.1545980798799145,0.027786585246446862,0.0,0.0,356.13003618436915,False
1782957355.4564319,31.340269327163696,3.9226860042767036,1.1528528841808476,0.02778658035516697,0.0,0.0,356.20946488561395,False
1782957355.528728,31.41256546974182,3.9321522634409383,1.152206117143972,0.02778646047137647,0.0,0.0,356.2410450565847,False
1782957355.609381,31.493218421936035,3.940040613561672,1.151670523120377,0.027786362951577628,0.0,0.0,356.2680518698132,False
1782957355.6826952,31.566532611846924,3.966861773274814,1.1498737298622936,0.027786310726430664,0.0,0.0,356.3641796080297,False
1782957355.7602856,31.644123077392578,3.9747535022977485,1.149352573772764,0.0277863714880329,0.0,0.0,356.39325063446125,False
1782957355.8226671,31.706504583358765,3.9810696067428073,1.1489380426832858,0.0277864213372452,0.0,0.0,356.41643473198343,False
1782957355.9194489,31.80328631401062,3.990547076151418,1.1483203944393017,0.027786475221989994,0.0,0.0,356.45104642137255,False
1782957356.008391,31.892228364944458,4.015831582609442,1.1466986355891327,0.027786379348181307,0.0,0.0,356.5357445362324,False
1782957356.0722377,31.956075191497803,4.022154104178763,1.1462990080828745,0.027786313279967986,0.0,0.0,356.5550430216816,False
1782957356.148081,32.0319185256958,4.030057712675308,1.1458027041230958,0.02778623188060287,0.0,0.0,356.5781836959828,False
1782957356.245883,32.12972044944763,4.058514230081676,1.1440447128172981,0.027786189932848003,0.0,0.0,356.65305090998874,False
1782957356.3177638,32.20160126686096,4.066419255789294,1.1435640179953024,0.027786264845877852,0.0,0.0,356.6715806852344,False
1782957356.3960145,32.27985191345215,4.074321146232517,1.1430866526084875,0.02778636404607514,0.0,0.0,356.68868273016653,False
1782957356.47709,32.36092734336853,4.082220403021016,1.1426124686099743,0.027786466227023177,0.0,0.0,356.7043264172399,False
1782957356.5546703,32.43850779533386,4.109066934201098,1.1410216852042154,0.027786597278684905,0.0,0.0,356.7470935032597,False
1782957356.6385202,32.52235770225525,4.116961205118166,1.1405594370259062,0.02778655103276168,0.0,0.0,356.7567243909143,False
1782957356.712692,32.596529483795166,4.124855044829825,1.1400994418103179,0.027786481199036258,0.0,0.0,356.76505831432144,False
1782957356.80394,32.687777519226074,4.151692426486876,1.1385500221687628,0.02778629101203921,0.0,0.0,356.783917244994,False
1782957356.903853,32.78769040107727,4.159585628974543,1.1380979213057894,0.027786295274712294,0.0,0.0,356.78672442834744,False
1782957356.9774883,32.86132574081421,4.167476281826769,1.137647301560081,0.027786335364529974,0.0,0.0,356.78793381909503,False
1782957357.0530968,32.93693423271179,4.192708225096327,1.1362132105274239,0.027786582546621922,0.0,0.0,356.7794695944627,False
1782957357.1497662,33.03360366821289,4.200591154721019,1.1357665989846264,0.027786639626844366,0.0,0.0,356.7731451840306,False
1782957357.2321184,33.11595582962036,4.2068996235639196,1.1354094288027607,0.02778665917383114,0.0,0.0,356.76721049033404,False
1782957357.3022013,33.18603873252869,4.222676703043841,1.1345163740725774,0.02778660384771715,0.0,0.0,356.7491003239641,False
1782957357.363591,33.24742841720581,4.238458581349314,1.1336220931095105,0.02778644696770171,0.0,0.0,356.7264298735106,False
1782957357.4334075,33.31724500656128,4.244773078128047,1.1332636801570337,0.027786376037792083,0.0,0.0,356.7162686031394,False
1782957357.518495,33.40233254432678,4.254250223109275,1.1327248281047957,0.02778627432287236,0.0,0.0,356.70053251382194,False
1782957357.6028674,33.48670482635498,4.2795600330028885,1.1312785844041788,0.027786119981040917,0.0,0.0,356.65919275036276,False
1782957357.6789477,33.562785148620605,4.287475965045376,1.1308237089029238,0.027786122781666714,0.0,0.0,356.64656586879073,False
1782957357.758626,33.64246344566345,4.301728459491971,1.1300012742504122,0.027786169512971737,0.0,0.0,356.6241724519256,False
1782957357.848464,33.732301473617554,4.320735922513929,1.1288971393462996,0.027786247353422146,0.0,0.0,356.5949605590871,False
1782957357.929682,33.81351947784424,4.328656409790775,1.1284344689431072,0.027786267729166064,0.0,0.0,356.5829992141484,False
1782957358.0048058,33.88864326477051,4.341329634415731,1.1276909439427671,0.027786278940134156,0.0,0.0,356.5641097933578,False
1782957358.0889454,33.9727828502655,4.361924188410823,1.1264741080899217,0.027786256080833495,0.0,0.0,356.5340449224371,False
1782957358.1782603,34.062097787857056,4.368259237924441,1.1260976571902732,0.027786248815695136,0.0,0.0,356.5251909807121,False
1782957358.2585084,34.142345905303955,4.3745919285889325,1.125720344511583,0.027786247496186887,0.0,0.0,356.51679408167513,False
1782957358.3363688,34.22020626068115,4.4014796533365255,1.1241074909998594,0.027786324969644786,0.0,0.0,356.48766434069506,False
1782957358.4279993,34.31183671951294,4.4109586360558986,1.1235349649277657,0.02778638546337171,0.0,0.0,356.48077594656166,False
1782957358.506179,34.39001655578613,4.418855172866948,1.1230566088053808,0.027786440320040302,0.0,0.0,356.476435074075,False
1782957358.581654,34.46549153327942,4.444095818766031,1.1215203446524762,0.027786613014160143,0.0,0.0,356.47447115949103,False
1782957358.660276,34.54411339759827,4.450401595258224,1.1211351964914216,0.02778663679530501,0.0,0.0,356.47691886639166,False
1782957358.7379007,34.62173819541931,4.458282459758164,1.120653333574472,0.027786647832451182,0.0,0.0,356.4816217526839,False
1782957358.8058596,34.68969702720642,4.475610995429662,1.119592701300552,0.02778661363037303,0.0,0.0,356.4991917229569,False
1782957358.8770003,34.76083779335022,4.4897763289348065,1.1187258156939583,0.027786567347455042,0.0,0.0,356.521998355893,False
1782957358.9386597,34.82249712944031,4.496073364170535,1.1183408811479807,0.027786543875962008,0.0,0.0,356.53402580618064,False
1782957359.015271,34.89910840988159,4.503949848364103,1.1178600297641372,0.027786509884822896,0.0,0.0,356.5499829454974,False
1782957359.0772974,34.961134910583496,4.524446081983008,1.1166135696701256,0.027786438508370936,0.0,0.0,356.59608030604164,False
1782957359.1406567,35.02449417114258,4.533908380330807,1.1160412097954049,0.027786424278144137,0.0,0.0,356.61985949276317,False
1782957359.2018762,35.085713624954224,4.538638277716054,1.1157559851225058,0.027786423630088482,0.0,0.0,356.63255339898774,False
1782957359.2642367,35.14807415008545,4.544943825045812,1.1153767499930638,0.027786427534736435,0.0,0.0,356.6502873977514,False
1782957359.3273344,35.21117186546326,4.568583422230428,1.1139668418498185,0.027786475378764816,0.0,0.0,356.72456843602396,False
1782957359.423186,35.30702352523804,4.578038460561006,1.113408979445933,0.027786506904068094,0.0,0.0,356.7574133205958,False
1782957359.4980104,35.381847858428955,4.585921155108108,1.1129468990739164,0.027786529242559328,0.0,0.0,356.7855390869794,False
1782957359.5614583,35.44529581069946,4.592229530504407,1.1125792013547322,0.027786542265300168,0.0,0.0,356.8084333854367,False
1782957359.639048,35.52288556098938,4.619053720109495,1.1110383421604648,0.0277865112037624,0.0,0.0,356.90932201467365,False
1782957359.7185814,35.60241889953613,4.626945631813624,1.1105924836126098,0.027786468875789665,0.0,0.0,356.94000816658564,False
1782957359.7812998,35.66513729095459,4.633259586005015,1.1102383632380637,0.027786427507480765,0.0,0.0,356.9648599699719,False
1782957359.8485782,35.73241567611694,4.649045593428707,1.1093634317680752,0.027786325986379236,0.0,0.0,357.02809129282815,False
1782957359.9190276,35.80286502838135,4.664833945545158,1.1085038689301945,0.027786286838842326,0.0,0.0,357.0926201234397,False
1782957359.9984324,35.882269859313965,4.672697655376448,1.108081634222588,0.02778637485174215,0.0,0.0,357.12927088019535,False
1782957360.062027,35.94586443901062,4.6785287506842215,1.1077698212997122,0.027787524536743068,0.0,0.0,357.2221332241814,False
1782957360.1377425,36.02157998085022,4.69926141321949,1.1066778997554574,0.027799988204823246,0.0,0.0,358.18537804446913,False
1782957360.2019968,36.08583426475525,4.702477820174576,1.1065141300251886,0.027802085511799357,0.0,0.0,358.4012109013643,True
1782957360.2637403,36.14757776260376,4.706628325587965,1.106306912303843,0.027804265732967837,0.0,0.0,358.6962399505994,False
1782957360.326088,36.209925413131714,4.710643822858758,1.1061118613650867,0.027805568703569657,0.0,0.0,358.9963885224882,False
1782957360.391673,36.27551054954529,4.723899166373379,1.1055203344694289,0.027803100940402937,0.0,0.0,0.06333618609451547,False
1782957360.4698236,36.35366106033325,4.728408725283024,1.105342797896206,0.027800503052891706,0.0,0.0,0.44660495027597974,False
1782957360.5601559,36.44399333000183,4.731953012830353,1.1052136078384958,0.02779835303455667,0.0,0.0,0.7534705446310438,False
1782957360.6612675,36.54510498046875,4.739761489841116,1.104965373270323,0.02779473322406843,0.0,0.0,1.4442765751833393,False
1782957360.7750876,36.65892505645752,4.752404219834044,1.1046870165448681,0.027795646796946544,0.0,0.0,2.595956288398124,False
1782957360.878051,36.76188850402832,4.758193217780979,1.104617589134316,0.02779830133608835,0.0,0.0,3.1334428378684103,False
1782957360.9550328,36.83887028694153,4.762296590978125,1.1045924525950008,0.027800267203822795,0.0,0.0,3.5173684237302476,False
1782957361.0553923,36.93922972679138,4.77610296994229,1.10466511114318,0.027802692174354847,0.0,0.0,4.8227453517663905,False
1782957361.1432402,37.02707767486572,4.780935800851999,1.1047509812035397,0.027801550021954596,0.0,0.0,5.2834719481735135,False
1782957361.2363446,37.120182037353516,4.786554654520688,1.1048920865496732,0.027799525563355104,0.0,0.0,5.820984935349853,False
1782957361.3109913,37.194828748703,4.799336755460573,1.1053841879247166,0.02779629484489375,0.0,0.0,7.049570058249746,False
1782957361.4077537,37.29159116744995,4.804112715707814,1.105630842514558,0.027796506283480082,0.0,0.0,7.510284440558775,False
1782957361.4848895,37.36872696876526,4.808086716709778,1.105862708434697,0.027797247860386794,0.0,0.0,7.89421258334648,False
1782957361.5515132,37.4353506565094,4.8183968086345015,1.1065789438784925,0.027800080690319327,0.0,0.0,8.892430444175249,False
1782957361.6341476,37.517985105514526,4.823145484213371,1.1069653504893369,0.027801004874955747,0.0,0.0,9.353150518724108,False
1782957361.7523444,37.63618183135986,4.8286783354635014,1.1074611762309803,0.027801305079229486,0.0,0.0,9.890660312632452,False
1782957361.843621,37.727458477020264,4.842871091008733,1.1089608848586012,0.027798960729001874,0.0,0.0,11.272831221387099,False
1782957361.921655,37.80549240112305,4.846804732859258,1.1094353304360627,0.02779819591869727,0.0,0.0,11.656765398280655,False
1782957362.001695,37.88553237915039,4.850736087139371,1.1099354136941073,0.027797678277953437,0.0,0.0,12.04048565905711,False
1782957362.1080642,37.99190163612366,4.864293212517201,1.1118757812303077,0.027798199971221658,0.0,0.0,13.326670563444521,False
1782957362.2198353,38.10367274284363,4.868325160856783,1.1125161069319585,0.027798791796526254,0.0,0.0,13.702997547430536,False
1782957362.3189414,38.202778816223145,4.873179859031932,1.1133246386131963,0.027799475201157813,0.0,0.0,14.154388354313571,False
1782957362.4281452,38.31198263168335,4.882096092070558,1.114914204727827,0.027800101162975734,0.0,0.0,14.9832336623657,False
1782957362.526443,38.41028046607971,4.891073774013433,1.1166552803944008,0.027799608837091812,0.0,0.0,15.807253618767078,False
1782957362.6397238,38.523561239242554,4.900932000928012,1.1187290141315605,0.027798491235876476,0.0,0.0,16.70303347312943,False
1782957362.708818,38.592655420303345,4.905930506633348,1.119848650852937,0.02779805377216048,0.0,0.0,17.144251984656975,False
1782957362.782992,38.666829347610474,4.920496171860165,1.1233783272334097,0.027797941531889202,0.0,0.0,18.369017656585957,False
1782957362.8916051,38.775442600250244,4.925849167519725,1.1247779192769292,0.02779812573214535,0.0,0.0,18.784539651175784,False
1782957362.9894414,38.873278856277466,4.934327981922825,1.1271172538323386,0.02779807139724523,0.0,0.0,19.371886967591543,False
1782957363.0862036,38.970041036605835,4.951079775267311,1.1321445341373697,0.027796023489384203,0.0,0.0,20.297916998051203,False
1782957363.190321,39.07415843009949,4.956656221535052,1.1339158080648237,0.027795070149592593,0.0,0.0,20.569101747104533,False
1782957363.2767143,39.16055178642273,4.963569163830463,1.1361728859530396,0.027793888158963394,0.0,0.0,20.879059457938446,False
1782957363.3648374,39.24867486953735,4.984254567273846,1.14327953375081,0.027791418485548117,0.0,0.0,21.67931312882415,False
1782957363.4454858,39.329323291778564,4.990578722735472,1.145544740016064,0.027791082239858284,0.0,0.0,21.896818140623317,False
1782957363.530619,39.414456367492676,4.998313515163803,1.1483689189994521,0.027790799691362802,0.0,0.0,22.143840709705472,False
1782957363.6137586,39.49759602546692,5.018264694053229,1.1558995828622987,0.02779000598549668,0.0,0.0,22.69620422928325,False
1782957363.6842844,39.568121910095215,5.023711510442214,1.1580112005243328,0.02778967284501698,0.0,0.0,22.828413559370325,False
1782957363.8213136,39.705151081085205,5.032000584628588,1.1612670886255685,0.02778898433658271,0.0,0.0,23.010371264941334,False
1782957363.9297462,39.81358361244202,5.04466821298631,1.1663330222209087,0.027787629517783744,0.0,0.0,23.235311418810696,False
1782957364.0234542,39.907291650772095,5.068688625966394,1.1761808496976083,0.02778635841377406,0.0,0.0,23.494825386104413,False
1782957364.129141,40.01297855377197,5.077234949219903,1.1797490183929722,0.027786394963247113,0.0,0.0,23.562563124503335,False
1782957364.2347505,40.11858797073364,5.085825692040776,1.1833640713928577,0.027786595521079458,0.0,0.0,23.624204716473212,False
1782957364.3370087,40.22084617614746,5.111644843019844,1.1943682839332594,0.027787500506075053,0.0,0.0,23.75722846180782,False
1782957364.4531152,40.336952686309814,5.120071260478764,1.1979949445425133,0.027788040314030628,0.0,0.0,23.755483261140103,False
1782957364.5493138,40.43315124511719,5.14031058862091,1.2067498863479238,0.02779082609486244,0.0,0.0,23.53648500076046,False
1782957364.6365573,40.520394802093506,5.149452484190292,1.2107135465508811,0.027792496383654424,0.0,0.0,23.33652990495703,False
1782957364.7217174,40.605554819107056,5.15716173889621,1.2140534651437196,0.02779381485297984,0.0,0.0,23.12573903035125,False
1782957364.8050513,40.68888878822327,5.1746978301286,1.2216167073463564,0.027795447257427823,0.0,0.0,22.525718588356344,False
1782957364.891275,40.77511239051819,5.183246603724067,1.2252741262503322,0.02779530731115908,0.0,0.0,22.18562380167063,False
1782957364.965578,40.84941554069519,5.190474538765878,1.22834498538349,0.027794845122390957,0.0,0.0,21.88021710654719,False
1782957365.046724,40.930561542510986,5.207570136153626,1.2354973105782596,0.027792904931230895,0.0,0.0,21.20110889266904,False
1782957365.133884,41.01772141456604,5.213997069817669,1.2381369167958303,0.027791836139978647,0.0,0.0,20.997200538291008,False
1782957365.2209773,41.104814767837524,5.219220913972104,1.2402635865810223,0.02779097844015815,0.0,0.0,20.842166487095728,False
1782957365.2941163,41.17795372009277,5.2364442118336365,1.2471632536290902,0.027788982516475554,0.0,0.0,20.355984071654543,False
1782957365.410272,41.29410934448242,5.252448925006843,1.2534270673977033,0.027788953930045174,0.0,0.0,19.906227134880453,False
1782957365.4822872,41.366124629974365,5.259131143153582,1.2560006001140727,0.02778941755476395,0.0,0.0,19.717462653016813,False
1782957365.5433679,41.427205324172974,5.27916498469574,1.2635699398334592,0.027791473674150177,0.0,0.0,19.140030003206352,False
1782957365.6226497,41.506487131118774,5.285838083221883,1.2660422177378392,0.02779202485748809,0.0,0.0,18.944180490540187,False
1782957365.6977835,41.581620931625366,5.292490997785208,1.2684828872984821,0.02779240694547997,0.0,0.0,18.744421775733016,False
1782957365.7753158,41.65915322303772,5.309624103364528,1.2746572039213595,0.027792671576940646,0.0,0.0,18.199024843487422,False
1782957365.8570201,41.74085760116577,5.320082281850407,1.2783445911190086,0.027792470055256393,0.0,0.0,17.850278099617455,False
1782957365.9637744,41.84761190414429,5.3265642767951205,1.280598769034789,0.027792379529091762,0.0,0.0,17.624687750056275,False
1782957366.0679727,41.951810121536255,5.3384288790708645,1.2846532427021453,0.02779192443872978,0.0,0.0,17.244401281332294,False
1782957366.1360512,42.01988863945007,5.359128862137198,1.2915063425469229,0.027789737079511843,0.0,0.0,16.72142270191392,False
1782957366.214187,42.09802436828613,5.366209235107491,1.2937926727524562,0.027788815682593344,0.0,0.0,16.568083696330607,False
1782957366.2928991,42.17673659324646,5.373343238701572,1.2960694289666541,0.027787949723936223,0.0,0.0,16.421062990181554,False
1782957366.367411,42.251248359680176,5.3963303159755105,1.3032379170108104,0.02778671632485343,0.0,0.0,15.968247363183357,False
1782957366.4465659,42.330403327941895,5.403534098997416,1.3054352367698636,0.02778698157951111,0.0,0.0,15.828402120304837,False
1782957366.5238225,42.40766000747681,5.410726492627083,1.3076071361114323,0.027787548708575197,0.0,0.0,15.686300293931563,False
1782957366.5917928,42.47563028335571,5.417894835328641,1.3097505642851361,0.02778834932199886,0.0,0.0,15.540007820608352,False
1782957366.6626034,42.546440839767456,5.440609174918918,1.3164050608747468,0.02779115322349359,0.0,0.0,15.03306624786413,False
1782957366.7405076,42.62434506416321,5.44768968172326,1.3184354909090759,0.027791586353088458,0.0,0.0,14.86946288976572,False
1782957366.8030553,42.68689274787903,5.45338309452761,1.320052296559556,0.027791632087931263,0.0,0.0,14.741664122068023,False
1782957366.8656466,42.749484062194824,5.457669229382518,1.3212602026086868,0.027791494017957573,0.0,0.0,14.64757187193293,False
1782957366.9444525,42.82828998565674,5.483549955310153,1.3283897537104656,0.027788888746442857,0.0,0.0,14.099975534702198,False
1782957367.0222821,42.90611958503723,5.490761126250117,1.330327411180602,0.027788193011225017,0.0,0.0,13.949601415603256,False
1782957367.1040113,42.98784875869751,5.497975583576703,1.3322450585811376,0.027787744714870284,0.0,0.0,13.79927862454283,False
1782957367.1805232,43.06436061859131,5.508234281568934,1.3349336928891156,0.027787286892307354,0.0,0.0,13.613933543675287,True
1782957367.2599957,43.14383316040039,5.529210593120893,1.340302662302137,0.027786769140483693,0.0,0.0,13.321404041191684,False
1782957367.3509512,43.23478865623474,5.536789032680891,1.3422045310545627,0.027786624303981322,0.0,0.0,13.235126478731399,False
1782957367.4302971,43.31413459777832,5.544387115267823,1.3440933165853521,0.027786472336284153,0.0,0.0,13.157365314752612,False
1782957367.5107594,43.39459681510925,5.562705575342049,1.3485794062377487,0.027786030710918334,0.0,0.0,12.994945907522315,False
1782957367.5870004,43.47083783149719,5.576519657771924,1.3519059827279076,0.02778579445552283,0.0,0.0,12.887146740148177,False
1782957367.6972384,43.58107590675354,5.58728865915984,1.354469663949911,0.027785832020803907,0.0,0.0,12.809027119303433,False
1782957367.7659142,43.64975166320801,5.613425803373943,1.3605977431494582,0.027786745348848375,0.0,0.0,12.623880777511074,False
1782957367.8459392,43.72977662086487,5.6211036266209495,1.362374838057161,0.027787038502173872,0.0,0.0,12.568858605892457,False
1782957367.9486108,43.83244824409485,5.6302980248515135,1.3644902487720665,0.02778730581544504,0.0,0.0,12.499990156359017,False
1782957368.0502856,43.934123039245605,5.637940291507793,1.366238304578915,0.027787439417775704,0.0,0.0,12.439053176008166,False
1782957368.124403,44.00824046134949,5.6532850806880255,1.3697199514830614,0.027787210115905087,0.0,0.0,12.323119089160096,False
1782957368.2158756,44.09971308708191,5.664055031129498,1.372141882473352,0.02778679975440419,0.0,0.0,12.245674268768976,False
1782957368.3240712,44.207908630371094,5.687124588958348,1.3772725932761556,0.027786094875943156,0.0,0.0,12.079547596252048,False
1782957368.431485,44.315322399139404,5.697853490577618,1.3796330781728674,0.027786144655586785,0.0,0.0,11.996325459084177,False
1782957368.4988418,44.38267922401428,5.711574187133472,1.3826282986759684,0.027786697478255983,0.0,0.0,11.875623370929665,False
1782957368.598904,44.482741355895996,5.7312849561094605,1.3868826647601067,0.02778797633191559,0.0,0.0,11.673756124156975,False
1782957368.678116,44.5619535446167,5.7388394504577045,1.3884970630467868,0.027788413386729046,0.0,0.0,11.587771375664987,False
1782957368.7603989,44.64423632621765,5.759864798912217,1.3929389279620348,0.027789051968446856,0.0,0.0,11.31464439553495,False
1782957368.8390074,44.72284483909607,5.768832768089888,1.3948084486777936,0.0277890041989477,0.0,0.0,11.184760671972997,False
1782957368.937695,44.82153248786926,5.776295412878645,1.3963516541722472,0.027788848666616132,0.0,0.0,11.072151837862124,False
1782957369.0108411,44.894678592681885,5.7882066146943005,1.3987898838703436,0.027788540877788398,0.0,0.0,10.883100989803964,False
1782957369.0869575,44.970794916152954,5.798622683454078,1.4008951935934497,0.027788311654910566,0.0,0.0,10.71235164994508,False
1782957369.1737998,45.057637214660645,5.816724161299387,1.4044878260479527,0.02778766996273766,0.0,0.0,10.446707713090124,False
1782957369.2899249,45.17376232147217,5.830522333664189,1.4071698258801346,0.027786896026340827,0.0,0.0,10.2826451848676,False
1782957369.357656,45.241493463516235,5.852121756639858,1.4112778652934852,0.02778576892148079,0.0,0.0,10.076174125742716,False
1782957369.4706235,45.35446095466614,5.864504044399427,1.413587399680735,0.027785445899676277,0.0,0.0,9.978426568175689,False
1782957369.5530407,45.4368782043457,5.8738091957452925,1.41530306999294,0.027785454844944144,0.0,0.0,9.911904729338328,False
1782957369.646912,45.530749559402466,5.895582377875822,1.4192569524416305,0.027786230483559285,0.0,0.0,9.76850563987882,False
1782957369.7487128,45.63255023956299,5.908046649238358,1.421485650539871,0.027786834244806005,0.0,0.0,9.691978908125195,False
1782957369.8323915,45.71622896194458,5.917404854213468,1.4231437270049279,0.027787131397852678,0.0,0.0,9.63724119681498,False
1782957369.961574,45.84541153907776,5.934553172478964,1.4261506724635347,0.02778710564594295,0.0,0.0,9.538543789031733,False
1782957370.079866,45.96370339393616,5.956334940217415,1.4299157955302109,0.027786336982164792,0.0,0.0,9.409333432467763,False
1782957370.1823578,46.066195249557495,5.979694561419527,1.4338898521500263,0.027785868248869264,0.0,0.0,9.273110669921214,False
1782957370.2546723,46.13850975036621,5.9875014476624875,1.4352038274855603,0.027785933891309615,0.0,0.0,9.230930227741606,False
1782957370.3282917,46.21212911605835,6.006259499116853,1.438333467251461,0.02778636423554427,0.0,0.0,9.13513808484672,False
1782957370.4144318,46.298269271850586,6.0172039143481,1.4401422650272513,0.02778658221824974,0.0,0.0,9.081349349043496,False
1782957370.50161,46.38544750213623,6.039060510394973,1.443718596251103,0.027786606308552297,0.0,0.0,8.97180840585524,False
1782957370.579806,46.4636435508728,6.046849010376929,1.4449817633995348,0.02778653440797841,0.0,0.0,8.93031123058374,False
1782957370.6580448,46.541882276535034,6.054621103812578,1.446236463233909,0.02778649713241183,0.0,0.0,8.885972155529437,False
1782957370.7396636,46.62350106239319,6.079381305875138,1.450193981474597,0.02778695452253599,0.0,0.0,8.719228366678992,False
1782957370.8278306,46.71166801452637,6.0886287059556645,1.4516556175340207,0.027787325891835517,0.0,0.0,8.645822536406593,False
1782957370.908105,46.79194235801697,6.096316106069773,1.4528633597269554,0.027787655557343346,0.0,0.0,8.579236095142713,False
1782957370.9971142,46.88095164299011,6.12384391377771,1.4571273459489953,0.027788344704805266,0.0,0.0,8.295061266836049,False
1782957371.0607026,46.94454002380371,6.12993816546118,1.4580569538813086,0.027788321283176626,0.0,0.0,8.223550536168586,False
1782957371.138447,47.022284507751465,6.137550685342239,1.459209971068032,0.02778821512414838,0.0,0.0,8.13090317819186,False
1782957371.2362583,47.12009572982788,6.146707439540711,1.4605839738562603,0.027787961499869337,0.0,0.0,8.019459439691618,False
1782957371.325921,47.20975852012634,6.172715282961373,1.464404523523712,0.027787222081991733,0.0,0.0,7.700318092183278,False
1782957371.4049504,47.288787841796875,6.180366792933199,1.4655042825253364,0.027787150125680615,0.0,0.0,7.604477925788786,False
1782957371.4834642,47.36730170249939,6.188007189525059,1.4665910606900685,0.027787187194596157,0.0,0.0,7.506249527339269,False
1782957371.5586832,47.44252061843872,6.213886661318886,1.4701838340620559,0.027787953344666484,0.0,0.0,7.150652749598721,False
1782957371.6230433,47.50688076019287,6.2199684333440866,1.4710072923491224,0.02778816348547648,0.0,0.0,7.063847369143206,False
1782957371.7177105,47.601547956466675,6.229131992069286,1.4722319501496168,0.027788324511191606,0.0,0.0,6.937937185008425,False
1782957371.7888339,47.6726713180542,6.238346617930315,1.4734437829877156,0.027788249045433033,0.0,0.0,6.818415085435094,False
1782957371.8735354,47.75737285614014,6.2599901255325685,1.476213809261337,0.027787258855185792,0.0,0.0,6.56180979804458,False
1782957371.9477878,47.83162522315979,6.26774936505564,1.4771814960710403,0.027786775342940755,0.0,0.0,6.476107730346859,False
1782957372.0106826,47.89452004432678,6.273963404863568,1.4779471009317655,0.02778641302465054,0.0,0.0,6.40931981589572,False
1782957372.0914123,47.97524976730347,6.3004145585408295,1.4811159894662456,0.027785836532793734,0.0,0.0,6.1392997428272755,False
1782957372.1852927,48.069130182266235,6.30976825256516,1.4822028774116898,0.027786089966075452,0.0,0.0,6.053099648301819,False
1782957372.2806988,48.164536237716675,6.319121394257682,1.4832730033587316,0.027786517355180656,0.0,0.0,5.978139195529591,False
1782957372.3577988,48.24163627624512,6.344014063726829,1.4860464264476125,0.027787707136969767,0.0,0.0,5.832617185486169,False
1782957372.4489055,48.33274292945862,6.353335902954455,1.4870600809629453,0.027787871691628493,0.0,0.0,5.796300949159572,False
1782957372.5596287,48.44346618652344,6.362650055362587,1.488061201663899,0.02778782849686012,0.0,0.0,5.769578154760811,False
1782957372.6467657,48.5306031703949,6.375061175539872,1.4893792309304659,0.027787519952427862,0.0,0.0,5.748166268826307,False
1782957372.7581804,48.64201784133911,6.402981444230976,1.4922929029281,0.027786729911200764,0.0,0.0,5.755258347274613,False
1782957372.8485644,48.732401847839355,6.412294265528463,1.4932536860572738,0.02778667373810343,0.0,0.0,5.773136096240664,False
1782957372.9323232,48.816160678863525,6.421614728618308,1.4942119163827403,0.027786736211608265,0.0,0.0,5.797571329387082,False
1782957373.040959,48.92479634284973,6.4449546677003084,1.4966051280312473,0.027787073129002852,0.0,0.0,5.882147728580762,False
1782957373.164505,49.04834246635437,6.4558672108634605,1.4977249021790715,0.027787120453589418,0.0,0.0,5.929655570771221,False
1782957373.2846804,49.16851782798767,6.460552066493766,1.4982064193526605,0.027787088417691314,0.0,0.0,5.948852127879037,False
1782957373.3920717,49.275909185409546,6.4777150120893925,1.499976239016006,0.027786856041926385,0.0,0.0,6.0038786261180395,False
1782957373.4630334,49.34687089920044,6.497916188628187,1.502072591926238,0.02778677593926291,0.0,0.0,6.029168944545861,False
1782957373.5432649,49.4271023273468,6.505656650496438,1.5028793360609265,0.02778690995763822,0.0,0.0,6.025068826807145,False
1782957373.6373148,49.52115225791931,6.514918544980746,1.5038465138992436,0.027787219600517714,0.0,0.0,6.007929876079779,False
1782957373.7071114,49.590948820114136,6.5348803556338,1.5059336548234528,0.027788245244847368,0.0,0.0,5.919450562606335,False
1782957373.778629,49.662466526031494,6.544043792430183,1.5068902608949337,0.027788698683354145,0.0,0.0,5.853584003041543,False
1782957373.856798,49.74063539505005,6.551658273762902,1.5076829424267892,0.027788972586698955,0.0,0.0,5.786967094566988,False
1782957373.9370108,49.82084822654724,6.575872796384393,1.5101782854616768,0.027789067489798005,0.0,0.0,5.504169882484372,False
1782957374.0182579,49.902095317840576,6.583403415512486,1.5109424786675092,0.027788915963538004,0.0,0.0,5.397563824014777,False
1782957374.0925932,49.97643065452576,6.590918390568027,1.5116975753337716,0.027788759256987712,0.0,0.0,5.283727996915024,False
1782957374.1607292,50.04456663131714,6.602973725524648,1.5128901173476774,0.02778848378598082,0.0,0.0,5.096896121932675,True
1782957374.230529,50.11436653137207,6.621146978492625,1.5146369954860093,0.027788151076690554,0.0,0.0,4.815376139238264,False
1782957374.3102655,50.19410300254822,6.6287383276090495,1.5153467177961932,0.02778807194768067,0.0,0.0,4.697732512811723,False
1782957374.3933241,50.277161598205566,6.636333914725177,1.516044300879867,0.02778802647634103,0.0,0.0,4.579543244569256,False
1782957374.4600909,50.34392833709717,6.6545612509632495,1.5176646803780989,0.027788035008096585,0.0,0.0,4.292230265502834,False
1782957374.5677352,50.45157265663147,6.668236447388512,1.5188281012523253,0.02778810667534593,0.0,0.0,4.074863744809083,False
1782957374.6408627,50.52470016479492,6.675852121121328,1.5194556429870285,0.027788128265280376,0.0,0.0,3.955883535123021,False
1782957374.7194588,50.60329627990723,6.701838206446451,1.5214848475573406,0.027788029062883496,0.0,0.0,3.5629596844393405,False
1782957374.7920911,50.675928592681885,6.709502381801776,1.5220500314088414,0.027787944962703287,0.0,0.0,3.4504665477356364,False
1782957374.856913,50.740750551223755,6.715640018448359,1.52249170468887,0.027787861668802132,0.0,0.0,3.3614832601387183,False
1782957374.920929,50.80476641654968,6.7231130554904475,1.5230188160013294,0.027788192903027982,0.0,0.0,3.2831369659306735,False
1782957374.9961815,50.88001894950867,6.742980934092392,1.5243976454556583,0.02779756924182733,0.0,0.0,3.7957989637737084,False
1782957375.078309,50.962146520614624,6.74838145107407,1.5247689172435666,0.02780102392166276,0.0,0.0,4.114552540286557,False
1782957375.1523426,51.03618001937866,6.753535037178031,1.525124298722277,0.027803702950153157,0.0,0.0,4.464371867393731,False
1782957375.2289507,51.11278820037842,6.768845537191942,1.5262076145859371,0.027803950886223516,0.0,0.0,5.661853360673505,False
1782957375.3079388,51.191776275634766,6.773364434584972,1.5265420727976922,0.02780181355888787,0.0,0.0,6.043893054537485,False
1782957375.3701777,51.25401520729065,6.776913180921017,1.5268116435216765,0.027799825542486657,0.0,0.0,6.350238183014903,False
1782957375.4459224,51.3297598361969,6.781278841332146,1.5271530771136388,0.027797430163395163,0.0,0.0,6.733632541381498,False
1782957375.5247548,51.408592224121094,6.794852130044144,1.5283010849302923,0.027794628708764677,0.0,0.0,7.961723674407443,False
1782957375.6010437,51.48488116264343,6.79900113917091,1.5286831951417679,0.027795663811507883,0.0,0.0,8.345618457124754,False
1782957375.662659,51.54649639129639,6.802296350910586,1.5289985707903675,0.027796938998785027,0.0,0.0,8.652745469287547,False
1782957375.7747912,51.658628702163696,6.817727597160738,1.5306321653521047,0.027802480919973525,0.0,0.0,10.111663712761612,False
1782957375.8529248,51.736762285232544,6.820940409418806,1.5310077019349428,0.02780260902167482,0.0,0.0,10.41881230232251,False
1782957375.9446745,51.82851195335388,6.824942892036627,1.5314939138054102,0.02780213094040534,0.0,0.0,10.802749636849482,False
1782957376.0344684,51.91830587387085,6.836875418586603,1.5330705614149134,0.027798378269847757,0.0,0.0,11.954559703213217,False
1782957376.114006,51.997843503952026,6.843990796033111,1.5341060005718816,0.02779670762108515,0.0,0.0,12.645637650786425,False
1782957376.1777759,52.06161332130432,6.847144210099472,1.5345886116165133,0.027796494432121885,0.0,0.0,12.952781369074147,False
1782957376.2552495,52.139086961746216,6.851217149314814,1.5352440042402185,0.027796641390097427,0.0,0.0,13.264450842168008,False
1782957376.333041,52.21687841415405,6.8659097560289215,1.5379053356936252,0.027798090141410835,0.0,0.0,13.495097827418096,False
1782957376.3975012,52.281338691711426,6.869846932736887,1.538672925125492,0.02779820849921386,0.0,0.0,13.416670718157587,False
1782957376.474486,52.35832357406616,6.874836093089318,1.5396672061169299,0.027798063579280146,0.0,0.0,13.251790655221383,False
1782957376.5502138,52.434051275253296,6.879861513764651,1.5406876781579164,0.02779763931059467,0.0,0.0,13.02628681657767,False
1782957376.6278346,52.511672019958496,6.895967936759203,1.5440342361160226,0.027796071075914787,0.0,0.0,12.078778654331865,False
1782957376.7092338,52.5930712223053,6.900968037001096,1.5450831746969744,0.02779603744113194,0.0,0.0,11.748360967729015,False
1782957376.798519,52.68235635757446,6.906904617758319,1.546327263069995,0.02779644417752756,0.0,0.0,11.339452400865792,False
1782957376.865234,52.7490713596344,6.920907984108619,1.5492413990170917,0.02779910559366446,0.0,0.0,11.092653833529395,False
1782957376.939758,52.82359552383423,6.925334254138363,1.5501554628793952,0.02779999586732069,0.0,0.0,11.260419392335022,False
1782957377.0470526,52.93089008331299,6.930535102707417,1.5512268808589937,0.027800723937421206,0.0,0.0,11.575511864632752,False
1782957377.1266987,53.010536193847656,6.941489111940839,1.553486698137118,0.02780058567360957,0.0,0.0,12.468243394270706,False
1782957377.2364802,53.120317697525024,6.946444708235513,1.554517372407017,0.027799868347217368,0.0,0.0,12.908115087883166,False
1782957377.330692,53.214529514312744,6.964573879206766,1.55841093807963,0.027796515918025826,0.0,0.0,13.213652198181716,False
1782957377.4149442,53.298781633377075,6.969368443253311,1.5594660914953644,0.027796016836512782,0.0,0.0,13.058211200832618,False
1782957377.4930887,53.37692618370056,6.974188027468076,1.560532266571591,0.027795805229195766,0.0,0.0,12.833604389142257,False
1782957377.5862439,53.4700813293457,6.980903936106108,1.5620220372726603,0.027796066473851667,0.0,0.0,12.43582330507065,False
1782957377.6779315,53.561769008636475,6.9950001196179725,1.5651371460686752,0.027798241497456067,0.0,0.0,11.421120955798871,False
1782957377.768118,53.651955366134644,7.000586231319896,1.5663557823093912,0.02779911236066918,0.0,0.0,10.998031148234103,False
1782957377.8499625,53.73379993438721,7.007192566251961,1.5677759233163318,0.02779960580189718,0.0,0.0,10.512061882468192,False
1782957377.9236293,53.80746674537659,7.020620360967413,1.57057572148072,0.027798733964835228,0.0,0.0,9.577419802721328,False
1782957378.0040474,53.887884855270386,7.0252974575281835,1.5715254191000891,0.027798226128415274,0.0,0.0,9.419273381315403,False
1782957378.0946906,53.97852802276611,7.030740977775713,1.5726161461888526,0.027797821046176667,0.0,0.0,9.408779235733762,False
1782957378.1939569,54.077794313430786,7.045464201679185,1.5754959691131105,0.027798498477214793,0.0,0.0,10.184357242926879,False
1782957378.302376,54.18621349334717,7.05132099477009,1.576623362821867,0.02779927223251982,0.0,0.0,10.67609916638506,False
1782957378.3985045,54.282341957092285,7.060360796987282,1.5783613797234548,0.027800138902629997,0.0,0.0,11.498368555834455,False
1782957378.4791846,54.36302208900452,7.069215673870607,1.5800878762734811,0.02779957890339007,0.0,0.0,11.934295381568885,False
1782957378.5703092,54.45414662361145,7.0749515978890285,1.5812244096646935,0.027798547602765067,0.0,0.0,11.999081416374526,False
1782957378.6469512,54.53078866004944,7.087493575734504,1.5837398346924438,0.027796204739293114,0.0,0.0,11.670650488515706,False
1782957378.7367244,54.620561838150024,7.095164394227035,1.5852875042365557,0.02779561504454442,0.0,0.0,11.236761474184068,False
1782957378.8135731,54.697410583496094,7.099916494806738,1.5862450789784774,0.027795800109682262,0.0,0.0,10.919185805957838,False
1782957378.8757858,54.759623289108276,7.108324134408064,1.587929470241151,0.02779713428033754,0.0,0.0,10.29828361352582,False
1782957378.9519246,54.83576202392578,7.1182393109985655,1.5898892968525502,0.02779948691406405,0.0,0.0,9.913023606890151,False
1782957379.0695648,54.953402280807495,7.124314091481018,1.591073636532312,0.027800614646387077,0.0,0.0,10.01252942679684,False
1782957379.1351945,55.01903200149536,7.1302580768681745,1.5922220944688112,0.027801044825076716,0.0,0.0,10.319513819134965,False
1782957379.204923,55.08876037597656,7.141044840453828,1.594294137082682,0.02780003598638671,0.0,0.0,11.177325193396197,False
1782957379.2662156,55.15005302429199,7.1443124782659115,1.5949226992437442,0.02779946055430356,0.0,0.0,11.471860854520363,False
1782957379.3321254,55.2159628868103,7.147560562647723,1.595549582128957,0.027798886719659216,0.0,0.0,11.771728027723032,False
1782957379.4023705,55.28620791435242,7.159941615659822,1.5979948390591576,0.027797053413046502,0.0,0.0,12.481887319695202,False
1782957379.4865062,55.37034368515015,7.16708410247255,1.599452677705052,0.02779611652273323,0.0,0.0,12.577089245176184,False
1782957379.5619373,55.44577479362488,7.172451691062491,1.6005649523411594,0.027795405293092233,0.0,0.0,12.56789564667967,False
1782957379.6271465,55.51098394393921,7.176857817822385,1.6014862026847556,0.0277948008911119,0.0,0.0,12.514984763332357,False
1782957379.7032406,55.58707809448242,7.195056948870158,1.605335408840033,0.02779271433766862,0.0,0.0,11.97341054410346,False
1782957379.7828474,55.66668486595154,7.200850150221459,1.6065648226818485,0.027792599397101818,0.0,0.0,11.733133855847653,False
1782957379.8443832,55.72822070121765,7.205498098897848,1.6075490705785116,0.027792819115170887,0.0,0.0,11.5271011288427,False
1782957379.9255984,55.80943584442139,7.219447041971949,1.610477193835678,0.027794898548211662,0.0,0.0,10.862777392905066,False
1782957380.0068147,55.89065217971802,7.229898802294934,1.6126305654987343,0.027796811216415016,0.0,0.0,10.341635787374143,False
1782957380.0784383,55.9622757434845,7.235696881776299,1.6138050407473106,0.02779754350138207,0.0,0.0,10.047843309018347,False
1782957380.1415017,56.025339126586914,7.240186192619544,1.6147064469711763,0.027798030151995928,0.0,0.0,9.885107330532364,False
1782957380.212477,56.096314430236816,7.250591199204179,1.6167739588323082,0.027799089262355258,0.0,0.0,9.868648119709967,False
1782957380.2825139,56.166351318359375,7.260175851923706,1.6186511898181943,0.02779964218494707,0.0,0.0,10.295901224026029,False
1782957380.357119,56.2409565448761,7.2647562940998345,1.6195415185010675,0.027799725823000755,0.0,0.0,10.610357621137611,False
1782957380.4213748,56.3052122592926,7.268390436050057,1.6202461796037437,0.027799687122525955,0.0,0.0,10.863877319501093,False
1782957380.501368,56.38520550727844,7.284419182671513,1.6233574969259303,0.027797734014446,0.0,0.0,11.205902664662439,True
1782957380.5774908,56.46132826805115,7.289714782431248,1.624389927290456,0.02779668945343594,0.0,0.0,11.141383580915912,False
1782957380.639412,56.52324938774109,7.293980592702364,1.6252223629441205,0.027795825049984003,0.0,0.0,11.035082664103703,False
1782957380.7020059,56.585843324661255,7.298252584366956,1.6260558057743628,0.027795026834928942,0.0,0.0,10.88639494662144,False
1782957380.7831519,56.66698932647705,7.314139917192598,1.629136926229204,0.027794147387244998,0.0,0.0,10.08127420257287,False
1782957380.8577967,56.741634130477905,7.319382214571674,1.6301405923661396,0.027794820646253646,0.0,0.0,9.76754551190767,False
1782957380.9344292,56.81826663017273,7.323522146526975,1.6309268786828053,0.027795674746746817,0.0,0.0,9.534146689947217,False
1782957381.0080512,56.89188861846924,7.33330520119019,1.632765878975347,0.02779870474717296,0.0,0.0,9.377277279886547,False
1782957381.127201,57.01103854179382,7.344266904523919,1.6347938161812707,0.027801601520876018,0.0,0.0,9.811843426956576,False
1782957381.225646,57.10948348045349,7.346914918880484,1.6352799104648466,0.027801901524062273,0.0,0.0,9.991526877791788,False
1782957381.3234437,57.2072811126709,7.353266855115106,1.6364418882548213,0.027801673377428372,0.0,0.0,10.263395057753518,False
1782957381.4288096,57.312647104263306,7.360773488184303,1.637812899988585,0.027800048984721073,0.0,0.0,10.307620871123927,False
1782957381.5201168,57.40395426750183,7.3749624351579035,1.6403977228718454,0.027795978651907926,0.0,0.0,9.757161765669533,False
1782957381.6063774,57.490214824676514,7.380598232170382,1.64141601166246,0.02779515269607259,0.0,0.0,9.39292622313682,False
1782957381.6964836,57.580321073532104,7.388024223755614,1.6427436716602002,0.027795412276090867,0.0,0.0,8.852114453880901,False
1782957381.780578,57.66441535949707,7.399628343751233,1.6447781158564132,0.027798518399504115,0.0,0.0,8.562570115415422,False
1782957381.8934271,57.77726459503174,7.404793142010804,1.6456672360875588,0.027800174774869315,0.0,0.0,8.722253710708067,False
1782957381.9878414,57.871678829193115,7.416542485897708,1.6476648043215445,0.027801873093207103,0.0,0.0,9.536265336249393,False
1782957382.0789692,57.962806701660156,7.424746952453657,1.6490559206247175,0.027800683332918262,0.0,0.0,10.266435238158815,False
1782957382.1818197,58.06565713882446,7.428871566829828,1.6497603823470155,0.027799613779525525,0.0,0.0,10.521814168333227,False
1782957382.2695537,58.15339112281799,7.435659556985424,1.6509333510807074,0.02779781895796357,0.0,0.0,10.647796734512246,False
1782957382.3788793,58.26271677017212,7.449579158557832,1.6533790960125225,0.02779643844729826,0.0,0.0,10.117549170224237,False
1782957382.4653454,58.34918284416199,7.454794228733333,1.6543001565565503,0.02779697699652286,0.0,0.0,9.74462419734158,False
1782957382.5589347,58.44277215003967,7.462481993969653,1.655652628773463,0.027798490058303486,0.0,0.0,9.109166221954988,False
1782957382.670088,58.55392551422119,7.473312404418789,1.657528808828939,0.027800453844929983,0.0,0.0,8.131370953079443,False
1782957382.7497394,58.6335768699646,7.478228586005728,1.6583620618106802,0.02780071654675341,0.0,0.0,7.762482339889767,False
1782957382.8251653,58.70900273323059,7.491970524662976,1.6606156662299523,0.0277992778359204,0.0,0.0,7.8615618361669695,False
1782957382.9043143,58.78815174102783,7.495974544346678,1.661254592487958,0.02779867969752893,0.0,0.0,8.121414687165604,False
1782957382.9693708,58.85320830345154,7.499168588722311,1.6617606031844139,0.027798299983049626,0.0,0.0,8.370932893082257,False
1782957383.0502431,58.934080600738525,7.5031510590594355,1.662388657770295,0.027798018905834297,0.0,0.0,8.714205051887193,False
1782957383.1278775,59.011714935302734,7.516623768158408,1.6645159735012207,0.027798742787194693,0.0,0.0,9.981655701078111,False
1782957383.2186728,59.10251021385193,7.521358718375855,1.6652743868144682,0.02779930038666788,0.0,0.0,10.430091373997344,False
1782957383.2944906,59.17832803726196,7.525297906329485,1.6659130481772488,0.02779969603763744,0.0,0.0,10.646582341698918,False
1782957383.3550751,59.23891258239746,7.531589732604331,1.666949243287653,0.027800014910219998,0.0,0.0,10.693769832704241,False
1782957383.4192138,59.303051233291626,7.540223668057831,1.6683991333744628,0.027799715403698178,0.0,0.0,10.309607880410024,False
1782957383.4994016,59.38323903083801,7.54414331052193,1.6690645760572542,0.027799387886490275,0.0,0.0,10.207266172990577,False
1782957383.57908,59.46291756629944,7.547277345866238,1.6695988249592597,0.027799105084604654,0.0,0.0,10.090236718351532,False
1782957383.647288,59.53112554550171,7.556672975576625,1.6712059450695351,0.0277985111542788,0.0,0.0,9.42677827817595,False
1782957383.729199,59.61303639411926,7.565281328132739,1.6726709707113263,0.027798613356389768,0.0,0.0,8.636780755462052,False
1782957383.7966042,59.6804416179657,7.5684115382008,1.6731981704879777,0.027798784993302635,0.0,0.0,8.336237804909432,False
1782957383.8846347,59.76847219467163,7.573107361693374,1.673980746465417,0.027799099910929534,0.0,0.0,7.880549130609734,False
1782957383.947548,59.831385374069214,7.582502688209312,1.6755071648258693,0.0277995958803895,0.0,0.0,6.962236695532463,False
1782957384.0261781,59.91001558303833,7.589553979705769,1.676609350912861,0.02779961654024684,0.0,0.0,6.327274012980554,False
1782957384.108433,59.99227046966553,7.593473532010481,1.6772034877561315,0.02779949334779295,0.0,0.0,6.174691686715314,False
1782957384.2023115,60.08614897727966,7.5989635428840945,1.6780136386239948,0.027799228587583234,0.0,0.0,6.186406767544798,False
1782957384.2763295,60.16016697883606,7.610736540644347,1.6796806806107345,0.027798775831102338,0.0,0.0,6.888775928138877,False
1782957384.3526804,60.236517906188965,7.61466268685111,1.680222590984546,0.027798762359698314,0.0,0.0,7.2318415302068475,False
1782957384.4297185,60.31355595588684,7.618589289323609,1.6807612659407278,0.02779882570207522,0.0,0.0,7.594817502008447,False
1782957384.5115578,60.395395278930664,7.631154190867859,1.6824875936158221,0.027799273309047537,0.0,0.0,8.804536420179195,False
1782957384.6194215,60.50325894355774,7.636649565089746,1.6832554716155048,0.02779940792383622,0.0,0.0,9.340619182912082,False
1782957384.6966646,60.58050203323364,7.640607875374091,1.6838180705596675,0.027799414630305767,0.0,0.0,9.598338663280412,False
1782957384.7771113,60.660948753356934,7.653292939669574,1.685675817919677,0.027799095560648968,0.0,0.0,9.481682279490865,False
1782957384.884803,60.76864051818848,7.658820031070399,1.6865053036365865,0.027798944287349144,0.0,0.0,9.105025075808435,False
1782957384.981425,60.865262508392334,7.663550215698913,1.6872198847954953,0.027798877317920394,0.0,0.0,8.705919243182654,False
1782957385.083031,60.96686840057373,7.669849697690011,1.6881721148167577,0.02779890542303019,0.0,0.0,8.124750510700503,False
1782957385.2110715,61.09490895271301,7.681648019521096,1.6899321103997227,0.02779918789953251,0.0,0.0,6.987388817930348,False
1782957385.3007066,61.1845440864563,7.69583778857937,1.6919536110206523,0.027799308589350345,0.0,0.0,5.6658227559829095,False
1782957385.3983457,61.2821831703186,7.702149932615842,1.6928053642731673,0.02779921165573247,0.0,0.0,5.489067915972283,False
1782957385.4739578,61.35779523849487,7.7060934108388075,1.6933222941457071,0.027799133799156866,0.0,0.0,5.547909670955019,False
1782957385.5665941,61.45043158531189,7.713189516654509,1.6942277693957808,0.027799019797339102,0.0,0.0,5.923043989923253,False
1782957385.6791596,61.56299710273743,7.723435437436117,1.6954993598254977,0.027799013724472164,0.0,0.0,6.789132097894941,False
1782957385.7735138,61.65735125541687,7.731313250102605,1.6964692881024506,0.027799119250622898,0.0,0.0,7.5361445859543625,False
1782957385.8556595,61.73949694633484,7.740761108223068,1.6976474765553224,0.027799239590396048,0.0,0.0,8.032634187328352,False
1782957385.9509754,61.83481287956238,7.746269458252035,1.6983465827960955,0.027799257326796525,0.0,0.0,7.949208523697704,False
1782957386.0271275,61.91096496582031,7.750202946342429,1.698850390770448,0.027799241483963115,0.0,0.0,7.755590540670473,False
1782957386.1517973,62.03563475608826,7.763573817168906,1.700570160075867,0.027799100513890476,0.0,0.0,6.658803871018327,False
1782957386.2506304,62.1344678401947,7.768293157095523,1.7011708611286969,0.027799064812310557,0.0,0.0,6.211668712415293,False
1782957386.3368092,62.22064661979675,7.7722264907240035,1.7016654531375957,0.02779905418045269,0.0,0.0,5.832983317271584,False
1782957386.4429948,62.32683229446411,7.782456775060435,1.7029149549691633,0.02779910430388109,0.0,0.0,5.189555440137349,False
1782957386.556657,62.440494537353516,7.790330279930971,1.7038362088015349,0.02779917264712547,0.0,0.0,5.3292500876443425,False
1782957386.6713226,62.55516004562378,7.802933098492184,1.7052610723366755,0.027799204380569854,0.0,0.0,6.263293567567729,False
1782957386.7650297,62.64886713027954,7.807659741718011,1.7057902673802465,0.027799182772671016,0.0,0.0,6.700442937348962,False
1782957386.8676245,62.75146198272705,7.812434297636254,1.7063277391290823,0.027799124014055716,0.0,0.0,7.066999849683539,False
1782957386.9579642,62.84180164337158,7.827441442052053,1.7080576410741561,0.027798581761256387,0.0,0.0,7.0157991571420215,False
1782957387.0516644,62.93550181388855,7.832566268078362,1.7086580319504088,0.027798396243318205,0.0,0.0,6.7217787203032175,False
1782957387.1288204,63.01265788078308,7.836843596336388,1.709159370541491,0.027798301977822196,0.0,0.0,6.417287438777256,False
1782957387.2060456,63.08988308906555,7.844541856488871,1.7100556613643587,0.02779832894402889,0.0,0.0,5.800134965809388,False
1782957387.2956579,63.179495334625244,7.855110922884339,1.7112521827191487,0.02779846704356579,0.0,0.0,4.953665184377885,False
1782957387.3825183,63.266355752944946,7.861443922897805,1.7119405793693891,0.027798491144234286,0.0,0.0,4.460494333721097,False
1782957387.462549,63.346386432647705,7.874750860892084,1.7133164569464172,0.02779872276748108,0.0,0.0,4.109968663912469,False
1782957387.5543485,63.438185930252075,7.879977450159748,1.7138310215277106,0.027798873329882193,0.0,0.0,4.209106411188185,True
1782957387.6890543,63.57289171218872,7.886316607871216,1.7144322530239986,0.027798850351253183,0.0,0.0,4.154905123378272,False
1782957387.7704773,63.65431475639343,7.891887517673604,1.7149438016803529,0.027798677113397056,0.0,0.0,3.966435281282081,False
1782957387.8837132,63.7675507068634,7.908972373097534,1.7164137664739807,0.027797690969477668,0.0,0.0,2.9453858007878098,False
1782957387.9750617,63.85889911651611,7.914611571752354,1.7168646919648172,0.027797566156092038,0.0,0.0,2.7094576694246255,False
1782957388.0877025,63.97153997421265,7.92715341130073,1.7178150043300726,0.027798469126952476,0.0,0.0,2.905488802667418,False
1782957388.176383,64.06022047996521,7.93660497355002,1.7184920643557662,0.02779966635615974,0.0,0.0,3.5513534197030086,False
1782957388.2567103,64.14054775238037,7.94092958709924,1.718795558139486,0.02780000195698806,0.0,0.0,3.827434122378735,False
1782957388.3376076,64.22144508361816,7.945453243510708,1.7191111669221955,0.027799998695666496,0.0,0.0,3.970572565327442,False
1782957388.4084594,64.29229688644409,7.96180358133347,1.7202508143454318,0.027797603302432694,0.0,0.0,3.752235227637824,False
1782957388.4716094,64.35544681549072,7.96577511508159,1.720525641720272,0.027796790613603902,0.0,0.0,3.573094690765946,False
1782957388.5412316,64.42506909370422,7.96975326562534,1.720798682606375,0.027796082639657077,0.0,0.0,3.3617851629295914,False
1782957388.6218536,64.50569105148315,7.976693150452193,1.7212670667508567,0.027795381225376142,0.0,0.0,2.9387399996291474,False
1782957388.6996439,64.5834813117981,7.990433249119035,1.7221468338620698,0.02779658671469804,0.0,0.0,1.995738173298929,False
1782957388.788815,64.67265248298645,7.9962675079845384,1.7224935955224057,0.027797789264647776,0.0,0.0,1.5760603767264192,False
1782957388.865541,64.74937844276428,8.001023901863736,1.7227640312504562,0.027798848171210214,0.0,0.0,1.345330711571021,False
1782957388.9425254,64.82636284828186,8.015468800451949,1.723520491450646,0.027800828741841987,0.0,0.0,1.5250899497750026,False
1782957389.0233138,64.907151222229,8.0198107050162,1.7237309302077104,0.02780072474195265,0.0,0.0,1.7929692038797636,False
1782957389.100992,64.98482942581177,8.024094329337556,1.7239334582136459,0.02780032489571106,0.0,0.0,2.1136983746627647,False
1782957389.1788974,65.06273484230042,8.035018669057532,1.7244409312427904,0.027798725827819157,0.0,0.0,3.0563670554558198,False
1782957389.261585,65.14542245864868,8.040803372734793,1.7247135137675473,0.02779810723929842,0.0,0.0,3.58693572944678,False
1782957389.3356895,65.21952700614929,8.044972334683479,1.7249166560589206,0.027797901202267612,0.0,0.0,3.9216499852063706,False
1782957389.4124238,65.29626131057739,8.059649391604077,1.7257101701078308,0.027797703973675942,0.0,0.0,4.163989853903177,False
1782957389.477635,65.36147236824036,8.063536843155275,1.7259365399465252,0.027797628980415937,0.0,0.0,4.076439466691075,False
1782957389.5804336,65.464271068573,8.069461855946262,1.7262895326878078,0.02779740806843646,0.0,0.0,3.855758952820989,False
1782957389.6560895,65.53992700576782,8.081458865483127,1.7270162274434961,0.027796845655002154,0.0,0.0,3.202436871854431,False
1782957389.7460883,65.62992572784424,8.091517518729924,1.7276164038447672,0.027796767142571142,0.0,0.0,2.560587493691549,False
1782957389.834256,65.71809339523315,8.096544003424313,1.7279068510963658,0.027796963236404276,0.0,0.0,2.225967026753168,False
1782957389.9151607,65.7989981174469,8.113503760384514,1.7288091078264969,0.027798277493041822,0.0,0.0,1.057002756492324,False
1782957390.0078568,65.89169430732727,8.119445965259649,1.7290877796491262,0.02779861687506431,0.0,0.0,0.639690809084875,False
1782957390.0873473,65.97118473052979,8.124465505766613,1.729302143559801,0.027798666311180324,0.0,0.0,0.3005773496064671,False
1782957390.2297084,66.1135458946228,8.131333155369777,1.729571317116712,0.027798605736034647,0.0,0.0,0.03808200402026818,False
1782957390.3930361,66.27687358856201,8.147789461709301,1.7301212401119317,0.027798785085224157,0.0,0.0,0.4996976314920761,False
1782957390.4783285,66.36216592788696,8.155602759163965,1.7303457041033743,0.027799127068365164,0.0,0.0,1.0914400470713215,False
1782957390.5669541,66.45079159736633,8.16505020661229,1.730601201250205,0.02779888202949473,0.0,0.0,1.5877275377355122,False
1782957390.6631265,66.54696393013,8.178347470422672,1.7309639963132228,0.027796380870839927,0.0,0.0,1.7876341061827914,False
1782957390.7397292,66.62356662750244,8.18549810016468,1.731165293730022,0.027794323809932197,0.0,0.0,1.772993372812248,False
1782957390.8216417,66.70547914505005,8.20033407770016,1.731589648645223,0.02779009482585945,0.0,0.0,1.5350311437405395,False
1782957390.892357,66.77619457244873,8.209170582943269,1.7318394134284538,0.02778879491046961,0.0,0.0,1.2940779487182266,False
1782957390.9799643,66.86380171775818,8.215524175978729,1.7320138241371248,0.027788838805485973,0.0,0.0,1.0904905614257996,False
1782957391.05912,66.94295740127563,8.235976329244982,1.7325188161231517,0.027793662342408623,0.0,0.0,0.34076157072591823,False
1782957391.147993,67.03183054924011,8.243677644043384,1.7326768190196045,0.027795882153665675,0.0,0.0,0.04072329450463766,False
1782957391.2611353,67.1449728012085,8.25394299157979,1.732852356712692,0.027797689345254603,0.0,0.0,359.6319844430435,False
1782957391.3618145,67.24565196037292,8.267960017182176,1.7330184074999613,0.027797278290111964,0.0,0.0,359.0520665676842,False
1782957391.4424531,67.32629060745239,8.280637926639976,1.7330840171152375,0.027794931515002327,0.0,0.0,358.5170586876857,False
1782957391.5437376,67.42757511138916,8.285698190548532,1.733085571846993,0.027793938622578604,0.0,0.0,358.30218198902946,False
1782957391.6344018,67.51823925971985,8.298342260416955,1.7330235147960131,0.027792344750257172,0.0,0.0,357.7653028219968,False
1782957391.707632,67.5914695262909,8.313488616617052,1.7328193327265575,0.02779284500297808,0.0,0.0,357.1290021355697,False
1782957391.7802525,67.6640899181366,8.319443191717873,1.732709179193956,0.02779413210946183,0.0,0.0,356.99215922800295,False
1782957391.9286516,67.81248903274536,8.323936522255085,1.7326187362664554,0.027795625669740236,0.0,0.0,356.9795193116335,False
1782957392.0265093,67.9103467464447,8.327176131348576,1.7325493492758743,0.027796891163053773,0.0,0.0,357.0224488742952,False
1782957392.0986476,67.98248505592346,8.333383073654934,1.732406606583232,0.027799442466128862,0.0,0.0,357.2293126995701,False
1782957392.1955316,68.07936906814575,8.346856628135706,1.7320608749768114,0.027802884976990728,0.0,0.0,358.094466400624,False
1782957392.2829707,68.16680812835693,8.351423463519158,1.731937701824778,0.02780273448065697,0.0,0.0,358.45886573925725,False
1782957392.3907251,68.27456259727478,8.363243473429003,1.7316299176300771,0.02779931889969145,0.0,0.0,359.08732364202297,False
1782957392.4970794,68.38091683387756,8.366534506388353,1.7315504858388626,0.027797963912614996,0.0,0.0,359.165522731741,False
1782957392.5740619,68.45789933204651,8.389580263910599,1.7310562663054827,0.02779070425918005,0.0,0.0,359.0480730230777,False
1782957392.6499543,68.5337917804718,8.395508776699543,1.7309394409714873,0.027790297719400444,0.0,0.0,358.87388926332164,False
1782957392.7586415,68.6424789428711,8.40265812758882,1.7307981452656063,0.027790792660745852,0.0,0.0,358.615535777175,False
1782957392.8432539,68.72709131240845,8.421819750357223,1.730385102056599,0.027795575354489444,0.0,0.0,357.7846682723055,False
1782957392.9391038,68.82294130325317,8.430230086505075,1.730172859700535,0.027797585111640412,0.0,0.0,357.3931265216318,False
1782957393.0188682,68.90270566940308,8.439898779935096,1.7298940634127933,0.02779854467411779,0.0,0.0,356.94381972769906,False
1782957393.1030605,68.98689794540405,8.457022028762161,1.7292876487166833,0.02779645804988641,0.0,0.0,356.1677470714132,False
1782957393.1968627,69.08070015907288,8.463260916694244,1.729024700862626,0.027795025220729457,0.0,0.0,355.90217948262455,False
1782957393.2819614,69.1657989025116,8.469690693720052,1.7287256532097508,0.027793433437908056,0.0,0.0,355.65713940201215,False
1782957393.3700447,69.25388216972351,8.490243038634357,1.7276474548296146,0.027793357821940225,0.0,0.0,355.47807128863883,False
1782957393.4766285,69.36046600341797,8.496551549293129,1.72729474038984,0.02779604815290205,0.0,0.0,355.7345805771936,False
1782957393.560515,69.44435238838196,8.502547640265465,1.7269515737739978,0.027799153742653144,0.0,0.0,356.0919928569102,False
1782957393.6457722,69.52960968017578,8.512950755161688,1.7263467973360318,0.027803340382671706,0.0,0.0,356.8692614889183,False
1782957393.7338448,69.61768221855164,8.522037918882306,1.7258242976251927,0.027803345958012423,0.0,0.0,357.60680932357917,False
1782957393.816812,69.70064949989319,8.526120180674862,1.7256029272461462,0.027802039664075944,0.0,0.0,357.8319707519159,False
1782957393.8994358,69.78327322006226,8.531761929077721,1.7253139024175828,0.027799455330414766,0.0,0.0,358.05107860657273,False
1782957393.9846263,69.86846375465393,8.536619334592322,1.7250786882332958,0.02779684462767339,0.0,0.0,358.19019699221036,False
1782957394.072163,69.95600056648254,8.540420544254157,1.7249023851723444,0.02779470700037557,0.0,0.0,358.277566873699,False
1782957394.3772235,70.26106095314026,8.541711849749984,1.7248439129629591,0.027793980454849196,0.0,0.0,358.30365544775213,False
1782957395.0264878,70.91032528877258,8.543013377615026,1.7247856655409597,0.027793253782712826,0.0,0.0,358.3282364342017,False
1782957395.3716316,71.25546908378601,8.545585769686754,1.7246716519400003,0.02779191211709244,0.0,0.0,358.36541384856906,False
1782957395.569754,71.45359134674072,8.548124270016675,1.7245606747425068,0.02779073368413255,0.0,0.0,358.38796746364335,False
1782957395.700437,71.58427453041077,8.549389217953326,1.7245060587920387,0.027790199114006788,0.0,0.0,358.3949427576682,False
1782957395.8085387,71.69237613677979,8.554410661724711,1.7242934209344751,0.02778850429595014,0.0,0.0,358.39330010294395,False
1782957395.9072092,71.79104661941528,8.560595608490084,1.7240397728430905,0.027787533570678234,0.0,0.0,358.32397013550303,True
1782957395.9944568,71.87829422950745,8.5666798093627,1.7237974910977831,0.02778792348493697,0.0,0.0,358.1846143371045,False
1782957396.0771346,71.96097207069397,8.577399861424869,1.7233809879860638,0.027791586032663598,0.0,0.0,357.7968658442996,False
1782957396.1697848,72.05362224578857,8.589022193013694,1.7229288760139532,0.027797642630724016,0.0,0.0,357.24284912321997,False
1782957396.2612474,72.14508485794067,8.598127548352833,1.7225606765279613,0.027801338215459073,0.0,0.0,356.7540776345634,False
1782957396.3738198,72.257657289505,8.60928812474397,1.7220766850384817,0.02780227502652679,0.0,0.0,356.11566017823253,False
1782957396.45202,72.33585739135742,8.616951288345268,1.7217155948171188,0.027800593254782006,0.0,0.0,355.6567351750862,False
1782957396.5276585,72.41149592399597,8.626786708306064,1.7212043019944447,0.027797030719856855,0.0,0.0,355.07505445700895,False
1782957396.603801,72.48763847351074,8.639271700597629,1.7204533287852053,0.027793180770702256,0.0,0.0,354.4152264749654,False
1782957396.714857,72.59869456291199,8.647404704478928,1.71990181090853,0.027792290879716106,0.0,0.0,354.00777765848824,False
1782957396.8142705,72.69810795783997,8.663954350974002,1.7186258656847657,0.02779410627304532,0.0,0.0,353.20547488292755,False
1782957396.9079194,72.79175686836243,8.67472438704406,1.7176835592526702,0.027796065312185144,0.0,0.0,352.69432818850515,False
1782957396.9954512,72.87928867340088,8.686796544886894,1.7165204791837312,0.027797101066972033,0.0,0.0,352.1875890606989,False
1782957397.0938463,72.97768378257751,8.70084701619612,1.7150841232272218,0.027798434872344478,0.0,0.0,352.231705901451,False
1782957397.215588,73.09942555427551,8.707749515617204,1.7143506764192127,0.027799177770232022,0.0,0.0,352.559284869975,False
1782957397.3148253,73.19866275787354,8.724290248533638,1.7125442068559822,0.027800103134831326,0.0,0.0,353.79651250932403,False
1782957397.390456,73.27429342269897,8.729221786817632,1.7120033686463967,0.02779964824086179,0.0,0.0,354.07354636328813,False
1782957397.4694707,73.35330820083618,8.734681483700957,1.7114106336730177,0.02779859986047523,0.0,0.0,354.27238944639447,False
1782957397.5593522,73.44318962097168,8.753327540197004,1.709443287706076,0.027792168306517834,0.0,0.0,354.6031458893901,False
1782957397.637438,73.5212755203247,8.76277090988586,1.7084772852841958,0.027788388490370616,0.0,0.0,354.66426477875035,False
1782957397.6997364,73.58357381820679,8.768284761416178,1.707920992884597,0.02778646318345684,0.0,0.0,354.6762188901243,False
1782957397.7631762,73.6470136642456,8.772457894214973,1.7075032307567184,0.027785271995768048,0.0,0.0,354.6740396559533,False
1782957397.8603723,73.74420976638794,8.797894889579908,1.704998150718643,0.027785469573323174,0.0,0.0,354.46749098514493,False
1782957397.9360526,73.81989002227783,8.806494634884304,1.7041580591866354,0.027788201055964325,0.0,0.0,354.3396954886906,False
1782957398.01087,73.89470744132996,8.812315213299978,1.703588390666997,0.027790209048537483,0.0,0.0,354.2512715324945,False
1782957398.075701,73.95953845977783,8.818214739706917,1.7030089098344587,0.027792037920433964,0.0,0.0,354.16419036374356,False
1782957398.1534777,74.03731513023376,8.842465474551155,1.7005893611566638,0.027793233849762882,0.0,0.0,353.850003128317,False
1782957398.262555,74.14639234542847,8.85172702385468,1.6996451076999808,0.027790652392036506,0.0,0.0,353.74672841343124,False
1782957398.340758,74.22459554672241,8.859464852064944,1.698846672582202,0.027787803011083766,0.0,0.0,353.6711802420372,False
1782957398.4183981,74.30223560333252,8.874893040960762,1.6972286626856117,0.0277826853071708,0.0,0.0,353.55652831031347,False
1782957398.500032,74.38386940956116,8.885619140132187,1.6960840997976359,0.027781346467839616,0.0,0.0,353.5088577333915,False
1782957398.7285426,74.612380027771,8.893319595110825,1.6952527968588058,0.027781780780322427,0.0,0.0,353.4811494426076,False
1782957398.8598018,74.74363923072815,8.894864887886358,1.695085068942689,0.027781999440589313,0.0,0.0,353.47588311097513,False
1782957399.0370665,74.92090392112732,8.89795336220027,1.6947490154484492,0.027782569681044058,0.0,0.0,353.46650127804065,False
1782957399.2678702,75.15170764923096,8.899494554537261,1.6945809276591821,0.027782920273189026,0.0,0.0,353.4626564484902,False
1782957399.4060342,75.28987169265747,8.902561138402328,1.6942457726167068,0.02778375701298562,0.0,0.0,353.4580203401132,False
1782957399.625216,75.50905346870422,8.905603567486345,1.693912382547359,0.027784758259070282,0.0,0.0,353.45813255589326,False
1782957399.7193875,75.60322499275208,8.910168275525182,1.693410438659259,0.027786412612402247,0.0,0.0,353.46175116497864,False
1782957399.8764348,75.76027226448059,8.916266398284263,1.6927369161594787,0.027788695420599852,0.0,0.0,353.4714881987698,False
1782957399.9655728,75.84941029548645,8.925406974063353,1.6917222350876127,0.0277917613851925,0.0,0.0,353.50033872293693,False
1782957400.043697,75.92753458023071,8.943563682617764,1.6896958005270946,0.027794150416198576,0.0,0.0,353.62304414069234,False
1782957400.1223004,76.00613784790039,8.957063955727145,1.6881883307392507,0.027792025844781108,0.0,0.0,353.77159406943076,False
1782957400.204457,76.088294506073,8.963029048871755,1.6875244659697122,0.02779044026557843,0.0,0.0,353.8521797808517,False
1782957400.2998543,76.18369174003601,8.985240471356471,1.6850803279609956,0.027785741221389024,0.0,0.0,354.21959247348786,False
1782957400.4050453,76.28888273239136,8.997031173831404,1.6838107069483914,0.027785954578210256,0.0,0.0,354.44473498600485,False
1782957400.5328062,76.41664361953735,9.007323822247477,1.6827239645333187,0.027787670873599138,0.0,0.0,354.65348762478175,False
1782957400.680979,76.56481647491455,9.025056014957691,1.6809103512099743,0.027791208237496725,0.0,0.0,355.00514107352745,False
1782957400.7807872,76.66462469100952,9.032616307513994,1.680163423181856,0.027791722826909993,0.0,0.0,355.1234756007544,False
1782957400.9410503,76.82488775253296,9.037194510355164,1.6797187649274619,0.02779163230348969,0.0,0.0,355.188168271339,False
1782957401.0375905,76.92142796516418,9.040261013817736,1.6794240885237732,0.027791405653313957,0.0,0.0,355.2290291247971,False
1782957401.1343222,77.01815962791443,9.04642752715523,1.678839066913181,0.02779057562775929,0.0,0.0,355.3065584645594,False
1782957401.2963736,77.1802110671997,9.051077008073253,1.6784044671108596,0.02778967453991865,0.0,0.0,355.36147048000083,False
1782957401.4576783,77.34151577949524,9.055741111236589,1.6779739234620934,0.027788606998778158,0.0,0.0,355.4141816831054,False
1782957401.7501545,77.63399195671082,9.058855032853266,1.6776894078639706,0.02778784336950628,0.0,0.0,355.4484925611331,False
1782957401.9806867,77.86452412605286,9.06196302753538,1.6774076345656086,0.02778708579841476,0.0,0.0,355.48049883117534,False
1782957402.1246836,78.00852108001709,9.065066810084137,1.6771284281464354,0.027786353271483398,0.0,0.0,355.51022267588417,False
1782957402.268621,78.15245842933655,9.066617635999496,1.6769897336983894,0.02778600215138847,0.0,0.0,355.524312709397,False
1782957402.416322,78.3001594543457,9.069718779610959,1.6767140074643274,0.02778533951724736,0.0,0.0,355.5511987064481,False
1782957402.5369146,78.42075204849243,9.072821843564935,1.6764402589018639,0.027784739668883267,0.0,0.0,355.5767582134674,False
1782957402.6786518,78.56248927116394,9.074375259624679,1.676304022615945,0.0277844660006803,0.0,0.0,355.5892211608407,False
1782957402.843285,78.72712254524231,9.080565670310218,1.67576595114511,0.02778367415457821,0.0,0.0,355.63243148036366,False
1782957402.960088,78.84392547607422,9.08364786892911,1.6755008571373973,0.027783478535765776,0.0,0.0,355.6500865473802,False
1782957403.0847552,78.9685926437378,9.08978905075312,1.6749779980249908,0.02778351378906207,0.0,0.0,355.67756320756615,False
1782957403.707484,79.59132146835327,9.09590381862506,1.6744640713597,0.02778410264750155,0.0,0.0,355.69474875023366,False
1782957403.864384,79.7482213973999,9.097425327182187,1.6743371418339432,0.027784336840556784,0.0,0.0,355.69697659860174,False
1782957404.0437865,79.92762398719788,9.104983198264984,1.6737117366635008,0.027785968321129548,0.0,0.0,355.6936602784328,False
1782957404.2283819,80.11221933364868,9.112477685656538,1.6730991255062395,0.027788124720770652,0.0,0.0,355.6667152827831,False
1782957404.3851225,80.26895999908447,9.119926055938615,1.6724963138999411,0.027790431722079324,0.0,0.0,355.61691611147364,False
1782957404.524755,80.40859246253967,9.12881985304775,1.6717820223700506,0.027792854267891007,0.0,0.0,355.52915873788123,False
1782957404.641602,80.52543950080872,9.136207135057294,1.671191098991565,0.027794188737716233,0.0,0.0,355.435760946269,False
1782957404.7810612,80.66489863395691,9.137682521821816,1.6710731507612797,0.027794357703590365,0.0,0.0,355.4151237810475,False
1782957405.031309,80.9151463508606,9.140632617736546,1.6708372522697539,0.027794586786419332,0.0,0.0,355.37221230301424,False
1782957405.2490823,81.1329197883606,9.150942348322703,1.6700106273970736,0.027794256334391195,0.0,0.0,355.2056485956864,False
1782957405.4051802,81.28901767730713,9.156818053218343,1.6695365197765157,0.027793373729452137,0.0,0.0,355.10004909745305,False
1782957405.5143044,81.39814186096191,9.16414874302449,1.6689401720002768,0.027791795760205972,0.0,0.0,354.95948824909976,False
1782957405.6913278,81.57516527175903,9.168542855712204,1.6685794396843825,0.02779072149408459,0.0,0.0,354.8716376820718,False
1782957405.9776103,81.86144781112671,9.174405436441452,1.668093516349797,0.027789287927262582,0.0,0.0,354.75220828271586,False
1782957406.1742673,82.05810475349426,9.195049137398524,1.6663291293792912,0.027786168180117244,0.0,0.0,354.33368149828965,False
1782957406.2771227,82.16096019744873,9.202456360458966,1.6656723771000934,0.027786225757698107,0.0,0.0,354.1848388974726,False
1782957406.3942602,82.27809762954712,9.208391082145408,1.6651361214133462,0.02778668609576903,0.0,0.0,354.0660913186316,False
1782957406.5160732,82.39991068840027,9.211360336391243,1.6648643348570513,0.027787024429040658,0.0,0.0,354.00675181384963,True
1782957406.9447784,82.82861590385437,9.218794750525811,1.6641731976349694,0.0277880520800989,0.0,0.0,353.8594186320296,False
1782957407.1317322,83.01556968688965,9.233749604179492,1.6627345220190881,0.027789951923932757,0.0,0.0,353.57518594149195,False
1782957407.2812836,83.16512107849121,9.242776089551201,1.6618339247615477,0.02779044983446129,0.0,0.0,353.4120359339015,False
1782957407.4276571,83.31149458885193,9.262443800072292,1.659786434696102,0.027789402435510983,0.0,0.0,353.07628909115056,False
1782957407.5151684,83.39900588989258,9.270042701524046,1.658964139882261,0.02778850271284422,0.0,0.0,352.9533307128284,False
1782957407.656805,83.5406424999237,9.27767767280201,1.658120342722223,0.027787536701182128,0.0,0.0,352.8362853241838,False
1782957407.8146772,83.69851469993591,9.2853642925704,1.6572531008753435,0.02778662429640212,0.0,0.0,352.7277912806688,False
1782957408.027018,83.9108555316925,9.291549863516488,1.6565426156277478,0.027786011377034677,0.0,0.0,352.6477562248253,False
1782957408.1422982,84.02613568305969,9.299317824904684,1.655635072718251,0.027785464107129707,0.0,0.0,352.5547543844445,False
1782957408.3306258,84.21446323394775,9.307110101103593,1.6547083712395103,0.027785202096846987,0.0,0.0,352.46945688218983,False
1782957408.4457676,84.32960510253906,9.32734949246401,1.6522315759261028,0.02778580808706849,0.0,0.0,352.2900495688235,False
1782957408.5708761,84.45471358299255,9.339722808733914,1.650672871290406,0.027786773093760368,0.0,0.0,352.21470959803463,False
1782957408.7055686,84.58940601348877,9.34890111078789,1.6494979594329715,0.027787693103112843,0.0,0.0,352.18523215281675,False
1782957408.8107262,84.69456362724304,9.363977777109625,1.6475390679714121,0.027789380358763143,0.0,0.0,352.20100438745544,False
1782957408.9449258,84.82876324653625,9.369930574614054,1.6467576945767732,0.02779005218125183,0.0,0.0,352.23375802051237,False
1782957409.0935621,84.97739958763123,9.383394211365491,1.6449788500884857,0.027790959396305565,0.0,0.0,352.3342403594511,False
1782957409.1881788,85.07201623916626,9.392450975857745,1.6437771752528056,0.027790906031917233,0.0,0.0,352.4121143013183,False
1782957409.2813728,85.1652102470398,9.410598970239635,1.6413697406431529,0.027789373953166448,0.0,0.0,352.60118562743963,False
1782957409.387571,85.27140855789185,9.42570485122189,1.639378006859654,0.027787365396343362,0.0,0.0,352.78978329769564,False
1782957409.5367815,85.4206190109253,9.452853600409398,1.6358601014976724,0.027786121857741344,0.0,0.0,353.1790336606903,False
1782957409.6634867,85.54732418060303,9.47089204175527,1.633586741245895,0.02778813557840472,0.0,0.0,353.4687950854744,False
1782957409.7831588,85.66699624061584,9.490383162863495,1.631204457810496,0.027790524855839892,0.0,0.0,353.8042288762665,False
1782957409.8637736,85.7476110458374,9.505375789350385,1.6294325487176433,0.027790791242260648,0.0,0.0,354.0695742616825,False
1782957409.957432,85.84126949310303,9.523351407457309,1.6273842789973343,0.02778934881949992,0.0,0.0,354.3952464867708,False
1782957410.037071,85.92090845108032,9.529386499558312,1.6267168600047666,0.02778862986016712,0.0,0.0,354.4985856089805,False
1782957410.1272128,86.0110502243042,9.547823498957907,1.624744044297238,0.0277863268122702,0.0,0.0,354.7620872580074,False
1782957410.2478714,86.13170886039734,9.55710522218509,1.6237858540600785,0.027785640020764626,0.0,0.0,354.8666020199762,False
1782957410.3750913,86.25892877578735,9.563262537387402,1.6231618945395845,0.027785521978530618,0.0,0.0,354.9220304755164,False
1782957410.524299,86.40813636779785,9.573968230108887,1.6220977731407564,0.027785961974761877,0.0,0.0,354.99086851896124,False
1782957410.6394653,86.52330279350281,9.580055922901753,1.6215036595473693,0.027786504741989182,0.0,0.0,355.01533414519207,False
1782957410.784044,86.66788148880005,9.583091780585022,1.6212101223288347,0.027786836783517406,0.0,0.0,355.0234550490921,False
1782957411.021492,86.90532946586609,9.587635458657779,1.6207739717352363,0.027787392347783803,0.0,0.0,355.0303480065644,False
1782957411.201578,87.08541536331177,9.592157846800095,1.6203433157251053,0.027788015423727955,0.0,0.0,355.0294463067294,False
1782957411.3587675,87.242604970932,9.599654110229233,1.6196362586478803,0.027789129240893107,0.0,0.0,355.0100880525801,False
1782957411.49296,87.37679743766785,9.60708732269266,1.6189421023900923,0.027790261812227286,0.0,0.0,354.9657251503207,False
1782957411.672462,87.5562994480133,9.618832193869935,1.6178549989077626,0.02779188587258717,0.0,0.0,354.8383221332017,False
1782957411.7846725,87.66850996017456,9.63334121436007,1.616517810404243,0.02779294759794437,0.0,0.0,354.5982372490909,False
1782957412.0434434,87.92728090286255,9.639112113101982,1.615984228142978,0.02779295771873421,0.0,0.0,354.4835510188524,False
1782957412.238656,88.1224935054779,9.64777747905999,1.6151775617451687,0.0277924860647925,0.0,0.0,354.30144288285607,False
1782957412.4046998,88.28853726387024,9.655011500133377,1.6144968651328615,0.027791735246898118,0.0,0.0,354.1436092101203,False
1782957412.6522355,88.53607296943665,9.670828224082848,1.6129770095660243,0.027789954150481626,0.0,0.0,353.7673959224794,False
1782957412.7699401,88.65377759933472,9.692453072148322,1.610800420853949,0.02778885953845276,0.0,0.0,353.24264854433005,False
1782957412.8450553,88.72889280319214,9.706990718218679,1.6092577137365411,0.027789240931123737,0.0,0.0,352.9032611176031,False
1782957412.9347644,88.81860184669495,9.712839238459699,1.6086171704906396,0.027789493812374846,0.0,0.0,352.77139619785316,False
1782957413.0447176,88.92855501174927,9.721693417752176,1.6076242306358142,0.02778972092004956,0.0,0.0,352.58417988849607,False
1782957413.1900108,89.07384824752808,9.736756340676859,1.6058693234879937,0.027789152465635097,0.0,0.0,352.31418754452733,False
1782957413.347775,89.23161244392395,9.747499629573932,1.6045692377486087,0.02778800943573341,0.0,0.0,352.155806733277,False
1782957413.530244,89.41408157348633,9.753660233978195,1.6038071317839466,0.027787256188792492,0.0,0.0,352.07057656944613,False
1782957413.7014558,89.58529329299927,9.758276637526142,1.6032285696878439,0.027786720759650576,0.0,0.0,352.00721151441644,False
1782957413.7925906,89.6764280796051,9.766002643021638,1.6022457557533554,0.02778587292674089,0.0,0.0,351.90782708556316,False
1782957413.8797436,89.76358103752136,9.772206343554386,1.6014439069019055,0.027785311145473647,0.0,0.0,351.83391249422857,False
1782957414.0733209,89.95715832710266,9.776853937917942,1.6008362666922482,0.02778503275381729,0.0,0.0,351.7837585597533,False
1782957414.2471275,90.13096499443054,9.781476699663699,1.6002264127782786,0.027784942330652318,0.0,0.0,351.74068111649365,False
1782957414.3918192,90.27565670013428,9.790680752234431,1.5989962600648626,0.02778527225502309,0.0,0.0,351.67142473915726,False
1782957414.527749,90.41158652305603,9.796806871351697,1.5981662032036075,0.027785799383821266,0.0,0.0,351.6349437842345,False
1782957414.6574352,90.54127264022827,9.807520590581186,1.5966947468464074,0.02778710203252769,0.0,0.0,351.58690074979637,False
1782957414.7561142,90.63995170593262,9.813601663410907,1.595849717819979,0.027788014258351302,0.0,0.0,351.5735232257381,False
1782957414.9002776,90.78411507606506,9.822646707043909,1.5945814532833447,0.027789434912912504,0.0,0.0,351.57759038009294,False
1782957415.1305945,91.01443195343018,9.827084524032442,1.5939552020323502,0.02779019899395325,0.0,0.0,351.5985637724781,False
1782957415.3117912,91.19562864303589,9.840359181673675,1.5920687479401625,0.02779182333235936,0.0,0.0,351.70505949859984,False
1782957415.4334788,91.31731629371643,9.846229353127676,1.5912303644071943,0.027792144930592316,0.0,0.0,351.7729975767656,False
1782957415.5663757,91.45021319389343,9.850593802035323,1.5906063073295988,0.027792268353108412,0.0,0.0,351.83532546429785,False
1782957415.6990476,91.58288502693176,9.85635222093138,1.5897827848972097,0.02779231546786174,0.0,0.0,351.9344496288789,False
1782957415.8092062,91.69304370880127,9.86336075328348,1.5887815689332585,0.027792427068461252,0.0,0.0,352.0950523555956,False
1782957415.966504,91.85034155845642,9.874117385841782,1.5872517229021377,0.027793022263493193,0.0,0.0,352.43227432146665,False
1782957416.1131973,91.99703478813171,9.87671146468504,1.586884754634417,0.027793293304061502,0.0,0.0,352.53114843784334,False
1782957416.23087,92.11470746994019,9.883248135421217,1.5859672028108143,0.027793848189140873,0.0,0.0,352.7727469259129,False
1782957416.3325152,92.21635270118713,9.88852997246913,1.5852345072003944,0.027794139864444397,0.0,0.0,352.9609272311594,False
1782957416.496743,92.38058042526245,9.89909675539957,1.5837947810251682,0.02779443352132914,0.0,0.0,353.34099070475077,False
1782957416.60891,92.49274754524231,9.90435435066304,1.583092789248492,0.02779445259836137,0.0,0.0,353.53557488348537,False
1782957416.7800565,92.66389393806458,9.914695048700871,1.5817417052670308,0.02779445012542664,0.0,0.0,353.9466995682585,False
1782957416.9091654,92.79300284385681,9.925951919331672,1.5803196216306827,0.027794711625683033,0.0,0.0,354.4495217025043,False
1782957417.0652425,92.94907999038696,9.944007193699811,1.5781700086133434,0.02779586752860659,0.0,0.0,355.3407336928356,False
1782957417.1968837,93.08072113990784,9.958273702643073,1.5766493237249524,0.027794785800449032,0.0,0.0,355.857833916171,False
1782957417.3110957,93.19493317604065,9.969465709420806,1.5755644226497472,0.02779229683850034,0.0,0.0,356.1522328230534,False
1782957417.4335833,93.31742072105408,9.976690958667698,1.5749061287521204,0.02779029038644135,0.0,0.0,356.3111752354963,False
1782957417.5948386,93.47867608070374,9.98402870664001,1.574267293843488,0.0277882337527905,0.0,0.0,356.4412865710107,False
1782957417.7876031,93.67144060134888,9.991446738125305,1.5736491090988816,0.027786385615964266,0.0,0.0,356.54757193983266,False
1782957417.8895845,93.77342200279236,10.00347924882504,1.5726999081047754,0.027784298471022623,0.0,0.0,356.6848930300122,False
1782957418.0765426,93.96038007736206,10.009556347810072,1.5722429863588936,0.027783810461209268,0.0,0.0,356.7424163315035,True
1782957418.2107887,94.0946261882782,10.011083500176966,1.5721303759671033,0.02778374623143985,0.0,0.0,356.7564579023249,False
1782957418.3258479,94.20968532562256,10.018767755048458,1.5715764173870834,0.02778374979294148,0.0,0.0,356.8242335133997,False
1782957418.4290063,94.31284379959106,10.026511447894963,1.5710378343819953,0.027784261103347817,0.0,0.0,356.88900199037266,False
1782957418.51939,94.40322756767273,10.03582049848434,1.5704133696066505,0.02778544449544696,0.0,0.0,356.9589448036498,False
1782957418.6650455,94.5488829612732,10.046646313157565,1.5697150050264717,0.027787272457780104,0.0,0.0,357.0186342765116,False
1782957418.7946458,94.67848324775696,10.066823159164619,1.5684830593957142,0.02778960391670429,0.0,0.0,357.1180387124353,False
1782957418.9458654,94.8297028541565,10.076164657461417,1.5679388310624747,0.027789668833352012,0.0,0.0,357.1713713359828,False
1782957419.0879035,94.97174096107483,10.085479362524255,1.567410387379853,0.02778916032326038,0.0,0.0,357.2338518098639,False
1782957419.2329798,95.11681723594666,10.0930968204957,1.5669874578123044,0.02778872594301779,0.0,0.0,357.3110239858746,False
1782957419.3588881,95.24272561073303,10.105014046914983,1.5663431671493546,0.027788473687733378,0.0,0.0,357.4869317176581,False
1782957419.4797578,95.36359524726868,10.110866964147391,1.5660354056954264,0.027788673967134477,0.0,0.0,357.59710255790367,False
1782957419.632973,95.5168104171753,10.120819223934264,1.5655259947872788,0.027789917747476935,0.0,0.0,357.8397624064991,False
1782957419.7531173,95.63695478439331,10.13299477116309,1.5649305777920803,0.027793047003430493,0.0,0.0,358.24641318733154,False
1782957419.864306,95.74814343452454,10.148283744523834,1.5642420396335646,0.027797651203171514,0.0,0.0,358.9040301492588,False
1782957419.9724321,95.8562695980072,10.161489250827962,1.5637180180006982,0.027799640543131957,0.0,0.0,359.57944459855275,False
1782957420.1581252,96.04196262359619,10.168447243179166,1.5634759525383382,0.027799456290257332,0.0,0.0,359.9615596419021,False
1782957420.3012981,96.18513560295105,10.176505902951227,1.5632335146824698,0.02779827341864635,0.0,0.0,0.40234269712402465,False
1782957420.4289384,96.31277585029602,10.183326476454807,1.5630609515855107,0.027796926190852483,0.0,0.0,0.7844781015625398,False
1782957420.5730798,96.45691728591919,10.194269733633424,1.5628431803901677,0.027795476991153308,0.0,0.0,1.455417792284803,False
1782957420.7170463,96.6008837223053,10.203593283937296,1.5627167522870977,0.027795884949807757,0.0,0.0,2.0951959275758782,False
1782957420.8387082,96.7225456237793,10.212398684058556,1.5626505717888384,0.027797720463122615,0.0,0.0,2.761588250002031,False
1782957421.006772,96.89060950279236,10.218026374871906,1.5626389731907888,0.027799184113232494,0.0,0.0,3.2145540899702545,False
1782957421.2205677,97.10440516471863,10.221683203572026,1.5626454825845322,0.02780004228895547,0.0,0.0,3.51915954867056,False
1782957421.383808,97.2676453590393,10.227991800876117,1.5626887784664458,0.02780096469942784,0.0,0.0,4.048763988129916,False
1782957421.4909828,97.37482023239136,10.233270031154959,1.5627551026083748,0.02780106779054673,0.0,0.0,4.506523225964711,False
1782957421.6567268,97.54056429862976,10.239305434446035,1.5628674865990808,0.027800455205687597,0.0,0.0,5.042624119227734,False
1782957421.8004818,97.6843192577362,10.248586785725411,1.5631234394186277,0.027798740886399526,0.0,0.0,5.886615256741513,False
1782957422.0062807,97.89011812210083,10.260146259859178,1.5635964252818892,0.027797556501396634,0.0,0.0,6.961469094423296,False
1782957422.2750697,98.15890717506409,10.26503815232435,1.563851689286505,0.0277977876856769,0.0,0.0,7.422171092817448,False
1782957422.4140637,98.29790115356445,10.273935872210332,1.5644043714870999,0.027798987783117027,0.0,0.0,8.26680999141215,False
1782957422.5492394,98.43307685852051,10.279560003903706,1.5648144028983246,0.02779978738549508,0.0,0.0,8.804313592319271,False
1782957422.684406,98.56824350357056,10.28436165485417,1.5652026463796078,0.02780021325982553,0.0,0.0,9.265033385391334,False
1782957422.8208354,98.70467281341553,10.290740734501016,1.5657738671915589,0.027800242992222616,0.0,0.0,9.879328680116261,False
1782957422.9530327,98.83687019348145,10.297097210292064,1.5664070704987987,0.02779973215066022,0.0,0.0,10.49362484321918,False
1782957423.0672226,98.9510600566864,10.304225047302092,1.5671944017946726,0.02779890690574759,0.0,0.0,11.184706962811047,False
1782957423.1743457,99.05818319320679,10.309761138987124,1.5678636787134745,0.02779841296130194,0.0,0.0,11.721280353336223,False
1782957423.2739706,99.15780806541443,10.321059203565085,1.569406199912434,0.0277982779930212,0.0,0.0,12.772071138331881,False
1782957423.424689,99.3085265159607,10.32844103116779,1.5705369681370476,0.02779870272741515,0.0,0.0,13.44355779898518,False
1782957423.567412,99.45124936103821,10.333324341257988,1.57133130295961,0.027799077229367062,0.0,0.0,13.898246604083907,False
1782957423.677551,99.56138849258423,10.33655637109836,1.5718770389375103,0.027799308972081396,0.0,0.0,14.203421242865728,False
1782957423.7727022,99.65653967857361,10.33896952014362,1.5722951050003346,0.027799453308416065,0.0,0.0,14.432879310165227,False
1782957423.8407953,99.72463274002075,10.343770960850495,1.5731543695377914,0.02779963133418468,0.0,0.0,14.89261713039509,False
1782957423.9449437,99.82878112792969,10.347749677772116,1.5738945494053138,0.02779965060652793,0.0,0.0,15.276175313610407,False
1782957424.0896943,99.97353172302246,10.35171039025006,1.5746571664179188,0.027799560040339722,0.0,0.0,15.659922905929745,False
1782957424.2177446,100.10158205032349,10.3556549532202,1.575442621245264,0.027799388423124582,0.0,0.0,16.043764462243896,False
1782957424.3143668,100.19820427894592,10.363735514935337,1.5771532428326467,0.027798830535446118,0.0,0.0,16.783482462027884,False
1782957424.4241972,100.308034658432,10.372945944416216,1.579324612118877,0.027797651487506386,0.0,0.0,17.421438001156574,False
1782957424.5023272,100.38616466522217,10.38091384814078,1.5813436784858457,0.02779652309446531,0.0,0.0,17.905709935216773,False
1782957424.6415431,100.52538061141968,10.388217085806794,1.5832892564228953,0.02779560707151709,0.0,0.0,18.318192723604238,False
1782957424.7670672,100.65090465545654,10.392524469096045,1.5844761004499728,0.02779515129637355,0.0,0.0,18.54755263372222,False
1782957424.9112785,100.79511594772339,10.401450857067195,1.5870232455803561,0.02779438314640904,0.0,0.0,18.9875057588823,False
1782957425.0369666,100.92080402374268,10.410739869436616,1.589787614451453,0.027793815806899956,0.0,0.0,19.40584010360293,False
1782957425.245759,101.1295964717865,10.416680630173241,1.591609925590228,0.027793572145024304,0.0,0.0,19.66056849522784,False
1782957425.3929458,101.27678322792053,10.425444307813565,1.5943824977406345,0.02779282746177376,0.0,0.0,19.956289203763976,False
1782957425.4781265,101.36196398735046,10.429384565664623,1.5956596685929185,0.02779226890855107,0.0,0.0,20.060660690399637,False
1782957425.6019225,101.485759973526,10.434768288023575,1.5974306571078394,0.027791331344717944,0.0,0.0,20.187871810430696,False
1782957425.728634,101.61247158050537,10.440246851823028,1.5992595254958848,0.027790261771906476,0.0,0.0,20.29737136260656,False
1782957425.8302844,101.71412181854248,10.451175972299962,1.6029714764634064,0.027788484296534192,0.0,0.0,20.438863487026897,False
1782957425.926427,101.81026434898376,10.461838459301998,1.6066590980499518,0.02778807888682252,0.0,0.0,20.458873090799948,False
1782957426.0336127,101.91745018959045,10.478127168130092,1.612380854899569,0.027791935664926923,0.0,0.0,20.150566408701906,False
1782957426.1748078,102.05864524841309,10.485206000471845,1.6148887720568619,0.027795062420066612,0.0,0.0,19.878662172772604,False
1782957426.2871919,102.17102932929993,10.50055911504043,1.6203379399268591,0.027801513226302966,0.0,0.0,19.035725997090157,False
1782957426.53499,102.41882753372192,10.528709178366183,1.6301747044914627,0.02779690939409698,0.0,0.0,17.130070908291483,False
1782957426.6711855,102.5550229549408,10.534668503399407,1.632196698860301,0.027795158083779203,0.0,0.0,16.72939866461699,False
1782957426.7885678,102.67240524291992,10.542779775082138,1.6348981652086625,0.02779402026434882,0.0,0.0,16.21347752902145,False
1782957426.8583908,102.74222826957703,10.557260016420631,1.6395722675695752,0.02779551293628925,0.0,0.0,15.324631305326562,False
1782957426.9441767,102.82801413536072,10.566675901482586,1.6425068087158812,0.027797391521061834,0.0,0.0,14.753786906122526,False
1782957427.0215354,102.90537285804749,10.570866700136575,1.6437861336532404,0.027798060774347398,0.0,0.0,14.498340710099358,False
1782957427.1066618,102.99049925804138,10.576080873903816,1.6453554903026821,0.02779862144570594,0.0,0.0,14.17477742948131,False
1782957427.2433772,103.12721467018127,10.587396559181817,1.6486756771051636,0.027798676143829387,0.0,0.0,13.445071354259294,False
1782957427.506064,103.38990139961243,10.599667031454196,1.652129450279459,0.027797420549572547,0.0,0.0,12.648299750593749,False
1782957427.6642997,103.54813718795776,10.602716901461992,1.6529639612610842,0.027797089136919216,0.0,0.0,12.447035758383361,False
1782957427.7631612,103.64699864387512,10.610604556856927,1.6550869924120573,0.02779670995445053,0.0,0.0,11.884513423278735,False
1782957427.9018774,103.78571486473083,10.624345273266194,1.6586638537713936,0.027798285457587613,0.0,0.0,10.758252933699818,False
1782957427.985575,103.86941242218018,10.632990401396345,1.660817628012554,0.02779981140565449,0.0,0.0,9.993122007032149,False
1782957428.0567517,103.94058918952942,10.6380474062439,1.6620370981016444,0.02780036438841955,0.0,0.0,9.532912777160476,False
1782957428.1669734,104.05081081390381,10.644678718468239,1.6635869557404495,0.02780043432123556,0.0,0.0,8.91887963960489,False
1782957428.2651212,104.14895868301392,10.651253483078648,1.665062090120634,0.027799814116076214,0.0,0.0,8.309645692497476,False
1782957428.3512354,104.23507285118103,10.658297123475016,1.6665373389796119,0.027798569259340038,0.0,0.0,7.753527766604468,False
1782957428.4340303,104.31786775588989,10.663882479127256,1.66763798754727,0.027797518975484,0.0,0.0,7.3544852105256995,True
1782957428.5476742,104.4315116405487,10.6706205217891,1.6688973410277792,0.02779652801533134,0.0,0.0,6.8942038443181195,False
1782957428.6429584,104.52679586410522,10.678482582397965,1.670284474646803,0.02779605187624489,0.0,0.0,6.364518981248154,False
1782957428.7587197,104.64255714416504,10.692435576250354,1.6725476594735882,0.02779694682737061,0.0,0.0,5.42592329961538,False
1782957428.8388174,104.72265481948853,10.702424563807472,1.6740217788179055,0.027798113577212104,0.0,0.0,4.744572587968965,False
1782957428.964533,104.84837055206299,10.714461784470435,1.6756356603668543,0.027798756504949257,0.0,0.0,3.9283089133921885,False
1782957429.1202874,105.00412487983704,10.735561058297009,1.6780453732183216,0.027797546771203063,0.0,0.0,2.493484960365619,False
1782957429.215599,105.09943652153015,10.742570027970178,1.6787298272256324,0.027797182768764313,0.0,0.0,2.0119346683810893,False
1782957429.3214512,105.20528864860535,10.749743418255932,1.679360508909149,0.02779694082719686,0.0,0.0,1.5502835128905277,False
1782957429.4320173,105.31585478782654,10.768464796382741,1.6806669130149021,0.02779606411668868,0.0,0.0,0.5289671160404048,False
1782957429.509489,105.3933265209198,10.774196559685047,1.6809832473426654,0.0277957624357444,0.0,0.0,0.23800657562211816,False
1782957429.6156504,105.49948787689209,10.783494036882958,1.6814221970894268,0.027795331276467588,0.0,0.0,359.77466301865326,False
1782957429.7579088,105.64174628257751,10.803637831202742,1.6820769083251452,0.027794948923269735,0.0,0.0,358.8012044625858,False
1782957429.9592278,105.84306526184082,10.82838346787236,1.6823459762629271,0.0277944137312621,0.0,0.0,357.72873809390495,False
1782957430.0503664,105.93420386314392,10.83725189245399,1.6823113338834255,0.027794112273005957,0.0,0.0,357.3656435861795,False
1782957430.1590319,106.04286932945251,10.85776471332552,1.6819876284753401,0.027793539517291282,0.0,0.0,356.54733714817445,False
1782957430.3273761,106.2112135887146,10.861655095821112,1.6818886999334717,0.027793461278704572,0.0,0.0,356.3974497485311,False
1782957430.3999677,106.28380513191223,10.877804628420332,1.681341872312071,0.02779247074358094,0.0,0.0,355.8615588416834,False
1782957430.5006144,106.3844518661499,10.887510194649279,1.680919695093953,0.027791585769281292,0.0,0.0,355.57538464815315,False
1782957430.6308298,106.51466727256775,10.890314146747158,1.6807856582135483,0.027791310555038213,0.0,0.0,355.49645848562983,False
1782957430.7551887,106.63902616500854,10.893135938107813,1.6806453576719271,0.027791021517424998,0.0,0.0,355.4193888649781,False
1782957430.8383281,106.72216558456421,10.894554331691396,1.6805727948500968,0.02779087091846996,0.0,0.0,355.3816634271135,False
1782957430.9554749,106.83931231498718,10.897405171903163,1.680422920946329,0.027790560448839822,0.0,0.0,355.30772530809116,False
1782957431.0411253,106.92496275901794,10.90027388710563,1.6802667937541766,0.02779024099991614,0.0,0.0,355.2357201964513,False
1782957431.147364,107.03120136260986,10.907518024379442,1.6798497138797168,0.027789429548613454,0.0,0.0,355.0636634635917,False
1782957431.6648312,107.54866862297058,10.911909017002525,1.6795816765985851,0.027788955750077945,0.0,0.0,354.96543823868893,False
1782957431.831282,107.71511936187744,10.951532911197614,1.6767076745255873,0.027785502827625992,0.0,0.0,354.32467878416725,False
1782957431.9713283,107.85516571998596,10.982710191100066,1.6740067038880748,0.027785950917763223,0.0,0.0,353.99856058513615,False
1782957432.0672429,107.95108032226562,10.99813781649388,1.6725656298822125,0.027787390440011318,0.0,0.0,353.9093443080687,False
1782957432.2490017,108.13283920288086,11.029811649786653,1.6694548013733177,0.027790934682334397,0.0,0.0,353.97194064198237,False
1782957432.361704,108.2455415725708,11.05053494469386,1.6673573969944906,0.027791444592204877,0.0,0.0,354.2102979547317,False
1782957432.5643537,108.44819116592407,11.084836915567001,1.663908421996271,0.027787956776893018,0.0,0.0,354.7434477545247,False
1782957432.6699736,108.55381107330322,11.107482442231023,1.661712954194391,0.027786529314708656,0.0,0.0,355.10427262234947,False
1782957432.8967807,108.78061819076538,11.11952961573459,1.6605831903042871,0.027787037450304277,0.0,0.0,355.3074353403581,False
1782957433.0257425,108.90957999229431,11.14372646669648,1.658411902256001,0.027789010303765602,0.0,0.0,355.71017822748564,False
1782957433.220071,109.10390853881836,11.172655033867942,1.656005325921821,0.02778903814150993,0.0,0.0,356.16830045099147,False
1782957433.3607156,109.24455308914185,11.205020963649583,1.6535705496125428,0.027786408796584398,0.0,0.0,356.59285142644575,False
1782957433.5133955,109.39723300933838,11.233105477600974,1.6516634073790455,0.02778575286384777,0.0,0.0,356.8287613406611,False
1782957433.6595793,109.54341673851013,11.261197010014223,1.6499100233885526,0.027787121281509272,0.0,0.0,356.9716554727493,False
1782957433.7967389,109.68057632446289,11.284538507039263,1.6485430159933079,0.027788091040107713,0.0,0.0,357.02118930846797,False
1782957433.8998985,109.78373599052429,11.303147718207478,1.6474950254610345,0.027788144393131358,0.0,0.0,357.0096895542553,False
1782957434.0150626,109.89890003204346,11.324788590230929,1.6463046782669368,0.027787639675192693,0.0,0.0,356.9334927294358,False
1782957434.1575956,110.041433095932,11.349487980158411,1.6449566514048908,0.02778719922916516,0.0,0.0,356.774496269372,False
1782957434.3255465,110.20938396453857,11.375766173702697,1.643499940976885,0.027787411564362825,0.0,0.0,356.54915405541055,False
1782957434.514731,110.39856839179993,11.419088212058368,1.6409632898629587,0.02778757919123969,0.0,0.0,356.1049408650182,False
1782957434.63644,110.52027750015259,11.435570610804229,1.6399369165230413,0.027788654013063113,0.0,0.0,355.83827815124687,False
1782957434.7310767,110.61491417884827,11.455761790096444,1.6386136768808233,0.027791706209682594,0.0,0.0,355.3637384364977,False
1782957434.8857756,110.76961302757263,11.469828856029716,1.6376329571503137,0.02779361068457075,0.0,0.0,354.9645959998556,False
1782957435.0279524,110.911789894104,11.486569788263683,1.6364196635140218,0.02779852078960759,0.0,0.0,354.06811412329836,False
1782957435.1651332,111.0489706993103,11.504724841195936,1.6349988109547542,0.02780180202285285,0.0,0.0,352.7161246334976,False
1782957435.3026807,111.18651819229126,11.520120399998026,1.6336330150092304,0.027798890093779352,0.0,0.0,351.4132041024088,False
1782957435.431345,111.31518244743347,11.534620916211631,1.632148054256343,0.02779698612709294,0.0,0.0,350.10806830086324,False
1782957435.5666363,111.45047378540039,11.545354926703002,1.6308950742964665,0.027798496542298136,0.0,0.0,349.1098726931532,False
1782957435.694769,111.5786063671112,11.55910568513796,1.629070378036032,0.027800661821233082,0.0,0.0,347.8045069009947,False
1782957435.8405206,111.72435808181763,11.571060065890107,1.6272647456041667,0.027799874683982814,0.0,0.0,346.652701375456,False
1782957435.9852357,111.86907315254211,11.584469355545009,1.6249791336486317,0.027798066233762533,0.0,0.0,345.3473264887752,False
1782957436.1198838,112.00372123718262,11.593866072802482,1.6232056982504621,0.027798161732433394,0.0,0.0,344.42589107856094,False
1782957436.228722,112.11255955696106,11.60632102240816,1.6206286174149995,0.02779956790475068,0.0,0.0,343.19730938958844,False
1782957436.3273728,112.21121025085449,11.61406603060147,1.6188923970783344,0.02780004761424977,0.0,0.0,342.4294419800089,False
1782957436.4089866,112.29282402992249,11.623321732109684,1.6166798650739216,0.027799678759665034,0.0,0.0,341.5079986278626,False
1782957436.492605,112.37644243240356,11.628701735893008,1.6153237694433902,0.027799182640604304,0.0,0.0,340.97049030710326,False
1782957436.6302161,112.51405358314514,11.641708009541402,1.6118285296642378,0.02779845234800048,0.0,0.0,339.66511733581245,False
1782957436.7418346,112.62567210197449,11.651595623364873,1.6089621401113114,0.027798876384567163,0.0,0.0,338.6668934125848,False
1782957436.8888633,112.77270078659058,11.663692408332786,1.6052036831362533,0.027799613139206304,0.0,0.0,337.4383074945598,False
1782957437.0053456,112.8891830444336,11.677200377312236,1.600671613330115,0.02779936167628022,0.0,0.0,336.05614434431095,False
1782957437.1460676,113.02990508079529,11.686143047619382,1.5974720359686638,0.02779889256618912,0.0,0.0,335.1347030859176,False
1782957437.287227,113.17106437683105,11.700193761174681,1.5921158562672257,0.027798885533902595,0.0,0.0,333.6757577044051,False
1782957437.402906,113.28674340248108,11.712646437619677,1.587023750509647,0.027799372323652132,0.0,0.0,332.37038495470586,False
1782957437.5086026,113.3924400806427,11.721365296003887,1.5832600654492281,0.027799424956561982,0.0,0.0,331.4489437332303,False
1782957437.6302092,113.51404666900635,11.732894342299597,1.5780255393476907,0.02779909383262593,0.0,0.0,330.2203551919093,False
1782957437.814109,113.69794654846191,11.747880006167627,1.5707661201149938,0.027798940660817586,0.0,0.0,328.61166470978964,False
1782957437.9729078,113.85674524307251,11.755866292462445,1.5666602962436083,0.027798966526084386,0.0,0.0,327.79099807562244,False
1782957438.0711634,113.95500087738037,11.761876367091595,1.5634482660770808,0.02779883117329841,0.0,0.0,327.213529071285,False
1782957438.1763558,114.06019330024719,11.773652116050492,1.5568604676289934,0.027798157159844947,0.0,0.0,326.16399679290515,False
1782957438.3367188,114.22055625915527,11.780997951857177,1.5525659614782752,0.02779767716408949,0.0,0.0,325.54996395251203,False
1782957438.4820166,114.36585402488708,11.797871525883137,1.5422087107951772,0.02779719588300527,0.0,0.0,324.21060732564524,False
1782957438.6841993,114.56803679466248,11.81794943979596,1.5290407168563713,0.027797133381395507,0.0,0.0,322.7232225248229,False
1782957438.8453703,114.72920775413513,11.821543562851224,1.5265872220504353,0.0277969738861992,0.0,0.0,322.4749067412349,False
1782957438.9875698,114.87140727043152,11.842012799752103,1.5120187822486912,0.027793873145191227,0.0,0.0,321.3585990313475,False
1782957439.0856936,114.96953105926514,11.857793884416056,1.5002194979531605,0.0277911718099126,0.0,0.0,320.6765334539305,False
1782957439.1960464,115.07988381385803,11.870060660785768,1.4907506376649287,0.027789362716149544,0.0,0.0,320.2707554551376,True
1782957439.3036952,115.18753266334534,11.886433639418877,1.477776738725149,0.027787004058843663,0.0,0.0,319.90570730345655,False
1782957439.411865,115.29570245742798,11.903994954890331,1.463547570447839,0.02778653269116033,0.0,0.0,319.6262851498618,False
1782957439.520881,115.40471839904785,11.913233115510625,1.4559571280367056,0.02778758706265649,0.0,0.0,319.44055895112035,False
1782957439.6181352,115.50197267532349,11.924876411856049,1.4462901487584174,0.0277890631468357,0.0,0.0,319.21175656029914,False
1782957439.7488208,115.63265824317932,11.93901026087295,1.4344160138815758,0.027789608528219198,0.0,0.0,318.9914073356002,False
1782957439.9201214,115.80395889282227,11.959831308271456,1.4166989898661464,0.0277883940402432,0.0,0.0,318.87062436092015,False
1782957440.0914543,115.97529172897339,11.97847343888032,1.4006845340936251,0.027790253757965178,0.0,0.0,319.1418091174229,False
1782957440.2017038,116.08554124832153,11.99101165803896,1.389889021578836,0.027794045870194198,0.0,0.0,319.5713744415656,False
1782957440.3619196,116.24575710296631,12.006519431908908,1.3765833601684587,0.027798339957102996,0.0,0.0,320.41418538785683,False
1782957440.5036356,116.38747310638428,12.012394618513593,1.3715848058846845,0.02779812954355106,0.0,0.0,320.71910878879044,False
1782957440.6194246,116.50326204299927,12.017560628101434,1.3672202244419183,0.02779675251849284,0.0,0.0,320.93486626142294,False
1782957440.7679157,116.65175318717957,12.038025362031146,1.350176241679522,0.02778832901125461,0.0,0.0,321.67966991679214,False
1782957440.923671,116.80750846862793,12.051023620902813,1.3395441066111036,0.027786991007408595,0.0,0.0,322.17247012440885,False
1782957441.0895257,116.97336316108704,12.066955069349955,1.3267205942500468,0.027791978866352464,0.0,0.0,322.85918466591573,False
1782957441.2603667,117.14420413970947,12.089892305553093,1.308680813314866,0.027799243670008897,0.0,0.0,324.1382271407447,False
1782957441.378878,117.26271557807922,12.102178753361803,1.299264204164729,0.02779785418087841,0.0,0.0,324.9286894019608,False
1782957441.5647676,117.44860506057739,12.122011629550993,1.2846320391171229,0.027789414209033785,0.0,0.0,325.6374437755086,False
1782957441.7046149,117.58845233917236,12.145393895060279,1.267992897630606,0.02778248260125117,0.0,0.0,326.11533054190915,False
1782957441.8748138,117.75865125656128,12.170685344751337,1.2504782165505572,0.027785746906537196,0.0,0.0,326.54968459366336,False
1782957441.9939804,117.8778178691864,12.18933516281119,1.2378070187875319,0.027791889701722257,0.0,0.0,326.9499918977892,False
1782957442.194284,118.07812142372131,12.213789646655623,1.2214752728880434,0.027795886538704687,0.0,0.0,327.816323288033,False
1782957442.3254635,118.20930099487305,12.23593099827922,1.207044222876101,0.027793764782136337,0.0,0.0,328.8223892666073,False
1782957442.4496377,118.33347511291504,12.250264664182955,1.1979336309369895,0.027792781277454392,0.0,0.0,329.4760257632064,False
1782957442.558788,118.44262552261353,12.26717161326236,1.1874803522475212,0.027790475671881813,0.0,0.0,329.92763239673576,False
1782957442.6464303,118.5302677154541,12.281247560344537,1.1789686980383258,0.027787557748646916,0.0,0.0,330.1602081932255,False
1782957442.8024874,118.68632483482361,12.301078112938452,1.1671974948858859,0.02778398657707453,0.0,0.0,330.3961550161275,False
1782957442.9501805,118.83401799201965,12.318602637754084,1.1569602216228652,0.02778387546638952,0.0,0.0,330.574454923968,False
1782957443.0593233,118.94316077232361,12.339686396100621,1.1447981820388162,0.027789238964879864,0.0,0.0,330.900799341094,False
1782957443.1820352,119.06587266921997,12.353897424703193,1.1366938695014333,0.02779295132331032,0.0,0.0,331.2025039632851,False
1782957443.3059335,119.18977093696594,12.379411154453168,1.1223570376582952,0.02779247196767789,0.0,0.0,331.8560094392816,False
1782957443.42961,119.31344747543335,12.393443710785094,1.114605573497357,0.02778969621235589,0.0,0.0,332.2090109901401,False
1782957443.5387218,119.42255926132202,12.407584348254664,1.1068964032788886,0.027787876746573067,0.0,0.0,332.40571334827945,False
1782957443.6293578,119.51319527626038,12.423179019766204,1.0984993706419497,0.027787982050887408,0.0,0.0,332.48567179327614,False
1782957443.75203,119.63586735725403,12.444657848605173,1.0870724083965841,0.027788319396414365,0.0,0.0,332.5174082414946,False
1782957443.8793676,119.76320505142212,12.463870630602992,1.0769388704345662,0.02778671379398615,0.0,0.0,332.5123093559708,False
1782957444.0161102,119.89994764328003,12.483301644222037,1.0667412767179982,0.027784773087805047,0.0,0.0,332.505203094774,False
1782957444.107717,119.99155449867249,12.501364729005028,1.0572901644037827,0.02778536978465575,0.0,0.0,332.5223347972601,False
1782957444.2228887,120.10672616958618,12.52060982335096,1.0472425488207153,0.027788573914768556,0.0,0.0,332.60789510783695,False
1782957444.3486674,120.23250484466553,12.541300005340576,1.036471070275835,0.027793359984989403,0.0,0.0,332.99420518572805,False
1782957444.5070002,120.39083766937256,12.563597806224195,1.0249518873602013,0.02779898000141874,0.0,0.0,334.0905994223928,False
1782957444.6175795,120.5014169216156,12.573115482114957,1.0201052741259031,0.027798910686482887,0.0,0.0,334.6405390459006,False
1782957444.738991,120.62282848358154,12.58364869054179,1.0148181241417027,0.02779712836603277,0.0,0.0,335.24557699790745,False
1782957444.893199,120.77703642845154,12.59849207779995,1.0075294565580581,0.027794354488781054,0.0,0.0,336.07745822344,False
1782957444.9751275,120.85896492004395,12.614557053611245,0.9998757979367217,0.027794154539145816,0.0,0.0,336.9580862293013,False
1782957445.0923383,120.9761757850647,12.63517208089875,0.9904341056065914,0.02779629237158751,0.0,0.0,338.06272582720726,False
1782957445.2045023,121.08833980560303,12.648417975955406,0.9846007829266024,0.02779639745102776,0.0,0.0,338.74696376086547,False
1782957445.3811967,121.26503419876099,12.667576941918227,0.9764876404576893,0.02779468134317664,0.0,0.0,339.692751714478,False
1782957445.5088236,121.39266109466553,12.687333231026681,0.9685163275322481,0.02779345319925014,0.0,0.0,340.59840698495543,False
1782957445.611496,121.49533343315125,12.701655448550706,0.9629767685864216,0.027793497184770453,0.0,0.0,341.2135774328485,False
1782957445.720688,121.60452556610107,12.716238037506804,0.9575308889869264,0.02779372641699198,0.0,0.0,341.81449009179687,False
1782957445.851811,121.73564839363098,12.73227983361925,0.9517550860441322,0.027793597893190167,0.0,0.0,342.4530152791811,False
1782957445.9725895,121.85642695426941,12.74978247499646,0.9456976486532218,0.027793093844210134,0.0,0.0,343.1301835871418,False
1782957446.0411658,121.92500329017639,12.761135972718579,0.941899248956331,0.027792831397252627,0.0,0.0,343.5612053319819,False
1782957446.1742234,122.05806088447571,12.782758975744526,0.9349392566808236,0.02779279395417142,0.0,0.0,344.36844394098955,False
1782957446.2539585,122.13779592514038,12.79953652510008,0.9297819510970733,0.027792757651540996,0.0,0.0,344.9673285852834,False
1782957446.411695,122.29553246498108,12.81803043695745,0.9243372230303591,0.02779201855096753,0.0,0.0,345.5728636272428,False
1782957446.5479276,122.43176507949829,12.82473407359269,0.9224225785358824,0.0277916255664718,0.0,0.0,345.78062361961014,False
1782957446.7021248,122.58596229553223,12.854626873980578,0.9142371886872014,0.027790497670334167,0.0,0.0,346.66601923666053,False
1782957446.8745637,122.7584011554718,12.879429023031214,0.9078543658374537,0.027790840371903835,0.0,0.0,347.367157827151,False
1782957446.9894862,122.87332367897034,12.903112858078783,0.9020830612158003,0.02779097025560679,0.0,0.0,348.0093585032614,False
1782957447.1201434,123.00398087501526,12.922761813584637,0.8975224004348351,0.027790575134182746,0.0,0.0,348.5277764562998,False
1782957447.235793,123.11963057518005,12.944003738159099,0.8928156969427016,0.027790028404674174,0.0,0.0,349.0656718525503,False
1782957447.3674614,123.25129890441895,12.962610425991375,0.8888768358801333,0.027789674839890893,0.0,0.0,349.5114575869257,False
1782957447.510933,123.39477038383484,12.992810426933671,0.8828260559059032,0.027789744961229716,0.0,0.0,350.2216604404942,False
1782957447.5884857,123.472323179245,13.005743018536393,0.8803593103180065,0.027790015692211865,0.0,0.0,350.5305762405047,False
1782957447.6746142,123.55845165252686,13.017286657945663,0.8782205508519455,0.027790152856551262,0.0,0.0,350.8004428346944,False
1782957447.7823727,123.66621017456055,13.037610759999625,0.8745970436205605,0.02778993350876582,0.0,0.0,351.25972735976615,False
1782957447.8720448,123.7558822631836,13.055139513813739,0.871613524394835,0.027789393714747954,0.0,0.0,351.6417139231765,False
1782957447.980564,123.8644015789032,13.066886774692378,0.8696855911372791,0.027789013639440693,0.0,0.0,351.88926761706836,False
1782957448.0817075,123.96554493904114,13.090537138011513,0.8659726919197579,0.027788577794678374,0.0,0.0,352.36532696973063,False
1782957448.2188919,124.10272932052612,13.11287702866867,0.862663848218071,0.0277885760085389,0.0,0.0,352.7903107690164,False
1782957448.317055,124.2008924484253,13.130880631653111,0.860131192609109,0.027788506259861692,0.0,0.0,353.1126049579424,False
1782957448.4703999,124.35423731803894,13.158080112931282,0.8565184187116783,0.027788029051224846,0.0,0.0,353.5671107927911,False
1782957448.6155987,124.49943614006042,13.18062005333413,0.8537051024581188,0.027788298988273643,0.0,0.0,353.9623080176288,False
1782957448.7090015,124.59283900260925,13.20163708775417,0.8512278371495701,0.027788931083783226,0.0,0.0,354.33789785645337,False
1782957448.8193076,124.70314502716064,13.216682752348364,0.8495410673299647,0.027789135669767755,0.0,0.0,354.6037997708943,False
1782957448.9284608,124.81229829788208,13.240866953205408,0.8469803185540585,0.027788540541970188,0.0,0.0,355.0158445593394,False
1782957449.0616477,124.94548511505127,13.262153740826227,0.8448767959350163,0.02778763299287152,0.0,0.0,355.35851525342514,False
1782957449.213334,125.09717154502869,13.285107369409582,0.842760916689922,0.02778720291301834,0.0,0.0,355.7025536473502,False
1782957449.3009727,125.18481016159058,13.298954739938868,0.8415578427620425,0.02778726350407946,0.0,0.0,355.8962413692631,True
1782957449.386622,125.27045941352844,13.32061386329248,0.8397812650075133,0.027787358144829168,0.0,0.0,356.1758365442408,False
1782957449.5253139,125.40915131568909,13.342224155653247,0.8381273840167975,0.027787477528766244,0.0,0.0,356.4550793557083,False
1782957449.622769,125.5066065788269,13.357593517870066,0.8370204134901792,0.027787711837904596,0.0,0.0,356.66376431932935,False
1782957449.6958697,125.57970714569092,13.374501389380779,0.835869203032806,0.02778799443679207,0.0,0.0,356.8950547861497,False
1782957449.7835486,125.66738605499268,13.391440162524084,0.8347857105204988,0.027788090668876733,0.0,0.0,357.12367306562425,False
1782957449.88216,125.76599740982056,13.408417543395958,0.8337692820738756,0.027787832094837258,0.0,0.0,357.3472697043142,False
1782957450.0233266,125.90716409683228,13.43322407486262,0.8324073736776212,0.027786985323926275,0.0,0.0,357.6544991390999,False
1782957450.1024451,125.98628258705139,13.450345787129196,0.8315499729504551,0.0277865789593636,0.0,0.0,357.8524535997435,False
1782957450.2333505,126.11718797683716,13.46911336331169,0.8306846211633744,0.02778650182137644,0.0,0.0,358.05104641534814,False
1782957450.314478,126.19831538200378,13.48640461142178,0.8299527544485295,0.027786572007505,0.0,0.0,358.21417204837167,False
1782957450.397096,126.28093338012695,13.499028810361338,0.8294556117185953,0.02778653563914542,0.0,0.0,358.32076184766004,False
1782957450.535312,126.41914939880371,13.522610614391851,0.828603272520029,0.027786563590468848,0.0,0.0,358.5212389498995,False
1782957450.6205847,126.50442218780518,13.539843766008069,0.8280402536333499,0.027786795934062147,0.0,0.0,358.67386362203223,False
1782957450.7470098,126.63084721565247,13.560224307898745,0.8274380425255179,0.027787157577507108,0.0,0.0,358.85250263747815,False
1782957450.8431087,126.72694611549377,13.579078324104394,0.826940951085022,0.02778719855107775,0.0,0.0,359.01110931172,False
1782957450.9516284,126.83546590805054,13.6027318020521,0.8263960814921392,0.0277864839566779,0.0,0.0,359.19235656500206,False
1782957451.122263,127.00610041618347,13.629622350010914,0.8258765094634789,0.027785622566508704,0.0,0.0,359.3733341448538,False
1782957451.2549183,127.13875579833984,13.656501698439264,0.825453616737527,0.02778613424342418,0.0,0.0,359.52942080347987,False
1782957451.3866143,127.27045178413391,13.672160439713744,0.8252473013859674,0.027787149361669705,0.0,0.0,359.639102860495,False
1782957451.507671,127.39150857925415,13.681508277998239,0.8251381127080062,0.027787773261848857,0.0,0.0,359.71530469498697,False
1782957451.5933013,127.47713875770569,13.686182917508896,0.8250876233117781,0.027788019615233365,0.0,0.0,359.75474514975093,False
1782957451.6721635,127.55600094795227,13.698683762853806,0.8249666354460563,0.027788298968433132,0.0,0.0,359.8588906555417,False
1782957451.7693899,127.65322732925415,13.71122163632356,0.8248661416303943,0.027788005915811136,0.0,0.0,359.9613808188052,False
1782957451.8958502,127.77968764305115,13.715931834440115,0.8248338551512572,0.02778776361674171,0.0,0.0,359.9991057531952,False
1782957452.0060544,127.88989186286926,13.71907459391527,0.8248139829273706,0.02778756972385026,0.0,0.0,0.023955191517877433,False
1782957452.0892675,127.97310495376587,13.720646841302482,0.8248045440514356,0.02778746442019369,0.0,0.0,0.03626913643788551,False
1782957452.2400723,128.12390971183777,13.72848240385543,0.8247622973124884,0.02778695736239814,0.0,0.0,0.10122269222089912,False
1782957452.3179033,128.20174074172974,13.731597705059384,0.824747696788431,0.027786794624430497,0.0,0.0,0.1299020870905196,False
1782957452.4393444,128.3231818675995,13.734702835260066,0.824734414133676,0.027786663222424166,0.0,0.0,0.16018155821820396,False
1782957452.5649862,128.44882369041443,13.737800542572431,0.8247224664480005,0.027786563081314355,0.0,0.0,0.19178580249241609,False
1782957452.663073,128.5469105243683,13.740900995920983,0.8247119024856728,0.027786476196657917,0.0,0.0,0.22341414371206533,False
1782957452.8029864,128.68682384490967,13.744003883340758,0.8247027446288119,0.027786406919226916,0.0,0.0,0.25506524190564783,False
1782957452.9394627,128.82330012321472,13.748662197545116,0.8246916898489233,0.027786344016834507,0.0,0.0,0.3025818298431871,False
1782957453.0675888,128.9514262676239,13.75176720306765,0.8246861202851441,0.0277863396418204,0.0,0.0,0.3346550099889663,False
1782957453.2008257,129.0846631526947,13.756405077688443,0.8246803980399808,0.027786434759005458,0.0,0.0,0.3858683309136351,False
1782957453.3290815,129.2129189968109,13.759484033766105,0.8246783563834212,0.02778656656882733,0.0,0.0,0.4221712930016878,False
1782957453.4315429,129.31538033485413,13.76407935244625,0.8246779678787405,0.027786871827456854,0.0,0.0,0.4805134360787164,False
1782957453.5739164,129.45775389671326,13.768660086473156,0.8246809676793646,0.02778726953893116,0.0,0.0,0.5419958309879411,False
1782957453.6978583,129.5816957950592,13.77632183208511,0.8246943562075281,0.0277879572229501,0.0,0.0,0.6434194210180825,False
1782957453.8204732,129.70431065559387,13.782470199168133,0.8247129080809169,0.02778847177082178,0.0,0.0,0.7237984616863771,False
1782957453.9062488,129.79008626937866,13.785550100601688,0.8247248819137638,0.027788696385376045,0.0,0.0,0.763675340688301,False
1782957453.9872513,129.87108874320984,13.788633220186448,0.8247386850565822,0.027788890215257378,0.0,0.0,0.8033622736245566,False
1782957454.0765762,129.9604136943817,13.791715807564655,0.8247542892105464,0.02778905404816477,0.0,0.0,0.8433075754302491,False
1782957454.2426362,130.12647366523743,13.79631953392639,0.8247808295437787,0.027789272123305724,0.0,0.0,0.9062359894465343,False
1782957454.3578715,130.24170899391174,13.800896632466799,0.824811124836956,0.027789453713018223,0.0,0.0,0.9732557416971191,False
1782957454.4430778,130.32691526412964,13.805443479505653,0.8248451615885357,0.027789602561974953,0.0,0.0,1.0450001858134101,False
1782957454.5508425,130.4346799850464,13.809965786069963,0.8248831113237446,0.02778970948794723,0.0,0.0,1.1208663258347444,False
1782957454.6329494,130.51678681373596,13.812989682704725,0.8249110724366772,0.027789713001269666,0.0,0.0,1.170783060135735,False
1782957454.730617,130.61445450782776,13.823637700691078,0.825026599470528,0.02778931786874636,0.0,0.0,1.339259080020684,False
1782957454.834776,130.71861338615417,13.835894412539414,0.825193027909994,0.02778836940689715,0.0,0.0,1.5222412047485265,False
1782957454.9284241,130.8122615814209,13.8435796464792,0.825315745938775,0.027787721251725076,0.0,0.0,1.6333742070926915,False
1782957455.0491033,130.93294072151184,13.85426783848576,0.825509180026648,0.027787177101862404,0.0,0.0,1.7983151902280792,False
1782957455.158988,131.04282546043396,13.860339397811742,0.8256311484902752,0.027787119001705753,0.0,0.0,1.897784348637519,False
1782957455.2746208,131.15845823287964,13.867890748803894,0.8257954040107781,0.0277873296669461,0.0,0.0,2.0279571803137504,False
1782957455.3872716,131.2711091041565,13.872400377136165,0.8259002986870638,0.02778760084042556,0.0,0.0,2.1093865337820454,False
1782957455.5360484,131.41988587379456,13.876891791895856,0.8260099295573247,0.027787970944172565,0.0,0.0,2.193664106373219,False
1782957455.6647336,131.54857110977173,13.881400670332537,0.8261257427950743,0.027788349206507346,0.0,0.0,2.276155840623043,False
1782957455.7775722,131.66140961647034,13.884424878690444,0.8262067933614524,0.027788575185771398,0.0,0.0,2.328951161740424,False
1782957455.8687515,131.75258898735046,13.887458720676749,0.8262907642168753,0.02778878044765535,0.0,0.0,2.380560328605933,False
1782957455.990962,131.87479948997498,13.892005105098617,0.8264213184564149,0.02778907889216096,0.0,0.0,2.458611061420713,False
1782957456.0695827,131.95342016220093,13.896544277481388,0.8265573309617656,0.027789352368973924,0.0,0.0,2.537699235358991,False
1782957456.1516833,132.03552079200745,13.901074020917731,0.8266987286860068,0.027789588209283057,0.0,0.0,2.6181386098718242,False
1782957456.2422576,132.1260950565338,13.904087117132539,0.8267959292502918,0.027789720990712957,0.0,0.0,2.672725394325473,False
1782957456.3489392,132.2327766418457,13.910093859454834,0.8269972520222046,0.027789923968824314,0.0,0.0,2.784685020126556,False
1782957456.4799323,132.36376976966858,13.91457992124457,0.8271542320650965,0.027790022444690865,0.0,0.0,2.871387938631749,False
1782957456.569799,132.45363640785217,13.917556932301366,0.8272615190558269,0.027790073399355478,0.0,0.0,2.931116496788348,False
1782957456.6704562,132.55429363250732,13.9205286283112,0.8273712124283794,0.02779010412183583,0.0,0.0,2.9916717086487368,False
1782957456.7986245,132.682461977005,13.92652937617283,0.8276017655702359,0.027789963355744237,0.0,0.0,3.1056127897353027,False
1782957456.9116304,132.79546785354614,13.9295540372077,0.8277224926482241,0.02778980376641915,0.0,0.0,3.15944845915369,False
1782957456.998128,132.88196539878845,13.93560882676595,0.8279726111299716,0.02778941102345635,0.0,0.0,3.266236740626128,False
1782957457.099851,132.9836883544922,13.943170415442625,0.8283005721014911,0.027788875850418296,0.0,0.0,3.4003051570584386,False
1782957457.219995,133.10383248329163,13.94920729849398,0.8285747833429213,0.02778848383782012,0.0,0.0,3.5089841154405863,False
1782957457.3317287,133.21556615829468,13.959730273948916,0.8290790280948506,0.027788040498128094,0.0,0.0,3.7044699060131228,False
1782957457.4511764,133.33501386642456,13.967206891612204,0.8294577209225307,0.027787999869626295,0.0,0.0,3.8494530787812855,False
1782957457.5398333,133.4236707687378,13.971673688472485,0.8296921403163863,0.027788103366772194,0.0,0.0,3.939094352743045,False
1782957457.6406553,133.5244927406311,13.976128672060382,0.8299321628527091,0.0277882945783801,0.0,0.0,4.030438197351999,False
1782957457.7454998,133.62933731079102,13.983641517007174,0.8303528735797892,0.02778854113857778,0.0,0.0,4.171421745912885,False
1782957457.8619049,133.7457423210144,13.991196197144994,0.8307949012031655,0.027788757873563066,0.0,0.0,4.306612486293401,False
1782957457.9470346,133.8308720588684,13.998763193893613,0.8312561559923314,0.02778893119194716,0.0,0.0,4.439674269081503,False
1782957458.055516,133.93935346603394,14.0154241273915,0.8323360131422731,0.027788963790340265,0.0,0.0,4.728618898492135,True
1782957458.2077467,134.09158420562744,14.041172306047766,0.8341760342366258,0.027788198462824903,0.0,0.0,5.170384878561491,False
1782957458.3285904,134.21242785453796,14.062426640520384,0.8358499636001383,0.027787771517859598,0.0,0.0,5.52368891537579,False
1782957458.4454236,134.32926106452942,14.088349115896989,0.8380774855278554,0.02778795310478412,0.0,0.0,5.931459828609383,False
1782957458.530038,134.41387557983398,14.103633702567844,0.8394835164012646,0.027788049998387455,0.0,0.0,6.162491087982871,False
1782957458.6246676,134.5085051059723,14.122004907016125,0.8412616142254166,0.027787885934402276,0.0,0.0,6.431925768319837,False
1782957458.715271,134.5991084575653,14.137454971255826,0.8428306450667217,0.027787333480756904,0.0,0.0,6.632987817740582,False
1782957458.8184266,134.70226407051086,14.157679945090806,0.8449797112126065,0.02778646819700665,0.0,0.0,6.864095169818072,False
1782957458.8981884,134.7820258140564,14.171735299960291,0.8465320023260569,0.027786060949183934,0.0,0.0,7.007936360246471,False
1782957458.972122,134.8559594154358,14.184254992344755,0.8479523543913182,0.02778592615835995,0.0,0.0,7.125943904525302,False
1782957459.0655134,134.94935083389282,14.210901968619925,0.8510834263694607,0.02778628841946826,0.0,0.0,7.351917061923795,False
1782957459.1842852,135.06812262535095,14.228166901726697,0.8531835078009739,0.027786633944997134,0.0,0.0,7.482782284124598,False
1782957459.2769377,135.16077518463135,14.24073246305213,0.8547440668606415,0.027786728063994525,0.0,0.0,7.568269133565981,False
1782957459.3636067,135.24744415283203,14.262687091177101,0.8575293491625441,0.027786583108785665,0.0,0.0,7.6948038840688255,False
1782957459.4575927,135.34143018722534,14.277081254120418,0.8593846957298017,0.027789327506906044,0.0,0.0,7.7693337803664,False
1782957459.5615022,135.44533967971802,14.289146699601167,0.8609401257000507,0.027799684999928506,0.0,0.0,7.844618751309825,False
1782957459.6664512,135.55028867721558,14.301857190563188,0.8625785624198266,0.0278092232271369,0.0,0.0,7.936563473924569,False
1782957459.7430367,135.62687420845032,14.308186135005402,0.8633948958709612,0.0278072478570536,0.0,0.0,7.9878972460502204,False
1782957459.838954,135.72279143333435,14.314988405955392,0.864272801400888,0.02779954873927333,0.0,0.0,8.047004307489228,False
1782957459.9278822,135.8117196559906,14.320438172224963,0.8649761147844979,0.02779349038602354,0.0,0.0,8.097265559337847,False
1782957460.0175757,135.90141320228577,14.324370293993654,0.8654832062713267,0.02779252296575496,0.0,0.0,8.135774869628264,False
1782957460.0927217,135.9765591621399,14.328842028079778,0.8660593743853346,0.027796477269645008,0.0,0.0,8.18195825364919,False
1782957460.167338,136.05117535591125,14.33213620182667,0.8664836677287955,0.027801531095563253,0.0,0.0,8.217115983834633,False
1782957460.245985,136.1298224925995,14.333318653805495,0.8666360038674826,0.02780327154733644,0.0,0.0,8.22992264853611,False
1782957460.3581302,136.24196767807007,14.337086494708172,0.8671217594326112,0.027806515746535455,0.0,0.0,8.271483620265341,False
1782957460.475301,136.35913848876953,14.340959672668234,0.8676217500610324,0.02780417845057637,0.0,0.0,8.31539807429365,False
1782957460.5951533,136.47899079322815,14.342300632629255,0.8677949460412344,0.027802153151081904,0.0,0.0,8.330829981563229,False
1782957460.7199333,136.60377073287964,14.343282501089512,0.8679217581891067,0.027800464757328648,0.0,0.0,8.342213164567054,False
1782957460.8240478,136.70788526535034,14.343925663403278,0.8680048142239958,0.027799329435127768,0.0,0.0,8.349716776612155,False
1782957460.9106743,136.79451179504395,14.34518461025689,0.8681673461364278,0.02779720485838484,0.0,0.0,8.36453998249853,False
1782957461.009829,136.8936665058136,14.346707596943077,0.8683638504213497,0.027795168269776096,0.0,0.0,8.382773305240109,False
1782957461.0824528,136.9662902355194,14.347595128198376,0.8684782917885541,0.027794432984696645,0.0,0.0,8.393575827462572,False
1782957461.1575794,137.04141688346863,14.349032977312458,0.8686635723071546,0.02779416962853105,0.0,0.0,8.4113517988954,False
1782957461.254731,137.13856840133667,14.35014881511825,0.8688072684090292,0.02779482610118112,0.0,0.0,8.425345281178107,False
1782957461.327463,137.2113003730774,14.35096752954674,0.8689126673515821,0.02779576270548382,0.0,0.0,8.435694544650197,False
1782957461.4046154,137.28845286369324,14.353344148977612,0.869218619078649,0.027799963272357647,0.0,0.0,8.46598139803252,False
1782957461.4877236,137.37156105041504,14.355624512801105,0.8695124606823718,0.02780398654309144,0.0,0.0,8.495299660467719,False
1782957461.6009126,137.48475003242493,14.356856713199738,0.8696714386137558,0.027805164502678954,0.0,0.0,8.511261770844682,False
1782957461.677133,137.56097054481506,14.357342973065812,0.8697342150331329,0.027805338331337224,0.0,0.0,8.517582343059702,False
1782957461.8011732,137.6850106716156,14.358541652165387,0.8698890420071602,0.027804992512062834,0.0,0.0,8.533205289790775,False
1782957461.936338,137.82017540931702,14.359482240189468,0.8700105806907708,0.027803975196758365,0.0,0.0,8.545505463407062,False
1782957462.0149853,137.89882278442383,14.35994604935286,0.8700705161563613,0.02780326462619473,0.0,0.0,8.551587618765636,False
1782957462.1248388,138.00867629051208,14.360633279969534,0.8701593155518875,0.027802014654200076,0.0,0.0,8.560628131550406,False
1782957462.215009,138.09884643554688,14.361309986924699,0.8702467334401309,0.02780063069350515,0.0,0.0,8.569575127434293,False
1782957462.28425,138.1680874824524,14.361755132434274,0.8703042196222344,0.027799685559319994,0.0,0.0,8.575492125850541,False
1782957462.3686357,138.25247311592102,14.3626308363456,0.8704172513238626,0.02779788320046711,0.0,0.0,8.587224369041836,False
1782957462.4540784,138.33791589736938,14.363274865080939,0.8705003222735882,0.02779672451747764,0.0,0.0,8.59594354502106,False
1782957462.5803475,138.46418499946594,14.364324633816706,0.870635614526052,0.027795404073631083,0.0,0.0,8.61033114498768,False
1782957462.6865032,138.57034063339233,14.364941076833457,0.8707149984108621,0.02779506782242763,0.0,0.0,8.618872025022153,False
1782957462.7536223,138.63745975494385,14.365748718794856,0.8708189503572197,0.027795197530047014,0.0,0.0,8.630141006280853,False
1782957462.8392842,138.7231216430664,14.366541780087319,0.8709209920983073,0.027795956176488543,0.0,0.0,8.641264794197056,False
1782957462.9249527,138.80879020690918,14.368282888870437,0.8711450730322018,0.027799287320587802,0.0,0.0,8.665772224058369,False
1782957463.030111,138.9139485359192,14.370163920019948,0.8713875531577514,0.027803271960844454,0.0,0.0,8.692311218619595,False
1782957463.103746,138.98758339881897,14.371633605009883,0.8715773701899718,0.027804635353044137,0.0,0.0,8.713091260680605,False
1782957463.2089262,139.09276366233826,14.372890301060512,0.8717398187034753,0.027803860036424405,0.0,0.0,8.730893980388283,False
1782957463.3155932,139.19943070411682,14.3734190614765,0.8718081661973609,0.027803024262245662,0.0,0.0,8.738410617101591,False
1782957463.4392767,139.32311415672302,14.373941318313554,0.8718756518206172,0.027801970997325582,0.0,0.0,8.745863796375849,False
1782957463.5322933,139.4161307811737,14.37428571596661,0.8719201372078336,0.027801187643036823,0.0,0.0,8.750800065723057,False
1782957463.6932514,139.57708883285522,14.37462701554275,0.8719642052813154,0.027800370170792472,0.0,0.0,8.755712443479096,False
1782957463.8165407,139.70037817955017,14.37496517882493,0.8720078491985106,0.027799546151155086,0.0,0.0,8.760602617775627,False
1782957463.9402025,139.82403993606567,14.375300196459499,0.8720510665531095,0.027798743148146905,0.0,0.0,8.765471898256928,False
1782957464.0370395,139.92087697982788,14.375632089497648,0.8720938596231674,0.027797987794180284,0.0,0.0,8.770321009777215,False
1782957464.1362169,140.02005434036255,14.375960910151402,0.8721362354990256,0.02779730490847982,0.0,0.0,8.775149991292324,False
1782957464.2939308,140.17776823043823,14.37644857005087,0.8721990442646773,0.027796464120982203,0.0,0.0,8.782354293601946,False
1782957464.4054039,140.28924131393433,14.376929909904458,0.8722610006096957,0.02779589578942848,0.0,0.0,8.789508253057551,False
1782957464.483008,140.366845369339,14.377562770693864,0.8723424179087752,0.027795626407889962,0.0,0.0,8.798961794419256,False
1782957464.6408978,140.52473521232605,14.37818674073154,0.872422670586098,0.02779593622489835,0.0,0.0,8.80831299980116,False
1782957464.7525778,140.6364152431488,14.378803282625752,0.8725019792766743,0.027796776951779588,0.0,0.0,8.817562672263298,False
1782957464.8320804,140.71591782569885,14.379109191102298,0.8725413435656376,0.027797362156850587,0.0,0.0,8.822151562202267,False
1782957464.9262261,140.81006360054016,14.379868174471344,0.8726390747330346,0.02779914359029684,0.0,0.0,8.833529983841078,False
1782957465.0573952,140.9412326812744,14.380470179062417,0.8727166762012788,0.02780069516659151,0.0,0.0,8.842547528613002,False
1782957465.153553,141.03739047050476,14.380918898721422,0.8727745716568318,0.027801797718732455,0.0,0.0,8.849265140960636,False
1782957465.256217,141.1400544643402,14.381365199509679,0.8728321984030251,0.027802756397348166,0.0,0.0,8.85594305438537,False
1782957465.3558908,141.23972821235657,14.381661305208219,0.8728704531140767,0.027803280138971088,0.0,0.0,8.860371579785374,False
1782957465.4394953,141.32333278656006,14.381956173939619,0.8729085621214887,0.02780369127637254,0.0,0.0,8.864780171683368,False
1782957465.5548077,141.43864512443542,14.382395929556523,0.8729654159184344,0.027804069294812783,0.0,0.0,8.87135365700366,False
1782957465.6489573,141.532794713974,14.38283227122621,0.8730218410185647,0.02780413947634536,0.0,0.0,8.877878062000068,False
1782957465.7545698,141.6384072303772,14.383550782466163,0.8731147480715991,0.02780357588463391,0.0,0.0,8.888642903460811,False
1782957465.8742409,141.7580783367157,14.384256878929055,0.8732059938542942,0.027802287715392397,0.0,0.0,8.899280714110816,False
1782957465.990936,141.87477350234985,14.38467404546798,0.8732598570537311,0.027801276875484324,0.0,0.0,8.905609834991704,False
1782957466.0724123,141.9562497138977,14.385086178074998,0.8733130287472216,0.027800179464646208,0.0,0.0,8.911903325751622,True
1782957466.2121365,142.09597396850586,14.385493287653492,0.873365508633259,0.027799078199563367,0.0,0.0,8.918163078426975,False
1782957466.307751,142.19158840179443,14.385761968766978,0.873400120130816,0.027798382661460414,0.0,0.0,8.922317384708425,False
1782957466.3878798,142.27171730995178,14.386028552625994,0.8734344438814332,0.02779774499804817,0.0,0.0,8.926455925018638,False
1782957466.4805417,142.36437916755676,14.386424714369337,0.8734854229930082,0.02779694192766752,0.0,0.0,8.932632313513157,False
1782957466.5841925,142.4680299758911,14.386816787612636,0.8735358504858508,0.02779637362317583,0.0,0.0,8.938768455735845,False
1782957466.6692014,142.5530388355255,14.387076129939649,0.8735691978756522,0.027796145924066252,0.0,0.0,8.94283579496793,False
1782957466.7828681,142.66670560836792,14.387462452582138,0.8736188693429864,0.027796048346216042,0.0,0.0,8.948901035242386,False
1782957466.8797169,142.7635543346405,14.387973289686217,0.8736845630980308,0.027796375698868423,0.0,0.0,8.956922481559992,False
1782957466.9794438,142.86328125,14.388732482995838,0.8737822765195812,0.027797724302950386,0.0,0.0,8.968826316898655,False
1782957467.0660787,142.94991612434387,14.389485278995057,0.8738793167654803,0.027799717857524685,0.0,0.0,8.98059915987117,False
1782957467.1480596,143.03189706802368,14.389859565537108,0.873927627374708,0.027800774178817305,0.0,0.0,8.986441041517738,False
1782957467.298075,143.18191242218018,14.39035624932581,0.8739917945540814,0.02780206753688027,0.0,0.0,8.994181934780103,False
1782957467.3937235,143.27756094932556,14.390479945930267,0.8740077838058469,0.027802352114451798,0.0,0.0,8.996107947468158,False
1782957467.5068107,143.39064812660217,14.390726695363162,0.874039687232124,0.027802857852425374,0.0,0.0,8.999948270297272,False
1782957467.6336715,143.51750898361206,14.391095019866123,0.8740873240602484,0.02780342843150104,0.0,0.0,9.005678413922025,False
1782957467.8160443,143.69988179206848,14.391217260622719,0.8741031360673095,0.02780356213598976,0.0,0.0,9.007580180414138,False
1782957467.9428742,143.8267116546631,14.391460857114051,0.8741346461640301,0.027803738162002097,0.0,0.0,9.011371206550768,False
1782957468.0685742,143.95241165161133,14.391944127827603,0.8741971490107074,0.027803711765434478,0.0,0.0,9.018904075080165,False
1782957468.2042832,144.08812069892883,14.392421515607188,0.8742588562267886,0.02780319501799331,0.0,0.0,9.026375235146132,False
1782957468.33409,144.2179274559021,14.392657806794846,0.8742893793819982,0.027802773402587532,0.0,0.0,9.030089752433916,False
1782957468.4451542,144.32899165153503,14.393009097887848,0.8743347273895817,0.027801976716002597,0.0,0.0,9.035637662602435,False
1782957468.5702915,144.4541289806366,14.394599527472568,0.8745395415164202,0.027797562954749923,0.0,0.0,9.061170707005898,False
1782957468.669458,144.55329537391663,14.395479053450664,0.8746526050436002,0.027796379308268906,0.0,0.0,9.07546194359387,False
1782957468.796631,144.68046855926514,14.395913761548476,0.8747085123075936,0.027796486380047288,0.0,0.0,9.082522097033884,False
1782957468.9383225,144.82216000556946,14.399109668502307,0.8751212126008077,0.027803477821912902,0.0,0.0,9.133994161279473,False
1782957469.0565314,144.94036889076233,14.401023817862791,0.875368147752359,0.027799904091661703,0.0,0.0,9.165259289576523,False
1782957469.176174,145.06001138687134,14.402083601152338,0.875504376994203,0.02779707014375034,0.0,0.0,9.182935418612717,False
1782957469.292845,145.176682472229,14.403407275399104,0.8756747703545764,0.02779753039832775,0.0,0.0,9.20495972496116,False
1782957469.4074938,145.29133129119873,14.404901869891088,0.8758679745026796,0.027801979977906816,0.0,0.0,9.229587835171987,False
1782957469.5196257,145.40346312522888,14.405543765635704,0.8759510156622428,0.027803153424886293,0.0,0.0,9.240160499263787,False
1782957469.6488967,145.5327341556549,14.406877143995153,0.8761230257767004,0.027801516391834,0.0,0.0,9.262456734323997,False
1782957469.774038,145.65787553787231,14.408157634454122,0.8762876165531212,0.027797516363796827,0.0,0.0,9.284281199387587,False
1782957469.8932257,145.7770631313324,14.409415464646816,0.8764496474204267,0.027797560014859727,0.0,0.0,9.30562289681833,False
1782957469.9843788,145.86821627616882,14.410413748931036,0.8765787564755116,0.027800677574544578,0.0,0.0,9.322396634334496,False
1782957470.0739164,145.95775389671326,14.411150566493257,0.8766740871194239,0.02780268312433163,0.0,0.0,9.334779685638402,False
1782957470.2234612,146.1072986125946,14.412495051684488,0.876847409684205,0.027801583450106755,0.0,0.0,9.357776525375002,False
1782957470.329795,146.21363234519958,14.413411466761662,0.8769651606904382,0.02779839745823771,0.0,0.0,9.373700992516364,False
1782957470.4354105,146.3192479610443,14.41454339152536,0.8771109728458771,0.027797188445515455,0.0,0.0,9.393247923902145,False
1782957470.5445104,146.42834782600403,14.415443734612047,0.8772274337638495,0.02779966365445945,0.0,0.0,9.408634104487193,False
1782957470.640911,146.52474856376648,14.416328100543184,0.877341830054016,0.02780245673414109,0.0,0.0,9.423770588641865,False
1782957470.7869034,146.6707408428192,14.417674285879116,0.877515143622572,0.02780117696672894,0.0,0.0,9.44730456506111,False
1782957470.8799174,146.76375484466553,14.41850073109285,0.8776213564599621,0.027798181633245173,0.0,0.0,9.46187948930803,False
1782957470.977545,146.86138248443604,14.419186346688463,0.8777097531852556,0.027797137091962916,0.0,0.0,9.473870411301501,False
