epoch [s],elapsed [s],x [m],y [m],z [m],roll [deg],pitch [deg],yaw [deg],broadcast
1782910178.6386256,0.20535016059875488,-4.7652405036644954e-05,1.0000000005651626,0.028109286936240707,0.0,0.0,359.9999999110101,False
1782910178.7137485,0.280472993850708,-4.776033014386662e-05,1.0000000005110017,0.02809330890104559,0.0,0.0,359.999999911016,False
1782910178.7809598,0.347684383392334,-4.988419267110806e-05,1.0000000004854712,0.02788079488253912,0.0,0.0,359.999999911021,False
1782910178.8518813,0.4186058044433594,-5.27303511539765e-05,1.000000000544038,0.02758444812785896,0.0,0.0,359.99999991102635,False
1782910178.91983,0.4865546226501465,-5.3414965020556806e-05,1.0000000006203684,0.02748424683757598,0.0,0.0,359.9999999110341,False
1782910178.997098,0.5638225078582764,-5.2262166455277596e-05,1.0000000006644767,0.027566128138309946,0.0,0.0,359.99999991103937,False
1782910179.1170435,0.6837680339813232,-4.880539884784286e-05,1.0000000006335277,0.027908893422992208,0.0,0.0,359.9999999110447,False
1782910179.190197,0.7569215297698975,-4.758894605348309e-05,1.0000000005593803,0.02808949196970444,0.0,0.0,359.9999999110518,False
1782910179.2654023,0.8321268558502197,-4.866066895907778e-05,1.0000000004932548,0.028071020132873634,0.0,0.0,359.99999991105915,False
1782910179.3355699,0.902294397354126,-5.048715827061835e-05,1.0000000004872913,0.027923752634795677,0.0,0.0,359.99999991094927,False
1782910179.4066567,0.9733812808990479,-5.271724926476283e-05,1.0000000005338185,0.027674086193720644,0.0,0.0,359.99999991106637,False
1782910179.4739091,1.0406336784362793,-5.3364472986012376e-05,1.0000000006096652,0.0275061253195851,0.0,0.0,359.9999999110739,False
1782910179.5568328,1.1235573291778564,-5.172537264102582e-05,1.0000000006655825,0.027541420350528558,0.0,0.0,359.99999991108024,False
1782910179.6186898,1.1854143142700195,-4.9811115402438576e-05,1.0000000006610887,0.027695206795484748,0.0,0.0,359.9999999110827,False
1782910179.6841383,1.2508628368377686,-4.820998613054886e-05,1.0000000006209222,0.027889935417109893,0.0,0.0,359.99999991108666,False
1782910179.7539148,1.3206393718719482,-4.763155681437078e-05,1.0000000005707692,0.02803062544209877,0.0,0.0,359.9999999110916,False
1782910179.826545,1.3932695388793945,-4.8714750326709234e-05,1.000000000499175,0.02810230495865473,0.0,0.0,359.99999991109905,False
1782910179.899048,1.4657726287841797,-5.160120089086007e-05,1.000000000496046,0.027912365924463434,0.0,0.0,359.9999999111034,False
1782910179.9853513,1.5520758628845215,-5.322997521908985e-05,1.0000000005558265,0.027667029836068543,0.0,0.0,359.99999991110917,False
1782910180.0575216,1.6242461204528809,-5.291395752573691e-05,1.000000000629909,0.02750786814281543,0.0,0.0,359.99999991111673,False
1782910180.126275,1.6929996013641357,-5.11552216975081e-05,1.0000000006663472,0.027523237265801293,0.0,0.0,359.9999999111209,False
1782910180.1954327,1.7621572017669678,-4.8805065998957e-05,1.0000000006487402,0.027706403782858432,0.0,0.0,359.99999991112446,False
1782910180.2580986,1.8248231410980225,-4.770197848126949e-05,1.0000000005906138,0.027923812898540033,0.0,0.0,359.99999991113026,False
1782910180.3254583,1.8921828269958496,-4.804997859097802e-05,1.000000000532317,0.028064620325349773,0.0,0.0,359.9999999111361,False
1782910180.3978984,1.964622974395752,-5.000760729136193e-05,1.0000000004878906,0.028087945891172347,0.0,0.0,359.9999999111407,False
1782910180.469998,2.036722421646118,-5.209200849492047e-05,1.0000000004995315,0.027951422664338352,0.0,0.0,359.999999911144,False
1782910180.5538204,2.120544910430908,-5.330446486841659e-05,1.0000000005618495,0.027711230267106604,0.0,0.0,359.9999999111504,False
1782910180.637462,2.20418643951416,-5.210545286710157e-05,1.0000000006465344,0.02750986569088354,0.0,0.0,359.99999991115874,False
1782910180.7259493,2.2926738262176514,-4.97706428943079e-05,1.0000000006662764,0.027545557529111492,0.0,0.0,359.9999999111624,False
1782910180.791154,2.3578784465789795,-4.7867041378554304e-05,1.000000000617353,0.027771141430266384,0.0,0.0,359.99999991116795,False
1782910180.864782,2.431506633758545,-4.810287848723306e-05,1.000000000542565,0.027998543861268717,0.0,0.0,359.9999999111754,False
1782910180.9389868,2.505711317062378,-5.004644623953706e-05,1.0000000004913476,0.028098006409670768,0.0,0.0,359.99999991118034,False
1782910181.0118196,2.5785441398620605,-5.209449693500435e-05,1.0000000004947855,0.028025177462842225,0.0,0.0,359.9999999111835,False
1782910181.0838337,2.6505582332611084,-5.322943476253692e-05,1.0000000005431167,0.027837291135244965,0.0,0.0,359.99999991118875,False
1782910181.484489,3.051213502883911,-4.866268434650552e-05,1.0000000005297853,0.027982222563009994,0.0,0.0,359.9999999112166,False
1782910181.6341634,3.20088791847229,-5.2817613835922636e-05,1.0000000005074996,0.028015206440727858,0.0,0.0,359.9999999112248,False
1782910181.7130663,3.2797908782958984,0.00021612568477499412,1.0000000824026556,0.02780056472897158,0.0,0.0,0.10317332702167652,False
1782910181.8400002,3.406724691390991,0.004296850690917608,1.0000196148841134,0.027526345905417134,0.0,0.0,1.2718595591806152,False
1782910181.9815693,3.5482938289642334,0.011607333474294905,1.0001244215246297,0.027880008993629395,0.0,0.0,2.6258986625993113,False
1782910182.0905795,3.657304048538208,0.018544324252702218,1.000294328997344,0.02804227692002492,0.0,0.0,3.6224554534552342,False
1782910182.1818073,3.7485318183898926,0.025861212789305952,1.0005420130679716,0.02791675967812165,0.0,0.0,4.544519128244294,False
1782910182.2849858,3.851710319519043,0.0324589033886201,1.00082397264279,0.02772328789564735,0.0,0.0,5.312807271840742,False
1782910182.4008007,3.9675252437591553,0.040103596542419954,1.0012200491191903,0.027607421329407793,0.0,0.0,6.157241436763112,False
1782910182.4964406,4.063165187835693,0.04512876658076366,1.001521375340107,0.02763125567186349,0.0,0.0,6.694326580423797,False
1782910182.6038742,4.170598745346069,0.05845062889338513,1.0024811035256553,0.02787956762083368,0.0,0.0,8.075677837650664,False
1782910182.6997325,4.2664570808410645,0.06755033776550877,1.0032748862062988,0.027946930621292318,0.0,0.0,8.997390940166529,False
1782910182.8022208,4.368945360183716,0.07675783297564855,1.0041963000415595,0.02785495509813382,0.0,0.0,9.919405258659966,False
1782910182.9099882,4.476712703704834,0.08448280955371663,1.0050637612415643,0.027740819471111285,0.0,0.0,10.68751623170366,False
1782910183.0111237,4.577848196029663,0.09456548264054106,1.0063293485847766,0.02768758280998981,0.0,0.0,11.685507122575682,False
1782910183.0812175,4.647942066192627,0.10000491494658559,1.0070763215291059,0.02772134646720287,0.0,0.0,12.222747778013956,False
1782910183.168961,4.735685586929321,0.1070032048592995,1.008104991020456,0.027799234730533706,0.0,0.0,12.913552250765578,False
1782910183.2585845,4.8253090381622314,0.1163355173813598,1.009597438099011,0.027879085569460033,0.0,0.0,13.834965561425832,False
1782910183.3378131,4.904537677764893,0.1256613026571945,1.0112296001207604,0.027865152192897463,0.0,0.0,14.756705381270669,False
1782910183.4273107,4.994035243988037,0.13264638219221986,1.0125461277359002,0.02780822375762992,0.0,0.0,15.44800968225106,False
1782910183.5322807,5.099005222320557,0.14194150618224133,1.014425339454785,0.027742012098114516,0.0,0.0,16.36950414527575,False
1782910183.6408625,5.207587003707886,0.1527526391132195,1.016797474788019,0.027751656632561694,0.0,0.0,17.444260148904192,False
1782910183.7149549,5.281679391860962,0.16045003814057668,1.0186109501816982,0.027801071070663725,0.0,0.0,18.211950211803227,False
1782910183.8216817,5.388406276702881,0.16812509743955195,1.0205241031383254,0.027841752104442546,0.0,0.0,18.97979378146423,False
1782910183.9189708,5.4856953620910645,0.17730350724206898,1.0229517774234604,0.027841421833589463,0.0,0.0,19.90139173103763,False
1782910184.0327513,5.599475860595703,0.18948207180703994,1.026412449680107,0.02778397748545106,0.0,0.0,21.13017367811584,False
1782910184.11164,5.678364515304565,0.19554355481085275,1.0282385027273957,0.027764116503549693,0.0,0.0,21.744452818037818,False
1782910184.186312,5.7530364990234375,0.20158531768689336,1.0301282495360897,0.027763631836193552,0.0,0.0,22.358665522486586,False
1782910184.2710795,5.837804079055786,0.20985932254478076,1.0328305388029075,0.027789222587755864,0.0,0.0,23.20318737409953,False
1782910184.3763041,5.943028688430786,0.21870871868788544,1.0359247010262402,0.02781873422449298,0.0,0.0,23.971858210541427,False
1782910184.4453237,6.012048244476318,0.23143844732253926,1.0408595973837667,0.027822168335054624,0.0,0.0,24.518873882087043,False
1782910184.5239866,6.0907111167907715,0.24130249972120402,1.0449035092272139,0.02780619239547512,0.0,0.0,24.77785846960876,False
1782910184.6550484,6.221772909164429,0.2584627592409075,1.052212671605445,0.027774317133287197,0.0,0.0,25.072640316240033,False
1782910184.7499235,6.316648006439209,0.27860295206832064,1.0610879142907639,0.027767908890202052,0.0,0.0,25.211438850451923,False
1782910184.8328633,6.399587869644165,0.2927958871997476,1.0674667353155578,0.02778595486144546,0.0,0.0,25.081995473472627,False
1782910184.9006238,6.467348337173462,0.301540012632844,1.0714301472439265,0.02779934468764708,0.0,0.0,24.88638823044263,False
1782910185.0195937,6.586318254470825,0.3160599671618593,1.0780380263395564,0.02781163149745583,0.0,0.0,24.392956833754923,False
1782910185.1197584,6.686482906341553,0.3324107239417403,1.0854664676594727,0.027802970958842606,0.0,0.0,23.67576118256868,False
1782910185.1976538,6.764378309249878,0.343765902037304,1.0905838485499042,0.027791105104324816,0.0,0.0,23.11606990013905,False
1782910185.2977152,6.8644397258758545,0.355959321848187,1.096015510528948,0.027784787745725056,0.0,0.0,22.470115079377177,False
1782910185.370204,6.9369285106658936,0.3649265224034749,1.0999481755345204,0.027786660812305863,0.0,0.0,22.020264198259063,False
1782910185.4367416,7.0034661293029785,0.3757328746361621,1.104593267202779,0.027791889537103917,0.0,0.0,21.608452929854565,False
1782910185.5126472,7.079371690750122,0.38614738448886793,1.108975138227081,0.027795183753334597,0.0,0.0,21.345169858001448,False
1782910185.6075947,7.174319267272949,0.3998070391395204,1.114611033864862,0.027794295548801393,0.0,0.0,21.09821117226259,False
1782910185.682198,7.24892258644104,0.41233802559856364,1.1196926007845127,0.02778959458327016,0.0,0.0,20.946328380443806,False
1782910185.7794683,7.346192836761475,0.4263695996739112,1.125299952702096,0.02778405165151688,0.0,0.0,20.843160733134294,True
1782910185.8572102,7.423934698104858,0.44334122681458854,1.1319880803720515,0.027782446068911244,0.0,0.0,20.787660004747003,False
1782910185.9599807,7.526705265045166,0.45765719259349147,1.1375678793810058,0.02778584623725084,0.0,0.0,20.776167871343507,False
1782910186.0506847,7.6174092292785645,0.47070892861035735,1.1426185084819598,0.027789743310948113,0.0,0.0,20.77244923783508,False
1782910186.1326673,7.699391841888428,0.4882017323815852,1.1493489946957067,0.027791390339165115,0.0,0.0,20.74954548233584,False
1782910186.2168674,7.783591985702515,0.50413339394243,1.1554497820923142,0.027788430770198238,0.0,0.0,20.68408101658699,False
1782910186.3307583,7.897482872009277,0.521271169586546,1.1619839870495137,0.027784888226113455,0.0,0.0,20.537286819004535,False
1782910186.4219775,7.988702058792114,0.5339174380225172,1.1667834494408946,0.027785291439768618,0.0,0.0,20.36591212592714,False
1782910186.4967253,8.06344985961914,0.5495233160146616,1.172669602517364,0.027788685718746667,0.0,0.0,20.19029653152663,False
1782910186.576524,8.143248558044434,0.5639291536833748,1.1780636946409029,0.027791333321580618,0.0,0.0,20.074273116843095,False
1782910186.6612895,8.22801399230957,0.577028132078176,1.1829370266447348,0.02779098522679207,0.0,0.0,19.991996763183494,False
1782910186.7427337,8.309458255767822,0.5916747550158816,1.1883538647567502,0.0277875153952276,0.0,0.0,19.905953286088387,False
1782910186.8435104,8.410234928131104,0.609211752043718,1.1947989425916181,0.027783204381303345,0.0,0.0,19.77922518381469,False
1782910186.9536567,8.520381212234497,0.6265260561040641,1.20111907222239,0.02778391545828929,0.0,0.0,19.595113895259164,False
1782910187.0382628,8.604987382888794,0.6394163912013212,1.2057925884420653,0.02778767964354403,0.0,0.0,19.421654484086925,False
1782910187.120302,8.687026500701904,0.6536118751226156,1.2109029189733547,0.027792248540953562,0.0,0.0,19.189811024229993,False
1782910187.2220476,8.788772106170654,0.6676791291355411,1.2159228241539721,0.027794176838851003,0.0,0.0,18.920386403062324,False
1782910187.310092,8.876816511154175,0.6829656248599004,1.2213195541853006,0.02779249580490405,0.0,0.0,18.580877328844924,False
1782910187.431331,8.998055458068848,0.6979906756473153,1.226554901949433,0.027789598291356226,0.0,0.0,18.191957039157526,False
1782910187.5292985,9.096023082733154,0.7062998936446919,1.2294130155314802,0.027788297251712942,0.0,0.0,17.9967428607646,False
1782910187.614884,9.181608438491821,0.7220213185237404,1.2347418359476472,0.02778684170831064,0.0,0.0,17.712558171996264,False
1782910187.714752,9.281476497650146,0.7440580121993575,1.2420547985360788,0.027786407217521743,0.0,0.0,17.402074975734887,False
1782910187.8177662,9.384490728378296,0.7649516861206088,1.248841825363968,0.02778581547363763,0.0,0.0,17.175573303198693,False
1782910187.9281073,9.494831800460815,0.784495204532307,1.2550800989470385,0.027785416149861467,0.0,0.0,17.001276226114047,False
1782910188.0107188,9.577443361282349,0.7965376060941087,1.2588779392099005,0.027785775100840356,0.0,0.0,16.90111605126291,False
1782910188.1018667,9.668591260910034,0.8115539109305143,1.2635696338834963,0.02778687637809067,0.0,0.0,16.772847105992582,False
1782910188.198132,9.764856576919556,0.8324944932942969,1.2700365282492907,0.027788291689673356,0.0,0.0,16.579694300533664,False
1782910188.30812,9.874844551086426,0.848781227204079,1.275008163740436,0.02778858185768824,0.0,0.0,16.396194612970707,False
1782910188.3782387,9.944963216781616,0.8575701810680619,1.2776697340232048,0.027788552098979204,0.0,0.0,16.27715076935179,False
1782910188.4634588,10.0301833152771,0.8722073399439458,1.282065542021218,0.027788314916255226,0.0,0.0,16.085105511959817,False
1782910188.5892587,10.155983209609985,0.885512271842006,1.2860191414572268,0.02778788581091684,0.0,0.0,15.953813630513071,False
1782910188.6811714,10.247895956039429,0.9080071241829112,1.2926174769221401,0.0277867627970246,0.0,0.0,15.773086982021018,False
1782910188.7832863,10.350010871887207,0.9321869438650201,1.299604664883476,0.0277855056866466,0.0,0.0,15.610904287488717,False
1782910188.8771698,10.443894386291504,0.9516963599397784,1.305173668388685,0.027785891494432276,0.0,0.0,15.453296791942808,False
1782910188.9748979,10.541622400283813,0.9635471303098767,1.3085278364002357,0.02778720468592514,0.0,0.0,15.323952009348307,False
1782910189.0655203,10.63224482536316,0.9796692810014281,1.3130528862663282,0.027789637383880666,0.0,0.0,15.102308846150638,False
1782910189.141155,10.707879543304443,0.9913177978963276,1.3162911215929085,0.02779098447340147,0.0,0.0,14.915359433730494,False
1782910189.227629,10.794353485107422,1.010311060943547,1.321505198543663,0.027790774641427547,0.0,0.0,14.600420249765081,False
1782910189.331762,10.898486614227295,1.0262654082675577,1.3258168213740984,0.027789121905681637,0.0,0.0,14.304510411451766,False
1782910189.4318008,10.998525381088257,1.042223131142067,1.3300584186514877,0.027787626745188285,0.0,0.0,13.999105030151396,False
1782910189.5144174,11.081141948699951,1.0582261841638616,1.33423490927254,0.02778745485111617,0.0,0.0,13.693661150272366,False
1782910189.6267362,11.193460702896118,1.0729453855305844,1.3380035624800057,0.027788054325447484,0.0,0.0,13.46708598333853,False
1782910189.7021203,11.268844842910767,1.089364769301151,1.3421279811498463,0.02778835809221931,0.0,0.0,13.284021963214023,False
1782910189.7701492,11.336873769760132,1.1044017618258393,1.3458400065049914,0.027787820522081556,0.0,0.0,13.161758900298521,False
1782910189.8545563,11.421280860900879,1.1180052383233858,1.3491515035967372,0.02778684442231732,0.0,0.0,13.077505994208806,False
1782910189.9452121,11.511936664581299,1.1317021212092362,1.3524468520560078,0.027785876000385838,0.0,0.0,13.002814830066542,False
1782910190.0658648,11.632589340209961,1.151570925175541,1.3571683847240128,0.02778558130568385,0.0,0.0,12.892538486628247,False
1782910190.1716363,11.73836088180542,1.168373015994434,1.3611140170301226,0.027786497777548505,0.0,0.0,12.787507477302592,False
1782910190.2562933,11.823017835617065,1.1881467513772694,1.3657067274683206,0.02778789237700236,0.0,0.0,12.637207282408271,False
1782910190.326369,11.893093585968018,1.2002766185642197,1.368497003426586,0.0277883294400586,0.0,0.0,12.530005003495996,False
1782910190.4170532,11.98377776145935,1.2184080552291245,1.3726278375708696,0.02778822424964257,0.0,0.0,12.346314582850512,False
1782910190.5232606,12.089985132217407,1.2409335132212125,1.3776870308587725,0.02778776337214814,0.0,0.0,12.073162183930048,False
1782910190.635365,12.202089548110962,1.2560299714678373,1.3810256965233694,0.027787498225211215,0.0,0.0,11.887825301453631,False
1782910190.7452867,12.312011241912842,1.2805607396361327,1.3863544451095065,0.027786571772623045,0.0,0.0,11.64029568178422,False
1782910190.8519619,12.418686389923096,1.3020946549115102,1.3909390936729267,0.027785836987034067,0.0,0.0,11.443481820011371,False
1782910190.9317727,12.498497247695923,1.3143352549626868,1.3935084729543084,0.027785936210382174,0.0,0.0,11.324191247642686,False
1782910191.009888,12.57661247253418,1.329571816970428,1.3966696299298549,0.027786769698594383,0.0,0.0,11.163860752530093,False
1782910191.113548,12.680272579193115,1.3447639002606575,1.3997795057193296,0.02778803414317657,0.0,0.0,10.991891768455648,False
1782910191.1963825,12.763107061386108,1.3584209827371132,1.4025379167052923,0.0277889061847625,0.0,0.0,10.829347184205133,False
1782910191.333294,12.900018453598022,1.373593446253063,1.4055594268088887,0.02778898416612188,0.0,0.0,10.642933750657233,False
1782910191.4314506,12.998175144195557,1.3857266406378852,1.4079421384625976,0.027788366275476664,0.0,0.0,10.489676474700687,False
1782910191.5773501,13.14407467842102,1.4239363157087834,1.4152408539509738,0.027785856286006362,0.0,0.0,10.054818016132284,False
1782910191.6927917,13.25951623916626,1.4487020482850794,1.4198106377367128,0.027785961466144534,0.0,0.0,9.854131540111386,False
1782910191.8117807,13.378505229949951,1.4673280564661169,1.4231746786386381,0.027786506912454045,0.0,0.0,9.732889373635487,False
1782910191.911627,13.478351593017578,1.4859748621414455,1.426487496175994,0.027786800324508518,0.0,0.0,9.619297216778778,False
1782910192.0113723,13.578096866607666,1.5046162728492896,1.4297499312914668,0.027786805562557217,0.0,0.0,9.504057682659301,False
1782910192.1349394,13.701663970947266,1.5262902138814145,1.4334855884411528,0.02778686872638363,0.0,0.0,9.354652866868372,False
1782910192.212097,13.778821468353271,1.541721013855293,1.4361082595234405,0.027787052676127945,0.0,0.0,9.234812810932063,False
1782910192.3009226,13.867647171020508,1.5570965424945051,1.4386903480477427,0.027787341424322667,0.0,0.0,9.099960753632368,False
1782910192.4051392,13.971863746643066,1.5724061409240238,1.4412288806430065,0.02778766941679658,0.0,0.0,8.947384539880623,False
1782910192.4853837,14.05210828781128,1.587616176595298,1.4437164169016388,0.027788055878312495,0.0,0.0,8.770491078150652,False
1782910192.566302,14.133026599884033,1.601338463990909,1.4459272543355333,0.027788163209869234,0.0,0.0,8.605898901373713,False
1782910192.670458,14.2371826171875,1.62135956008576,1.4490913351442432,0.02778748672847187,0.0,0.0,8.389348730069157,False
1782910192.7519693,14.31869387626648,1.6414617307906145,1.4521943911210908,0.027786452064565356,0.0,0.0,8.18564622862477,False
1782910192.8448548,14.411579370498657,1.6585965350474292,1.4547810996937784,0.02778568438760427,0.0,0.0,8.038675407888261,False
1782910192.9245389,14.491263389587402,1.6726670004179716,1.4568672545888193,0.02778549454027213,0.0,0.0,7.930476437013368,False
1782910193.0168586,14.583583116531372,1.6883086558228642,1.4591487990664604,0.027785854280664345,0.0,0.0,7.8168599170784345,False
1782910193.1080463,14.674770832061768,1.7070575233228062,1.461834589126944,0.02778671274599882,0.0,0.0,7.682977079597194,False
1782910193.1945314,14.761255979537964,1.7226720056097757,1.4640324991334803,0.027787247222048533,0.0,0.0,7.572198259588707,False
1782910193.2972949,14.864019393920898,1.74141937860223,1.466626484015674,0.027787220414138256,0.0,0.0,7.4418044687021645,False
1782910193.3901153,14.956839799880981,1.7554851879651234,1.4685416053423865,0.027786797159770858,0.0,0.0,7.345683126114748,True
1782910193.4777105,15.044435024261475,1.7788965643082713,1.4716721388012046,0.027786173144625115,0.0,0.0,7.181817827463684,False
1782910193.5529077,15.119632244110107,1.7944851200284142,1.4737176418102527,0.027786245894395593,0.0,0.0,7.076829795340315,False
1782910193.6421683,15.208892822265625,1.8100749869287003,1.475732834944526,0.02778666540273922,0.0,0.0,6.9921586224263645,False
1782910193.7344816,15.301206111907959,1.8272240423105244,1.4779167878801713,0.027787157634436947,0.0,0.0,6.9202896881746065,False
1782910193.8377156,15.40444016456604,1.8412841919319958,1.4796841861130876,0.027787217196756638,0.0,0.0,6.870880067762962,False
1782910193.958954,15.525678634643555,1.8600159544004529,1.482010363094446,0.027786842531885403,0.0,0.0,6.796030615457392,False
1782910194.089141,15.65586543083191,1.8832025478852492,1.4848476021680364,0.027786848734605338,0.0,0.0,6.646849377175799,False
1782910194.201942,15.768666505813599,1.8986344033105749,1.4867070310832229,0.027787311045499932,0.0,0.0,6.523291206209214,False
1782910194.315126,15.881850481033325,1.9141622322286245,1.4885511207084932,0.027787670349689802,0.0,0.0,6.400790294257874,False
1782910194.4078138,15.974538326263428,1.9219552040644596,1.489465878012183,0.027787675315557318,0.0,0.0,6.340962543255737,False
1782910194.5336878,16.100412368774414,1.9391828626862533,1.4914617808417894,0.027787003739720383,0.0,0.0,6.219259670091897,False
1782910194.6537213,16.22044587135315,1.9470265332680698,1.4923586040654189,0.027786483184982814,0.0,0.0,6.169316258391892,False
1782910194.746855,16.313579559326172,1.9564345598705288,1.4934246775015116,0.027785854966937668,0.0,0.0,6.114896718088179,False
1782910194.880567,16.447291612625122,1.976834990191349,1.4957015011294779,0.027785143863385008,0.0,0.0,6.010967045171576,False
1782910194.9773333,16.544057846069336,2.0019630302573415,1.4984452585713728,0.027786316047106456,0.0,0.0,5.902866693884693,False
1782910195.0766585,16.643383026123047,2.0145168629293786,1.499793224946421,0.02778724509217464,0.0,0.0,5.84713199961121,False
1782910195.1667764,16.733500957489014,2.027071592994576,1.5011269376564291,0.02778779006426488,0.0,0.0,5.78888727646414,False
1782910195.2879515,16.854676008224487,2.041226557438031,1.502613787679901,0.027787557324035612,0.0,0.0,5.726529496687114,False
1782910195.3925354,16.95925998687744,2.0475192933599735,1.5032692318984824,0.02778720566279615,0.0,0.0,5.700883312006163,False
1782910195.4901812,17.05690574645996,2.0601096654163396,1.5045707259937031,0.027786269457441507,0.0,0.0,5.652642014960025,False
1782910195.592852,17.159576654434204,2.0742835816292997,1.506020756998042,0.027785343313798814,0.0,0.0,5.60208742897341,False
1782910195.7203019,17.287026405334473,2.0853183429988347,1.5071390627282468,0.027785058053091144,0.0,0.0,5.564326869576643,False
1782910195.8445098,17.411234378814697,2.120037206575994,1.5106015281787177,0.027786627069545274,0.0,0.0,5.45291561692198,False
1782910195.941345,17.50806951522827,2.1436984810480233,1.5129162041565674,0.027787247172079164,0.0,0.0,5.37780846232009,False
1782910196.0830338,17.649758338928223,2.1656040303073847,1.5150285417776832,0.027786842057914783,0.0,0.0,5.277828852582021,False
1782910196.2082167,17.774941205978394,2.190451319453011,1.5173842128087993,0.027786929676997103,0.0,0.0,5.112442739276451,False
1782910196.3572829,17.924007415771484,2.2213782259914736,1.5202374213667809,0.02778822436944766,0.0,0.0,4.838235972683515,False
1782910196.4632604,18.029984951019287,2.2383869005887806,1.521758898580959,0.027788179850462346,0.0,0.0,4.667503379443419,False
1782910196.5699854,18.136709928512573,2.2601318243385524,1.5236451688080679,0.027786968763716443,0.0,0.0,4.452072220907516,False
1782910196.7017717,18.26849627494812,2.283550088649229,1.525596791124624,0.027785861483773534,0.0,0.0,4.234156592089451,False
1782910196.8030243,18.369748830795288,2.3023240799647637,1.5271001318561317,0.027786074489450183,0.0,0.0,4.067033173748613,False
1782910196.923712,18.490436553955078,2.324158429397665,1.5287803680773964,0.02778720895693846,0.0,0.0,3.8647783262945565,False
1782910197.0599554,18.62667989730835,2.3501894172454034,1.5306855908437706,0.027789010527578147,0.0,0.0,3.5367300449208106,False
1782910197.1896062,18.756330728530884,2.3717005981928914,1.5321649811183493,0.02778891551431518,0.0,0.0,3.255931920204765,False
1782910197.2789125,18.84563708305359,2.393309742000323,1.5335568943852547,0.027787547630879376,0.0,0.0,2.9810525374700836,False
1782910197.369018,18.935742616653442,2.410409042292624,1.5345888381222441,0.027786299600184514,0.0,0.0,2.7816024516563256,False
1782910197.5195699,19.086294412612915,2.4370448532282314,1.5360759852596517,0.027785595419010933,0.0,0.0,2.512178671839311,False
1782910197.6404393,19.20716381072998,2.457444613419457,1.5371222664277178,0.027786365628443218,0.0,0.0,2.3230941031334074,False
1782910197.7661371,19.33286166191101,2.4824816762258437,1.5383036083025714,0.027787637762817244,0.0,0.0,2.1022023673854915,False
1782910197.884077,19.450801610946655,2.502900339737239,1.5391874030837531,0.027787548302135624,0.0,0.0,1.9647802539952295,False
1782910198.0155628,19.582287311553955,2.5281085012165256,1.5401920456562224,0.027786274107448983,0.0,0.0,1.8294778406144772,False
1782910198.100768,19.667492628097534,2.5438925334250575,1.5407788300875143,0.027785593075582014,0.0,0.0,1.7571630187594673,False
1782910198.1889198,19.75564432144165,2.5611473574712993,1.541388533727613,0.02778583762407944,0.0,0.0,1.7063320433840334,False
1782910198.2833164,19.850040912628174,2.5783071299926936,1.5419671168605646,0.027787042985212795,0.0,0.0,1.6907154726884892,False
1782910198.392694,19.959418535232544,2.5985190479317306,1.5426223581908525,0.02778861139953769,0.0,0.0,1.7189338937062224,False
1782910198.4879696,20.054694175720215,2.6171402945835296,1.543211890100208,0.027788937693825785,0.0,0.0,1.7897467871373656,False
1782910198.6231122,20.189836740493774,2.6389351217668526,1.5439005078036612,0.027787389177852347,0.0,0.0,1.9058839050983476,False
1782910198.7363436,20.303068161010742,2.6608216681269865,1.5446063725270862,0.027785507383034844,0.0,0.0,2.038697962825847,False
1782910198.8449419,20.41166639328003,2.6780731915758205,1.5451815974005227,0.027785276056239774,0.0,0.0,2.148201580654586,False
1782910198.9296298,20.496354341506958,2.6969798092009363,1.5458372692633033,0.02778623225998836,0.0,0.0,2.2605575563854234,False
1782910199.0625174,20.629241943359375,2.7190857419529046,1.5466414650475055,0.027787344620699223,0.0,0.0,2.373796521371182,False
1782910199.2518773,20.818601846694946,2.7553432625629566,1.5480485100605776,0.027786449786516523,0.0,0.0,2.50654891702031,False
1782910199.3905196,20.957244157791138,2.7820745772201523,1.5491477039723862,0.027786117912827476,0.0,0.0,2.558145225164709,False
1782910199.4972992,21.064023733139038,2.800864131345568,1.549944661389328,0.027786972381050785,0.0,0.0,2.5614884117665926,False
1782910199.6742854,21.241009950637817,2.8303824722771314,1.5512202686186325,0.02778831251924542,0.0,0.0,2.473920080904383,False
1782910199.786591,21.353315591812134,2.8566470125204404,1.5523530496796887,0.027788013632000366,0.0,0.0,2.298657907300516,False
1782910199.9381056,21.50483012199402,2.882821218098403,1.553446232212095,0.027787507674240635,0.0,0.0,2.0465602795779425,False
1782910200.0594895,21.626214027404785,2.9027751374684096,1.5542350787479728,0.02778773066193899,0.0,0.0,1.812243119943733,False
1782910200.200269,21.766993522644043,2.9303249222366485,1.555232696955683,0.027788391590815645,0.0,0.0,1.4428276304284502,False
1782910200.32642,21.893144607543945,2.953253251359204,1.555960822502895,0.027788462288222474,0.0,0.0,1.1103245337992003,False
1782910200.487118,22.053842544555664,2.979324013158765,1.556655644481632,0.02778786836123302,0.0,0.0,0.7333549285547822,False
1782910200.6514382,22.218162775039673,3.0102767753256368,1.5572799595990585,0.02778697263487566,0.0,0.0,0.3261112872102415,False
1782910200.7719252,22.33864974975586,3.0321242550773513,1.5575894105941603,0.027786563225273994,0.0,0.0,0.07497543012457517,False
1782910200.967697,22.53442144393921,3.0572466110489915,1.5578178681684822,0.02778639373929177,0.0,0.0,359.8227472740469,False
1782910201.146869,22.71359348297119,3.1046562924258385,1.5579195498797738,0.027786316389987006,0.0,0.0,359.46514641737605,False
1782910201.267371,22.83409547805786,3.12678341152411,1.5578427808181727,0.027786364367831072,0.0,0.0,359.3415424351582,False
1782910201.3805263,22.947250843048096,3.1455556228519788,1.5577275498565863,0.027786963117812046,0.0,0.0,359.2844714692199,False
1782910201.5167806,23.083505153656006,3.1717874333058353,1.5575079456362844,0.02778863237557064,0.0,0.0,359.32050919062436,False
1782910201.665037,23.23176145553589,3.2009938028939984,1.5572250326487234,0.02778919729528621,0.0,0.0,359.50328671317504,False
1782910201.8443055,23.411030054092407,3.23490534842767,1.556922423779047,0.027786733752900698,0.0,0.0,359.8201014415351,False
1782910201.9449165,23.511641025543213,3.2517932773220894,1.5568067323074546,0.027786409135514143,0.0,0.0,0.01879535761117935,False
1782910202.0561352,23.622859716415405,3.27016040626163,1.5567220703028624,0.02778760602801589,0.0,0.0,0.2613572475900818,False
1782910202.1760814,23.74280595779419,3.294628144033238,1.5566947330780712,0.02778950972467008,0.0,0.0,0.6102417716586697,False
1782910202.2943087,23.86103320121765,3.3099838343444157,1.5567364707642755,0.027789329502522577,0.0,0.0,0.8273523236143265,False
1782910202.3752034,23.941927909851074,3.33159889704428,1.5568797792960984,0.02778741800681055,0.0,0.0,1.1176641969711472,False
1782910202.4615288,24.028253316879272,3.3455760501761613,1.5570267811286345,0.027786168761741854,0.0,0.0,1.2913354917093087,False
1782910202.5674002,24.134124755859375,3.364309935702714,1.5572905580591854,0.02778558964052502,0.0,0.0,1.5033663341651402,False
1782910202.6801376,24.246862173080444,3.3863036585156667,1.5576942312784463,0.027786307878839796,0.0,0.0,1.7061672764314009,False
1782910202.7921436,24.35886812210083,3.409909297378837,1.558229528408837,0.027787154132396814,0.0,0.0,1.8728224741384147,False
1782910202.8901675,24.456892013549805,3.425630786919424,1.5586374399876983,0.027787166762457773,0.0,0.0,1.95784674386407,True
1782910203.0078812,24.574605703353882,3.4490536765515634,1.5593086624074841,0.027787077366903334,0.0,0.0,2.0273220856100207,False
1782910203.1161244,24.682848930358887,3.469222633093603,1.5599345019525024,0.027787525020523233,0.0,0.0,2.024724530112391,False
1782910203.214302,24.781026601791382,3.486161773211879,1.5604825165765623,0.027788287430908144,0.0,0.0,1.9634134055106098,False
1782910203.3429832,24.90970778465271,3.512159640251563,1.5613361353853186,0.02778897573600541,0.0,0.0,1.7594976053164122,False
1782910203.4456315,25.01235604286194,3.5288938526461453,1.561874523745299,0.027788773361883755,0.0,0.0,1.5669452563666615,False
1782910203.5380666,25.104791164398193,3.5440735614505665,1.5623423235446394,0.027788415298286417,0.0,0.0,1.3619324768747332,False
1782910203.6344125,25.20113706588745,3.5637724538075766,1.5629047578896509,0.027788249090141517,0.0,0.0,1.0648562310688248,False
1782910203.7232752,25.28999972343445,3.5774433389402955,1.5632565299493593,0.02778831979892041,0.0,0.0,0.8518489904050108,False
1782910203.8365388,25.403263330459595,3.5988634443767102,1.563731600742477,0.02778817965671482,0.0,0.0,0.5319106920098086,False
1782910203.9566634,25.523387908935547,3.62205508027684,1.5641315688316066,0.027787289951081942,0.0,0.0,0.22019920418380892,False
1782910204.0837893,25.650513887405396,3.6423879602779747,1.5643823979013076,0.02778621271258078,0.0,0.0,359.9928072675418,False
1782910204.2433722,25.810096740722656,3.6690730845299067,1.5645804863899997,0.027785905113653156,0.0,0.0,359.77251018083484,False
1782910204.3508427,25.917567253112793,3.6940446725059113,1.5646503046861688,0.027787265463278768,0.0,0.0,359.6546920108053,False
1782910204.6323051,26.199029684066772,3.7358637731431643,1.564589028375764,0.027788708404264555,0.0,0.0,359.6691898445783,False
1782910204.7818751,26.348599672317505,3.7700509909274733,1.5644628433539174,0.0277865628852249,0.0,0.0,359.82540030837885,False
1782910204.9050827,26.47180724143982,3.7918270993809786,1.5643869461468884,0.027785981893802103,0.0,0.0,359.97164709208016,False
1782910205.0310552,26.597779750823975,3.8150465475257356,1.5643335615372655,0.027787359490256992,0.0,0.0,0.1775329477558321,False
1782910205.1302423,26.696966886520386,3.833449597724116,1.5643250548058516,0.027789047648681082,0.0,0.0,0.39202624249444235,False
1782910205.2787843,26.845508813858032,3.8563325929020644,1.5643758600433149,0.02778973290439436,0.0,0.0,0.7076526260035252,False
1782910205.4008644,26.967588901519775,3.8837481476047095,1.564555759454203,0.027788219308368164,0.0,0.0,1.1230263744542723,False
1782910205.530825,27.097549438476562,3.9051384223569485,1.5648054083143679,0.02778722638538739,0.0,0.0,1.4491948671641175,False
1782910205.6229734,27.189697980880737,3.9236429866874802,1.5651072882862838,0.027787046148320484,0.0,0.0,1.707013665541872,False
1782910205.7106268,27.27735137939453,3.939147946459212,1.5654222645919922,0.027787156804556918,0.0,0.0,1.9073953977466198,False
1782910205.855357,27.422081470489502,3.967282869073098,1.5661355866869802,0.027786838403425336,0.0,0.0,2.2244746814551073,False
1782910205.967821,27.534545421600342,3.989314570319903,1.5668138277549695,0.027786219691792367,0.0,0.0,2.431124924419331,False
1782910206.0468009,27.613525390625,4.005080649775169,1.5673577508182681,0.027786016982749157,0.0,0.0,2.5537961336594175,False
1782910206.1298172,27.696541786193848,4.020790186719101,1.56794316297695,0.02778631063826961,0.0,0.0,2.6491701788137494,False
1782910206.2266934,27.793417930603027,4.037922952620489,1.5686247816530594,0.02778723208933471,0.0,0.0,2.709389282501534,False
1782910206.3314471,27.8981716632843,4.056423625175874,1.5694020419190016,0.027788524384999586,0.0,0.0,2.7080768264491804,False
1782910206.4499323,28.01665687561035,4.076272559783056,1.570268104264658,0.027789523527550538,0.0,0.0,2.6158107777405397,False
1782910206.5719633,28.1386878490448,4.098868934834414,1.5712664167960224,0.027789785157750643,0.0,0.0,2.3755066204010276,False
1782910206.6632795,28.23000407218933,4.1184176652121325,1.5721105427403193,0.027789127587178428,0.0,0.0,2.0949388269456986,False
1782910206.789966,28.356690645217896,4.139846685816755,1.572983585459201,0.027787511811241283,0.0,0.0,1.8069915388391669,False
1782910206.8970678,28.463792324066162,4.1598596621073005,1.5737338857194905,0.02778651515342941,0.0,0.0,1.5429595939766538,False
1782910206.994466,28.561190605163574,4.176895605054322,1.5743152769825868,0.02778639789711819,0.0,0.0,1.3308484401416074,False
1782910207.102081,28.668805599212646,4.198743305872607,1.5749787359906136,0.027786847330043097,0.0,0.0,1.0866493673751236,False
1782910207.168922,28.73564648628235,4.209729772299529,1.5752773940017355,0.027787025582548138,0.0,0.0,0.9764807576469687,False
1782910207.2451773,28.811901807785034,4.223908444894446,1.5756291792610588,0.027786962329223692,0.0,0.0,0.8480212835418544,False
1782910207.345709,28.912433624267578,4.2460189594986595,1.576106397762448,0.027786316999604408,0.0,0.0,0.6770514488611246,False
1782910207.462026,29.0287504196167,4.261799996551759,1.5763981497373698,0.02778594720581287,0.0,0.0,0.5769353733810716,False
1782910207.5749457,29.14167022705078,4.282232874924197,1.5767223649537125,0.027786288575298305,0.0,0.0,0.4812473928187979,False
1782910207.7021546,29.268879175186157,4.308710217304824,1.5770682118701973,0.027787986768818024,0.0,0.0,0.44099029296396464,False
1782910207.8434525,29.410176992416382,4.328816392756397,1.577291001671935,0.02778887286520875,0.0,0.0,0.4851555558236831,False
1782910207.9923592,29.559083700180054,4.3595248617968085,1.5776061236207854,0.027788283861575874,0.0,0.0,0.6926340975404782,False
1782910208.1444046,29.711129188537598,4.383963494048294,1.5778770367919595,0.027787673066281847,0.0,0.0,0.9622820722680615,False
1782910208.3163667,29.88309121131897,4.4161168353874665,1.5783269300327625,0.027788109856604366,0.0,0.0,1.3781910121909522,False
1782910208.4454436,30.012168169021606,4.442224011247922,1.578810851817581,0.02778811271291275,0.0,0.0,1.733639991167356,False
1782910208.568197,30.134921550750732,4.463852576681199,1.5793105433379484,0.027787406146635264,0.0,0.0,2.0157326550824064,False
1782910208.698823,30.265547513961792,4.487343765989139,1.5799628011876414,0.02778627521052894,0.0,0.0,2.2688934837312598,False
1782910208.8061166,30.372841119766235,4.507854423686424,1.5806214806959988,0.02778566648427979,0.0,0.0,2.4503098286623026,False
1782910208.96314,30.52986454963684,4.534677503809865,1.581595859844394,0.02778598906711777,0.0,0.0,2.638813735205013,False
1782910209.1395404,30.706264972686768,4.5691217877763854,1.583005473669902,0.02778780273401415,0.0,0.0,2.7731323694580134,False
1782910209.2291555,30.79588007926941,4.58772808630826,1.5838237612769155,0.027788513710571363,0.0,0.0,2.7736912296759404,False
1782910209.346936,30.913660526275635,4.609248248718063,1.5848006658168827,0.02778859287508944,0.0,0.0,2.6903439439174797,False
1782910209.4886417,31.055366277694702,4.630536320786534,1.585776869356285,0.027788440280795267,0.0,0.0,2.502023735422287,False
1782910209.6261525,31.192877054214478,4.659191051458153,1.5870560733893593,0.027788923805549478,0.0,0.0,2.1110126984650774,False
1782910209.7318382,31.29856276512146,4.67742389724292,1.587818572242117,0.027788898042638635,0.0,0.0,1.8422903139247002,False
1782910209.8433344,31.410058975219727,4.697266925944309,1.5885839120895784,0.02778819540518765,0.0,0.0,1.5482171212885478,False
1782910209.9386163,31.505340814590454,4.715706796469875,1.58922467526074,0.027787219255277395,0.0,0.0,1.2875579825170602,False
1782910210.0405571,31.60728168487549,4.729631216466236,1.5896601485757127,0.02778667442341086,0.0,0.0,1.1048993803175895,False
1782910210.1349611,31.701685667037964,4.751474986529318,1.5902578494423905,0.027786410553810113,0.0,0.0,0.8514347378050442,False
1782910210.240858,31.80758261680603,4.771927640760987,1.590725929586933,0.027786445532952432,0.0,0.0,0.6520883932972366,False
1782910210.3800373,31.94676184654236,4.7987562789288285,1.5912176098384256,0.02778634399466688,0.0,0.0,0.442762764630437,False
1782910210.495524,32.06224846839905,4.817629207569561,1.5914902431536522,0.02778648650308179,0.0,0.0,0.3360721419794207,False
1782910210.6091394,32.17586398124695,4.841073232468454,1.5917585773180007,0.02778731792819589,0.0,0.0,0.2623911753561399,False
1782910210.736424,32.3031485080719,4.858206478048434,1.5919152937154595,0.027787979834750204,0.0,0.0,0.2500398387422545,False
1782910210.8331132,32.39983773231506,4.87997201228983,1.5920811623755633,0.027788089840739837,0.0,0.0,0.28455163985064597,False
1782910210.9731984,32.53992295265198,4.904755948225755,1.5922474740687962,0.02778731748638451,0.0,0.0,0.400783702758307,False
1782910211.0563374,32.62306189537048,4.920188048114715,1.5923516507982198,0.027787063600260054,0.0,0.0,0.5147760036844291,False
1782910211.1880045,32.75472903251648,4.940204542209711,1.5925025400129658,0.02778755762337582,0.0,0.0,0.7039106578574291,False
1782910211.268766,32.835490465164185,4.961771830644998,1.5927028114171395,0.027788378488166503,0.0,0.0,0.9403174975057719,False
1782910211.3747969,32.941521406173706,4.978785000662081,1.5929002078246126,0.027788292556656574,0.0,0.0,1.1331983758013189,False
1782910211.470316,33.03704047203064,4.997464195206462,1.5931655954022614,0.02778723677841908,0.0,0.0,1.3344712112531678,False
1782910211.604452,33.17117643356323,5.019448138640153,1.5935490089506323,0.02778572113669219,0.0,0.0,1.538693863228548,False
1782910211.7532635,33.31998801231384,5.0525179741405655,1.5942676111428433,0.027785916099458324,0.0,0.0,1.770023204211667,False
1782910211.876921,33.44364547729492,5.0728247662486865,1.5947842679018318,0.027787480777153768,0.0,0.0,1.8460517247185133,False
1782910212.0560963,33.62282085418701,5.103785457084729,1.5956454834144773,0.02779243304716761,0.0,0.0,1.5766383720832629,False
1782910212.203469,33.770193576812744,5.12575256053533,1.5962517847654072,0.027795935911109314,0.0,0.0,0.9651717005126449,False
1782910212.3360412,33.90276575088501,5.14720591209654,1.5967596028367756,0.02779505517457823,0.0,0.0,0.22367124534048016,False
1782910212.4690232,34.03574776649475,5.167463071341439,1.5970940218824794,0.02779179360408882,0.0,0.0,359.5372656045608,True
1782910212.5813498,34.14807438850403,5.190878809030111,1.5972405216161554,0.02778738257550872,0.0,0.0,359.0162225797147,False
1782910212.7255857,34.29231023788452,5.2139366513061605,1.5971640220409478,0.027784651207281876,0.0,0.0,358.6692646706543,False
1782910212.8749456,34.441670179367065,5.2388102988351575,1.5968847945679039,0.027785046030167387,0.0,0.0,358.417539854821,False
1782910213.028367,34.595091581344604,5.268147923990946,1.5963517760684318,0.02778904089484997,0.0,0.0,358.28334404475385,False
1782910213.2020044,34.76872897148132,5.298727622830518,1.5956364105533731,0.0277906717290366,0.0,0.0,358.34976830744716,False
1782910213.3116505,34.87837505340576,5.3184538597292255,1.595131868387931,0.027788811871804407,0.0,0.0,358.51229984309487,False
1782910213.5214567,35.088181257247925,5.345561696803127,1.5944383015183472,0.02779031703011245,0.0,0.0,358.588004371988,False
1782910213.6470363,35.21376085281372,5.36551246518263,1.59392473698053,0.027803247992088012,0.0,0.0,357.55421457348575,False
1782910213.7889588,35.35568332672119,5.381783840607606,1.5934483169677764,0.02780469271710598,0.0,0.0,356.282760805826,False
1782910213.9180882,35.48481273651123,5.39506953771653,1.5929649606611553,0.02779714000931152,0.0,0.0,355.1340438227662,False
1782910214.0685627,35.635287284851074,5.41612606035354,1.5917495391175593,0.027791893640413488,0.0,0.0,354.225977031879,False
1782910214.1814597,35.74818420410156,5.432636651154026,1.59049096675189,0.02779149140675303,0.0,0.0,354.0933634017604,False
1782910214.3031352,35.86985969543457,5.449425220841566,1.5890763219967845,0.027791391757408735,0.0,0.0,354.29772758704405,False
1782910214.4288971,35.99562168121338,5.468469889339673,1.5873899380339198,0.027793161773889855,0.0,0.0,354.89204573285826,False
1782910214.567967,36.1346914768219,5.485874274657185,1.5858461764895984,0.02779650544985116,0.0,0.0,355.62004754699836,False
1782910214.6960576,36.26278209686279,5.507010789364673,1.5840666689800056,0.027797098941463986,0.0,0.0,356.53807197618954,False
1782910214.8108716,36.37759613990784,5.519763531392033,1.5830571008037932,0.02779634729879556,0.0,0.0,356.7150246153077,False
1782910214.970431,36.537155628204346,5.540614124033109,1.5814732316434401,0.02779928918725043,0.0,0.0,355.6716310854168,False
1782910215.1328955,36.69962000846863,5.55666359457149,1.5802539289108266,0.02780099086654614,0.0,0.0,354.3298972699362,False
1782910215.2376387,36.80436325073242,5.5705110834029385,1.5790982915310505,0.027798493182416385,0.0,0.0,353.30553279230026,False
1782910215.431444,36.99816846847534,5.597317739265615,1.5763617114553345,0.027788517280445953,0.0,0.0,352.49670123185734,False
1782910215.6149993,37.181723833084106,5.626648651563478,1.572920120025661,0.027782467887548887,0.0,0.0,351.9719620547912,False
1782910215.7301714,37.29689598083496,5.646522149630421,1.5703925968255985,0.027784354464889135,0.0,0.0,351.70806279889433,False
1782910215.8554423,37.42216682434082,5.6744459760390455,1.5666297048841633,0.027789095846718438,0.0,0.0,351.4313883867766,False
1782910215.9499147,37.5166392326355,5.691423182793869,1.5642441917824614,0.027789730573825423,0.0,0.0,351.32601667020083,False
1782910216.1057158,37.67244029045105,5.715720896924617,1.5607322849988192,0.02778816433480046,0.0,0.0,351.30456528304956,False
1782910216.257808,37.8245325088501,5.742660657215214,1.556751855114319,0.027788131919991056,0.0,0.0,351.47958926231126,False
1782910216.4428928,38.0096173286438,5.775065096915674,1.5519494044618736,0.02779100237230421,0.0,0.0,351.96693994617664,False
1782910216.578515,38.14523959159851,5.79826958583383,1.548578406511118,0.02779095927773653,0.0,0.0,352.45715884594097,False
1782910216.6601114,38.22683596611023,5.817622381718141,1.545846523041644,0.027791702659086984,0.0,0.0,353.037571684554,False
1782910216.7833498,38.35007429122925,5.834054879932876,1.5436034938996872,0.02779535268113182,0.0,0.0,353.6687667066094,False
1782910216.8741999,38.440924406051636,5.846198700172532,1.541988844731259,0.02779966590395411,0.0,0.0,353.6363488693292,False
1782910216.9658477,38.5325722694397,5.858099852252308,1.5404382332017112,0.02780241064550831,0.0,0.0,353.03606057615207,False
1782910217.0760877,38.64281225204468,5.870042938887981,1.5388945595999124,0.02780130517790622,0.0,0.0,352.1136930147308,False
1782910217.2286015,38.79532599449158,5.883060441832305,1.537186642351688,0.027797703266376164,0.0,0.0,350.97538990649986,False
1782910217.3206382,38.88736271858215,5.895576288611103,1.5354743451878177,0.027796946003500567,0.0,0.0,349.825274542869,False
1782910217.432048,38.998772621154785,5.90697831235443,1.5338177569089848,0.027799240490886456,0.0,0.0,348.75047853140126,False
1782910217.5645838,39.13130831718445,5.917805643806462,1.5321134350001742,0.027800602231098325,0.0,0.0,347.9913901496419,False
1782910217.6855268,39.252251386642456,5.928794198502953,1.5302201521462904,0.027799097399883878,0.0,0.0,347.95912074112755,False
1782910217.8212981,39.388022661209106,5.944703989904061,1.5273186289139282,0.02779597608441516,0.0,0.0,348.736386359369,False
1782910217.9562433,39.52296781539917,5.961142384383602,1.524252940887502,0.027797479791554704,0.0,0.0,349.98369304018604,False
1782910218.0802164,39.64694094657898,5.973630239312871,1.5219499837270585,0.027800107687585274,0.0,0.0,351.01074639589405,False
1782910218.1750352,39.74175977706909,5.98412640839664,1.5200672104380013,0.027800534443357096,0.0,0.0,351.9034873948785,False
1782910218.2811813,39.84790587425232,5.994475348800048,1.5182814555666262,0.027799169072932582,0.0,0.0,352.8006192448241,False
1782910218.3898802,39.95660471916199,6.006290496131219,1.516344489598374,0.027797706926422944,0.0,0.0,353.2044567033399,False
1782910218.4912913,40.05801582336426,6.015347641382591,1.5149286734256613,0.02779800718414921,0.0,0.0,352.8269221427947,False
1782910218.583693,40.15041756629944,6.025083663682833,1.5134530560578647,0.027799335995160285,0.0,0.0,352.047794108314,False
1782910218.6612566,40.227981090545654,6.032315177377994,1.5123708903560762,0.02780012486280188,0.0,0.0,351.38220636905805,False
1782910218.7579613,40.32468581199646,6.04109327721866,1.5110533438545657,0.02780013546234691,0.0,0.0,350.545626690397,False
1782910218.8654516,40.43217611312866,6.0514031215502495,1.5094745055595313,0.02779910319686295,0.0,0.0,349.5492612143394,False
1782910218.9760916,40.542816162109375,6.060085142338522,1.5080986211271286,0.027798358339094248,0.0,0.0,348.70489783076624,False
1782910219.1071055,40.67383003234863,6.072350601207102,1.5060098755929872,0.0277977342724149,0.0,0.0,348.1307200423504,False
1782910219.2497835,40.816508054733276,6.090401675861209,1.502683653662246,0.02779612821424039,0.0,0.0,348.4111040166769,False
1782910219.3731735,40.9398980140686,6.105866318055455,1.4997352045549197,0.027795435968326218,0.0,0.0,349.2115628153882,False
1782910219.4600117,41.02673625946045,6.117144925684965,1.4975826190684518,0.027796469962743882,0.0,0.0,349.91678226811956,False
1782910219.5696948,41.13641929626465,6.12991007440772,1.495176391992814,0.027798817477326883,0.0,0.0,350.3282616788135,False
1782910219.6796765,41.24640107154846,6.140809464028689,1.4931504707346086,0.027800555366612807,0.0,0.0,349.94880700632496,False
1782910219.7961454,41.36286997795105,6.152038563520519,1.4910762381347802,0.027800483688907897,0.0,0.0,349.0996974141783,False
1782910219.8998134,41.466537952423096,6.162877384513096,1.489057758389372,0.027798986657451317,0.0,0.0,348.12795494488984,False
1782910220.0089734,41.575697898864746,6.173490928189872,1.487033696450324,0.027797949693763122,0.0,0.0,347.185422295892,False
1782910220.163253,41.72997760772705,6.1879289702573015,1.4841444312900078,0.027798254159783535,0.0,0.0,347.0838637338341,False
1782910220.333842,41.90056657791138,6.203441404030547,1.4809237076018968,0.027798985101457986,0.0,0.0,348.07007804365406,False
1782910220.5080652,42.07478976249695,6.224074688177456,1.476640154910454,0.02779862855395378,0.0,0.0,349.80595168338573,False
1782910220.6241994,42.19092392921448,6.237745021371646,1.4739613836204413,0.02779645597979621,0.0,0.0,350.4597061957779,False
1782910220.7693498,42.336074352264404,6.260156755698181,1.469856298605352,0.027788748748319343,0.0,0.0,350.9060018739066,False
1782910220.872673,42.43939757347107,6.278853526013632,1.4666028052517015,0.02778311359049508,0.0,0.0,351.0946960926678,False
1782910221.0158758,42.582600355148315,6.302500171777569,1.4626405828749764,0.027783850329361693,0.0,0.0,351.19230962046925,False
1782910221.1210341,42.687758684158325,6.323399365173728,1.4592368959450053,0.027790362727349267,0.0,0.0,351.1631318727341,False
1782910221.265486,42.832210540771484,6.34738389182965,1.4553939777831828,0.02779405919074049,0.0,0.0,351.0056335992094,False
1782910221.3976505,42.964375019073486,6.372877754703791,1.4513243955924544,0.027788100091005852,0.0,0.0,350.7230147866386,False
1782910221.5306888,43.097413301467896,6.392371512031846,1.4481863557691068,0.02778383641849929,0.0,0.0,350.4566513817568,False
1782910221.6769829,43.24370741844177,6.41494802897155,1.4444906545169467,0.027785861782675583,0.0,0.0,350.1297698367664,False
1782910221.820249,43.38697361946106,6.448313103563249,1.438859757393244,0.0277909135033196,0.0,0.0,349.6621001364441,False
1782910221.9909449,43.55766940116882,6.474162850789757,1.4343359097385184,0.02778772927763116,0.0,0.0,349.3105555521661,False
1782910222.111588,43.67831254005432,6.497001856745239,1.4302131595332435,0.027785190683739167,0.0,0.0,349.0096021150273,False
1782910222.2223644,43.78908896446228,6.519951628765329,1.4259484896186772,0.027786325871915336,0.0,0.0,348.7311904163451,False
1782910222.3630857,43.92981028556824,6.5399610071932495,1.4221322696452365,0.027787832725837642,0.0,0.0,348.51651960251263,False
1782910222.553336,44.120060443878174,6.5739942200894,1.4154473420980473,0.027786414246853512,0.0,0.0,348.22881498757255,False
1782910222.6956656,44.26239013671875,6.603286482148192,1.4095253542616546,0.02778570910740658,0.0,0.0,348.0665828113389,False
1782910222.8033957,44.37012028694153,6.624822477894576,1.4050911188715647,0.02778706955205504,0.0,0.0,347.99124005310154,True
1782910222.8979907,44.464715242385864,6.643226110587423,1.4012594983771884,0.02778801524325467,0.0,0.0,347.95937757134027,False
1782910223.0251527,44.59187722206116,6.667639623731253,1.3961329758718333,0.027787644824639815,0.0,0.0,347.97796329772484,False
1782910223.1550717,44.72179627418518,6.688901041996677,1.3916453340694557,0.02778694891162757,0.0,0.0,348.0584720792608,False
1782910223.2905288,44.857253313064575,6.710076471474107,1.3871740975427762,0.027787383201637022,0.0,0.0,348.20122605764334,False
1782910223.458267,45.024991512298584,6.737220847550262,1.381472794648529,0.027788537470799398,0.0,0.0,348.46312734689076,False
1782910223.6039739,45.170698404312134,6.761279433953244,1.376480035409032,0.027788333534447117,0.0,0.0,348.7543476018946,False
1782910223.7137146,45.280439138412476,6.780794307186866,1.3724918880764783,0.027787766534176233,0.0,0.0,349.0198880833551,False
1782910223.8333519,45.400076389312744,6.806503365988958,1.3673456618069875,0.027787372909890362,0.0,0.0,349.36153271867425,False
1782910223.9777746,45.54449915885925,6.830917755485025,1.3625843638550217,0.027787118627999,0.0,0.0,349.65796276931366,False
1782910224.097326,45.664050579071045,6.852379192511039,1.3585021802524613,0.027786757423158923,0.0,0.0,349.9004169130367,False
1782910224.2888155,45.85554003715515,6.886245608881371,1.3522532164848367,0.02778670610974551,0.0,0.0,350.25270518322884,False
1782910224.4271696,45.99389410018921,6.914039273129241,1.3472932191235418,0.0277870453489974,0.0,0.0,350.5206450687102,False
1782910224.5596128,46.12633728981018,6.935698425347582,1.3435276623016559,0.02778692343534332,0.0,0.0,350.7188620057703,False
1782910224.6383984,46.20512294769287,6.952740785930564,1.3406234396600674,0.027786643580954458,0.0,0.0,350.8685606435041,False
1782910224.7324255,46.29914999008179,6.971388917189346,1.3375026528216374,0.0277863666069247,0.0,0.0,351.02097761430775,False
1782910224.8775258,46.4442503452301,6.991650182984767,1.334176123388841,0.02778626643138443,0.0,0.0,351.17214646438686,False
1782910225.0100422,46.57676672935486,7.02135337516365,1.32941124384395,0.027786257056665847,0.0,0.0,351.36675423419456,False
1782910225.1452537,46.71197819709778,7.038584075016999,1.3267028664790221,0.027786201869130563,0.0,0.0,351.46625048529654,False
1782910225.268041,46.83476543426514,7.065237354063829,1.3225857247713646,0.02778616752586135,0.0,0.0,351.60508365077635,False
1782910225.4477515,47.01447606086731,7.091909277310078,1.3185449068809938,0.027786268358800516,0.0,0.0,351.7291857315542,False
1782910225.599979,47.16670346260071,7.12487432161946,1.3136472849144007,0.027786269963918735,0.0,0.0,351.8663077479973,False
1782910225.6911542,47.25787878036499,7.142144782680946,1.3111197000817039,0.02778619875169514,0.0,0.0,351.9318443045921,False
1782910225.78933,47.35605454444885,7.162542290007013,1.3081652374925306,0.027786210390872614,0.0,0.0,352.0016161543646,False
1782910225.9088228,47.475547313690186,7.182934265451751,1.3052422240423656,0.02778634435243803,0.0,0.0,352.0635257834981,False
1782910226.0355797,47.602304220199585,7.203336723968748,1.3023455829361796,0.027786437583283613,0.0,0.0,352.11995168904656,False
1782910226.2145464,47.78127098083496,7.239471501481583,1.2972762676249037,0.02778615246398419,0.0,0.0,352.21356399548534,False
1782910226.3429606,47.909685134887695,7.266192044257657,1.2935726736530517,0.027786024741184537,0.0,0.0,352.27826639970857,False
1782910226.5191963,48.08592081069946,7.294491804108081,1.2896880505662611,0.027786300372439374,0.0,0.0,352.3431098436025,False
1782910226.602807,48.16953158378601,7.310217063814986,1.2875452665677516,0.02778642596387766,0.0,0.0,352.3776500363116,False
1782910226.7030141,48.26973867416382,7.3306622779337305,1.2847753051179565,0.02778635250082753,0.0,0.0,352.42109054328904,False
1782910226.8151617,48.38188624382019,7.351100525427666,1.2820235898397503,0.027786143535652494,0.0,0.0,352.4643173215431,False
1782910226.9348545,48.50157904624939,7.373082577978275,1.279082745791368,0.02778616375801547,0.0,0.0,352.5154407109849,False
1782910227.0736082,48.64033269882202,7.398171679120223,1.2757503554333784,0.027786572724629713,0.0,0.0,352.5835768702831,False
1782910227.229217,48.79594159126282,7.427927216742732,1.271834411971038,0.027786803536567317,0.0,0.0,352.68203938781994,False
1782910227.3488133,48.91553783416748,7.451409543891359,1.2687756380592516,0.02778649905176285,0.0,0.0,352.7718193106705,False
1782910227.471922,49.03864645957947,7.474890557558542,1.2657487927895552,0.0277862801397775,0.0,0.0,352.87068513382707,False
1782910227.5821612,49.14888572692871,7.496791160926041,1.262957521614825,0.027786493426385048,0.0,0.0,352.9728405715563,False
1782910227.7016203,49.26834487915039,7.521817099609755,1.2598098846018133,0.027786835925550663,0.0,0.0,353.1001585791191,False
1782910227.8103566,49.37708115577698,7.5406499527796385,1.25747357380816,0.02778665990803523,0.0,0.0,353.1915704069436,False
1782910227.976365,49.543089628219604,7.565819563163445,1.2543959633280433,0.0277860090249283,0.0,0.0,353.3033055464096,False
1782910228.1841447,49.750869274139404,7.608347271743396,1.2493092755140776,0.027786059676838434,0.0,0.0,353.4706163948203,False
1782910228.297636,49.86436057090759,7.628836385561491,1.2469067045373587,0.02778654316905379,0.0,0.0,353.543387335623,False
1782910228.397787,49.96451163291931,7.64460129037901,1.245078086342499,0.02778665618829921,0.0,0.0,353.59644761997896,False
1782910228.5251474,50.09187197685242,7.668252302710739,1.242365639313031,0.027786264273921377,0.0,0.0,353.67179717251054,False
1782910228.675376,50.24210047721863,7.696636707198251,1.2391563888694717,0.027785844883751267,0.0,0.0,353.756269952134,False
1782910228.8098135,50.376538038253784,7.718717188153313,1.2366924309695753,0.027786130141821103,0.0,0.0,353.81801670495383,False
1782910228.9524736,50.519198179244995,7.747112723348478,1.2335629280310814,0.027786558176431452,0.0,0.0,353.89292149483396,False
1782910229.0786295,50.64535403251648,7.769201320868639,1.2311571884405106,0.02778635111079097,0.0,0.0,353.9480533566515,False
1782910229.1718829,50.73860740661621,7.791291192799186,1.2287749647449098,0.02778598926600014,0.0,0.0,354.0007192702067,False
1782910229.31046,50.87718462944031,7.816539272648284,1.226079639076388,0.027786048630761735,0.0,0.0,354.0581600076121,False
1782910229.4057195,50.9724440574646,7.835478137060351,1.2240762043563214,0.027786342663518405,0.0,0.0,354.0994745224133,False
1782910229.5413857,51.108110189437866,7.857572578020656,1.2217579544022208,0.027786479473659163,0.0,0.0,354.14642410360796,False
1782910229.6607442,51.227468729019165,7.88280555946558,1.2191344972097766,0.02778625293559243,0.0,0.0,354.20213748841223,False
1782910229.809407,51.376131534576416,7.909631397974806,1.2163731775874318,0.027786088728186904,0.0,0.0,354.2594529128598,False
1782910229.973525,51.54024958610535,7.9412053564581555,1.2131588332197347,0.02778629883350385,0.0,0.0,354.32349790020794,False
1782910230.076047,51.64277148246765,7.960153168961965,1.2112478356354799,0.027786323438595283,0.0,0.0,354.3603189507193,False
1782910230.1727734,51.739497900009155,7.977523092385751,1.2095074346179338,0.027786225859007786,0.0,0.0,354.3930907867414,False
1782910230.2604659,51.82719039916992,7.9948880909855475,1.207778186026,0.027786151654271497,0.0,0.0,354.42585214385304,False
1782910230.3677282,51.9344527721405,8.01381806318116,1.2059050321485825,0.02778623430076488,0.0,0.0,354.46380972618454,False
1782910230.4495926,52.01631712913513,8.029588478515848,1.2043540923385938,0.02778638422724679,0.0,0.0,354.49716818018044,False
1782910230.5631664,52.12989091873169,8.050088221189283,1.2023513430487789,0.027786496637548865,0.0,0.0,354.5427308701519,False
1782910230.6993473,52.266071796417236,8.075318114089994,1.1999078320619188,0.027786349082667118,0.0,0.0,354.60196200475576,False
1782910230.8466704,52.413394927978516,8.102140553008372,1.1973371333479945,0.02778613015920609,0.0,0.0,354.66584754722726,False
1782910231.0229475,52.58967208862305,8.13056830382939,1.194643942892434,0.02778619131457635,0.0,0.0,354.72998353844105,False
1782910231.15527,52.72199463844299,8.157427245166884,1.1921289133774746,0.027786301633422463,0.0,0.0,354.7875090797819,False
1782910231.2786665,52.845391035079956,8.181130142283717,1.1899327204225916,0.02778624235392913,0.0,0.0,354.8360351008663,False
1782910231.4207327,52.987457275390625,8.207996298148766,1.1874690287785143,0.027786172333529965,0.0,0.0,354.88872038770114,False
1782910231.5592458,53.12597036361694,8.236422900176635,1.1848908266652518,0.027786298899708187,0.0,0.0,354.94613696567296,False
1782910231.6731055,53.239830017089844,8.253790610333803,1.1833299734439142,0.027786380616749592,0.0,0.0,354.9828142113868,False
1782910231.8387213,53.40544581413269,8.283812793652165,1.1806577387369328,0.02778628129016117,0.0,0.0,355.0437125307364,False
1782910231.9393528,53.5060772895813,8.30752333973434,1.178570232960529,0.027786116632237172,0.0,0.0,355.08966229018426,False
1782910232.042996,53.60972046852112,8.32965135657431,1.1766399026065288,0.027786118309216155,0.0,0.0,355.13167371082244,False
1782910232.1497855,53.71651005744934,8.350182508430143,1.1748640278252782,0.027786312910371657,0.0,0.0,355.17311611803376,False
1782910232.2778008,53.84452533721924,8.370706978032548,1.1731034743746616,0.02778650003095124,0.0,0.0,355.2171719958029,False
1782910232.3633852,53.93010973930359,8.38965104639044,1.171491927218259,0.02778649476595498,0.0,0.0,355.2599953605059,False
1782910232.4705646,54.03728914260864,8.40859206583449,1.1698939792733376,0.027786332024822422,0.0,0.0,355.30510453411057,False
1782910232.5713863,54.138110876083374,8.427517139388813,1.168311248140108,0.02778622110430573,0.0,0.0,355.3548851432262,False
1782910232.6617959,54.22852039337158,8.443281563758319,1.167004070104371,0.0277862768265505,0.0,0.0,355.39998459771226,False
1782910232.7530742,54.319798707962036,8.463802284090908,1.1653188937129582,0.02778642730538894,0.0,0.0,355.4582981048166,False
1782910232.8489828,54.41570734977722,8.482768732219704,1.1637785049412692,0.027786430811115044,0.0,0.0,355.50967158173063,True
1782910232.9278884,54.4946129322052,8.495419086762624,1.1627603450289092,0.027786307306451586,0.0,0.0,355.5427139549749,False
1782910233.001056,54.56778049468994,8.509653459482756,1.161623521141662,0.02778610692721863,0.0,0.0,355.5788099709039,False
1782910233.1076157,54.67434024810791,8.530217012075616,1.1599975286520474,0.02778595242299643,0.0,0.0,355.62906889444594,False
1782910233.2145112,54.781235694885254,8.55078365498175,1.158390200034143,0.027786144511244098,0.0,0.0,355.6772694869324,False
1782910233.286763,54.853487491607666,8.561859456896572,1.1575322606201515,0.02778632553641672,0.0,0.0,355.70242881971336,False
1782910233.378329,54.945053577423096,8.580848527128508,1.1560735135002416,0.027786512166556702,0.0,0.0,355.74434662460186,False
1782910233.4815617,55.0482861995697,8.599838846955148,1.1546296128541724,0.027786374977602418,0.0,0.0,355.7848238566141,False
1782910233.5657654,55.132489919662476,8.612493248359069,1.1536755014118318,0.027786182643970578,0.0,0.0,355.81193034537137,False
1782910233.6478915,55.21461606025696,8.628301386814048,1.1524924803533436,0.027786029784526215,0.0,0.0,355.8471203262821,False
1782910233.7396739,55.30639839172363,8.647273239389214,1.1510857180202976,0.027786126971811775,0.0,0.0,355.8898246887491,False
1782910233.839569,55.406293630599976,8.664675681758105,1.1498078283722255,0.027786375441869425,0.0,0.0,355.92767566324653,False
1782910233.9390843,55.50580883026123,8.68050144076083,1.1486559957059264,0.027786501477610387,0.0,0.0,355.96106062666956,False
1782910234.0614388,55.62816333770752,8.702661010231346,1.1470593171718264,0.027786297360749897,0.0,0.0,356.0062649417849,False
1782910234.1788194,55.74554395675659,8.727987424473065,1.1452569090785476,0.02778594321299269,0.0,0.0,356.05589067228317,False
1782910234.2772527,55.843977212905884,8.742234310030701,1.1442532379455386,0.027785976241383778,0.0,0.0,356.08291412733575,False
1782910234.3836708,55.950395345687866,8.762815251050203,1.142816005076223,0.027786299529853644,0.0,0.0,356.1208864415008,False
1782910234.5519507,56.118675231933594,8.791315503964729,1.1408496985234744,0.027786499609276902,0.0,0.0,356.17152362284594,False
1782910234.66938,56.2361044883728,8.815066172954934,1.1392315405394513,0.027786149839727232,0.0,0.0,356.21212259752787,False
1782910234.8135657,56.380290269851685,8.838816645368102,1.1376312837794968,0.027785944380618596,0.0,0.0,356.25137281197783,False
1782910234.975594,56.54231858253479,8.87365430800022,1.1353151238026573,0.027786400382042827,0.0,0.0,356.3066789273624,False
1782910235.089284,56.65600848197937,8.894242401120914,1.1339631134051984,0.02778647727475129,0.0,0.0,356.3381825809468,False
1782910235.1987338,56.76545834541321,8.913246862352391,1.1327257721899013,0.027786239615577177,0.0,0.0,356.36653587811657,False
1782910235.334431,56.90115547180176,8.940169495850045,1.1309898959708058,0.027785974014450824,0.0,0.0,356.4055744714236,False
1782910235.4199996,56.98672413825989,8.956007026094836,1.1299778152558042,0.02778609026131054,0.0,0.0,356.4279506787838,False
1782910235.5321672,57.098891735076904,8.973429537066018,1.1288720205106404,0.02778633843130458,0.0,0.0,356.45208529327516,False
1782910235.678651,57.245375633239746,8.997189012129784,1.1273765150674475,0.027786446681393778,0.0,0.0,356.4842218553608,False
1782910235.796683,57.363407611846924,9.028868276418358,1.1254042490195069,0.02778607796176097,0.0,0.0,356.5257566576387,False
1782910235.900124,57.466848611831665,9.04945982746373,1.1241351879244121,0.027786025666587576,0.0,0.0,356.55199388514416,False
1782910236.0189505,57.58567500114441,9.06688440071112,1.1230690532497,0.02778620632388183,0.0,0.0,356.5737495831442,False
1782910236.1966395,57.76336407661438,9.096983709788454,1.1212437337370573,0.027786430501774463,0.0,0.0,356.61041101039854,False
1782910236.3038116,57.87053608894348,9.12233090083453,1.1197222109572327,0.027786196310506314,0.0,0.0,356.6404272192537,False
1782910236.4254491,57.99217367172241,9.14450941243222,1.1184022675882657,0.027786031884527825,0.0,0.0,356.6660824315209,False
1782910236.5657692,58.13249373435974,9.169857409151772,1.116906373197141,0.02778621146566441,0.0,0.0,356.69473900773005,False
1782910236.7187917,58.28551626205444,9.201544962002542,1.115054909139687,0.027786402570235298,0.0,0.0,356.7296122890498,False
1782910236.834971,58.40169548988342,9.218973361570882,1.114045164683597,0.02778626572253085,0.0,0.0,356.748364097321,False
1782910236.9581115,58.52483606338501,9.244306194021805,1.1125880758559394,0.027786099903403753,0.0,0.0,356.778031501074,False
1782910237.1204314,58.687155961990356,9.275947921732078,1.1107863710460226,0.027786402515915,0.0,0.0,356.822693387311,False
1782910237.2632174,58.82994198799133,9.298093814129603,1.1095385894869507,0.027786566518812533,0.0,0.0,356.8586614116288,False
1782910237.3758817,58.94260621070862,9.323402152401338,1.1081275209936357,0.02778633591018403,0.0,0.0,356.90418213754725,False
1782910237.519624,59.08634853363037,9.345545823149184,1.1069072649861404,0.027786099949787892,0.0,0.0,356.9476128632987,False
1782910237.6288362,59.195560693740845,9.36927172453929,1.1056161723356588,0.027786226859446914,0.0,0.0,356.99759193075215,False
1782910237.7782772,59.34500169754028,9.391417841545856,1.1044276322936672,0.027786503886885864,0.0,0.0,357.04720484700624,False
1782910237.8773842,59.444108724594116,9.415147292666733,1.1031732686662383,0.02778649245828193,0.0,0.0,357.1032704099558,False
1782910238.0913022,59.658026695251465,9.454696699286938,1.1011302372455227,0.027786120357893587,0.0,0.0,357.20267791828144,False
1782910238.2048733,59.77159786224365,9.472102916639987,1.1002511744885932,0.027786215508077076,0.0,0.0,357.2480131412294,False
1782910238.3157518,59.88247632980347,9.49586187988391,1.0990721133332522,0.027786402203717243,0.0,0.0,357.3074560724091,False
1782910238.5015304,60.06825494766235,9.533898614424892,1.0972348037575932,0.027786141500459355,0.0,0.0,357.39672800938337,False
1782910238.6793714,60.24609589576721,9.567186950202805,1.0956764525068938,0.027786098379415394,0.0,0.0,357.4696494242581,False
1782910238.7715323,60.3382568359375,9.586211215034382,1.0948058883845522,0.02778631634963161,0.0,0.0,357.50937842335145,False
1782910238.861428,60.428152561187744,9.605233327387834,1.0939494828994052,0.027786436598025977,0.0,0.0,357.54729996759585,False
1782910238.9635205,60.53024506568909,9.624239833418526,1.0931072950120302,0.027786360897167992,0.0,0.0,357.58094672326763,False
1782910239.090848,60.657572507858276,9.646396217246433,1.0921415340592753,0.027786224140337677,0.0,0.0,357.61358047842083,False
1782910239.2440917,60.810816287994385,9.67485059472056,1.0909236236319637,0.027786426378600317,0.0,0.0,357.64078136195565,False
1782910239.3740127,60.94073724746704,9.696973644502757,1.089990884849183,0.027786643336085767,0.0,0.0,357.65067517730205,False
1782910239.529338,61.096062421798706,9.728573743057805,1.0886734857711697,0.027786419437463853,0.0,0.0,357.6480723196778,False
1782910239.713516,61.280240535736084,9.761749988547797,1.0872995257542775,0.027786212661751488,0.0,0.0,357.62442791804176,False
1782910239.8061717,61.37289619445801,9.78230284431896,1.0864479917551222,0.02778641789408436,0.0,0.0,357.6018714161576,False
1782910239.921131,61.487855434417725,9.799705320974885,1.0857244557582153,0.02778655015791394,0.0,0.0,357.579924998428,False
1782910240.0147917,61.58151626586914,9.817122286856526,1.084996637819321,0.027786438134504026,0.0,0.0,357.55706016745506,False
1782910240.1134171,61.68014168739319,9.839306474361356,1.0840627792763697,0.027786063175849106,0.0,0.0,357.5285860723683,False
1782910240.2360854,61.802809953689575,9.861487678788217,1.0831202674268314,0.027785956847275067,0.0,0.0,357.502387849575,False
1782910240.3590612,61.925785779953,9.880487726026402,1.082305588965323,0.027786263107202978,0.0,0.0,357.4840963362212,False
1782910240.6203597,62.18708419799805,9.901056567944654,1.0814163103720054,0.02778667000867979,0.0,0.0,357.47014283827247,False
1782910240.709995,62.27671957015991,9.954788108387106,1.0790662102922237,0.0277862017542302,0.0,0.0,357.47305084702447,False
1782910240.7901514,62.35687589645386,9.967425912331333,1.078510500184928,0.02778613897639731,0.0,0.0,357.48192701706523,False
1782910240.9004562,62.46718072891235,9.987961941598385,1.0776077858293365,0.027786351769431002,0.0,0.0,357.50283470837394,False
1782910241.0822644,62.64898896217346,10.014817780748341,1.076431678079843,0.027786684087556267,0.0,0.0,357.5418586122068,False
1782910241.218934,62.78565859794617,10.041673659893382,1.0752660815986197,0.027786469304247496,0.0,0.0,357.59333422581443,False
1782910241.3290126,62.895737171173096,10.066948914118269,1.074183962223246,0.02778619618688503,0.0,0.0,357.65223415090276,False
1782910241.4861367,63.05286121368408,10.095384836449986,1.0729897308636447,0.02778641886840304,0.0,0.0,357.72939697906884,False
1782910241.6687891,63.23551368713379,10.130143267951397,1.071572160532949,0.027786609507299928,0.0,0.0,357.8373842181361,False
1782910241.7866592,63.35338377952576,10.15226635208543,1.0706985247731482,0.027786366790561193,0.0,0.0,357.91234364623443,False
1782910241.919191,63.485915422439575,10.177574591589213,1.0697298743568262,0.027786170248074202,0.0,0.0,357.99877248001536,False
1782910242.071569,63.638293504714966,10.206062442648,1.0686813370551513,0.027786328077907537,0.0,0.0,358.09595765631406,False
1782910242.1733613,63.74008584022522,10.226641422569697,1.0679524531824869,0.02778642915453797,0.0,0.0,358.1661205737912,False
1782910242.3446674,63.91139197349548,10.256744424178494,1.0669303131311116,0.027786268562978993,0.0,0.0,358.26463366813715,False
1782910242.446972,64.01369643211365,10.277357384712374,1.0662604230563804,0.027786128061886118,0.0,0.0,358.3275703636665,False
1782910242.603323,64.17004752159119,10.305905987696992,1.0653716548647292,0.027786156292711237,0.0,0.0,358.4094989737937,False
1782910242.6953144,64.26203894615173,10.318595711799505,1.0649906592691745,0.027786224242953815,0.0,0.0,358.44415662981595,False
1782910242.8129804,64.37970495223999,10.345549707908091,1.064208848388887,0.02778634469105958,0.0,0.0,358.51240183489006,True
1782910242.9797864,64.54651093482971,10.375648759035286,1.0633772181161771,0.02778636595774348,0.0,0.0,358.57644407535565,False
1782910243.147794,64.7145185470581,10.407323953005102,1.062544060342793,0.027786329819858107,0.0,0.0,358.6311588931147,False
1782910243.2689176,64.8356420993805,10.431067225201792,1.0619440223392753,0.027786334390106218,0.0,0.0,358.66246318720204,False
1782910243.3716362,64.93836069107056,10.446883566909127,1.0615542955626538,0.027786379215236898,0.0,0.0,358.67689257631093,False
1782910243.5075157,65.07424020767212,10.461114412518695,1.0612094441837097,0.02778643917754579,0.0,0.0,358.6855707560521,False
1782910243.6388652,65.20558977127075,10.481667392742143,1.0607193193748494,0.02778651676510967,0.0,0.0,358.6910236557728,False
1782910243.746533,65.3132574558258,10.511704303180675,1.060014752339314,0.027786467057776376,0.0,0.0,358.68407302446235,False
1782910243.8398082,65.40653276443481,10.530673943079362,1.0595734934790635,0.027786358590635316,0.0,0.0,358.6706440351349,False
1782910243.9439695,65.51069402694702,10.551230873792731,1.0590954814803772,0.027786300437336018,0.0,0.0,358.64948955686947,False
1782910244.047873,65.61459755897522,10.57022226059298,1.0586517659070696,0.02778633032247313,0.0,0.0,358.6265352601868,False
1782910244.1591184,65.72584295272827,10.59080434288388,1.0581664529624109,0.027786380529522203,0.0,0.0,358.5982454889301,False
1782910244.2612705,65.82799506187439,10.606639044430148,1.0577887425481483,0.02778636271466801,0.0,0.0,358.5741630874208,False
1782910244.349395,65.91611957550049,10.622481609383822,1.0574062035142093,0.027786284461821516,0.0,0.0,358.54924402963263,False
1782910244.449089,66.01581358909607,10.63992095665293,1.0569790139974202,0.027786185584738166,0.0,0.0,358.52242814712133,False
1782910244.5539823,66.12070679664612,10.660539084006558,1.0564650414566854,0.027786155461975413,0.0,0.0,358.4915024709751,False
1782910244.6746254,66.24134993553162,10.670056590374001,1.056224389893801,0.027786176553549483,0.0,0.0,358.477497560522,False
1782910244.757761,66.32448554039001,10.684333715693143,1.0558592741188682,0.0277862250318823,0.0,0.0,358.4567965133789,False
1782910244.846959,66.41368365287781,10.701775579227798,1.0554064668969765,0.027786288449655687,0.0,0.0,358.43331551448944,False
1782910244.9386115,66.50533604621887,10.72554179084731,1.0547777446313902,0.02778635229153566,0.0,0.0,358.40672441137286,False
1782910245.0468051,66.61352968215942,10.747715929077783,1.0541797911563806,0.0277863800146697,0.0,0.0,358.3873343458564,False
1782910245.148231,66.7149555683136,10.76671428378596,1.0536597620292616,0.027786387206256057,0.0,0.0,358.3756289188775,False
1782910245.2388687,66.805593252182,10.777788288240437,1.0533537948223932,0.027786392691370843,0.0,0.0,358.37201618356426,False
1782910245.337886,66.9046106338501,10.793602041518133,1.052913879915395,0.02778639924851165,0.0,0.0,358.37103638764756,False
1782910245.4622684,67.02899289131165,10.804668538190706,1.0526043759127957,0.027786409933443428,0.0,0.0,358.3733433879382,False
1782910245.58302,67.14974451065063,10.818886357615776,1.0522054018057463,0.027786457680982608,0.0,0.0,358.3812659880644,False
1782910245.7038627,67.27058720588684,10.831517107640378,1.0518503809211477,0.027786524621042214,0.0,0.0,358.39322854230886,False
1782910245.7955112,67.36223578453064,10.842569408367648,1.0515398705996608,0.02778657523703764,0.0,0.0,358.40691155073335,False
1782910245.9230855,67.4898099899292,10.866266359762138,1.0508769862074758,0.027786554716010024,0.0,0.0,358.4436419602167,False
1782910246.006446,67.57317042350769,10.88839079045573,1.0502650211637914,0.02778638344914988,0.0,0.0,358.4865886690318,False
1782910246.132839,67.69956350326538,10.907356172079645,1.0497485681921221,0.02778626340289591,0.0,0.0,358.52960989369217,False
1782910246.247183,67.81390762329102,10.934225229920425,1.0490341076285685,0.027786372179313137,0.0,0.0,358.5995488644572,False
1782910246.3610756,67.92780017852783,10.953193118424197,1.0485446605534126,0.02778654845513828,0.0,0.0,358.6546885920223,False
1782910246.4548051,68.02152967453003,10.969000482299466,1.0481477410424411,0.02778660133148977,0.0,0.0,358.70393774278455,False
1782910246.5504682,68.11719274520874,10.991131096996693,1.047610787317242,0.02778645878973613,0.0,0.0,358.77744414058975,False
1782910246.6557715,68.22249603271484,11.00693853784874,1.0472418686607636,0.027786314478970526,0.0,0.0,358.83289150582203,False
1782910246.7472062,68.31393074989319,11.02592204246841,1.0468162676955182,0.02778623881505329,0.0,0.0,358.90016592658856,False
1782910246.8266637,68.39338827133179,11.046522160896517,1.046377074667716,0.027786259504690086,0.0,0.0,358.96908369941406,False
1782910246.9325051,68.49922966957092,11.062380186037986,1.0460552821633609,0.027786272073301838,0.0,0.0,359.01947365212806,False
1782910247.018436,68.58516049385071,11.078239182294931,1.0457475650315122,0.02778623369388687,0.0,0.0,359.06728080322443,False
1782910247.1149979,68.68172240257263,11.09091907397636,1.0455114877007001,0.027786202753588736,0.0,0.0,359.10256651700143,False
1782910247.2147515,68.78147602081299,11.11626866161706,1.0450649951041988,0.02778627407143217,0.0,0.0,359.16559011982923,False
1782910247.314911,68.88163542747498,11.136860299410316,1.0447257445913862,0.027786451534316553,0.0,0.0,359.2097279104681,False
1782910247.4436312,69.01035571098328,11.159016014693044,1.04438196580929,0.027786552810583474,0.0,0.0,359.2474035676204,False
1782910247.5469728,69.11369729042053,11.177991383839474,1.0441029807597582,0.02778646711926328,0.0,0.0,359.2706072117608,False
1782910247.6576936,69.22441816329956,11.190629540937492,1.0439239710496024,0.027786399745509442,0.0,0.0,359.2801727914062,False
1782910247.7626064,69.3293309211731,11.21115559956066,1.0436426616739796,0.027786421644597402,0.0,0.0,359.28559671926513,False
1782910247.8617508,69.42847537994385,11.237989766654865,1.043287202032433,0.02778666199047808,0.0,0.0,359.27396820371496,False
1782910247.9855335,69.55225801467896,11.264821345396358,1.042937700946481,0.02778665241084851,0.0,0.0,359.241547178349,False
1782910248.090793,69.6575174331665,11.280603344234885,1.04273123876785,0.02778647809513473,0.0,0.0,359.21317454497034,False
1782910248.1799107,69.74663519859314,11.29796310004376,1.0425006356963382,0.027786328697442072,0.0,0.0,359.17452898935863,False
1782910248.259185,69.82590961456299,11.313755154852677,1.0422856721297566,0.02778633516941561,0.0,0.0,359.134695491111,False
1782910248.3373852,69.9041097164154,11.327976013872945,1.0420864372703764,0.027786442321664537,0.0,0.0,359.0958868258083,False
1782910248.4490435,70.01576805114746,11.34220105236,1.041880666829165,0.02778655141169207,0.0,0.0,359.05445965701733,False
1782910248.5292902,70.09601473808289,11.35959573393545,1.0416188421721289,0.02778654277013662,0.0,0.0,359.00139474142037,False
1782910248.6276155,70.19433999061584,11.375421713114838,1.041369707317383,0.02778637368337765,0.0,0.0,358.9526029135852,False
1782910248.7497768,70.31650137901306,11.386504679449072,1.0411885649583614,0.027786230269927138,0.0,0.0,358.91834156323756,False
1782910248.8543384,70.42106294631958,11.40869290489468,1.040808459392039,0.02778606830700162,0.0,0.0,358.85240521658284,False
1782910248.9481645,70.51488900184631,11.430897085977412,1.0404041580390333,0.027786178747366348,0.0,0.0,358.78997396255966,False
1782910249.0267756,70.5935001373291,11.448344301394389,1.0400696326959722,0.02778631931629853,0.0,0.0,358.7436561464484,False
1782910249.1334915,70.70021605491638,11.464190888542761,1.0397531887387892,0.027786395581014235,0.0,0.0,358.7058754392435,False
1782910249.2483597,70.81508421897888,11.486341377160072,1.0392917063164526,0.027786440572743935,0.0,0.0,358.66358946119044,False
1782910249.3464434,70.91316795349121,11.505298372220675,1.0388806540506523,0.027786525164434916,0.0,0.0,358.6393952382557,False
1782910249.432286,70.99901056289673,11.521082854018172,1.0385287027375285,0.027786633414942176,0.0,0.0,358.6280912382933,False
1782910249.539091,71.10581564903259,11.540003963037076,1.0380975776245438,0.02778673349357406,0.0,0.0,358.62733238941706,False
1782910249.6338155,71.20054006576538,11.56048885797027,1.0376230649501241,0.027786686137252586,0.0,0.0,358.6423461024836,False
1782910249.7430456,71.30977010726929,11.576239252894336,1.0372556072277013,0.02778658351930038,0.0,0.0,358.66523085732484,False
1782910249.8264666,71.39319109916687,11.59040967188868,1.0369251827254624,0.027786532798440466,0.0,0.0,358.69447557508175,False
1782910249.9331505,71.49987506866455,11.61405353715347,1.0363791191197618,0.02778655290351004,0.0,0.0,358.75465107203297,False
1782910250.03958,71.60630464553833,11.631403449937116,1.0359862942185463,0.027786595160830117,0.0,0.0,358.8069914054615,False
1782910250.120725,71.68744945526123,11.648757208862456,1.0356030545448789,0.027786563729045588,0.0,0.0,358.8656302831722,False
1782910250.2135682,71.78029274940491,11.661379134391284,1.0353317860641713,0.027786496885552427,0.0,0.0,358.91189289849586,False
1782910250.3021767,71.86890125274658,11.677158232386818,1.0350029946410362,0.02778642460147911,0.0,0.0,358.9734706791505,False
1782910250.384173,71.95089745521545,11.697688687792011,1.0345947536337896,0.027786414928226234,0.0,0.0,359.05651221518593,False
1782910250.4731078,72.03983235359192,11.715071201155357,1.0342682269321388,0.027786468921017576,0.0,0.0,359.1285773173375,False
1782910250.5586467,72.12537121772766,11.730877497713765,1.0339876732448747,0.027786490230048935,0.0,0.0,359.1953523401176,False
1782910250.661626,72.22835063934326,11.751436777896275,1.033647388765156,0.027786403424839654,0.0,0.0,359.2824362919222,False
1782910250.7475078,72.31423234939575,11.767264577971623,1.03340508037851,0.0277862886882661,0.0,0.0,359.34800613805356,False
1782910250.8274145,72.39413905143738,11.78151810425443,1.0332017708663839,0.027786218714613002,0.0,0.0,359.4055397804848,False
1782910250.9135845,72.480309009552,11.800537977728043,1.0329525152984134,0.027786204846720605,0.0,0.0,359.4776872842075,False
1782910250.9927752,72.55949974060059,11.814799617781935,1.0327818593295899,0.027786260653763356,0.0,0.0,359.52705717168345,True
1782910251.069444,72.63616847991943,11.827474475459466,1.0326415191692602,0.02778632148083791,0.0,0.0,359.5676453612614,False
1782910251.1450346,72.71175909042358,11.84330790746932,1.0324805384557272,0.027786395262925173,0.0,0.0,359.61302967962064,False
1782910251.2175846,72.78430914878845,11.857548517809468,1.0323485999895394,0.027786451030722432,0.0,0.0,359.648356082696,False
1782910251.3240316,72.8907561302185,11.870201819359588,1.0322408683535331,0.02778648827549812,0.0,0.0,359.67548297575314,False
1782910251.4027002,72.96942472457886,11.889163976986078,1.0320945884185069,0.02778654576718692,0.0,0.0,359.7067829870988,False
1782910251.4821591,73.04888367652893,11.904955860618085,1.0319849667881935,0.027786574056017668,0.0,0.0,359.724307987732,False
1782910251.6173706,73.18409514427185,11.922321412228337,1.031875053965843,0.027786566699714056,0.0,0.0,359.7348263370009,False
1782910251.7309325,73.29765701293945,11.950706745119286,1.0317130028622115,0.027786567256960493,0.0,0.0,359.72787896772513,False
1782910251.807979,73.37470364570618,11.964892151097406,1.0316370129107888,0.027786599058521547,0.0,0.0,359.7128760777906,False
1782910251.8806653,73.44738984107971,11.975930519290369,1.0315787667185088,0.027786620707121835,0.0,0.0,359.6970798317886,False
1782910251.9657903,73.53251481056213,11.99328354807834,1.0314867934997567,0.027786623028713278,0.0,0.0,359.66553216727846,False
1782910252.0539417,73.62066626548767,12.009062906004353,1.0314006502653112,0.02778656744672887,0.0,0.0,359.63003772295855,False
1782910252.1362417,73.70296621322632,12.02484367588713,1.031310006958239,0.027786472789609926,0.0,0.0,359.5884396877208,False
1782910252.2264729,73.79319739341736,12.039049333127883,1.0312229619440734,0.027786401754170267,0.0,0.0,359.5464869049169,False
1782910252.3177881,73.88451266288757,12.05800553758407,1.031096429361634,0.027786378775169665,0.0,0.0,359.4866601115327,False
1782910252.3996024,73.96632695198059,12.075390856787205,1.0309679072553766,0.027786437308785158,0.0,0.0,359.42843255920184,False
1782910252.500057,74.0667815208435,12.091200292184228,1.0308391855881245,0.027786486793272037,0.0,0.0,359.3730978935119,False
1782910252.5758698,74.14259433746338,12.107022716075438,1.0306979226202577,0.027786448462401747,0.0,0.0,359.3174421775211,False
1782910252.6709278,74.23765230178833,12.119694122815519,1.0305752648724158,0.027786343399017966,0.0,0.0,359.27407247610233,False
1782910252.7463973,74.3131217956543,12.130789916800907,1.0304606818532853,0.027786225985910174,0.0,0.0,359.237396087674,False
1782910252.8330693,74.39979386329651,12.146648579433775,1.030285137688233,0.027786092106148762,0.0,0.0,359.18691255640755,False
1782910252.9340699,74.50079441070557,12.157752621744137,1.0301539659901882,0.027786059713742574,0.0,0.0,359.15282246374113,False
1782910253.0476015,74.61432600021362,12.170442868786445,1.029995789246302,0.027786099640517554,0.0,0.0,359.1152803853297,False
1782910253.155314,74.72203850746155,12.18629329709963,1.0297860578237772,0.027786257884132796,0.0,0.0,359.0723130265425,False
1782910253.247943,74.81466746330261,12.20054251715601,1.029586363912941,0.027786445663020957,0.0,0.0,359.0388117255747,False
1782910253.3441978,74.91092228889465,12.208453444309974,1.0294711460484682,0.027786537954906692,0.0,0.0,359.02244074779196,False
1782910253.4369972,75.00372171401978,12.217939272379134,1.0293291139326206,0.0277866259680111,0.0,0.0,359.0054591626517,False
1782910253.520132,75.08685660362244,12.227419473768514,1.0291831798894149,0.027786676240106667,0.0,0.0,358.99133561203143,False
1782910253.640329,75.20705342292786,12.246366253149018,1.028880777769486,0.027786662074675967,0.0,0.0,358.9719102332605,False
1782910253.7285073,75.29523181915283,12.263713475090535,1.0285933286052813,0.02778659307737525,0.0,0.0,358.9663042802829,False
1782910253.813882,75.38060665130615,12.284205859544372,1.0282442761914088,0.027786539956556045,0.0,0.0,358.9742580338916,False
1782910253.8841572,75.45088171958923,12.299977395832228,1.027971364886911,0.02778653374543777,0.0,0.0,358.98900103614994,False
1782910253.9990964,75.5658209323883,12.320486797519289,1.0276146924518172,0.027786544664077005,0.0,0.0,359.01870238729816,False
1782910254.0937557,75.660480260849,12.334687548573438,1.0273687259014195,0.02778653248401109,0.0,0.0,359.045965783912,False
1782910254.1605034,75.72722792625427,12.350466890733163,1.0270983987110938,0.02778649964181005,0.0,0.0,359.082354533277,False
1782910254.2461443,75.81286883354187,12.369402649215791,1.0267807723349605,0.027786480074176487,0.0,0.0,359.13396603390277,False
1782910254.316716,75.88344049453735,12.38518760200363,1.0265238225036297,0.027786498564187637,0.0,0.0,359.1824302667127,False
1782910254.4183905,75.98511505126953,12.400984801330798,1.0262756151696049,0.02778650986941265,0.0,0.0,359.23376971192187,False
1782910254.5105906,76.07731509208679,12.41679045310743,1.0260376686976254,0.027786478782485864,0.0,0.0,359.28743380912545,False
1782910254.6232502,76.18997478485107,12.437359316719393,1.0257455481631197,0.027786333703228805,0.0,0.0,359.35765669993395,False
1782910254.713935,76.28065943717957,12.456357643520906,1.025494826751473,0.027786201005053898,0.0,0.0,359.4224530853426,False
1782910254.7929251,76.35964965820312,12.473777338599145,1.0252819404009048,0.027786191725868332,0.0,0.0,359.4818070433229,False
1782910254.8642917,76.43101620674133,12.488039944817215,1.0251201477646437,0.027786255059536292,0.0,0.0,359.5290861558802,False
1782910254.941203,76.5079276561737,12.5023059714024,1.0249697030964677,0.027786339819296964,0.0,0.0,359.5736664170505,False
1782910255.048242,76.61496663093567,12.518152321030502,1.0248158124469047,0.027786401399849323,0.0,0.0,359.61903632531573,False
1782910255.1234002,76.69012475013733,12.533995861594345,1.024675475094661,0.027786382665108147,0.0,0.0,359.6603410502536,False
1782910255.1916196,76.7583441734314,12.548252611143997,1.0245602634508348,0.027786323197525963,0.0,0.0,359.6941242868958,False
1782910255.2625136,76.82923817634583,12.564081465027584,1.0244439350248502,0.0277863004561368,0.0,0.0,359.72640427599634,False
1782910255.34416,76.91088461875916,12.576733482880886,1.0243591203616214,0.027786354881335913,0.0,0.0,359.7474623691858,False
1782910255.4216769,76.98840141296387,12.589374723670774,1.024280989140175,0.02778647184834039,0.0,0.0,359.7635118392352,False
1782910255.49321,77.05993461608887,12.605168014110651,1.0241915900829512,0.027786632984440757,0.0,0.0,359.7767360423772,False
1782910255.5572023,77.12392687797546,12.617799120000443,1.024125686312025,0.02778670748607322,0.0,0.0,359.78195402582963,False
1782910255.632642,77.19936656951904,12.630423829509336,1.0240638459323237,0.02778670729122826,0.0,0.0,359.7817752455076,False
1782910255.7154589,77.28218340873718,12.64776888820032,1.0239837086493997,0.027786615720799043,0.0,0.0,359.7713346558364,False
1782910255.801273,77.36799764633179,12.661954629033723,1.0239206034215982,0.027786526585624197,0.0,0.0,359.7542852509086,False
1782910255.881188,77.4479124546051,12.676146812454212,1.0238579607084224,0.027786477914446286,0.0,0.0,359.7312550074888,False
1782910255.953819,77.52054357528687,12.69034462569558,1.0237942134558937,0.027786496718315363,0.0,0.0,359.70282368422016,False
1782910256.01836,77.58508443832397,12.70454566216012,1.0237278591774088,0.027786553221324093,0.0,0.0,359.66924301429526,False
1782910256.1041865,77.67091107368469,12.718750143766446,1.0236574391403497,0.027786584175122038,0.0,0.0,359.6310388154812,False
1782910256.1823022,77.74902677536011,12.731385385951892,1.0235902775849224,0.027786543179476368,0.0,0.0,359.59463624202215,False
1782910256.2457254,77.81244993209839,12.745606773280533,1.0235084867489175,0.0277864387337442,0.0,0.0,359.5513441576402,False
1782910256.3300054,77.89672994613647,12.761412728850715,1.0234086354959044,0.027786326261824167,0.0,0.0,359.5005428901716,False
1782910256.419222,77.98594665527344,12.777223692846404,1.023298086310185,0.027786292287468994,0.0,0.0,359.44749115554873,False
1782910256.486495,78.05321955680847,12.78988231904657,1.0232011379718782,0.027786318289958544,0.0,0.0,359.4048172453463,False
1782910256.566305,78.13302946090698,12.804130149192211,1.0230824656337554,0.02778637257278906,0.0,0.0,359.3567764812163,False
1782910256.6669922,78.2337167263031,12.819972937486114,1.0229380873538185,0.02778638390610967,0.0,0.0,359.3044406702763,False
1782910256.740489,78.30721354484558,12.834242890547126,1.0227965422155645,0.027786308704696835,0.0,0.0,359.2592543256053,False
1782910256.8194227,78.3861472606659,12.850104665373257,1.0226263204180457,0.027786173897796446,0.0,0.0,359.21100581075143,False
1782910256.8912053,78.45792984962463,12.864382829844704,1.022461545766423,0.027786084105059283,0.0,0.0,359.1692384011804,False
1782910256.979722,78.54644656181335,12.878654060498674,1.0222860868171793,0.02778610394688346,0.0,0.0,359.1301792620278,False
1782910257.0644333,78.63115787506104,12.889748670180083,1.0221424157393255,0.02778620064672972,0.0,0.0,359.1020171266496,False
1782910257.1450567,78.71178126335144,12.905586711336849,1.0219267125573084,0.027786411718903108,0.0,0.0,359.0660408169028,False
1782910257.2732027,78.83992719650269,12.929321039367268,1.021581681267044,0.02778663964042585,0.0,0.0,359.0229551974862,False
1782910257.3602176,78.92694211006165,12.938810988649642,1.0214370517153275,0.02778663571407868,0.0,0.0,359.0091899928052,False
1782910257.4358842,79.00260877609253,12.954620330571254,1.0211886017863765,0.027786526332503923,0.0,0.0,358.99115129388593,False
1782910257.512329,79.0790536403656,12.976731509012218,1.0208276038387178,0.0277863676967665,0.0,0.0,358.97842772497177,False
1782910257.6134686,79.18019318580627,12.998830937962918,1.020454841851027,0.027786428283640335,0.0,0.0,358.9801663622488,False
1782910257.697121,79.26384544372559,13.013035302530724,1.0202111010322945,0.027786567248920823,0.0,0.0,358.98888618607555,False
1782910257.8013844,79.36810898780823,13.03038520657222,1.0199112447339445,0.027786722585854393,0.0,0.0,359.0091434881701,False
1782910257.8876925,79.45441699028015,13.047736831244707,1.019611457082365,0.02778671135583202,0.0,0.0,359.0384532282176,True
1782910257.9578488,79.52457332611084,13.061936457349644,1.0193680528708307,0.027786580855025885,0.0,0.0,359.06837872835575,False
1782910258.0432045,79.60992908477783,13.07613721506943,1.0191278843321825,0.027786429873342577,0.0,0.0,359.10337573994764,False
1782910258.1248496,79.69157409667969,13.090338556827664,1.018892335731066,0.02778635191191148,0.0,0.0,359.1431536783302,False
1782910258.1954641,79.76218867301941,13.101386149634374,1.0187131525625197,0.02778636792533315,0.0,0.0,359.1769565644023,False
1782910258.2693312,79.83605575561523,13.117179973144788,1.0184644239820864,0.02778645890918867,0.0,0.0,359.2277534058779,False
1782910258.3590286,79.92575311660767,13.137723814406899,1.0181561724172663,0.027786551257480457,0.0,0.0,359.29766248866514,False
1782910258.4291236,79.99584817886353,13.15353690318873,1.0179322701642661,0.02778649370962842,0.0,0.0,359.35327029950065,False
1782910258.5236964,80.09042096138,13.170949463213033,1.0177004922217263,0.027786307793882872,0.0,0.0,359.41377192598753,False
1782910258.5941234,80.16084790229797,13.182042078731532,1.017561310817924,0.027786177597963778,0.0,0.0,359.4508558934486,False
1782910258.6787553,80.24547982215881,13.201070387332589,1.0173382594961746,0.0277860638301707,0.0,0.0,359.5118234918221,False
1782910258.7573118,80.32403635978699,13.215347253736965,1.0171839775485614,0.027786100596814068,0.0,0.0,359.55555804208,False
1782910258.829959,80.39668345451355,13.228040005387873,1.0170561589133613,0.027786189455839622,0.0,0.0,359.5931119689719,False
1782910258.9154549,80.48217940330505,13.242318250325246,1.0169227374403713,0.02778629681164514,0.0,0.0,359.63360854850725,False
1782910258.996606,80.56333065032959,13.256587364169423,1.0168001165817633,0.02778637671731761,0.0,0.0,359.6709617360803,False
1782910259.059234,80.62595844268799,13.272435411219492,1.0166760473517782,0.027786401728909713,0.0,0.0,359.7088511624185,False
1782910259.135876,80.70260047912598,13.288272755120245,1.0165641610296996,0.02778639273357696,0.0,0.0,359.7420812014367,False
1782910259.2098215,80.77654600143433,13.304097586441863,1.0164636108114755,0.02778639923971894,0.0,0.0,359.76960423008893,False
1782910259.2810743,80.8477988243103,13.315170990085,1.016399401431854,0.027786418617685084,0.0,0.0,359.78561894505873,False
1782910259.3481305,80.91485500335693,13.324660981923394,1.016348067088699,0.027786440858636737,0.0,0.0,359.79727966583414,False
1782910259.42505,80.991774559021,13.335728948576666,1.016292135978343,0.02778647005982959,0.0,0.0,359.8081612531691,False
1782910259.4964511,81.06317567825317,13.353107647730278,1.0162118246325338,0.027786518210544422,0.0,0.0,359.81788947224936,False
1782910259.5620813,81.1288058757782,13.362582624111983,1.016171309909508,0.027786535195775428,0.0,0.0,359.81942689527847,False
1782910259.6627662,81.22949075698853,13.379949209060989,1.0161016433760608,0.027786549034713864,0.0,0.0,359.8153750891513,False
1782910259.7289193,81.29564380645752,13.400469866701837,1.0160242880217,0.027786553646735174,0.0,0.0,359.7992170617007,False
1782910259.8453476,81.41207218170166,13.42257454141675,1.0159426539141798,0.027786528690173406,0.0,0.0,359.76949548665635,False
1782910259.9266903,81.49341487884521,13.433634773254687,1.0159009705820408,0.027786484507166788,0.0,0.0,359.7512440673333,False
1782910260.031293,81.59801745414734,13.452601517537113,1.0158261269178859,0.02778638455708109,0.0,0.0,359.7151238320234,False
1782910260.1210606,81.6877851486206,13.47157664246999,1.015744765759697,0.027786309203505614,0.0,0.0,359.67389392282894,False
1782910260.2001143,81.7668387889862,13.485820025845879,1.015678025443817,0.027786289546565684,0.0,0.0,359.64145596738916,False
1782910260.2678103,81.83453488349915,13.498486012974999,1.0156138676951365,0.02778630619916785,0.0,0.0,359.6117202168528,False
1782910260.359089,81.92581343650818,13.514322341742776,1.0155265516200445,0.027786346527954305,0.0,0.0,359.5734224945704,False
1782910260.4288776,81.99560213088989,13.528576996628345,1.0154406253294312,0.027786366478180325,0.0,0.0,359.53794368062086,False
1782910260.5006907,82.06741523742676,13.542835144091413,1.0153472364530962,0.027786347659078392,0.0,0.0,359.5019305272143,False
1782910260.6053007,82.17202520370483,13.563447701215775,1.0151983312561346,0.027786247075489205,0.0,0.0,359.4515845075078,False
1782910260.6932983,82.26002287864685,13.5793110625007,1.0150722332023154,0.02778617324077379,0.0,0.0,359.41427160594714,False
1782910260.7812915,82.34801602363586,13.593590664300807,1.0149500858071643,0.027786146538435856,0.0,0.0,359.3816721372474,False
1782910260.863722,82.43044662475586,13.609458314214166,1.0148047745801207,0.027786168615899814,0.0,0.0,359.34647841422833,False
1782910260.9493241,82.51604866981506,13.626903432068168,1.014633523062279,0.027786254867102046,0.0,0.0,359.3105350442653,False
1782910261.0359688,82.60269331932068,13.644337516957867,1.0144506965745084,0.02778636248286055,0.0,0.0,359.2785539902972,False
1782910261.1212428,82.68796730041504,13.657010849542324,1.014310798974517,0.02778642310203567,0.0,0.0,359.2580269505935,False
1782910261.2039213,82.7706458568573,13.67125685295348,1.0141469488880823,0.0277864702506631,0.0,0.0,359.2389703634763,False
1782910261.3171318,82.8838562965393,13.687077352271183,1.0139574954309845,0.027786481864238842,0.0,0.0,359.22274859778435,False
1782910261.421288,82.98801255226135,13.693403528746064,1.0138797338136065,0.027786476583889264,0.0,0.0,359.2177604590706,False
1782910261.5041437,83.07086825370789,13.710790113569896,1.013660874051817,0.027786463894860728,0.0,0.0,359.2096197306519,False
1782910261.617964,83.18468856811523,13.734522821923543,1.013352281776839,0.027786383678887465,0.0,0.0,359.2047567571126,False
1782910261.6965907,83.26331520080566,13.753522176606785,1.013099332361362,0.027786299474687377,0.0,0.0,359.2048532249104,False
1782910261.8012886,83.36801314353943,13.772524070847217,1.012842921333724,0.02778623834595809,0.0,0.0,359.2087294410711,False
1782910261.8844178,83.45114231109619,13.786766189415424,1.0126494339647278,0.027786261995787907,0.0,0.0,359.21573808206864,False
1782910261.9516802,83.51840472221375,13.801002218424998,1.01245570140985,0.027786356743007425,0.0,0.0,359.22665597807054,False
1782910262.029799,83.59652352333069,13.81523065425453,1.012262526385632,0.027786503203845663,0.0,0.0,359.2420930972549,False
1782910262.1262546,83.69297909736633,13.829448151084318,1.012070824546466,0.027786650412318262,0.0,0.0,359.26318357325346,False
1782910262.2154417,83.78216624259949,13.845242052103393,1.0118606375382582,0.027786711141604227,0.0,0.0,359.2925490868779,False
1782910262.3188376,83.88556218147278,13.86738507127858,1.011573491048619,0.02778647113452245,0.0,0.0,359.337453028002,False
1782910262.3986056,83.96533012390137,13.880048281574162,1.0114143488318885,0.027786248546957094,0.0,0.0,359.36447358947754,False
1782910262.471022,84.03774642944336,13.89588169096986,1.0112214890484863,0.027786042702263133,0.0,0.0,359.3995598025433,False
1782910262.5762136,84.14293813705444,13.914896879888932,1.0109999260992104,0.027786034676876264,0.0,0.0,359.44159814674526,False
1782910262.6573477,84.22407221794128,13.932341301871393,1.0108070916037442,0.02778622858725965,0.0,0.0,359.47885661015187,False
1782910262.744531,84.31125545501709,13.945032672759417,1.0106733163410202,0.027786381944537898,0.0,0.0,359.5052316751233,False
1782910262.840708,84.40743255615234,13.959309368627077,1.0105294962629823,0.027786459864304964,0.0,0.0,359.53472604214505,False
1782910262.92,84.48672461509705,13.978331873233268,1.0103489626766926,0.027786375527250638,0.0,0.0,359.57585710656303,False
1782910262.997151,84.56387543678284,13.992594848242863,1.0102221039269998,0.027786244419954316,0.0,0.0,359.60780837965257,False
1782910263.0839155,84.65064001083374,14.006865426735008,1.0101026625118132,0.027786148841987015,0.0,0.0,359.63915101240553,False
1782910263.1734746,84.7401990890503,14.022719503857921,1.009978816118819,0.027786175800544655,0.0,0.0,359.67169487822036,False
1782910263.2847288,84.85145330429077,14.040151842662059,1.0098532580064143,0.027786324354019988,0.0,0.0,359.7037152806682,False
1782910263.357583,84.92430758476257,14.055996196831039,1.0097484334653302,0.027786434257368497,0.0,0.0,359.7295635441387,False
1782910263.4524102,85.01913475990295,14.076581335017043,1.009624618345252,0.02778644241041683,0.0,0.0,359.75715132039153,False
1782910263.5347636,85.10148811340332,14.092403389601726,1.0095380952740438,0.027786396655141654,0.0,0.0,359.77240496457097,False
1782910263.613351,85.18007564544678,14.108217685724082,1.0094581497309068,0.02778638782567738,0.0,0.0,359.7822396614047,False
1782910263.690553,85.2572774887085,14.122438182637522,1.009390946845538,0.02778645862719845,0.0,0.0,359.7849855416239,False
1782910263.806217,85.37294149398804,14.141389025650996,1.0093065797829923,0.027786598400919123,0.0,0.0,359.7794617095009,False
1782910263.885851,85.45257544517517,14.155607466296425,1.0092457602586427,0.027786631158027975,0.0,0.0,359.76990526497696,False
1782910263.978927,85.54565143585205,14.176154684744882,1.0091591507998432,0.027786498133559264,0.0,0.0,359.74929858896667,False
1782910264.0513468,85.61807131767273,14.193544387826583,1.0090849176772223,0.02778631328270432,0.0,0.0,359.7257643127287,False
1782910264.1429765,85.70970106124878,14.209354167022001,1.0090150227242598,0.027786227381335796,0.0,0.0,359.6997086310601,False
1782910264.2296638,85.79638838768005,14.222002423214796,1.0089565141794408,0.027786267609453085,0.0,0.0,359.67579911205763,False
1782910264.3154397,85.88216423988342,14.237813411975829,1.0088790360523578,0.02778642500331862,0.0,0.0,359.6422571332572,False
1782910264.3875623,85.95428681373596,14.24730038153247,1.0088297452267587,0.02778652959092621,0.0,0.0,359.6202686331378,False
1782910264.480053,86.04677748680115,14.271018496008026,1.0086953446328073,0.027786613038969864,0.0,0.0,359.55956679813113,False
1782910264.5516827,86.11840724945068,14.289980954438573,1.0085743749061942,0.02778647902761893,0.0,0.0,359.50369006367526,False
1782910264.6624272,86.22915172576904,14.306961851826735,1.0084576795179188,0.027790853481095786,0.0,0.0,359.4435842434148,True
1782910264.7498794,86.31660389900208,14.318587074188638,1.008377828638996,0.02780169322147012,0.0,0.0,359.39238206580376,False
1782910264.831668,86.39839243888855,14.3271769536528,1.008318885622984,0.027808590099743333,0.0,0.0,359.3494613645629,False
1782910264.9075665,86.4742910861969,14.333834019124376,1.0082730466866479,0.02780857118125132,0.0,0.0,359.3126040707172,False
1782910264.9789202,86.54564476013184,14.339735334786074,1.0082321847870137,0.02780336367999252,0.0,0.0,359.2771638410486,False
1782910265.0725536,86.63927817344666,14.347189453717183,1.0081804459817232,0.027794293054004524,0.0,0.0,359.229147060429,False
1782910265.1475387,86.71426320075989,14.35172648114848,1.0081491498459623,0.027792373039520292,0.0,0.0,359.19749520778396,False
1782910265.2211037,86.78782820701599,14.354960385547056,1.0081270291484823,0.02779433652299118,0.0,0.0,359.1735458935016,False
1782910265.3102508,86.87697529792786,14.360029158521874,1.0080925503386078,0.02780156490780756,0.0,0.0,359.13434983514577,False
1782910265.4051218,86.97184634208679,14.363530415346517,1.008068612457571,0.027805844028598464,0.0,0.0,359.10633415988366,False
1782910265.497081,87.06380558013916,14.367539244354907,1.0080408316981844,0.027805715830193492,0.0,0.0,359.0731124950828,False
1782910265.5802567,87.14698123931885,14.3712739780237,1.0080146898710958,0.02780044488339326,0.0,0.0,359.0412795104077,False
1782910265.68719,87.25391459465027,14.374426812995248,1.0079927463141234,0.027795457654626224,0.0,0.0,359.0135335412022,False
1782910265.7690144,87.33573889732361,14.37735690676303,1.0079726933506719,0.02779423351960121,0.0,0.0,358.9865291642242,False
1782910265.844683,87.41140747070312,14.380364868715382,1.0079523905781795,0.027797947161839327,0.0,0.0,358.95784159802287,False
1782910265.9443412,87.51106572151184,14.383210011990638,1.0079330708086236,0.027803289446341986,0.0,0.0,358.93027774755586,False
1782910266.0556839,87.62240839004517,14.386657885221538,1.0079090721093669,0.027805015947804653,0.0,0.0,358.89628508904184,False
1782910266.1564965,87.72322106361389,14.388308546515214,1.0078974260276008,0.027802870452663907,0.0,0.0,358.8798252783577,False
1782910266.2391105,87.80583500862122,14.391219950283437,1.0078770764541214,0.027797051348918935,0.0,0.0,358.8502011058624,False
1782910266.3103728,87.87709736824036,14.39311391151815,1.0078641712886667,0.027795035726707187,0.0,0.0,358.8301920376383,False
1782910266.3945115,87.96123600006104,14.394527123815202,1.0078546921657405,0.02779569616814945,0.0,0.0,358.8149509227707,False
1782910266.4901536,88.05687808990479,14.39705262989486,1.007837697106289,0.02780061942352831,0.0,0.0,358.78748954494694,False
1782910266.5654662,88.1321907043457,14.39949100791985,1.007820770539369,0.027804545120961872,0.0,0.0,358.76081053517504,False
1782910266.6435843,88.21030879020691,14.401128296450391,1.0078091601159096,0.027803874126451182,0.0,0.0,358.74281563063437,False
1782910266.7274814,88.29420590400696,14.402709816964965,1.007797997077304,0.027800768808653634,0.0,0.0,358.7252627099448,False
1782910266.8071234,88.37384796142578,14.403728223336133,1.0077909377298095,0.027798331675218998,0.0,0.0,358.7137475920506,False
1782910266.8936923,88.46041679382324,14.405202270944915,1.0077809551179748,0.0277958655126273,0.0,0.0,358.6967016613882,False
1782910267.0100183,88.57674288749695,14.407087851332673,1.0077684013508201,0.027796768486461485,0.0,0.0,358.67453078229613,False
1782910267.0935376,88.66026210784912,14.409220106386545,1.007753874836825,0.027801821719446555,0.0,0.0,358.64941563598137,False
1782910267.170193,88.73691749572754,14.410267388540689,1.007746497202086,0.027803720428892197,0.0,0.0,358.637082688886,False
1782910267.2791011,88.84582567214966,14.412021925494283,1.007733988724379,0.027803380365685967,0.0,0.0,358.61638961820233,False
1782910267.3522503,88.91897487640381,14.413289749844244,1.0077250967424496,0.027800537345148008,0.0,0.0,358.6012216447507,False
1782910267.4283814,88.99510598182678,14.41451056556013,1.0077167998880971,0.02779742773993306,0.0,0.0,358.5862670101416,False
1782910267.5254502,89.09217476844788,14.41633431232589,1.007704709300334,0.027796359913512477,0.0,0.0,358.5635216121607,False
1782910267.6390245,89.20574903488159,14.417983878672592,1.007693503193499,0.02780008649089636,0.0,0.0,358.54296002391266,False
1782910267.734261,89.30098557472229,14.41935960490037,1.0076837570215622,0.027803292399594906,0.0,0.0,358.52588065609206,False
1782910267.8415873,89.40831184387207,14.420583125556265,1.0076749983839006,0.027803527029281957,0.0,0.0,358.51067604843684,False
1782910268.0019085,89.56863307952881,14.422455193998921,1.0076620715217819,0.027799005655797872,0.0,0.0,358.486878658738,False
1782910268.1291513,89.69587588310242,14.424884745875362,1.0076459511464553,0.02779725544098862,0.0,0.0,358.4551737049326,False
1782910268.1982949,89.76501941680908,14.426074950800365,1.0076376690823097,0.027800538109931952,0.0,0.0,358.43972857998307,False
1782910268.2723677,89.83909225463867,14.427038469911144,1.0076307549013674,0.027802941165218822,0.0,0.0,358.42728160732014,False
1782910268.3640869,89.93081140518188,14.428086480637951,1.007623260699937,0.027803335428145153,0.0,0.0,358.4136881817849,False
1782910268.4464762,90.0132007598877,14.429000811640238,1.0076169352149833,0.027801439093889622,0.0,0.0,358.40162107569836,False
1782910268.529121,90.09584546089172,14.42998450473615,1.0076103956510094,0.02779837995287407,0.0,0.0,358.38837670749115,False
1782910268.6360621,90.20278668403625,14.431230859089988,1.0076021853412362,0.0277966146234596,0.0,0.0,358.3714872131176,False
1782910268.707669,90.2743935585022,14.432085569047814,1.007596336735502,0.027797989012763792,0.0,0.0,358.35997839977597,False
1782910268.7857325,90.35245704650879,14.432842209495076,1.007590963298425,0.02780031758271796,0.0,0.0,358.3498513589288,False
1782910268.8859117,90.45263624191284,14.433684734901622,1.0075848781689394,0.0278026414181896,0.0,0.0,358.33860672568363,False
1782910268.992266,90.55899047851562,14.434868666495854,1.0075765150194895,0.027802816078892793,0.0,0.0,358.32263444020236,False
1782910269.081965,90.64868950843811,14.436346809068791,1.0075667078742416,0.02779838088678125,0.0,0.0,358.3021268130856,False
1782910269.1498742,90.71659874916077,14.437194499761008,1.0075611137066551,0.027796820519167664,0.0,0.0,358.2903040342794,False
1782910269.2525227,90.81924724578857,14.438207252989788,1.007554094748978,0.02779820128307898,0.0,0.0,358.27630178884954,False
1782910269.366719,90.93344354629517,14.43912953939463,1.0075474348236915,0.02780123881783582,0.0,0.0,358.2636465639182,False
1782910269.4424286,91.00915312767029,14.439951641302544,1.00754154336881,0.027803020274324547,0.0,0.0,358.2523166716628,False
1782910269.520745,91.0874695777893,14.440906569980829,1.0075350274253998,0.027802041367046077,0.0,0.0,358.23888790053695,False
1782910269.6323776,91.19910216331482,14.441831715803355,1.0075289896617845,0.027798875534124478,0.0,0.0,358.2256517151436,False
1782910269.7343104,91.30103492736816,14.442744814718072,1.0075229027790518,0.027796981530415137,0.0,0.0,358.2126282197397,False
1782910269.8272226,91.3939471244812,14.443504780437419,1.0075175490828558,0.027797947845967518,0.0,0.0,358.20189756187375,False
1782910269.931794,91.49851846694946,14.44433502067681,1.007511522291532,0.027800757102072457,0.0,0.0,358.19024327945823,False
1782910270.0119283,91.57865285873413,14.445074126054454,1.0075062542944608,0.027802728135802618,0.0,0.0,358.17979236314187,False
1782910270.0949306,91.66165518760681,14.445933373388286,1.0075004609057332,0.02780224510388206,0.0,0.0,358.16738739261916,False
1782910270.2067795,91.77350401878357,14.44697698191877,1.007493666428151,0.027798600238686928,0.0,0.0,358.1521262439394,False
1782910270.2809303,91.84765481948853,14.447668132924552,1.007488970156745,0.027797148260971783,0.0,0.0,358.14209770638956,False
1782910270.3810492,91.94777369499207,14.448290470783439,1.0074845260179985,0.027797756136375605,0.0,0.0,358.1331513643212,False
1782910270.4972162,92.06394076347351,14.44918055104342,1.0074780564875947,0.027800814976367633,0.0,0.0,358.1203970537272,False
1782910270.5648344,92.13155889511108,14.44971574852253,1.007474290131641,0.027802412253559762,0.0,0.0,358.11264081903437,False
1782910270.638929,92.20565342903137,14.450303526824628,1.0074703478200835,0.027802702045149078,0.0,0.0,358.10397991835686,False
1782910270.7368257,92.30355024337769,14.450879316886272,1.0074666172102926,0.027801265103101425,0.0,0.0,358.0954015602343,False
1782910270.82248,92.38920450210571,14.451576379074867,1.0074620338247577,0.0277985805349757,0.0,0.0,358.08503983610484,False
1782910270.9086506,92.47537517547607,14.452210590544986,1.0074576217376505,0.027797263574255108,0.0,0.0,358.0757110207145,False
1782910271.0148404,92.58156490325928,14.452907247079127,1.0074525578843778,0.02779827606100218,0.0,0.0,358.06555284496744,False
1782910271.1100976,92.67682218551636,14.45383773394793,1.0074459098502593,0.027801728051754255,0.0,0.0,358.0518986822251,False
1782910271.193635,92.76035952568054,14.454615481335898,1.0074407525470168,0.02780256063927257,0.0,0.0,358.0402103093377,False
1782910271.2700315,92.83675599098206,14.455143283504604,1.007437347057747,0.02780112916084886,0.0,0.0,358.03221152703026,False
1782910271.3518758,92.91860032081604,14.455610795934131,1.0074342428688063,0.02779922107172404,0.0,0.0,358.0251646396088,False
1782910271.4500582,93.01678276062012,14.456314016379958,1.0074292899477715,0.027797396963225463,0.0,0.0,358.01468041312955,False
1782910271.561942,93.128666639328,14.457072201545524,1.0074237490205133,0.027798615014737002,0.0,0.0,358.00345976557617,False
1782910271.661087,93.22781157493591,14.45758658943341,1.0074200989554771,0.02780069032364039,0.0,0.0,357.99577732692336,False
1782910271.7452064,93.31193089485168,14.4583635515371,1.0074149427230872,0.027802589299880148,0.0,0.0,357.98393619393494,False
1782910271.8349,93.40162444114685,14.458961568265224,1.0074110837340624,0.027801420759133107,0.0,0.0,357.97474600899426,False
1782910271.94687,93.51359462738037,14.4595046067593,1.0074074138102185,0.027799168226621332,0.0,0.0,357.9664718146441,True
1782910272.025544,93.59226846694946,14.459995040588728,1.007403905388949,0.027797670139813834,0.0,0.0,357.9590785133618,False
1782910272.1148405,93.68156504631042,14.460537910919836,1.0073999233069943,0.02779777594709345,0.0,0.0,357.9509372602909,False
1782910272.2205324,93.78725695610046,14.461281419443695,1.0073946665736244,0.027800524500283242,0.0,0.0,357.9396658393429,False
1782910272.3133097,93.88003420829773,14.461796987280893,1.0073912757805479,0.027802258129544347,0.0,0.0,357.93168778399394,False
1782910272.4008498,93.96757435798645,14.462355061205741,1.0073876876217218,0.027802104495383083,0.0,0.0,357.9229980470381,False
1782910272.4913094,94.05803394317627,14.462810951776115,1.007384635797286,0.02780045417004882,0.0,0.0,357.9159516110549,False
1782910272.5779688,94.14469337463379,14.4633196825291,1.0073810193650454,0.02779835582034653,0.0,0.0,357.90817517846943,False
1782910272.66162,94.2283444404602,14.463978578357882,1.0073761848277243,0.027797701243924222,0.0,0.0,357.8981672506357,False
1782910272.7235703,94.29029488563538,14.464475306136979,1.0073726690679685,0.027799267946406695,0.0,0.0,357.8905460964187,False
1782910272.7934582,94.360182762146,14.46486391583354,1.00737007497056,0.027801004943512914,0.0,0.0,357.8844870104947,False
1782910272.864267,94.43099164962769,14.465198740402986,1.0073679213947575,0.02780211833896772,0.0,0.0,357.879217185165,False
1782910272.957297,94.5240216255188,14.465673311726693,1.0073648611229549,0.02780220315781801,0.0,0.0,357.87174778886686,False
1782910273.05095,94.6176745891571,14.466101129984882,1.0073619591187173,0.027800784772314107,0.0,0.0,357.86507565206176,False
1782910273.1300435,94.69676804542542,14.466578629077683,1.0073585230078694,0.027798690856344344,0.0,0.0,357.8577101486483,False
1782910273.2292545,94.79597902297974,14.467242539668938,1.0073536584684841,0.027797732238327523,0.0,0.0,357.8475040556839,False
1782910273.3051982,94.87192273139954,14.467705655298849,1.0073504428686935,0.027799162797142736,0.0,0.0,357.8402815374828,False
1782910273.3804743,94.94719886779785,14.468113313480966,1.007347781389608,0.027801044198837947,0.0,0.0,357.83382283007023,False
1782910273.4819376,95.04866218566895,14.468604992977722,1.0073446325334376,0.02780232300110238,0.0,0.0,357.8259953677167,False
1782910273.577189,95.14391350746155,14.469096949013155,1.007341315890037,0.027801436354964442,0.0,0.0,357.8182347148125,False
1782910273.6527042,95.2194287776947,14.469501642565342,1.0073384049073597,0.0277996372870452,0.0,0.0,357.81192613541697,False
1782910273.739243,95.3059675693512,14.470083628220088,1.0073341228434407,0.027797755924048737,0.0,0.0,357.80289442237677,False
1782910273.8107548,95.37747931480408,14.470478863940183,1.0073313337790635,0.027798108759178083,0.0,0.0,357.79669449069655,False
1782910273.888587,95.45531153678894,14.470823167542797,1.0073290433494597,0.02779946191498541,0.0,0.0,357.79121239689533,False
1782910273.959577,95.52630162239075,14.471246693466897,1.0073263369794716,0.02780142596283325,0.0,0.0,357.7844056283059,False
1782910274.0377433,95.60446786880493,14.47162592890697,1.0073238739384596,0.027802259612644594,0.0,0.0,357.7783268392256,False
1782910274.1170866,95.68381118774414,14.471921983517833,1.0073218495341514,0.027801899118391756,0.0,0.0,357.7736241731066,False
1782910274.1975493,95.76427388191223,14.472304403597787,1.0073190940777759,0.027800392291769796,0.0,0.0,357.7676075509978,False
1782910274.2799191,95.84664368629456,14.472643932284033,1.0073165834367173,0.0277988144290449,0.0,0.0,357.7622937748732,False
1782910274.4176252,95.98434972763062,14.473228299711433,1.0073124034882095,0.02779784991147417,0.0,0.0,357.753071926516,False
1782910274.4951062,96.06183075904846,14.473554028574002,1.0073102402399474,0.027798800074268836,0.0,0.0,357.7478376920492,False
1782910274.5694284,96.13615298271179,14.473755063797167,1.007308952742626,0.027799750721287014,0.0,0.0,357.74458077913863,False
1782910274.6777298,96.2444543838501,14.474154402747164,1.0073064030755843,0.027801588296213375,0.0,0.0,357.738105419916,False
1782910274.7608616,96.32758617401123,14.474514363696299,1.0073039928741943,0.027802196503918266,0.0,0.0,357.73231664748533,False
1782910274.8432336,96.40995812416077,14.474876504678084,1.0073014091664008,0.027801397172268583,0.0,0.0,357.7265580711914,False
1782910274.9321787,96.49890327453613,14.47519875370438,1.0072990274435245,0.02779990980238497,0.0,0.0,357.72146923729673,False
1782910275.0125067,96.57923126220703,14.47555812283994,1.0072963955794756,0.02779834216425211,0.0,0.0,357.71578142084564,False
1782910275.0953472,96.6620717048645,14.476103923893117,1.0072926673841462,0.02779818387184236,0.0,0.0,357.70699667768196,False
1782910275.1674166,96.7341411113739,14.476636516015075,1.0072892710540824,0.02780060950816884,0.0,0.0,357.6982920149809,False
1782910275.2645247,96.83124923706055,14.477092428511233,1.0072862262770657,0.027802106808671134,0.0,0.0,357.6908980776953,False
1782910275.330363,96.89708757400513,14.477360146372423,1.0072843125638093,0.02780192004372659,0.0,0.0,357.68660784807565,False
1782910275.4065454,96.97326993942261,14.47766656768891,1.0072820485960723,0.02780079664236785,0.0,0.0,357.6817287565294,False
1782910275.4755783,97.04230284690857,14.4779709791525,1.0072798052672334,0.027799272421600376,0.0,0.0,357.6768782742219,False
1782910275.5415268,97.1082513332367,14.478233749730618,1.0072779391104996,0.027798227478153047,0.0,0.0,357.6726547482148,False
1782910275.6350005,97.20172500610352,14.478638490993132,1.0072752479938896,0.027798078111222257,0.0,0.0,357.66605023060066,False
1782910275.7314727,97.2981972694397,14.479000362970838,1.0072729517885455,0.027799522706522157,0.0,0.0,357.6600870681257,False
1782910275.7966065,97.36333107948303,14.479397823607222,1.0072703425577167,0.027801469821869707,0.0,0.0,357.65357459187146,False
1782910275.8728375,97.43956208229065,14.479688822130045,1.0072682950128158,0.027802084503875394,0.0,0.0,357.6488628690113,False
1782910275.9584987,97.52522325515747,14.479944371229127,1.007266417567527,0.02780174214245503,0.0,0.0,357.64475809915376,False
1782910276.026292,97.59301662445068,14.480199246404517,1.0072645242299971,0.027800711810842253,0.0,0.0,357.6406732429635,False
1782910276.0919664,97.65869092941284,14.480594372902477,1.0072616853409782,0.027798735107593793,0.0,0.0,357.634291976066,False
1782910276.1701179,97.73684239387512,14.48084097362897,1.007260024986115,0.027798011582188642,0.0,0.0,357.63025060767575,False
1782910276.2553,97.82202458381653,14.48115328141019,1.0072580253897785,0.027798246985685966,0.0,0.0,357.6250786120653,False
1782910276.339246,97.9059705734253,14.481601204380956,1.0072551459691437,0.027800347406635263,0.0,0.0,357.61766307004837,False
1782910276.4108837,97.97760820388794,14.481878385034722,1.007253237366258,0.02780160361720527,0.0,0.0,357.61312692869933,False
1782910276.4947462,98.06147074699402,14.482157089175486,1.0072512105001266,0.027802032979367737,0.0,0.0,357.6086098277403,False
1782910276.5809915,98.14771604537964,14.482470249985099,1.0072488823624093,0.027801280976218968,0.0,0.0,357.6035558893494,False
1782910276.65671,98.22343444824219,14.48284768527971,1.0072461704299813,0.027799354783717145,0.0,0.0,357.5974178153126,False
1782910276.7232537,98.28997826576233,14.48315000677793,1.0072441524503213,0.02779816026783008,0.0,0.0,357.59242140727537,False
1782910276.7978635,98.36458802223206,14.483414799930753,1.0072424703419038,0.02779808436197887,0.0,0.0,357.58800182698434,False
1782910276.9008877,98.46761226654053,14.48377717903624,1.0072401457918028,0.027799496343415664,0.0,0.0,357.5819624046301,False
1782910276.976634,98.54335856437683,14.4840421393301,1.0072383342473767,0.02780091990976721,0.0,0.0,357.57759301327894,False
1782910277.067301,98.63402557373047,14.484375448653463,1.0072359085880525,0.027801961049985825,0.0,0.0,357.57215613964513,False
1782910277.1639543,98.73067879676819,14.484608586655245,1.007234171685595,0.02780177759294983,0.0,0.0,357.568370260043,False
1782910277.240583,98.80730748176575,14.48477400389762,1.0072329553166028,0.027801199618386164,0.0,0.0,357.5656764400254,False
1782910277.3177097,98.88443422317505,14.485100117467397,1.0072306675045177,0.02779947964579262,0.0,0.0,357.5603104168146,False
1782910277.398454,98.96517848968506,14.485577650862448,1.0072275936215471,0.0277980365583833,0.0,0.0,357.5523129502002,False
1782910277.4863713,99.05309581756592,14.48586168899384,1.0072257749615203,0.027798768263236923,0.0,0.0,357.54754973256973,False
1782910277.5726588,99.13938331604004,14.48617915627386,1.0072236025495926,0.027800459023333408,0.0,0.0,357.5422835811823,False
1782910277.6613195,99.22804403305054,14.486498806407925,1.0072212615680813,0.027801781770955873,0.0,0.0,357.53704351022606,False
1782910277.7571316,99.32385611534119,14.486912011422419,1.0072182105417828,0.027801391824050472,0.0,0.0,357.5302785268536,False
1782910277.828537,99.39526152610779,14.487161673359848,1.0072164733109035,0.027800129234138708,0.0,0.0,357.52613868570734,False
1782910277.9415772,99.50830173492432,14.487559203854685,1.0072139096787427,0.027798260931261608,0.0,0.0,357.51944595679083,False
1782910278.0403159,99.60704040527344,14.487892455725296,1.0072117840911217,0.027798370214260376,0.0,0.0,357.5138228417404,False
1782910278.1093595,99.67608404159546,14.48816667538076,1.0072099138777475,0.02779964223959698,0.0,0.0,357.5092458172516,False
1782910278.180475,99.74719953536987,14.488473533687804,1.0072076745864693,0.027801271626893782,0.0,0.0,357.5041830135804,False
1782910278.2616825,99.82840704917908,14.488688200802143,1.0072060718444873,0.027801868581829463,0.0,0.0,357.5006563094341,False
1782910278.3260508,99.89277529716492,14.488931301503426,1.0072042974609103,0.027801641483200402,0.0,0.0,357.4966432425014,False
1782910278.3983943,99.96511888504028,14.489259326538646,1.0072020625394236,0.027800063876532524,0.0,0.0,357.4911499182604,False
1782910278.4690468,100.03577136993408,14.489522920254553,1.0072003860623686,0.027798656343102524,0.0,0.0,357.48667739880693,False
1782910278.5568614,100.12358593940735,14.48978498267669,1.0071987243246456,0.027798115366533326,0.0,0.0,357.48222825507503,True
1782910278.6253335,100.19205808639526,14.490018876891567,1.0071971606733747,0.0277986560633865,0.0,0.0,357.4782908651588,False
1782910278.6912243,100.25794887542725,14.490283976567367,1.0071952640816286,0.02780005361367677,0.0,0.0,357.4738778661953,False
1782910278.7543905,100.32111501693726,14.490490794191697,1.0071937243831617,0.027801162251584553,0.0,0.0,357.4704595973932,False
1782910278.8311927,100.3979172706604,14.490725983216322,1.0071919781107959,0.0278018419354161,0.0,0.0,357.46656988271667,False
1782910278.914119,100.48084354400635,14.49101556156068,1.0071899344718422,0.02780136784263029,0.0,0.0,357.4617296884147,False
1782910278.9868832,100.55360770225525,14.491299413766722,1.0071880842165042,0.027799831400976815,0.0,0.0,357.45691084907094,False
1782910279.062131,100.62885546684265,14.491523953089967,1.0071866735404684,0.027798640751040153,0.0,0.0,357.4530742383859,False
1782910279.1436236,100.71034812927246,14.491720309599636,1.0071854122528527,0.027798160568594472,0.0,0.0,357.4497311723638,False
1782910279.2415636,100.80828809738159,14.492087863643745,1.0071828601281914,0.02779913647632075,0.0,0.0,357.44355068714736,False
1782910279.345683,100.91240763664246,14.49240079578228,1.0071805326541763,0.027800911930213956,0.0,0.0,357.43835085706587,False
1782910279.428441,100.99516558647156,14.492654804865664,1.0071786646633674,0.027801785295850867,0.0,0.0,357.43411965254467,False
1782910279.5222573,101.08898186683655,14.492932088730157,1.007176755753663,0.02780141194201591,0.0,0.0,357.42943851502264,False
1782910279.6186597,101.18538427352905,14.493258435234438,1.0071746773873558,0.027799610610696704,0.0,0.0,357.4238492148741,False
1782910279.6936336,101.26035809516907,14.49355595630635,1.0071727733740594,0.027798293034512752,0.0,0.0,357.4187570397173,False
1782910279.7607894,101.32751393318176,14.493773813053194,1.0071712776863226,0.02779831982029521,0.0,0.0,357.41506955385034,False
1782910279.8337157,101.40044021606445,14.493993120860996,1.0071696787363233,0.02779920618533683,0.0,0.0,357.41139453844204,False
1782910279.9345908,101.5013153553009,14.494267210172533,1.0071676296306071,0.027800801821945265,0.0,0.0,357.4068220222149,False
1782910280.0172815,101.5840060710907,14.49453787070303,1.0071656794289006,0.027801764131514757,0.0,0.0,357.4022725641473,False
1782910280.0924504,101.65917491912842,14.494829532489582,1.0071637468342403,0.027801233136448594,0.0,0.0,357.3972899554856,False
1782910280.1736093,101.74033379554749,14.494986559872594,1.0071627592240977,0.027800371822801467,0.0,0.0,357.3945830037861,False
1782910280.2956195,101.86234402656555,14.495404890373846,1.0071600493372943,0.02779830537008062,0.0,0.0,357.3874048109204,False
1782910280.3667939,101.933518409729,14.49572209553706,1.0071577663212765,0.027798740748605263,0.0,0.0,357.38205315299535,False
1782910280.4328723,101.99959683418274,14.495934025255563,1.007156178916876,0.02779990183684722,0.0,0.0,357.3785025056221,False
1782910280.526658,102.0933825969696,14.496144230991415,1.0071546358681964,0.027801108156860294,0.0,0.0,357.37496627793854,False
1782910280.6172173,102.18394184112549,14.496428181053572,1.007152692952317,0.02780175291826899,0.0,0.0,357.37012321559604,False
1782910280.6895306,102.25625514984131,14.496681716442385,1.00715108503878,0.027800908369330392,0.0,0.0,357.36574024630295,False
1782910280.7589865,102.3257110118866,14.496933999926204,1.0071494843091089,0.027799360335118067,0.0,0.0,357.3613793501355,False
1782910280.842613,102.40933752059937,14.497188016347028,1.0071477520594705,0.02779831859016168,0.0,0.0,357.3570373617812,False
1782910280.927772,102.4944965839386,14.49739281093143,1.007146255317755,0.02779842677920734,0.0,0.0,357.3535762177678,False
1782910281.011482,102.57820653915405,14.49762326188413,1.007144528623084,0.027799489788706402,0.0,0.0,357.34969840496876,False
1782910281.0926433,102.65936779975891,14.497851361436686,1.0071428693137654,0.027800874231447423,0.0,0.0,357.34583739121706,False
1782910281.178994,102.7457184791565,14.498174040958975,1.0071407177544198,0.027801715008294856,0.0,0.0,357.34028459896996,False
1782910281.246217,102.8129415512085,14.498345240066154,1.007139644425546,0.02780122198305133,0.0,0.0,357.33730778505594,False
1782910281.3408968,102.90762138366699,14.498564964690136,1.0071382481945086,0.027799931248854874,0.0,0.0,357.33349551226183,False
1782910281.4339178,103.0006422996521,14.498761456967133,1.0071369189612418,0.02779879778425906,0.0,0.0,357.3301189745961,False
1782910281.5122235,103.07894802093506,14.498984246408313,1.0071353045060247,0.027798281277450328,0.0,0.0,357.3263326573349,False
1782910281.5982642,103.16498875617981,14.499306094375125,1.0071328992262634,0.02779940319981905,0.0,0.0,357.32089134292045,False
1782910281.6884353,103.25515985488892,14.499549886574732,1.0071311704262558,0.027800907578534782,0.0,0.0,357.31672709233544,False
1782910281.7775862,103.34431076049805,14.499741559139812,1.0071299116726828,0.027801640379411324,0.0,0.0,357.3134068921666,False
1782910281.8552253,103.42194986343384,14.499954772319796,1.0071285746901864,0.027801455888959724,0.0,0.0,357.30968565907244,False
1782910281.9383802,103.50510478019714,14.50023898856701,1.007126738283684,0.027799876568378522,0.0,0.0,357.304748203143,False
1782910282.034046,103.60077047348022,14.50043014346772,1.0071253978887842,0.027798778570879694,0.0,0.0,357.3014692045692,False
1782910282.1248071,103.69153165817261,14.500694519550962,1.0071234326269904,0.027798359008020673,0.0,0.0,357.29697798667206,False
1782910282.2156544,103.78237891197205,14.501027952258944,1.0071209930618088,0.02779991882329429,0.0,0.0,357.29129449661866,False
1782910282.2899575,103.85668206214905,14.501237906864052,1.0071195862399882,0.027801176819869516,0.0,0.0,357.28765682671406,False
1782910282.3652368,103.93196129798889,14.501422047157346,1.0071184243008082,0.027801674305738475,0.0,0.0,357.2844344246335,False
1782910282.450917,104.01764154434204,14.501605398362766,1.0071172725920088,0.027801312963015162,0.0,0.0,357.28122400450167,False
1782910282.5273886,104.09411311149597,14.501835765844042,1.0071157380616926,0.02779997640433825,0.0,0.0,357.2772260174603,False
1782910282.6155324,104.18225693702698,14.502068313454009,1.0071140552516415,0.027798664558047918,0.0,0.0,357.27324250281805,False
1782910282.7344894,104.30121397972107,14.502393882138103,1.0071116232192767,0.027798667618842886,0.0,0.0,357.267694687576,False
1782910282.810613,104.37733745574951,14.502645207091609,1.0071098656720865,0.02780012617204839,0.0,0.0,357.2633579438002,False
1782910282.8908823,104.45760679244995,14.502802484236144,1.0071088478937331,0.027801087196645816,0.0,0.0,357.26060708652454,False
1782910283.029386,104.59611058235168,14.503025153671656,1.0071074558138096,0.02780164753158542,0.0,0.0,357.25669171785785,False
1782910283.1125047,104.67922925949097,14.503248203944425,1.007106004874267,0.027800921409845754,0.0,0.0,357.2527932787453,False
1782910283.2196841,104.78640866279602,14.503586573238442,1.0071035674431261,0.027798846611571275,0.0,0.0,357.2469719932825,False
1782910283.301019,104.86774349212646,14.503902070636203,1.0071012202395053,0.027798556213818187,0.0,0.0,357.24157185649875,False
1782910283.3659496,104.9326741695404,14.504079354767457,1.0070999866078627,0.027799442072408535,0.0,0.0,357.2384992431055,False
1782910283.4438758,105.01060032844543,14.504254035953101,1.0070988529971228,0.027800610394211514,0.0,0.0,357.23543516682304,False
1782910283.5525,105.11922454833984,14.504513519879238,1.0070972288454398,0.02780161966434757,0.0,0.0,357.23085835498836,False
1782910283.6493936,105.2161180973053,14.504730578314556,1.0070957930926077,0.02780109877403394,0.0,0.0,357.22706148682516,False
1782910283.7412708,105.30799531936646,14.50508175666736,1.0070932239078147,0.027798933295929595,0.0,0.0,357.2210144912227,False
1782910283.8420303,105.40875482559204,14.505278829785322,1.007091754979629,0.027798386880086616,0.0,0.0,357.21763081759167,False
1782910283.9406114,105.50733590126038,14.505515897532554,1.0070901001721597,0.027799103849990393,0.0,0.0,357.21351064168806,False
1782910284.0357823,105.60250687599182,14.505769532669733,1.0070884850513038,0.027800781206563503,0.0,0.0,357.2090341856043,False
1782910284.1331015,105.69982600212097,14.5060429313935,1.0070867426378607,0.027801588133089448,0.0,0.0,357.20420987207626,False
1782910284.2187512,105.785475730896,14.50623394220472,1.0070854147312636,0.027800928090319803,0.0,0.0,357.200883051593,False
1782910284.3054116,105.87213611602783,14.506426312769687,1.0070839889470395,0.0277996766913627,0.0,0.0,357.19756679991303,False
1782910284.4247468,105.99147129058838,14.50676609452674,1.0070814837996482,0.027798417893129496,0.0,0.0,357.19170141189556,False
1782910284.5304315,106.09715604782104,14.506953291386408,1.0070802245205008,0.02779904094798636,0.0,0.0,357.1884165781456,False
1782910284.6510947,106.21781921386719,14.50717879864753,1.0070788074729948,0.027800554467088835,0.0,0.0,357.18441648645273,False
1782910284.745736,106.31246042251587,14.507424512158837,1.0070772278868558,0.02780156859223474,0.0,0.0,357.1800730756634,False
1782910284.8399093,106.40663385391235,14.507714573450231,1.0070751525216797,0.02780061865801445,0.0,0.0,357.17502805586577,False
1782910284.929518,106.49624252319336,14.507943194992253,1.0070734351142006,0.027799109030781238,0.0,0.0,357.17108300702387,False
1782910285.0507934,106.61751794815063,14.508168747735532,1.0070718240596659,0.02779843380587737,0.0,0.0,357.1671544426991,False
1782910285.1369803,106.70370483398438,14.508409853951964,1.0070702623615728,0.027799343723426677,0.0,0.0,357.16288488076003,False
1782910285.24122,106.8079445362091,14.508668651744063,1.0070686346850148,0.02780107056678848,0.0,0.0,357.1582820292769,False
1782910285.3290038,106.89572834968567,14.508849098700557,1.007067411191253,0.02780155635674278,0.0,0.0,357.15510799981695,False
1782910285.4071393,106.97386384010315,14.509031115772292,1.0070660815587855,0.027801044395227258,0.0,0.0,357.1519431268268,False
1782910285.4990778,107.06580233573914,14.509193200056332,1.0070648607748016,0.027800007605332952,0.0,0.0,357.149139044253,False
1782910285.6444542,107.21117877960205,14.50957177344594,1.007062187260855,0.02779847527129108,0.0,0.0,357.1425122072717,True
1782910285.7485104,107.31523489952087,14.509843937230851,1.0070604778408587,0.027799806649503874,0.0,0.0,357.13765676490624,False
1782910285.84418,107.4109046459198,14.509999310415626,1.0070594803814854,0.027800876877900973,0.0,0.0,357.1348940052144,False
1782910285.9239314,107.49065589904785,14.51019522058338,1.0070581197891375,0.027801533646054137,0.0,0.0,357.1314505199028,False
1782910286.0389025,107.60562705993652,14.510333369198882,1.0070570968428896,0.027801272679749214,0.0,0.0,357.12904671339527,False
1782910286.1455045,107.712229013443,14.510491249086538,1.0070559072970817,0.027800373940918336,0.0,0.0,357.12630742711457,False
1782910286.2596807,107.82640528678894,14.510802227490476,1.007053702101801,0.027798567788457244,0.0,0.0,357.12085227708263,False
1782910286.3603604,107.92708492279053,14.511067995133857,1.0070520225721433,0.027799088261133146,0.0,0.0,357.1161024219008,False
1782910286.448974,108.01569843292236,14.5112762874102,1.0070506871381364,0.02780054156159493,0.0,0.0,357.1123878754177,False
1782910286.546426,108.11315059661865,14.511467534673795,1.0070493454375378,0.027801452275626425,0.0,0.0,357.1090221846273,False
1782910286.670725,108.2374496459961,14.511775326694638,1.0070470407298253,0.02780058443139144,0.0,0.0,357.10366108199213,False
1782910286.765366,108.3320906162262,14.511984032792233,1.0070455537343035,0.0277991361602072,0.0,0.0,357.0999930150585,False
1782910286.8764553,108.44317984580994,14.512133260270533,1.007044577427215,0.027798533310627024,0.0,0.0,357.0973329271045,False
1782910286.9826071,108.54933166503906,14.51233630869017,1.007043311724397,0.02779892977419016,0.0,0.0,357.09368755392035,False
1782910287.114561,108.68128561973572,14.512708049397176,1.0070407893131572,0.027801289670818605,0.0,0.0,357.0870948009891,False
1782910287.2128677,108.7795922756195,14.51297092078268,1.007038816059937,0.027801093797233317,0.0,0.0,357.08250557205326,False
1782910287.297483,108.86420750617981,14.513119654690623,1.0070377357111127,0.027800133533304253,0.0,0.0,357.07989346573754,False
1782910287.3947408,108.96146535873413,14.513302630239485,1.0070365070618448,0.027798906156239905,0.0,0.0,357.07663700740295,False
1782910287.5189068,109.08563137054443,14.513537045670411,1.0070350417118803,0.02779865978104238,0.0,0.0,357.07241972120676,False
1782910287.622229,109.18895363807678,14.513717592567433,1.0070338704398818,0.02779969004621707,0.0,0.0,357.0691888803827,False
1782910287.7148755,109.28159999847412,14.513936653076605,1.007032304490049,0.027801146967128428,0.0,0.0,357.0653244660877,False
1782910287.8339155,109.40064001083374,14.514211291104278,1.0070302450977113,0.02780113733154296,0.0,0.0,357.0605160455588,False
1782910287.9360294,109.5027539730072,14.514444991642476,1.0070286263353205,0.0277995523746502,0.0,0.0,357.0563676637509,False
1782910288.0180256,109.58475017547607,14.514621538498112,1.0070275129998632,0.027798618655777707,0.0,0.0,357.05318773267976,False
1782910288.1124809,109.67920541763306,14.514797392803796,1.0070264077037785,0.027798765038890796,0.0,0.0,357.0500191196483,False
1782910288.2007813,109.76750588417053,14.514903494639176,1.007025701291894,0.02779935962406584,0.0,0.0,357.04812286127543,False
1782910288.2881937,109.85491824150085,14.515063944724622,1.0070245564682248,0.027800530367438226,0.0,0.0,357.0452844357802,False
1782910288.3718827,109.93860721588135,14.515278937444375,1.0070229397566939,0.027801451429175696,0.0,0.0,357.0415127748399,False
1782910288.4549854,110.02170991897583,14.515456477540512,1.0070216438884785,0.027800999599079886,0.0,0.0,357.03838161045314,False
1782910288.5351348,110.10185933113098,14.515561552531441,1.007020927165465,0.027800299474474564,0.0,0.0,357.03650723929843,False
1782910288.6442792,110.21100378036499,14.515803163383907,1.0070193998401469,0.02779872421188608,0.0,0.0,357.0321469656883,False
1782910288.7218134,110.28853797912598,14.516044382016581,1.007017840853104,0.027798975711201004,0.0,0.0,357.02780731974474,False
1782910288.8257759,110.39250040054321,14.516236225689811,1.0070164600782054,0.02780031653501765,0.0,0.0,357.0244098323541,False
1782910288.9416058,110.50833034515381,14.516446240864516,1.0070148782274848,0.027801396445634115,0.0,0.0,357.0207173510156,False
1782910289.0537965,110.620521068573,14.516670512485405,1.007013287329413,0.02780085022116479,0.0,0.0,357.01673319700495,False
1782910289.1867647,110.75348925590515,14.516806068474096,1.0070124127890048,0.02779985671088549,0.0,0.0,357.014288582681,False
1782910289.3270066,110.89373111724854,14.516990903055847,1.007011263720222,0.02779871773364413,0.0,0.0,357.01093779018134,False
1782910289.44968,111.01640462875366,14.51726171306058,1.0070094358015211,0.02779922800814586,0.0,0.0,357.0060845094812,False
1782910289.5508218,111.11754631996155,14.517398631939589,1.007008418526593,0.027800230366274128,0.0,0.0,357.003666114134,False
1782910289.648558,111.21528244018555,14.517603618174423,1.007006881249586,0.027801356979868446,0.0,0.0,357.0000506950776,False
1782910289.7623174,111.32904195785522,14.517871454738897,1.0070050574047282,0.02780057513230804,0.0,0.0,356.9952500465981,False
1782910289.8538287,111.42055320739746,14.518068822952435,1.0070038294313564,0.027799106165862467,0.0,0.0,356.99166472967636,False
1782910289.95009,111.51681447029114,14.518217171316328,1.0070028683401118,0.02779858671717115,0.0,0.0,356.98898491579615,False
1782910290.0434778,111.61020231246948,14.518500945592002,1.0070008125155838,0.027799887272810037,0.0,0.0,356.9839411762908,False
1782910290.1465259,111.71325039863586,14.518701309515063,1.006999314727846,0.027801199824516842,0.0,0.0,356.9803972238455,False
1782910290.2513561,111.81808066368103,14.518946753642888,1.006997653378301,0.0278009584253289,0.0,0.0,356.9759843346384,False
1782910290.4006543,111.96737885475159,14.519188180765529,1.006996147121643,0.027799181786863848,0.0,0.0,356.9715912772002,False
1782910290.5324004,112.09912490844727,14.519448068460074,1.0069943571281306,0.027798783771105097,0.0,0.0,356.9669268045496,False
1782910290.6281219,112.19484639167786,14.519644861709159,1.006992875740362,0.027800061788031415,0.0,0.0,356.9634424878536,False
1782910290.7269545,112.29367899894714,14.519855842951666,1.006991347639293,0.027801314890163336,0.0,0.0,356.9596825314972,False
1782910290.8250453,112.39176988601685,14.52003084479415,1.006990207964582,0.027801089775478724,0.0,0.0,356.95651115095257,False
1782910290.8947742,112.4614987373352,14.520172590055218,1.0069893298998682,0.027800106428300587,0.0,0.0,356.9539242781189,False
1782910290.9636643,112.53038883209229,14.52028299870747,1.0069886253568907,0.02779925845674836,0.0,0.0,356.9519173759183,False
1782910291.040793,112.60751748085022,14.520426083660091,1.0069876432427598,0.027798638022469697,0.0,0.0,356.94934261622217,False
1782910291.1489909,112.7157154083252,14.520650752043261,1.00698596791277,0.027799371317072143,0.0,0.0,356.94535002967456,False
1782910291.243151,112.80987548828125,14.520810465061135,1.0069847837465085,0.027800591454569965,0.0,0.0,356.94250888619314,False
1782910291.3456717,112.91239619255066,14.521014334264969,1.0069834082340017,0.027801374254044314,0.0,0.0,356.93882672673743,False
1782910291.424592,112.99131655693054,14.521137979317947,1.006982638305906,0.027800963579580996,0.0,0.0,356.93656738954684,False
1782910291.5059974,113.0727219581604,14.52130780428724,1.0069815657586214,0.027799686298751822,0.0,0.0,356.93347007077693,False
1782910291.5712733,113.13799786567688,14.521432344119065,1.0069807139819633,0.027798874591590705,0.0,0.0,356.9312233129498,False
1782910291.644583,113.21130752563477,14.521557914590268,1.0069797932489715,0.02779864119967586,0.0,0.0,356.9289811225954,False
1782910291.7287807,113.29550528526306,14.52171522627546,1.006978603796647,0.02779930741297412,0.0,0.0,356.9261859753393,False
1782910291.8011405,113.3678650856018,14.52187104817665,1.0069774712018826,0.027800511537367862,0.0,0.0,356.9233992162876,False
1782910291.8736846,113.4404091835022,14.521993829095223,1.0069766488029435,0.027801225032548078,0.0,0.0,356.9211748719891,False
1782910291.9434645,113.51018905639648,14.522100080618307,1.006975980338523,0.027801338360400708,0.0,0.0,356.91923247087533,False
1782910292.0319915,113.5987160205841,14.522251220357973,1.0069750409766358,0.027800614766953433,0.0,0.0,356.91646488646694,False
1782910292.1141036,113.68082809448242,14.522418611223262,1.0069739216721894,0.027799304635806304,0.0,0.0,356.9134295746769,False
1782910292.1877558,113.75448036193848,14.52254158720804,1.006973025194979,0.02779870502030304,0.0,0.0,356.91122728130455,False
1782910292.2675807,113.83430528640747,14.522665000397636,1.0069720916827767,0.027798769942297057,0.0,0.0,356.9090300694203,False
1782910292.3582354,113.924959897995,14.522833541613322,1.0069708473233863,0.027799821429841564,0.0,0.0,356.9060175657639,False
1782910292.444708,114.01143264770508,14.522954290431807,1.0069700236576917,0.0278007621883945,0.0,0.0,356.9038319961707,False
1782910292.5256362,114.09236073493958,14.52314762853589,1.0069688096390028,0.02780131544499846,0.0,0.0,356.90029028305804,False
1782910292.6300817,114.19680619239807,14.52337067664301,1.00696736528817,0.02779997150939301,0.0,0.0,356.8962204316966,False
1782910292.707569,114.27429342269897,14.523521253484795,1.0069662752786455,0.02779891861533628,0.0,0.0,356.8935156922745,False
1782910292.788955,114.35567951202393,14.523642256505058,1.0069653593560561,0.02779866552774969,0.0,0.0,356.89135734534887,False
1782910292.861812,114.42853665351868,14.523777638012003,1.0069643534017683,0.027799190589198,0.0,0.0,356.8889353767748,False
1782910292.933234,114.49995851516724,14.523896435540413,1.006963528068803,0.02780011115459512,0.0,0.0,356.8867872279345,False
1782910293.008516,114.57524061203003,14.524071880588087,1.0069624129368657,0.0278012352980946,0.0,0.0,356.88357303566033,False
1782910293.0859294,114.65265393257141,14.52420266333079,1.0069615997310308,0.027801209357191083,0.0,0.0,356.88116979054894,False
1782910293.1885638,114.75528836250305,14.524363661566339,1.0069605206895547,0.02780017160710812,0.0,0.0,356.8782404048194,False
1782910293.2765296,114.84325408935547,14.524511613060533,1.006959432668338,0.02779905953268337,0.0,0.0,356.875584107793,True
1782910293.3925116,114.95923614501953,14.52470403180535,1.0069579843002419,0.027798780731709435,0.0,0.0,356.87214230055184,False
1782910293.4716742,115.03839874267578,14.524893197340264,1.0069566783324826,0.02780003214344327,0.0,0.0,356.86871224082313,False
1782910293.5498648,115.11658930778503,14.525022013537361,1.0069558701235435,0.027800991833299035,0.0,0.0,356.8663440821141,False
1782910293.6867037,115.2534282207489,14.5251932294794,1.0069547957009544,0.027801227984507727,0.0,0.0,356.86319614183856,False
1782910293.770781,115.33750557899475,14.525366244744905,1.0069535945469408,0.027800127224361964,0.0,0.0,356.86005776705576,False
1782910293.8661506,115.43287515640259,14.525540832578518,1.0069522801102146,0.027798891862796073,0.0,0.0,356.85692897116024,False
1782910293.9593823,115.52610683441162,14.525714158066927,1.0069510070237622,0.027798866430790915,0.0,0.0,356.85381078877765,False
1782910294.030529,115.5972535610199,14.525827881008134,1.0069502423140833,0.027799600768600437,0.0,0.0,356.8517369886844,False
1782910294.1338115,115.70053601264954,14.526010232515262,1.0069491057974638,0.027801009682723078,0.0,0.0,356.8483761375106,False
1782910294.2249608,115.7916853427887,14.526178688896858,1.0069480193430795,0.027801199562925448,0.0,0.0,356.84528462630203,False
1782910294.3050082,115.87173271179199,14.526306426019017,1.0069471099468368,0.02780043373533309,0.0,0.0,356.8429717411351,False
1782910294.373697,115.94042158126831,14.526420695562011,1.0069462492684023,0.02779950003227226,0.0,0.0,356.8409202554049,False
1782910294.4713435,116.03806805610657,14.526563117244825,1.0069451797204643,0.02779874236402673,0.0,0.0,356.8383624660756,False
1782910294.5660014,116.13272595405579,14.526703596443303,1.006944198064558,0.02779896758980844,0.0,0.0,356.8358111149615,False
1782910294.6485708,116.21529531478882,14.526869359976963,1.0069431488185494,0.027800233663771247,0.0,0.0,356.83275747640585,False
1782910294.7427247,116.30944919586182,14.527061996091993,1.0069419303038833,0.027801287817601206,0.0,0.0,356.8292076344787,False
1782910294.8154979,116.38222241401672,14.527187153933541,1.006941054613268,0.02780097654648818,0.0,0.0,356.8269319270936,False
1782910294.9041688,116.47089338302612,14.527313299224803,1.0069401099028585,0.02780004077499648,0.0,0.0,356.8246611453803,False
1782910294.9869475,116.5536720752716,14.527439314135597,1.006939158091867,0.02779908119156593,0.0,0.0,356.82239605168525,False
1782910295.0517173,116.61844182014465,14.527577691861664,1.0069381739359629,0.027798723218420824,0.0,0.0,356.8198853869668,False
1782910295.1198726,116.68659710884094,14.527686752664604,1.0069374638518336,0.027799168925652283,0.0,0.0,356.81788091288905,False
1782910295.192072,116.75879645347595,14.527781344285671,1.0069368786846589,0.02779992156806856,0.0,0.0,356.81613035582745,False
1782910295.2750032,116.84172773361206,14.527916363351098,1.0069360325348884,0.027800968510015196,0.0,0.0,356.81363545887825,False
1782910295.3476903,116.91441488265991,14.528052575453739,1.00693510164896,0.027801257280748743,0.0,0.0,356.81114660224034,False
1782910295.4154365,116.98216104507446,14.528162557847423,1.006934288047324,0.027800764818065753,0.0,0.0,356.8091595842909,False
1782910295.4902806,117.05700516700745,14.528259015342252,1.0069335547971545,0.02779999870887429,0.0,0.0,356.8074244094407,False
1782910295.6128774,117.1796019077301,14.528463578282908,1.0069320735063527,0.02779874729568389,0.0,0.0,356.8037168825664,False
1782910295.690101,117.25682544708252,14.52857069595123,1.0069313771352988,0.027798902653619034,0.0,0.0,356.8017446701256,False
1782910295.7851405,117.35186505317688,14.528729866335585,1.0069303938298468,0.027800080281101053,0.0,0.0,356.79879397253467,False
1782910295.8518276,117.41855216026306,14.528862996730888,1.0069295267009648,0.027801055331163015,0.0,0.0,356.79634213380456,False
1782910295.9136853,117.48040986061096,14.528957066039892,1.006928860181855,0.02780126943604586,0.0,0.0,356.7946290703541,False
1782910295.9872823,117.55400681495667,14.529065267117588,1.00692804961454,0.027800902048472215,0.0,0.0,356.7926747271805,False
1782910296.0659726,117.63269710540771,14.529186944037036,1.0069271278566072,0.027799957429576323,0.0,0.0,356.79048111450794,False
1782910296.136338,117.70306253433228,14.529294097878541,1.006926353229609,0.02779912198635198,0.0,0.0,356.7885354495755,False
1782910296.2007563,117.76748085021973,14.529426071613031,1.0069254793236202,0.027798742705323978,0.0,0.0,356.78610813870876,False
1782910296.269293,117.83601760864258,14.529530467046477,1.0069248333442355,0.027799159053028193,0.0,0.0,356.78417050367426,False
1782910296.3501055,117.91683006286621,14.529634704060163,1.0069241844607282,0.02780000514352372,0.0,0.0,356.7822370426571,False
1782910296.4312432,117.99796772003174,14.529739588972356,1.0069234877700182,0.027800846799096196,0.0,0.0,356.78030733710966,False
1782910296.5011027,118.06782722473145,14.529872007445812,1.0069225279568845,0.027801255161738155,0.0,0.0,356.777899886486,False
1782910296.5767298,118.1434543132782,14.530005037761367,1.0069215176046684,0.0278006835205819,0.0,0.0,356.7754984294317,False
1782910296.6942713,118.26099586486816,14.53015011716717,1.0069204581133278,0.02779947389491235,0.0,0.0,356.77286395325444,False
1782910296.7664547,118.33317923545837,14.530292681480063,1.0069195196794747,0.02779875687652332,0.0,0.0,356.7702358043107,False
1782910296.844565,118.41128945350647,14.530408024328052,1.0069188091271966,0.02779903570280063,0.0,0.0,356.7680907110647,False
1782910296.9387207,118.5054452419281,14.530510599290551,1.0069181626453445,0.027799817416887744,0.0,0.0,356.76618821535527,False
1782910297.0524173,118.6191418170929,14.530679032522448,1.0069169900524908,0.02780107938809761,0.0,0.0,356.7631039129876,False
1782910297.1491804,118.71590495109558,14.530809797905624,1.0069160017616599,0.027801154727229424,0.0,0.0,356.7607376265469,False
1782910297.2673542,118.83407878875732,14.531004457840591,1.0069145742158927,0.0277997645934809,0.0,0.0,356.75719945701104,False
1782910297.377412,118.94413661956787,14.531106450540674,1.0069139011975796,0.027799008623282582,0.0,0.0,356.7553171556434,False
1782910297.4746213,119.04134583473206,14.531295543422882,1.0069127308337786,0.027799070563012337,0.0,0.0,356.7517976277025,False
1782910297.579273,119.14599752426147,14.531473253641021,1.0069115342218533,0.02780052248360191,0.0,0.0,356.74852419387645,False
1782910297.6928918,119.25961637496948,14.53165314848242,1.0069101824871836,0.02780122374859608,0.0,0.0,356.74526092834725,False
1782910297.7741928,119.3409173488617,14.531781050151993,1.0069092326124247,0.027800602515390987,0.0,0.0,356.74293708099407,False
1782910297.8519351,119.41865968704224,14.531894530884836,1.0069084571616445,0.02779961856028807,0.0,0.0,356.74084994579283,False
1782910297.9362195,119.50294399261475,14.531994125165244,1.0069078294195022,0.027798932920602884,0.0,0.0,356.7389981069865,False
1782910298.0204842,119.58720874786377,14.532167649898668,1.006906748300386,0.027799105704033874,0.0,0.0,356.7357663307696,False
1782910298.1039343,119.670658826828,14.532305386848352,1.0069057964498402,0.027800235941271127,0.0,0.0,356.7332342370386,False
1782910298.220848,119.7875726222992,14.532469754231677,1.0069045570043973,0.027801205224047467,0.0,0.0,356.7302497142145,False
1782910298.299078,119.865802526474,14.532595554341485,1.006903623032482,0.027800914873597194,0.0,0.0,356.7279604967433,False
1782910298.3873546,119.95407915115356,14.532719470690948,1.006902781646237,0.027799911717044417,0.0,0.0,356.72567616585275,False
1782910298.5005229,120.06724739074707,14.532878235305425,1.0069017969338945,0.02779883605553561,0.0,0.0,356.722714135656,False
1782910298.595689,120.16241359710693,14.533049579182148,1.0069006843064248,0.02779931333119579,0.0,0.0,356.71953466266433,False
1782910298.662039,120.22876358032227,14.53314864935852,1.0068999681626418,0.027800163034823473,0.0,0.0,356.717721958959,False
1782910298.7448525,120.3115770816803,14.533260690338066,1.0068991175357436,0.027800995580068384,0.0,0.0,356.7156866384232,False
1782910298.8165903,120.38331484794617,14.533384595785774,1.0068981923821974,0.02780116028243393,0.0,0.0,356.7134304874478,False
1782910298.8969111,120.46363568305969,14.533482449421093,1.0068975148089598,0.02780062013305481,0.0,0.0,356.7116290627588,False
1782910298.9801056,120.54683017730713,14.533603104769607,1.006896749609362,0.02779955092525237,0.0,0.0,356.7093814677906,False
1782910299.0743515,120.64107608795166,14.533723016477097,1.0068960112074776,0.02779883456540098,0.0,0.0,356.7071393044776,False
1782910299.2000494,120.76677393913269,14.533867979617193,1.0068950424739906,0.02779917675521739,0.0,0.0,356.7044554336926,False
1782910299.2873719,120.85409641265869,14.534039210175857,1.0068937635517958,0.02780061342088036,0.0,0.0,356.70133274687447,False
1782910299.36718,120.93390464782715,14.534221704525542,1.0068924185307364,0.02780113824626834,0.0,0.0,356.6979985064079,False
1782910299.452025,121.01874947547913,14.534364792990083,1.006891487113114,0.027800164810265034,0.0,0.0,356.695338549239,False
1782910299.5360694,121.10279393196106,14.534459241317869,1.006890908490066,0.02779932617318124,0.0,0.0,356.6935692871667,False
1782910299.6147814,121.18150591850281,14.534577591526194,1.0068901543278415,0.02779880124775929,0.0,0.0,356.69136245808727,False
1782910299.7111835,121.27790808677673,14.534697198434475,1.0068893121255884,0.02779921261399912,0.0,0.0,356.68916011744875,False
1782910299.8113718,121.37809634208679,14.534853922547825,1.0068881243221042,0.027800546492484698,0.0,0.0,356.6863042270349,False
1782910299.8957474,121.4624719619751,14.534973661084289,1.0068872424042152,0.027801176489836377,0.0,0.0,356.68411334794786,False
1782910299.976483,121.54320764541626,14.53506813247612,1.0068866034906447,0.027801018406267752,0.0,0.0,356.68236381579993,False
1782910300.0567255,121.62345004081726,14.535196392912374,1.0068858048891858,0.02780001591598907,0.0,0.0,356.67996300266924,False
1782910300.130303,121.69702744483948,14.535301046507072,1.0068851545195394,0.027799136108824143,0.0,0.0,356.67800337959534,False
1782910300.2094567,121.7761812210083,14.535371226376409,1.006884690206053,0.027798835070764114,0.0,0.0,356.6766991059821,True
1782910300.2907014,121.85742592811584,14.535489268135912,1.006883842012836,0.02779909307137403,0.0,0.0,356.6745286723446,False
1782910300.3642912,121.93101572990417,14.535619886767044,1.0068828479397776,0.02780016609906046,0.0,0.0,356.67214670678044,False
1782910300.4389234,122.00564789772034,14.535726062529443,1.0068820630574185,0.027800975203466034,0.0,0.0,356.67020237696187,False
1782910300.545591,122.11231565475464,14.535842333434193,1.0068812774518,0.02780112975755383,0.0,0.0,356.66804608555924,False
1782910300.6461165,122.21284103393555,14.535957088191843,1.0068805662221507,0.02780040273629458,0.0,0.0,356.6658942722892,False
1782910300.719312,122.28603649139404,14.536071650361023,1.0068798515227324,0.027799363240095642,0.0,0.0,356.6637475122089,False
1782910300.8094814,122.3762059211731,14.536210551084801,1.0068788911377786,0.02779882408892752,0.0,0.0,356.66117721263225,False
1782910300.9138541,122.48057866096497,14.536362521269144,1.0068777407118341,0.027799668436137435,0.0,0.0,356.6583999213208,False
1782910300.9966707,122.56339526176453,14.536467208916228,1.0068769618482416,0.02780060462742207,0.0,0.0,356.65648206754645,False
1782910301.0728807,122.63960528373718,14.536570512567259,1.0068762534980364,0.027801151659775314,0.0,0.0,356.6545676486316,False
1782910301.1780515,122.7447760105133,14.53666118859289,1.0068756820573803,0.027801018166949003,0.0,0.0,356.6528687801954,False
1782910301.2503326,122.81705713272095,14.536773933166499,1.0068749902857617,0.0278001538976758,0.0,0.0,356.65074956953254,False
1782910301.3314972,122.89822173118591,14.536898745002059,1.0068741661736837,0.02779909918578556,0.0,0.0,356.64842376078815,False
1782910301.3975978,122.9643223285675,14.537013518395034,1.0068733253843127,0.027798856422263686,0.0,0.0,356.6463136319822,False
1782910301.4777188,123.04444336891174,14.537128714691416,1.0068724464301984,0.02779950620843241,0.0,0.0,356.6442081576438,False
1782910301.5483222,123.11504673957825,14.537220211535852,1.00687177289894,0.02780034192003551,0.0,0.0,356.64252718668024,False
1782910301.6216245,123.18834900856018,14.537299353881872,1.0068712308685155,0.02780094183894272,0.0,0.0,356.6410584596842,False
1782910301.7063713,123.27309584617615,14.537399912115955,1.0068705949940702,0.02780114617763766,0.0,0.0,356.6391730157396,False
1782910301.7811623,123.34788680076599,14.537522122743523,1.0068698436903534,0.027800425376122512,0.0,0.0,356.6368737646608,False
1782910301.8452408,123.41196537017822,14.537611512932038,1.0068692565981017,0.02779959102431973,0.0,0.0,356.6352050038273,False
1782910301.921083,123.48780751228333,14.537690411020598,1.0068686953912116,0.027799020983017585,0.0,0.0,356.6337468672932,False
1782910302.0011935,123.56791806221008,14.537803879994128,1.0068678375837763,0.027798905585215847,0.0,0.0,356.6316674087803,False
1782910302.0715227,123.63824725151062,14.537905787404037,1.006867067302217,0.02779954450516603,0.0,0.0,356.6297999323569,False
1782910302.1402829,123.70700740814209,14.538006526740032,1.0068663559792201,0.027800473854834726,0.0,0.0,356.6279358863632,False
1782910302.226885,123.79360961914062,14.538083888223813,1.0068658543241,0.02780101212212874,0.0,0.0,356.62648820938574,False
1782910302.3048801,123.87160468101501,14.538204412332279,1.0068651148996697,0.02780101747095982,0.0,0.0,356.62421764680795,False
1782910302.3743508,123.9410753250122,14.538303209415878,1.0068644867516545,0.027800285571523326,0.0,0.0,356.6223640410447,False
1782910302.443513,124.01023745536804,14.538391826060934,1.006863871922594,0.02779946350205899,0.0,0.0,356.6207190574653,False
1782910302.5303009,124.0970253944397,14.53849235559147,1.006863120513082,0.027798885597569645,0.0,0.0,356.61887145340484,False
1782910302.6044276,124.17115211486816,14.538615253261263,1.0068621864527982,0.027799150505166147,0.0,0.0,356.6166182682634,False
1782910302.6764116,124.24313616752625,14.538703703680566,1.0068615529998937,0.027799889608090503,0.0,0.0,356.6149828327109,False
1782910302.7533994,124.32012391090393,14.538791031359724,1.0068609784231715,0.027800683963449955,0.0,0.0,356.6133497711061,False
1782910302.825183,124.39190745353699,14.538877527984992,1.0068604452453145,0.027801126582812082,0.0,0.0,356.6117193454814,False
1782910302.907895,124.4746196269989,14.538985515730237,1.0068597750509514,0.027800868853045228,0.0,0.0,356.6096854015812,False
1782910302.9953244,124.56204891204834,14.539105430223296,1.0068589554534975,0.027799829528694264,0.0,0.0,356.6074526817968,False
1782910303.086703,124.6534276008606,14.539226605690578,1.0068580449913938,0.02779895123315672,0.0,0.0,356.60522462325355,False
1782910303.1592672,124.72599172592163,14.539325674019572,1.0068572932972921,0.02779894955048571,0.0,0.0,356.60340566560075,False
1782910303.2353506,124.80207514762878,14.539380289011332,1.006856896678881,0.027799259190180264,0.0,0.0,356.60239660067896,False
1782910303.3203025,124.88702702522278,14.539509621669554,1.006856036624467,0.027800438861274264,0.0,0.0,356.59997855746605,False
1782910303.395628,124.96235251426697,14.539605464536935,1.006855449163229,0.02780107128374734,0.0,0.0,356.5981688287598,False
1782910303.4798691,125.04659366607666,14.53970135769521,1.0068548485255222,0.027801016318649657,0.0,0.0,356.59636266504003,False
1782910303.5633225,125.130047082901,14.539798100763031,1.0068541866837608,0.02780031054828491,0.0,0.0,356.5945595982583,False
1782910303.6389575,125.20568203926086,14.539884874155772,1.0068535430395906,0.02779949851660232,0.0,0.0,356.59295935290226,False
1782910303.7187579,125.28548240661621,14.539993587060264,1.006852712524349,0.027798885351376666,0.0,0.0,356.5909628722632,False
1782910303.8117816,125.37850618362427,14.540165164782875,1.006851500385117,0.027799658444315596,0.0,0.0,356.587776882742,False
1782910303.9043062,125.47103071212769,14.540280942666666,1.0068507803834528,0.027800731538123732,0.0,0.0,356.5855920464717,False
1782910303.9999177,125.56664228439331,14.540375411497239,1.0068501959703138,0.027801131571354283,0.0,0.0,356.58380830452995,False
1782910304.1015027,125.66822719573975,14.540502559204104,1.0068493297110372,0.027800560340159153,0.0,0.0,356.581434775806,False
1782910304.232351,125.79907560348511,14.540631117475312,1.0068483607304104,0.027799380644328405,0.0,0.0,356.5790665524508,False
1782910304.3648565,125.93158102035522,14.540822459906131,1.006846964752296,0.027799106993515066,0.0,0.0,356.57552523750593,False
1782910304.44097,126.00769448280334,14.540936994830634,1.006846237512118,0.027800104597185467,0.0,0.0,356.5733668455188,False
1782910304.551757,126.11848163604736,14.5410612142788,1.0068454720123114,0.02780104494078447,0.0,0.0,356.57101788718023,False
1782910304.6510131,126.21773767471313,14.541155115111309,1.006844842205202,0.02780101473795348,0.0,0.0,356.56925978207346,False
1782910304.75016,126.31688451766968,14.541271114922337,1.0068439846720534,0.027800133956645028,0.0,0.0,356.5671148003396,False
1782910304.873454,126.4401786327362,14.541450209376501,1.0068426415546001,0.027798889491466965,0.0,0.0,356.5638093634199,False
1782910304.9404497,126.50717425346375,14.541543413766059,1.006842014334086,0.02779913612659245,0.0,0.0,356.5620636448058,False
1782910305.0157387,126.58246326446533,14.541645740204158,1.0068413814366532,0.02780003793224567,0.0,0.0,356.56012740418385,False
1782910305.089363,126.65608763694763,14.541727426602753,1.006840877592391,0.027800774798081827,0.0,0.0,356.55858135291095,False
1782910305.1976435,126.76436805725098,14.541809635873282,1.0068403347012262,0.027801113562747247,0.0,0.0,356.5570376887962,False
1782910305.2847924,126.85151696205139,14.541944755074622,1.0068393436527516,0.02780048827655434,0.0,0.0,356.5545338390959,False
1782910305.356334,126.92305850982666,14.54205940509926,1.0068384700336634,0.027799414481364172,0.0,0.0,356.55242032961814,False
1782910305.4295554,126.99627995491028,14.54215221578496,1.0068378051352547,0.027798908045570486,0.0,0.0,356.55069446915434,False
1782910305.5017786,127.0685031414032,14.542233625228407,1.006837272650201,0.0277990457313647,0.0,0.0,356.5491625978964,False
1782910305.5803432,127.14706778526306,14.542324375804935,1.0068367160082354,0.027799770394335444,0.0,0.0,356.54744205882446,False
1782910305.6656196,127.23234415054321,14.542425248216686,1.0068360848011422,0.02780072080874768,0.0,0.0,356.54553411082145,False
1782910305.757899,127.32462358474731,14.542506656058588,1.0068355285685386,0.02780109910738693,0.0,0.0,356.54401024573093,False
1782910305.8877938,127.45451831817627,14.542701986062129,1.006834056709293,0.027799959252635106,0.0,0.0,356.54040003862923,False
1782910305.958489,127.52521347999573,14.542793816463055,1.0068333871755044,0.027799161733231277,0.0,0.0,356.53869470465776,False
1782910306.041818,127.60854244232178,14.542894373567883,1.0068327227541876,0.027798918756355234,0.0,0.0,356.5368029579789,False
1782910306.1266315,127.69335603713989,14.542993854948438,1.0068321133132387,0.027799519759466193,0.0,0.0,356.53491478415464,False
1782910306.2624671,127.8291916847229,14.543093476092144,1.006831484768751,0.02780049416088438,0.0,0.0,356.53303044443777,False
1782910306.351676,127.91840052604675,14.543204277266184,1.0068307063364428,0.02780109552517268,0.0,0.0,356.53096146828045,False
1782910306.436353,128.00307750701904,14.543316018457364,1.006829856613862,0.02780067682624304,0.0,0.0,356.52889665998,False
1782910306.5056329,128.07235741615295,14.543417133163029,1.00682910064208,0.027799725698476843,0.0,0.0,356.52702354416255,False
1782910306.5997343,128.16645884513855,14.543516820251483,1.0068284208903664,0.027798990486098244,0.0,0.0,356.52515370294844,False
1782910306.6826813,128.24940586090088,14.543605398589733,1.006827869894505,0.027798999089931817,0.0,0.0,356.52347366252957,False
1782910306.7625723,128.32929682731628,14.5437035243019,1.0068272660285598,0.027799745090240777,0.0,0.0,356.521610532875,False
1782910306.8380854,128.40480995178223,14.543802441215012,1.006826603287982,0.027800688458500075,0.0,0.0,356.51975083913413,False
1782910306.9345067,128.50123119354248,14.543902430763175,1.006825863839017,0.027801092873831874,0.0,0.0,356.5178942831961,False
1782910307.0143657,128.5810902118683,14.544002673774983,1.0068250974560229,0.027800643879286758,0.0,0.0,356.5160413639627,True
1782910307.1045861,128.67131066322327,14.54412164061362,1.0068242442375166,0.027799508063141756,0.0,0.0,356.5138224777614,False
1782910307.2139943,128.78071880340576,14.54419003698629,1.0068238008862136,0.02779902432809955,0.0,0.0,356.5125301680069,False
1782910307.3156297,128.88235425949097,14.544286952774222,1.0068232077177433,0.02779902089328393,0.0,0.0,356.5106869692769,False
1782910307.4072,128.97392463684082,14.544423145211567,1.0068223292336842,0.02780017721729627,0.0,0.0,356.5081124882738,False
1782910307.499571,129.0662956237793,14.544511795403512,1.006821686185947,0.027800906848438823,0.0,0.0,356.5064606589733,False
1782910307.589629,129.15635347366333,14.544610809772266,1.006820929503437,0.02780102617567498,0.0,0.0,356.50462854898245,False
1782910307.6800523,129.24677681922913,14.544728721733108,1.0068200624044488,0.027800151734672568,0.0,0.0,356.5024346959939,False
1782910307.7582722,129.3249967098236,14.544815787843563,1.0068194862300472,0.027799316066987115,0.0,0.0,356.50079218363516,False
1782910307.8469,129.4136245250702,14.54491152036618,1.006818898714082,0.027798918275150773,0.0,0.0,356.49897030708985,False
1782910307.941378,129.50810265541077,14.545016940881608,1.0068182343138388,0.02779944782885895,0.0,0.0,356.4969703550367,False
1782910308.0341144,129.60083889961243,14.545133336506757,1.0068174099066518,0.027800575603880294,0.0,0.0,356.4947928169166,False
1782910308.130252,129.69697642326355,14.545221321437923,1.006816738975501,0.02780106042824799,0.0,0.0,356.493162711806,False
1782910308.2219856,129.7887101173401,14.545289582480418,1.0068162215051673,0.027800967907549348,0.0,0.0,356.4918968571812,False
1782910308.3051054,129.87182998657227,14.545405170823313,1.0068154104067821,0.02780001771797525,0.0,0.0,356.48973041797905,False
1782910308.414866,129.98159050941467,14.545537759026821,1.0068145859052235,0.02779897456431801,0.0,0.0,356.48720850437775,False
1782910308.5170488,130.0837733745575,14.54566091854999,1.0068138013157917,0.027799319058651767,0.0,0.0,356.4848727403739,False
1782910308.6102715,130.17699599266052,14.545756827774182,1.0068131141345873,0.0278002431196674,0.0,0.0,356.4830794101358,False
1782910308.6832771,130.25000166893005,14.545853368162492,1.0068123773033828,0.02780097572869656,0.0,0.0,356.4812892866268,False
1782910308.7630124,130.3297369480133,14.545958934659826,1.0068115930388746,0.027800895717977996,0.0,0.0,356.4793241004589,False
1782910308.8549135,130.42163801193237,14.546053459879683,1.0068109585381695,0.027800080757154007,0.0,0.0,356.477540653889,False
1782910308.9331117,130.49983620643616,14.54612823036935,1.0068104966602283,0.02779934741525474,0.0,0.0,356.47611609478236,False
1782910309.012914,130.57963848114014,14.546212172087479,1.0068099809812558,0.027798936303170693,0.0,0.0,356.4745161013776,False
1782910309.0983703,130.6650948524475,14.546306150559452,1.0068093553324011,0.02779927591442933,0.0,0.0,356.47274131103967,False
1782910309.2254438,130.79216837882996,14.546420243477865,1.0068085097545847,0.027800368007408406,0.0,0.0,356.470615360201,False
1782910309.312176,130.8789005279541,14.546534438206715,1.006807642552082,0.027801056956466307,0.0,0.0,356.4684941862881,False
1782910309.4094412,130.97616577148438,14.54667479836335,1.0068066853526016,0.027800332123227228,0.0,0.0,356.46584881780336,False
1782910309.4939194,131.0606439113617,14.546757799813925,1.0068061762604315,0.027799485137256733,0.0,0.0,356.46426483663964,False
1782910309.5893562,131.15608072280884,14.546850051636007,1.0068056005369148,0.02779895061823743,0.0,0.0,356.46250803402506,False
1782910309.6622615,131.22898602485657,14.546943222231288,1.0068049587043157,0.02779923580691214,0.0,0.0,356.4607541484683,False
1782910309.7453213,131.3120458126068,14.547046715828305,1.0068041787714415,0.02780021238720678,0.0,0.0,356.45882821679317,False
1782910309.8156352,131.3823597431183,14.547112568587211,1.0068036762598829,0.027800789983224005,0.0,0.0,356.4576047065064,False
1782910309.885412,131.45213651657104,14.547187234338962,1.0068031326316682,0.02780105760435943,0.0,0.0,356.45620827669177,False
1782910309.97393,131.54065442085266,14.54728843927278,1.0068024656649168,0.027800561132133132,0.0,0.0,356.4542910459131,False
1782910310.0538971,131.62062168121338,14.547361296072527,1.0068020201940215,0.02779981895348004,0.0,0.0,356.45289899133047,False
1782910310.191836,131.75856065750122,14.54746159987499,1.0068013909286448,0.02779902515702248,0.0,0.0,356.45098831688756,False
1782910310.2576778,131.8244023323059,14.547526004622927,1.0068009491619108,0.027798978524407002,0.0,0.0,356.4497742290063,False
1782910310.3253756,131.8921000957489,14.54760951780361,1.0068003303023259,0.02779949702930716,0.0,0.0,356.44821523078525,False
1782910310.3962486,131.96297311782837,14.547711816277769,1.0067995485882775,0.02780051257904663,0.0,0.0,356.4463132717992,False
1782910310.4685202,132.03524470329285,14.5477947332675,1.0067989484401456,0.027801021497367684,0.0,0.0,356.44475988692096,False
1782910310.5421104,132.10883498191833,14.547867489015527,1.0067984674655317,0.027800924744787243,0.0,0.0,356.4433809091004,False
1782910310.611129,132.17785358428955,14.547939564769525,1.006798023171338,0.027800354414415102,0.0,0.0,356.44200378795745,False
1782910310.689246,132.25597047805786,14.548029538498595,1.0067974678072498,0.027799433324056537,0.0,0.0,356.4402852749037,False
1782910310.7616782,132.32840275764465,14.548102063041842,1.0067969834149773,0.027798989411242276,0.0,0.0,356.43891255775856,False
1782910310.8413517,132.40807628631592,14.548175258810423,1.0067964513595538,0.027799063855988165,0.0,0.0,356.4375415173382,False
1782910310.9232965,132.4900209903717,14.54826721481094,1.00679574869697,0.027799801481532552,0.0,0.0,356.4358304027798,False
1782910311.0400784,132.60680294036865,14.548394866029293,1.006794815865381,0.027800926606409603,0.0,0.0,356.4334399812319,False
1782910311.126929,132.6936535835266,14.548493380249015,1.0067941812474674,0.02780090240575654,0.0,0.0,356.4315654651069,False
1782910311.2266417,132.79336619377136,14.54854669839391,1.0067938567702366,0.02780049562914677,0.0,0.0,356.43054451642865,False
1782910311.3258612,132.89258575439453,14.548653612393522,1.006793181671319,0.02779940875206377,0.0,0.0,356.4285059515759,False
1782910311.4480581,133.01478266716003,14.54878004445404,1.0067922722222273,0.027799010102706537,0.0,0.0,356.4261324928141,False
1782910311.555777,133.1225016117096,14.548889020815595,1.0067914398809739,0.027799835897580737,0.0,0.0,356.42410266839,False
1782910311.6593637,133.22608828544617,14.549023321836241,1.006790499717755,0.02780097299887705,0.0,0.0,356.42157115212126,False
1782910311.7436845,133.31040906906128,14.549120165908475,1.0067899003753067,0.027800825401924682,0.0,0.0,356.4197185488913,False
1782910311.850806,133.4175305366516,14.549225772132694,1.0067892380437073,0.027799816481017474,0.0,0.0,356.4177017029389,False
1782910311.940496,133.5072205066681,14.549314765517805,1.006788615163715,0.027799080587390654,0.0,0.0,356.4160239064893,False
1782910312.0128522,133.57957673072815,14.549395543240509,1.006788004040541,0.027799027089717838,0.0,0.0,356.4145161772501,False
1782910312.121628,133.68835258483887,14.549440441829304,1.0067876597896268,0.027799282660764882,0.0,0.0,356.4136796119009,False
1782910312.251243,133.81796765327454,14.54953847347056,1.0067869406059047,0.027800245523403412,0.0,0.0,356.41184171084967,False
1782910312.322184,133.88890862464905,14.549704432654377,1.0067858839186878,0.027800946356163956,0.0,0.0,356.40867457362504,False
1782910312.3834078,133.95013236999512,14.549800157043205,1.0067852812761238,0.027800159687900245,0.0,0.0,356.40684575133434,False
1782910312.4569979,134.02372241020203,14.549888140219831,1.0067846646511542,0.02779929122298334,0.0,0.0,356.4051858815758,False
1782910312.544242,134.1109664440155,14.549950227210045,1.0067841965117665,0.02779898634623563,0.0,0.0,356.4040255132561,False
1782910312.6253068,134.1920313835144,14.550038933471459,1.0067835191349506,0.027799244484668955,0.0,0.0,356.4023703587728,False
1782910312.717309,134.284033536911,14.55014412271414,1.0067827728806593,0.02780027620978768,0.0,0.0,356.4003877778994,False
1782910312.793141,134.3598654270172,14.550221828955213,1.0067822793411494,0.02780091239164482,0.0,0.0,356.39890318711247,False
1782910312.8717468,134.43847131729126,14.550299065342278,1.0067818088196188,0.027800963098095433,0.0,0.0,356.3974209102424,False
1782910312.9518795,134.51860404014587,14.550376619719492,1.006781312071495,0.027800396774405864,0.0,0.0,356.3959409360023,False
1782910313.0209603,134.58768486976624,14.550463715092604,1.0067806944646842,0.027799493825737983,0.0,0.0,356.3942988492209,False
1782910313.092631,134.65935564041138,14.550533915759303,1.0067801611992755,0.027799029736319373,0.0,0.0,356.3929870530672,False
1782910313.1640153,134.73073983192444,14.550595302607237,1.0067796922309604,0.027799029844461375,0.0,0.0,356.3918407639239,False
1782910313.2561224,134.82284688949585,14.550708028172883,1.006778889788376,0.027799937466869085,0.0,0.0,356.38971539632433,False
1782910313.3282025,134.8949270248413,14.550776349427174,1.006778454642623,0.027800634193869724,0.0,0.0,356.3884095140305,False
1782910313.4583378,135.02506232261658,14.550827279826589,1.006778144462233,0.027800957473161844,0.0,0.0,356.387431256963,False
